x,time,contrast,delta_density,lo,hi
0,24 h,Dox-only,-0.00152886672698931,-0.00270392754459466,-0.000322807247414222
0,24 h,Tam-only,0.000484253695034203,-0.000745434364060775,0.0017137912949585
0,4 h,Dox-only,0.00129088129479582,0.000133659074187639,0.00252486494225876
0,4 h,Tam-only,0.000783436586912992,-0.000351204296770461,0.00190818858407415
0.0410958904109589,24 h,Dox-only,-0.00157348745612236,-0.00275626102782244,-0.000348607578203817
0.0410958904109589,24 h,Tam-only,0.000536837723928995,-0.00068648196481811,0.00178651116366498
0.0410958904109589,4 h,Dox-only,0.00127262213198773,0.00010400982296278,0.00251276415532253
0.0410958904109589,4 h,Tam-only,0.000843463545584684,-0.000308234237740301,0.00198870711526987
0.0821917808219178,24 h,Dox-only,-0.00160941333413845,-0.00279297367636011,-0.00038333237665157
0.0821917808219178,24 h,Tam-only,0.000600557419551952,-0.000627858888278501,0.00186666968766962
0.0821917808219178,4 h,Dox-only,0.0012401636452303,7.39087607307138e-05,0.00248921962961755
0.0821917808219178,4 h,Tam-only,0.00090089627372782,-0.000286176744717636,0.0020768532722527
0.123287671232877,24 h,Dox-only,-0.00163706493287832,-0.00283353799405349,-0.000408203930992251
0.123287671232877,24 h,Tam-only,0.000674884232967261,-0.00056250280934428,0.00193893961602012
0.123287671232877,4 h,Dox-only,0.00119600934149982,2.16498409652421e-05,0.0024415007411952
0.123287671232877,4 h,Tam-only,0.000954722781760431,-0.000250709409323658,0.00215349710237056
0.164383561643836,24 h,Dox-only,-0.00165652263499664,-0.00284619925680599,-0.000438237918798407
0.164383561643836,24 h,Tam-only,0.000758665107386277,-0.000502141661360761,0.00202743444103853
0.164383561643836,4 h,Dox-only,0.00114057952566348,-5.64463334924835e-05,0.00241388461065509
0.164383561643836,4 h,Tam-only,0.00100381770657622,-0.00022878552527274,0.00221236938438242
0.205479452054795,24 h,Dox-only,-0.00166762769675959,-0.00286494232287446,-0.000442221490529272
0.205479452054795,24 h,Tam-only,0.000852185635322482,-0.000415712354874819,0.00212954776687658
0.205479452054795,4 h,Dox-only,0.00107432697932552,-0.000150718086487486,0.00237527997633468
0.205479452054795,4 h,Tam-only,0.00104707425071266,-0.000213148504659382,0.00227142159392014
0.246575342465753,24 h,Dox-only,-0.00167028665888176,-0.00287456859423385,-0.000438775581742704
0.246575342465753,24 h,Tam-only,0.000956656883412154,-0.000330364780408664,0.00226144704419607
0.246575342465753,4 h,Dox-only,0.000997772509818314,-0.000247508514544764,0.00231870199908796
0.246575342465753,4 h,Tam-only,0.00108343140299729,-0.000198535492291721,0.00232904234402012
0.287671232876712,24 h,Dox-only,-0.00166447195882068,-0.00288394501146111,-0.00042230239631763
0.287671232876712,24 h,Tam-only,0.00107381201429519,-0.000244759374485916,0.00239762026024252
0.287671232876712,4 h,Dox-only,0.000911488079306806,-0.000367117153693679,0.00225959449123827
0.287671232876712,4 h,Tam-only,0.00111190216483286,-0.000205072435347787,0.00238894318678271
0.328767123287671,24 h,Dox-only,-0.0016502242900424,-0.00291972349749513,-0.000381925781839571
0.328767123287671,24 h,Tam-only,0.00120361686231872,-0.000153985279497924,0.00254570515571998
0.328767123287671,4 h,Dox-only,0.000813698985642503,-0.000501221917597729,0.00218812684256915
0.328767123287671,4 h,Tam-only,0.00112955526043479,-0.000229431281665043,0.00243953421785062
0.36986301369863,24 h,Dox-only,-0.00162725494011686,-0.00293902567568903,-0.000342780004441441
0.36986301369863,24 h,Tam-only,0.0013447889509685,-3.77861457205096e-05,0.00271857493705465
0.36986301369863,4 h,Dox-only,0.000707854598166517,-0.000639935180127164,0.00212780354095034
0.36986301369863,4 h,Tam-only,0.00113730497682044,-0.000232196349469368,0.00247728601816906
0.410958904109589,24 h,Dox-only,-0.00159527520689771,-0.00292745215169748,-0.00028528198916734
0.410958904109589,24 h,Tam-only,0.00149542050614962,6.81981015880411e-05,0.00289387969245849
0.410958904109589,4 h,Dox-only,0.000594596586034248,-0.00077542296622245,0.00203375730090469
0.410958904109589,4 h,Tam-only,0.00113494264751683,-0.000270231587733311,0.00249121971302894
0.452054794520548,24 h,Dox-only,-0.00155574111097995,-0.00291015006833335,-0.000225838922423736
0.452054794520548,24 h,Tam-only,0.00165540184437725,0.000192381439878975,0.00308357960212554
0.452054794520548,4 h,Dox-only,0.000474634841068883,-0.000944672751284348,0.00195417729600649
0.452054794520548,4 h,Tam-only,0.00112232367260066,-0.000327563170025079,0.00250495423580595
0.493150684931507,24 h,Dox-only,-0.0015091975852577,-0.00291087176582334,-0.000135460991248872
0.493150684931507,24 h,Tam-only,0.00182397779420925,0.000330830399830629,0.00327870476174258
0.493150684931507,4 h,Dox-only,0.000348702596255787,-0.00109753453468289,0.00188931813373377
0.493150684931507,4 h,Tam-only,0.00109951571580382,-0.000393956096198953,0.0025332221300542
0.534246575342466,24 h,Dox-only,-0.00145634255473877,-0.00290197246655582,-4.66316161450463e-05
0.534246575342466,24 h,Tam-only,0.00200480557260617,0.000484280587562281,0.00348834057039129
0.534246575342466,4 h,Dox-only,0.000217568409863068,-0.00130960245574201,0.0017724142430669
0.534246575342466,4 h,Tam-only,0.00106679766392283,-0.000459274854002519,0.00256492470660065
0.575342465753425,24 h,Dox-only,-0.00139803831149681,-0.0029000599155069,5.48873679718909e-05
0.575342465753425,24 h,Tam-only,0.00219540538407442,0.00063392852624762,0.00370563071096119
0.575342465753425,4 h,Dox-only,8.20493180959357e-05,-0.00146703746563029,0.00165774312451717
0.575342465753425,4 h,Tam-only,0.0010246539807933,-0.000541127299595051,0.00259384336712404
0.616438356164384,24 h,Dox-only,-0.00133532024436487,-0.00287338346632908,0.000168096434802152
0.616438356164384,24 h,Tam-only,0.00239152179045644,0.000788931411713883,0.00393683583758979
0.616438356164384,4 h,Dox-only,-6.07307514739336e-05,-0.00166583138623673,0.00153533381597021
0.616438356164384,4 h,Tam-only,0.000970553524348886,-0.000633831325305008,0.0025756698630793
0.657534246575342,24 h,Dox-only,-0.00127025304397806,-0.00286929418865062,0.000283701519805583
0.657534246575342,24 h,Tam-only,0.00258714954355483,0.000937465194892462,0.00418003682128967
0.657534246575342,4 h,Dox-only,-0.00020238350664371,-0.00181838137347498,0.00144590071131271
0.657534246575342,4 h,Tam-only,0.000910602094556435,-0.000736621183053744,0.00257923282539195
0.698630136986301,24 h,Dox-only,-0.00120293139553864,-0.00285073328867834,0.000411195461669401
0.698630136986301,24 h,Tam-only,0.00277880446580001,0.00111693216093912,0.00441871368307153
0.698630136986301,4 h,Dox-only,-0.000344766810169088,-0.00200881520790939,0.00133457115119137
0.698630136986301,4 h,Tam-only,0.000844439133553095,-0.00084358373715961,0.00252635022572164
0.73972602739726,24 h,Dox-only,-0.00113626014311893,-0.00283771746861059,0.000520511636659403
0.73972602739726,24 h,Tam-only,0.00296796384593201,0.00128341472784253,0.00464978247196205
0.73972602739726,4 h,Dox-only,-0.000486618026168149,-0.00219120600482895,0.00123527280735774
0.73972602739726,4 h,Tam-only,0.000773187206115175,-0.000949554474163637,0.0024906530753034
0.780821917808219,24 h,Dox-only,-0.00107202082560653,-0.00279656856662962,0.000633377016168411
0.780821917808219,24 h,Tam-only,0.00315240323802929,0.00141894950271214,0.00485094016502898
0.780821917808219,4 h,Dox-only,-0.000626568495657131,-0.00235186085679478,0.0011198095614796
0.780821917808219,4 h,Tam-only,0.000697974790377969,-0.00104661076695742,0.00246071909267705
0.821917808219178,24 h,Dox-only,-0.0010120479714614,-0.00278012292177594,0.000731882427486339
0.821917808219178,24 h,Tam-only,0.00333544975147502,0.00157227898256132,0.00504166278252372
0.821917808219178,4 h,Dox-only,-0.000763149989424231,-0.00251426640392432,0.00101117979715005
0.821917808219178,4 h,Tam-only,0.000619901015510658,-0.00115375187730521,0.00242624895732132
0.863013698630137,24 h,Dox-only,-0.000958181250116659,-0.00276560487489884,0.000818600556511167
0.863013698630137,24 h,Tam-only,0.00351130790148058,0.00172627096441733,0.00521859693695268
0.863013698630137,4 h,Dox-only,-0.000894805052411667,-0.00267875655230101,0.000889039989010419
0.863013698630137,4 h,Tam-only,0.000540001850152207,-0.00124370761942706,0.00233405773142811
0.904109589041096,24 h,Dox-only,-0.000912213301752392,-0.00275967054929507,0.000905792755788254
0.904109589041096,24 h,Tam-only,0.00367514784692323,0.00183445221954978,0.00538312782180269
0.904109589041096,4 h,Dox-only,-0.00102205885967976,-0.00283342399174352,0.00081107449331955
0.904109589041096,4 h,Tam-only,0.000457170038265072,-0.00136651127065458,0.00229809820383565
0.945205479452055,24 h,Dox-only,-0.000877717474520021,-0.00277680470127797,0.000959462214026995
0.945205479452055,24 h,Tam-only,0.00382040855867355,0.00196063148868625,0.0055658261738259
0.945205479452055,4 h,Dox-only,-0.00113611477529263,-0.00299073360640428,0.000730707864375914
0.945205479452055,4 h,Tam-only,0.000376838356023805,-0.00147851918450674,0.00223996704033649
0.986301369863014,24 h,Dox-only,-0.000855006400007942,-0.00277858773440583,0.000988877694517964
0.986301369863014,24 h,Tam-only,0.00394393292483229,0.00207617587315116,0.00572524456066446
0.986301369863014,4 h,Dox-only,-0.00123932767574941,-0.00310376494921628,0.00065563350612784
0.986301369863014,4 h,Tam-only,0.000297278673164689,-0.00158437641770386,0.00218669757452822
1.02739726027397,24 h,Dox-only,-0.00084488321527848,-0.00277946512079543,0.00101568140339936
1.02739726027397,24 h,Tam-only,0.00405031826828368,0.00217779896190912,0.00586612945463673
1.02739726027397,4 h,Dox-only,-0.00133009498446397,-0.00323830644291949,0.000573970581823242
1.02739726027397,4 h,Tam-only,0.000218830327752335,-0.00167161488028601,0.00213158941344073
1.06849315068493,24 h,Dox-only,-0.000847897817139651,-0.00281845971599051,0.0010482110582256
1.06849315068493,24 h,Tam-only,0.00413871640503417,0.00222899665234463,0.00595709713358661
1.06849315068493,4 h,Dox-only,-0.0014069124947123,-0.00332694085933199,0.000521319716334066
1.06849315068493,4 h,Tam-only,0.000141692866886964,-0.00178072197346291,0.00207989639479924
1.10958904109589,24 h,Dox-only,-0.000864165795044593,-0.00285227392609533,0.0010627804332926
1.10958904109589,24 h,Tam-only,0.0042124920191542,0.00228593544042682,0.00605035403148792
1.10958904109589,4 h,Dox-only,-0.00146840643585363,-0.00341930095655221,0.000478196161113159
1.10958904109589,4 h,Tam-only,6.59452097530391e-05,-0.00186194642896495,0.00204177741102796
1.15068493150685,24 h,Dox-only,-0.000893334743469781,-0.00290849393457765,0.00106957872682161
1.15068493150685,24 h,Tam-only,0.00426754999786767,0.00231659532061379,0.00614649796070331
1.15068493150685,4 h,Dox-only,-0.00151336415609431,-0.00350488980669193,0.000463844340358184
1.15068493150685,4 h,Tam-only,-8.43066669248271e-06,-0.0019642110236076,0.00201362568091862
1.19178082191781,24 h,Dox-only,-0.000934558898331883,-0.00301063994449529,0.00104859043443908
1.19178082191781,24 h,Tam-only,0.00430228354092126,0.00232651417983995,0.00620373145064434
1.19178082191781,4 h,Dox-only,-0.0015393631438026,-0.00355532150069138,0.000441069839998157
1.19178082191781,4 h,Tam-only,-8.16423894622193e-05,-0.00205832483931094,0.00195863629093413
1.23287671232877,24 h,Dox-only,-0.000987645857111523,-0.00307807455080603,0.0010109477945793
1.23287671232877,24 h,Tam-only,0.00431430564770354,0.00232110628527736,0.00628307172128011
1.23287671232877,4 h,Dox-only,-0.00154391536285223,-0.00357324466841921,0.000457582509573874
1.23287671232877,4 h,Tam-only,-0.000152916389142499,-0.00215132367799135,0.00193318899930409
1.27397260273973,24 h,Dox-only,-0.00104899063986069,-0.00317137475649675,0.000987298896185003
1.27397260273973,24 h,Tam-only,0.00430381181441601,0.00229697483487623,0.00630053750258623
1.27397260273973,4 h,Dox-only,-0.0015296042818238,-0.00361349331557371,0.000479631467718633
1.27397260273973,4 h,Tam-only,-0.000223062869392762,-0.00224861245081885,0.00187538249130669
1.31506849315068,24 h,Dox-only,-0.0011151549393929,-0.00327706711034946,0.000955639274134589
1.31506849315068,24 h,Tam-only,0.00427662946692246,0.00220909774412005,0.00631651324101603
1.31506849315068,4 h,Dox-only,-0.00149642829470706,-0.00360771133482668,0.000556495383275331
1.31506849315068,4 h,Tam-only,-0.000291997755275199,-0.0023490715732662,0.00181125681392155
1.35616438356164,24 h,Dox-only,-0.00118298477013768,-0.00333506625592332,0.000902709347360882
1.35616438356164,24 h,Tam-only,0.00423381166434281,0.00213385896197065,0.00631495209211286
1.35616438356164,4 h,Dox-only,-0.00144465003757949,-0.00357918965778995,0.000654012886131223
1.35616438356164,4 h,Tam-only,-0.000359500373343584,-0.00244381055407331,0.00179617173009747
1.3972602739726,24 h,Dox-only,-0.00124902703089628,-0.00340879488642612,0.000866035511912847
1.3972602739726,24 h,Tam-only,0.00417623364613081,0.00205699378783293,0.00628495714479645
1.3972602739726,4 h,Dox-only,-0.0013747885433766,-0.00353163609812461,0.000724487192455523
1.3972602739726,4 h,Tam-only,-0.000425192336475637,-0.00254109174023904,0.00173233593775354
1.43835616438356,24 h,Dox-only,-0.00130961104411305,-0.00348640839540601,0.000849814887739192
1.43835616438356,24 h,Tam-only,0.00410320609812918,0.00197922168589233,0.00626573170553022
1.43835616438356,4 h,Dox-only,-0.00128760798715835,-0.00347744082693192,0.000826368744420447
1.43835616438356,4 h,Tam-only,-0.000488521319976974,-0.00262345484783891,0.00168802906731722
1.47945205479452,24 h,Dox-only,-0.00136093722511077,-0.00356892171023737,0.000832077078097977
1.47945205479452,24 h,Tam-only,0.0040156119554113,0.00187443671120489,0.00617545324009707
1.47945205479452,4 h,Dox-only,-0.00117996437305994,-0.00339783985979215,0.000940215158739737
1.47945205479452,4 h,Tam-only,-0.000546328250808276,-0.00270007153029751,0.00164659291387763
1.52054794520548,24 h,Dox-only,-0.00139836336953235,-0.00362319105153373,0.000806523084813195
1.52054794520548,24 h,Tam-only,0.00391473323538537,0.00175190042370304,0.00609889533824997
1.52054794520548,4 h,Dox-only,-0.00105854360165261,-0.00328807133674336,0.00110575260740987
1.52054794520548,4 h,Tam-only,-0.000600757020592486,-0.00275339391058661,0.00161094444150428
1.56164383561644,24 h,Dox-only,-0.00141509062218122,-0.00365866896618421,0.000828524188379824
1.56164383561644,24 h,Tam-only,0.00380354229636239,0.0016149338772854,0.00602122961823846
1.56164383561644,4 h,Dox-only,-0.000924342391744555,-0.00317186400997036,0.00124147034505701
1.56164383561644,4 h,Tam-only,-0.000649387208813856,-0.00282727471187721,0.0015677599909449
1.6027397260274,24 h,Dox-only,-0.00141010228654467,-0.00366186683891975,0.000890900465673202
1.6027397260274,24 h,Tam-only,0.00368330084638763,0.00144971909768695,0.00590727224347233
1.6027397260274,4 h,Dox-only,-0.000778989870802396,-0.00302207780787503,0.00140577940710802
1.6027397260274,4 h,Tam-only,-0.000690909982621613,-0.00288569724099104,0.00154956276734375
1.64383561643836,24 h,Dox-only,-0.00138068644645038,-0.0036687384523429,0.000953024546342008
1.64383561643836,24 h,Tam-only,0.00355477834490821,0.00129901586499102,0.00580009244165609
1.64383561643836,4 h,Dox-only,-0.000624189604666703,-0.00288673988797267,0.00160945236741397
1.64383561643836,4 h,Tam-only,-0.000723959579641442,-0.0029304091553615,0.00151969919647788
1.68493150684932,24 h,Dox-only,-0.00132469058330062,-0.00362987237697142,0.00102099496069889
1.68493150684932,24 h,Tam-only,0.00341317003681125,0.00114590672192198,0.00571019482478639
1.68493150684932,4 h,Dox-only,-0.000461694953245294,-0.00275319291752896,0.0018032556712969
1.68493150684932,4 h,Tam-only,-0.000747155112481163,-0.00297104857262287,0.00153768754622249
1.72602739726027,24 h,Dox-only,-0.00124059410804683,-0.00357088242897132,0.00110293571054567
1.72602739726027,24 h,Tam-only,0.00326222974418086,0.000957733393830285,0.00556312363892375
1.72602739726027,4 h,Dox-only,-0.000292757012774682,-0.0025788214246332,0.00199565922753311
1.72602739726027,4 h,Tam-only,-0.000758615770854426,-0.00298385366112383,0.0015252407379549
1.76712328767123,24 h,Dox-only,-0.00112756941172309,-0.00348905079113494,0.00124494757613027
1.76712328767123,24 h,Tam-only,0.00310372765207687,0.000756041497668991,0.00542947027919243
1.76712328767123,4 h,Dox-only,-0.000116640745326857,-0.00239361991376367,0.00218540190495145
1.76712328767123,4 h,Tam-only,-0.000753497308180244,-0.00299571276513907,0.00155269835319035
1.80821917808219,24 h,Dox-only,-0.000983960849042606,-0.00333722816024927,0.00140241838522042
1.80821917808219,24 h,Tam-only,0.00294049712940458,0.000585305730076833,0.0052736779693005
1.80821917808219,4 h,Dox-only,5.78868775268013e-05,-0.00222086216913814,0.00240741819075423
1.80821917808219,4 h,Tam-only,-0.000736147905811668,-0.00298958780665383,0.00157473074591538
1.84931506849315,24 h,Dox-only,-0.00080858914452614,-0.00317132933495526,0.00160020926617296
1.84931506849315,24 h,Tam-only,0.00277801988181372,0.000399162378268176,0.00514243425621059
1.84931506849315,4 h,Dox-only,0.000232143321254014,-0.00205534108373653,0.00258549129794956
1.84931506849315,4 h,Tam-only,-0.000704131148359745,-0.00295817322608048,0.00159372712998672
1.89041095890411,24 h,Dox-only,-0.000607873041607233,-0.00298824450652395,0.00184000574481171
1.89041095890411,24 h,Tam-only,0.0026126026781211,0.00023133898087902,0.00497370523408198
1.89041095890411,4 h,Dox-only,0.000404511714867176,-0.00189310663042914,0.00274401401125615
1.89041095890411,4 h,Tam-only,-0.000657007624263822,-0.00294373373794972,0.00164270874961891
1.93150684931507,24 h,Dox-only,-0.000384686604348969,-0.00279817543639054,0.00208135177666503
1.93150684931507,24 h,Tam-only,0.0024453175085205,4.78890949333091e-05,0.00483132679520039
1.93150684931507,4 h,Dox-only,0.000573433294298084,-0.00171155991163513,0.00290774387578016
1.93150684931507,4 h,Tam-only,-0.000594628038004016,-0.00289059156177257,0.00170517238331906
1.97260273972603,24 h,Dox-only,-0.00014250503443014,-0.00256003084225953,0.00231079351929495
1.97260273972603,24 h,Tam-only,0.0022688956148836,-0.000143472957958949,0.00467327260022087
1.97260273972603,4 h,Dox-only,0.000737407819298958,-0.00155949395011109,0.0031233856418597
1.97260273972603,4 h,Tam-only,-0.000517148726500799,-0.00283666887524643,0.00178832094885529
2.01369863013699,24 h,Dox-only,0.000114685879525948,-0.00229371076399613,0.00259845095734332
2.01369863013699,24 h,Tam-only,0.00209222595584392,-0.000348517482309139,0.00450852583083841
2.01369863013699,4 h,Dox-only,0.000896764681633286,-0.00142358598289797,0.00328387840565908
2.01369863013699,4 h,Tam-only,-0.000423270309927323,-0.00278584173777514,0.00186395826309137
2.05479452054795,24 h,Dox-only,0.000382490088449303,-0.00208257563160659,0.00288345640281463
2.05479452054795,24 h,Tam-only,0.00191797479005288,-0.000516319538221717,0.00435624872907188
2.05479452054795,4 h,Dox-only,0.00104667140195609,-0.0012895564017889,0.0034511990575228
2.05479452054795,4 h,Tam-only,-0.000314257895822109,-0.00268075394550879,0.00193153451338952
2.0958904109589,24 h,Dox-only,0.000657275341740343,-0.00184375081907511,0.00320718801260944
2.0958904109589,24 h,Tam-only,0.00175014613416134,-0.00068415789571811,0.00418477740322532
2.0958904109589,4 h,Dox-only,0.00118462432617361,-0.00115623025152806,0.00358155121785087
2.0958904109589,4 h,Tam-only,-0.000194103336429233,-0.00256681989504213,0.00205976204987429
2.13698630136986,24 h,Dox-only,0.00093074147415402,-0.00158211487757961,0.0034715635125943
2.13698630136986,24 h,Tam-only,0.00159760820157531,-0.000855592425933775,0.00405244408875063
2.13698630136986,4 h,Dox-only,0.00131161023806055,-0.00101204275865702,0.003698065335928
2.13698630136986,4 h,Tam-only,-6.37225616406528e-05,-0.00242801601444905,0.00220698005418178
2.17808219178082,24 h,Dox-only,0.0011981307109005,-0.00131161824892238,0.00372776407354237
2.17808219178082,24 h,Tam-only,0.0014541762079016,-0.000985387574997985,0.00394098804800726
2.17808219178082,4 h,Dox-only,0.0014264715206992,-0.000908540272047486,0.0038231771621351
2.17808219178082,4 h,Tam-only,7.50145068950242e-05,-0.00232471842036705,0.00235727416937325
2.21917808219178,24 h,Dox-only,0.00145499369892425,-0.0010788142950561,0.00397779019467611
2.21917808219178,24 h,Tam-only,0.0013217786818126,-0.00112080595267135,0.00383835496043189
2.21917808219178,4 h,Dox-only,0.00152810538968594,-0.000804265013149309,0.00392616323836767
2.21917808219178,4 h,Tam-only,0.000220046210551356,-0.00217783273086378,0.00249773298690455
2.26027397260274,24 h,Dox-only,0.00169727014819701,-0.000856149182969361,0.0042245596900743
2.26027397260274,24 h,Tam-only,0.0011936364808028,-0.00123710354243897,0.00369164455291009
2.26027397260274,4 h,Dox-only,0.00161546840008109,-0.000734637053749647,0.00404848155991433
2.26027397260274,4 h,Tam-only,0.000369153989717208,-0.00204766579272942,0.00264131203799585
2.3013698630137,24 h,Dox-only,0.00192137210156025,-0.000661630527073912,0.00450427045362136
2.3013698630137,24 h,Tam-only,0.00108008137532463,-0.00134627123621336,0.00360899539457036
2.3013698630137,4 h,Dox-only,0.00168990937144926,-0.000686203239240632,0.00409208907307648
2.3013698630137,4 h,Tam-only,0.000522037996270194,-0.0018873423335805,0.00279759261295
2.34246575342466,24 h,Dox-only,0.00212425451412535,-0.000435138403659013,0.00470544930382446
2.34246575342466,24 h,Tam-only,0.000983010456940395,-0.00143899042366462,0.00352461780940886
2.34246575342466,4 h,Dox-only,0.00174276255103115,-0.000625026037794427,0.00417152482122052
2.34246575342466,4 h,Tam-only,0.000671161392434075,-0.00175235036675275,0.00299689276001826
2.38356164383562,24 h,Dox-only,0.00230446501990088,-0.000231800609672354,0.0049367721753816
2.38356164383562,24 h,Tam-only,0.000905430392433779,-0.0015095144299794,0.00344612331998567
2.38356164383562,4 h,Dox-only,0.00177775091506142,-0.000601013050817675,0.00419213903604553
2.38356164383562,4 h,Tam-only,0.000815936200630168,-0.00161823303388663,0.00316097656366274
2.42465753424658,24 h,Dox-only,0.00245295409400735,-7.78339850183673e-05,0.0051583174212413
2.42465753424658,24 h,Tam-only,0.000857275475907568,-0.00157406128625536,0.003416188107919
2.42465753424658,4 h,Dox-only,0.00179485906866557,-0.000614526716443983,0.00421627853424314
2.42465753424658,4 h,Tam-only,0.000954001283087536,-0.00146740120050415,0.00329558306706786
2.46575342465753,24 h,Dox-only,0.00257489218303868,6.36834957894697e-05,0.00529185997604089
2.46575342465753,24 h,Tam-only,0.000828495547887928,-0.00158230504501591,0.00339408744606445
2.46575342465753,4 h,Dox-only,0.00179360831573994,-0.000599360914090918,0.00422702105545544
2.46575342465753,4 h,Tam-only,0.00108309537349451,-0.0013332509559927,0.00343218590708697
2.50684931506849,24 h,Dox-only,0.00267037201481074,0.000165373383360588,0.00540722824869652
2.50684931506849,24 h,Tam-only,0.00081897342950768,-0.00162683293381091,0.00337386800775214
2.50684931506849,4 h,Dox-only,0.00177365929587615,-0.00064790935222156,0.00422113035184123
2.50684931506849,4 h,Tam-only,0.00120108731768774,-0.00123672076022648,0.00354246128218063
2.54794520547945,24 h,Dox-only,0.00274004283198527,0.000259979262176526,0.00543084556285746
2.54794520547945,24 h,Tam-only,0.000820063939206667,-0.00160606325662762,0.00338417872679445
2.54794520547945,4 h,Dox-only,0.00173482496099438,-0.000714114678256697,0.00419506506555738
2.54794520547945,4 h,Tam-only,0.00130600429077714,-0.00113630335197359,0.00366175306591201
2.58904109589041,24 h,Dox-only,0.00278505433519641,0.000260558901288323,0.00546600163657833
2.58904109589041,24 h,Tam-only,0.0008394854586454,-0.00161722613535829,0.00342031500232319
2.58904109589041,4 h,Dox-only,0.00167894303366903,-0.000769708064122094,0.00414923491195823
2.58904109589041,4 h,Tam-only,0.00139712781082223,-0.00108893073880294,0.00378668471570045
2.63013698630137,24 h,Dox-only,0.00280699622105891,0.000259161998939748,0.00551702901677556
2.63013698630137,24 h,Tam-only,0.000876135861122021,-0.00159347046935545,0.00340977738592617
2.63013698630137,4 h,Dox-only,0.00159870230527417,-0.000827172593004741,0.0040630747068285
2.63013698630137,4 h,Tam-only,0.00146690523504053,-0.00100532340358215,0.00387328359511524
2.67123287671233,24 h,Dox-only,0.0028086984005892,0.000226776889283083,0.00547410031198685
2.67123287671233,24 h,Tam-only,0.000929471289347727,-0.00155737517749725,0.00346417977690757
2.67123287671233,4 h,Dox-only,0.00150047826639622,-0.000963293057374272,0.00396996560989043
2.67123287671233,4 h,Tam-only,0.00151850015067186,-0.000939642841114503,0.00392223385314943
2.71232876712329,24 h,Dox-only,0.00278784660133075,0.000189741628733372,0.00548390752111403
2.71232876712329,24 h,Tam-only,0.00100614039082228,-0.0014889725505961,0.003531873630668
2.71232876712329,4 h,Dox-only,0.00138504803056705,-0.0010532288593928,0.00383780013470211
2.71232876712329,4 h,Tam-only,0.00155109443318947,-0.000914537448959007,0.00397178261736719
2.75342465753425,24 h,Dox-only,0.00275179324446385,0.000159184931732561,0.00543231427006262
2.75342465753425,24 h,Tam-only,0.00109350776391051,-0.00139814142164591,0.00362119519048158
2.75342465753425,4 h,Dox-only,0.00125340811162546,-0.00117329842900866,0.00368046295179295
2.75342465753425,4 h,Tam-only,0.00156413862805299,-0.000903193193875225,0.00398223750711792
2.79452054794521,24 h,Dox-only,0.00270345065009271,0.000118047584796152,0.0054048433433053
2.79452054794521,24 h,Tam-only,0.00118870504742205,-0.00127106624036079,0.0037079937174162
2.79452054794521,4 h,Dox-only,0.00110677493678743,-0.00134057338740676,0.00354080385929208
2.79452054794521,4 h,Tam-only,0.00155735204433008,-0.000917390005457712,0.00398509839010757
2.83561643835616,24 h,Dox-only,0.002645557946947,3.25747921942746e-05,0.00532159331254313
2.83561643835616,24 h,Tam-only,0.00128290107878123,-0.00117458748301333,0.00377905707008032
2.83561643835616,4 h,Dox-only,0.000946582912629779,-0.00147735192280207,0.0033612390436562
2.83561643835616,4 h,Tam-only,0.00153072020863371,-0.000943892411192648,0.00391473751893749
2.87671232876712,24 h,Dox-only,0.00258084631742952,-7.93120197038272e-05,0.00527026096124977
2.87671232876712,24 h,Tam-only,0.00138139416124776,-0.00107209692943845,0.00387198481816028
2.87671232876712,4 h,Dox-only,0.000775972038045913,-0.00160792258440991,0.00315709377859432
2.87671232876712,4 h,Tam-only,0.00148483445412291,-0.000997158731303336,0.00386922491793691
2.91780821917808,24 h,Dox-only,0.00251200635073458,-0.000147608712686092,0.00519016209700201
2.91780821917808,24 h,Tam-only,0.00148203297908879,-0.000960469812864811,0.00395322703603274
2.91780821917808,4 h,Dox-only,0.000592505300752805,-0.00175533028169874,0.00293683411703165
2.91780821917808,4 h,Tam-only,0.00141590798455324,-0.00104040604197557,0.00377544907359729
2.95890410958904,24 h,Dox-only,0.00244178908438251,-0.00023649113602246,0.00514445347665279
2.95890410958904,24 h,Tam-only,0.00158288475791162,-0.000850219107040994,0.00408569167037512
2.95890410958904,4 h,Dox-only,0.000402232629553995,-0.0019301361036256,0.00272254935137817
2.95890410958904,4 h,Tam-only,0.00132922157670125,-0.00110687388927108,0.00368356065505783
3,24 h,Dox-only,0.00237360501626462,-0.000298670412356876,0.00506559825480517
3,24 h,Tam-only,0.00168684387384549,-0.000739951593727437,0.00415951350605418
3,4 h,Dox-only,0.000207460639613188,-0.00211749609377247,0.00249330514767631
3,4 h,Tam-only,0.00122589238102643,-0.00118323338423383,0.00355716759896029
3.04109589041096,24 h,Dox-only,0.00230953016603333,-0.00033344095099322,0.00500931863218792
3.04109589041096,24 h,Tam-only,0.00178560701033471,-0.000657062962412069,0.00421906298974391
3.04109589041096,4 h,Dox-only,1.05771228985502e-05,-0.00229757542389409,0.00231609216157425
3.04109589041096,4 h,Tam-only,0.00110719302042819,-0.00125267235847775,0.00341773054243687
3.08219178082192,24 h,Dox-only,0.00225207114868779,-0.000369407277302891,0.00497554707914682
3.08219178082192,24 h,Tam-only,0.00187712513280167,-0.000548158318707026,0.00426741856744947
3.08219178082192,4 h,Dox-only,-0.000185986072927302,-0.0024464727184761,0.0021004104705916
3.08219178082192,4 h,Tam-only,0.000974528744190004,-0.00132104453202767,0.00326435793560094
3.12328767123288,24 h,Dox-only,0.00220315889325934,-0.000450622966736427,0.00491950652155136
3.12328767123288,24 h,Tam-only,0.00195662419236087,-0.000456670161829246,0.00432818222891916
3.12328767123288,4 h,Dox-only,-0.000379792237048815,-0.00261126924289645,0.00190629567981594
3.12328767123288,4 h,Tam-only,0.000829414618429489,-0.00144819857243345,0.00308940071583984
3.16438356164384,24 h,Dox-only,0.00216451585954867,-0.000465092163635389,0.00484332186132329
3.16438356164384,24 h,Tam-only,0.00202831923525135,-0.000344588103307155,0.00439688088857311
3.16438356164384,4 h,Dox-only,-0.00056636843227495,-0.00275812304743422,0.00170985454194865
3.16438356164384,4 h,Tam-only,0.000673912667276386,-0.00154060846109722,0.00291210369505382
3.20547945205479,24 h,Dox-only,0.00213763048077874,-0.00049007994824756,0.00481946820985983
3.20547945205479,24 h,Tam-only,0.00209138820991305,-0.000269287242489894,0.00443615000550013
3.20547945205479,4 h,Dox-only,-0.000745317511507373,-0.00291160691039983,0.00151286317052483
3.20547945205479,4 h,Tam-only,0.000507530655222396,-0.00166078689035017,0.00272299159662761
3.24657534246575,24 h,Dox-only,0.00212372955355435,-0.000502933793407727,0.00479695174352175
3.24657534246575,24 h,Tam-only,0.00214514939082816,-0.00018864812816804,0.0044786391602874
3.24657534246575,4 h,Dox-only,-0.000913784026360054,-0.00305558972348158,0.00128184777496694
3.24657534246575,4 h,Tam-only,0.000334539566386627,-0.00179072832792891,0.00251335683324936
3.28767123287671,24 h,Dox-only,0.00212638211796073,-0.000482384795044083,0.00478282019319296
3.28767123287671,24 h,Tam-only,0.00219053609920027,-0.000126073354263482,0.00451088365433896
3.28767123287671,4 h,Dox-only,-0.00107005025090112,-0.00317621832064572,0.00107127674697889
3.28767123287671,4 h,Tam-only,0.000156659828114691,-0.00194577165230117,0.00231770578448298
3.32876712328767,24 h,Dox-only,0.00214368119441161,-0.000485221011576735,0.00476538897819868
3.32876712328767,24 h,Tam-only,0.00222498215781572,-8.14659699079869e-05,0.00454400981303695
3.32876712328767,4 h,Dox-only,-0.00121266815243153,-0.00329813679397359,0.000918351113173517
3.32876712328767,4 h,Tam-only,-2.43915435042402e-05,-0.00210700786438776,0.0021124716301772
3.36986301369863,24 h,Dox-only,0.00217527861478065,-0.000384815765581295,0.00474866248226385
3.36986301369863,24 h,Tam-only,0.00224760382017536,-5.35568330877308e-05,0.00455952904805872
3.36986301369863,4 h,Dox-only,-0.00134048126773426,-0.0034416280950178,0.000760332912352077
3.36986301369863,4 h,Tam-only,-0.000206906639967516,-0.00229011778319839,0.00187876198125961
3.41095890410959,24 h,Dox-only,0.00222056874650985,-0.00035891209622117,0.00475081301531963
3.41095890410959,24 h,Tam-only,0.00225624504249697,-7.50282775309582e-05,0.00453805152617685
3.41095890410959,4 h,Dox-only,-0.00145264159586223,-0.00353054720916206,0.000629503867722125
3.41095890410959,4 h,Tam-only,-0.000389190918357416,-0.00245445589338352,0.00167944722972674
3.45205479452055,24 h,Dox-only,0.00227850522028213,-0.000276386981015242,0.00479271003220058
3.45205479452055,24 h,Tam-only,0.00225348642880988,-7.1343584222722e-05,0.00452146975027563
3.45205479452055,4 h,Dox-only,-0.001546521568057,-0.00363207344762826,0.000518193119712518
3.45205479452055,4 h,Tam-only,-0.000568657234974859,-0.00262630534395594,0.00145386181827812
3.49315068493151,24 h,Dox-only,0.00234759726536946,-0.000198192112123805,0.00483121739550585
3.49315068493151,24 h,Tam-only,0.00223897283540757,-4.98113752035276e-05,0.00448422784514441
3.49315068493151,4 h,Dox-only,-0.00162315177582621,-0.00369298971911714,0.000376122217737799
3.49315068493151,4 h,Tam-only,-0.000744145540314226,-0.0027657328692243,0.00126954811962872
3.53424657534247,24 h,Dox-only,0.00242591351113462,-9.41339539592609e-05,0.00486871010545211
3.53424657534247,24 h,Tam-only,0.00221235775250891,-6.02114850501676e-05,0.00448274735584008
3.53424657534247,4 h,Dox-only,-0.00168389707895078,-0.0037507874076273,0.000286316336618249
3.53424657534247,4 h,Tam-only,-0.000913588769804921,-0.00292205424296762,0.00107473097034031
3.57534246575342,24 h,Dox-only,0.00251150944247579,1.35081361555935e-06,0.00493797935684002
3.57534246575342,24 h,Tam-only,0.002173238472574,-0.000108599895663575,0.00442617575612639
3.57534246575342,4 h,Dox-only,-0.00172937080940691,-0.00375048001635912,0.000201588073769368
3.57534246575342,4 h,Tam-only,-0.00107537019336736,-0.00305186046515288,0.000899617322185445
3.61643835616438,24 h,Dox-only,0.00259980196063794,0.000122679823063518,0.00499364136898441
3.61643835616438,24 h,Tam-only,0.00212091662066181,-0.000159479770287888,0.00437303364185591
3.61643835616438,4 h,Dox-only,-0.00176038915312678,-0.00376682831749275,0.000139393636730943
3.61643835616438,4 h,Tam-only,-0.00122789978659422,-0.00318223701494394,0.000742171377737593
3.65753424657534,24 h,Dox-only,0.00268727164340261,0.000240135716378922,0.00507654912400357
3.65753424657534,24 h,Tam-only,0.00205458230187432,-0.000206924396109282,0.00427182495555627
3.65753424657534,4 h,Dox-only,-0.00177793307697213,-0.00373689516427499,7.48440971352163e-05
3.65753424657534,4 h,Tam-only,-0.00136962253333311,-0.00331290662126327,0.000577853355801053
3.6986301369863,24 h,Dox-only,0.0027704466943352,0.000348300858739811,0.0051157288464085
3.6986301369863,24 h,Tam-only,0.00197307238471631,-0.000254084917433962,0.00416229074796318
3.6986301369863,4 h,Dox-only,-0.00178310834537552,-0.00371360589841404,3.38150049998849e-05
3.6986301369863,4 h,Tam-only,-0.00149902836459946,-0.00342298181265134,0.000402805379519707
3.73972602739726,24 h,Dox-only,0.00284578011802321,0.000451264431059787,0.00516708782654606
3.73972602739726,24 h,Tam-only,0.00187828393736655,-0.000325281179823169,0.00403024992148618
3.73972602739726,4 h,Dox-only,-0.00177649856644221,-0.00364717621510315,-3.11761446164042e-06
3.73972602739726,4 h,Tam-only,-0.00161301065897596,-0.00353147941558338,0.00027172072141692
3.78082191780822,24 h,Dox-only,0.00290973869970333,0.000564129465050863,0.0052323233043583
3.78082191780822,24 h,Tam-only,0.00177037745945696,-0.000395737094038106,0.00389112710676984
3.78082191780822,4 h,Dox-only,-0.00175918601251755,-0.0035909799516367,1.7947512764357e-05
3.78082191780822,4 h,Tam-only,-0.0017099006986674,-0.00360974044933533,0.00012161006852546
3.82191780821918,24 h,Dox-only,0.00295889518594891,0.000629150305950211,0.00525990228393474
3.82191780821918,24 h,Tam-only,0.00164968299316537,-0.000497094114507893,0.00377945331630132
3.82191780821918,4 h,Dox-only,-0.00173360865997058,-0.00353523905574831,1.78553846001005e-05
3.82191780821918,4 h,Tam-only,-0.00178985323251096,-0.00365888724879027,2.20626331867925e-05
3.86301369863014,24 h,Dox-only,0.00298660743978237,0.000705290299543101,0.00528150574584302
3.86301369863014,24 h,Tam-only,0.0015155712691766,-0.000634275219372722,0.00362515663553822
3.86301369863014,4 h,Dox-only,-0.0017008170500212,-0.00348007662904816,2.80224179362388e-05
3.86301369863014,4 h,Tam-only,-0.00185188807710807,-0.00370789705008612,-4.30581148691141e-05
3.9041095890411,24 h,Dox-only,0.00299157718675521,0.000737833429197543,0.00528678580430396
3.9041095890411,24 h,Tam-only,0.0013694527855724,-0.000725451026796667,0.00348519113893285
3.9041095890411,4 h,Dox-only,-0.00166176061708741,-0.00340050765832611,6.96586875091596e-05
3.9041095890411,4 h,Tam-only,-0.00189520773179931,-0.00371517174473796,-9.60471443551013e-05
3.94520547945205,24 h,Dox-only,0.00297259127185981,0.0007230871846883,0.00525121826738719
3.94520547945205,24 h,Tam-only,0.0012124911949877,-0.000849316079128527,0.00330944822375414
3.94520547945205,4 h,Dox-only,-0.0016172768599339,-0.00334026897725176,9.33408212749471e-05
3.94520547945205,4 h,Tam-only,-0.00191921798860297,-0.003745783093974,-0.000141128436506989
3.98630136986301,24 h,Dox-only,0.00292824469549512,0.000706087445054754,0.00519240700104946
3.98630136986301,24 h,Tam-only,0.00104640218694421,-0.00102351827053032,0.00314165130829879
3.98630136986301,4 h,Dox-only,-0.00156808509963375,-0.00327909065442252,0.000120135715002655
3.98630136986301,4 h,Tam-only,-0.00192354748194973,-0.00374447930837182,-0.000146401729116608
4.02739726027397,24 h,Dox-only,0.00285773775043229,0.000650822088753753,0.00511084617790074
4.02739726027397,24 h,Tam-only,0.000873140599437237,-0.00119583837960554,0.00297367949000134
4.02739726027397,4 h,Dox-only,-0.00151500481736165,-0.00320979260083442,0.000122347135033379
4.02739726027397,4 h,Tam-only,-0.00190561453233804,-0.00370630414211734,-0.000137981264452831
4.06849315068493,24 h,Dox-only,0.00276089627366099,0.000509041029482692,0.00501622187545236
4.06849315068493,24 h,Tam-only,0.000694298740387622,-0.00136248685655316,0.00275790967505191
4.06849315068493,4 h,Dox-only,-0.00145744450333817,-0.00313628342063936,0.000166957767509714
4.06849315068493,4 h,Tam-only,-0.00186672283803797,-0.0036461617162306,-0.000116776203095719
4.10958904109589,24 h,Dox-only,0.00263817880362341,0.000423166668701432,0.00487581008446794
4.10958904109589,24 h,Tam-only,0.000511553367619468,-0.00150653375871482,0.00255157794990252
4.10958904109589,4 h,Dox-only,-0.00139676535944496,-0.00302271389633487,0.000201231990245334
4.10958904109589,4 h,Tam-only,-0.00180914091200807,-0.00358217129143736,-7.55691400482561e-05
4.15068493150685,24 h,Dox-only,0.0024874665631338,0.000282325204961649,0.0047222654306725
4.15068493150685,24 h,Tam-only,0.000325519014144016,-0.00168418607806085,0.00236903636350283
4.15068493150685,4 h,Dox-only,-0.00133327169013939,-0.00295210224813316,0.000274872551144081
4.15068493150685,4 h,Tam-only,-0.00173383072832559,-0.0034744786397774,-3.89656894099407e-06
4.19178082191781,24 h,Dox-only,0.00231358838920154,0.000128896165333289,0.00454300061951492
4.19178082191781,24 h,Tam-only,0.000138964214106099,-0.00184972780580063,0.00215369860605959
4.19178082191781,4 h,Dox-only,-0.00126724485534287,-0.00288289548801467,0.00032193274853021
4.19178082191781,4 h,Tam-only,-0.00164201026120299,-0.00336932281989305,5.69192318335251e-05
4.23287671232877,24 h,Dox-only,0.00212042633195182,-5.42278613645119e-05,0.00433055811671176
4.23287671232877,24 h,Tam-only,-4.54044419170505e-05,-0.00202185492851031,0.00194374851780622
4.23287671232877,4 h,Dox-only,-0.00119896069299304,-0.00279966029206535,0.000387233282522057
4.23287671232877,4 h,Tam-only,-0.00153513798671138,-0.00325285154869393,0.000139466336079056
4.27397260273973,24 h,Dox-only,0.00191091526822922,-0.000252284569159068,0.00411741158020317
4.27397260273973,24 h,Tam-only,-0.000225071537983269,-0.00222250472774299,0.00174593668829486
4.27397260273973,4 h,Dox-only,-0.00112877703122649,-0.00272907381330521,0.000446561297178683
4.27397260273973,4 h,Tam-only,-0.00141496513463932,-0.00314045589773848,0.00026068703890624
4.31506849315069,24 h,Dox-only,0.00168823703556216,-0.000470193530211272,0.0038563367578193
4.31506849315069,24 h,Tam-only,-0.000399890690361546,-0.00238219697727987,0.0015655058007787
4.31506849315069,4 h,Dox-only,-0.00105687498109423,-0.00262348267196571,0.000498611877055135
4.31506849315069,4 h,Tam-only,-0.0012818620391366,-0.00297106867125451,0.000379323884325752
4.35616438356164,24 h,Dox-only,0.00145573206933634,-0.000693037170309021,0.00362620705748352
4.35616438356164,24 h,Tam-only,-0.000568802675336398,-0.00253049637868564,0.00136525894057213
4.35616438356164,4 h,Dox-only,-0.000983560757524989,-0.00254278009052898,0.000553843102606526
4.35616438356164,4 h,Tam-only,-0.00113998223265301,-0.00280214312171196,0.000516095628829568
4.3972602739726,24 h,Dox-only,0.0012168109886331,-0.000930669758618013,0.00339666847835835
4.3972602739726,24 h,Tam-only,-0.000730962566452782,-0.00265588989419748,0.00117304658840164
4.3972602739726,4 h,Dox-only,-0.000909592504634911,-0.00246300537142447,0.000623669980126999
4.3972602739726,4 h,Tam-only,-0.00099201398471177,-0.00265934417760299,0.000642232469775893
4.43835616438356,24 h,Dox-only,0.000974995081400219,-0.00118801825271559,0.00317105529693314
4.43835616438356,24 h,Tam-only,-0.000886319225540541,-0.00280588496163676,0.000995657493725166
4.43835616438356,4 h,Dox-only,-0.000835406271552666,-0.00238997619760654,0.000689395862940446
4.43835616438356,4 h,Tam-only,-0.000840172450910934,-0.00249669909034108,0.000780141024687139
4.47945205479452,24 h,Dox-only,0.000734763130078656,-0.00142778290462836,0.00291608591770925
4.47945205479452,24 h,Tam-only,-0.0010341007871564,-0.00295045527658198,0.000834699058890876
4.47945205479452,4 h,Dox-only,-0.000761438680627599,-0.00228925817711046,0.000745696089692359
4.47945205479452,4 h,Tam-only,-0.00068663893251715,-0.00233295185148602,0.000920177338257871
4.52054794520548,24 h,Dox-only,0.000499048713131278,-0.0016648266213968,0.00264558594925713
4.52054794520548,24 h,Tam-only,-0.00117312126287836,-0.00306316352671666,0.000670573580461822
4.52054794520548,4 h,Dox-only,-0.000688110370089333,-0.00220651449669712,0.000840746841307997
4.52054794520548,4 h,Tam-only,-0.000533519882539371,-0.00217231216007685,0.00106294723308211
4.56164383561644,24 h,Dox-only,0.000270378601922271,-0.00187167028633996,0.00239182970889622
4.56164383561644,24 h,Tam-only,-0.00130304516176313,-0.00316995270594334,0.000529718258967113
4.56164383561644,4 h,Dox-only,-0.000615910843297665,-0.00212688749394848,0.000912458717997469
4.56164383561644,4 h,Tam-only,-0.00038290979693309,-0.00197811882353929,0.00120592329078807
4.6027397260274,24 h,Dox-only,5.09677542240225e-05,-0.00207233974693457,0.00218754702231555
4.6027397260274,24 h,Tam-only,-0.00142564917795612,-0.00329189742190839,0.000388704437978789
4.6027397260274,4 h,Dox-only,-0.000545336662188242,-0.00204190206780258,0.000953105216141771
4.6027397260274,4 h,Tam-only,-0.000237769426651373,-0.00180945054601033,0.00133181205746162
4.64383561643836,24 h,Dox-only,-0.000157285802152594,-0.00229721703364953,0.00198381041370255
4.64383561643836,24 h,Tam-only,-0.00154133791806649,-0.00339468745935233,0.000285664201106898
4.64383561643836,4 h,Dox-only,-0.000476368548295678,-0.00195484239772922,0.00101739232028299
4.64383561643836,4 h,Tam-only,-9.91090812584514e-05,-0.00163647527253305,0.00148003104628152
4.68493150684932,24 h,Dox-only,-0.000352796905022809,-0.00247820972218577,0.00178471915039184
4.68493150684932,24 h,Tam-only,-0.00165056396823919,-0.00350394721242468,0.000166371710048633
4.68493150684932,4 h,Dox-only,-0.000409041838067302,-0.0018814574058692,0.00107537157852372
4.68493150684932,4 h,Tam-only,3.19412725496154e-05,-0.00149894781887135,0.00157126475351384
4.72602739726027,24 h,Dox-only,-0.000532533586969801,-0.00267404636275082,0.00157928221627251
4.72602739726027,24 h,Tam-only,-0.00175447732558459,-0.00361892881478821,9.4671904772253e-05
4.72602739726027,4 h,Dox-only,-0.000343239868561294,-0.00179079928669737,0.00112223432958695
4.72602739726027,4 h,Tam-only,0.000154507236725082,-0.00135280397345216,0.00167448153176667
4.76712328767123,24 h,Dox-only,-0.000695698502658923,-0.0028086706475059,0.00139517681492539
4.76712328767123,24 h,Tam-only,-0.00185321692162396,-0.00369292694453247,-1.09183688002758e-05
4.76712328767123,4 h,Dox-only,-0.000278719201877047,-0.00171141802476904,0.00116078677275244
4.76712328767123,4 h,Tam-only,0.000267968985457452,-0.00121628613388611,0.00177516634578823
4.80821917808219,24 h,Dox-only,-0.000842858132974023,-0.00292991017585923,0.00125380700767002
4.80821917808219,24 h,Tam-only,-0.00194580236693904,-0.00377671663894076,-9.53715629526788e-05
4.80821917808219,4 h,Dox-only,-0.000215114386110264,-0.0016362663164457,0.0012168077875865
4.80821917808219,4 h,Tam-only,0.000371951062048945,-0.0010774674620274,0.00186973602884545
4.84931506849315,24 h,Dox-only,-0.000973531888015654,-0.00306225643165433,0.00110231395826545
4.84931506849315,24 h,Tam-only,-0.00203213026702867,-0.00384497328471272,-0.000181842463385399
4.84931506849315,4 h,Dox-only,-0.000152230609757345,-0.00154912975584706,0.00126141454519982
4.84931506849315,4 h,Tam-only,0.000465881076156041,-0.00095719686924106,0.00194605821545122
4.89041095890411,24 h,Dox-only,-0.00108734851731619,-0.00318489579960583,0.000968987512797602
4.89041095890411,24 h,Tam-only,-0.00211334715758302,-0.00391036514959286,-0.000245031800001054
4.89041095890411,4 h,Dox-only,-8.87058057643664e-05,-0.00147197031498094,0.00129209541634031
4.89041095890411,4 h,Tam-only,0.000548781594978058,-0.000875622435854502,0.00202769809727879
4.93150684931507,24 h,Dox-only,-0.00118402119386041,-0.0032371010849216,0.000836029996783716
4.93150684931507,24 h,Tam-only,-0.00218925410117566,-0.00396452364024303,-0.000329201489267738
4.93150684931507,4 h,Dox-only,-2.40485998357978e-05,-0.00139540163005445,0.0013486494061676
4.93150684931507,4 h,Tam-only,0.000622529016042116,-0.000782759157103106,0.00208587852342354
4.97260273972603,24 h,Dox-only,-0.00126332737495661,-0.00330593107920019,0.000743176376278873
4.97260273972603,24 h,Tam-only,-0.00225950132631868,-0.00402786466771314,-0.000383647531903152
4.97260273972603,4 h,Dox-only,4.23837398876581e-05,-0.00131027148425515,0.00139091136813659
4.97260273972603,4 h,Tam-only,0.000687470066509009,-0.000717875041177331,0.00214415249701121
5.01369863013699,24 h,Dox-only,-0.0013232241176898,-0.00334369025069161,0.00068803412211227
5.01369863013699,24 h,Tam-only,-0.00232395944310092,-0.00410454441521132,-0.000473602073803985
5.01369863013699,4 h,Dox-only,0.000111173762774232,-0.00120793420165671,0.00144662479455798
5.01369863013699,4 h,Tam-only,0.000743941799231776,-0.000660637655602309,0.00218579766994718
5.05479452054795,24 h,Dox-only,-0.00136380361052051,-0.00336618927826154,0.000635369648437419
5.05479452054795,24 h,Tam-only,-0.00238156507287775,-0.00414155718868669,-0.000573083086538476
5.05479452054795,4 h,Dox-only,0.000182808389129263,-0.00111134810028042,0.00148983067405375
5.05479452054795,4 h,Tam-only,0.000792229981131758,-0.000595367670743658,0.0022322451847764
5.0958904109589,24 h,Dox-only,-0.00138669581151468,-0.00339725856967016,0.000605149533312832
5.0958904109589,24 h,Tam-only,-0.0024302756235615,-0.00414302795530185,-0.000662380830993398
5.0958904109589,4 h,Dox-only,0.000257644661543197,-0.00102894750030072,0.00154897724517448
5.0958904109589,4 h,Tam-only,0.000832530940191083,-0.000549408518994733,0.00228146625537228
5.13698630136986,24 h,Dox-only,-0.00139199891406865,-0.0033746334740155,0.00058978812621028
5.13698630136986,24 h,Tam-only,-0.00246930822261087,-0.00417855417558359,-0.00070266030729129
5.13698630136986,4 h,Dox-only,0.00033557795474614,-0.000929649952271137,0.00160933078775327
5.13698630136986,4 h,Tam-only,0.000864227308728705,-0.000512236755815261,0.00230225547406049
5.17808219178082,24 h,Dox-only,-0.00137993426526978,-0.00337672375288348,0.000612518819942669
5.17808219178082,24 h,Tam-only,-0.00249896870737685,-0.0041896007595508,-0.000744481548098385
5.17808219178082,4 h,Dox-only,0.00041771312740374,-0.000834886734643167,0.00167494137186474
5.17808219178082,4 h,Tam-only,0.00088680249029198,-0.000471789918398345,0.00229498963612265
5.21917808219178,24 h,Dox-only,-0.00135087124172648,-0.00332844004693378,0.000657502025911891
5.21917808219178,24 h,Tam-only,-0.00251859820505949,-0.00420135024206796,-0.000773919407239995
5.21917808219178,4 h,Dox-only,0.00050261747850909,-0.000724249319728862,0.00173199219277193
5.21917808219178,4 h,Tam-only,0.000900799652570145,-0.000447648977814183,0.00231142533012133
5.26027397260274,24 h,Dox-only,-0.00130535175428094,-0.00327279317619325,0.000700125152714382
5.26027397260274,24 h,Tam-only,-0.00252764602823558,-0.00421949346982899,-0.000794611959948072
5.26027397260274,4 h,Dox-only,0.000589574571135988,-0.000609543517123573,0.00181459934950578
5.26027397260274,4 h,Tam-only,0.000905652673156489,-0.000428125518913073,0.00231978417590294
5.3013698630137,24 h,Dox-only,-0.00124272695118473,-0.00322193734098775,0.000752066224444231
5.3013698630137,24 h,Tam-only,-0.00252566657846764,-0.00422725194267567,-0.000831127736517151
5.3013698630137,4 h,Dox-only,0.000677637192413344,-0.000504172206321627,0.00188237660192795
5.3013698630137,4 h,Tam-only,0.000900687959479826,-0.000407388641345242,0.00230802279549926
5.34246575342466,24 h,Dox-only,-0.00116442751258302,-0.00315566017905672,0.000788304598576559
5.34246575342466,24 h,Tam-only,-0.00251264123876461,-0.00418950421379213,-0.000827901250012329
5.34246575342466,4 h,Dox-only,0.000765644325798572,-0.000393422465784632,0.0019520670823061
5.34246575342466,4 h,Tam-only,0.00088516524806595,-0.000412695024340258,0.00229153701518567
5.38356164383562,24 h,Dox-only,-0.00107343473597544,-0.00306736437146238,0.000854789836938737
5.38356164383562,24 h,Tam-only,-0.00248766016659362,-0.00418173650723991,-0.000793682425905174
5.38356164383562,4 h,Dox-only,0.000852243538311703,-0.000316296182009647,0.00202917322423627
5.38356164383562,4 h,Tam-only,0.000858323727472084,-0.00042064136635103,0.00225486377212541
5.42465753424658,24 h,Dox-only,-0.000971388321834167,-0.00294947060480643,0.000929968652492799
5.42465753424658,24 h,Tam-only,-0.00245131703132641,-0.00413945020918464,-0.000782558698216349
5.42465753424658,4 h,Dox-only,0.000934976345767245,-0.000217521512947258,0.00212324982896638
5.42465753424658,4 h,Tam-only,0.000818054714856659,-0.000441057923665271,0.002186053032195
5.46575342465753,24 h,Dox-only,-0.000860130264965814,-0.002846361609522,0.00102824059437492
5.46575342465753,24 h,Tam-only,-0.00240535166616839,-0.00405569600856921,-0.000727045305732649
5.46575342465753,4 h,Dox-only,0.00101243784866371,-0.000138183368527895,0.00218282275913958
5.46575342465753,4 h,Tam-only,0.000763755983597451,-0.000482412884120053,0.00213475614598811
5.50684931506849,24 h,Dox-only,-0.000741679443518072,-0.00268107033067759,0.00114683279242286
5.50684931506849,24 h,Tam-only,-0.00235073742769234,-0.00400140297890025,-0.000684449868144372
5.50684931506849,4 h,Dox-only,0.00108278452582306,-7.37657626022707e-05,0.00222689697510238
5.50684931506849,4 h,Tam-only,0.000696413756656827,-0.00053530531224971,0.0020579985230996
5.54794520547945,24 h,Dox-only,-0.00061820101039263,-0.00255347711761511,0.00123685481548866
5.54794520547945,24 h,Tam-only,-0.00228866924555105,-0.00392649571272777,-0.000632677061046576
5.54794520547945,4 h,Dox-only,0.00114438875253906,-6.75648078118533e-07,0.00229872267277943
5.54794520547945,4 h,Tam-only,0.000616144975570131,-0.000624688247395311,0.00194864640834522
5.58904109589041,24 h,Dox-only,-0.000492122049248062,-0.00239365550517274,0.00137696502994433
5.58904109589041,24 h,Tam-only,-0.00222150041402592,-0.00383742881603091,-0.000567123494836738
5.58904109589041,4 h,Dox-only,0.00119573761359101,6.21767684789961e-05,0.00232895657863664
5.58904109589041,4 h,Tam-only,0.00052340523012933,-0.000715885591999442,0.00182309448488714
5.63013698630137,24 h,Dox-only,-0.000366404397613533,-0.00224264033605664,0.00153433119797581
5.63013698630137,24 h,Tam-only,-0.00215158059821204,-0.00378019526590877,-0.000506922100147138
5.63013698630137,4 h,Dox-only,0.00123547901514248,0.000110702501030169,0.0023702840368878
5.63013698630137,4 h,Tam-only,0.000419009789802159,-0.00081672960930458,0.00169200855831839
5.67123287671233,24 h,Dox-only,-0.000243683433369314,-0.00212407119737144,0.00166308601379575
5.67123287671233,24 h,Tam-only,-0.00207807807444875,-0.00369087816000476,-0.000435595873749744
5.67123287671233,4 h,Dox-only,0.00126246529030725,0.000145698980012824,0.002376784900013
5.67123287671233,4 h,Tam-only,0.000304145744041966,-0.000921803658783785,0.00155897063235406
5.71232876712329,24 h,Dox-only,-0.000126116665566868,-0.00199129699396421,0.00176913127993382
5.71232876712329,24 h,Tam-only,-0.00200304978611376,-0.00362854296118982,-0.000370481035636435
5.71232876712329,4 h,Dox-only,0.00127397776584899,0.000167945393788062,0.0023886055692725
5.71232876712329,4 h,Tam-only,0.000179356784425225,-0.00103328815431127,0.0014239402511674
5.75342465753425,24 h,Dox-only,-1.57041501514035e-05,-0.00184435435949198,0.00186987180643828
5.75342465753425,24 h,Tam-only,-0.0019292201320764,-0.00353333239050873,-0.000283822321639823
5.75342465753425,4 h,Dox-only,0.00127016286205191,0.000162989463627534,0.00237573249840379
5.75342465753425,4 h,Tam-only,4.83332273294654e-05,-0.00116371311934206,0.00128601886996854
5.79452054794521,24 h,Dox-only,8.5748990427445e-05,-0.00172093996324061,0.00197768822006334
5.79452054794521,24 h,Tam-only,-0.00185805321826279,-0.00344353779897329,-0.00021871517299296
5.79452054794521,4 h,Dox-only,0.00125204571285429,0.00015469270161474,0.00235118342450381
5.79452054794521,4 h,Tam-only,-8.59886688650488e-05,-0.00129481974354043,0.00114835301194753
5.83561643835616,24 h,Dox-only,0.000176666020787433,-0.00158333737690638,0.00203488448157929
5.83561643835616,24 h,Tam-only,-0.00179084685842304,-0.00336297882728661,-0.000145568983444743
5.83561643835616,4 h,Dox-only,0.00121999040046331,0.000126538736495246,0.00229988599662136
5.83561643835616,4 h,Tam-only,-0.000220982237032652,-0.00143247705619695,0.000998478317704738
5.87671232876712,24 h,Dox-only,0.000254505501325421,-0.00149249668299492,0.00212366781844887
5.87671232876712,24 h,Tam-only,-0.00173055945363343,-0.00330030604715005,-8.47933372931566e-05
5.87671232876712,4 h,Dox-only,0.00117467911874621,8.1558162531185e-05,0.00225381195109579
5.87671232876712,4 h,Tam-only,-0.000353934730255773,-0.00156267826076911,0.000857988062784421
5.91780821917808,24 h,Dox-only,0.000317915678076756,-0.00143965030806891,0.00218945000928145
5.91780821917808,24 h,Tam-only,-0.00167868476143379,-0.00323854877807788,-6.11526490901643e-05
5.91780821917808,4 h,Dox-only,0.00111709460873997,4.9502089694962e-05,0.00220341395872332
5.91780821917808,4 h,Tam-only,-0.00048212094358558,-0.00169074975506735,0.000727456000881563
5.95890410958904,24 h,Dox-only,0.00036767763058479,-0.0013879965466808,0.00220126403471668
5.95890410958904,24 h,Tam-only,-0.00163107637518693,-0.00316889485707549,-2.33143780993047e-05
5.95890410958904,4 h,Dox-only,0.00104849695286943,-3.16867383952714e-06,0.00213787640196731
5.95890410958904,4 h,Tam-only,-0.000602878092015605,-0.00179759806939679,0.000610114462788661
6,24 h,Dox-only,0.000403626758106464,-0.00134195474986163,0.00221509631321721
6,24 h,Tam-only,-0.00158869002329219,-0.00311015288949394,-2.20884458488918e-05
6,4 h,Dox-only,0.000969414321285819,-8.62442088243936e-05,0.00207120831885202
6,4 h,Tam-only,-0.000712275834374838,-0.00192110839305196,0.000484142653688574
6.04109589041096,24 h,Dox-only,0.00042587145739461,-0.00131862870994544,0.0022285566210187
6.04109589041096,24 h,Tam-only,-0.00155236775711305,-0.00305599785828613,7.90602155042033e-07
6.04109589041096,4 h,Dox-only,0.000882894534870657,-0.000159051328555079,0.00196184730450966
6.04109589041096,4 h,Tam-only,-0.000807463272726308,-0.00199254598219981,0.000395600592838677
6.08219178082192,24 h,Dox-only,0.000434775026596501,-0.00128515837485399,0.00224081909135709
6.08219178082192,24 h,Tam-only,-0.00152160637561504,-0.00301781624420147,1.20421287191458e-05
6.08219178082192,4 h,Dox-only,0.000791464776780902,-0.00025316066540473,0.00186240663813785
6.08219178082192,4 h,Tam-only,-0.000887918180115674,-0.00205786346977333,0.000302121993251659
6.12328767123288,24 h,Dox-only,0.000430934635281349,-0.00129114220745438,0.00223209122783183
6.12328767123288,24 h,Tam-only,-0.00149569466750411,-0.00298358523640473,2.34135935002205e-06
6.12328767123288,4 h,Dox-only,0.00069706890257816,-0.0003316344367693,0.00174853338858535
6.12328767123288,4 h,Tam-only,-0.000952466210657261,-0.00212087393748623,0.00022667388127025
6.16438356164384,24 h,Dox-only,0.00041430629637132,-0.00129334758315203,0.00220186325240451
6.16438356164384,24 h,Tam-only,-0.00147500191506058,-0.00293893181766568,-1.81703121448271e-06
6.16438356164384,4 h,Dox-only,0.000601619737109302,-0.00042270904134483,0.00162715300515054
6.16438356164384,4 h,Tam-only,-0.00100036800688733,-0.00217207583468686,0.000176336637637619
6.20547945205479,24 h,Dox-only,0.00038591367352437,-0.00131452300643244,0.00217382236508535
6.20547945205479,24 h,Tam-only,-0.00145883968082916,-0.00291370809811868,4.78445664994515e-06
6.20547945205479,4 h,Dox-only,0.000506951995442123,-0.000511447950825849,0.0015212696692342
6.20547945205479,4 h,Tam-only,-0.00103132867734985,-0.0022139054432383,0.000153686852530431
6.24657534246575,24 h,Dox-only,0.000348375894527735,-0.00134320949722466,0.0021058039622492
6.24657534246575,24 h,Tam-only,-0.00144198771658662,-0.00290563911883537,2.31765979396532e-05
6.24657534246575,4 h,Dox-only,0.000414777091059845,-0.000599664376975201,0.00142894073876006
6.24657534246575,4 h,Tam-only,-0.00104549879962581,-0.00221843248025214,0.000124801944843803
6.28767123287671,24 h,Dox-only,0.000303001091907874,-0.00138930587128727,0.0020488508961659
6.28767123287671,24 h,Tam-only,-0.00142475478648092,-0.00288506693020299,2.66330599194591e-05
6.28767123287671,4 h,Dox-only,0.000327174440149181,-0.000691731689598571,0.00132933441690654
6.28767123287671,4 h,Tam-only,-0.00104155405411414,-0.00221714477443499,0.000117387813783268
6.32876712328767,24 h,Dox-only,0.000251147782605689,-0.00146154063533055,0.002004181476978
6.32876712328767,24 h,Tam-only,-0.00140710953680508,-0.00287349764599899,6.98063716293089e-05
6.32876712328767,4 h,Dox-only,0.000245845665144628,-0.000760042117470125,0.00123845431223172
6.32876712328767,4 h,Tam-only,-0.00102214674171999,-0.00220081788292911,0.000128140055381301
6.36986301369863,24 h,Dox-only,0.000194201358714105,-0.00154506345584861,0.00194927100387794
6.36986301369863,24 h,Tam-only,-0.00138833260689029,-0.00284769803991749,9.72928578503787e-05
6.36986301369863,4 h,Dox-only,0.000171138109942001,-0.000829626106238609,0.00114294706145251
6.36986301369863,4 h,Tam-only,-0.000990015188095515,-0.00215548793263119,0.000164318877774717
6.41095890410959,24 h,Dox-only,0.000133551579438285,-0.0016233617443969,0.00189249421986231
6.41095890410959,24 h,Tam-only,-0.0013678693256243,-0.00282663106313407,0.000120436367198451
6.41095890410959,4 h,Dox-only,0.000103583249031917,-0.000895916354388338,0.00105940485255539
6.41095890410959,4 h,Tam-only,-0.000947037499083377,-0.00211007768078412,0.000193950452516166
6.45205479452055,24 h,Dox-only,7.04394902366415e-05,-0.00169438933744173,0.00180992958088973
6.45205479452055,24 h,Tam-only,-0.00134599485088792,-0.00283584590079768,0.000151284032410297
6.45205479452055,4 h,Dox-only,4.34332658866277e-05,-0.000963337512784166,0.00099744533658209
6.45205479452055,4 h,Tam-only,-0.000895265576237224,-0.00205888965446905,0.000256003570131963
6.49315068493151,24 h,Dox-only,6.70884647160225e-06,-0.00175850981131273,0.00175430341302679
6.49315068493151,24 h,Tam-only,-0.00132345008644225,-0.00280896454958612,0.000191954015578522
6.49315068493151,4 h,Dox-only,-9.33339625777685e-06,-0.00100057608828793,0.000940955335126328
6.49315068493151,4 h,Tam-only,-0.000836868867862495,-0.00198046763825395,0.000316221996198466
6.53424657534247,24 h,Dox-only,-5.62329347835455e-05,-0.00182482538636472,0.00169784499867828
6.53424657534247,24 h,Tam-only,-0.00129730834225111,-0.00279176273643342,0.000240526336596849
6.53424657534247,4 h,Dox-only,-5.50015394594206e-05,-0.00104051484313565,0.000897684726846096
6.53424657534247,4 h,Tam-only,-0.000774077704822837,-0.00192172160182259,0.000378111613241467
6.57534246575342,24 h,Dox-only,-0.000117313847983545,-0.00188184215416689,0.0016618854978619
6.57534246575342,24 h,Tam-only,-0.00126922644265656,-0.00275310098873432,0.000258310116254277
6.57534246575342,4 h,Dox-only,-9.41306767993713e-05,-0.00107297251857266,0.00085727980113263
6.57534246575342,4 h,Tam-only,-0.000709938743192966,-0.00185200200441007,0.000449902475179909
6.61643835616438,24 h,Dox-only,-0.000175591435745776,-0.00194829048703082,0.00161242686018804
6.61643835616438,24 h,Tam-only,-0.00124039020538827,-0.00274569243822771,0.000312721448005171
6.61643835616438,4 h,Dox-only,-0.000126944044463145,-0.00110023133671588,0.000813378253811284
6.61643835616438,4 h,Tam-only,-0.00064616492118403,-0.0017992945546358,0.000512424445986687
6.65753424657534,24 h,Dox-only,-0.000230271365186469,-0.00201695400231562,0.0015661547909943
6.65753424657534,24 h,Tam-only,-0.00121149255072796,-0.0027285436763553,0.000335286697936941
6.65753424657534,4 h,Dox-only,-0.000155512349384365,-0.00113889332756932,0.000779032764181728
6.65753424657534,4 h,Tam-only,-0.000585218981617432,-0.00173213576179401,0.000553971238315142
6.6986301369863,24 h,Dox-only,-0.000280725558837021,-0.00207370444714843,0.00151970120605006
6.6986301369863,24 h,Tam-only,-0.00118332286907217,-0.00271041212626553,0.000359048830960813
6.6986301369863,4 h,Dox-only,-0.000180966465464082,-0.00116022020211124,0.000771754657548992
6.6986301369863,4 h,Tam-only,-0.000528729424551691,-0.00166870413425609,0.000611419138695025
6.73972602739726,24 h,Dox-only,-0.000326520793154594,-0.00212543570987395,0.00149070789671968
6.73972602739726,24 h,Tam-only,-0.00115799237999174,-0.00269154026037901,0.000388145042701185
6.73972602739726,4 h,Dox-only,-0.000204483120911085,-0.00117518584691476,0.000754855184231156
6.73972602739726,4 h,Tam-only,-0.000478082129035003,-0.00162451956666574,0.000667074788760627
6.78082191780822,24 h,Dox-only,-0.000366514222648148,-0.0021729235832046,0.00145523909083228
6.78082191780822,24 h,Tam-only,-0.0011397613591819,-0.00268220698271471,0.000402387269894524
6.78082191780822,4 h,Dox-only,-0.000227246547631295,-0.00119086724294827,0.000725825441818546
6.78082191780822,4 h,Tam-only,-0.000434399805226735,-0.00158246804537769,0.00070943790562681
6.82191780821918,24 h,Dox-only,-0.000401809832363542,-0.0022016343461205,0.00138862607451771
6.82191780821918,24 h,Tam-only,-0.00112233842466723,-0.00268405258781951,0.000422373144520586
6.82191780821918,4 h,Dox-only,-0.000250893654143922,-0.0012257746152078,0.000698523744764867
6.82191780821918,4 h,Tam-only,-0.000399009097365205,-0.00155350541437453,0.000744259384081836
6.86301369863014,24 h,Dox-only,-0.000432837745889945,-0.00222523042346215,0.00134516606462097
6.86301369863014,24 h,Tam-only,-0.00110875708645784,-0.00265998093371677,0.000437260401713097
6.86301369863014,4 h,Dox-only,-0.000276950560457186,-0.0012442094849063,0.000665199570481254
6.86301369863014,4 h,Tam-only,-0.000373676571033127,-0.00151506863766957,0.000771941850409134
6.9041095890411,24 h,Dox-only,-0.000460253353977043,-0.00224674097080684,0.00133162997236646
6.9041095890411,24 h,Tam-only,-0.00110066749085423,-0.00264635568788291,0.00042367262625005
6.9041095890411,4 h,Dox-only,-0.000304979359960093,-0.0012670670125899,0.000635081794489687
6.9041095890411,4 h,Tam-only,-0.000356392557575122,-0.00150340183596752,0.000794391545935697
6.94520547945206,24 h,Dox-only,-0.000484925206006924,-0.00228121816612032,0.00131375575134527
6.94520547945206,24 h,Tam-only,-0.00109875319703548,-0.00265599710201291,0.000433791806209149
6.94520547945206,4 h,Dox-only,-0.000336428433342237,-0.00127861911492013,0.000607607545989959
6.94520547945206,4 h,Tam-only,-0.000347276979434062,-0.00149498801194999,0.000807797874247268
6.98630136986301,24 h,Dox-only,-0.000507917753065891,-0.00228903782699287,0.00129028360372477
6.98630136986301,24 h,Tam-only,-0.0011036276045925,-0.00264186062709635,0.000423514864207364
6.98630136986301,4 h,Dox-only,-0.00037174695202763,-0.00131822245912691,0.000563885435053435
6.98630136986301,4 h,Tam-only,-0.000345806334453837,-0.001488321605652,0.000810609582795095
7.02739726027397,24 h,Dox-only,-0.000530933870718384,-0.00232281486531187,0.00126728367661132
7.02739726027397,24 h,Tam-only,-0.00111786290368717,-0.00266395655867981,0.000423899797292123
7.02739726027397,4 h,Dox-only,-0.000411183231249342,-0.00134954774586711,0.000523664232872176
7.02739726027397,4 h,Tam-only,-0.000351248185519577,-0.00148816399929528,0.000812189119334618
7.06849315068493,24 h,Dox-only,-0.000555149416907513,-0.00232379611892897,0.00122576877634148
7.06849315068493,24 h,Tam-only,-0.0011487767058375,-0.00268810561220059,0.000393379628820688
7.06849315068493,4 h,Dox-only,-0.000454780166190931,-0.00140468354099303,0.000462489850346785
7.06849315068493,4 h,Tam-only,-0.000362690310816101,-0.00150479479865175,0.000792612241530844
7.10958904109589,24 h,Dox-only,-0.00058251830375318,-0.00238808582801378,0.0011956623334076
7.10958904109589,24 h,Tam-only,-0.00118052715739774,-0.00273069385377562,0.000361428007478231
7.10958904109589,4 h,Dox-only,-0.00050374453959607,-0.00145029851358128,0.000419964107479222
7.10958904109589,4 h,Tam-only,-0.000380121813313553,-0.00151521641920609,0.000788383648150292
7.15068493150685,24 h,Dox-only,-0.000614516648411299,-0.00244045447421488,0.00115772761405841
7.15068493150685,24 h,Tam-only,-0.00121915853553146,-0.00275539773028423,0.000307911005219658
7.15068493150685,4 h,Dox-only,-0.000555452102966092,-0.0014983243603453,0.000372751688247557
7.15068493150685,4 h,Tam-only,-0.000400595637394988,-0.00152359798235921,0.000742215702796237
7.19178082191781,24 h,Dox-only,-0.000652544909617511,-0.00247310441428172,0.00110627427278854
7.19178082191781,24 h,Tam-only,-0.00126597843244445,-0.00278375427514495,0.000272797877284598
7.19178082191781,4 h,Dox-only,-0.000609786777523325,-0.00153905467976302,0.000325917921520848
7.19178082191781,4 h,Tam-only,-0.000422962723055774,-0.00153564808725243,0.00074233300055123
7.23287671232877,24 h,Dox-only,-0.000697881337312162,-0.00252912937316733,0.00105752783461631
7.23287671232877,24 h,Tam-only,-0.00132094398167019,-0.00283162822412231,0.000219632908938823
7.23287671232877,4 h,Dox-only,-0.000665911370799258,-0.00159599288505514,0.000268626233180155
7.23287671232877,4 h,Tam-only,-0.000446025302690958,-0.00155805813648403,0.000725582188793215
7.27397260273973,24 h,Dox-only,-0.000751638243109476,-0.00255388720630432,0.00101053231853554
7.27397260273973,24 h,Tam-only,-0.00138391580221318,-0.0029319410514163,0.000157930817313306
7.27397260273973,4 h,Dox-only,-0.000722889019076217,-0.00166802380312873,0.000209280758092289
7.27397260273973,4 h,Tam-only,-0.000468660112166022,-0.00156708836398267,0.000703139064923654
7.31506849315069,24 h,Dox-only,-0.000815408449359054,-0.00264310168004776,0.000955864252964319
7.31506849315069,24 h,Tam-only,-0.00145644633478312,-0.00298844391035324,9.17717053335207e-05
7.31506849315069,4 h,Dox-only,-0.00077971158403943,-0.00173200701090394,0.000155039624021222
7.31506849315069,4 h,Tam-only,-0.000489848035604382,-0.00158455836038427,0.000688617787236812
7.35616438356164,24 h,Dox-only,-0.000890502591953599,-0.00273462344068552,0.000885103035207955
7.35616438356164,24 h,Tam-only,-0.00154696096725503,-0.0030875788959583,-7.31209262642588e-06
7.35616438356164,4 h,Dox-only,-0.000835328582859799,-0.0018063122490506,0.000108703867681221
7.35616438356164,4 h,Tam-only,-0.000508700610943255,-0.00160401917205435,0.000667246421190891
7.3972602739726,24 h,Dox-only,-0.000975861306549475,-0.00284232561375637,0.000794762375414118
7.3972602739726,24 h,Tam-only,-0.00163365866578379,-0.00317415868536732,-8.23655170315285e-05
7.3972602739726,4 h,Dox-only,-0.000889583275967304,-0.0018696444887665,6.20872735129439e-05
7.3972602739726,4 h,Tam-only,-0.000525102514365286,-0.00161744564087651,0.000647690127245546
7.43835616438356,24 h,Dox-only,-0.00107130778787677,-0.00293770198012037,0.000688364917974395
7.43835616438356,24 h,Tam-only,-0.00172534161353434,-0.00328422832978692,-0.000167124053290545
7.43835616438356,4 h,Dox-only,-0.000938540204520347,-0.00192034699582071,1.9224910416967e-05
7.43835616438356,4 h,Tam-only,-0.000536374310621007,-0.00162959767399929,0.000638704614744084
7.47945205479452,24 h,Dox-only,-0.00117639678692831,-0.00302628934178976,0.000569902512470886
7.47945205479452,24 h,Tam-only,-0.0018223192155177,-0.00336147952000249,-0.000265701857931235
7.47945205479452,4 h,Dox-only,-0.000982795290274813,-0.00195389457517123,-1.55661444270704e-05
7.47945205479452,4 h,Tam-only,-0.000543661949782184,-0.00164304560336872,0.000631451988895615
7.52054794520548,24 h,Dox-only,-0.00129043832266561,-0.00312862037382622,0.000454143881605003
7.52054794520548,24 h,Tam-only,-0.0019239039184543,-0.00347665613182314,-0.00035734604951926
7.52054794520548,4 h,Dox-only,-0.00102156814054233,-0.00200827188924512,-5.04310004160101e-05
7.52054794520548,4 h,Tam-only,-0.000546957094245265,-0.00165569535931428,0.000633417139701484
7.56164383561644,24 h,Dox-only,-0.00141252706154199,-0.00324798562303668,0.000335996785235564
7.56164383561644,24 h,Tam-only,-0.00202937195432631,-0.00360850106217606,-0.000471375875485952
7.56164383561644,4 h,Dox-only,-0.0010542080296109,-0.0020430847242071,-7.18665303757824e-05
7.56164383561644,4 h,Tam-only,-0.000546409222267216,-0.00163644355783843,0.000613845340280165
7.6027397260274,24 h,Dox-only,-0.00154199410494991,-0.00340860311188693,0.000210215888942005
7.6027397260274,24 h,Tam-only,-0.00213887011840347,-0.00371222665240847,-0.000593923936840214
7.6027397260274,4 h,Dox-only,-0.00108020539414955,-0.00207298870700584,-8.76111309680116e-05
7.6027397260274,4 h,Tam-only,-0.000542306354360811,-0.00162905605592471,0.00062249583745626
7.64383561643836,24 h,Dox-only,-0.00167748046043563,-0.00354150457879486,8.715083174539e-05
7.64383561643836,24 h,Tam-only,-0.00225971095050714,-0.00384173288728078,-0.000718412212362986
7.64383561643836,4 h,Dox-only,-0.00109920050952099,-0.00209132513821606,-0.000103585728913604
7.64383561643836,4 h,Tam-only,-0.000535053389998402,-0.00163247715947879,0.000630356438283373
7.68493150684931,24 h,Dox-only,-0.00181675069922632,-0.00366883864300709,-2.07876614425633e-05
7.68493150684931,24 h,Tam-only,-0.00237196471656663,-0.00394652114214487,-0.000807546773802141
7.68493150684931,4 h,Dox-only,-0.00111130899626918,-0.00208843754540584,-0.000108459018573545
7.68493150684931,4 h,Tam-only,-0.000525570478342591,-0.00163129629130857,0.000633864494284636
7.72602739726027,24 h,Dox-only,-0.00195851653991481,-0.00382677758017497,-0.00017624539056639
7.72602739726027,24 h,Tam-only,-0.00248476359476207,-0.00406630600595789,-0.000924353535756461
7.72602739726027,4 h,Dox-only,-0.00111439693741777,-0.00208910062612829,-0.000111896061211162
7.72602739726027,4 h,Tam-only,-0.000513347134080203,-0.00162483893069314,0.000647611484477817
7.76712328767123,24 h,Dox-only,-0.00210155921227513,-0.00398267398232564,-0.000314317853254815
7.76712328767123,24 h,Tam-only,-0.00259794195308526,-0.00417320357593406,-0.00104215939843167
7.76712328767123,4 h,Dox-only,-0.00111055539002165,-0.00206990017966238,-0.000105607468366012
7.76712328767123,4 h,Tam-only,-0.000499911863406546,-0.00161303325097386,0.000648782080952051
7.80821917808219,24 h,Dox-only,-0.00224475841434052,-0.00414467224198806,-0.00043152138609598
7.80821917808219,24 h,Tam-only,-0.00271113190335164,-0.00428668157329541,-0.00116658103638716
7.80821917808219,4 h,Dox-only,-0.00110015383247199,-0.00205121659708652,-9.65504789276175e-05
7.80821917808219,4 h,Tam-only,-0.000485811748695983,-0.00160302930257311,0.000651417545977515
7.84931506849315,24 h,Dox-only,-0.00238711557066119,-0.00426503792665456,-0.000580047114397013
7.84931506849315,24 h,Tam-only,-0.00282407033645458,-0.004410102595251,-0.00129235281568573
7.84931506849315,4 h,Dox-only,-0.00108366835276121,-0.00203396261154178,-6.1394603206473e-05
7.84931506849315,4 h,Tam-only,-0.000471547735805461,-0.00158503636237007,0.000666319455098243
7.89041095890411,24 h,Dox-only,-0.00252796397401366,-0.00439768452915433,-0.000728663351565193
7.89041095890411,24 h,Tam-only,-0.00293679367444942,-0.00450477800796687,-0.00139769888844396
7.89041095890411,4 h,Dox-only,-0.00106166455097484,-0.00201214999221724,-4.1122500561941e-05
7.89041095890411,4 h,Tam-only,-0.000457564807820776,-0.00158157277112902,0.000692354069702795
7.93150684931507,24 h,Dox-only,-0.00266560181340864,-0.00453279786950182,-0.000838867469392139
7.93150684931507,24 h,Tam-only,-0.00305535176987237,-0.00460790089437653,-0.00152890876531304
7.93150684931507,4 h,Dox-only,-0.0010347794742509,-0.00199270979251394,-1.11705010533478e-05
7.93150684931507,4 h,Tam-only,-0.000444245595078718,-0.0015663379724628,0.000698678248143108
7.97260273972603,24 h,Dox-only,-0.00280007336101698,-0.00469031282851605,-0.000975612349256335
7.97260273972603,24 h,Tam-only,-0.00316613893451792,-0.00472981639330818,-0.00163882700958078
7.97260273972603,4 h,Dox-only,-0.00100393921517614,-0.0019894144082157,2.01166204333596e-05
7.97260273972603,4 h,Tam-only,-0.000432392719915117,-0.00156049397091778,0.000712576990130583
8.01369863013699,24 h,Dox-only,-0.00293108288633895,-0.004850171307118,-0.0010796305243518
8.01369863013699,24 h,Tam-only,-0.00327669466154237,-0.00483555609740982,-0.00173652699995458
8.01369863013699,4 h,Dox-only,-0.00096893541990091,-0.00196984022459399,5.88994133770969e-05
8.01369863013699,4 h,Tam-only,-0.000421587594836459,-0.00152633486807621,0.000723621181822467
8.05479452054795,24 h,Dox-only,-0.00305837582407073,-0.00498490650441278,-0.00119513010149013
8.05479452054795,24 h,Tam-only,-0.00338718562332203,-0.00495884129892183,-0.00182936632436523
8.05479452054795,4 h,Dox-only,-0.000931521031081406,-0.00193609766950918,9.14947741391267e-05
8.05479452054795,4 h,Tam-only,-0.000412294657239659,-0.00150089170091696,0.000724534932249578
8.0958904109589,24 h,Dox-only,-0.00318174632173235,-0.00511046106360761,-0.00129965395983857
8.0958904109589,24 h,Tam-only,-0.00349777690245418,-0.00506608561779694,-0.0019139777974165
8.0958904109589,4 h,Dox-only,-0.000892350324609659,-0.00190858021875272,0.000142736133510433
8.0958904109589,4 h,Tam-only,-0.00040467756686674,-0.00148460186787952,0.000743678166418685
8.13698630136986,24 h,Dox-only,-0.00330100806880251,-0.00523660950543535,-0.00141867139548146
8.13698630136986,24 h,Tam-only,-0.00360860864244764,-0.00520846566313027,-0.00200609812685022
8.13698630136986,4 h,Dox-only,-0.000852018932466878,-0.00186948237076531,0.000185986823350851
8.13698630136986,4 h,Tam-only,-0.000398901332372054,-0.00148089290115366,0.000756062717544454
8.17808219178082,24 h,Dox-only,-0.00341596465718776,-0.00535538847793819,-0.00150784686847578
8.17808219178082,24 h,Tam-only,-0.00371977343363628,-0.00529171281124334,-0.00212400261596511
8.17808219178082,4 h,Dox-only,-0.000811050999069002,-0.0018371635941188,0.000225983745364058
8.17808219178082,4 h,Tam-only,-0.000395143991968785,-0.00149295194593744,0.00075316380462815
8.21917808219178,24 h,Dox-only,-0.00352549640605852,-0.00549296227096793,-0.00160420766204094
8.21917808219178,24 h,Tam-only,-0.0038335145578733,-0.00541041032301672,-0.00224264603693579
8.21917808219178,4 h,Dox-only,-0.00076988805838292,-0.00179137845892015,0.000276944520406723
8.21917808219178,4 h,Tam-only,-0.000393606367682597,-0.00149462870578455,0.000749715285741077
8.26027397260274,24 h,Dox-only,-0.00362978157248572,-0.00559215476914412,-0.00168779090513175
8.26027397260274,24 h,Tam-only,-0.00394432447535119,-0.00553482495378248,-0.00236054293853643
8.26027397260274,4 h,Dox-only,-0.000729156170178755,-0.00175788818947782,0.000328536937267499
8.26027397260274,4 h,Tam-only,-0.000395006913046267,-0.00149136359328344,0.00074885517577038
8.3013698630137,24 h,Dox-only,-0.00372845397144127,-0.00568272003500412,-0.00180031561007574
8.3013698630137,24 h,Tam-only,-0.00405507772076749,-0.00568178385752416,-0.00247934665269669
8.3013698630137,4 h,Dox-only,-0.000688608459665702,-0.00171848645059741,0.000368026357023073
8.3013698630137,4 h,Tam-only,-0.000399291133775875,-0.00149506483015345,0.000719374491848419
8.34246575342466,24 h,Dox-only,-0.00382088319162188,-0.0057810882701185,-0.00190771633206139
8.34246575342466,24 h,Tam-only,-0.00416542225514621,-0.00579832168167937,-0.0025795205891719
8.34246575342466,4 h,Dox-only,-0.000648567192296473,-0.0016801360683503,0.000398105733538658
8.34246575342466,4 h,Tam-only,-0.000406733247387034,-0.00151006557912124,0.000723741001196271
8.38356164383562,24 h,Dox-only,-0.00390632555190637,-0.0058734665363587,-0.0020058690658301
8.38356164383562,24 h,Tam-only,-0.00427490481385645,-0.00589719662076443,-0.00269177024622178
8.38356164383562,4 h,Dox-only,-0.000608997527016111,-0.0016339664745849,0.000439873299130971
8.38356164383562,4 h,Tam-only,-0.000417606215315128,-0.00153416387877667,0.000711231575450144
8.42465753424658,24 h,Dox-only,-0.00398393114487623,-0.00592722372837039,-0.00204921867128794
8.42465753424658,24 h,Tam-only,-0.00438297767489845,-0.00601237034333609,-0.00279051567527538
8.42465753424658,4 h,Dox-only,-0.000569789428519638,-0.00160175050105619,0.000481004858971683
8.42465753424658,4 h,Tam-only,-0.000432136873821321,-0.00156506749334957,0.000698872516163512
8.46575342465753,24 h,Dox-only,-0.00405275527083221,-0.005999146286477,-0.0021545880540015
8.46575342465753,24 h,Tam-only,-0.0044890078439826,-0.00613408293980397,-0.00289113751861052
8.46575342465753,4 h,Dox-only,-0.00053077085612234,-0.00157411298488353,0.000525372487377367
8.46575342465753,4 h,Tam-only,-0.000450478033414886,-0.00159539149980997,0.000657919727643983
8.50684931506849,24 h,Dox-only,-0.00410970429133226,-0.00604882262569519,-0.00217048350954102
8.50684931506849,24 h,Tam-only,-0.00458976432610017,-0.00623087335151747,-0.00297790617844248
8.50684931506849,4 h,Dox-only,-0.000491722553673454,-0.00153797918962585,0.000579821265056852
8.50684931506849,4 h,Tam-only,-0.000472679092303863,-0.001626993967271,0.000651126088370614
8.54794520547945,24 h,Dox-only,-0.00415507076563017,-0.00607850865275633,-0.0022145352910031
8.54794520547945,24 h,Tam-only,-0.00468781649975539,-0.00636026409735434,-0.0030748358344222
8.54794520547945,4 h,Dox-only,-0.000452242206799638,-0.00149821111556835,0.00063168920455629
8.54794520547945,4 h,Tam-only,-0.000499041558779917,-0.00164737017397093,0.000622481751133633
8.58904109589041,24 h,Dox-only,-0.0041879682343454,-0.00610985912716799,-0.0022517783908364
8.58904109589041,24 h,Tam-only,-0.00478119582226397,-0.0064601282054133,-0.00315438356310102
8.58904109589041,4 h,Dox-only,-0.000412098593141549,-0.00145559912460245,0.000676851014173911
8.58904109589041,4 h,Tam-only,-0.0005288647582814,-0.00168893805133864,0.000578269683660676
8.63013698630137,24 h,Dox-only,-0.00420739120301412,-0.00615619178324347,-0.00224517802543822
8.63013698630137,24 h,Tam-only,-0.00486902808907437,-0.00657423194150211,-0.00321674347924801
8.63013698630137,4 h,Dox-only,-0.000371112851647024,-0.00140641896586229,0.000713326507293761
8.63013698630137,4 h,Tam-only,-0.000561184141370366,-0.00173318074257565,0.000549846494693828
8.67123287671233,24 h,Dox-only,-0.00421241990206268,-0.00615065026923929,-0.0022428707790578
8.67123287671233,24 h,Tam-only,-0.00495041222178362,-0.00665302191175695,-0.00328730935984214
8.67123287671233,4 h,Dox-only,-0.000329154223449979,-0.0013819566399915,0.000762376725296966
8.67123287671233,4 h,Tam-only,-0.000595058023130396,-0.00177290382218776,0.000518659021023085
8.71232876712329,24 h,Dox-only,-0.00420224875709037,-0.00613796978674997,-0.00220961991713789
8.71232876712329,24 h,Tam-only,-0.0050244240903841,-0.00671397515292053,-0.00334331619096575
8.71232876712329,4 h,Dox-only,-0.000286168483278546,-0.00135956225910093,0.000809302133109268
8.71232876712329,4 h,Tam-only,-0.000629307888462743,-0.00181103183928922,0.000470546760678481
8.75342465753425,24 h,Dox-only,-0.00417621359112895,-0.00612829409491994,-0.0021924772101879
8.75342465753425,24 h,Tam-only,-0.00509011916315011,-0.00676946507260031,-0.00342119774816588
8.75342465753425,4 h,Dox-only,-0.000242189051245012,-0.00133222878997427,0.000853857009323171
8.75342465753425,4 h,Tam-only,-0.000662528126236933,-0.00184748954600666,0.000444844280707336
8.7945205479452,24 h,Dox-only,-0.0041309317309995,-0.00609764726332862,-0.00210177461686841
8.7945205479452,24 h,Tam-only,-0.00514105741854486,-0.00678296210391107,-0.0034722397919469
8.7945205479452,4 h,Dox-only,-0.000197345872466795,-0.00127822968220592,0.00089837829881183
8.7945205479452,4 h,Tam-only,-0.000693102333950257,-0.00188129140380805,0.000409581748375147
8.83561643835616,24 h,Dox-only,-0.00406862881450429,-0.00603180391680055,-0.00204445405877812
8.83561643835616,24 h,Tam-only,-0.00518450148714282,-0.0068087401766341,-0.00349867911353088
8.83561643835616,4 h,Dox-only,-0.000151494371115529,-0.00121915964544038,0.000965246669383134
8.83561643835616,4 h,Tam-only,-0.000717776725482455,-0.00191661263166251,0.0003947692374244
8.87671232876712,24 h,Dox-only,-0.00398984165715072,-0.00596034850602896,-0.00198322706614166
8.87671232876712,24 h,Tam-only,-0.00521623367876878,-0.00683749171028302,-0.00353875026646575
8.87671232876712,4 h,Dox-only,-0.000105899932572026,-0.00117436364987436,0.0010086382321037
8.87671232876712,4 h,Tam-only,-0.000735030461816846,-0.00193467806438261,0.000366337317826368
8.91780821917808,24 h,Dox-only,-0.00389493540480337,-0.00587508984792072,-0.00188313271563433
8.91780821917808,24 h,Tam-only,-0.00523524894443417,-0.00684724114428669,-0.00356051119153823
8.91780821917808,4 h,Dox-only,-6.07935962004813e-05,-0.00112994393811451,0.00103670071952799
8.91780821917808,4 h,Tam-only,-0.000742836526286039,-0.0019534904989434,0.000351372625856501
8.95890410958904,24 h,Dox-only,-0.00378450650582637,-0.00574701052414995,-0.00176217923413812
8.95890410958904,24 h,Tam-only,-0.00524057136866726,-0.00684138733689897,-0.00357009717662827
8.95890410958904,4 h,Dox-only,-1.67556335014807e-05,-0.00109289297080709,0.00108517866514598
8.95890410958904,4 h,Tam-only,-0.000739257441426139,-0.00192242797802375,0.000365476105677842
9,24 h,Dox-only,-0.00365937864370058,-0.00560552401280255,-0.00167679382472448
9,24 h,Tam-only,-0.00523127648209104,-0.00679773594538051,-0.00355976111948324
9,4 h,Dox-only,2.55909990829195e-05,-0.00102894247098832,0.0011218954366965
9,4 h,Tam-only,-0.000722489505600638,-0.00190392694802818,0.000387179221447953
9.04109589041096,24 h,Dox-only,-0.00352059531063831,-0.00545313133272178,-0.00155677992471026
9.04109589041096,24 h,Tam-only,-0.00520651683512771,-0.0067664613918694,-0.00354043519045675
9.04109589041096,4 h,Dox-only,6.56019241937478e-05,-0.000978909423899865,0.00116440253400274
9.04109589041096,4 h,Tam-only,-0.00069092275863003,-0.0018410129557425,0.000418371823583617
9.08219178082192,24 h,Dox-only,-0.0033676613159484,-0.00527895176570396,-0.00140963648131465
9.08219178082192,24 h,Tam-only,-0.00515882143195276,-0.00671093965369878,-0.00351258002032655
9.08219178082192,4 h,Dox-only,0.000102634133709145,-0.000943471810187997,0.00118393131100339
9.08219178082192,4 h,Tam-only,-0.000643199505739101,-0.0018070941763223,0.000459338920235095
9.12328767123288,24 h,Dox-only,-0.00320424794578406,-0.00508294091387066,-0.0012512481075911
9.12328767123288,24 h,Tam-only,-0.0050975577481949,-0.00662777882050932,-0.00346556971283177
9.12328767123288,4 h,Dox-only,0.000135830736578524,-0.000918009179436349,0.00121584970469843
9.12328767123288,4 h,Tam-only,-0.000574572107487875,-0.00173056282450742,0.000545027358475742
9.16438356164383,24 h,Dox-only,-0.00303243336914882,-0.00491734059381399,-0.0010934701368723
9.16438356164383,24 h,Tam-only,-0.00501921563017169,-0.0065336304069102,-0.00339606610588791
9.16438356164383,4 h,Dox-only,0.000164061602983601,-0.000892750789364487,0.00125988194075295
9.16438356164383,4 h,Tam-only,-0.000488184947207843,-0.00163553038875561,0.000629816032687011
9.20547945205479,24 h,Dox-only,-0.00285403006533103,-0.00476335513058364,-0.00091594000760913
9.20547945205479,24 h,Tam-only,-0.00492392772572245,-0.00642764378377201,-0.00330721200536602
9.20547945205479,4 h,Dox-only,0.000187603668514669,-0.000878828203231646,0.00129105388139768
9.20547945205479,4 h,Tam-only,-0.000384176813020387,-0.00151811896105027,0.000744095441586294
9.24657534246575,24 h,Dox-only,-0.00267091082910179,-0.00459043322837963,-0.000689963020521907
9.24657534246575,24 h,Tam-only,-0.00481214187876847,-0.00630399507979674,-0.00321466996618589
9.24657534246575,4 h,Dox-only,0.000206260605839947,-0.00087169526634354,0.00130510997185235
9.24657534246575,4 h,Tam-only,-0.000263172294526493,-0.00139270489356881,0.000871376256405356
9.28767123287671,24 h,Dox-only,-0.00248497586198213,-0.0044065232333852,-0.000499710938339317
9.28767123287671,24 h,Tam-only,-0.00468464205517674,-0.00618352171192663,-0.0030718129624806
9.28767123287671,4 h,Dox-only,0.000219991515168966,-0.000862424797159489,0.00131938347191898
9.28767123287671,4 h,Tam-only,-0.000126222542129073,-0.00124050715029707,0.00101195889301231
9.32876712328767,24 h,Dox-only,-0.00229811906192665,-0.00419715000663942,-0.000280639996743683
9.32876712328767,24 h,Tam-only,-0.00454256327606259,-0.00604126224325595,-0.00294578437496961
9.32876712328767,4 h,Dox-only,0.000228921647901115,-0.000854653481263053,0.00133159344475632
9.32876712328767,4 h,Tam-only,2.5214137656715e-05,-0.00107970224096616,0.00114147222236326
9.36986301369863,24 h,Dox-only,-0.0021124987105286,-0.0039823275065858,-8.93999525621781e-05
9.36986301369863,24 h,Tam-only,-0.00438121281818593,-0.00589898092402449,-0.00279723918688186
9.36986301369863,4 h,Dox-only,0.000233889177613522,-0.000869005651783841,0.00134034934929298
9.36986301369863,4 h,Tam-only,0.000189750797815386,-0.000915765849304399,0.00128837863396975
9.41095890410959,24 h,Dox-only,-0.00193058445149835,-0.00382207201541095,8.36780634485871e-05
9.41095890410959,24 h,Tam-only,-0.0042136746226957,-0.00574889458956694,-0.00262128043070527
9.41095890410959,4 h,Dox-only,0.00023369242362134,-0.000851587291048276,0.00133728645184147
9.41095890410959,4 h,Tam-only,0.000365620868766292,-0.000718282084911235,0.00146498001132794
9.45205479452055,24 h,Dox-only,-0.00175361716136732,-0.00367006109563822,0.000255207524492331
9.45205479452055,24 h,Tam-only,-0.00403852787661638,-0.00558311594874326,-0.0024519865841856
9.45205479452055,4 h,Dox-only,0.000230616633729669,-0.000882945387175828,0.00131906152814466
9.45205479452055,4 h,Tam-only,0.000548053351724004,-0.000523204152438453,0.00165460256301337
9.49315068493151,24 h,Dox-only,-0.00158289201642739,-0.00349116202298442,0.000402897514960504
9.49315068493151,24 h,Tam-only,-0.00385844398158711,-0.0054087996025407,-0.00227977705061325
9.49315068493151,4 h,Dox-only,0.0002256101060511,-0.000886672306314463,0.00131197739568788
9.49315068493151,4 h,Tam-only,0.000734287830900182,-0.000339200199929392,0.00184156080937531
9.53424657534246,24 h,Dox-only,-0.00141949389195412,-0.00332635550247593,0.000537305665814173
9.53424657534246,24 h,Tam-only,-0.00367625013428935,-0.00524619432330896,-0.00209628199409183
9.53424657534246,4 h,Dox-only,0.00021972946244081,-0.000894226250476842,0.00129986515576943
9.53424657534246,4 h,Tam-only,0.000921521416090365,-0.000143798384177823,0.00202574182015922
9.57534246575342,24 h,Dox-only,-0.00126428043526947,-0.00318681537285198,0.000680810831210257
9.57534246575342,24 h,Tam-only,-0.00349486253688538,-0.00507921759981141,-0.00193236591194363
9.57534246575342,4 h,Dox-only,0.000214111998287497,-0.000907485567950746,0.00129604242792578
9.57534246575342,4 h,Tam-only,0.00110696983714059,4.63339640505927e-05,0.00220696235729959
9.61643835616438,24 h,Dox-only,-0.00111786849680659,-0.00303683698856849,0.000849187226590921
9.61643835616438,24 h,Tam-only,-0.00331721573494101,-0.00492587239747188,-0.00174965452573347
9.61643835616438,4 h,Dox-only,0.000209945889697222,-0.000908573060440844,0.00128787223180912
9.61643835616438,4 h,Tam-only,0.00128792558968655,0.000233845117342698,0.00238184523826778
9.65753424657534,24 h,Dox-only,-0.000981686997277742,-0.00289985056515929,0.000996289743951289
9.65753424657534,24 h,Tam-only,-0.0031423549221303,-0.00476137101178583,-0.00156804109481101
9.65753424657534,4 h,Dox-only,0.000209013044228185,-0.000909641279859479,0.00128083987496311
9.65753424657534,4 h,Tam-only,0.00146186690920161,0.000410051761030187,0.00254857580730108
9.6986301369863,24 h,Dox-only,-0.000855391174169495,-0.00278318246843753,0.00112088869041753
9.6986301369863,24 h,Tam-only,-0.00298370749824536,-0.00460350482774894,-0.0014058532042856
9.6986301369863,4 h,Dox-only,0.000212487302113984,-0.000884511362124315,0.00126474788385654
9.6986301369863,4 h,Tam-only,0.00162365283673588,0.000570053881962201,0.00270751970495152
9.73972602739726,24 h,Dox-only,-0.000737856734490616,-0.00264935872620469,0.0012373253572924
9.73972602739726,24 h,Tam-only,-0.0028377700777216,-0.00445938531644393,-0.00124485265745399
9.73972602739726,4 h,Dox-only,0.000221370890722994,-0.000861807646027658,0.00127066347976409
9.73972602739726,4 h,Tam-only,0.00177302695045947,0.000710834140324036,0.00284564896646093
9.78082191780822,24 h,Dox-only,-0.000628490697811429,-0.00252947166407171,0.0013150102725369
9.78082191780822,24 h,Tam-only,-0.0027063006333605,-0.00431743548954092,-0.00114215879646468
9.78082191780822,4 h,Dox-only,0.000236504016371347,-0.000838160611324609,0.00129327067025588
9.78082191780822,4 h,Tam-only,0.0019084096843334,0.000827262768018425,0.00295345759339861
9.82191780821918,24 h,Dox-only,-0.000526497379167629,-0.00239940284999049,0.00139366712897096
9.82191780821918,24 h,Tam-only,-0.00259061046843301,-0.00418289080303163,-0.00104431092888139
9.82191780821918,4 h,Dox-only,0.000258537351005062,-0.000813476833830187,0.00130862990498602
9.82191780821918,4 h,Tam-only,0.00202851545458227,0.000953946424311266,0.0030725489198679
9.86301369863014,24 h,Dox-only,-0.000430899170899779,-0.00232965306949924,0.0014804830674
9.86301369863014,24 h,Tam-only,-0.0024915274898708,-0.00407186553586429,-0.000962591389746085
9.86301369863014,4 h,Dox-only,0.000287907590559994,-0.000801265309979009,0.0013316079083993
9.86301369863014,4 h,Tam-only,0.00213234887932376,0.00106211577375377,0.00317425113964397
9.9041095890411,24 h,Dox-only,-0.000340559251745171,-0.0022259736515559,0.00155354426031546
9.9041095890411,24 h,Tam-only,-0.00240936752882967,-0.00397203281901348,-0.0009086708636522
9.9041095890411,4 h,Dox-only,0.000324816680043166,-0.000749586800708967,0.001368393187659
9.9041095890411,4 h,Tam-only,0.00221919651556315,0.00114254908466881,0.00325783606321493
9.94520547945205,24 h,Dox-only,-0.000254345322688754,-0.00214457160799257,0.00162303754829798
9.94520547945205,24 h,Tam-only,-0.00234170218633201,-0.00390985981190215,-0.000840090522625421
9.94520547945205,4 h,Dox-only,0.000369929199782265,-0.000698361108577773,0.00141423817701961
9.94520547945205,4 h,Tam-only,0.00228793706665603,0.00122489497514218,0.00333324419133384
9.98630136986301,24 h,Dox-only,-0.000170426627650405,-0.00204939001085097,0.00171410483856556
9.98630136986301,24 h,Tam-only,-0.00229495416592879,-0.00383488068612032,-0.000800539779340396
9.98630136986301,4 h,Dox-only,0.000422641597490725,-0.000634316671895532,0.00147247737613847
9.98630136986301,4 h,Tam-only,0.00233616137796541,0.00128429361676757,0.00337704965287598
10.027397260274,24 h,Dox-only,-8.69300703337239e-05,-0.00196737659917355,0.00179900764658757
10.027397260274,24 h,Tam-only,-0.00226164124717534,-0.0037747962299524,-0.000780714079890896
10.027397260274,4 h,Dox-only,0.00048135744997152,-0.000565705593521103,0.00152847603182481
10.027397260274,4 h,Tam-only,0.00236700706543749,0.00132233529606525,0.00340576142271371
10.0684931506849,24 h,Dox-only,-2.38751876202592e-06,-0.00185884451683578,0.00185738615094935
10.0684931506849,24 h,Tam-only,-0.002239527550631,-0.0037434577921272,-0.000744044836893319
10.0684931506849,4 h,Dox-only,0.000545015637416851,-0.000489304130715171,0.00157929899350856
10.0684931506849,4 h,Tam-only,0.00238084380672887,0.00132441929446936,0.00342249647432403
10.1095890410959,24 h,Dox-only,8.46407331427379e-05,-0.00176625911385682,0.00194256992649909
10.1095890410959,24 h,Tam-only,-0.00222597058204049,-0.00369851122003458,-0.000725825434416048
10.1095890410959,4 h,Dox-only,0.000612359125035655,-0.000426417118676714,0.00164006848937341
10.1095890410959,4 h,Tam-only,0.00237817594707476,0.00132971838720372,0.003417498160977
10.1506849315068,24 h,Dox-only,0.000175539260195812,-0.00167592655426763,0.00200848149484542
10.1506849315068,24 h,Tam-only,-0.00221797374086846,-0.00366744862877908,-0.000716372226977736
10.1506849315068,4 h,Dox-only,0.000681967570606207,-0.000367432760647592,0.00171329518736691
10.1506849315068,4 h,Tam-only,0.00235962465072434,0.00130816362676244,0.00340184635570239
10.1917808219178,24 h,Dox-only,0.000271611255600157,-0.00156315901629554,0.00210485521526083
10.1917808219178,24 h,Tam-only,-0.00221224376371607,-0.00364113612993688,-0.000720001687536066
10.1917808219178,4 h,Dox-only,0.000752293158788192,-0.000276612614014751,0.00177524382567288
10.1917808219178,4 h,Tam-only,0.00232591218321415,0.00128611328739959,0.00336073730800526
10.2328767123288,24 h,Dox-only,0.000374958905564632,-0.0014424747438741,0.00216931750824327
10.2328767123288,24 h,Tam-only,-0.00220274274877172,-0.00363168420673797,-0.000744547079015167
10.2328767123288,4 h,Dox-only,0.000821633493378215,-0.000191813458865708,0.00183839826646658
10.2328767123288,4 h,Tam-only,0.00227695978820672,0.00123748313429173,0.00329764734351668
10.2739726027397,24 h,Dox-only,0.000486624896900573,-0.00132898247435205,0.00226679455559643
10.2739726027397,24 h,Tam-only,-0.00218856322146932,-0.00361394543204487,-0.000735329212885554
10.2739726027397,4 h,Dox-only,0.000887190395216619,-0.000127421006252536,0.00189661393562865
10.2739726027397,4 h,Tam-only,0.00221307683344818,0.00117543375425045,0.00322968713432564
10.3150684931507,24 h,Dox-only,0.000606805583735659,-0.00118994606746033,0.00239029412999028
10.3150684931507,24 h,Tam-only,-0.00216391026371227,-0.00359459639428512,-0.000713981257166665
10.3150684931507,4 h,Dox-only,0.000947749621099614,-6.12810764768296e-05,0.00195755931960455
10.3150684931507,4 h,Tam-only,0.00213726272554818,0.00111325365929681,0.00315699172882147
10.3561643835616,24 h,Dox-only,0.000735978276261984,-0.00104670441114656,0.00253772027581555
10.3561643835616,24 h,Tam-only,-0.00212525034662359,-0.00354982714187533,-0.000683378326023715
10.3561643835616,4 h,Dox-only,0.00100187146696956,3.21560332798567e-06,0.00200609835667843
10.3561643835616,4 h,Tam-only,0.00205060995633327,0.0010440987359663,0.00307587114564168
10.3972602739726,24 h,Dox-only,0.0008743806754683,-0.000932972875035894,0.00266439206843699
10.3972602739726,24 h,Tam-only,-0.00206928060393483,-0.0034969211927915,-0.000634522781564361
10.3972602739726,4 h,Dox-only,0.00104827927686793,4.76584162274828e-05,0.00202755114627481
10.3972602739726,4 h,Tam-only,0.00195427625819347,0.000951398966856556,0.00296859733817225
10.4383561643836,24 h,Dox-only,0.00102199401385522,-0.000763912297440982,0.00280589743604692
10.4383561643836,24 h,Tam-only,-0.00199300817115211,-0.00342387075168092,-0.00055284353993461
10.4383561643836,4 h,Dox-only,0.00108588797702686,9.2577939751562e-05,0.00206021781301125
10.4383561643836,4 h,Tam-only,0.00184948322375006,0.000854989220802955,0.00285059720262752
10.4794520547945,24 h,Dox-only,0.001178528153607,-0.000580222999504178,0.00294028178456502
10.4794520547945,24 h,Tam-only,-0.00189382761254425,-0.0033261113840185,-0.00044457963252365
10.4794520547945,4 h,Dox-only,0.00111382838149227,0.000130510829240525,0.00208397617042607
10.4794520547945,4 h,Tam-only,0.00173751406410666,0.000744461241647276,0.00274583579092165
10.5205479452055,24 h,Dox-only,0.00134408969684138,-0.00037496894644547,0.00310262799058007
10.5205479452055,24 h,Tam-only,-0.0017671234090364,-0.00322115161524665,-0.000336937411195845
10.5205479452055,4 h,Dox-only,0.0011303555360386,0.000157070907841559,0.00208918957082484
10.5205479452055,4 h,Tam-only,0.00161929874552039,0.000643115913363886,0.00260479052780402
10.5616438356164,24 h,Dox-only,0.00151729154140143,-0.000186934086153022,0.00325654876866103
10.5616438356164,24 h,Tam-only,-0.00161112839117697,-0.00306358407802387,-0.000192221745739642
10.5616438356164,4 h,Dox-only,0.00113511403938835,0.000183068030490492,0.0020966512750606
10.5616438356164,4 h,Tam-only,0.00149679209083292,0.000529363415274585,0.00249305157956926
10.6027397260274,24 h,Dox-only,0.00169588176245145,-4.13868578923127e-07,0.00340156538720054
10.6027397260274,24 h,Tam-only,-0.0014278383352456,-0.00287246954248621,-8.90606851311666e-06
10.6027397260274,4 h,Dox-only,0.00112929373431661,0.000177135689792463,0.00207287305721701
10.6027397260274,4 h,Tam-only,0.00137203757127652,0.000411407986455101,0.00234498164494167
10.6438356164384,24 h,Dox-only,0.00187814240418957,0.000179277789515101,0.00358031582049807
10.6438356164384,24 h,Tam-only,-0.00121763651886411,-0.00266262354591064,0.000188864820765127
10.6438356164384,4 h,Dox-only,0.00111322387086149,0.000148669199584368,0.00205979701936666
10.6438356164384,4 h,Tam-only,0.00124648356547735,0.000295166087438344,0.00222077296836657
10.6849315068493,24 h,Dox-only,0.00206210685425567,0.000389906364652787,0.00375720724285637
10.6849315068493,24 h,Tam-only,-0.000981610397585681,-0.00242045439547782,0.000405439956889851
10.6849315068493,4 h,Dox-only,0.00108742877882478,0.000130458669037265,0.00202069568631466
10.6849315068493,4 h,Tam-only,0.00112155701759395,0.000190897548280651,0.0020916198022319
10.7260273972603,24 h,Dox-only,0.00224558865943245,0.000573064322293842,0.00393844529696442
10.7260273972603,24 h,Tam-only,-0.000721544055285267,-0.00214667121643588,0.000657559670114881
10.7260273972603,4 h,Dox-only,0.00105260279866634,9.63970848919693e-05,0.00199088255670358
10.7260273972603,4 h,Tam-only,0.000998642908195735,6.67282822812261e-05,0.0019673057754175
10.7671232876712,24 h,Dox-only,0.00242621562428091,0.00077203396644067,0.0041151637520325
10.7671232876712,24 h,Tam-only,-0.000439898718637755,-0.00185141056293124,0.000929485367838876
10.7671232876712,4 h,Dox-only,0.00100958306645091,6.69765058035475e-05,0.00194025641783571
10.7671232876712,4 h,Tam-only,0.000879063010995884,-4.14388502508724e-05,0.00183874256869069
10.8082191780822,24 h,Dox-only,0.00260061670934814,0.000955991111598539,0.00426056576222394
10.8082191780822,24 h,Tam-only,-0.000140553735903964,-0.00154667497868378,0.00122252544550109
10.8082191780822,4 h,Dox-only,0.000958385034246167,1.73784770743167e-05,0.00187571319417047
10.8082191780822,4 h,Tam-only,0.000764673649390757,-0.000137968316328909,0.00172191289890425
10.8493150684932,24 h,Dox-only,0.002765192937938,0.00113362630079178,0.00440905964642491
10.8493150684932,24 h,Tam-only,0.000175036300391507,-0.00123198864685293,0.00152216378228212
10.8493150684932,4 h,Dox-only,0.000901140521615107,-3.46552386113995e-05,0.00182041648340212
10.8493150684932,4 h,Tam-only,0.000656930720388749,-0.000226082321193959,0.00160945071521479
10.8904109589041,24 h,Dox-only,0.00291793521785727,0.00128507170599959,0.00452930073306053
10.8904109589041,24 h,Tam-only,0.000498787649319765,-0.000883638668766862,0.00183542394543058
10.8904109589041,4 h,Dox-only,0.000839291247158286,-8.66695290320941e-05,0.00175728354670239
10.8904109589041,4 h,Tam-only,0.000556160367389008,-0.000328354869641275,0.00148979844055914
10.9315068493151,24 h,Dox-only,0.00305640277042266,0.0014387390899969,0.00466146232274401
10.9315068493151,24 h,Tam-only,0.000825947730937082,-0.000550465946246612,0.00213265023878714
10.9315068493151,4 h,Dox-only,0.000773865970363497,-0.000133417647971148,0.00169260108191195
10.9315068493151,4 h,Tam-only,0.00046300392493151,-0.00041316920509191,0.0013797095069424
10.972602739726,24 h,Dox-only,0.00317834429891788,0.00158985048242099,0.00475961545436935
10.972602739726,24 h,Tam-only,0.00115163427239649,-0.000217413546963977,0.00246711067973507
10.972602739726,4 h,Dox-only,0.000705842942155699,-0.000205831024750517,0.00162517058879025
10.972602739726,4 h,Tam-only,0.000377916019134728,-0.000492088307905811,0.00127861773382012
11.013698630137,24 h,Dox-only,0.00328175417259388,0.00169518803716277,0.00485106857979938
11.013698630137,24 h,Tam-only,0.0014709472539266,0.000116505308925815,0.00278048932456018
11.013698630137,4 h,Dox-only,0.00063613316091915,-0.000251731318251958,0.00154803030442747
11.013698630137,4 h,Tam-only,0.000301158088738873,-0.000555210672653433,0.00118140044170488
11.0547945205479,24 h,Dox-only,0.00336492498950107,0.00179241784889165,0.00491021170399966
11.0547945205479,24 h,Tam-only,0.00177908147914746,0.000432489774028743,0.00305528028796729
11.0547945205479,4 h,Dox-only,0.000565566344148477,-0.000319345808927146,0.00147575059031591
11.0547945205479,4 h,Tam-only,0.000232794488702157,-0.000602214944134405,0.0011126471889423
11.0958904109589,24 h,Dox-only,0.00342468951199297,0.00186100774818558,0.00498001143447134
11.0958904109589,24 h,Tam-only,0.00206686405191134,0.000724874583514907,0.00332658525599543
11.0958904109589,4 h,Dox-only,0.000494703594280443,-0.000378518159290078,0.00139681958758595
11.0958904109589,4 h,Tam-only,0.000173634653678686,-0.000651313336166448,0.00102381811262671
11.1369863013699,24 h,Dox-only,0.00345915767546032,0.00191362938785726,0.00500661490875641
11.1369863013699,24 h,Tam-only,0.00233392082519802,0.00101505230429713,0.00358939417805815
11.1369863013699,4 h,Dox-only,0.000424895458675065,-0.000444098361174561,0.00131545245387076
11.1369863013699,4 h,Tam-only,0.000122740308450192,-0.000691054026437572,0.00095940169568076
11.1780821917808,24 h,Dox-only,0.00347075900011022,0.00196188722583077,0.00498525495091959
11.1780821917808,24 h,Tam-only,0.0025760209882051,0.00128794283565875,0.00379184644479439
11.1780821917808,4 h,Dox-only,0.000356297292382707,-0.000509499406501707,0.00123294595402656
11.1780821917808,4 h,Tam-only,7.87901831884041e-05,-0.0007286824270935,0.000900884862651058
11.2191780821918,24 h,Dox-only,0.00345981032462832,0.00198062922329565,0.00496497510019249
11.2191780821918,24 h,Tam-only,0.00279051091929512,0.00151597187140248,0.00399688596474092
11.2191780821918,4 h,Dox-only,0.000289262306248317,-0.000563547844012865,0.00115454101040449
11.2191780821918,4 h,Tam-only,4.09738317539016e-05,-0.000759656963951628,0.00084452830082011
11.2602739726027,24 h,Dox-only,0.00342704030993588,0.00194355240777633,0.00489423390223139
11.2602739726027,24 h,Tam-only,0.00297538449338469,0.0017277735208687,0.0041738993161738
11.2602739726027,4 h,Dox-only,0.000224064919983349,-0.000609522730375277,0.00106190263271637
11.2602739726027,4 h,Tam-only,8.36327109164648e-06,-0.000797499820248467,0.000796254910539293
11.3013698630137,24 h,Dox-only,0.00337356047067688,0.00190475303435106,0.00482284254423738
11.3013698630137,24 h,Tam-only,0.0031293048103436,0.00191524732270716,0.00431355031515726
11.3013698630137,4 h,Dox-only,0.000160910327727207,-0.000656072474448828,0.000976244016762977
11.3013698630137,4 h,Tam-only,-2.00637694677402e-05,-0.000810682277510241,0.000753103194614244
11.3424657534247,24 h,Dox-only,0.00330082882673766,0.00185533321447396,0.00472370673781435
11.3424657534247,24 h,Tam-only,0.00325161337710374,0.00203131679673495,0.00443198619973641
11.3424657534247,4 h,Dox-only,9.99448103110867e-05,-0.000713402579602846,0.000901888843651428
11.3424657534247,4 h,Tam-only,-4.53990769821444e-05,-0.00083215610419285,0.000715858045000252
11.3835616438356,24 h,Dox-only,0.00320965351358794,0.00177282406181815,0.00461348542503622
11.3835616438356,24 h,Tam-only,0.00333912898248556,0.00214117519464613,0.00450981440245682
11.3835616438356,4 h,Dox-only,4.15663944577788e-05,-0.000758105361020776,0.000836943696853968
11.3835616438356,4 h,Tam-only,-6.88134969054066e-05,-0.000842297917606366,0.000692861518743554
11.4246575342466,24 h,Dox-only,0.0031017875243684,0.00169855145103449,0.00448564886078242
11.4246575342466,24 h,Tam-only,0.00339416549440769,0.00220524157985913,0.00454778855549779
11.4246575342466,4 h,Dox-only,-1.41934107265873e-05,-0.000811960341239508,0.000767938047496713
11.4246575342466,4 h,Tam-only,-9.17703988983915e-05,-0.000851547366320874,0.000649247548248968
11.4657534246575,24 h,Dox-only,0.00298176882963055,0.00158276720619127,0.00435318618756722
11.4657534246575,24 h,Tam-only,0.00342080338231085,0.00224211996659502,0.00456197175653698
11.4657534246575,4 h,Dox-only,-6.75386770798703e-05,-0.000863712899518524,0.000706367803328204
11.4657534246575,4 h,Tam-only,-0.000115487987477292,-0.000860371272802781,0.000618405500084399
11.5068493150685,24 h,Dox-only,0.00285186632523589,0.00148955973798452,0.00419795708849693
11.5068493150685,24 h,Tam-only,0.0034212106692357,0.00226034815308699,0.00453808958437382
11.5068493150685,4 h,Dox-only,-0.000118431541819994,-0.000897786626963732,0.000653873947756794
11.5068493150685,4 h,Tam-only,-0.000140903025147063,-0.000875944819906523,0.000593822359975885
11.5479452054795,24 h,Dox-only,0.00271430912409996,0.0013669834955397,0.00402847748087962
11.5479452054795,24 h,Tam-only,0.00339791262959385,0.00227418861295359,0.00451785270377803
11.5479452054795,4 h,Dox-only,-0.000166825756555994,-0.000920447197321578,0.000596125449650158
11.5479452054795,4 h,Tam-only,-0.000168828623299977,-0.000901203124904206,0.000554846562700681
11.5890410958904,24 h,Dox-only,0.00257123820464456,0.00123967609784438,0.00385962916328534
11.5890410958904,24 h,Tam-only,0.00335371565532928,0.00224985033136082,0.00447047633796427
11.5890410958904,4 h,Dox-only,-0.000212661016253932,-0.000955367688460084,0.00054993698698698
11.5890410958904,4 h,Tam-only,-0.000199932349468329,-0.000920031376000012,0.000505970068109271
11.6301369863014,24 h,Dox-only,0.00242466355000452,0.0011033695103498,0.00371327462168704
11.6301369863014,24 h,Tam-only,0.00329163011651668,0.00221161068953361,0.00439339463333
11.6301369863014,4 h,Dox-only,-0.00025585823651357,-0.000986373620358837,0.000499509244319025
11.6301369863014,4 h,Tam-only,-0.000234716372236654,-0.000943006514042807,0.000461272515658745
11.6712328767123,24 h,Dox-only,0.00227656310803737,0.00099235779156027,0.00356130352105553
11.6712328767123,24 h,Tam-only,0.00321708593358135,0.00215880407812515,0.00430998351950476
11.6712328767123,4 h,Dox-only,-0.000295475505276338,-0.00101878761984212,0.000450893758353745
11.6712328767123,4 h,Tam-only,-0.000274117043770145,-0.000975461831688796,0.000408421280720929
11.7123287671233,24 h,Dox-only,0.00212879803549022,0.000863872074446011,0.00339901936846284
11.7123287671233,24 h,Tam-only,0.00312836858557616,0.00208369976261577,0.00421317731946258
11.7123287671233,4 h,Dox-only,-0.000332298368440093,-0.00103765745292719,0.000399975201689009
11.7123287671233,4 h,Tam-only,-0.000317633689073726,-0.00102014962285437,0.000361611880465672
11.7534246575342,24 h,Dox-only,0.00198290639823885,0.000733712522112276,0.00324330421703724
11.7534246575342,24 h,Tam-only,0.00303255477636363,0.00199981331186119,0.00408423930597979
11.7534246575342,4 h,Dox-only,-0.00036599886431922,-0.00106181220237899,0.000358623911282687
11.7534246575342,4 h,Tam-only,-0.000364841354590167,-0.00105849376271167,0.00030366604785007
11.7945205479452,24 h,Dox-only,0.00183990058513456,0.000600450868158277,0.00306935443496
11.7945205479452,24 h,Tam-only,0.00293245048879369,0.00190889953106029,0.00397825123956732
11.7945205479452,4 h,Dox-only,-0.000396390110141948,-0.00108023475439953,0.000315137972916694
11.7945205479452,4 h,Tam-only,-0.000415267091706001,-0.00108843596390272,0.000240018396328201
11.8356164383562,24 h,Dox-only,0.00170060859015046,0.000476835859631379,0.00291043832691197
11.8356164383562,24 h,Tam-only,0.00283064317635286,0.00181324350612374,0.00384810609392107
11.8356164383562,4 h,Dox-only,-0.000423273249944636,-0.00110045019473261,0.000283101454964018
11.8356164383562,4 h,Tam-only,-0.000468265078525959,-0.00112732685297236,0.000186495012806576
11.8767123287671,24 h,Dox-only,0.00156569786836333,0.000378582287079811,0.00275173217263798
11.8767123287671,24 h,Tam-only,0.00272947214170412,0.00172155774912075,0.00373253701541081
11.8767123287671,4 h,Dox-only,-0.000446443266883298,-0.00112333101335287,0.000248793073933324
11.8767123287671,4 h,Tam-only,-0.000523034697168606,-0.00118002278143052,0.000117525293464302
11.9178082191781,24 h,Dox-only,0.00143570218722845,0.000268721640204754,0.00260835623980633
11.9178082191781,24 h,Tam-only,0.00263100551730183,0.0016470887025201,0.00362642962387781
11.9178082191781,4 h,Dox-only,-0.000465080836505261,-0.00112229280293911,0.000217555000235015
11.9178082191781,4 h,Tam-only,-0.000578244618320692,-0.00123077494338091,5.62620172470839e-05
11.958904109589,24 h,Dox-only,0.00131148404954685,0.000153805163061419,0.00245705635912993
11.958904109589,24 h,Tam-only,0.00254370637365081,0.00158693687169412,0.00352635778052103
11.958904109589,4 h,Dox-only,-0.00047926695676212,-0.0011187930954383,0.00019800437839019
11.958904109589,4 h,Tam-only,-0.000633180531277089,-0.00127055401506778,-1.2822896374221e-05
12,24 h,Dox-only,0.0011937948559798,4.50104709156442e-05,0.00232785921876719
12,24 h,Tam-only,0.00245764747915119,0.00151886374562044,0.00343232340132423
12,4 h,Dox-only,-0.000489115153202782,-0.00112807783705589,0.000177775098715423
12,4 h,Tam-only,-0.000686217438521819,-0.00131432226371017,-7.57006339173731e-05
12.041095890411,24 h,Dox-only,0.00108231271737774,-5.27324803162064e-05,0.00220732064131273
12.041095890411,24 h,Tam-only,0.00237892449868534,0.00144632115883788,0.00333505216778332
12.041095890411,4 h,Dox-only,-0.000494525249012771,-0.00112553815781666,0.000159595460116707
12.041095890411,4 h,Tam-only,-0.000736239092296601,-0.00135578376264014,-0.000131524959277799
12.0821917808219,24 h,Dox-only,0.000977404971626357,-0.000133047265324621,0.00208208469113495
12.0821917808219,24 h,Tam-only,0.00230820605978026,0.00138870001584229,0.00324751920424263
12.0821917808219,4 h,Dox-only,-0.000495448344404813,-0.00110795732287551,0.000144325165041292
12.0821917808219,4 h,Tam-only,-0.000782178158120046,-0.00138459409212999,-0.000188521884851827
12.1232876712329,24 h,Dox-only,0.000879483285259497,-0.000201397530335187,0.00197763996082431
12.1232876712329,24 h,Tam-only,0.00224593157240821,0.00134681373077956,0.00316467456206434
12.1232876712329,4 h,Dox-only,-0.000491893925048968,-0.00109994027145192,0.000137681057485992
12.1232876712329,4 h,Tam-only,-0.00082304448685537,-0.00142137174236649,-0.000240708353267036
12.1643835616438,24 h,Dox-only,0.000789010641487953,-0.000276300947330468,0.00188188609055807
12.1643835616438,24 h,Tam-only,0.002192332565035,0.00132053822160035,0.00311034525858608
12.1643835616438,4 h,Dox-only,-0.000483936112174475,-0.00108332381728278,0.000137833978240588
12.1643835616438,4 h,Tam-only,-0.00085795137168404,-0.00144356486794104,-0.000279095116617833
12.2054794520548,24 h,Dox-only,0.000706503250873645,-0.000332665937993748,0.00175376644521201
12.2054794520548,24 h,Tam-only,0.00214745408478775,0.00127545103198759,0.0030524225525
12.2054794520548,4 h,Dox-only,-0.00047080059487755,-0.00106194290866295,0.000139286447215388
12.2054794520548,4 h,Tam-only,-0.000885265709149166,-0.00145493331651503,-0.00031916615337686
12.2465753424658,24 h,Dox-only,0.000633035328881246,-0.000398981841988787,0.00165655190870531
12.2465753424658,24 h,Tam-only,0.00211886346343496,0.00127416234059882,0.00301091604456212
12.2465753424658,4 h,Dox-only,-0.000453830605169091,-0.00103828421689067,0.000141854011148107
12.2465753424658,4 h,Tam-only,-0.000904497966282836,-0.00146424358586118,-0.000345721723440835
12.2876712328767,24 h,Dox-only,0.000570212495693133,-0.000427173622165854,0.00157214937059168
12.2876712328767,24 h,Tam-only,0.00209230525916543,0.00126368818796459,0.00295806783106848
12.2876712328767,4 h,Dox-only,-0.000433357948791027,-0.00100471125525679,0.000144145189846468
12.2876712328767,4 h,Tam-only,-0.000915952956030711,-0.00146237597153999,-0.000371853392638915
12.3287671232877,24 h,Dox-only,0.000517425749316805,-0.000453378437090596,0.00149414723877835
12.3287671232877,24 h,Tam-only,0.00207334959418164,0.00125996754882128,0.0029254638689538
12.3287671232877,4 h,Dox-only,-0.000409817475304941,-0.000973630116550654,0.000158938385408809
12.3287671232877,4 h,Tam-only,-0.000919559664850515,-0.00145636262725157,-0.000378422757335153
12.3698630136986,24 h,Dox-only,0.000475221694327843,-0.000484967704804351,0.00145751250435314
12.3698630136986,24 h,Tam-only,0.0020614561340581,0.00125881418440815,0.00288292170959963
12.3698630136986,4 h,Dox-only,-0.000383701614475013,-0.000934308070168176,0.000164134423881369
12.3698630136986,4 h,Tam-only,-0.000915424595960619,-0.00144558595018398,-0.000392203101671643
12.4109589041096,24 h,Dox-only,0.000444060614039003,-0.000497681649793717,0.00140133033721202
12.4109589041096,24 h,Tam-only,0.00205600610722388,0.0012596246452166,0.0028507950405714
12.4109589041096,4 h,Dox-only,-0.000355550713872957,-0.00089392651170939,0.000176038070347855
12.4109589041096,4 h,Tam-only,-0.000903824362166274,-0.00142035809133846,-0.000397204704682257
12.4520547945205,24 h,Dox-only,0.000424286212525632,-0.000511665321810388,0.00137596953938603
12.4520547945205,24 h,Tam-only,0.00205630611256657,0.00126296501468523,0.00284899799456001
12.4520547945205,4 h,Dox-only,-0.00032594218209421,-0.000851922907085721,0.000194149773808561
12.4520547945205,4 h,Tam-only,-0.000885195920721844,-0.00139196421505868,-0.000387826004528642
12.4931506849315,24 h,Dox-only,0.000416096766583413,-0.000504291781380616,0.00136008472248376
12.4931506849315,24 h,Tam-only,0.002061591172903,0.0012741791334011,0.00285132253573825
12.4931506849315,4 h,Dox-only,-0.000294718809414778,-0.000805034572521608,0.000216804363347286
12.4931506849315,4 h,Tam-only,-0.000859186555496362,-0.00135209293033116,-0.000368787350467991
12.5342465753425,24 h,Dox-only,0.000419959785878818,-0.00049048772337328,0.00134025068789243
12.5342465753425,24 h,Tam-only,0.00207756292818848,0.00130308861902048,0.00285511017606294
12.5342465753425,4 h,Dox-only,-0.000264216058914225,-0.000758795063667959,0.000231076192482526
12.5342465753425,4 h,Tam-only,-0.00082759193700481,-0.00130813886810794,-0.000342140716302937
12.5753424657534,24 h,Dox-only,0.000436900876923621,-0.000458701883295242,0.00132961441900022
12.5753424657534,24 h,Tam-only,0.00209038382596084,0.0013272196522487,0.00285194790277916
12.5753424657534,4 h,Dox-only,-0.000234341831152472,-0.000720035746158227,0.000248522606005121
12.5753424657534,4 h,Tam-only,-0.0007916125549816,-0.00126320143682509,-0.000327781145548948
12.6164383561644,24 h,Dox-only,0.000464458756823327,-0.00041849796926869,0.00134732210264091
12.6164383561644,24 h,Tam-only,0.00210501999015706,0.00134839899704997,0.00286086405983862
12.6164383561644,4 h,Dox-only,-0.000205613356137668,-0.000681574174403576,0.000266068457864196
12.6164383561644,4 h,Tam-only,-0.000752205704088023,-0.00121056185766353,-0.00030038547097484
12.6575342465753,24 h,Dox-only,0.000501787348298206,-0.000346809106252544,0.00137550988212596
12.6575342465753,24 h,Tam-only,0.00212041816741985,0.00136877225477859,0.00285923715883663
12.6575342465753,4 h,Dox-only,-0.000178486470264479,-0.000640665046065695,0.000287445806373814
12.6575342465753,4 h,Tam-only,-0.000710363211948693,-0.00115507040534844,-0.000264117987053321
12.6986301369863,24 h,Dox-only,0.000547822296891799,-0.000287258371038693,0.00141622034462627
12.6986301369863,24 h,Tam-only,0.00213548239791127,0.00139990240128864,0.00285768034293472
12.6986301369863,4 h,Dox-only,-0.000153344801492109,-0.000599370785506206,0.000297561856087262
12.6986301369863,4 h,Tam-only,-0.000667092552058705,-0.00109930299523826,-0.000235192296552126
12.7397260273973,24 h,Dox-only,0.000601297764465589,-0.000206175928280382,0.00144693865913434
12.7397260273973,24 h,Tam-only,0.00214908837078585,0.00141886554612965,0.00286174571367272
12.7397260273973,4 h,Dox-only,-0.000130490283099978,-0.000569193112233413,0.000303345158515325
12.7397260273973,4 h,Tam-only,-0.00062339850889663,-0.00104688109332362,-0.000201887126984586
12.7808219178082,24 h,Dox-only,0.000660767856481389,-0.000128996370161099,0.00149234462125585
12.7808219178082,24 h,Tam-only,0.0021601001744868,0.00144487039416668,0.00286908815402711
12.7808219178082,4 h,Dox-only,-0.000109686784833557,-0.00053763901136697,0.000315161053662764
12.7808219178082,4 h,Tam-only,-0.000579911812454301,-0.000988745077841455,-0.000165880918585091
12.8219178082192,24 h,Dox-only,0.000724876805432501,-5.34055627317735e-05,0.00153160038553935
12.8219178082192,24 h,Tam-only,0.00217356359133722,0.00146513004311209,0.0028682779827185
12.8219178082192,4 h,Dox-only,-9.24569508124369e-05,-0.000507966487022445,0.000327022187052063
12.8219178082192,4 h,Tam-only,-0.000538967978225179,-0.000944259429830298,-0.000129111460701858
12.8630136986301,24 h,Dox-only,0.000791391650587937,1.99466291319452e-05,0.0015917055905621
12.8630136986301,24 h,Tam-only,0.0021749693385042,0.0014758750838663,0.00285803259599753
12.8630136986301,4 h,Dox-only,-7.77453680331844e-05,-0.00048555441540027,0.000335549047396306
12.8630136986301,4 h,Tam-only,-0.000500770841816711,-0.000903872104610924,-9.93229183858293e-05
12.9041095890411,24 h,Dox-only,0.000857887690684303,9.6460239287514e-05,0.00164412447454289
12.9041095890411,24 h,Tam-only,0.00217016254010559,0.00148531521962721,0.00283936013881686
12.9041095890411,4 h,Dox-only,-6.53890407746223e-05,-0.000472295638828693,0.000338148257756885
12.9041095890411,4 h,Tam-only,-0.000466038807401689,-0.000864684778628257,-7.39909672606295e-05
12.9452054794521,24 h,Dox-only,0.00092257743172014,0.000178256008156092,0.00169749926648511
12.9452054794521,24 h,Tam-only,0.00215829194057137,0.00148769129917711,0.00282434771980418
12.9452054794521,4 h,Dox-only,-5.51493983894542e-05,-0.000459585503187067,0.000335594361910512
12.9452054794521,4 h,Tam-only,-0.000435393165565394,-0.000826073422267264,-4.94339153559646e-05
12.986301369863,24 h,Dox-only,0.000983743090457012,0.000238071025581747,0.00175717566072506
12.986301369863,24 h,Tam-only,0.00213864325169509,0.00148621131753261,0.00279634508459582
12.986301369863,4 h,Dox-only,-4.67230994679081e-05,-0.000444634802029154,0.000339157947292137
12.986301369863,4 h,Tam-only,-0.000409350439535036,-0.000793941181948593,-2.81808535795714e-05
13.027397260274,24 h,Dox-only,0.00103977325528278,0.000303301805548759,0.00179919852729442
13.027397260274,24 h,Tam-only,0.00211065823694901,0.00145913461986506,0.0027632778745039
13.027397260274,4 h,Dox-only,-3.9754098282524e-05,-0.000433700766186441,0.00034184699353601
13.027397260274,4 h,Tam-only,-0.000388315722267257,-0.000773258543787577,-1.11796741959538e-05
13.0684931506849,24 h,Dox-only,0.00108919698832733,0.00036054625124314,0.00183682899405702
13.0684931506849,24 h,Tam-only,0.0020739509188151,0.00143288079461108,0.00272289669525599
13.0684931506849,4 h,Dox-only,-3.31723567553732e-05,-0.00042589041019095,0.000344748555182512
13.0684931506849,4 h,Tam-only,-0.000372672173172092,-0.000756685140256279,1.37170693862387e-06
13.1095890410959,24 h,Dox-only,0.0011307498739305,0.000411384107194795,0.00186592465549975
13.1095890410959,24 h,Tam-only,0.00203577611153789,0.0013993147772534,0.0026718465746157
13.1095890410959,4 h,Dox-only,-2.78276568461411e-05,-0.000414408807789536,0.000349010521534079
13.1095890410959,4 h,Tam-only,-0.000363471489944599,-0.000743622279264523,2.23506893584249e-06
13.1506849315068,24 h,Dox-only,0.00116152638864464,0.000457568721899178,0.00188206862693876
13.1506849315068,24 h,Tam-only,0.0019801328787388,0.00136530926005008,0.00260831682701805
13.1506849315068,4 h,Dox-only,-2.25259506011384e-05,-0.000405609444144204,0.000349287425303419
13.1506849315068,4 h,Tam-only,-0.000359633563146434,-0.000732169569719915,-7.24298801188989e-07
13.1917808219178,24 h,Dox-only,0.00118198862895133,0.000492780788143331,0.00188968729158003
13.1917808219178,24 h,Tam-only,0.00191574996101918,0.00130452589437833,0.00253441122470426
13.1917808219178,4 h,Dox-only,-1.69108844640629e-05,-0.000395244384296996,0.000352651383966568
13.1917808219178,4 h,Tam-only,-0.000360956091364911,-0.000728463976548393,-1.09282899741295e-05
13.2328767123288,24 h,Dox-only,0.00119199949048605,0.000497840044082985,0.00188375113450053
13.2328767123288,24 h,Tam-only,0.0018434186186352,0.0012426249326321,0.00245006192733296
13.2328767123288,4 h,Dox-only,-1.06738688594801e-05,-0.000377302502912011,0.000351332103080715
13.2328767123288,4 h,Tam-only,-0.000367122323087696,-0.000726529452176638,-2.01405121460157e-05
13.2739726027397,24 h,Dox-only,0.00119142483342419,0.000499551004525174,0.00187892934807978
13.2739726027397,24 h,Tam-only,0.00176385726195088,0.00117145399330877,0.00236162375573593
13.2739726027397,4 h,Dox-only,-3.56384810337035e-06,-0.000367484890854084,0.000357946663009016
13.2739726027397,4 h,Tam-only,-0.000377707257304349,-0.000737725967257169,-4.09898404165218e-05
13.3150684931507,24 h,Dox-only,0.0011803718500135,0.000492014530497734,0.00186658695310927
13.3150684931507,24 h,Tam-only,0.00167794070134063,0.00109188099889771,0.00225901927002392
13.3150684931507,4 h,Dox-only,4.60438452454942e-06,-0.000352734288744776,0.000359496890220671
13.3150684931507,4 h,Tam-only,-0.000392185068890522,-0.000744543328145856,-6.3049727047359e-05
13.3561643835616,24 h,Dox-only,0.00115917819858557,0.000477842361388051,0.00183614388107596
13.3561643835616,24 h,Tam-only,0.00158692531242993,0.00101202094820667,0.00215895886423372
13.3561643835616,4 h,Dox-only,1.48954207717482e-05,-0.000332983159261434,0.00036430222068101
13.3561643835616,4 h,Tam-only,-0.000409674540161172,-0.000747015429305722,-8.69272982405871e-05
13.3972602739726,24 h,Dox-only,0.00112839755757314,0.000451101225993112,0.00179191000739486
13.3972602739726,24 h,Tam-only,0.00149941079925507,0.000939830055797848,0.00206452047751505
13.3972602739726,4 h,Dox-only,2.5623117515354e-05,-0.000314642281332637,0.000369051678767573
13.3972602739726,4 h,Tam-only,-0.000430118622912364,-0.000758584826079406,-0.00011411001478215
13.4383561643836,24 h,Dox-only,0.00108767735146449,0.000431336588378687,0.00174134468505576
13.4383561643836,24 h,Tam-only,0.00140140823226862,0.000855067055120611,0.00195348065859391
13.4383561643836,4 h,Dox-only,3.73919910791054e-05,-0.000297931298074277,0.00036984931312813
13.4383561643836,4 h,Tam-only,-0.000451940889957109,-0.000766878136286338,-0.000139773184440665
13.4794520547945,24 h,Dox-only,0.00103922872286052,0.000402753042073101,0.00166502353597996
13.4794520547945,24 h,Tam-only,0.00130153641794155,0.000769732879779311,0.00184620534869099
13.4794520547945,4 h,Dox-only,5.00318497416372e-05,-0.000276558630250691,0.000374434450632656
13.4794520547945,4 h,Tam-only,-0.000474319561272649,-0.000781934900068814,-0.000162197104359264
13.5205479452055,24 h,Dox-only,0.000984570872465482,0.000373206890025128,0.0015909374434417
13.5205479452055,24 h,Tam-only,0.00120182383944384,0.00068478401888339,0.00173738939911356
13.5205479452055,4 h,Dox-only,6.33219411178519e-05,-0.000253272447136426,0.000380859903425463
13.5205479452055,4 h,Tam-only,-0.000496426163515269,-0.000794745093766813,-0.000192151647482603
13.5616438356164,24 h,Dox-only,0.000924908792557621,0.000334048379419974,0.00152615930497704
13.5616438356164,24 h,Tam-only,0.00110356668961147,0.000601766954349509,0.00162817915106096
13.5616438356164,4 h,Dox-only,7.70010629793615e-05,-0.000227785431583762,0.000381422186765862
13.5616438356164,4 h,Tam-only,-0.000517441888090886,-0.000809503347996324,-0.00021852153384293
13.6027397260274,24 h,Dox-only,0.000861480503146262,0.000287907230765235,0.00144449479686643
13.6027397260274,24 h,Tam-only,0.00100801774086982,0.000524430791050983,0.00151648459089046
13.6027397260274,4 h,Dox-only,9.07784674188342e-05,-0.000200652509495196,0.000382273032618965
13.6027397260274,4 h,Tam-only,-0.000536573966407024,-0.000821392637742207,-0.000248106296503522
13.6438356164384,24 h,Dox-only,0.00079552785155965,0.000234484266751555,0.00136621170234758
13.6438356164384,24 h,Tam-only,0.000916925666605365,0.00044678484783649,0.0014121499759519
13.6438356164384,4 h,Dox-only,0.000104892276015248,-0.000176024992593565,0.000387722945664346
13.6438356164384,4 h,Tam-only,-0.000551984680556913,-0.000831452031585125,-0.000269470204429719
13.6849315068493,24 h,Dox-only,0.000728268078965599,0.000178968690565823,0.00127939037445419
13.6849315068493,24 h,Tam-only,0.000836557709702823,0.000377245631247011,0.00130944047273999
13.6849315068493,4 h,Dox-only,0.000117626780729215,-0.000153898088140494,0.000391269528420909
13.6849315068493,4 h,Tam-only,-0.000564220132585303,-0.000837964646632132,-0.000286450086395569
13.7260273972603,24 h,Dox-only,0.000661274082949827,0.000129497037589602,0.00119874901248737
13.7260273972603,24 h,Tam-only,0.000757461137100656,0.000313457927859767,0.001213957492666
13.7260273972603,4 h,Dox-only,0.000129419458711984,-0.000137858103853063,0.000396508158475833
13.7260273972603,4 h,Tam-only,-0.000572355175969827,-0.000841272332824159,-0.000298911083775567
13.7671232876712,24 h,Dox-only,0.000595456625484275,6.78147721056071e-05,0.00111885839532245
13.7671232876712,24 h,Tam-only,0.000684707404347068,0.000255283397023177,0.00111998327103281
13.7671232876712,4 h,Dox-only,0.000140031706714195,-0.000122271621482918,0.000401791835733619
13.7671232876712,4 h,Tam-only,-0.00057598753008551,-0.000842072788778776,-0.000310022656139549
13.8082191780822,24 h,Dox-only,0.000531860403710121,1.6987283504161e-05,0.00104295087077563
13.8082191780822,24 h,Tam-only,0.000619612831173485,0.000206269613461373,0.00104522402451251
13.8082191780822,4 h,Dox-only,0.000149261671120445,-0.000108110681627976,0.000402954278680659
13.8082191780822,4 h,Tam-only,-0.000574827740005281,-0.000839080670073253,-0.000310841317960251
13.8493150684932,24 h,Dox-only,0.000471199826667665,-3.64406091178352e-05,0.000976335895389723
13.8493150684932,24 h,Tam-only,0.000562598621027845,0.000157246011520866,0.000975830184326736
13.8493150684932,4 h,Dox-only,0.000156947311820711,-9.5881205167196e-05,0.000405898073157567
13.8493150684932,4 h,Tam-only,-0.000568703967065492,-0.000832359256464313,-0.000306989810261766
13.8904109589041,24 h,Dox-only,0.000414047706836194,-9.10766423918806e-05,0.000899712418904463
13.8904109589041,24 h,Tam-only,0.000513916691246737,0.0001174905887591,0.00090922371918822
13.8904109589041,4 h,Dox-only,0.000162968088370789,-8.49054694255199e-05,0.000410266541379461
13.8904109589041,4 h,Tam-only,-0.000557565091034806,-0.00081171834540837,-0.000298538381117879
13.9315068493151,24 h,Dox-only,0.000360833400238155,-0.000139677778439476,0.000844564765514629
13.9315068493151,24 h,Tam-only,0.000474174368100452,8.10168195402546e-05,0.000865049544404966
13.9315068493151,4 h,Dox-only,0.000167315316482166,-7.86741653842695e-05,0.000412213148385909
13.9315068493151,4 h,Tam-only,-0.000540294679085871,-0.00079453219724887,-0.000290569225083605
13.972602739726,24 h,Dox-only,0.000311843996577901,-0.000184108468549114,0.000796291564241022
13.972602739726,24 h,Tam-only,0.000445508663454696,5.97478264611981e-05,0.000828590926287325
13.972602739726,4 h,Dox-only,0.000169410595724812,-7.13419609646611e-05,0.000412167733773107
13.972602739726,4 h,Tam-only,-0.000518756469129534,-0.000766040257090516,-0.000274572793259675
14.013698630137,24 h,Dox-only,0.000268006202295792,-0.000227427122154253,0.000752622023584083
14.013698630137,24 h,Tam-only,0.00042275397410676,4.62698064707499e-05,0.000798082619559597
14.013698630137,4 h,Dox-only,0.000169751344170362,-6.86946426521014e-05,0.000410203454220079
14.013698630137,4 h,Tam-only,-0.000493064080226152,-0.000732112558716336,-0.000252858331731785
14.0547945205479,24 h,Dox-only,0.000228550328328737,-0.000262956558566643,0.000716118120866436
14.0547945205479,24 h,Tam-only,0.000406988183722753,3.39806836536177e-05,0.000778625678944127
14.0547945205479,4 h,Dox-only,0.00016837173664886,-6.76373720115586e-05,0.000407146083715779
14.0547945205479,4 h,Tam-only,-0.000463700088269734,-0.00069941080796069,-0.000227931533959188
14.0958904109589,24 h,Dox-only,0.000193245353012158,-0.000293371489805479,0.000674612734822057
14.0958904109589,24 h,Tam-only,0.000397930517680519,3.0289999310746e-05,0.000769801756172548
14.0958904109589,4 h,Dox-only,0.000165317983760887,-6.5105041615067e-05,0.000402204109944072
14.0958904109589,4 h,Tam-only,-0.000431217477960585,-0.000658996970479595,-0.00019937182761079
14.1369863013699,24 h,Dox-only,0.000161852701814952,-0.000326409702171351,0.000640295971913063
14.1369863013699,24 h,Tam-only,0.000394827195335321,3.17728834823418e-05,0.000761868914031784
14.1369863013699,4 h,Dox-only,0.000160643454947698,-6.93916429785551e-05,0.00039839963955846
14.1369863013699,4 h,Tam-only,-0.000396224940307915,-0.000616491637996479,-0.000167905501076102
14.1780821917808,24 h,Dox-only,0.00013408257229764,-0.000344280408007999,0.00060693020600033
14.1780821917808,24 h,Tam-only,0.00039684344554029,3.61441832675053e-05,0.000762417582646292
14.1780821917808,4 h,Dox-only,0.000154552270790425,-7.26537786873187e-05,0.000388787033968904
14.1780821917808,4 h,Tam-only,-0.000359254772594868,-0.00057101561885325,-0.000137109599908394
14.2191780821918,24 h,Dox-only,0.000109611235934508,-0.000364447631551533,0.000579665518436727
14.2191780821918,24 h,Tam-only,0.000403313055432855,4.7320723849105e-05,0.000764152852362671
14.2191780821918,4 h,Dox-only,0.000146590630005583,-7.93110534618677e-05,0.000374789794741949
14.2191780821918,4 h,Tam-only,-0.000321097676781391,-0.000528115568611556,-0.000103578502164761
14.2602739726027,24 h,Dox-only,8.8097843404693e-05,-0.000371059739577549,0.000551744016867968
14.2602739726027,24 h,Tam-only,0.000413685389525258,6.0044430635104e-05,0.000774086975107286
14.2602739726027,4 h,Dox-only,0.000137100394193777,-8.87407318879854e-05,0.000358664887334642
14.2602739726027,4 h,Tam-only,-0.000282839532848053,-0.000485902273886865,-7.13426651194749e-05
14.3013698630137,24 h,Dox-only,6.955892205345e-05,-0.000377866030214119,0.000525329081473999
14.3013698630137,24 h,Tam-only,0.000425559932932419,7.22663367363395e-05,0.00078610211549167
14.3013698630137,4 h,Dox-only,0.000126233385430803,-9.82461638245156e-05,0.000347653968804868
14.3013698630137,4 h,Tam-only,-0.000244986510029455,-0.000442450592166298,-3.85842097009697e-05
14.3424657534247,24 h,Dox-only,5.3263677977743e-05,-0.000385075086107631,0.000497754361653653
14.3424657534247,24 h,Tam-only,0.000438409677481369,8.33875073937055e-05,0.000796777583538782
14.3424657534247,4 h,Dox-only,0.000114044676774105,-0.000108664002546621,0.000333746454086245
14.3424657534247,4 h,Tam-only,-0.000208091337208197,-0.00039821108825266,-4.95626325823274e-06
14.3835616438356,24 h,Dox-only,3.88649884068212e-05,-0.000385733893478813,0.000474308394941131
14.3835616438356,24 h,Tam-only,0.000451552152478254,0.000100623921746029,0.000805592304771404
14.3835616438356,4 h,Dox-only,0.000100598434601119,-0.000114766343809465,0.000318677959130067
14.3835616438356,4 h,Tam-only,-0.000172641251214138,-0.000358467480365829,2.73159907040724e-05
14.4246575342466,24 h,Dox-only,2.61420790986094e-05,-0.000387822088087014,0.000447444703206466
14.4246575342466,24 h,Tam-only,0.000464250955291124,0.000120519376651865,0.000807431930773758
14.4246575342466,4 h,Dox-only,8.59724718567569e-05,-0.000124482483167856,0.00030120252755098
14.4246575342466,4 h,Tam-only,-0.000139049117244484,-0.000323657685937916,5.87813975444956e-05
14.4657534246575,24 h,Dox-only,1.49149557208484e-05,-0.000387156749941374,0.000420341410998147
14.4657534246575,24 h,Tam-only,0.000475860753545567,0.000136326345121249,0.000809028608486567
14.4657534246575,4 h,Dox-only,7.04238324997133e-05,-0.000137478127495358,0.000282459465437634
14.4657534246575,4 h,Tam-only,-0.000107584611621262,-0.000288899443979168,8.50483866911142e-05
14.5068493150685,24 h,Dox-only,5.04289196038166e-06,-0.00038098807250699,0.000394453507528408
14.5068493150685,24 h,Tam-only,0.000485847312117116,0.000153959888175126,0.00081868037549674
14.5068493150685,4 h,Dox-only,5.36092955646774e-05,-0.00014935575534414,0.000261127049481637
14.5068493150685,4 h,Tam-only,-7.91561288123292e-05,-0.000257125196133774,0.000109497905715289
14.5479452054795,24 h,Dox-only,-3.57867184724511e-06,-0.000386019160244653,0.000372688523674108
14.5479452054795,24 h,Tam-only,0.00049373743873825,0.000177466940132765,0.000824660965837336
14.5479452054795,4 h,Dox-only,3.60930953539496e-05,-0.000161670245990207,0.000241058804526367
14.5479452054795,4 h,Tam-only,-5.33083986241521e-05,-0.000228446768275463,0.000132366570303817
14.5890410958904,24 h,Dox-only,-1.08368693872802e-05,-0.000380052272831569,0.00035587947457458
14.5890410958904,24 h,Tam-only,0.000498859308170635,0.000193884784706451,0.000824394960777707
14.5890410958904,4 h,Dox-only,1.80881778850707e-05,-0.000178603178997513,0.000221675870339958
14.5890410958904,4 h,Tam-only,-3.00409969542798e-05,-0.000201627523281334,0.000152684722401041
14.6301369863014,24 h,Dox-only,-1.6943307380759e-05,-0.000372481710841508,0.000335594002060475
14.6301369863014,24 h,Tam-only,0.000501225782917105,0.000202894969219715,0.000815290680434821
14.6301369863014,4 h,Dox-only,-1.62116904847513e-07,-0.00019807273376472,0.000201130651110424
14.6301369863014,4 h,Tam-only,-9.28948053030478e-06,-0.000176831597302515,0.000169023420930542
14.6712328767123,24 h,Dox-only,-2.196832127393e-05,-0.000368359578846863,0.000323742808101852
14.6712328767123,24 h,Tam-only,0.000500942374298732,0.000204987823281661,0.000808958584070661
14.6712328767123,4 h,Dox-only,-1.83873711137109e-05,-0.000212216637165019,0.000178806363259778
14.6712328767123,4 h,Tam-only,9.0639847287995e-06,-0.000156277894984924,0.000182607828186359
14.7123287671233,24 h,Dox-only,-2.59456583304347e-05,-0.000367504376770548,0.00030970984768039
14.7123287671233,24 h,Tam-only,0.000498036668915815,0.000211273528137314,0.000798221394575686
14.7123287671233,4 h,Dox-only,-3.6294460209166e-05,-0.000229414978398719,0.000154073046339509
14.7123287671233,4 h,Tam-only,2.51793021429055e-05,-0.000137734416032716,0.000194930584044981
14.7534246575342,24 h,Dox-only,-2.89168799655166e-05,-0.000363627510528846,0.000302942454954739
14.7534246575342,24 h,Tam-only,0.000492601586076113,0.000212166502369121,0.000783278990818266
14.7534246575342,4 h,Dox-only,-5.33424716145526e-05,-0.000243169258995063,0.00013521365486539
14.7534246575342,4 h,Tam-only,3.92571606589419e-05,-0.000121349693465653,0.000205296436503591
14.7945205479452,24 h,Dox-only,-3.0935784763775e-05,-0.000364010513981281,0.000298847771046701
14.7945205479452,24 h,Tam-only,0.000484832227122408,0.000207053656386645,0.000769528996541592
14.7945205479452,4 h,Dox-only,-6.93570154123788e-05,-0.000256697259715924,0.000117524783997864
14.7945205479452,4 h,Tam-only,5.11785201753184e-05,-0.000106185816621369,0.000211788240430126
14.8356164383562,24 h,Dox-only,-3.20718997056839e-05,-0.000368678519110606,0.000296934726062606
14.8356164383562,24 h,Tam-only,0.000475093686138996,0.000200898446632305,0.000754864434095034
14.8356164383562,4 h,Dox-only,-8.39578488521353e-05,-0.000266196081962318,9.7879373082189e-05
14.8356164383562,4 h,Tam-only,6.15537375959546e-05,-9.40714503404777e-05,0.000215586431842651
14.8767123287671,24 h,Dox-only,-3.22952833181258e-05,-0.000368637192027006,0.000297307491615292
14.8767123287671,24 h,Tam-only,0.000463180855703707,0.00019624786118255,0.000738316090297109
14.8767123287671,4 h,Dox-only,-9.68672064558971e-05,-0.000277262724983953,8.28222857133708e-05
14.8767123287671,4 h,Tam-only,7.05508352861484e-05,-8.22538790520063e-05,0.000221566483842026
14.9178082191781,24 h,Dox-only,-3.18767398439493e-05,-0.000364745117231598,0.000303867599516979
14.9178082191781,24 h,Tam-only,0.000449440719882375,0.000188216539558023,0.000720059164612075
14.9178082191781,4 h,Dox-only,-0.000107841676103911,-0.00028604807264974,6.69344357931152e-05
14.9178082191781,4 h,Tam-only,7.83083327045948e-05,-7.21048728349118e-05,0.000225627838760888
14.958904109589,24 h,Dox-only,-3.0973465280454e-05,-0.00036533971362578,0.000304099512876764
14.958904109589,24 h,Tam-only,0.000434328179617477,0.000179602153774071,0.000701536006627973
14.958904109589,4 h,Dox-only,-0.000116679809409816,-0.000289579525938342,5.32871771584967e-05
14.958904109589,4 h,Tam-only,8.49319363568652e-05,-6.14204502137422e-05,0.000229624095024024
15,24 h,Dox-only,-2.97346744914744e-05,-0.000362081511878054,0.000304521694950469
15,24 h,Tam-only,0.000418063813329826,0.000164920420837681,0.000685486466350593
15,4 h,Dox-only,-0.00012322895055533,-0.000290790282576204,4.29759757622326e-05
15,4 h,Tam-only,9.04928127133187e-05,-5.4353695896484e-05,0.000231603970504073
15.041095890411,24 h,Dox-only,-2.83169087587159e-05,-0.000362257045571991,0.000305414734906533
15.041095890411,24 h,Tam-only,0.000400855519088474,0.00014930301604314,0.000665502016856592
15.041095890411,4 h,Dox-only,-0.000127018928410542,-0.000288483453505658,3.68192694137046e-05
15.041095890411,4 h,Tam-only,9.50496667779604e-05,-4.56602525131696e-05,0.00023300141563881
15.0821917808219,24 h,Dox-only,-2.68802789786023e-05,-0.000357673537605769,0.000306627018715478
15.0821917808219,24 h,Tam-only,0.000383162938988131,0.000134860632660205,0.000640620984602162
15.0821917808219,4 h,Dox-only,-0.000128287185187248,-0.000284886961352007,2.90768563545987e-05
15.0821917808219,4 h,Tam-only,9.83438518390913e-05,-3.7335362827101e-05,0.000232204408213085
15.1232876712329,24 h,Dox-only,-2.55846621065392e-05,-0.000354754491544096,0.000305907093125828
15.1232876712329,24 h,Tam-only,0.000365533346151652,0.000122285525832487,0.000618938260847178
15.1232876712329,4 h,Dox-only,-0.00012724432067871,-0.000279195343322366,2.42946869694531e-05
15.1232876712329,4 h,Tam-only,0.00010056953209281,-3.24137466052678e-05,0.000232921824456955
15.1643835616438,24 h,Dox-only,-2.45920705609264e-05,-0.000347270808415249,0.000306571863457832
15.1643835616438,24 h,Tam-only,0.000347139584114157,0.000109303711731765,0.000594123955668139
15.1643835616438,4 h,Dox-only,-0.000124037306965881,-0.000272148263351617,2.29451221759894e-05
15.1643835616438,4 h,Tam-only,0.000101684927021685,-3.00946682627596e-05,0.000232052995202473
15.2054794520548,24 h,Dox-only,-2.4180492084793e-05,-0.000344612856755899,0.000309236917319299
15.2054794520548,24 h,Tam-only,0.000328120011977712,9.50008737443316e-05,0.000569584644389194
15.2054794520548,4 h,Dox-only,-0.000118866125334783,-0.000262139101601612,2.25759964124975e-05
15.2054794520548,4 h,Tam-only,0.000101650623809295,-2.65928569312798e-05,0.000227889096970251
15.2465753424658,24 h,Dox-only,-2.43981601183536e-05,-0.000340403887372944,0.000301795268480118
15.2465753424658,24 h,Tam-only,0.000308969404615045,8.1246761589358e-05,0.00054442462134939
15.2465753424658,4 h,Dox-only,-0.000111977598145171,-0.000251670375205175,2.37200166036247e-05
15.2465753424658,4 h,Tam-only,0.00010043712657511,-2.39121846737775e-05,0.000226025667006509
15.2876712328767,24 h,Dox-only,-2.53498850713622e-05,-0.000337377823635027,0.000293132478358119
15.2876712328767,24 h,Tam-only,0.000289781794326402,6.534343590764e-05,0.000520304260913947
15.2876712328767,4 h,Dox-only,-0.00010365834485384,-0.000238743602096006,2.60664464861351e-05
15.2876712328767,4 h,Tam-only,9.80319117744157e-05,-2.3300684834597e-05,0.000219088900158916
15.3287671232877,24 h,Dox-only,-2.71224533011007e-05,-0.000333062048572555,0.000286280510903886
15.3287671232877,24 h,Tam-only,0.000270641775854362,5.2395886783065e-05,0.000494422578602228
15.3287671232877,4 h,Dox-only,-9.3954486639757e-05,-0.000223036066191279,3.16250210389994e-05
15.3287671232877,4 h,Tam-only,9.44725952247293e-05,-2.32190409167922e-05,0.000211460493016176
15.3698630136986,24 h,Dox-only,-2.97836701330461e-05,-0.000329369062604593,0.000277255768943291
15.3698630136986,24 h,Tam-only,0.000252115717240553,3.78557800269555e-05,0.000471565094727737
15.3698630136986,4 h,Dox-only,-8.37531342582649e-05,-0.000206683206920335,3.79878723846427e-05
15.3698630136986,4 h,Tam-only,8.95667527643757e-05,-2.63189628476385e-05,0.000205577483771417
15.4109589041096,24 h,Dox-only,-3.33816496293827e-05,-0.000321639610623028,0.000265412869908185
15.4109589041096,24 h,Tam-only,0.000234540447989189,2.37116545643327e-05,0.000448307376543732
15.4109589041096,4 h,Dox-only,-7.3300753366892e-05,-0.000193367657980303,4.44766227339217e-05
15.4109589041096,4 h,Tam-only,8.36709107098471e-05,-2.97739067361165e-05,0.000197764443975554
15.4520547945205,24 h,Dox-only,-3.79824368046491e-05,-0.000319093079823644,0.000253046250442155
15.4520547945205,24 h,Tam-only,0.000216624350196971,1.11389073525511e-05,0.000425017128944563
15.4520547945205,4 h,Dox-only,-6.29214002190715e-05,-0.000179719224799675,5.13939935663515e-05
15.4520547945205,4 h,Tam-only,7.69207075334427e-05,-3.47021309491985e-05,0.000189314212497489
15.4931506849315,24 h,Dox-only,-4.36971188258559e-05,-0.000311275844139271,0.000237868140057661
15.4931506849315,24 h,Tam-only,0.000198404214907822,-1.4232232684985e-06,0.000402006156568229
15.4931506849315,4 h,Dox-only,-5.29129717698374e-05,-0.000166989306067359,5.72200801677975e-05
15.4931506849315,4 h,Tam-only,6.94777111253726e-05,-3.96603912701478e-05,0.000179389536084751
15.5342465753425,24 h,Dox-only,-5.03412150894764e-05,-0.000308925612417344,0.000220259271923343
15.5342465753425,24 h,Tam-only,0.000180499821017479,-1.72585515141013e-05,0.00037990070543874
15.5342465753425,4 h,Dox-only,-4.35394752744591e-05,-0.000152541268249385,6.44160278911912e-05
15.5342465753425,4 h,Tam-only,6.15243730336017e-05,-4.55066172190634e-05,0.000170032311832742
15.5753424657534,24 h,Dox-only,-5.78622668744727e-05,-0.000307302825187764,0.000198050834007943
15.5753424657534,24 h,Tam-only,0.000162952448089267,-3.07178580875792e-05,0.00035580022484234
15.5753424657534,4 h,Dox-only,-3.50240736373708e-05,-0.000140843372321674,6.92287771449285e-05
15.5753424657534,4 h,Tam-only,5.32582136890795e-05,-5.1531021552016e-05,0.00016268291800359
15.6164383561644,24 h,Dox-only,-6.61885587996585e-05,-0.00030601768238429,0.000179460715017657
15.6164383561644,24 h,Tam-only,0.000145800569873738,-4.35094447661194e-05,0.000333843878765822
15.6164383561644,4 h,Dox-only,-2.75126175351944e-05,-0.000131577610566322,7.45560744862138e-05
15.6164383561644,4 h,Tam-only,4.50564886376979e-05,-5.93594068353542e-05,0.000155543107618868
15.6575342465753,24 h,Dox-only,-7.52298274634459e-05,-0.00030925218257758,0.000164317803179456
15.6575342465753,24 h,Tam-only,0.000129564812881171,-5.65420412994956e-05,0.000313234948429213
15.6575342465753,4 h,Dox-only,-2.14512444567908e-05,-0.000122744255071853,7.89470760905583e-05
15.6575342465753,4 h,Tam-only,3.68843288495197e-05,-6.72941347649622e-05,0.000146724436925684
15.6986301369863,24 h,Dox-only,-8.48781093097932e-05,-0.000311679443771607,0.000146086727688995
15.6986301369863,24 h,Tam-only,0.000114268047525963,-6.70718657911154e-05,0.000293087085442303
15.6986301369863,4 h,Dox-only,-1.65800370122693e-05,-0.000115686962296153,8.20673741165188e-05
15.6986301369863,4 h,Tam-only,2.90785298339711e-05,-7.56681188103643e-05,0.000137445928055133
15.7397260273973,24 h,Dox-only,-9.49860702031176e-05,-0.00031274608597364,0.000124010316525213
15.7397260273973,24 h,Tam-only,9.89456424918937e-05,-7.87319541811984e-05,0.000270804337083993
15.7397260273973,4 h,Dox-only,-1.28597264883804e-05,-0.000110515447169776,8.45305040262909e-05
15.7397260273973,4 h,Tam-only,2.17908458253512e-05,-8.26096014065038e-05,0.000128781176238199
15.7808219178082,24 h,Dox-only,-0.00010546078743265,-0.000316211236403977,0.000103174265817899
15.7808219178082,24 h,Tam-only,8.36739664331293e-05,-9.15454829028003e-05,0.000248868110687464
15.7808219178082,4 h,Dox-only,-1.02040494317241e-05,-0.000107693261747488,8.54170578627289e-05
15.7808219178082,4 h,Tam-only,1.51444955503747e-05,-8.72924313179976e-05,0.000119350860442514
15.8219178082192,24 h,Dox-only,-0.000116036659030446,-0.000319263601005806,8.54641521256707e-05
15.8219178082192,24 h,Tam-only,6.90077484376372e-05,-0.000102058762258634,0.00022832564822671
15.8219178082192,4 h,Dox-only,-8.48508289555969e-06,-0.000103454182726439,8.5584681110372e-05
15.8219178082192,4 h,Tam-only,9.23130770310449e-06,-9.013959619767e-05,0.000110201840202174
15.8630136986301,24 h,Dox-only,-0.000126542297758988,-0.000324453391761466,6.86828661897651e-05
15.8630136986301,24 h,Tam-only,5.50059751237273e-05,-0.000111506330749734,0.00021126718235191
15.8630136986301,4 h,Dox-only,-7.53941621904337e-06,-0.000100942696198874,8.53877671314008e-05
15.8630136986301,4 h,Tam-only,4.1097931631573e-06,-9.39577904830763e-05,0.000101738206314827
15.9041095890411,24 h,Dox-only,-0.000136801142403181,-0.000328446207216468,5.33047247771166e-05
15.9041095890411,24 h,Tam-only,4.17315193410972e-05,-0.00011729378473779,0.000193876668746577
15.9041095890411,4 h,Dox-only,-7.11712726928783e-06,-9.66658378360091e-05,8.28362955121342e-05
15.9041095890411,4 h,Tam-only,4.86556733856995e-09,-9.54894429234437e-05,9.32008722321776e-05
15.9452054794521,24 h,Dox-only,-0.000146634188621152,-0.000331452385597747,3.83276009483803e-05
15.9452054794521,24 h,Tam-only,2.9571572952316e-05,-0.000123335424657099,0.000177487064862599
15.9452054794521,4 h,Dox-only,-7.09709421752177e-06,-9.25762537138239e-05,7.85694864576147e-05
15.9452054794521,4 h,Tam-only,-3.37612870365258e-06,-9.55563618788397e-05,8.48987923338622e-05
15.986301369863,24 h,Dox-only,-0.000155862828026007,-0.000336185172576184,2.62299485919443e-05
15.986301369863,24 h,Tam-only,1.8512019248168e-05,-0.000127897723041512,0.000160672898275648
15.986301369863,4 h,Dox-only,-7.12428171466338e-06,-9.09812771553885e-05,7.75944159097336e-05
15.986301369863,4 h,Tam-only,-6.03987021102824e-06,-9.35562544006915e-05,7.82236837856506e-05
16.027397260274,24 h,Dox-only,-0.000164199733946184,-0.000343178940896812,1.21609260927188e-05
16.027397260274,24 h,Tam-only,8.18792737433596e-06,-0.000129892648609361,0.000144650076750458
16.027397260274,4 h,Dox-only,-7.00225540269388e-06,-8.75216371895547e-05,7.48900465734861e-05
16.027397260274,4 h,Tam-only,-8.0673978255512e-06,-9.06575463299785e-05,7.08778996328141e-05
16.0684931506849,24 h,Dox-only,-0.000171453478121835,-0.000343918436603989,1.83023820969897e-06
16.0684931506849,24 h,Tam-only,-1.3010262820167e-06,-0.000133059330110097,0.000130676311920505
16.0684931506849,4 h,Dox-only,-6.5563088334998e-06,-8.30402882126326e-05,7.24311840349841e-05
16.0684931506849,4 h,Tam-only,-9.55417514719183e-06,-8.82708970193754e-05,6.44201551279143e-05
16.1095890410959,24 h,Dox-only,-0.000177540296277686,-0.000345246296738546,-8.5471855984225e-06
16.1095890410959,24 h,Tam-only,-9.64851194123215e-06,-0.000135088032387774,0.000117734833006723
16.1095890410959,4 h,Dox-only,-5.63961538523343e-06,-7.93679827780499e-05,7.09097319272786e-05
16.1095890410959,4 h,Tam-only,-1.06052432222103e-05,-8.4309306760967e-05,5.90470602624695e-05
16.1506849315069,24 h,Dox-only,-0.00018233492163905,-0.000349897998072857,-1.73966517964609e-05
16.1506849315069,24 h,Tam-only,-1.6803230921086e-05,-0.000137010227330645,0.00010586060068992
16.1506849315069,4 h,Dox-only,-4.13859632562223e-06,-7.46122215237265e-05,6.9358954170657e-05
16.1506849315069,4 h,Tam-only,-1.13303540373848e-05,-8.2450434741321e-05,5.40359836727861e-05
16.1917808219178,24 h,Dox-only,-0.000185732445632152,-0.000350203181363887,-2.2329232947389e-05
16.1917808219178,24 h,Tam-only,-2.2728140080848e-05,-0.000135598389256914,9.52915106487451e-05
16.1917808219178,4 h,Dox-only,-1.79383176630681e-06,-6.84728844202666e-05,6.9128075647148e-05
16.1917808219178,4 h,Tam-only,-1.17864792110566e-05,-7.86360447562381e-05,5.04178868411727e-05
16.2328767123288,24 h,Dox-only,-0.000187650462524599,-0.000350035787049006,-3.05803906668035e-05
16.2328767123288,24 h,Tam-only,-2.71405008932007e-05,-0.000137298205453841,8.61431854629555e-05
16.2328767123288,4 h,Dox-only,1.18248413555171e-06,-6.29977119340111e-05,6.87008353821748e-05
16.2328767123288,4 h,Tam-only,-1.22044042691134e-05,-7.52064914984724e-05,4.70983594748662e-05
16.2739726027397,24 h,Dox-only,-0.000188030962213508,-0.000348566974747234,-3.41828020927173e-05
16.2739726027397,24 h,Tam-only,-3.01076274103045e-05,-0.000138301430574143,7.73777272899553e-05
16.2739726027397,4 h,Dox-only,4.78963513335373e-06,-5.77221707149323e-05,6.99323080185919e-05
16.2739726027397,4 h,Tam-only,-1.2630297564846e-05,-7.3937261994468e-05,4.58549750151943e-05
16.3150684931507,24 h,Dox-only,-0.000186703363121532,-0.000342806708424398,-3.63256523704624e-05
16.3150684931507,24 h,Tam-only,-3.1931278786665e-05,-0.000138578000574025,7.17273636789224e-05
16.3150684931507,4 h,Dox-only,8.94660606333008e-06,-5.10119365499667e-05,7.0043060729579e-05
16.3150684931507,4 h,Tam-only,-1.31306242382651e-05,-7.32774665344117e-05,4.47061935331587e-05
16.3561643835616,24 h,Dox-only,-0.000183645976369713,-0.000336311524773477,-3.76357381078232e-05
16.3561643835616,24 h,Tam-only,-3.27577716443228e-05,-0.000136659728886711,6.77728195408005e-05
16.3561643835616,4 h,Dox-only,1.35424649314079e-05,-4.59552633268029e-05,7.16105036559376e-05
16.3561643835616,4 h,Tam-only,-1.37563833805129e-05,-7.44265250779974e-05,4.46844381313965e-05
16.3972602739726,24 h,Dox-only,-0.000179081393518778,-0.000326411003490653,-3.73707873292847e-05
16.3972602739726,24 h,Tam-only,-3.25440858127881e-05,-0.000132021242968618,6.406613526674e-05
16.3972602739726,4 h,Dox-only,1.84416860148441e-05,-4.08196072129511e-05,7.6276648966029e-05
16.3972602739726,4 h,Tam-only,-1.45426836892605e-05,-7.70111084077055e-05,4.50304332593005e-05
16.4383561643836,24 h,Dox-only,-0.000173087207513574,-0.000316075100228722,-3.65418320293232e-05
16.4383561643836,24 h,Tam-only,-3.14092967930459e-05,-0.000128102912467657,6.09911196742728e-05
16.4383561643836,4 h,Dox-only,2.35168931905581e-05,-3.5499798657364e-05,8.16193188792038e-05
16.4383561643836,4 h,Tam-only,-1.55047987550971e-05,-7.92441197093319e-05,4.56314249718057e-05
16.4794520547945,24 h,Dox-only,-0.0001657662214383,-0.000300976693199553,-3.37930510339589e-05
16.4794520547945,24 h,Tam-only,-2.94899744573031e-05,-0.00012329232755081,5.85340292484278e-05
16.4794520547945,4 h,Dox-only,2.85660293591563e-05,-3.0923452051559e-05,8.6981897316672e-05
16.4794520547945,4 h,Tam-only,-1.6613396335142e-05,-8.23299269124453e-05,4.71191776309687e-05
16.5205479452055,24 h,Dox-only,-0.000157244505960382,-0.00028699797660203,-3.21273310326842e-05
16.5205479452055,24 h,Tam-only,-2.66920966174403e-05,-0.000116502799567461,5.61992676866237e-05
16.5205479452055,4 h,Dox-only,3.32833300276552e-05,-2.69777259109077e-05,9.29290058049035e-05
16.5205479452055,4 h,Tam-only,-1.79437502686509e-05,-8.51427469413515e-05,4.87858851626151e-05
16.5616438356164,24 h,Dox-only,-0.000147669106450154,-0.000272874175950637,-2.8301397233662e-05
16.5616438356164,24 h,Tam-only,-2.33040639189444e-05,-0.000108796923166384,5.50626887751792e-05
16.5616438356164,4 h,Dox-only,3.75811996926603e-05,-2.27655760294127e-05,9.8380374006759e-05
16.5616438356164,4 h,Tam-only,-1.94014009080261e-05,-8.81330988762492e-05,4.93829179335717e-05
16.6027397260274,24 h,Dox-only,-0.000137136550328357,-0.00025580399308986,-2.46974533862706e-05
16.6027397260274,24 h,Tam-only,-1.97555839227898e-05,-9.95948622233252e-05,5.38677725082761e-05
16.6027397260274,4 h,Dox-only,4.13270435086146e-05,-1.89409988381202e-05,0.000104525181153487
16.6027397260274,4 h,Tam-only,-2.09473834243373e-05,-9.00779686595451e-05,5.01465082526841e-05
16.6438356164384,24 h,Dox-only,-0.000125901069189596,-0.000238580194444594,-2.04224397870784e-05
16.6438356164384,24 h,Tam-only,-1.63909870955642e-05,-9.25304911219504e-05,5.33195995078115e-05
16.6438356164384,4 h,Dox-only,4.44106554998949e-05,-1.55143727181272e-05,0.000108943961154495
16.6438356164384,4 h,Tam-only,-2.25362858162247e-05,-9.26844585370045e-05,4.99690161041861e-05
16.6849315068493,24 h,Dox-only,-0.000114247975412545,-0.00022205267852305,-1.3335574518561e-05
16.6849315068493,24 h,Tam-only,-1.31214605398629e-05,-8.51011527251466e-05,5.28049771893154e-05
16.6849315068493,4 h,Dox-only,4.67472665691971e-05,-1.31515942450547e-05,0.00011284111826048
16.6849315068493,4 h,Tam-only,-2.41178813426457e-05,-9.49085575791859e-05,4.94707575826022e-05
16.7260273972603,24 h,Dox-only,-0.000102372910384061,-0.000207190828238631,-6.36597766063385e-06
16.7260273972603,24 h,Tam-only,-1.00752285589127e-05,-7.70120051325035e-05,5.16528041541109e-05
16.7260273972603,4 h,Dox-only,4.83473159981371e-05,-1.22265435836497e-05,0.000114802867523288
16.7260273972603,4 h,Tam-only,-2.55673384621193e-05,-9.64997148175343e-05,4.81599021102691e-05
16.7671232876712,24 h,Dox-only,-9.04677547325814e-05,-0.000190514491375674,1.77200447178037e-06
16.7671232876712,24 h,Tam-only,-7.35943454807468e-06,-6.92871744253812e-05,5.12248089376333e-05
16.7671232876712,4 h,Dox-only,4.89043084259355e-05,-1.10904228107405e-05,0.000115613841843056
16.7671232876712,4 h,Tam-only,-2.69088704412668e-05,-9.78152887895427e-05,4.62673800464375e-05
16.8082191780822,24 h,Dox-only,-7.87168207930343e-05,-0.000174919549110642,1.16724138676542e-05
16.8082191780822,24 h,Tam-only,-4.89537533286569e-06,-6.18396369163116e-05,5.00015078336197e-05
16.8082191780822,4 h,Dox-only,4.86294061168702e-05,-1.11148882436975e-05,0.000114784792090629
16.8082191780822,4 h,Tam-only,-2.80834503454303e-05,-9.87850221171906e-05,4.42796119851279e-05
16.8493150684932,24 h,Dox-only,-6.72932045265174e-05,-0.000159325643996173,1.99305181194326e-05
16.8493150684932,24 h,Tam-only,-2.86349541933054e-06,-5.60824015809012e-05,4.88722923409438e-05
16.8493150684932,4 h,Dox-only,4.76009542746768e-05,-1.07333796374187e-05,0.000113151369576356
16.8493150684932,4 h,Tam-only,-2.90141546830374e-05,-9.84637554475074e-05,4.24776025453587e-05
16.8904109589041,24 h,Dox-only,-5.63702218714782e-05,-0.000148181879114392,3.08280890056355e-05
16.8904109589041,24 h,Tam-only,-1.44160389161014e-06,-5.16225969658541e-05,4.93131486593125e-05
16.8904109589041,4 h,Dox-only,4.58910687229974e-05,-1.10257936515085e-05,0.000109852409690046
16.8904109589041,4 h,Tam-only,-2.96538961185351e-05,-9.7726283345405e-05,3.97768881148544e-05
16.9315068493151,24 h,Dox-only,-4.62237022541892e-05,-0.00013685689038191,4.14447108093741e-05
16.9315068493151,24 h,Tam-only,-7.57737299955674e-07,-4.99830898699156e-05,4.90823079223294e-05
16.9315068493151,4 h,Dox-only,4.35881040187703e-05,-1.07402832613788e-05,0.000104900218433841
16.9315068493151,4 h,Tam-only,-2.99600575213687e-05,-9.65155911560107e-05,3.82360081884218e-05
16.972602739726,24 h,Dox-only,-3.6854576700999e-05,-0.000128674749759585,5.11950267229284e-05
16.972602739726,24 h,Tam-only,-5.10358447506384e-07,-4.94455540822061e-05,4.91566055569198e-05
16.972602739726,4 h,Dox-only,4.07927953919806e-05,-1.04444716628323e-05,9.91876625388918e-05
16.972602739726,4 h,Tam-only,-2.98952500928616e-05,-9.54283878522085e-05,3.57448368528004e-05
17.013698630137,24 h,Dox-only,-2.83332877785496e-05,-0.000119648932819053,6.09162660647856e-05
17.013698630137,24 h,Tam-only,-6.3337496665223e-07,-4.96643620389359e-05,5.03815582721844e-05
17.013698630137,4 h,Dox-only,3.76504790595445e-05,-1.05347549463577e-05,9.26312925141903e-05
17.013698630137,4 h,Tam-only,-2.93675036010585e-05,-9.40912073333855e-05,3.4184977967126e-05
17.0547945205479,24 h,Dox-only,-2.07050614807298e-05,-0.000112215061774083,7.01573599851967e-05
17.0547945205479,24 h,Tam-only,-1.04538817547898e-06,-5.22684435849651e-05,5.03709741166303e-05
17.0547945205479,4 h,Dox-only,3.41684425773199e-05,-1.06633019683348e-05,8.52397044795933e-05
17.0547945205479,4 h,Tam-only,-2.83971575067537e-05,-9.20832993559292e-05,3.3817993136006e-05
17.0958904109589,24 h,Dox-only,-1.39902169157821e-05,-0.000105838918011702,7.72021294814759e-05
17.0958904109589,24 h,Tam-only,-1.57443587607629e-06,-5.49004554228034e-05,5.18100460813492e-05
17.0958904109589,4 h,Dox-only,3.05802412371828e-05,-1.0698268601198e-05,7.77807952048761e-05
17.0958904109589,4 h,Tam-only,-2.69806078687849e-05,-8.93018174128082e-05,3.33296296081072e-05
17.1369863013699,24 h,Dox-only,-8.18491874819699e-06,-0.000100213254548346,8.4412794551058e-05
17.1369863013699,24 h,Tam-only,-2.20461218687748e-06,-5.79360533295777e-05,5.21690456150919e-05
17.1369863013699,4 h,Dox-only,2.69849643008267e-05,-1.00329612174974e-05,6.96987251878256e-05
17.1369863013699,4 h,Tam-only,-2.51147323833022e-05,-8.61474415632735e-05,3.26071031310653e-05
17.1780821917808,24 h,Dox-only,-3.29576872120572e-06,-9.52885133653919e-05,9.09220431859507e-05
17.1780821917808,24 h,Tam-only,-2.88100207343408e-06,-6.02828477445714e-05,5.20062926506653e-05
17.1780821917808,4 h,Dox-only,2.34709468146471e-05,-9.40317219509708e-06,6.24554771516969e-05
17.1780821917808,4 h,Tam-only,-2.28044752299134e-05,-8.29981385425566e-05,3.3349250873429e-05
17.2191780821918,24 h,Dox-only,6.50682464499073e-07,-9.04373560866631e-05,9.59439100290967e-05
17.2191780821918,24 h,Tam-only,-3.49863980015822e-06,-6.23418011623872e-05,5.25802286514396e-05
17.2191780821918,4 h,Dox-only,2.0114330694582e-05,-8.55329264511534e-06,5.54329267336099e-05
17.2191780821918,4 h,Tam-only,-2.00628425784786e-05,-7.90829002303135e-05,3.44976750519873e-05
17.2602739726027,24 h,Dox-only,3.87531875120775e-06,-8.58055065663243e-05,0.000100082550938635
17.2602739726027,24 h,Tam-only,-3.89840849091721e-06,-6.35525329282002e-05,5.2438513729439e-05
17.2602739726027,4 h,Dox-only,1.69780163032054e-05,-8.44556996128996e-06,4.74891214723523e-05
17.2602739726027,4 h,Tam-only,-1.69108021088427e-05,-7.50600259705954e-05,3.58070380075132e-05
17.3013698630137,24 h,Dox-only,6.46726079428771e-06,-8.10189558252323e-05,0.000102265605535538
17.3013698630137,24 h,Tam-only,-4.0197519557388e-06,-6.43848000300165e-05,5.19959882353504e-05
17.3013698630137,4 h,Dox-only,1.40961719718062e-05,-8.53012196376727e-06,4.11409346554164e-05
17.3013698630137,4 h,Tam-only,-1.33837937522187e-05,-7.07148646639127e-05,3.81724149599592e-05
17.3424657534247,24 h,Dox-only,8.52189741042592e-06,-7.80335829178542e-05,0.00010255578231924
17.3424657534247,24 h,Tam-only,-3.82057695028553e-06,-6.44829747173702e-05,5.22616341919904e-05
17.3424657534247,4 h,Dox-only,1.15934539784353e-05,-9.24930154865401e-06,3.57378690498419e-05
17.3424657534247,4 h,Tam-only,-9.4598635430717e-06,-6.62995734191679e-05,4.05382706973651e-05
17.3835616438356,24 h,Dox-only,1.01374675222118e-05,-7.47075483103294e-05,0.000103469805430687
17.3835616438356,24 h,Tam-only,-3.28995895026318e-06,-6.33477751509681e-05,5.17321552143995e-05
17.3835616438356,4 h,Dox-only,9.41801231643359e-06,-1.06092905895094e-05,3.12759462006766e-05
17.3835616438356,4 h,Tam-only,-5.25905086507195e-06,-6.16275433962545e-05,4.36804257673036e-05
17.4246575342466,24 h,Dox-only,1.14117299982186e-05,-7.09939138064555e-05,0.000103875817815421
17.4246575342466,24 h,Tam-only,-2.45071048773069e-06,-6.10947135903245e-05,5.16771290752859e-05
17.4246575342466,4 h,Dox-only,7.56891341286992e-06,-1.24133191754082e-05,2.87951997501801e-05
17.4246575342466,4 h,Tam-only,-8.35546560670341e-07,-5.63449882461442e-05,4.73190917091431e-05
17.4657534246575,24 h,Dox-only,1.24258146398688e-05,-6.70443502431822e-05,0.000105119511559824
17.4657534246575,24 h,Tam-only,-1.30560997855839e-06,-5.87257431301595e-05,5.25942888301246e-05
17.4657534246575,4 h,Dox-only,6.03616578034389e-06,-1.4587602910923e-05,2.7928373879151e-05
17.4657534246575,4 h,Tam-only,3.75208434113774e-06,-5.17109792245154e-05,5.08802973658476e-05
17.5068493150685,24 h,Dox-only,1.32850262138707e-05,-6.44468493837083e-05,0.000105764365268986
17.5068493150685,24 h,Tam-only,1.9398023905383e-07,-5.4958886736909e-05,5.45850364374807e-05
17.5068493150685,4 h,Dox-only,4.80228295424655e-06,-1.70751295921704e-05,2.82327575961827e-05
17.5068493150685,4 h,Tam-only,8.44181510146e-06,-4.57897833026263e-05,5.51772726415904e-05
17.5479452054795,24 h,Dox-only,1.40864288537579e-05,-6.25659257417046e-05,0.000105420396736041
17.5479452054795,24 h,Tam-only,1.90390960079848e-06,-5.13137809165197e-05,5.51778649652064e-05
17.5479452054795,4 h,Dox-only,3.84386232765818e-06,-1.96683370523645e-05,2.87701060157987e-05
17.5479452054795,4 h,Tam-only,1.31690984722963e-05,-3.98559899335719e-05,6.02057718581715e-05
17.5890410958904,24 h,Dox-only,1.48807315411859e-05,-6.17859303770737e-05,0.000104693280250255
17.5890410958904,24 h,Tam-only,3.74940765003904e-06,-4.7562386231959e-05,5.643593997774e-05
17.5890410958904,4 h,Dox-only,3.11886828594735e-06,-2.19738630400564e-05,2.98017413007594e-05
17.5890410958904,4 h,Tam-only,1.78275507325891e-05,-3.46972100855939e-05,6.56081968644865e-05
17.6301369863014,24 h,Dox-only,1.57042991497417e-05,-6.07106929084359e-05,0.000104082758312348
17.6301369863014,24 h,Tam-only,5.64917815189714e-06,-4.32321429602596e-05,5.67713303796036e-05
17.6301369863014,4 h,Dox-only,2.66788251009807e-06,-2.33675046086419e-05,3.08510405297056e-05
17.6301369863014,4 h,Tam-only,2.23915654658627e-05,-2.89423373845585e-05,7.06783561522852e-05
17.6712328767123,24 h,Dox-only,1.65792431739742e-05,-6.06330918567243e-05,0.00010396350331311
17.6712328767123,24 h,Tam-only,7.46763387841329e-06,-3.81732345362609e-05,5.83735160776817e-05
17.6712328767123,4 h,Dox-only,2.38983144352736e-06,-2.48479035218527e-05,3.17958328674253e-05
17.6712328767123,4 h,Tam-only,2.67653525325469e-05,-2.33302811741995e-05,7.66546684409998e-05
17.7123287671233,24 h,Dox-only,1.75138693613469e-05,-6.06909918802017e-05,0.000103334513787892
17.7123287671233,24 h,Tam-only,9.18093113282819e-06,-3.43421704576306e-05,5.86551053135998e-05
17.7123287671233,4 h,Dox-only,2.25497536466749e-06,-2.60853724171659e-05,3.26605406964156e-05
17.7123287671233,4 h,Tam-only,3.08881782753216e-05,-1.74604497274506e-05,8.18178684196769e-05
17.7534246575342,24 h,Dox-only,1.85047476757564e-05,-6.02342610662274e-05,0.000103002298883017
17.7534246575342,24 h,Tam-only,1.07382028459551e-05,-3.01587031166689e-05,5.83287813421332e-05
17.7534246575342,4 h,Dox-only,2.23592726142959e-06,-2.67413911077303e-05,3.33531433054107e-05
17.7534246575342,4 h,Tam-only,3.47035204496174e-05,-1.20052175921718e-05,8.59100236580494e-05
17.7945205479452,24 h,Dox-only,1.95331489329353e-05,-6.02630494983078e-05,0.000103115691804066
17.7945205479452,24 h,Tam-only,1.20487699271485e-05,-2.71459797125337e-05,5.69106730300591e-05
17.7945205479452,4 h,Dox-only,2.30815848557641e-06,-2.67433601724012e-05,3.32098545017865e-05
17.7945205479452,4 h,Tam-only,3.81598931731339e-05,-6.74619392568313e-06,8.93678124936313e-05
17.8356164383562,24 h,Dox-only,2.05539261986507e-05,-5.94901471871439e-05,0.000101004133623909
17.8356164383562,24 h,Tam-only,1.30441607610912e-05,-2.42720599578138e-05,5.52713883099709e-05
17.8356164383562,4 h,Dox-only,2.45036074524778e-06,-2.67154130866171e-05,3.31960870711762e-05
17.8356164383562,4 h,Tam-only,4.12116131561438e-05,-2.63577705301478e-06,9.30639917268555e-05
17.8767123287671,24 h,Dox-only,2.15288353551926e-05,-5.7468085550852e-05,0.000101379928078882
17.8767123287671,24 h,Tam-only,1.36930528450703e-05,-2.13368841923509e-05,5.32689328027042e-05
17.8767123287671,4 h,Dox-only,2.68402197829438e-06,-2.59973843293522e-05,3.30364584898689e-05
17.8767123287671,4 h,Tam-only,4.37849698082781e-05,-1.46529363584801e-08,9.58482984849152e-05
17.9178082191781,24 h,Dox-only,2.24164986600788e-05,-5.66056172622577e-05,0.000102546104399459
17.9178082191781,24 h,Tam-only,1.39805919415488e-05,-1.86278606278576e-05,5.14533252747931e-05
17.9178082191781,4 h,Dox-only,2.93133675087834e-06,-2.53605381592833e-05,3.28300527259318e-05
17.9178082191781,4 h,Tam-only,4.58204072800745e-05,3.39934235933744e-06,9.76633198893368e-05
17.958904109589,24 h,Dox-only,2.317392718965e-05,-5.45764321114441e-05,0.000105532671186029
17.958904109589,24 h,Tam-only,1.39532788128812e-05,-1.66399988150068e-05,4.94604619509241e-05
17.958904109589,4 h,Dox-only,3.20006633740448e-06,-2.43358814666408e-05,3.23592461491177e-05
17.958904109589,4 h,Tam-only,4.73528389210609e-05,5.71312728230564e-06,9.8977484568731e-05
18,24 h,Dox-only,2.3757868051374e-05,-5.51554322235285e-05,0.000108859656903545
18,24 h,Tam-only,1.36328220850729e-05,-1.49678929869964e-05,4.69371886293454e-05
18,4 h,Dox-only,3.48327813528337e-06,-2.28559509848308e-05,3.14982171831926e-05
18,4 h,Tam-only,4.83749197790678e-05,7.22677489720661e-06,0.000100152047257803
18.041095890411,24 h,Dox-only,2.41315790806898e-05,-5.63608914827088e-05,0.000110596017044195
18.041095890411,24 h,Tam-only,1.30404013856385e-05,-1.35407547813529e-05,4.5345089034062e-05
18.041095890411,4 h,Dox-only,3.77587677318162e-06,-2.1637969586077e-05,3.07738755226185e-05
18.041095890411,4 h,Tam-only,4.88879261510002e-05,7.37662000168074e-06,0.000100396695409388
18.0821917808219,24 h,Dox-only,2.41848911053872e-05,-5.7535149930221e-05,0.000113910557938281
18.0821917808219,24 h,Tam-only,1.20714493604205e-05,-1.35698115661338e-05,4.46224072018833e-05
18.0821917808219,4 h,Dox-only,4.07408316648004e-06,-1.96327140166521e-05,2.94189848239262e-05
18.0821917808219,4 h,Tam-only,4.89016426426253e-05,7.37024714657287e-06,0.000100683752083537
18.1232876712329,24 h,Dox-only,2.39248419172408e-05,-6.01297625167191e-05,0.000117510478586914
18.1232876712329,24 h,Tam-only,1.08952988518552e-05,-1.52372980028128e-05,4.36594969917059e-05
18.1232876712329,4 h,Dox-only,4.3749024760243e-06,-1.82112354315659e-05,2.81469057514875e-05
18.1232876712329,4 h,Tam-only,4.84341532641126e-05,6.81501666241578e-06,0.000101155132778732
18.1643835616438,24 h,Dox-only,2.33225733215039e-05,-6.23108257167895e-05,0.000119639883000848
18.1643835616438,24 h,Tam-only,9.57098914277743e-06,-1.82118401904328e-05,4.31239406866752e-05
18.1643835616438,4 h,Dox-only,4.74415056222921e-06,-1.65930508685688e-05,2.71668869121336e-05
18.1643835616438,4 h,Tam-only,4.75033960572766e-05,5.45471736030974e-06,0.000100519140198528
18.2054794520548,24 h,Dox-only,2.23495547205954e-05,-6.5306211576386e-05,0.000123183860451665
18.2054794520548,24 h,Tam-only,8.15461367841561e-06,-2.28491590440154e-05,4.22828176941875e-05
18.2054794520548,4 h,Dox-only,5.03542639593687e-06,-1.47813228724938e-05,2.63804922852206e-05
18.2054794520548,4 h,Tam-only,4.6095077550112e-05,4.09529476380814e-06,9.95505171123198e-05
18.2465753424658,24 h,Dox-only,2.09806022716297e-05,-7.00346021423235e-05,0.000123859027733154
18.2465753424658,24 h,Tam-only,6.8229997367512e-06,-2.75169190097143e-05,4.22749220436173e-05
18.2465753424658,4 h,Dox-only,5.31322308876313e-06,-1.32065226280227e-05,2.53705838285107e-05
18.2465753424658,4 h,Tam-only,4.43314529814669e-05,2.9133562065443e-06,9.88385789540183e-05
18.2876712328767,24 h,Dox-only,1.91940824722057e-05,-7.5209032585819e-05,0.00012369702483767
18.2876712328767,24 h,Tam-only,5.50189600598253e-06,-3.31050130413397e-05,4.22230709072292e-05
18.2876712328767,4 h,Dox-only,5.57169764228802e-06,-1.17732500134718e-05,2.45006821968873e-05
18.2876712328767,4 h,Tam-only,4.22627508901981e-05,1.54119950681438e-06,9.67130202562022e-05
18.3287671232877,24 h,Dox-only,1.69724886158751e-05,-7.96166040964392e-05,0.000122125799333536
18.3287671232877,24 h,Tam-only,4.20673615052482e-06,-3.70634909555342e-05,4.23502840842246e-05
18.3287671232877,4 h,Dox-only,5.8037855575191e-06,-1.04627484924501e-05,2.42455227411395e-05
18.3287671232877,4 h,Tam-only,3.99425257193342e-05,3.8792122499329e-07,9.42451429665108e-05
18.3698630136986,24 h,Dox-only,1.42189909663688e-05,-8.32120198584919e-05,0.000120356324321117
18.3698630136986,24 h,Tam-only,2.8667324010733e-06,-4.09937812866353e-05,4.16591661094964e-05
18.3698630136986,4 h,Dox-only,6.0012307272079e-06,-9.12337781215412e-06,2.35342140841251e-05
18.3698630136986,4 h,Tam-only,3.74265742959104e-05,-9.62932057611399e-07,9.0496459898711e-05
18.4109589041096,24 h,Dox-only,1.10019556116101e-05,-8.65909539665955e-05,0.000114157901721448
18.4109589041096,24 h,Tam-only,1.60062331542435e-06,-4.4492108328738e-05,4.10927113557926e-05
18.4109589041096,4 h,Dox-only,6.15469461379028e-06,-7.91840799033315e-06,2.26226191094879e-05
18.4109589041096,4 h,Tam-only,3.47718308964412e-05,-2.12849943529799e-06,8.66695439206267e-05
18.4520547945205,24 h,Dox-only,7.33621313726254e-06,-8.94338338685738e-05,0.000108465137074585
18.4520547945205,24 h,Tam-only,4.21470121048822e-07,-4.67340975531235e-05,4.00412211352957e-05
18.4520547945205,4 h,Dox-only,6.27609845962375e-06,-6.76735355355889e-06,2.21571594802541e-05
18.4520547945205,4 h,Tam-only,3.20612173506453e-05,-3.13740715669476e-06,8.21741445473005e-05
18.4931506849315,24 h,Dox-only,3.23688917987287e-06,-9.09898656499355e-05,9.84857135621593e-05
18.4931506849315,24 h,Tam-only,-6.74942439544632e-07,-4.82692582355327e-05,3.8540767301292e-05
18.4931506849315,4 h,Dox-only,6.2809260096518e-06,-5.76250825928888e-06,2.13796683193178e-05
18.4931506849315,4 h,Tam-only,2.93135025073718e-05,-4.10779430763229e-06,7.73876070523246e-05
18.5342465753425,24 h,Dox-only,-1.2707400377998e-06,-9.1299290642481e-05,8.83188675983617e-05
18.5342465753425,24 h,Tam-only,-1.65614944908107e-06,-4.88983831639162e-05,3.6524160667673e-05
18.5342465753425,4 h,Dox-only,6.20640130983694e-06,-4.93215296362789e-06,2.05782690432116e-05
18.5342465753425,4 h,Tam-only,2.66137820890717e-05,-4.71835503170428e-06,7.21141822244543e-05
18.5753424657534,24 h,Dox-only,-6.15030765340515e-06,-9.253272569294e-05,7.69731768145651e-05
18.5753424657534,24 h,Tam-only,-2.62903013595258e-06,-4.85688830778121e-05,3.41328057566569e-05
18.5753424657534,4 h,Dox-only,6.04444971074622e-06,-4.14549808542953e-06,1.96137111048364e-05
18.5753424657534,4 h,Tam-only,2.40059215078465e-05,-5.19929529069383e-06,6.67704969017999e-05
18.6164383561644,24 h,Dox-only,-1.13535582486103e-05,-9.2968261291866e-05,6.42423619801194e-05
18.6164383561644,24 h,Tam-only,-3.61456952305834e-06,-4.76802613608951e-05,3.08047465150789e-05
18.6164383561644,4 h,Dox-only,5.78845679043558e-06,-3.38662715028091e-06,1.83345216201024e-05
18.6164383561644,4 h,Tam-only,2.15280979040441e-05,-5.69929533608048e-06,6.09913438198048e-05
18.6575342465753,24 h,Dox-only,-1.68479779375527e-05,-9.3132397568312e-05,4.98730298938276e-05
18.6575342465753,24 h,Tam-only,-4.62389701726075e-06,-4.61754687047226e-05,2.69908000117897e-05
18.6575342465753,4 h,Dox-only,5.43362465360351e-06,-2.76990693703808e-06,1.68481315040332e-05
18.6575342465753,4 h,Tam-only,1.92122627030743e-05,-5.8038030045677e-06,5.5699120108362e-05
18.6986301369863,24 h,Dox-only,-2.24880427978392e-05,-9.38209698840653e-05,3.66379302192008e-05
18.6986301369863,24 h,Tam-only,-5.64302624171838e-06,-4.42196570868571e-05,2.28501470710562e-05
18.6986301369863,4 h,Dox-only,4.9759154437458e-06,-2.26737479404669e-06,1.51250156329991e-05
18.6986301369863,4 h,Tam-only,1.70837102656155e-05,-5.65977790622311e-06,5.03998319681572e-05
18.7397260273973,24 h,Dox-only,-2.81759616445478e-05,-9.56550919977174e-05,2.39134709904173e-05
18.7397260273973,24 h,Tam-only,-6.68047688455489e-06,-4.19029635892376e-05,1.83604444048836e-05
18.7397260273973,4 h,Dox-only,4.39075701417745e-06,-1.80545092992004e-06,1.32037561406528e-05
18.7397260273973,4 h,Tam-only,1.51976175065222e-05,-5.370135932999e-06,4.51783355004508e-05
18.7808219178082,24 h,Dox-only,-3.38089342766659e-05,-9.62017224973253e-05,1.34138307785261e-05
18.7808219178082,24 h,Tam-only,-7.74340790594936e-06,-4.00948949730015e-05,1.36728139244314e-05
18.7808219178082,4 h,Dox-only,3.71388649630923e-06,-1.51478373785603e-06,1.09542172429181e-05
18.7808219178082,4 h,Tam-only,1.35316414287009e-05,-4.78374189641467e-06,4.00574990550681e-05
18.8219178082192,24 h,Dox-only,-3.92784959197322e-05,-9.88844926332619e-05,5.76385083039213e-06
18.8219178082192,24 h,Tam-only,-8.89297013829433e-06,-3.77734658143513e-05,9.02561126746592e-06
18.8219178082192,4 h,Dox-only,2.95084331923925e-06,-1.32475470840232e-06,8.53430468319333e-06
18.8219178082192,4 h,Tam-only,1.2080725849402e-05,-3.97440052630815e-06,3.561037699526e-05
18.8630136986301,24 h,Dox-only,-4.44731327385528e-05,-0.000103991621697032,2.0313572016175e-06
18.8630136986301,24 h,Tam-only,-1.00691447621463e-05,-3.57749077364952e-05,4.70338777000437e-06
18.8630136986301,4 h,Dox-only,2.11075632873195e-06,-1.19645966090323e-06,6.25810627671537e-06
18.8630136986301,4 h,Tam-only,1.08367887387212e-05,-2.91826815118899e-06,3.14555767161807e-05
18.9041095890411,24 h,Dox-only,-4.92811376512463e-05,-0.000109231900069364,-1.14747427960989e-06
18.9041095890411,24 h,Tam-only,-1.12434410526685e-05,-3.46075975718363e-05,2.03124609727211e-06
18.9041095890411,4 h,Dox-only,1.20422043048921e-06,-1.44219596305943e-06,4.43588302035272e-06
18.9041095890411,4 h,Tam-only,9.78646428147814e-06,-1.79162327862222e-06,2.76181592812935e-05
18.9452054794521,24 h,Dox-only,-5.34887818796342e-05,-0.000118294445185505,-4.65735096120573e-06
18.9452054794521,24 h,Tam-only,-1.23144469671105e-05,-3.36307181377386e-05,1.11368442977437e-06
18.9452054794521,4 h,Dox-only,2.42880812307005e-07,-2.40313809725394e-06,3.45483622634206e-06
18.9452054794521,4 h,Tam-only,8.91179439157103e-06,-9.03600904265545e-07,2.41676227087879e-05
18.986301369863,24 h,Dox-only,-5.70418572072088e-05,-0.000127478023488575,-7.21241876341196e-06
18.986301369863,24 h,Tam-only,-1.3290878481694e-05,-3.38069266197931e-05,5.77728622607299e-07
18.986301369863,4 h,Dox-only,-7.68600289147251e-07,-4.76270706528968e-06,2.90909252940812e-06
18.986301369863,4 h,Tam-only,8.18977461181405e-06,-2.53519808828369e-07,2.12356333385391e-05
19.027397260274,24 h,Dox-only,-5.98815546180916e-05,-0.000135722434426632,-6.35434042215645e-06
19.027397260274,24 h,Tam-only,-1.41600440066664e-05,-3.4594356905754e-05,2.48430427252395e-07
19.027397260274,4 h,Dox-only,-1.80790161034451e-06,-7.52598140606084e-06,2.58247771345552e-06
19.027397260274,4 h,Tam-only,7.61166504226549e-06,1.44631199589045e-07,1.90186651117226e-05
19.0684931506849,24 h,Dox-only,-6.19482514589563e-05,-0.000143560365697291,-4.80504566801115e-06
19.0684931506849,24 h,Tam-only,-1.48979625713307e-05,-3.68020472085908e-05,1.15390767748895e-07
19.0684931506849,4 h,Dox-only,-2.85412503793987e-06,-1.03369774748602e-05,2.4025190598762e-06
19.0684931506849,4 h,Tam-only,7.12880502940833e-06,9.56122802048735e-08,1.71392635462152e-05
19.1095890410959,24 h,Dox-only,-6.32007651568863e-05,-0.000148300030179558,-3.44687523373013e-06
19.1095890410959,24 h,Tam-only,-1.54936630219309e-05,-3.85316142597865e-05,2.51880321434835e-07
19.1095890410959,4 h,Dox-only,-3.90561317173962e-06,-1.30980822551385e-05,2.26721145162101e-06
19.1095890410959,4 h,Tam-only,6.70763589947101e-06,-1.39197204602746e-07,1.58162456735559e-05
19.1506849315069,24 h,Dox-only,-6.36175229024164e-05,-0.000152114671648738,-2.10562826906247e-06
19.1506849315069,24 h,Tam-only,-1.58631224717028e-05,-4.0842231447945e-05,6.4180757421864e-07
19.1506849315069,4 h,Dox-only,-4.95660782777685e-06,-1.58234340786335e-05,2.08430907367911e-06
19.1506849315069,4 h,Tam-only,6.32194762525097e-06,-6.11435382106504e-07,1.50259986428571e-05
19.1917808219178,24 h,Dox-only,-6.31972984161061e-05,-0.000153212764829337,-5.21266860478735e-07
19.1917808219178,24 h,Tam-only,-1.59809888344822e-05,-4.21252261987622e-05,1.31429871402075e-06
19.1917808219178,4 h,Dox-only,-6.00361393546377e-06,-1.83202821081005e-05,1.92495804903926e-06
19.1917808219178,4 h,Tam-only,5.94732127246741e-06,-1.03859155450193e-06,1.50285563554559e-05
19.2328767123288,24 h,Dox-only,-6.18363795205883e-05,-0.000152933029431342,6.96986825636967e-08
19.2328767123288,24 h,Tam-only,-1.58135170492362e-05,-4.31435878040767e-05,2.38734228016102e-06
19.2328767123288,4 h,Dox-only,-7.04544216478066e-06,-2.07647422222362e-05,1.78335841494982e-06
19.2328767123288,4 h,Tam-only,5.56174833994825e-06,-1.39333106732242e-06,1.54619738586701e-05
19.2739726027397,24 h,Dox-only,-5.97031216623804e-05,-0.000150066372448226,1.14283423009842e-06
19.2739726027397,24 h,Tam-only,-1.54043255684424e-05,-4.34403436065954e-05,3.41017936829306e-06
19.2739726027397,4 h,Dox-only,-8.07174838048321e-06,-2.30824246679913e-05,1.64782195052581e-06
19.2739726027397,4 h,Tam-only,5.15215856528813e-06,-2.36084862317601e-06,1.56162097814877e-05
19.3150684931507,24 h,Dox-only,-5.68988548339948e-05,-0.000145630614742758,2.3255166397487e-06
19.3150684931507,24 h,Tam-only,-1.47719956313219e-05,-4.29761587301606e-05,4.70710853374769e-06
19.3150684931507,4 h,Dox-only,-9.1028788523477e-06,-2.51350921035462e-05,1.49735168645553e-06
19.3150684931507,4 h,Tam-only,4.68465157607329e-06,-3.79907363744745e-06,1.56205073428172e-05
19.3561643835616,24 h,Dox-only,-5.3509233583226e-05,-0.000138431593067149,4.40348640341851e-06
19.3561643835616,24 h,Tam-only,-1.39187794306177e-05,-4.19156818410411e-05,5.98059668256831e-06
19.3561643835616,4 h,Dox-only,-1.0143712484828e-05,-2.70986172589118e-05,1.34169455176529e-06
19.3561643835616,4 h,Tam-only,4.15619379287437e-06,-4.74770193479076e-06,1.57344565423228e-05
19.3972602739726,24 h,Dox-only,-4.96303305422589e-05,-0.000130998616201087,5.35194323358224e-06
19.3972602739726,24 h,Tam-only,-1.27916173275342e-05,-4.03254572180361e-05,7.24504412903751e-06
19.3972602739726,4 h,Dox-only,-1.11981844232296e-05,-2.99062729742664e-05,1.18408192488413e-06
19.3972602739726,4 h,Tam-only,3.56514398647105e-06,-5.70390599214505e-06,1.56850923331799e-05
19.4383561643836,24 h,Dox-only,-4.53659591143591e-05,-0.000122939211094979,7.2767461765341e-06
19.4383561643836,24 h,Tam-only,-1.1474031382804e-05,-3.8332922367494e-05,8.63207172409533e-06
19.4383561643836,4 h,Dox-only,-1.22711775002733e-05,-3.31793728714286e-05,1.03743313717341e-06
19.4383561643836,4 h,Tam-only,2.9121797253973e-06,-7.36545984072087e-06,1.55183160884328e-05
19.4794520547945,24 h,Dox-only,-4.08249370130732e-05,-0.000113751864023684,9.7730247534184e-06
19.4794520547945,24 h,Tam-only,-1.00072481748687e-05,-3.58463732661099e-05,1.01901235285183e-05
19.4794520547945,4 h,Dox-only,-1.33659429124721e-05,-3.62393658163911e-05,8.95374030052508e-07
19.4794520547945,4 h,Tam-only,2.20197159274946e-06,-9.14548585175326e-06,1.51164718796436e-05
19.5205479452055,24 h,Dox-only,-3.61053303745415e-05,-0.000104305883762601,1.20130886097406e-05
19.5205479452055,24 h,Tam-only,-8.50769524027929e-06,-3.32607646434245e-05,1.17810591858472e-05
19.5205479452055,4 h,Dox-only,-1.44833653137743e-05,-3.94877786085794e-05,7.62797116571945e-07
19.5205479452055,4 h,Tam-only,1.44296426914982e-06,-1.09046587964937e-05,1.45883359591662e-05
19.5616438356164,24 h,Dox-only,-3.13841472328689e-05,-9.48223705127006e-05,1.39040061606107e-05
19.5616438356164,24 h,Tam-only,-7.00644279654499e-06,-3.06128779176785e-05,1.35832514774027e-05
19.5616438356164,4 h,Dox-only,-1.55899751954739e-05,-4.31985171060798e-05,6.4954923606472e-07
19.5616438356164,4 h,Tam-only,6.69938931918126e-07,-1.2605664228702e-05,1.38762746496245e-05
19.6027397260274,24 h,Dox-only,-2.67571659291768e-05,-8.52402248963889e-05,1.56082542450946e-05
19.6027397260274,24 h,Tam-only,-5.51363403736538e-06,-2.78873591506081e-05,1.51749802968418e-05
19.6027397260274,4 h,Dox-only,-1.67396834737343e-05,-4.67626159667297e-05,5.53776832976226e-07
19.6027397260274,4 h,Tam-only,-1.45093079941235e-07,-1.4204671174329e-05,1.30759276085108e-05
19.6438356164384,24 h,Dox-only,-2.23148543421347e-05,-7.52076098367974e-05,1.69725482201774e-05
19.6438356164384,24 h,Tam-only,-4.0448407144936e-06,-2.50329359774263e-05,1.65589350140072e-05
19.6438356164384,4 h,Dox-only,-1.7883193568747e-05,-5.03669378837587e-05,4.60927747410786e-07
19.6438356164384,4 h,Tam-only,-9.54632499592074e-07,-1.56732372764962e-05,1.22263855343094e-05
19.6849315068493,24 h,Dox-only,-1.8137672168935e-05,-6.60560514415124e-05,1.80121972100575e-05
19.6849315068493,24 h,Tam-only,-2.58475544904433e-06,-2.20558262391892e-05,1.78766959038359e-05
19.6849315068493,4 h,Dox-only,-1.89996140517604e-05,-5.39459548567485e-05,3.78372408680786e-07
19.6849315068493,4 h,Tam-only,-1.73815385471945e-06,-1.69615938458038e-05,1.12738634233255e-05
19.7260273972603,24 h,Dox-only,-1.42949767125428e-05,-5.73587632505527e-05,1.88352761831277e-05
19.7260273972603,24 h,Tam-only,-1.2648459576704e-06,-1.93788891212252e-05,1.87181472956449e-05
19.7260273972603,4 h,Dox-only,-2.00631848942117e-05,-5.74384604134169e-05,3.07288078642717e-07
19.7260273972603,4 h,Tam-only,-2.47459069259199e-06,-1.80792964404964e-05,1.02998610333358e-05
19.7671232876712,24 h,Dox-only,-1.08441520655954e-05,-4.8567938310598e-05,1.95467505371564e-05
19.7671232876712,24 h,Tam-only,-1.22339088716304e-07,-1.688982586709e-05,1.91946024219466e-05
19.7671232876712,4 h,Dox-only,-2.1043694553846e-05,-6.07189025057902e-05,2.46957868264711e-07
19.7671232876712,4 h,Tam-only,-3.14294517457324e-06,-1.90483280271815e-05,9.28583247697975e-06
19.8082191780822,24 h,Dox-only,-7.88882017479988e-06,-4.07656533692399e-05,2.03129970196726e-05
19.8082191780822,24 h,Tam-only,7.54409873243716e-07,-1.45214984032134e-05,1.93748832671919e-05
19.8082191780822,4 h,Dox-only,-2.1907045370265e-05,-6.36284895376293e-05,1.96449519238179e-07
19.8082191780822,4 h,Tam-only,-3.72289876303826e-06,-1.97178384467195e-05,8.30726063617155e-06
19.8493150684932,24 h,Dox-only,-5.44209992352664e-06,-3.41646994720779e-05,2.13366411686729e-05
19.8493150684932,24 h,Tam-only,1.39422807399521e-06,-1.24513486257179e-05,1.89171266422284e-05
19.8493150684932,4 h,Dox-only,-2.25805079464058e-05,-6.60691208636581e-05,1.56761252709733e-07
19.8493150684932,4 h,Tam-only,-4.17435204103604e-06,-2.00584645969068e-05,7.35063167848063e-06
19.8904109589041,24 h,Dox-only,-3.47597436234783e-06,-2.83592935993378e-05,2.13581704990117e-05
19.8904109589041,24 h,Tam-only,1.83089114701457e-06,-1.05561733010781e-05,1.8297430694314e-05
19.8904109589041,4 h,Dox-only,-2.30448550410543e-05,-6.77617020340906e-05,1.2509101726572e-07
19.8904109589041,4 h,Tam-only,-4.49713734434522e-06,-2.00597889116182e-05,6.44922118062659e-06
19.9315068493151,24 h,Dox-only,-1.98542741807423e-06,-2.34805823759481e-05,2.05481834963931e-05
19.9315068493151,24 h,Tam-only,2.0637527001246e-06,-8.85773530555542e-06,1.74873856688267e-05
19.9315068493151,4 h,Dox-only,-2.32574537659931e-05,-6.86789954912375e-05,9.72187361793938e-08
19.9315068493151,4 h,Tam-only,-4.67795803813049e-06,-1.97204755076701e-05,5.58783989642664e-06
19.972602739726,24 h,Dox-only,-9.54560338808093e-07,-1.91991729416549e-05,1.8991192442285e-05
19.972602739726,24 h,Tam-only,2.07371836993698e-06,-7.29179092124181e-06,1.5579278782277e-05
19.972602739726,4 h,Dox-only,-2.31829289349803e-05,-6.87039528153457e-05,7.46040156323566e-08
19.972602739726,4 h,Tam-only,-4.7092075733395e-06,-1.90078882866783e-05,4.78784853738791e-06
20.013698630137,24 h,Dox-only,-3.57523066297066e-07,-1.54977118868282e-05,1.67543906319088e-05
20.013698630137,24 h,Tam-only,1.8579826045854e-06,-5.92941901006219e-06,1.32056261231927e-05
20.013698630137,4 h,Dox-only,-2.2790558526497e-05,-6.77145670715311e-05,5.65860295369052e-08
20.013698630137,4 h,Tam-only,-4.58726572587666e-06,-1.78975089280443e-05,4.06125937315466e-06
20.0547945205479,24 h,Dox-only,-1.59548996839013e-07,-1.24293965103243e-05,1.39015442060121e-05
20.0547945205479,24 h,Tam-only,1.4371838225216e-06,-4.76674861178108e-06,1.04353915676084e-05
20.0547945205479,4 h,Dox-only,-2.20556319590116e-05,-6.56865278425373e-05,4.24706755891425e-08
20.0547945205479,4 h,Tam-only,-4.31266680135674e-06,-1.63892591916395e-05,3.40527902999262e-06
20.0958904109589,24 h,Dox-only,-3.59911749046116e-07,-9.9297878344034e-06,1.04136874112493e-05
20.0958904109589,24 h,Tam-only,8.5358201982944e-07,-3.78583030986566e-06,7.37598300156374e-06
20.0958904109589,4 h,Dox-only,-2.09607273336108e-05,-6.25172768469874e-05,3.17211357407401e-08
20.0958904109589,4 h,Tam-only,-3.89018712573535e-06,-1.45483907507962e-05,2.82532426051065e-06
20.1369863013699,24 h,Dox-only,-8.61367187392922e-07,-8.01168429238077e-06,6.44824275511831e-06
20.1369863013699,24 h,Tam-only,1.6196880814549e-07,-3.06340650355599e-06,4.24859864575349e-06
20.1369863013699,4 h,Dox-only,-1.94706749766542e-05,-5.82431573169487e-05,2.38111589067672e-08
20.1369863013699,4 h,Tam-only,-3.33188947241004e-06,-1.23598023621513e-05,2.33161201344349e-06
20.1780821917808,24 h,Dox-only,-1.58714916492143e-06,-6.64526440618435e-06,2.49319087859044e-06
20.1780821917808,24 h,Tam-only,-6.14081095761397e-07,-2.55429215589793e-06,1.04944400261843e-06
20.1780821917808,4 h,Dox-only,-1.75775675525787e-05,-5.27025204465292e-05,1.78121251639513e-08
20.1780821917808,4 h,Tam-only,-2.63137013771185e-06,-9.82473678449412e-06,1.90760409237021e-06
20.2191780821918,24 h,Dox-only,-2.48062778234303e-06,-6.12186566435619e-06,-9.56026259057987e-09
20.2191780821918,24 h,Tam-only,-1.46818769224052e-06,-3.44077323135024e-06,-1.65242711459012e-09
20.2191780821918,4 h,Dox-only,-1.534577431772e-05,-4.60466013130916e-05,1.29546858251071e-08
20.2191780821918,4 h,Tam-only,-1.83316944552514e-06,-7.06649365312967e-06,1.54342632003871e-06
20.2602739726027,24 h,Dox-only,-3.48566018969389e-06,-8.51223573070028e-06,-6.42528894916492e-09
20.2602739726027,24 h,Tam-only,-2.39955203769907e-06,-6.64742236389706e-06,-9.91971243432572e-10
20.2602739726027,4 h,Dox-only,-1.28073753315161e-05,-3.84688533761819e-05,9.31697368377522e-09
20.2602739726027,4 h,Tam-only,-9.59487677359259e-07,-4.10773841046938e-06,1.23548336904939e-06
20.3013698630137,24 h,Dox-only,-4.5479026239765e-06,-1.2302121857154e-05,-4.26834015934096e-09
20.3013698630137,24 h,Tam-only,-3.32517160483579e-06,-9.5351911954521e-06,-5.39292485462374e-10
20.3013698630137,4 h,Dox-only,-1.0004073838813e-05,-3.0050497968273e-05,6.6235036533576e-09
20.3013698630137,4 h,Tam-only,-3.43476801849962e-08,-1.01878505237856e-06,9.83288425550836e-07
20.3424657534247,24 h,Dox-only,-5.61605283715857e-06,-1.58749463665256e-05,-2.78530997934982e-09
20.3424657534247,24 h,Tam-only,-4.21017996584992e-06,-1.23037406767285e-05,-2.82659846839145e-10
20.3424657534247,4 h,Dox-only,-6.98627344856723e-06,-2.09702457013292e-05,4.66381809409985e-09
20.3424657534247,4 h,Tam-only,9.1708482446919e-07,1.61374239819977e-10,2.51092049528221e-06
20.3835616438356,24 h,Dox-only,-6.63960188726259e-06,-1.92688249417496e-05,-1.8104025109359e-09
20.3835616438356,24 h,Tam-only,-4.9871304810084e-06,-1.4855676087948e-05,-1.74867762575371e-10
20.3835616438356,4 h,Dox-only,-3.81195104916732e-06,-1.14457091769286e-05,3.25292533492369e-09
20.3835616438356,4 h,Tam-only,1.86920396403212e-06,9.97562716857595e-11,5.41425699443328e-06
20.4246575342466,24 h,Dox-only,-7.55211518741944e-06,-2.22247894551022e-05,-1.18511399752833e-09
20.4246575342466,24 h,Tam-only,-5.63964416741686e-06,-1.69818387066856e-05,-1.08924720374565e-10
20.4246575342466,4 h,Dox-only,-5.71545169968792e-07,-1.69666541973004e-06,2.31315401690849e-09
20.4246575342466,4 h,Tam-only,2.77001622625571e-06,6.16499397706917e-11,8.22991971573317e-06
20.4657534246575,24 h,Dox-only,-8.33731513365551e-06,-2.47283597160204e-05,-7.68131199762428e-10
20.4657534246575,24 h,Tam-only,-6.19147837391109e-06,-1.86660843425524e-05,-7.12437509484593e-11
20.4657534246575,4 h,Dox-only,2.68953213677734e-06,-2.28766773036738e-07,8.46229971617185e-06
20.4657534246575,4 h,Tam-only,3.63152178795589e-06,3.86933393982942e-11,1.08247975648453e-05
20.5068493150685,24 h,Dox-only,-8.973903099718e-06,-2.67472978879677e-05,-4.91565082614381e-10
20.5068493150685,24 h,Tam-only,-6.64284856417492e-06,-2.00195598326262e-05,-4.2432928876253e-11
20.5068493150685,4 h,Dox-only,5.87040441099384e-06,-1.71099496509173e-07,1.80050997871441e-05
20.5068493150685,4 h,Tam-only,4.41497609244093e-06,2.38768184242804e-11,1.32116886232261e-05
20.5479452054795,24 h,Dox-only,-9.44766535005077e-06,-2.82773021704578e-05,-3.10059363257746e-10
20.5479452054795,24 h,Tam-only,-6.97896356512097e-06,-2.10285938696391e-05,-2.45914370644641e-11
20.5479452054795,4 h,Dox-only,8.9047225589214e-06,-1.26601720729009e-07,2.71285397413637e-05
20.5479452054795,4 h,Tam-only,5.10388124532423e-06,1.45008850126745e-11,1.53196559277848e-05
20.5890410958904,24 h,Dox-only,-9.75125749160146e-06,-2.92416070283408e-05,-1.92803151674284e-10
20.5890410958904,24 h,Tam-only,-7.17370211420871e-06,-2.16239216078722e-05,-9.39950196492122e-12
20.5890410958904,4 h,Dox-only,1.17308721747711e-05,-9.26456930528956e-08,3.56509991334444e-05
20.5890410958904,4 h,Tam-only,5.68520764436278e-06,8.6710688805671e-12,1.70876245689827e-05
20.6301369863014,24 h,Dox-only,-9.88385730270428e-06,-2.97092040755991e-05,-1.18087019158267e-10
20.6301369863014,24 h,Tam-only,-7.2304980075265e-06,-2.18117026242386e-05,-1.55894170042785e-12
20.6301369863014,4 h,Dox-only,1.42935463991567e-05,-6.69808641175711e-08,4.33695542253049e-05
20.6301369863014,4 h,Tam-only,6.14959694775722e-06,5.10943878537959e-12,1.84919486909865e-05
20.6712328767123,24 h,Dox-only,-9.83467160577943e-06,-2.96435340798362e-05,-7.20245349200922e-11
20.6712328767123,24 h,Tam-only,-7.15386799834278e-06,-2.15903181631343e-05,-1.06602741930204e-13
20.6712328767123,4 h,Dox-only,1.65451749161203e-05,-4.78080398542942e-08,5.01395833999568e-05
20.6712328767123,4 h,Tam-only,6.49147732355258e-06,2.96851347492452e-12,1.95360196385927e-05
20.7123287671233,24 h,Dox-only,-9.62197649134681e-06,-2.90406562316355e-05,-4.47266126916946e-11
20.7123287671233,24 h,Tam-only,-6.97260056711085e-06,-2.10167459648211e-05,-3.58262800484133e-13
20.7123287671233,4 h,Dox-only,1.83776768061241e-05,-3.36771553715165e-08,5.58480794121822e-05
20.7123287671233,4 h,Tam-only,6.69047056369729e-06,1.74924029792974e-12,2.01765283151365e-05
20.7534246575342,24 h,Dox-only,-9.28006667112008e-06,-2.79777328657638e-05,-2.73116421771645e-11
20.7534246575342,24 h,Tam-only,-6.70999114501667e-06,-2.01817330076859e-05,-5.30236824911203e-13
20.7534246575342,4 h,Dox-only,1.98244035110868e-05,-2.33482247836996e-08,6.01811577622455e-05
20.7534246575342,4 h,Tam-only,6.76849156140904e-06,1.03870692632734e-12,2.04116224137266e-05
20.7945205479452,24 h,Dox-only,-8.82879035125562e-06,-2.65991482558232e-05,-1.63755245847066e-11
20.7945205479452,24 h,Tam-only,-6.36537583561214e-06,-1.91701469211497e-05,-1.50324416237901e-13
20.7945205479452,4 h,Dox-only,2.08810559526062e-05,-1.64636144573742e-08,6.33242723484632e-05
20.7945205479452,4 h,Tam-only,6.73524489699751e-06,6.05254409585389e-13,2.03022683060638e-05
20.8356164383562,24 h,Dox-only,-8.28922420111401e-06,-2.49597803172299e-05,-9.63811240117531e-12
20.8356164383562,24 h,Tam-only,-5.93997292644512e-06,-1.79252477643785e-05,3.38741617632127e-16
20.8356164383562,4 h,Dox-only,2.15506400388158e-05,-1.14497695509091e-08,6.52878057405546e-05
20.8356164383562,4 h,Tam-only,6.60084750337206e-06,3.46428950621231e-13,1.98987760375101e-05
20.8767123287671,24 h,Dox-only,-7.68290051412747e-06,-2.31267727806681e-05,-5.59936774133642e-12
20.8767123287671,24 h,Tam-only,-5.46758568588973e-06,-1.65082148592229e-05,1.4619049857277e-13
20.8767123287671,4 h,Dox-only,2.18456159469191e-05,-7.86277295196557e-09,6.61169206030125e-05
20.8767123287671,4 h,Tam-only,6.37725981648341e-06,1.94830369196918e-13,1.92166469453711e-05
20.9178082191781,24 h,Dox-only,-7.03108787411817e-06,-2.11702062981821e-05,-3.19525984410189e-12
20.9178082191781,24 h,Tam-only,-4.96594272198016e-06,-1.50110347180447e-05,2.01523765642809e-13
20.9178082191781,4 h,Dox-only,2.1787036783069e-05,-5.33361451133066e-09,6.5866014013503e-05
20.9178082191781,4 h,Tam-only,6.0778008484032e-06,1.07787505323807e-13,1.83082955513169e-05
20.958904109589,24 h,Dox-only,-6.34911257300724e-06,-1.91566077162406e-05,-1.80369074478785e-12
20.958904109589,24 h,Tam-only,-4.46684678642015e-06,-1.35816177494985e-05,1.60070148180758e-13
20.958904109589,4 h,Dox-only,2.14029565717704e-05,-3.57010280804945e-09,6.46435145375919e-05
20.958904109589,4 h,Tam-only,5.71666020358386e-06,5.86905387082849e-14,1.72189542267515e-05
21,24 h,Dox-only,-5.67105130236304e-06,-1.71340096285775e-05,-1.05496681486811e-12
21,24 h,Tam-only,-3.99535203209661e-06,-1.21758842382371e-05,8.35423923881454e-14
21,4 h,Dox-only,2.06979820390098e-05,-2.34630657615068e-09,6.25291485364386e-05
21,4 h,Tam-only,5.31506409642669e-06,3.27237594622479e-14,1.60134110450139e-05
