x,time,contrast,delta_density,lo,hi,view
0,24 h,Dox-only,-0.0249258214707703,-0.0261483542754236,-0.0204202689396826,Full distribution
0,24 h,Tam-only,-0.00132549685485195,-0.00201251340753993,0.0049693590211662,Full distribution
0,4 h,Dox-only,0.00663649784966303,0.00164055111309188,0.0117980088808635,Full distribution
0,4 h,Tam-only,0.0121680862228477,0.00750078620053969,0.0180746327228841,Full distribution
0.0332681017612524,24 h,Dox-only,-0.0239220110565522,-0.0253615263759263,-0.0193623833268115,Full distribution
0.0332681017612524,24 h,Tam-only,-9.79728533820889e-05,-0.00186495754430156,0.00468363018618084,Full distribution
0.0332681017612524,4 h,Dox-only,0.00638549988716941,0.00122720394584341,0.0102810986824243,Full distribution
0.0332681017612524,4 h,Tam-only,0.01241034551487,0.00703194155895764,0.0170716778375014,Full distribution
0.0665362035225049,24 h,Dox-only,-0.0214669043842927,-0.0232156262043029,-0.0175091696096057,Full distribution
0.0665362035225049,24 h,Tam-only,0.00169944251708909,-0.00100800098200139,0.00423174623087574,Full distribution
0.0665362035225049,4 h,Dox-only,0.00583389653431643,0.000995330249365992,0.00786649462353993,Full distribution
0.0665362035225049,4 h,Tam-only,0.0113462146206454,0.00685046258360055,0.0162479157313569,Full distribution
0.0998043052837573,24 h,Dox-only,-0.0182628476530102,-0.0200131140856941,-0.0156553709783395,Full distribution
0.0998043052837573,24 h,Tam-only,0.00171092009457297,6.15203285208366e-05,0.00425760566161875,Full distribution
0.0998043052837573,4 h,Dox-only,0.00397168995591424,0.000415622843307884,0.00696285188164241,Full distribution
0.0998043052837573,4 h,Tam-only,0.008887575647061,0.00623459608847063,0.014739767627838,Full distribution
0.13307240704501,24 h,Dox-only,-0.0146660390506319,-0.0166699605572708,-0.0126987072321736,Full distribution
0.13307240704501,24 h,Tam-only,0.00194324964347359,0.000188914089999429,0.00436904311327257,Full distribution
0.13307240704501,4 h,Dox-only,0.00269976789076265,-0.000367884860708814,0.00577709279788244,Full distribution
0.13307240704501,4 h,Tam-only,0.00757836384554023,0.00541572206170653,0.0126095814708906,Full distribution
0.166340508806262,24 h,Dox-only,-0.0115577631215099,-0.0133582981029644,-0.00968750324264331,Full distribution
0.166340508806262,24 h,Tam-only,0.00238446529051239,0.000834063287480547,0.00457856616686215,Full distribution
0.166340508806262,4 h,Dox-only,0.00178533806878745,-0.000852857939509685,0.00445481407997638,Full distribution
0.166340508806262,4 h,Tam-only,0.00644594245401631,0.00436270175746687,0.0105318257648762,Full distribution
0.199608610567515,24 h,Dox-only,-0.00859024151031152,-0.0105048570352597,-0.00636746712001772,Full distribution
0.199608610567515,24 h,Tam-only,0.00299080345351066,0.0011842108962598,0.00499441147696431,Full distribution
0.199608610567515,4 h,Dox-only,0.000789298337501521,-0.001441081532628,0.00295217588793855,Full distribution
0.199608610567515,4 h,Tam-only,0.00506776063869341,0.00309704157870521,0.00803822775869099,Full distribution
0.232876712328767,24 h,Dox-only,-0.00530225975462517,-0.00726239450880369,-0.00338908840999088,Full distribution
0.232876712328767,24 h,Tam-only,0.00369203805869511,0.00163357922152742,0.00564162405464722,Full distribution
0.232876712328767,4 h,Dox-only,-0.000243030922330578,-0.0020467078741857,0.0011981538614202,Full distribution
0.232876712328767,4 h,Tam-only,0.00352046860593513,0.00184427102508203,0.00547452354648384,Full distribution
0.26614481409002,24 h,Dox-only,-0.00192520952726638,-0.00394053752498785,3.67863355285762e-06,Full distribution
0.26614481409002,24 h,Tam-only,0.00440168585883538,0.00212733979712588,0.00615868500258692,Full distribution
0.26614481409002,4 h,Dox-only,-0.00126054976515044,-0.00295691011724314,0.000158475650192877,Full distribution
0.26614481409002,4 h,Tam-only,0.00189711743358567,0.000338971460104462,0.0037701569443366,Full distribution
0.299412915851272,24 h,Dox-only,0.00130229636807544,-0.000824629004506341,0.00336961418432167,Full distribution
0.299412915851272,24 h,Tam-only,0.00503008364505297,0.00250270901900548,0.00659215093844178,Full distribution
0.299412915851272,4 h,Dox-only,-0.00221152793617152,-0.00412717192660802,-0.000608615353985584,Full distribution
0.299412915851272,4 h,Tam-only,0.000296360308600585,-0.00153503791418008,0.00252632210215366,Full distribution
0.332681017612524,24 h,Dox-only,0.00416438295075755,0.00162322777800029,0.00599221406274383,Full distribution
0.332681017612524,24 h,Tam-only,0.00549772374076413,0.00263412616072476,0.00713263697287984,Full distribution
0.332681017612524,4 h,Dox-only,-0.00304912014385439,-0.00498723009311369,-0.000837168833400387,Full distribution
0.332681017612524,4 h,Tam-only,-0.0011891367200586,-0.0030808485650118,0.001513662643891,Full distribution
0.365949119373777,24 h,Dox-only,0.00582666708465041,0.00337985099633833,0.00765617562442006,Full distribution
0.365949119373777,24 h,Tam-only,0.00507940380473904,0.0024467853487076,0.00685461562706975,Full distribution
0.365949119373777,4 h,Dox-only,-0.00373620973759842,-0.00572923668938763,-0.00122981771400338,Full distribution
0.365949119373777,4 h,Tam-only,-0.00248292762118346,-0.00433153836078176,0.000643578976499631,Full distribution
0.399217221135029,24 h,Dox-only,0.00665379456776205,0.00403823212615691,0.00871982711908894,Full distribution
0.399217221135029,24 h,Tam-only,0.0043975318522616,0.00191402875080829,0.0064390115048544,Full distribution
0.399217221135029,4 h,Dox-only,-0.00424871999387333,-0.00582935301151022,-0.00124019724285676,Full distribution
0.399217221135029,4 h,Tam-only,-0.00306149986942084,-0.0054835756629349,-0.000123727351399586,Full distribution
0.432485322896282,24 h,Dox-only,0.00682364298160099,0.00410555157200388,0.00891634829420385,Full distribution
0.432485322896282,24 h,Tam-only,0.00408786685632512,0.00150982824905943,0.00605839225665545,Full distribution
0.432485322896282,4 h,Dox-only,-0.00390180365698045,-0.00617978354073439,-0.00116102787177071,Full distribution
0.432485322896282,4 h,Tam-only,-0.00302850450475212,-0.00596400764167205,-0.000665255996278333,Full distribution
0.465753424657534,24 h,Dox-only,0.00652052628645078,0.00439146676270896,0.00888397510545333,Full distribution
0.465753424657534,24 h,Tam-only,0.00367812702485459,0.00117445157519373,0.00548865884878476,Full distribution
0.465753424657534,4 h,Dox-only,-0.00404345251424498,-0.00621145223942415,-0.0011882672581551,Full distribution
0.465753424657534,4 h,Tam-only,-0.00353736403574706,-0.00647554162141824,-0.000834344871882292,Full distribution
0.499021526418787,24 h,Dox-only,0.00654251182264179,0.00430696439932202,0.00872432531652753,Full distribution
0.499021526418787,24 h,Tam-only,0.003175649283154,0.000772994243002304,0.00504698353743874,Full distribution
0.499021526418787,4 h,Dox-only,-0.00406939667086215,-0.0062778084700541,-0.00116311142923629,Full distribution
0.499021526418787,4 h,Tam-only,-0.00388113913501939,-0.00657167905967987,-0.00120683452920878,Full distribution
0.532289628180039,24 h,Dox-only,0.00637195780945721,0.00396508179641085,0.0085657278160731,Full distribution
0.532289628180039,24 h,Tam-only,0.00259866674075313,0.000292210452426198,0.00454290956657741,Full distribution
0.532289628180039,4 h,Dox-only,-0.00398541772086122,-0.00616519105647608,-0.00109965991068532,Full distribution
0.532289628180039,4 h,Tam-only,-0.00406147683925329,-0.00667376724788884,-0.0014005430515577,Full distribution
0.565557729941292,24 h,Dox-only,0.00596347639485304,0.00345639152905971,0.00824476251867332,Full distribution
0.565557729941292,24 h,Tam-only,0.00197300240895509,-0.000207227975283842,0.00384529472820239,Full distribution
0.565557729941292,4 h,Dox-only,-0.00380314964641937,-0.00588892931715958,-0.00103547519409352,Full distribution
0.565557729941292,4 h,Tam-only,-0.00409117901310627,-0.00660806894899159,-0.00148748968444944,Full distribution
0.598825831702544,24 h,Dox-only,0.00538167321668923,0.00280856595478361,0.00770375231384532,Full distribution
0.598825831702544,24 h,Tam-only,0.00132784371259639,-0.000796730421727958,0.00328420381911004,Full distribution
0.598825831702544,4 h,Dox-only,-0.00353862464793367,-0.00547117790857187,-0.000949222804567014,Full distribution
0.598825831702544,4 h,Tam-only,-0.00399133548156458,-0.00635978500110829,-0.00133366681721244,Full distribution
0.632093933463797,24 h,Dox-only,0.00469406251112858,0.00209193347454515,0.0069019315567893,Full distribution
0.632093933463797,24 h,Tam-only,0.000691581476309211,-0.00160612738814256,0.0025490588318658,Full distribution
0.632093933463797,4 h,Dox-only,-0.00321047220088677,-0.00493852895487783,-0.000622942615200851,Full distribution
0.632093933463797,4 h,Tam-only,-0.00378793555199788,-0.00600454932611896,-0.00115257717394377,Full distribution
0.665362035225049,24 h,Dox-only,0.00390392015441157,0.0014229754145461,0.00602157061277895,Full distribution
0.665362035225049,24 h,Tam-only,2.92337689855315e-05,-0.00236851134905738,0.00186518126502093,Full distribution
0.665362035225049,4 h,Dox-only,-0.00283813569877256,-0.00442567649836081,-0.000212602693082612,Full distribution
0.665362035225049,4 h,Tam-only,-0.00350865037092252,-0.00549885701860319,-0.000646151438026967,Full distribution
0.698630136986301,24 h,Dox-only,0.00293023915405362,0.000686007754686565,0.00510092667289079,Full distribution
0.698630136986301,24 h,Tam-only,-0.000774160930385751,-0.00298138715267321,0.00125613386261489,Full distribution
0.698630136986301,4 h,Dox-only,-0.00244037434565308,-0.00372827138797767,0.000217238352704765,Full distribution
0.698630136986301,4 h,Tam-only,-0.00318025856783216,-0.00488063140571028,-0.000400170386461629,Full distribution
0.731898238747554,24 h,Dox-only,0.00212936366163481,-9.49399009948188e-05,0.00436987302524654,Full distribution
0.731898238747554,24 h,Tam-only,-0.00127856860649914,-0.00348052611048311,0.000816299046434735,Full distribution
0.731898238747554,4 h,Dox-only,-0.00200210867174022,-0.00335244067692886,0.000612983344979976,Full distribution
0.731898238747554,4 h,Tam-only,-0.00263165999823892,-0.004428585086898,-0.000338165603309147,Full distribution
0.765166340508806,24 h,Dox-only,0.00148860032656187,-0.000933134985524914,0.003869757406066,Full distribution
0.765166340508806,24 h,Tam-only,-0.00159877280702182,-0.0038137445206822,0.000391520658668819,Full distribution
0.765166340508806,4 h,Dox-only,-0.00149267067270979,-0.00308512121150465,0.000744904870757281,Full distribution
0.765166340508806,4 h,Tam-only,-0.00220776494865835,-0.004172393276218,-0.000280246426971082,Full distribution
0.798434442270059,24 h,Dox-only,0.00101975133609437,-0.00137433145548922,0.00342148977553806,Full distribution
0.798434442270059,24 h,Tam-only,-0.00187565259284445,-0.00404005135775518,5.11440474727619e-05,Full distribution
0.798434442270059,4 h,Dox-only,-0.00115418943741026,-0.00264594642410224,0.00101149210362101,Full distribution
0.798434442270059,4 h,Tam-only,-0.00193909693256612,-0.00388355909414188,-0.000184190811786006,Full distribution
0.831702544031311,24 h,Dox-only,0.000741499080440147,-0.00173778226415507,0.00302585123324614,Full distribution
0.831702544031311,24 h,Tam-only,-0.00210706078659334,-0.00414224097504791,-0.00029221430572582,Full distribution
0.831702544031311,4 h,Dox-only,-0.000834375088574063,-0.00215119452050889,0.00121109865556694,Full distribution
0.831702544031311,4 h,Tam-only,-0.00167836712856871,-0.00359678833704843,3.34115108511474e-05,Full distribution
0.864970645792564,24 h,Dox-only,0.000518758054062221,-0.00200678838355929,0.00271550884521658,Full distribution
0.864970645792564,24 h,Tam-only,-0.00229173812622383,-0.00430913295845578,-0.000440596968453827,Full distribution
0.864970645792564,4 h,Dox-only,-0.000541662467244603,-0.00202899449389703,0.00148409113900661,Full distribution
0.864970645792564,4 h,Tam-only,-0.00143788319712868,-0.00328274277950236,0.000177872128946244,Full distribution
0.898238747553816,24 h,Dox-only,0.000358049344813011,-0.00215615812375443,0.00254194956356898,Full distribution
0.898238747553816,24 h,Tam-only,-0.00242891983576936,-0.00443689708966203,-0.000644090600748686,Full distribution
0.898238747553816,4 h,Dox-only,-0.000282429231511366,-0.00204792643519755,0.00161054854627583,Full distribution
0.898238747553816,4 h,Tam-only,-0.00122644740645929,-0.00298040248657985,0.000410336064548085,Full distribution
0.931506849315068,24 h,Dox-only,0.000262574054484738,-0.00219443833132589,0.00235391415293138,Full distribution
0.931506849315068,24 h,Tam-only,-0.00251801547013086,-0.00460750917715386,-0.000741958161492787,Full distribution
0.931506849315068,4 h,Dox-only,-6.1134803837154e-05,-0.00185926890197706,0.00177421326348342,Full distribution
0.931506849315068,4 h,Tam-only,-0.00104934534509191,-0.00274010412889608,0.000682104072919929,Full distribution
0.964774951076321,24 h,Dox-only,0.000232744002227309,-0.00212617006811091,0.00219688017408815,Full distribution
0.964774951076321,24 h,Tam-only,-0.00255848995024097,-0.00467230065691261,-0.000757546009054066,Full distribution
0.964774951076321,4 h,Dox-only,0.000119450535526019,-0.00159358792975591,0.00192050501921651,Full distribution
0.964774951076321,4 h,Tam-only,-0.000908572986039538,-0.00256565916377911,0.0007982004942987,Full distribution
0.998043052837573,24 h,Dox-only,0.000257972352370281,-0.00198217442265988,0.00207584215388004,Full distribution
0.998043052837573,24 h,Tam-only,-0.00255858146693672,-0.00465669954318278,-0.000804244051594581,Full distribution
0.998043052837573,4 h,Dox-only,0.000258007287619017,-0.00140578623111837,0.00204313704016842,Full distribution
0.998043052837573,4 h,Tam-only,-0.000803210666080689,-0.00223314429858143,0.000893145127924842,Full distribution
1.03131115459883,24 h,Dox-only,0.000334569730981033,-0.001987715495867,0.00208746595743754,Full distribution
1.03131115459883,24 h,Tam-only,-0.00251793649404466,-0.00453374069535552,-0.00078580168215239,Full distribution
1.03131115459883,4 h,Dox-only,0.000354475699703677,-0.00126011004295274,0.00211009729136813,Full distribution
1.03131115459883,4 h,Tam-only,-0.000727238417974438,-0.00202058353630788,0.000975543440952195,Full distribution
1.06457925636008,24 h,Dox-only,0.000470848050105416,-0.00190581366366541,0.00213234458228675,Full distribution
1.06457925636008,24 h,Tam-only,-0.00240736095397592,-0.00428637715359228,-0.000784141760800836,Full distribution
1.06457925636008,4 h,Dox-only,0.000418058134785335,-0.00112248873204941,0.0021898172929865,Full distribution
1.06457925636008,4 h,Tam-only,-0.000658847831562587,-0.0020943217425969,0.00101984036236042,Full distribution
1.09784735812133,24 h,Dox-only,0.000653554691626285,-0.00160049817843576,0.00233974463845326,Full distribution
1.09784735812133,24 h,Tam-only,-0.00225085212221526,-0.00397818948667547,-0.000677597011812885,Full distribution
1.09784735812133,4 h,Dox-only,0.000436621389491923,-0.0011243736267549,0.00212816268677169,Full distribution
1.09784735812133,4 h,Tam-only,-0.00062956465040491,-0.00212524342558706,0.00104956426348465,Full distribution
1.13111545988258,24 h,Dox-only,0.000875787854376212,-0.00145629606722732,0.00244893044340693,Full distribution
1.13111545988258,24 h,Tam-only,-0.00206059818865853,-0.00375204318644246,-0.00036645460408575,Full distribution
1.13111545988258,4 h,Dox-only,0.000412683700245359,-0.00116552939142401,0.00198698768245315,Full distribution
1.13111545988258,4 h,Tam-only,-0.000618846076493852,-0.00204365153648716,0.00103086026827871,Full distribution
1.16438356164384,24 h,Dox-only,0.00111518567754286,-0.00116732336956344,0.00274502881256196,Full distribution
1.16438356164384,24 h,Tam-only,-0.00184490723534599,-0.0034526832557639,-9.77220971267549e-05,Full distribution
1.16438356164384,4 h,Dox-only,0.00036123865810498,-0.00120002075511168,0.00194957621514802,Full distribution
1.16438356164384,4 h,Tam-only,-0.000610090464785579,-0.00199532425583145,0.00103800326293157,Full distribution
1.19765166340509,24 h,Dox-only,0.00134901537885088,-0.000985093052766342,0.00296749332740102,Full distribution
1.19765166340509,24 h,Tam-only,-0.00161416438912828,-0.00322369133407739,4.84588647153217e-05,Full distribution
1.19765166340509,4 h,Dox-only,0.000288869019066086,-0.00129208109128924,0.00178052073391314,Full distribution
1.19765166340509,4 h,Tam-only,-0.000596986138701898,-0.00194093314953829,0.00100822852190863,Full distribution
1.23091976516634,24 h,Dox-only,0.00156138258393611,-0.000877884424833785,0.00303901908485741,Full distribution
1.23091976516634,24 h,Tam-only,-0.00138019377474975,-0.00294273246463527,0.000285666099301435,Full distribution
1.23091976516634,4 h,Dox-only,0.000203386164273768,-0.00148715300930657,0.00147565945164813,Full distribution
1.23091976516634,4 h,Tam-only,-0.000574156346520943,-0.00187503385326145,0.00103991084000904,Full distribution
1.26418786692759,24 h,Dox-only,0.00173660105852187,-0.000784082455807678,0.00305149839655729,Full distribution
1.26418786692759,24 h,Tam-only,-0.0011554302304583,-0.00273931588193608,0.000533324199195343,Full distribution
1.26418786692759,4 h,Dox-only,0.000113546264348813,-0.0015713400077785,0.00144317182691399,Full distribution
1.26418786692759,4 h,Tam-only,-0.000537486121085923,-0.00186295548840595,0.00112771093141578,Full distribution
1.29745596868885,24 h,Dox-only,0.00186022083857885,-0.000716583497598887,0.00328955568768785,Full distribution
1.29745596868885,24 h,Tam-only,-0.000951961533606493,-0.00256366734665089,0.0007292297224894,Full distribution
1.29745596868885,4 h,Dox-only,2.86340783397718e-05,-0.00165438349745844,0.00154012610861692,Full distribution
1.29745596868885,4 h,Tam-only,-0.000484328902419839,-0.00198192800469259,0.0011959153043427,Full distribution
1.3307240704501,24 h,Dox-only,0.00191265522651438,-0.000686519398099211,0.00356512110444416,Full distribution
1.3307240704501,24 h,Tam-only,-0.000787901803920812,-0.0024193566114693,0.00087390669192195,Full distribution
1.3307240704501,4 h,Dox-only,-4.20800533224366e-05,-0.00177317971562256,0.00153573674822504,Full distribution
1.3307240704501,4 h,Tam-only,-0.000413595773108254,-0.00194007884138113,0.00131177363562404,Full distribution
1.36399217221135,24 h,Dox-only,0.00188490607177486,-0.000708104447189454,0.00372967040126208,Full distribution
1.36399217221135,24 h,Tam-only,-0.000671619043770902,-0.00223559905471685,0.000972270553032316,Full distribution
1.36399217221135,4 h,Dox-only,-8.99873546350502e-05,-0.00176250842715984,0.00145977983402978,Full distribution
1.36399217221135,4 h,Tam-only,-0.000322139919300878,-0.00198653200900209,0.00142250297242394,Full distribution
1.3972602739726,24 h,Dox-only,0.00177890457075396,-0.000787179968897704,0.00376027598617785,Full distribution
1.3972602739726,24 h,Tam-only,-0.000592523220037201,-0.00217091305911829,0.00108717367873645,Full distribution
1.3972602739726,4 h,Dox-only,-9.89283880397235e-05,-0.00167244374942834,0.00139253736643201,Full distribution
1.3972602739726,4 h,Tam-only,-0.000209117829023747,-0.00191450919781939,0.0014410697643676,Full distribution
1.43052837573386,24 h,Dox-only,0.0015951938625394,-0.000890938192363116,0.00378687927721089,Full distribution
1.43052837573386,24 h,Tam-only,-0.00055893812283337,-0.00213244035110152,0.00105249404572173,Full distribution
1.43052837573386,4 h,Dox-only,-7.60603324889003e-05,-0.00163555877825973,0.00132239828123019,Full distribution
1.43052837573386,4 h,Tam-only,-9.31278886560013e-05,-0.00179889741996532,0.00138019910553196,Full distribution
1.46379647749511,24 h,Dox-only,0.00134472896868076,-0.00105498742176432,0.00376719583502608,Full distribution
1.46379647749511,24 h,Tam-only,-0.000567220494474642,-0.00215629009432181,0.00113541605794593,Full distribution
1.46379647749511,4 h,Dox-only,-1.7415253924985e-05,-0.00159836372937096,0.00127173126367147,Full distribution
1.46379647749511,4 h,Tam-only,2.90383120712182e-05,-0.00164693280973418,0.0014860768578853,Full distribution
1.49706457925636,24 h,Dox-only,0.00103368203865392,-0.00130693791571975,0.00350086207059186,Full distribution
1.49706457925636,24 h,Tam-only,-0.000610915444613995,-0.00214392417816229,0.00117844747130895,Full distribution
1.49706457925636,4 h,Dox-only,7.53502662357783e-05,-0.00147157518376219,0.00126256251514308,Full distribution
1.49706457925636,4 h,Tam-only,0.000153498202521016,-0.00160186694826689,0.00163179396038208,Full distribution
1.53033268101761,24 h,Dox-only,0.000674274173622015,-0.00154683865968715,0.00319911829157907,Full distribution
1.53033268101761,24 h,Tam-only,-0.000681549128583779,-0.00213892084795392,0.0012435818988891,Full distribution
1.53033268101761,4 h,Dox-only,0.000196855666727482,-0.00119552127983423,0.00135123825155129,Full distribution
1.53033268101761,4 h,Tam-only,0.000275588162347004,-0.00149489961354725,0.00174929356621731,Full distribution
1.56360078277887,24 h,Dox-only,0.000281187161880511,-0.00193273636648013,0.00281093575790456,Full distribution
1.56360078277887,24 h,Tam-only,-0.000769578071835982,-0.0021717709562857,0.00129228190028213,Full distribution
1.56360078277887,4 h,Dox-only,0.000339163631779202,-0.00102269091807379,0.00152092242103404,Full distribution
1.56360078277887,4 h,Tam-only,0.000390884643809257,-0.00136818431638079,0.00179798315176946,Full distribution
1.59686888454012,24 h,Dox-only,-0.000130028067852353,-0.00223736090882542,0.0023589994778484,Full distribution
1.59686888454012,24 h,Tam-only,-0.000865403114720553,-0.00228759885216171,0.00129123871794722,Full distribution
1.59686888454012,4 h,Dox-only,0.000492441431626717,-0.000905024511951249,0.00171043009007075,Full distribution
1.59686888454012,4 h,Tam-only,0.000495438159796094,-0.00124943461268921,0.00187954471811713,Full distribution
1.63013698630137,24 h,Dox-only,-0.000544062998639877,-0.00252820866247678,0.00190589900910252,Full distribution
1.63013698630137,24 h,Tam-only,-0.00096035237129196,-0.00240198703566799,0.00124224732945707,Full distribution
1.63013698630137,4 h,Dox-only,0.000645808024829678,-0.000801128448098291,0.00191387035212692,Full distribution
1.63013698630137,4 h,Tam-only,0.000585958999195287,-0.00118592843674744,0.00202067266991029,Full distribution
1.66340508806262,24 h,Dox-only,-0.00095301647986195,-0.00272839813431036,0.0014075165183747,Full distribution
1.66340508806262,24 h,Tam-only,-0.00105364487378053,-0.00242827386950953,0.00109916065049458,Full distribution
1.66340508806262,4 h,Dox-only,0.000788297018816123,-0.000666976911765178,0.00208423786126137,Full distribution
1.66340508806262,4 h,Tam-only,0.000659952045930078,-0.00111977761873508,0.00208159965167883,Full distribution
1.69667318982387,24 h,Dox-only,-0.00133995546656902,-0.0030170791802437,0.000805823205910052,Full distribution
1.69667318982387,24 h,Tam-only,-0.00113326312544967,-0.00242271648181239,0.000856391657473786,Full distribution
1.69667318982387,4 h,Dox-only,0.000909852582699412,-0.000486973466275748,0.00218398670203607,Full distribution
1.69667318982387,4 h,Tam-only,0.000719252046075425,-0.00103777812780185,0.00214656055276769,Full distribution
1.72994129158513,24 h,Dox-only,-0.0016938311427095,-0.00321758147805837,0.000260602375379914,Full distribution
1.72994129158513,24 h,Tam-only,-0.00119181922419458,-0.00246372060513917,0.00073787865741026,Full distribution
1.72994129158513,4 h,Dox-only,0.0010038568830525,-0.000353391791937073,0.0022431703876753,Full distribution
1.72994129158513,4 h,Tam-only,0.000760018109739337,-0.000925528554902186,0.00209763341218879,Full distribution
1.76320939334638,24 h,Dox-only,-0.00200658941663547,-0.00345610453802078,-0.000185080007988871,Full distribution
1.76320939334638,24 h,Tam-only,-0.00123929262532446,-0.00268579304010518,0.000444886750304251,Full distribution
1.76320939334638,4 h,Dox-only,0.00105631385816726,-0.000327922857087204,0.00227920661162877,Full distribution
1.76320939334638,4 h,Tam-only,0.000775836500758013,-0.000789517549079175,0.00208495671367616,Full distribution
1.79647749510763,24 h,Dox-only,-0.00227138598931856,-0.00382688422393041,-0.000552326094493536,Full distribution
1.79647749510763,24 h,Tam-only,-0.00127981040320084,-0.00278662153232245,0.000260295159521986,Full distribution
1.79647749510763,4 h,Dox-only,0.00107288116172709,-0.000184521383079259,0.00230574844689822,Full distribution
1.79647749510763,4 h,Tam-only,0.000775038386014823,-0.000691355711693698,0.00208235927426145,Full distribution
1.82974559686888,24 h,Dox-only,-0.00249948649790407,-0.00413380680243279,-0.000837585269354267,Full distribution
1.82974559686888,24 h,Tam-only,-0.00131870769669393,-0.002866332064985,0.000219260304189841,Full distribution
1.82974559686888,4 h,Dox-only,0.00105577348338999,-0.000153622585688825,0.00229273950745013,Full distribution
1.82974559686888,4 h,Tam-only,0.000759928503327234,-0.000761692333384446,0.00214001774042401,Full distribution
1.86301369863014,24 h,Dox-only,-0.00269509569805809,-0.00435174194970413,-0.00126712441935426,Full distribution
1.86301369863014,24 h,Tam-only,-0.00136174360675431,-0.0029000838694224,0.000193802830389495,Full distribution
1.86301369863014,4 h,Dox-only,0.00100980144184228,-0.000270329028064945,0.00222731739949768,Full distribution
1.86301369863014,4 h,Tam-only,0.000733453725794975,-0.000675029304769369,0.00220531244211629,Full distribution
1.89628180039139,24 h,Dox-only,-0.00286379409609507,-0.00455781700620334,-0.00151939119686188,Full distribution
1.89628180039139,24 h,Tam-only,-0.00141431682101305,-0.0029214350332705,0.000101164507398583,Full distribution
1.89628180039139,4 h,Dox-only,0.000941749417523951,-0.000286354834851556,0.00215305714190548,Full distribution
1.89628180039139,4 h,Tam-only,0.000699087575456642,-0.000608652637643002,0.00221497833596538,Full distribution
1.92954990215264,24 h,Dox-only,-0.00301174220656553,-0.00465278845015655,-0.0015050188981487,Full distribution
1.92954990215264,24 h,Tam-only,-0.00148075206539514,-0.00293598363065627,1.09574408634681e-05,Full distribution
1.92954990215264,4 h,Dox-only,0.000859625328593086,-0.000293091276918666,0.00212822154299097,Full distribution
1.92954990215264,4 h,Tam-only,0.00066069855167189,-0.000566542612311039,0.00220652742339302,Full distribution
1.96281800391389,24 h,Dox-only,-0.00314491524710292,-0.00474605806490646,-0.00162366519583503,Full distribution
1.96281800391389,24 h,Tam-only,-0.00156372111630294,-0.00306394709519509,-0.000136279541515985,Full distribution
1.96281800391389,4 h,Dox-only,0.000771855367343324,-0.00036102939484935,0.00213362869707811,Full distribution
1.96281800391389,4 h,Tam-only,0.000622397918138007,-0.000633199591832934,0.00219924289719624,Full distribution
1.99608610567515,24 h,Dox-only,-0.00327144325946446,-0.00478060428873735,-0.00155871839479182,Full distribution
1.99608610567515,24 h,Tam-only,-0.00166685853054736,-0.0031603701707716,-0.000221288155133148,Full distribution
1.99608610567515,4 h,Dox-only,0.000686496388599661,-0.000506950026921678,0.00209024593104734,Full distribution
1.99608610567515,4 h,Tam-only,0.000588362690883755,-0.000706679972137938,0.00213895064412339,Full distribution
2.0293542074364,24 h,Dox-only,-0.00339098309607654,-0.0048508578952035,-0.00164763784748124,Full distribution
2.0293542074364,24 h,Tam-only,-0.00178378776557404,-0.0031131364920409,-0.000487804176343696,Full distribution
2.0293542074364,4 h,Dox-only,0.000611689588219985,-0.000595270139707634,0.00203444605288,Full distribution
2.0293542074364,4 h,Tam-only,0.000566979346609563,-0.000760456986741623,0.00210553123017329,Full distribution
2.06262230919765,24 h,Dox-only,-0.00350526009491314,-0.00505609857679306,-0.001674971268668,Full distribution
2.06262230919765,24 h,Tam-only,-0.00191031132626984,-0.0031828461162553,-0.000492495271391047,Full distribution
2.06262230919765,4 h,Dox-only,0.000554485646391524,-0.000635999586659642,0.00198832667765417,Full distribution
2.06262230919765,4 h,Tam-only,0.000556823910108868,-0.000801747728649725,0.00205458382023644,Full distribution
2.0958904109589,24 h,Dox-only,-0.00361376076787808,-0.00519490035139759,-0.00168222283661642,Full distribution
2.0958904109589,24 h,Tam-only,-0.00204142185327481,-0.00337747820526276,-0.000544960955669773,Full distribution
2.0958904109589,4 h,Dox-only,0.000513594599874136,-0.000695131226318902,0.00191346300027026,Full distribution
2.0958904109589,4 h,Tam-only,0.000560160334551661,-0.000820438871334659,0.0019521432775493,Full distribution
2.12915851272016,24 h,Dox-only,-0.00371666216288323,-0.00525510867962194,-0.00168322045032044,Full distribution
2.12915851272016,24 h,Tam-only,-0.00217063814218894,-0.00358962368781591,-0.000701657852442044,Full distribution
2.12915851272016,4 h,Dox-only,0.000491215151973201,-0.00071394991990469,0.0018318759466311,Full distribution
2.12915851272016,4 h,Tam-only,0.00058033359234904,-0.00075927642976909,0.00199549926227944,Full distribution
2.16242661448141,24 h,Dox-only,-0.00381254995487575,-0.00536654801203292,-0.00172288520296199,Full distribution
2.16242661448141,24 h,Tam-only,-0.00229145459762258,-0.00378805681147091,-0.000722758191496642,Full distribution
2.16242661448141,4 h,Dox-only,0.000485849734193487,-0.000692042803234338,0.00174369659156774,Full distribution
2.16242661448141,4 h,Tam-only,0.000617527226096551,-0.000781298533461396,0.00204950410789192,Full distribution
2.19569471624266,24 h,Dox-only,-0.00389848794470342,-0.00548632058356133,-0.00174508560659624,Full distribution
2.19569471624266,24 h,Tam-only,-0.00239798906279928,-0.00393186676973099,-0.000789450489419748,Full distribution
2.19569471624266,4 h,Dox-only,0.000494499525499369,-0.000645506520764221,0.00169575954019146,Full distribution
2.19569471624266,4 h,Tam-only,0.000670503567076063,-0.000726090829231875,0.00205001209141182,Full distribution
2.22896281800391,24 h,Dox-only,-0.00397157850740225,-0.00555478141057724,-0.00177553113519198,Full distribution
2.22896281800391,24 h,Tam-only,-0.00248554713472158,-0.00396846853116282,-0.000901527326439945,Full distribution
2.22896281800391,4 h,Dox-only,0.000513042302237914,-0.00062645604877403,0.00176441222761273,Full distribution
2.22896281800391,4 h,Tam-only,0.000736548899177313,-0.000600469953632571,0.00207217845957454,Full distribution
2.26223091976517,24 h,Dox-only,-0.00402941032725433,-0.00557451873899758,-0.00196932010747665,Full distribution
2.26223091976517,24 h,Tam-only,-0.00255105116906721,-0.0040388375283882,-0.000965183236663041,Full distribution
2.26223091976517,4 h,Dox-only,0.000536647676335635,-0.000503623940125503,0.00181925451605236,Full distribution
2.26223091976517,4 h,Tam-only,0.000811528511226976,-0.000422501611390884,0.00210197757866882,Full distribution
2.29549902152642,24 h,Dox-only,-0.00407054949878006,-0.00562201397730544,-0.00209506798974564,Full distribution
2.29549902152642,24 h,Tam-only,-0.00259343686476972,-0.00412849768293491,-0.00100217577888071,Full distribution
2.29549902152642,4 h,Dox-only,0.000560203622769304,-0.000433589853186973,0.00173682055841368,Full distribution
2.29549902152642,4 h,Tam-only,0.000890065077466064,-0.000333977768739502,0.00220888385835917,Full distribution
2.32876712328767,24 h,Dox-only,-0.00409708188407847,-0.00565117784382688,-0.00214809584664403,Full distribution
2.32876712328767,24 h,Tam-only,-0.00261603521519321,-0.00406223001315066,-0.000984006032385791,Full distribution
2.32876712328767,4 h,Dox-only,0.000578732310634274,-0.000484773947136921,0.00175114865230646,Full distribution
2.32876712328767,4 h,Tam-only,0.000965943448013845,-0.000268273218897805,0.00231434454430031,Full distribution
2.36203522504892,24 h,Dox-only,-0.00410875451499073,-0.00564041013213628,-0.00212391422040503,Full distribution
2.36203522504892,24 h,Tam-only,-0.00261623561053991,-0.00413717628009622,-0.000954725842105681,Full distribution
2.36203522504892,4 h,Dox-only,0.000589002372987681,-0.00051955730690199,0.0018280375329647,Full distribution
2.36203522504892,4 h,Tam-only,0.00103420926620092,-0.000240015352780156,0.0023217898739702,Full distribution
2.39530332681018,24 h,Dox-only,-0.00410687722276913,-0.00542421142317416,-0.00223467870733803,Full distribution
2.39530332681018,24 h,Tam-only,-0.00259993392709874,-0.00425325471794646,-0.000938278484906936,Full distribution
2.39530332681018,4 h,Dox-only,0.000583973566994411,-0.000517598949019421,0.00183083164222256,Full distribution
2.39530332681018,4 h,Tam-only,0.00108152647151541,-0.000213304385685924,0.00220310788150252,Full distribution
2.42857142857143,24 h,Dox-only,-0.00408642621425367,-0.00556881786888247,-0.00234700460954914,Full distribution
2.42857142857143,24 h,Tam-only,-0.00257266228554677,-0.00431594965502597,-0.000942247682203302,Full distribution
2.42857142857143,4 h,Dox-only,0.00056262165476198,-0.000572751805455707,0.00181915947587721,Full distribution
2.42857142857143,4 h,Tam-only,0.0011046035085364,-0.000200723852763875,0.00207253948566895,Full distribution
2.46183953033268,24 h,Dox-only,-0.00405394090992049,-0.00554516130866722,-0.00246817712970573,Full distribution
2.46183953033268,24 h,Tam-only,-0.00253835504791038,-0.0043268431658191,-0.000974045623262808,Full distribution
2.46183953033268,4 h,Dox-only,0.000525519403747593,-0.000647664570803041,0.00178862577493392,Full distribution
2.46183953033268,4 h,Tam-only,0.00110052763089682,-0.000248319412157973,0.00209093717498455,Full distribution
2.49510763209393,24 h,Dox-only,-0.00401122337755307,-0.00550488267732101,-0.00251031363835695,Full distribution
2.49510763209393,24 h,Tam-only,-0.00250013937305579,-0.00427479556281759,-0.00101686710371506,Full distribution
2.49510763209393,4 h,Dox-only,0.000473992705794256,-0.000716056127876637,0.00173095064777764,Full distribution
2.49510763209393,4 h,Tam-only,0.00106770112925561,-0.000332964203279474,0.00210185284540881,Full distribution
2.52837573385519,24 h,Dox-only,-0.00395909586275991,-0.00547613598619286,-0.00250547998302917,Full distribution
2.52837573385519,24 h,Tam-only,-0.00245994678912743,-0.00420957996068976,-0.000967614082737105,Full distribution
2.52837573385519,4 h,Dox-only,0.00041088675470119,-0.000784029306522081,0.00168027672598268,Full distribution
2.52837573385519,4 h,Tam-only,0.00100692638738796,-0.000341921417955407,0.00206454702037227,Full distribution
2.56164383561644,24 h,Dox-only,-0.00389759803502195,-0.00574011251694872,-0.00247005720953417,Full distribution
2.56164383561644,24 h,Tam-only,-0.00241829262969314,-0.00413855334570995,-0.00103530728567199,Full distribution
2.56164383561644,4 h,Dox-only,0.000340394901958016,-0.000852442030451016,0.00165880805924216,Full distribution
2.56164383561644,4 h,Tam-only,0.000921474779343109,-0.000339229576932359,0.00207263054570019,Full distribution
2.59491193737769,24 h,Dox-only,-0.00382595760645682,-0.00596977475967425,-0.00237232858741446,Full distribution
2.59491193737769,24 h,Tam-only,-0.00237424833426538,-0.00406562097060256,-0.000799919826579606,Full distribution
2.59491193737769,4 h,Dox-only,0.00026776291991585,-0.00089789266087389,0.00156088538935352,Full distribution
2.59491193737769,4 h,Tam-only,0.000816940049984373,-0.000467618798514554,0.001877295985913,Full distribution
2.62818003913894,24 h,Dox-only,-0.003743879839533,-0.00612607392494417,-0.00213827488287227,Full distribution
2.62818003913894,24 h,Tam-only,-0.00232677948770516,-0.0039928466269763,-0.00073413678874069,Full distribution
2.62818003913894,4 h,Dox-only,0.000198876282466808,-0.000993649738013471,0.00140783913248633,Full distribution
2.62818003913894,4 h,Tam-only,0.000700878851621067,-0.000686690610176829,0.00162490331157639,Full distribution
2.6614481409002,24 h,Dox-only,-0.00365057201304204,-0.00611652989758676,-0.00189636181646408,Full distribution
2.6614481409002,24 h,Tam-only,-0.00227385296974784,-0.00401442438245535,-0.00060609655412829,Full distribution
2.6614481409002,4 h,Dox-only,0.000139747851512828,-0.00113395832085783,0.00123941307529019,Full distribution
2.6614481409002,4 h,Tam-only,0.000583075345826314,-0.000790450990357202,0.001574055554771,Full distribution
2.69471624266145,24 h,Dox-only,-0.00354008785713323,-0.00597561180551298,-0.0017186531180147,Full distribution
2.69471624266145,24 h,Tam-only,-0.00220315670499589,-0.00382686452794931,-0.000505597412050692,Full distribution
2.69471624266145,4 h,Dox-only,9.83720623228199e-05,-0.00117250096140928,0.00113509275403483,Full distribution
2.69471624266145,4 h,Tam-only,0.000474804081432967,-0.000877094011749386,0.00162378033460791,Full distribution
2.7279843444227,24 h,Dox-only,-0.0034102503711717,-0.00575365240832255,-0.00154590967238643,Full distribution
2.7279843444227,24 h,Tam-only,-0.00211795615557366,-0.00357735182314016,-0.000489856930104534,Full distribution
2.7279843444227,4 h,Dox-only,7.68204127691644e-05,-0.00123254035631678,0.00113319588988337,Full distribution
2.7279843444227,4 h,Tam-only,0.000383775785501153,-0.00103526601943356,0.00166388861793738,Full distribution
2.76125244618395,24 h,Dox-only,-0.00326108127310764,-0.00546114614310638,-0.00132433647995178,Full distribution
2.76125244618395,24 h,Tam-only,-0.00201708181026158,-0.00340529292855995,-0.000469994017870338,Full distribution
2.76125244618395,4 h,Dox-only,7.7589395976338e-05,-0.00127486301811005,0.00112367712950758,Full distribution
2.76125244618395,4 h,Tam-only,0.000319399041550622,-0.000993505949235051,0.00167617435017439,Full distribution
2.79452054794521,24 h,Dox-only,-0.00309884999398033,-0.00532648710353779,-0.00120517175377902,Full distribution
2.79452054794521,24 h,Tam-only,-0.00190109988724924,-0.00328183088221212,-0.000376693490049748,Full distribution
2.79452054794521,4 h,Dox-only,0.000100165958525182,-0.0013217856616519,0.00115549073960798,Full distribution
2.79452054794521,4 h,Tam-only,0.000287113893701972,-0.000961884237327738,0.00167490405966459,Full distribution
2.82778864970646,24 h,Dox-only,-0.00292793290720531,-0.00522784281541705,-0.00113577850406331,Full distribution
2.82778864970646,24 h,Tam-only,-0.00177257458869456,-0.00330832989145245,-0.000158826036804156,Full distribution
2.82778864970646,4 h,Dox-only,0.000141694890301324,-0.00127328713487726,0.00118901477840267,Full distribution
2.82778864970646,4 h,Tam-only,0.000289788475834919,-0.000943694622394409,0.00174646631957701,Full distribution
2.86105675146771,24 h,Dox-only,-0.00275458552916326,-0.00518532031146683,-0.00100061046431713,Full distribution
2.86105675146771,24 h,Tam-only,-0.00163613819933511,-0.00316158189907105,5.06637175905539e-05,Full distribution
2.86105675146771,4 h,Dox-only,0.000197146342689809,-0.00117827073212976,0.00123400616782078,Full distribution
2.86105675146771,4 h,Tam-only,0.000327542551173295,-0.000877281170212583,0.00185042612876539,Full distribution
2.89432485322896,24 h,Dox-only,-0.00258679523379406,-0.00501714254045653,-0.000850485369684529,Full distribution
2.89432485322896,24 h,Tam-only,-0.00149835722384042,-0.00299066773879583,0.000132541846626513,Full distribution
2.89432485322896,4 h,Dox-only,0.000259696444545668,-0.00113037421299894,0.00131474948111187,Full distribution
2.89432485322896,4 h,Tam-only,0.000397799308254183,-0.000803715384990386,0.00186547955913799,Full distribution
2.92759295499022,24 h,Dox-only,-0.00243396014640856,-0.00455099491966377,-0.000741133512063763,Full distribution
2.92759295499022,24 h,Tam-only,-0.00136739702026555,-0.00276673875026143,0.000250071675216694,Full distribution
2.92759295499022,4 h,Dox-only,0.000321289026031145,-0.00106965842111465,0.00141062814772979,Full distribution
2.92759295499022,4 h,Tam-only,0.000495548654646585,-0.000678373131033499,0.00189794207267574,Full distribution
2.96086105675147,24 h,Dox-only,-0.00230735750993522,-0.00409893876937758,-0.000614153571844908,Full distribution
2.96086105675147,24 h,Tam-only,-0.00125344983834714,-0.00260254165078341,0.000382796777293603,Full distribution
2.96086105675147,4 h,Dox-only,0.000373331793883762,-0.000955608088235479,0.00148421498161276,Full distribution
2.96086105675147,4 h,Tam-only,0.000613791423233472,-0.000549595093522145,0.00198819073729916,Full distribution
2.99412915851272,24 h,Dox-only,-0.00221873180073173,-0.00395613031139758,-0.000427202221696616,Full distribution
2.99412915851272,24 h,Tam-only,-0.00116775745992528,-0.00247263940959275,0.0003502249227506,Full distribution
2.99412915851272,4 h,Dox-only,0.000407467928242491,-0.000924459249202307,0.00150882521842969,Full distribution
2.99412915851272,4 h,Tam-only,0.000745486787508652,-0.000348676966941993,0.00203047803208422,Full distribution
3.02739726027397,24 h,Dox-only,-0.00217727289469972,-0.00389642299907813,-0.000400090613632888,Full distribution
3.02739726027397,24 h,Tam-only,-0.00112016625811288,-0.0025114108140446,0.000266861711923609,Full distribution
3.02739726027397,4 h,Dox-only,0.00041439620907769,-0.000986506813916795,0.00144692675199136,Full distribution
3.02739726027397,4 h,Tam-only,0.000879606754621468,-0.000240727270112377,0.0021322346490476,Full distribution
3.06066536203523,24 h,Dox-only,-0.00219462021419391,-0.00388625866656536,-0.000478508525578898,Full distribution
3.06066536203523,24 h,Tam-only,-0.00111656947726752,-0.00260669740193678,0.00027848655298801,Full distribution
3.06066536203523,4 h,Dox-only,0.000388242305002118,-0.00104919835854432,0.00149007231116814,Full distribution
3.06066536203523,4 h,Tam-only,0.00100356780485627,-0.000136919056465017,0.00221440029060804,Full distribution
3.09393346379648,24 h,Dox-only,-0.00227663455150105,-0.00395435237620259,-0.000587163099443638,Full distribution
3.09393346379648,24 h,Tam-only,-0.00116137696043427,-0.00272726020223813,0.000262721166168083,Full distribution
3.09393346379648,4 h,Dox-only,0.000328361501859671,-0.00112929220450014,0.00149612382845076,Full distribution
3.09393346379648,4 h,Tam-only,0.00111097837885814,-0.00018112932279087,0.00232168679687457,Full distribution
3.12720156555773,24 h,Dox-only,-0.00242499274470968,-0.00409551144015246,-0.000763187638948496,Full distribution
3.12720156555773,24 h,Tam-only,-0.00125611450621363,-0.00286063277361114,0.000215493963366044,Full distribution
3.12720156555773,4 h,Dox-only,0.000235258165768262,-0.00120485931645043,0.00146976896184024,Full distribution
3.12720156555773,4 h,Tam-only,0.00119558290101701,-0.000274113098616781,0.00251652443674697,Full distribution
3.16046966731898,24 h,Dox-only,-0.00263990112436975,-0.00437452322825318,-0.001011997910996,Full distribution
3.16046966731898,24 h,Tam-only,-0.00139917012931438,-0.00310000718768008,0.000194079048493966,Full distribution
3.16046966731898,4 h,Dox-only,0.000111899636433599,-0.00135933644507148,0.0013499145160463,Full distribution
3.16046966731898,4 h,Tam-only,0.00125302042037213,-0.000336220001498411,0.00263202100322809,Full distribution
3.19373776908023,24 h,Dox-only,-0.00291846351120269,-0.00467985417558757,-0.00115191339408472,Full distribution
3.19373776908023,24 h,Tam-only,-0.00158577020998493,-0.00337602649480602,8.66480638669887e-05,Full distribution
3.19373776908023,4 h,Dox-only,-3.65863822911899e-05,-0.00156103247145579,0.00116656110908324,Full distribution
3.19373776908023,4 h,Tam-only,0.00128101503950728,-0.000292166799579129,0.00261792283450673,Full distribution
3.22700587084149,24 h,Dox-only,-0.00325475342663413,-0.00505197340379886,-0.00146048368205669,Full distribution
3.22700587084149,24 h,Tam-only,-0.00180818948214162,-0.00366511798296164,-0.000122745871499356,Full distribution
3.22700587084149,4 h,Dox-only,-0.000203353064260281,-0.00179802096246951,0.00097318764181615,Full distribution
3.22700587084149,4 h,Tam-only,0.00127943264734197,-0.000250620260509834,0.00267361955254608,Full distribution
3.26027397260274,24 h,Dox-only,-0.00364006195606313,-0.00550469962775704,-0.00194978054607282,Full distribution
3.26027397260274,24 h,Tam-only,-0.00205618355613445,-0.0039625270188417,-0.000419066273999874,Full distribution
3.26027397260274,4 h,Dox-only,-0.000380368056989933,-0.0018740464225947,0.000833147337831261,Full distribution
3.26027397260274,4 h,Tam-only,0.00125020999376861,-0.000352661661965733,0.00264649636204654,Full distribution
3.29354207436399,24 h,Dox-only,-0.00406395220818533,-0.00601110662264582,-0.00232094610459946,Full distribution
3.29354207436399,24 h,Tam-only,-0.00231826849248037,-0.00424604160944556,-0.000718655307786261,Full distribution
3.29354207436399,4 h,Dox-only,-0.000558991127354622,-0.00197646388690406,0.000685165026851186,Full distribution
3.29354207436399,4 h,Tam-only,0.00119716425037406,-0.000332275553348732,0.0025507397201217,Full distribution
3.32681017612524,24 h,Dox-only,-0.00451164716122349,-0.00654686574666915,-0.0027052109000439,Full distribution
3.32681017612524,24 h,Tam-only,-0.00257822706904573,-0.00433601792071105,-0.000979664180618524,Full distribution
3.32681017612524,4 h,Dox-only,-0.000730036337397252,-0.00223899267652001,0.000460595663621548,Full distribution
3.32681017612524,4 h,Tam-only,0.00112453910343883,-0.000392388615912265,0.00245305052299947,Full distribution
3.3600782778865,24 h,Dox-only,-0.00496809000514399,-0.00697101591528203,-0.0030365330796957,Full distribution
3.3600782778865,24 h,Tam-only,-0.00282062117137857,-0.00455924635785309,-0.00114229251084675,Full distribution
3.3600782778865,4 h,Dox-only,-0.000884002400304632,-0.00251624771816507,0.000268031157542991,Full distribution
3.3600782778865,4 h,Tam-only,0.00103982480050548,-0.000386325745422133,0.0023298605844876,Full distribution
3.39334637964775,24 h,Dox-only,-0.00541738832026242,-0.00733633450914839,-0.00322604581334803,Full distribution
3.39334637964775,24 h,Tam-only,-0.0030343413479622,-0.0048009848915008,-0.00124460721154212,Full distribution
3.39334637964775,4 h,Dox-only,-0.0010139291694925,-0.00271612285623908,0.000158558645165847,Full distribution
3.39334637964775,4 h,Tam-only,0.000952646900034312,-0.000400465817685656,0.00221655509081149,Full distribution
3.426614481409,24 h,Dox-only,-0.00584438815014922,-0.00766175517059585,-0.00343375853550659,Full distribution
3.426614481409,24 h,Tam-only,-0.00320961747636671,-0.00505197449943186,-0.00134785666611345,Full distribution
3.426614481409,4 h,Dox-only,-0.00111459429960518,-0.00278011544567271,0.000225887203957006,Full distribution
3.426614481409,4 h,Tam-only,0.000869895299555709,-0.000482974648435888,0.00214700721036592,Full distribution
3.45988258317025,24 h,Dox-only,-0.00623596973806864,-0.00802401525418292,-0.00381952838364293,Full distribution
3.45988258317025,24 h,Tam-only,-0.00333915201647204,-0.00527397406054696,-0.00145438583914674,Full distribution
3.45988258317025,4 h,Dox-only,-0.00118231567801924,-0.0027439428063248,0.000265179735233357,Full distribution
3.45988258317025,4 h,Tam-only,0.000797494625288553,-0.00055479497174756,0.00205336900751686,Full distribution
3.49315068493151,24 h,Dox-only,-0.00658036014595625,-0.00830842792685503,-0.00405264460975172,Full distribution
3.49315068493151,24 h,Tam-only,-0.00341839142704006,-0.00540874587752299,-0.00165304244897582,Full distribution
3.49315068493151,4 h,Dox-only,-0.00121499732256863,-0.00263101793775523,0.000185626804326276,Full distribution
3.49315068493151,4 h,Tam-only,0.000739890157789774,-0.000631168594953771,0.00189029509293055,Full distribution
3.52641878669276,24 h,Dox-only,-0.00686736539269001,-0.0085122312597031,-0.00425105499341969,Full distribution
3.52641878669276,24 h,Tam-only,-0.00344558712429349,-0.00529084442674669,-0.00183234804169378,Full distribution
3.52641878669276,4 h,Dox-only,-0.00121209176327082,-0.00248429359700849,0.000227055091856358,Full distribution
3.52641878669276,4 h,Tam-only,0.000699659422537191,-0.000641146230502961,0.00187368351293083,Full distribution
3.55968688845401,24 h,Dox-only,-0.00708848883270352,-0.00859527512314836,-0.00460227867203916,Full distribution
3.55968688845401,24 h,Tam-only,-0.00342165803771402,-0.00517625457288706,-0.00183465646234012,Full distribution
3.55968688845401,4 h,Dox-only,-0.00117450761704682,-0.00232803169844652,0.000200980360468851,Full distribution
3.55968688845401,4 h,Tam-only,0.000677270800060192,-0.000652853276423443,0.00193019181239516,Full distribution
3.59295499021526,24 h,Dox-only,-0.00723695680597347,-0.00871626988846317,-0.00493872192347583,Full distribution
3.59295499021526,24 h,Tam-only,-0.00334987954554089,-0.00511907320504525,-0.00179259421401452,Full distribution
3.59295499021526,4 h,Dox-only,-0.0011044785714317,-0.00216520885259186,0.000223215087512391,Full distribution
3.59295499021526,4 h,Tam-only,0.000671015076193715,-0.000654646357770436,0.00206896018555767,Full distribution
3.62622309197652,24 h,Dox-only,-0.00730232715280435,-0.0088228388380258,-0.0050740527543734,Full distribution
3.62622309197652,24 h,Tam-only,-0.00323008723498824,-0.00494902315462977,-0.00173414588285562,Full distribution
3.62622309197652,4 h,Dox-only,-0.00100540878741343,-0.00210829341224237,0.000354160140390501,Full distribution
3.62622309197652,4 h,Tam-only,0.000677126921393989,-0.000573702748948143,0.00208491736129165,Full distribution
3.65949119373777,24 h,Dox-only,-0.00728421337572839,-0.00894465857520047,-0.00499449426576042,Full distribution
3.65949119373777,24 h,Tam-only,-0.00307476530046504,-0.00482472749534005,-0.00151094438414993,Full distribution
3.65949119373777,4 h,Dox-only,-0.000883962730252014,-0.00200006106905152,0.000512716107900209,Full distribution
3.65949119373777,4 h,Tam-only,0.000683379044669308,-0.000636400503505839,0.00207357448132579,Full distribution
3.69275929549902,24 h,Dox-only,-0.00718112658149846,-0.00893140980457813,-0.00486866202751938,Full distribution
3.69275929549902,24 h,Tam-only,-0.00289356068692356,-0.00467803069333453,-0.00130815562069005,Full distribution
3.69275929549902,4 h,Dox-only,-0.000739575746566357,-0.0019057771242601,0.000663566050372823,Full distribution
3.69275929549902,4 h,Tam-only,0.000694876077138432,-0.000647887273869154,0.00205730760523067,Full distribution
3.72602739726027,24 h,Dox-only,-0.00699241195432984,-0.00881671539286807,-0.00471498880070952,Full distribution
3.72602739726027,24 h,Tam-only,-0.00269336499480827,-0.00450045269045743,-0.0011017452571496,Full distribution
3.72602739726027,4 h,Dox-only,-0.00058367961885708,-0.00179165540914272,0.000775459829663765,Full distribution
3.72602739726027,4 h,Tam-only,0.000697578826781106,-0.000653779567638428,0.00207121979767779,Full distribution
3.75929549902153,24 h,Dox-only,-0.0067222204249775,-0.00848956137290393,-0.00451536303131154,Full distribution
3.75929549902153,24 h,Tam-only,-0.00248121687770059,-0.00442954529322334,-0.000856336421802665,Full distribution
3.75929549902153,4 h,Dox-only,-0.000422834495081098,-0.00163971084918502,0.000974377205692785,Full distribution
3.75929549902153,4 h,Tam-only,0.000685223798007464,-0.000660873337667349,0.00203900403517377,Full distribution
3.79256360078278,24 h,Dox-only,-0.0063737618574175,-0.0081983773982124,-0.00421454187488196,Full distribution
3.79256360078278,24 h,Tam-only,-0.00226357373491008,-0.00420087247192088,-0.000614333474442039,Full distribution
3.79256360078278,4 h,Dox-only,-0.00026379272941883,-0.00148953961178244,0.00110583976812742,Full distribution
3.79256360078278,4 h,Tam-only,0.000652932330938896,-0.00064718233312051,0.00204867253279186,Full distribution
3.82583170254403,24 h,Dox-only,-0.00595187119711778,-0.00798054725173044,-0.0038094946653244,Full distribution
3.82583170254403,24 h,Tam-only,-0.00204623944596632,-0.00402521219710019,-0.000415890419762082,Full distribution
3.82583170254403,4 h,Dox-only,-0.000113313624455505,-0.00129825235777966,0.00127882624125586,Full distribution
3.82583170254403,4 h,Tam-only,0.000597690547242138,-0.000794885437772671,0.00203909929633299,Full distribution
3.85909980430528,24 h,Dox-only,-0.00546310118582766,-0.00767350765221463,-0.00337972284567584,Full distribution
3.85909980430528,24 h,Tam-only,-0.00183438668712763,-0.00399279291078356,-0.000202048505536019,Full distribution
3.85909980430528,4 h,Dox-only,2.20437902505588e-05,-0.00109542186249569,0.00142605674967642,Full distribution
3.85909980430528,4 h,Tam-only,0.000518648584848833,-0.000863490954205733,0.00184664226751605,Full distribution
3.89236790606654,24 h,Dox-only,-0.00491578037687281,-0.00712582166675103,-0.00292669094857757,Full distribution
3.89236790606654,24 h,Tam-only,-0.00163264407871704,-0.00384165172672512,1.12005609845922e-05,Full distribution
3.89236790606654,4 h,Dox-only,0.000136154601228497,-0.000912067224018875,0.00156072888091198,Full distribution
3.89236790606654,4 h,Tam-only,0.000417217917546398,-0.000885911544272424,0.00178665698622836,Full distribution
3.92563600782779,24 h,Dox-only,-0.00432000705918992,-0.0065728149882965,-0.00245175256633447,Full distribution
3.92563600782779,24 h,Tam-only,-0.00144521298838954,-0.00365705947622231,0.000218602075433495,Full distribution
3.92563600782779,4 h,Dox-only,0.000223588727184851,-0.00084219688251469,0.00165024905714692,Full distribution
3.92563600782779,4 h,Tam-only,0.000296959155206306,-0.000943066390491522,0.00177645639572576,Full distribution
3.95890410958904,24 h,Dox-only,-0.00368145293818788,-0.00607532104110722,-0.0019137457184404,Full distribution
3.95890410958904,24 h,Tam-only,-0.00126988267572825,-0.00349689340056996,0.000478605048259121,Full distribution
3.95890410958904,4 h,Dox-only,0.000279893606675907,-0.000857469811273361,0.00168477325071703,Full distribution
3.95890410958904,4 h,Tam-only,0.000162647766091886,-0.000990513540321435,0.00175512982501993,Full distribution
3.99217221135029,24 h,Dox-only,-0.0030207384747532,-0.00541666652839026,-0.00147138534093464,Full distribution
3.99217221135029,24 h,Tam-only,-0.0011266635018284,-0.00328379228865259,0.000620387900235944,Full distribution
3.99217221135029,4 h,Dox-only,0.000297315961256525,-0.000886540446317204,0.00171506762774166,Full distribution
3.99217221135029,4 h,Tam-only,2.1585877236191e-05,-0.00100998680792647,0.00165877378597064,Full distribution
4.02544031311155,24 h,Dox-only,-0.00235665596865903,-0.00476161496252383,-0.000835663740182491,Full distribution
4.02544031311155,24 h,Tam-only,-0.00100936579103825,-0.0030570997349597,0.000878125746753703,Full distribution
4.02544031311155,4 h,Dox-only,0.000279129808587783,-0.000885883365110646,0.00165230970501847,Full distribution
4.02544031311155,4 h,Tam-only,-0.000115383352975534,-0.00121803807308534,0.00152780877190216,Full distribution
4.0587084148728,24 h,Dox-only,-0.00170422126176811,-0.00406730407533714,-0.000354396099140565,Full distribution
4.0587084148728,24 h,Tam-only,-0.000920466382581447,-0.00289231043735579,0.00109794368005247,Full distribution
4.0587084148728,4 h,Dox-only,0.000226368987507913,-0.000952208430816957,0.00161051075404879,Full distribution
4.0587084148728,4 h,Tam-only,-0.000243069327276704,-0.00140471617847801,0.00136983850757344,Full distribution
4.09197651663405,24 h,Dox-only,-0.00107608946885564,-0.00334939946691547,9.205765832192e-05,Full distribution
4.09197651663405,24 h,Tam-only,-0.000861684515606753,-0.00278772467700433,0.00121863104278202,Full distribution
4.09197651663405,4 h,Dox-only,0.000142192908373612,-0.00105087621248097,0.00152443267058499,Full distribution
4.09197651663405,4 h,Tam-only,-0.000355813554725387,-0.00153825611092303,0.00119222025558836,Full distribution
4.1252446183953,24 h,Dox-only,-0.000485419284828648,-0.00262083915270616,0.000753203677928098,Full distribution
4.1252446183953,24 h,Tam-only,-0.000833775404419659,-0.00266800501868597,0.00123035078397979,Full distribution
4.1252446183953,4 h,Dox-only,3.16602642087271e-05,-0.00115188237872108,0.00138683333596219,Full distribution
4.1252446183953,4 h,Tam-only,-0.000449490343269673,-0.00159334734682911,0.00104793880762857,Full distribution
4.15851272015656,24 h,Dox-only,5.63329992349093e-05,-0.00200896577557941,0.00130039407393209,Full distribution
4.15851272015656,24 h,Tam-only,-0.000836361565741781,-0.00256940678286206,0.00123732204235537,Full distribution
4.15851272015656,4 h,Dox-only,-9.84743798761178e-05,-0.0012769498280269,0.00124409967361323,Full distribution
4.15851272015656,4 h,Tam-only,-0.000521784576585096,-0.00167800871659502,0.000919965255225645,Full distribution
4.19178082191781,24 h,Dox-only,0.000539917805578771,-0.00150752799966987,0.0019436279233709,Full distribution
4.19178082191781,24 h,Tam-only,-0.00086783050835812,-0.0025245127865554,0.00117880314703645,Full distribution
4.19178082191781,4 h,Dox-only,-0.000240093906671124,-0.00146533694660058,0.00109511129049485,Full distribution
4.19178082191781,4 h,Tam-only,-0.000572298012414568,-0.00178964464827251,0.000863774233237287,Full distribution
4.22504892367906,24 h,Dox-only,0.00095867866477567,-0.00109623988042954,0.00256866702373793,Full distribution
4.22504892367906,24 h,Tam-only,-0.000925319399320057,-0.00250706459627892,0.00102422860763868,Full distribution
4.22504892367906,4 h,Dox-only,-0.000384168365598514,-0.00164417599721269,0.00105177353053023,Full distribution
4.22504892367906,4 h,Tam-only,-0.000602482868595017,-0.00181864992203641,0.000780717264524745,Full distribution
4.25831702544031,24 h,Dox-only,0.00130921279986865,-0.000680386698829665,0.00297929860129072,Full distribution
4.25831702544031,24 h,Tam-only,-0.00100438088685584,-0.00249471232271392,0.00106294471209728,Full distribution
4.25831702544031,4 h,Dox-only,-0.000521298610879475,-0.00182015611429559,0.000933743428968911,Full distribution
4.25831702544031,4 h,Tam-only,-0.000615413227938691,-0.00189548687001287,0.000623705704458142,Full distribution
4.29158512720157,24 h,Dox-only,0.00159275543042142,-0.00040642756909581,0.00344373107962426,Full distribution
4.29158512720157,24 h,Tam-only,-0.00109891839652547,-0.00259432145374222,0.000892418073252996,Full distribution
4.29158512720157,4 h,Dox-only,-0.000642531500169158,-0.00201643393456686,0.000813675913889566,Full distribution
4.29158512720157,4 h,Tam-only,-0.000618216570724584,-0.00190891717183429,0.000533323406801699,Full distribution
4.32485322896282,24 h,Dox-only,0.00180940860717364,-0.000258844894820198,0.00381270517742013,Full distribution
4.32485322896282,24 h,Tam-only,-0.00120635086903258,-0.00265775956378257,0.000718831008915738,Full distribution
4.32485322896282,4 h,Dox-only,-0.000738254068541319,-0.00225953071951199,0.000721996375635983,Full distribution
4.32485322896282,4 h,Tam-only,-0.00061442896247732,-0.00190255281419848,0.000436703211880822,Full distribution
4.35812133072407,24 h,Dox-only,0.00195372855094428,-0.000160462368542187,0.00407463214310295,Full distribution
4.35812133072407,24 h,Tam-only,-0.00131692918052377,-0.00274333121773627,0.000601085525362082,Full distribution
4.35812133072407,4 h,Dox-only,-0.000798886924345349,-0.00242868754978885,0.000638595989025808,Full distribution
4.35812133072407,4 h,Tam-only,-0.000606502498013792,-0.00189261468768076,0.000465853853626861,Full distribution
4.39138943248532,24 h,Dox-only,0.00204506268554179,-8.95566503843509e-05,0.00423297653303724,Full distribution
4.39138943248532,24 h,Tam-only,-0.00142462302983026,-0.00283174102580586,0.000408735616399075,Full distribution
4.39138943248532,4 h,Dox-only,-0.000823668929659266,-0.00243560308668624,0.000566114389799756,Full distribution
4.39138943248532,4 h,Tam-only,-0.000601692336991727,-0.00183446497659192,0.000496960003526692,Full distribution
4.42465753424658,24 h,Dox-only,0.00209273531690977,-2.11842299322088e-05,0.00429703687299129,Full distribution
4.42465753424658,24 h,Tam-only,-0.00152373633262218,-0.00309531947933148,0.00022577613719803,Full distribution
4.42465753424658,4 h,Dox-only,-0.000811606037771195,-0.0023667405232061,0.00050619473901957,Full distribution
4.42465753424658,4 h,Tam-only,-0.000603679057408477,-0.00179507592065319,0.000566491677604716,Full distribution
4.45792563600783,24 h,Dox-only,0.00210711901856218,9.62291129948425e-06,0.00427492889390441,Full distribution
4.45792563600783,24 h,Tam-only,-0.00160907863018853,-0.00320481817320126,0.000120735738582031,Full distribution
4.45792563600783,4 h,Dox-only,-0.000764281260984184,-0.00227119227473963,0.000497567623519793,Full distribution
4.45792563600783,4 h,Tam-only,-0.000615154056325798,-0.00183174637388334,0.000594169526347983,Full distribution
4.49119373776908,24 h,Dox-only,0.00209916533821752,-9.20445659830168e-06,0.00417715217735076,Full distribution
4.49119373776908,24 h,Tam-only,-0.00167608615838676,-0.0032224606867417,7.61373782685189e-05,Full distribution
4.49119373776908,4 h,Dox-only,-0.000685729736342969,-0.00216076580989225,0.000619763571710652,Full distribution
4.49119373776908,4 h,Tam-only,-0.000637763055873486,-0.00183989298890815,0.000550652980439407,Full distribution
4.52446183953033,24 h,Dox-only,0.00207995919098206,-6.89649468642313e-05,0.004031019229602,Full distribution
4.52446183953033,24 h,Tam-only,-0.00172090229947115,-0.00325487865266091,-6.28516567746357e-05,Full distribution
4.52446183953033,4 h,Dox-only,-0.000582147850128709,-0.00203163751061822,0.000724828888222437,Full distribution
4.52446183953033,4 h,Tam-only,-0.000672156018122414,-0.00193052071694005,0.000576966014002834,Full distribution
4.55772994129159,24 h,Dox-only,0.00206030592945254,-0.000143514970646222,0.00394292085523175,Full distribution
4.55772994129159,24 h,Tam-only,-0.00174043011653952,-0.00331068990362292,-0.000130088117576373,Full distribution
4.55772994129159,4 h,Dox-only,-0.000461455521178183,-0.00186834700922446,0.000864988254863773,Full distribution
4.55772994129159,4 h,Tam-only,-0.000718125290575578,-0.00197944507876777,0.000613541400745977,Full distribution
4.59099804305284,24 h,Dox-only,0.00205314008840639,-0.000186994102186672,0.00384922433956962,Full distribution
4.59099804305284,24 h,Tam-only,-0.00172958629862684,-0.00330710486671591,-0.000168543121425131,Full distribution
4.59099804305284,4 h,Dox-only,-0.00033273871795525,-0.00165456732310716,0.000917849457009827,Full distribution
4.59099804305284,4 h,Tam-only,-0.000774807039004344,-0.00208245156694643,0.000526468778021309,Full distribution
4.62426614481409,24 h,Dox-only,0.00207124790929283,-0.000112196842039078,0.00388065181111649,Full distribution
4.62426614481409,24 h,Tam-only,-0.00168587234706885,-0.00321638503018511,-0.000272240303388302,Full distribution
4.62426614481409,4 h,Dox-only,-0.000208218381870559,-0.00147526708127534,0.00105663966372803,Full distribution
4.62426614481409,4 h,Tam-only,-0.000845989108156156,-0.00218030938150382,0.000450369644844147,Full distribution
4.65753424657534,24 h,Dox-only,0.00211532041924324,8.14890324868672e-05,0.00398513316143949,Full distribution
4.65753424657534,24 h,Tam-only,-0.00161506023330525,-0.00315342892694301,-0.00038155307344773,Full distribution
4.65753424657534,4 h,Dox-only,-9.52237446756876e-05,-0.00127189484297173,0.00118148688157714,Full distribution
4.65753424657534,4 h,Tam-only,-0.000920033091249356,-0.00223007596766511,0.000268854689394226,Full distribution
4.6908023483366,24 h,Dox-only,0.00218982560046826,0.000333807127729442,0.00409199199033967,Full distribution
4.6908023483366,24 h,Tam-only,-0.00151572886599283,-0.0030870899788367,-0.000457198723987273,Full distribution
4.6908023483366,4 h,Dox-only,-2.96013221871838e-06,-0.0011191762594165,0.00124437185616927,Full distribution
4.6908023483366,4 h,Tam-only,-0.00099973895622979,-0.00228295464578478,0.000145140058395485,Full distribution
4.72407045009785,24 h,Dox-only,0.00230183333493109,0.000399344537207698,0.00426875934549095,Full distribution
4.72407045009785,24 h,Tam-only,-0.00138958340446395,-0.00308784402870313,-0.000374800887162296,Full distribution
4.72407045009785,4 h,Dox-only,6.19290453144905e-05,-0.000915088191292285,0.00136032986288756,Full distribution
4.72407045009785,4 h,Tam-only,-0.00108457128021383,-0.00241166019658781,0.00012323009456408,Full distribution
4.7573385518591,24 h,Dox-only,0.00245308453174227,0.000349445019577288,0.0044805628891241,Full distribution
4.7573385518591,24 h,Tam-only,-0.00123911364193023,-0.00297871013008803,-0.000132220056323556,Full distribution
4.7573385518591,4 h,Dox-only,9.55399198096091e-05,-0.00101300128195567,0.00131761726396716,Full distribution
4.7573385518591,4 h,Tam-only,-0.00117346487240294,-0.0025383109440421,7.59207271066954e-05,Full distribution
4.79060665362035,24 h,Dox-only,0.00264353801476042,0.00045003700297679,0.00467850046077464,Full distribution
4.79060665362035,24 h,Tam-only,-0.0010674587373808,-0.00297363037693755,-4.75316842422727e-06,Full distribution
4.79060665362035,4 h,Dox-only,9.62386252172515e-05,-0.00101750423388512,0.00123785615049616,Full distribution
4.79060665362035,4 h,Tam-only,-0.00126536664777943,-0.00262731109802343,-3.24908156917533e-05,Full distribution
4.8238747553816,24 h,Dox-only,0.00287145616777312,0.000616262309983337,0.00486420011547695,Full distribution
4.8238747553816,24 h,Tam-only,-0.000878228617347584,-0.00286340625820703,0.000236004191458484,Full distribution
4.8238747553816,4 h,Dox-only,6.4623548254622e-05,-0.00107751718842209,0.00116012705794601,Full distribution
4.8238747553816,4 h,Tam-only,-0.00135914517571026,-0.00273111112895566,-0.000159425202535718,Full distribution
4.85714285714286,24 h,Dox-only,0.00313354054554034,0.000863712301357038,0.00503889805811585,Full distribution
4.85714285714286,24 h,Tam-only,-0.000675296291442196,-0.00265467803521528,0.000404301213382202,Full distribution
4.85714285714286,4 h,Dox-only,3.32095759339457e-06,-0.00112088352859682,0.00110480583209718,Full distribution
4.85714285714286,4 h,Tam-only,-0.00145349485483344,-0.00281206883697112,-0.000325447350224591,Full distribution
4.89041095890411,24 h,Dox-only,0.00342510931772862,0.0011825213096441,0.00520330950803137,Full distribution
4.89041095890411,24 h,Tam-only,-0.000462581171256665,-0.00239964736150299,0.00057499690050227,Full distribution
4.89041095890411,4 h,Dox-only,-8.33634636000502e-05,-0.00118358780986712,0.000923539028026146,Full distribution
4.89041095890411,4 h,Tam-only,-0.0015468506035085,-0.002859474373225,-0.000492203207467435,Full distribution
4.92367906066536,24 h,Dox-only,0.00374413032610922,0.0014994757662924,0.00553873563173327,Full distribution
4.92367906066536,24 h,Tam-only,-0.000240024140870501,-0.00209177683018775,0.000772777498600039,Full distribution
4.92367906066536,4 h,Dox-only,-0.000189904854625583,-0.00123396762587289,0.000815188764691787,Full distribution
4.92367906066536,4 h,Tam-only,-0.00163732739775546,-0.00291536607365224,-0.000594936145682762,Full distribution
4.95694716242661,24 h,Dox-only,0.00408167191041532,0.00179613580752109,0.00581759188941443,Full distribution
4.95694716242661,24 h,Tam-only,-1.80916200381298e-05,-0.00173430149617321,0.000964556084358044,Full distribution
4.95694716242661,4 h,Dox-only,-0.000311385688619714,-0.0013256085803991,0.000766335547832037,Full distribution
4.95694716242661,4 h,Tam-only,-0.00172329482195044,-0.0028663813245585,-0.000691268163598424,Full distribution
4.99021526418787,24 h,Dox-only,0.0044218615344076,0.00216310249030074,0.00613227792332768,Full distribution
4.99021526418787,24 h,Tam-only,0.000200592387418624,-0.00134065016129837,0.0011761078600265,Full distribution
4.99021526418787,4 h,Dox-only,-0.000438558002330447,-0.00151692014682569,0.000765186091760083,Full distribution
4.99021526418787,4 h,Tam-only,-0.00179954153466336,-0.00278488956673759,-0.000763239305787293,Full distribution
5.02348336594912,24 h,Dox-only,0.00475903907180916,0.00261488178724181,0.00643641603175344,Full distribution
5.02348336594912,24 h,Tam-only,0.000415276631925199,-0.000940201332610892,0.00136186993328319,Full distribution
5.02348336594912,4 h,Dox-only,-0.000565771337089363,-0.00163915593992659,0.000740502408142751,Full distribution
5.02348336594912,4 h,Tam-only,-0.00186440450357071,-0.00274206180675658,-0.000864175425114871,Full distribution
5.05675146771037,24 h,Dox-only,0.00508679196699392,0.00297222495814864,0.00675985724437594,Full distribution
5.05675146771037,24 h,Tam-only,0.000623485343496308,-0.000668307144342103,0.00155603884144337,Full distribution
5.05675146771037,4 h,Dox-only,-0.000688440228633264,-0.00170157272740005,0.000726689524954681,Full distribution
5.05675146771037,4 h,Tam-only,-0.00191506182989022,-0.00280183914939296,-0.000862404291510936,Full distribution
5.09001956947162,24 h,Dox-only,0.00539726345263115,0.00322657163777861,0.00710201686605038,Full distribution
5.09001956947162,24 h,Tam-only,0.000822630692290022,-0.000443655773354468,0.00171965757497894,Full distribution
5.09001956947162,4 h,Dox-only,-0.000803088855828277,-0.00184725736580152,0.000587460247081596,Full distribution
5.09001956947162,4 h,Tam-only,-0.00194895535616077,-0.00286670953339894,-0.000780310787210546,Full distribution
5.12328767123288,24 h,Dox-only,0.0056830410103878,0.00344364650169479,0.00745265055533907,Full distribution
5.12328767123288,24 h,Tam-only,0.00100981611210429,-0.000241303569613892,0.00197835951161943,Full distribution
5.12328767123288,4 h,Dox-only,-0.000907350891129352,-0.00195351918745553,0.000539629512258656,Full distribution
5.12328767123288,4 h,Tam-only,-0.00196398779838798,-0.0029242180514473,-0.000720921709916956,Full distribution
5.15655577299413,24 h,Dox-only,0.00593742089349407,0.00375819846229866,0.00770305528926359,Full distribution
5.15655577299413,24 h,Tam-only,0.00118169017952947,-2.24566836097839e-05,0.00222626699409798,Full distribution
5.15655577299413,4 h,Dox-only,-0.000999856872825985,-0.00203687250560499,0.000435584702362981,Full distribution
5.15655577299413,4 h,Tam-only,-0.00195870944553078,-0.00296380321647062,-0.000710179017448256,Full distribution
5.18982387475538,24 h,Dox-only,0.00615468760654939,0.00404800370709202,0.0077825108923045,Full distribution
5.18982387475538,24 h,Tam-only,0.00133438488665979,0.000220341240059302,0.00237457062191107,Full distribution
5.18982387475538,4 h,Dox-only,-0.00108003749837383,-0.00208101659782454,0.00031579791906204,Full distribution
5.18982387475538,4 h,Tam-only,-0.00193248224457022,-0.00299403344664016,-0.000661025891358618,Full distribution
5.22309197651663,24 h,Dox-only,0.00633040246508295,0.00429274474673922,0.00778335816798238,Full distribution
5.22309197651663,24 h,Tam-only,0.00146356530606696,0.000458386222532954,0.00248361765384751,Full distribution
5.22309197651663,4 h,Dox-only,-0.0011478758422166,-0.00213316043279867,0.000182187042954303,Full distribution
5.22309197651663,4 h,Tam-only,-0.00188560911805801,-0.00296037055718547,-0.000563407215546449,Full distribution
5.25636007827789,24 h,Dox-only,0.00645734672003848,0.00443028804843929,0.00797609883581231,Full distribution
5.25636007827789,24 h,Tam-only,0.00156026613121162,0.000551370751300894,0.00264119042095524,Full distribution
5.25636007827789,4 h,Dox-only,-0.00120364390435309,-0.00220278033284882,3.79505887795537e-05,Full distribution
5.25636007827789,4 h,Tam-only,-0.00181928022774022,-0.0028989764543362,-0.000440703139772528,Full distribution
5.28962818003914,24 h,Dox-only,0.00653550832604091,0.00448461067635849,0.00813163087132801,Full distribution
5.28962818003914,24 h,Tam-only,0.00162314904699016,0.000569580905676365,0.00276924656046559,Full distribution
5.28962818003914,4 h,Dox-only,-0.0012464658296962,-0.00224897698582197,-6.62693155283371e-05,Full distribution
5.28962818003914,4 h,Tam-only,-0.00173461253697704,-0.00278318966109312,-0.000425259460918199,Full distribution
5.32289628180039,24 h,Dox-only,0.00657110557931091,0.00453292186031998,0.00816284432990621,Full distribution
5.32289628180039,24 h,Tam-only,0.00164886402985315,0.000608775719017762,0.00274273908797968,Full distribution
5.32289628180039,4 h,Dox-only,-0.00127699887320737,-0.00230338446430518,-4.98492811493459e-05,Full distribution
5.32289628180039,4 h,Tam-only,-0.00163712277019479,-0.00264430040168598,-0.00032718879366784,Full distribution
5.35616438356164,24 h,Dox-only,0.00656816526462412,0.00458798321397559,0.00821165748597472,Full distribution
5.35616438356164,24 h,Tam-only,0.00163519384910506,0.000512216177810238,0.00264089189471982,Full distribution
5.35616438356164,4 h,Dox-only,-0.00129573835739709,-0.00227334100271346,-6.83548023994055e-05,Full distribution
5.35616438356164,4 h,Tam-only,-0.00153194336602677,-0.00248954569009728,-0.000380055587533062,Full distribution
5.3894324853229,24 h,Dox-only,0.00653275592661826,0.00481005174714681,0.00818583353044743,Full distribution
5.3894324853229,24 h,Tam-only,0.00158168400317914,0.000507944438289628,0.00252863017644836,Full distribution
5.3894324853229,4 h,Dox-only,-0.00130226172216086,-0.00228475668910661,-0.000113263256279271,Full distribution
5.3894324853229,4 h,Tam-only,-0.00142394116931596,-0.00234923648533262,-0.000217363960225058,Full distribution
5.42270058708415,24 h,Dox-only,0.00647238269558018,0.00497873673600702,0.00806328381597514,Full distribution
5.42270058708415,24 h,Tam-only,0.00148995775369,0.000421592293817959,0.00261510274262557,Full distribution
5.42270058708415,4 h,Dox-only,-0.0012959996958767,-0.00230217638795446,-0.000199315902986001,Full distribution
5.42270058708415,4 h,Tam-only,-0.00131805361495225,-0.00216862910332831,-8.01473121997286e-05,Full distribution
5.4559686888454,24 h,Dox-only,0.00639546690783966,0.00500874170510959,0.00802032467500212,Full distribution
5.4559686888454,24 h,Tam-only,0.00136387486822564,0.000233122517899907,0.0024431338709815,Full distribution
5.4559686888454,4 h,Dox-only,-0.00127635875944003,-0.00228349512589591,-0.000155390712631444,Full distribution
5.4559686888454,4 h,Tam-only,-0.00121898073315019,-0.00203483195110657,-1.94281428916247e-05,Full distribution
5.48923679060665,24 h,Dox-only,0.00631072080149388,0.00497528214253492,0.00795812999491256,Full distribution
5.48923679060665,24 h,Tam-only,0.0012095101403584,5.57787428695354e-05,0.00231454218792485,Full distribution
5.48923679060665,4 h,Dox-only,-0.00124285483634306,-0.00218015520809482,-0.000223184960556591,Full distribution
5.48923679060665,4 h,Tam-only,-0.00113089364918254,-0.00195624749457474,-4.5757453518756e-05,Full distribution
5.52250489236791,24 h,Dox-only,0.00622646159960524,0.0047923507077282,0.00786239433482046,Full distribution
5.52250489236791,24 h,Tam-only,0.0010349417861473,-0.000108628595059421,0.00224743388491347,Full distribution
5.52250489236791,4 h,Dox-only,-0.00119524151561538,-0.00210004980750674,-0.000225023458995111,Full distribution
5.52250489236791,4 h,Tam-only,-0.00105718076643564,-0.00185290893501364,2.9969838420722e-05,Full distribution
5.55577299412916,24 h,Dox-only,0.0061499176050072,0.00464002826132711,0.00785297129254024,Full distribution
5.55577299412916,24 h,Tam-only,0.000849854325197914,-0.000281594483052604,0.00213238722076967,Full distribution
5.55577299412916,4 h,Dox-only,-0.00113361929034417,-0.00201136424153457,-0.000196575013032983,Full distribution
5.55577299412916,4 h,Tam-only,-0.00100025103676309,-0.00179218838699313,4.56273236734003e-05,Full distribution
5.58904109589041,24 h,Dox-only,0.00608591327653468,0.00457223482728789,0.00776085864083986,Full distribution
5.58904109589041,24 h,Tam-only,0.000664949487306353,-0.000440845765698977,0.00200259872105352,Full distribution
5.58904109589041,4 h,Dox-only,-0.00105801055549429,-0.00192656503099795,-8.28183093306124e-05,Full distribution
5.58904109589041,4 h,Tam-only,-0.000961218186948741,-0.00180715251562774,-2.356838261862e-05,Full distribution
5.62230919765166,24 h,Dox-only,0.00604162911380118,0.00461237344320927,0.00760831428069412,Full distribution
5.62230919765166,24 h,Tam-only,0.000495886986716945,-0.000504193069466195,0.00190549732216503,Full distribution
5.62230919765166,4 h,Dox-only,-0.000968619541608755,-0.00178745365054524,6.00947862284219e-05,Full distribution
5.62230919765166,4 h,Tam-only,-0.000942228241231309,-0.00186296570569521,-4.75279666692694e-05,Full distribution
5.65557729941292,24 h,Dox-only,0.0060151972283938,0.00461182490331246,0.00751129194799394,Full distribution
5.65557729941292,24 h,Tam-only,0.000350885600466283,-0.000676562818170439,0.0017866504726518,Full distribution
5.65557729941292,4 h,Dox-only,-0.000869436576480538,-0.00164998975790242,0.000191234784398919,Full distribution
5.65557729941292,4 h,Tam-only,-0.000940406849944037,-0.00189782200216504,-0.000104518015936527,Full distribution
5.68884540117417,24 h,Dox-only,0.00600121468408572,0.00452528882088363,0.00747109649967634,Full distribution
5.68884540117417,24 h,Tam-only,0.000238109127115749,-0.000840144217009943,0.00165243092482014,Full distribution
5.68884540117417,4 h,Dox-only,-0.000762054666108993,-0.00153181354527335,0.000307663641776518,Full distribution
5.68884540117417,4 h,Tam-only,-0.000953052846175424,-0.00190599879379643,-0.000189965139086236,Full distribution
5.72211350293542,24 h,Dox-only,0.00599415984535338,0.00439411306047454,0.00741225499913104,Full distribution
5.72211350293542,24 h,Tam-only,0.000163507068271528,-0.00087760105094546,0.00159408321070085,Full distribution
5.72211350293542,4 h,Dox-only,-0.00064898480268704,-0.00140745586357113,0.000335865120588475,Full distribution
5.72211350293542,4 h,Tam-only,-0.000977468055394844,-0.00189986571282388,-0.000246127184943911,Full distribution
5.75538160469667,24 h,Dox-only,0.00598703294921669,0.00431970103269581,0.00747898196800186,Full distribution
5.75538160469667,24 h,Tam-only,0.000130449214450205,-0.000860544173564431,0.00162705337512241,Full distribution
5.75538160469667,4 h,Dox-only,-0.000533014819045066,-0.00131274613259256,0.000417788758202726,Full distribution
5.75538160469667,4 h,Tam-only,-0.00101061436109982,-0.00190551932237247,-0.000283181304441156,Full distribution
5.78864970645793,24 h,Dox-only,0.00597203963430992,0.00442431484478921,0.00745277371919654,Full distribution
5.78864970645793,24 h,Tam-only,0.000139549245219986,-0.000833750576181667,0.00147346175459487,Full distribution
5.78864970645793,4 h,Dox-only,-0.000417100549939167,-0.00126613666607103,0.000539699507794718,Full distribution
5.78864970645793,4 h,Tam-only,-0.00104929956506788,-0.00196790429267865,-0.000323773165906121,Full distribution
5.82191780821918,24 h,Dox-only,0.00594130911391007,0.00443256374374745,0.00745476412268708,Full distribution
5.82191780821918,24 h,Tam-only,0.000188684051334806,-0.000744969471298807,0.00138674802166079,Full distribution
5.82191780821918,4 h,Dox-only,-0.000304240236744982,-0.00120870517537865,0.000625251272757972,Full distribution
5.82191780821918,4 h,Tam-only,-0.00109032791153421,-0.00200552358525853,-0.000359221093850317,Full distribution
5.85518590998043,24 h,Dox-only,0.0058875861023097,0.00429901559347082,0.00742899913002777,Full distribution
5.85518590998043,24 h,Tam-only,0.000273203695929952,-0.000601759911583268,0.00141825097766075,Full distribution
5.85518590998043,4 h,Dox-only,-0.000197336209969125,-0.00113233022728304,0.000726768907440552,Full distribution
5.85518590998043,4 h,Tam-only,-0.00113060815499517,-0.00204943816231123,-0.000414551053338586,Full distribution
5.88845401174168,24 h,Dox-only,0.00580493922907427,0.00411216162618463,0.00735637509869016,Full distribution
5.88845401174168,24 h,Tam-only,0.000386413878391646,-0.000474520750828526,0.0015353372062912,Full distribution
5.88845401174168,4 h,Dox-only,-9.90494824525331e-05,-0.00104545453535437,0.000847797651574086,Full distribution
5.88845401174168,4 h,Tam-only,-0.00116721755003498,-0.0020754853322883,-0.000456949695600599,Full distribution
5.92172211350294,24 h,Dox-only,0.00568934593874888,0.00390617588079875,0.00722344789455,Full distribution
5.92172211350294,24 h,Tam-only,0.000520448523076346,-0.000431610907075462,0.00168099735222759,Full distribution
5.92172211350294,4 h,Dox-only,-1.17317393903138e-05,-0.00100195330576506,0.000882065910145298,Full distribution
5.92172211350294,4 h,Tam-only,-0.00119563784153359,-0.00211862336658681,-0.000477376488671426,Full distribution
5.95499021526419,24 h,Dox-only,0.00553257314714944,0.00378961381029658,0.00702268833681336,Full distribution
5.95499021526419,24 h,Tam-only,0.00066285988873712,-0.00025029688180802,0.00180512138176002,Full distribution
5.95499021526419,4 h,Dox-only,6.10455791204556e-05,-0.000956332234858415,0.000948894213433863,Full distribution
5.95499021526419,4 h,Tam-only,-0.00121540055297401,-0.00213375573175133,-0.000523437643235164,Full distribution
5.98825831702544,24 h,Dox-only,0.00533940136503448,0.00367077050226898,0.0067844415555443,Full distribution
5.98825831702544,24 h,Tam-only,0.00080410023358183,-8.05617235683635e-05,0.00201018140034571,Full distribution
5.98825831702544,4 h,Dox-only,0.000120047893917202,-0.000924639381286091,0.00103079289429948,Full distribution
5.98825831702544,4 h,Tam-only,-0.00122333274080712,-0.00217520707074418,-0.000579917615909565,Full distribution
6.02152641878669,24 h,Dox-only,0.0051142466753091,0.00352030601410983,0.00651202269090898,Full distribution
6.02152641878669,24 h,Tam-only,0.00093586254657009,6.74695746600684e-05,0.00207157283073893,Full distribution
6.02152641878669,4 h,Dox-only,0.000165187764661776,-0.000868239705029904,0.00105892655249092,Full distribution
6.02152641878669,4 h,Tam-only,-0.00121736328671068,-0.00220665794394132,-0.000557140303376388,Full distribution
6.05479452054795,24 h,Dox-only,0.00486162968917805,0.00333402204252023,0.0061957240981992,Full distribution
6.05479452054795,24 h,Tam-only,0.00105121253373344,0.000158574866254881,0.00209282338172942,Full distribution
6.05479452054795,4 h,Dox-only,0.000197001438910764,-0.00079043588750706,0.00109729403154383,Full distribution
6.05479452054795,4 h,Tam-only,-0.00119571286635422,-0.00224015767569672,-0.000482428796717922,Full distribution
6.0880626223092,24 h,Dox-only,0.00458721762734272,0.00310830690137064,0.00595622487283579,Full distribution
6.0880626223092,24 h,Tam-only,0.0011449467124746,0.000203008637634308,0.00209929903133148,Full distribution
6.0880626223092,4 h,Dox-only,0.00021654545973377,-0.00070535865381039,0.00107043493347017,Full distribution
6.0880626223092,4 h,Tam-only,-0.00115701552651235,-0.00224553518826701,-0.000410657974180788,Full distribution
6.12133072407045,24 h,Dox-only,0.00429744273746632,0.00293273110592165,0.00559886527055519,Full distribution
6.12133072407045,24 h,Tam-only,0.00121380471733406,0.000261976624683946,0.00210515008202098,Full distribution
6.12133072407045,4 h,Dox-only,0.000225259552852172,-0.000662820913232721,0.00103731590270546,Full distribution
6.12133072407045,4 h,Tam-only,-0.00110046521874981,-0.00219894182463312,-0.000421550805274524,Full distribution
6.1545988258317,24 h,Dox-only,0.00399914500938711,0.00265310258198264,0.00521354054482106,Full distribution
6.1545988258317,24 h,Tam-only,0.00125653244914613,0.000250172589330969,0.00211730023607506,Full distribution
6.1545988258317,4 h,Dox-only,0.000224812500778736,-0.00065728902940273,0.00104009690993525,Full distribution
6.1545988258317,4 h,Tam-only,-0.00102597008290762,-0.0020908727173703,-0.000345766958621686,Full distribution
6.18786692759296,24 h,Dox-only,0.00369925684517111,0.00238762816838417,0.00481489544095905,Full distribution
6.18786692759296,24 h,Tam-only,0.00127380073760775,0.000236518519959375,0.00210841595855775,Full distribution
6.18786692759296,4 h,Dox-only,0.000216948953711694,-0.000602019681843701,0.00105449322505397,Full distribution
6.18786692759296,4 h,Tam-only,-0.000934294407576593,-0.00193441830554724,-0.000270534850567041,Full distribution
6.22113502935421,24 h,Dox-only,0.00340331821483524,0.00219744887066251,0.00445343456422584,Full distribution
6.22113502935421,24 h,Tam-only,0.00126677104899305,0.000217804847278247,0.00207316239004481,Full distribution
6.22113502935421,4 h,Dox-only,0.00020335514998196,-0.000589513785008363,0.000998929179561953,Full distribution
6.22113502935421,4 h,Tam-only,-0.000827166555584027,-0.00183215899342828,-0.000200263584814685,Full distribution
6.25440313111546,24 h,Dox-only,0.00311629629481309,0.00199477381935451,0.00417302719616221,Full distribution
6.25440313111546,24 h,Tam-only,0.00123942280820165,0.000160148125510991,0.00204192151715777,Full distribution
6.25440313111546,4 h,Dox-only,0.000185061394301529,-0.000600422880227277,0.00089760635045926,Full distribution
6.25440313111546,4 h,Tam-only,-0.000707007125514476,-0.00163887159575009,-7.13253974793132e-05,Full distribution
6.28767123287671,24 h,Dox-only,0.00285475500099233,0.00182354813398284,0.00396370066274155,Full distribution
6.28767123287671,24 h,Tam-only,0.00119981243052329,0.000116511901160223,0.00198333013647381,Full distribution
6.28767123287671,4 h,Dox-only,0.000164446838421897,-0.000545254933998454,0.000817156403161689,Full distribution
6.28767123287671,4 h,Tam-only,-0.000578279739405985,-0.00140483788705199,8.4072824908134e-05,Full distribution
6.32093933463797,24 h,Dox-only,0.0026169552672786,0.00156733115162565,0.00375440596383957,Full distribution
6.32093933463797,24 h,Tam-only,0.00115230125494324,0.000108495231455047,0.00187493959102916,Full distribution
6.32093933463797,4 h,Dox-only,0.000142398869991643,-0.000495065433151218,0.000785267956646087,Full distribution
6.32093933463797,4 h,Tam-only,-0.000446726277061493,-0.00120047204824596,0.000202961766658817,Full distribution
6.35420743639922,24 h,Dox-only,0.00240652022323959,0.00128364258605302,0.00350602580313212,Full distribution
6.35420743639922,24 h,Tam-only,0.00110165876171004,0.000166729302615089,0.00173304227074218,Full distribution
6.35420743639922,4 h,Dox-only,0.00011988738654126,-0.000594595969911067,0.000779365250750993,Full distribution
6.35420743639922,4 h,Tam-only,-0.000317596810513753,-0.00101360838202991,0.000331545366509344,Full distribution
6.38747553816047,24 h,Dox-only,0.00222607368888918,0.00104503490633495,0.00336883962117231,Full distribution
6.38747553816047,24 h,Tam-only,0.00105201864569145,0.000240532398154713,0.0017442692752988,Full distribution
6.38747553816047,4 h,Dox-only,9.78837871037815e-05,-0.000602706465700644,0.000827780190920234,Full distribution
6.38747553816047,4 h,Tam-only,-0.000196191310588338,-0.000889074963023266,0.000422185152966032,Full distribution
6.42074363992172,24 h,Dox-only,0.00207714240595634,0.000915667578021246,0.00324527513169933,Full distribution
6.42074363992172,24 h,Tam-only,0.00100661509704122,0.000249606947006867,0.00178816783249937,Full distribution
6.42074363992172,4 h,Dox-only,7.742423272801e-05,-0.00066220729535845,0.000860853454665464,Full distribution
6.42074363992172,4 h,Tam-only,-8.75095880551978e-05,-0.000755059531945018,0.000572004844296217,Full distribution
6.45401174168297,24 h,Dox-only,0.00196006739991887,0.000823508933898593,0.00311855217088092,Full distribution
6.45401174168297,24 h,Tam-only,0.000967615735305197,0.000317060645708223,0.00177999504383836,Full distribution
6.45401174168297,4 h,Dox-only,5.96393547280458e-05,-0.000707611230249684,0.000856903664101895,Full distribution
6.45401174168297,4 h,Tam-only,4.08030670219495e-06,-0.000638619325435053,0.000631103773922567,Full distribution
6.48727984344423,24 h,Dox-only,0.0018739390097588,0.000682005717373922,0.00303334203418658,Full distribution
6.48727984344423,24 h,Tam-only,0.000936057816119371,0.000294762205971938,0.00177951751033286,Full distribution
6.48727984344423,4 h,Dox-only,4.57426436930933e-05,-0.000727098075119994,0.000820202443764668,Full distribution
6.48727984344423,4 h,Tam-only,7.51294778418045e-05,-0.000534116134118099,0.000656060686482449,Full distribution
6.52054794520548,24 h,Dox-only,0.00181657208064031,0.000681703752741011,0.00294571463077776,Full distribution
6.52054794520548,24 h,Tam-only,0.000911888540993607,0.000279206418990762,0.00178012436792898,Full distribution
6.52054794520548,4 h,Dox-only,3.69759013689464e-05,-0.000716391344297557,0.000815606198319023,Full distribution
6.52054794520548,4 h,Tam-only,0.000123329697957905,-0.000466427084288822,0.000703145141897616,Full distribution
6.55381604696673,24 h,Dox-only,0.00178463115935701,0.000721897786975168,0.00294548706354674,Full distribution
6.55381604696673,24 h,Tam-only,0.000894197167329899,0.0002760130058718,0.00176062144869408,Full distribution
6.55381604696673,4 h,Dox-only,3.45164640447003e-05,-0.000699496041872977,0.000825612992577537,Full distribution
6.55381604696673,4 h,Tam-only,0.00014772540560894,-0.000410565663088075,0.000725144540458732,Full distribution
6.58708414872798,24 h,Dox-only,0.00177396879532353,0.000752540128040244,0.00294813632411362,Full distribution
6.58708414872798,24 h,Tam-only,0.00088117025190549,0.000255133601720758,0.00171653423357231,Full distribution
6.58708414872798,4 h,Dox-only,4.11071783947767e-05,-0.000681900056905671,0.000889928314040487,Full distribution
6.58708414872798,4 h,Tam-only,0.000146953698446885,-0.000400668697474441,0.000702701353070294,Full distribution
6.62035225048924,24 h,Dox-only,0.00177792978002602,0.000765237959740756,0.00296304135123094,Full distribution
6.62035225048924,24 h,Tam-only,0.000869952034701131,0.000212716443481577,0.00172235416120225,Full distribution
6.62035225048924,4 h,Dox-only,5.49463955794131e-05,-0.000611538879844173,0.000869124979186333,Full distribution
6.62035225048924,4 h,Tam-only,0.0001238864596112,-0.000398287947426324,0.000645440872710216,Full distribution
6.65362035225049,24 h,Dox-only,0.00178900240014105,0.000812931850970758,0.003002763119685,Full distribution
6.65362035225049,24 h,Tam-only,0.000858519874695589,0.000230594098184479,0.00177943508941548,Full distribution
6.65362035225049,4 h,Dox-only,7.67569801378709e-05,-0.000590719897950697,0.00083557387937688,Full distribution
6.65362035225049,4 h,Tam-only,8.27355584603583e-05,-0.000442309060733423,0.000576774724526003,Full distribution
6.68688845401174,24 h,Dox-only,0.00180104231088812,0.000919138409670045,0.00301995567910704,Full distribution
6.68688845401174,24 h,Tam-only,0.000845220204260096,0.000230756437130665,0.00183705255901126,Full distribution
6.68688845401174,4 h,Dox-only,0.000106098925921675,-0.000542954877376039,0.000849235757341064,Full distribution
6.68688845401174,4 h,Tam-only,2.72828953767623e-05,-0.000498229666700335,0.000513375310275651,Full distribution
6.72015655577299,24 h,Dox-only,0.00180827561759611,0.000984212226343162,0.00303475584958719,Full distribution
6.72015655577299,24 h,Tam-only,0.000828938446420673,0.000249865174637979,0.00178156553659153,Full distribution
6.72015655577299,4 h,Dox-only,0.000142115249968169,-0.000497567229257922,0.000880436702248432,Full distribution
6.72015655577299,4 h,Tam-only,-3.82563723361797e-05,-0.000578663810589525,0.000463005107154791,Full distribution
6.75342465753425,24 h,Dox-only,0.00180565410306719,0.00101619981141009,0.00302457854937764,Full distribution
6.75342465753425,24 h,Tam-only,0.000809187681933363,0.000182453674123741,0.00169926700903639,Full distribution
6.75342465753425,4 h,Dox-only,0.000183619308475491,-0.000398472555450334,0.000944858884512367,Full distribution
6.75342465753425,4 h,Tam-only,-0.000109500294333938,-0.000669742661117382,0.000383251499175547,Full distribution
6.7866927592955,24 h,Dox-only,0.0017891661457666,0.00107429176510758,0.00297943127160237,Full distribution
6.7866927592955,24 h,Tam-only,0.000786115022892338,0.000115213068208206,0.00165804836006708,Full distribution
6.7866927592955,4 h,Dox-only,0.000229209663974491,-0.000357011885824525,0.000939874002229337,Full distribution
6.7866927592955,4 h,Tam-only,-0.000182152764459882,-0.000741389140302293,0.000330071733599785,Full distribution
6.81996086105675,24 h,Dox-only,0.00175608131368652,0.00103927744378895,0.00290825137939852,Full distribution
6.81996086105675,24 h,Tam-only,0.000760432210237163,6.51307929870911e-05,0.00158189794035603,Full distribution
6.81996086105675,4 h,Dox-only,0.000277395061873881,-0.000357203771363785,0.000943335877634934,Full distribution
6.81996086105675,4 h,Tam-only,-0.000252231968981768,-0.000809590013921514,0.000258883675333449,Full distribution
6.853228962818,24 h,Dox-only,0.00170511098963091,0.000981960325438392,0.00280222819712893,Full distribution
6.853228962818,24 h,Tam-only,0.000733284024265622,1.2990759051973e-05,0.00155892936559339,Full distribution
6.853228962818,4 h,Dox-only,0.000326711224450941,-0.000348671182275742,0.000977354001127661,Full distribution
6.853228962818,4 h,Tam-only,-0.00031626655131918,-0.000868624890025581,0.000195395895233057,Full distribution
6.88649706457926,24 h,Dox-only,0.00163483527595023,0.000944051389562891,0.00262545265793048,Full distribution
6.88649706457926,24 h,Tam-only,0.000705183794846364,-2.10253211086297e-05,0.00145687399804291,Full distribution
6.88649706457926,4 h,Dox-only,0.000375984486271387,-0.000321650556397784,0.00102731012397299,Full distribution
6.88649706457926,4 h,Tam-only,-0.000370602957954116,-0.00093396977669349,0.000210924569490471,Full distribution
6.91976516634051,24 h,Dox-only,0.0015486740999799,0.000884824461075949,0.00245338495692007,Full distribution
6.91976516634051,24 h,Tam-only,0.000679958825583086,-4.05578243182243e-05,0.00133394853170371,Full distribution
6.91976516634051,4 h,Dox-only,0.000423236414760244,-0.000296345600887047,0.00103324387083159,Full distribution
6.91976516634051,4 h,Tam-only,-0.000413490813928899,-0.000955421510209404,0.000191863523782995,Full distribution
6.95303326810176,24 h,Dox-only,0.00145109784809381,0.000764566059898342,0.00228996160689653,Full distribution
6.95303326810176,24 h,Tam-only,0.000657833617146181,-4.59214378044841e-05,0.00124763173607842,Full distribution
6.95303326810176,4 h,Dox-only,0.000467843677843836,-0.000263481160855717,0.00107942077299804,Full distribution
6.95303326810176,4 h,Tam-only,-0.000444388498124948,-0.000947931909949104,0.000163220588005173,Full distribution
6.98630136986301,24 h,Dox-only,0.00134630594821331,0.000647005610230497,0.00219239233519796,Full distribution
6.98630136986301,24 h,Tam-only,0.000639785250242501,-4.2782334868275e-05,0.00122744823440185,Full distribution
6.98630136986301,4 h,Dox-only,0.000508897207891223,-0.00022868152525445,0.00110789358957467,Full distribution
6.98630136986301,4 h,Tam-only,-0.000463395520749886,-0.000944768889986527,0.000153521348268996,Full distribution
7.01956947162427,24 h,Dox-only,0.00123919699574001,0.000545920786124874,0.00206463152719187,Full distribution
7.01956947162427,24 h,Tam-only,0.00062653379121743,-3.05879770768593e-05,0.00123036240250578,Full distribution
7.01956947162427,4 h,Dox-only,0.00054546061784902,-0.000168571948098381,0.00113687975960639,Full distribution
7.01956947162427,4 h,Tam-only,-0.000471371489844875,-0.000972384395151109,0.000125078149302966,Full distribution
7.05283757338552,24 h,Dox-only,0.00113484623976451,0.000461213398367722,0.00194018329900967,Full distribution
7.05283757338552,24 h,Tam-only,0.000618584570836174,-3.80557460774062e-05,0.00126082554214372,Full distribution
7.05283757338552,4 h,Dox-only,0.000576512560294458,-8.95793801084332e-05,0.00117978793886061,Full distribution
7.05283757338552,4 h,Tam-only,-0.00046981520128158,-0.000949265213535273,8.53814218501853e-05,Full distribution
7.08610567514677,24 h,Dox-only,0.00103816420795027,0.000369637323280623,0.00184085655450141,Full distribution
7.08610567514677,24 h,Tam-only,0.000616295176353659,-4.50663545218982e-05,0.00126755889569841,Full distribution
7.08610567514677,4 h,Dox-only,0.000600924457280463,-5.33414507746565e-05,0.00119726789109759,Full distribution
7.08610567514677,4 h,Tam-only,-0.000460706910086203,-0.000915961900330237,5.66334140195303e-05,Full distribution
7.11937377690802,24 h,Dox-only,0.000953577623575062,0.000318984351548975,0.00172909369099801,Full distribution
7.11937377690802,24 h,Tam-only,0.000619948572294578,-2.94311272809942e-05,0.00123760002855535,Full distribution
7.11937377690802,4 h,Dox-only,0.000617482070614184,-3.77412385486554e-05,0.00118785978145285,Full distribution
7.11937377690802,4 h,Tam-only,-0.000446322477092224,-0.000883353462689158,5.65203016995302e-05,Full distribution
7.15264187866928,24 h,Dox-only,0.000884748853813542,0.000198482977361287,0.00161771125929176,Full distribution
7.15264187866928,24 h,Tam-only,0.000629814414711721,-8.40749709709892e-08,0.00125398750666909,Full distribution
7.15264187866928,4 h,Dox-only,0.000624952977331563,5.01227625374948e-05,0.00115877212307393,Full distribution
7.15264187866928,4 h,Tam-only,-0.000429030374725029,-0.000854331011817023,4.7641012161786e-05,Full distribution
7.18590998043053,24 h,Dox-only,0.000834347936937926,6.67105298511312e-05,0.00151284457688397,Full distribution
7.18590998043053,24 h,Tam-only,0.000646182643349967,3.02250421434735e-05,0.00129849865089886,Full distribution
7.18590998043053,4 h,Dox-only,0.000622195590133953,2.85156421921287e-05,0.00113525878491007,Full distribution
7.18590998043053,4 h,Tam-only,-0.000411084419159708,-0.000841416104467067,5.40309639748269e-05,Full distribution
7.21917808219178,24 h,Dox-only,0.000804317090809152,2.14058791844061e-05,0.00150640691073816,Full distribution
7.21917808219178,24 h,Tam-only,0.000669862383666462,6.15930861945215e-05,0.00132335536405768,Full distribution
7.21917808219178,4 h,Dox-only,0.000607872127961678,-1.90045690734655e-05,0.00109561076642453,Full distribution
7.21917808219178,4 h,Tam-only,-0.000394194895099696,-0.000826036424365512,4.26752749129302e-05,Full distribution
7.25244618395303,24 h,Dox-only,0.000796459317066806,2.27941116297832e-05,0.00147581426842025,Full distribution
7.25244618395303,24 h,Tam-only,0.000701022134238288,9.87710646707346e-05,0.00136271606710533,Full distribution
7.25244618395303,4 h,Dox-only,0.000580882459163282,-2.60595789143843e-05,0.00107034085443575,Full distribution
7.25244618395303,4 h,Tam-only,-0.000380738561672592,-0.000818953779364636,3.45026766343599e-05,Full distribution
7.28571428571429,24 h,Dox-only,0.000806951477641767,5.73200531070269e-05,0.00146523173943455,Full distribution
7.28571428571429,24 h,Tam-only,0.000739208187022078,0.000130279262716308,0.00139935416830127,Full distribution
7.28571428571429,4 h,Dox-only,0.000542520833182245,-5.91173125197091e-05,0.00104389292164302,Full distribution
7.28571428571429,4 h,Tam-only,-0.000370802224687758,-0.000788942123625399,5.04320333804424e-05,Full distribution
7.31898238747554,24 h,Dox-only,0.000833241378717181,8.61731694322162e-05,0.00146277846263944,Full distribution
7.31898238747554,24 h,Tam-only,0.000784057223015002,0.000168910219272741,0.00142751482986284,Full distribution
7.31898238747554,4 h,Dox-only,0.000493685160551058,-9.85552217813343e-05,0.000990894845487465,Full distribution
7.31898238747554,4 h,Tam-only,-0.000364266202212006,-0.000786678252816277,7.02117046637904e-05,Full distribution
7.35225048923679,24 h,Dox-only,0.000871993306918612,0.000138334877958381,0.0015042847142418,Full distribution
7.35225048923679,24 h,Tam-only,0.000834772306593703,0.000222892158025655,0.00145194842234404,Full distribution
7.35225048923679,4 h,Dox-only,0.000435827694709521,-0.000136922860791974,0.000927682461312949,Full distribution
7.35225048923679,4 h,Tam-only,-0.000360437760110481,-0.000788029084447043,8.89396973873833e-05,Full distribution
7.38551859099804,24 h,Dox-only,0.000919348630407653,0.000194315744159234,0.00156959976238363,Full distribution
7.38551859099804,24 h,Tam-only,0.000890068951188899,0.000280332063923869,0.00148912537430729,Full distribution
7.38551859099804,4 h,Dox-only,0.000370845229481479,-0.000170957074712146,0.000852722754813297,Full distribution
7.38551859099804,4 h,Tam-only,-0.000358175693030727,-0.000779436981690022,0.000101581485098979,Full distribution
7.4187866927593,24 h,Dox-only,0.00097120573273721,0.000225394644703118,0.00163113576765063,Full distribution
7.4187866927593,24 h,Tam-only,0.00094816973473085,0.000323877074754126,0.00156843487899201,Full distribution
7.4187866927593,4 h,Dox-only,0.000300923382092488,-0.000217079740355965,0.000762740034062125,Full distribution
7.4187866927593,4 h,Tam-only,-0.000356053901336379,-0.000759191488215464,0.00013652661427099,Full distribution
7.45205479452055,24 h,Dox-only,0.00102349998016737,0.000291872399421595,0.00164865476961586,Full distribution
7.45205479452055,24 h,Tam-only,0.00100685121285465,0.000407580717280696,0.00166583236522649,Full distribution
7.45205479452055,4 h,Dox-only,0.000228353839788304,-0.00026470897657527,0.000656061237465013,Full distribution
7.45205479452055,4 h,Tam-only,-0.000352548135118091,-0.000728104529946067,0.000135700651907121,Full distribution
7.4853228962818,24 h,Dox-only,0.00107246464363363,0.000385071613258802,0.00171513444758127,Full distribution
7.4853228962818,24 h,Tam-only,0.00106354166696597,0.000443225178624727,0.00169728125831246,Full distribution
7.4853228962818,4 h,Dox-only,0.000155345668834048,-0.000307423492976444,0.000585496370796889,Full distribution
7.4853228962818,4 h,Tam-only,-0.00034622890008431,-0.000703543836808384,0.000106218133926883,Full distribution
7.51859099804305,24 h,Dox-only,0.00111485448651382,0.000429574172988181,0.00178273825101134,Full distribution
7.51859099804305,24 h,Tam-only,0.00111546307749643,0.000481238995555201,0.00176104078415391,Full distribution
7.51859099804305,4 h,Dox-only,8.38526422589289e-05,-0.000360179474571776,0.000548259024034779,Full distribution
7.51859099804305,4 h,Tam-only,-0.000335943113016322,-0.000692554815702499,0.000105811552205615,Full distribution
7.55185909980431,24 h,Dox-only,0.00114671932110771,0.000446995236321208,0.00182551238747438,Full distribution
7.55185909980431,24 h,Tam-only,0.00115846019455775,0.000513590803730984,0.00180587347645808,Full distribution
7.55185909980431,4 h,Dox-only,1.58616809107087e-05,-0.000400235324479029,0.000511497736881713,Full distribution
7.55185909980431,4 h,Tam-only,-0.000320423620412885,-0.00064601432803948,0.000103646874166475,Full distribution
7.58512720156556,24 h,Dox-only,0.00116744960999412,0.000508700229656619,0.00186574282587291,Full distribution
7.58512720156556,24 h,Tam-only,0.00119063577868787,0.000545273807520687,0.00182568076876057,Full distribution
7.58512720156556,4 h,Dox-only,-4.77435452186266e-05,-0.000443550839312267,0.000472274397782678,Full distribution
7.58512720156556,4 h,Tam-only,-0.000300194808266678,-0.000659991162629189,9.31873564557903e-05,Full distribution
7.61839530332681,24 h,Dox-only,0.00117644966726032,0.000510258354209344,0.00183667109919294,Full distribution
7.61839530332681,24 h,Tam-only,0.00120995133761641,0.00057069947299887,0.00182017595257678,Full distribution
7.61839530332681,4 h,Dox-only,-0.000106581927720339,-0.000516410773280038,0.000421305566117895,Full distribution
7.61839530332681,4 h,Tam-only,-0.00027591188127634,-0.000642746292031017,8.21473608411723e-05,Full distribution
7.65166340508806,24 h,Dox-only,0.00117374550263391,0.000532368583391911,0.00180124808989726,Full distribution
7.65166340508806,24 h,Tam-only,0.00121494585109374,0.000575769408220859,0.0018023215138182,Full distribution
7.65166340508806,4 h,Dox-only,-0.000160550698135925,-0.000568947474576087,0.000357281448979708,Full distribution
7.65166340508806,4 h,Tam-only,-0.000248733854127178,-0.000586697448180653,0.000102623167277164,Full distribution
7.68493150684931,24 h,Dox-only,0.00115983149543778,0.000518844042833808,0.00181981279217671,Full distribution
7.68493150684931,24 h,Tam-only,0.00120477847420802,0.000583954062928302,0.00177133477263133,Full distribution
7.68493150684931,4 h,Dox-only,-0.000209746271937568,-0.000613485406604462,0.000274714534051203,Full distribution
7.68493150684931,4 h,Tam-only,-0.000220191080650986,-0.000522079560219163,0.000139439049464385,Full distribution
7.71819960861057,24 h,Dox-only,0.00113549493074691,0.000530542364771251,0.00181361504455379,Full distribution
7.71819960861057,24 h,Tam-only,0.00117923882690026,0.000588137279026372,0.00172274080436185,Full distribution
7.71819960861057,4 h,Dox-only,-0.000254333098861468,-0.000641107011397563,0.00019049879265661,Full distribution
7.71819960861057,4 h,Tam-only,-0.000192034174893553,-0.000466064386910674,0.00016848733566174,Full distribution
7.75146771037182,24 h,Dox-only,0.00110164547040758,0.000475097490838287,0.0017804402927884,Full distribution
7.75146771037182,24 h,Tam-only,0.00113871526706217,0.000569966109913794,0.0016480040741095,Full distribution
7.75146771037182,4 h,Dox-only,-0.000294426114710108,-0.000671777243199457,0.000131030851766063,Full distribution
7.75146771037182,4 h,Tam-only,-0.00016606603088796,-0.000429035047604757,0.000190941424369418,Full distribution
7.78473581213307,24 h,Dox-only,0.00105916895836052,0.000444301355361788,0.00171747608877051,Full distribution
7.78473581213307,24 h,Tam-only,0.00108412998803356,0.000571001532870533,0.00160058464115284,Full distribution
7.78473581213307,4 h,Dox-only,-0.000330000683853299,-0.000703577821680243,7.92254427345863e-05,Full distribution
7.78473581213307,4 h,Tam-only,-0.000143971174606289,-0.000445584020340607,0.000223425312879487,Full distribution
7.81800391389433,24 h,Dox-only,0.00100882254233784,0.000421924833541558,0.00161045792696469,Full distribution
7.81800391389433,24 h,Tam-only,0.001016852021932,0.00051788819341126,0.00151769218882243,Full distribution
7.81800391389433,4 h,Dox-only,-0.000360840204028377,-0.000734114440326222,4.20950664466229e-05,Full distribution
7.81800391389433,4 h,Tam-only,-0.000127156366160465,-0.000439814327545919,0.00024621259480186,Full distribution
7.85127201565558,24 h,Dox-only,0.000950854730451001,0.000376480507889552,0.00148809280241279,Full distribution
7.85127201565558,24 h,Tam-only,0.000938270878524755,0.00045915679386054,0.0014091086024597,Full distribution
7.85127201565558,4 h,Dox-only,-0.000386527267434395,-0.000787467767279344,-2.27340364084125e-06,Full distribution
7.85127201565558,4 h,Tam-only,-0.000116640298948392,-0.000424976748259687,0.000242361244395704,Full distribution
7.88454011741683,24 h,Dox-only,0.000885228862690913,0.000328991786237484,0.00137803342670727,Full distribution
7.88454011741683,24 h,Tam-only,0.000850240049591841,0.000376771118711037,0.00131254205500412,Full distribution
7.88454011741683,4 h,Dox-only,-0.000405640195943937,-0.000798506471973429,-9.93757549737425e-07,Full distribution
7.88454011741683,4 h,Tam-only,-0.000113653025684942,-0.000408301606734166,0.000218441999081617,Full distribution
7.91780821917808,24 h,Dox-only,0.000813522165271655,0.00025203196206331,0.00132827044162239,Full distribution
7.91780821917808,24 h,Tam-only,0.00075606481110819,0.000278119186183596,0.00120460119833074,Full distribution
7.91780821917808,4 h,Dox-only,-0.000418162066825662,-0.000791665000643873,-2.63454098655163e-05,Full distribution
7.91780821917808,4 h,Tam-only,-0.000117086182987633,-0.000437500753901936,0.000199326629243867,Full distribution
7.95107632093933,24 h,Dox-only,0.000735992571771633,0.000178394797568074,0.00129475616370747,Full distribution
7.95107632093933,24 h,Tam-only,0.000658066335460674,0.000205309130461688,0.00109790648082951,Full distribution
7.95107632093933,4 h,Dox-only,-0.000423560050078401,-0.000772348248300372,-5.5045601645916e-05,Full distribution
7.95107632093933,4 h,Tam-only,-0.000126075794899546,-0.000465395556063845,0.00019289933404346,Full distribution
7.98434442270059,24 h,Dox-only,0.000653514925140918,0.000131922930827306,0.00124403709057991,Full distribution
7.98434442270059,24 h,Tam-only,0.000558641119657271,0.00011018786680161,0.00100170073444201,Full distribution
7.98434442270059,4 h,Dox-only,-0.000421481765066479,-0.000768798017162451,-5.08427006153384e-05,Full distribution
7.98434442270059,4 h,Tam-only,-0.000139355779524643,-0.000473532110245597,0.000172796419796421,Full distribution
8.01761252446184,24 h,Dox-only,0.000567411401782465,5.93484929829619e-05,0.00117525599254304,Full distribution
8.01761252446184,24 h,Tam-only,0.000460240205781326,1.75717490431404e-05,0.000901457101957123,Full distribution
8.01761252446184,4 h,Dox-only,-0.000411850186161101,-0.000749476326337404,-2.33116908289438e-05,Full distribution
8.01761252446184,4 h,Tam-only,-0.000155380167092118,-0.000466647692741733,0.000140604802322209,Full distribution
8.05088062622309,24 h,Dox-only,0.00047951832316635,-7.35279635960297e-05,0.00110395255705246,Full distribution
8.05088062622309,24 h,Tam-only,0.000365338896994214,-7.96082238997628e-05,0.00079987718888835,Full distribution
8.05088062622309,4 h,Dox-only,-0.000394908091062148,-0.000719876010500253,1.74649499657363e-05,Full distribution
8.05088062622309,4 h,Tam-only,-0.000172467089370158,-0.000457170165106499,0.000102663474133915,Full distribution
8.08414872798434,24 h,Dox-only,0.000392186132955274,-0.000188874926782336,0.0010285408207806,Full distribution
8.08414872798434,24 h,Tam-only,0.000276388448837642,-0.000174209789659126,0.000699263677187466,Full distribution
8.08414872798434,4 h,Dox-only,-0.000371227508477308,-0.000702948460997153,4.63264952852141e-05,Full distribution
8.08414872798434,4 h,Tam-only,-0.000188947639049865,-0.00046237471420819,7.37584589385049e-05,Full distribution
8.1174168297456,24 h,Dox-only,0.000308205611996176,-0.000270378184946753,0.000948953405735353,Full distribution
8.1174168297456,24 h,Tam-only,0.000195744137492464,-0.000250319981237804,0.000617445629328359,Full distribution
8.1174168297456,4 h,Dox-only,-0.000341683525377646,-0.000668985767831275,7.71114280108352e-05,Full distribution
8.1174168297456,4 h,Tam-only,-0.000203307776530917,-0.000522741997901073,4.86099155808189e-05,Full distribution
8.15068493150685,24 h,Dox-only,0.000230660469852455,-0.000336042232786915,0.000874638428817171,Full distribution
8.15068493150685,24 h,Tam-only,0.000125567630492519,-0.000307732156832122,0.000561343567546922,Full distribution
8.15068493150685,4 h,Dox-only,-0.000307394938877088,-0.000616000878248108,0.000124805250688688,Full distribution
8.15068493150685,4 h,Tam-only,-0.000214312207105665,-0.000575199269174131,2.80632420746152e-05,Full distribution
8.1839530332681,24 h,Dox-only,0.000162934742341103,-0.000396502060394822,0.000797739813364783,Full distribution
8.1839530332681,24 h,Tam-only,6.81342391011478e-05,-0.000389590502859535,0.000529862629635829,Full distribution
8.1839530332681,4 h,Dox-only,-0.000269521881403644,-0.000576249583164887,0.000168654413396918,Full distribution
8.1839530332681,4 h,Tam-only,-0.000220836285338809,-0.000598348573100942,4.42525378492676e-05,Full distribution
8.21722113502935,24 h,Dox-only,0.000109707967189427,-0.00044653304617996,0.00069387394242023,Full distribution
8.21722113502935,24 h,Tam-only,2.58878936983328e-05,-0.000462693464311965,0.000482782009240347,Full distribution
8.21722113502935,4 h,Dox-only,-0.000229595500930913,-0.000543458192959597,0.000185643150445375,Full distribution
8.21722113502935,4 h,Tam-only,-0.000222433141929279,-0.000608756416881347,4.38606759407711e-05,Full distribution
8.25048923679061,24 h,Dox-only,7.18629478475216e-05,-0.000482816751637416,0.00061457742452765,Full distribution
8.25048923679061,24 h,Tam-only,-1.99363675784398e-06,-0.000489187908904084,0.000442397335890735,Full distribution
8.25048923679061,4 h,Dox-only,-0.000189062744131162,-0.000518596589241183,0.000248985374828117,Full distribution
8.25048923679061,4 h,Tam-only,-0.000219618702375786,-0.000588391498988697,3.2265458482718e-05,Full distribution
8.28375733855186,24 h,Dox-only,5.06013273499318e-05,-0.000505558155375398,0.000567587885000694,Full distribution
8.28375733855186,24 h,Tam-only,-1.5818220552413e-05,-0.000493651010748014,0.000408819348154148,Full distribution
8.28375733855186,4 h,Dox-only,-0.0001488717329027,-0.000489023163349022,0.00028943800314044,Full distribution
8.28375733855186,4 h,Tam-only,-0.00021298581009366,-0.000582273063849735,4.36117570655528e-05,Full distribution
8.31702544031311,24 h,Dox-only,4.60987544140413e-05,-0.000528575284952459,0.000534602201401812,Full distribution
8.31702544031311,24 h,Tam-only,-1.66448024817292e-05,-0.000515520238246171,0.000410460095066628,Full distribution
8.31702544031311,4 h,Dox-only,-0.000109705107498944,-0.000448345849092527,0.000321850270737727,Full distribution
8.31702544031311,4 h,Tam-only,-0.000203403537182529,-0.000571338050450079,5.42776557690995e-05,Full distribution
8.35029354207436,24 h,Dox-only,5.74588237724043e-05,-0.000452021207647627,0.000488524348014206,Full distribution
8.35029354207436,24 h,Tam-only,-6.23148580570013e-06,-0.000508610866973494,0.000429462773275342,Full distribution
8.35029354207436,4 h,Dox-only,-7.19689675410737e-05,-0.000415660063998345,0.000342922192784007,Full distribution
8.35029354207436,4 h,Tam-only,-0.000191914613359557,-0.000550512788215792,5.50774901056429e-05,Full distribution
8.38356164383562,24 h,Dox-only,8.27570325969175e-05,-0.00038182950817593,0.000492560058095852,Full distribution
8.38356164383562,24 h,Tam-only,1.30757463459768e-05,-0.000483393512215646,0.000445927742221214,Full distribution
8.38356164383562,4 h,Dox-only,-3.58147487158804e-05,-0.000379331321780645,0.000379426946055433,Full distribution
8.38356164383562,4 h,Tam-only,-0.000179628548270412,-0.000521759092169474,6.29781425127646e-05,Full distribution
8.41682974559687,24 h,Dox-only,0.000119169379777325,-0.000337152546118789,0.000527674395306452,Full distribution
8.41682974559687,24 h,Tam-only,3.85056702092669e-05,-0.000430235151090962,0.000443083882264349,Full distribution
8.41682974559687,4 h,Dox-only,-1.18992774500708e-06,-0.000338874085955608,0.000414160921607506,Full distribution
8.41682974559687,4 h,Tam-only,-0.000167619467778941,-0.000483721856421033,7.2715871005677e-05,Full distribution
8.45009784735812,24 h,Dox-only,0.00016317432617705,-0.000297183054965412,0.000576350997547319,Full distribution
8.45009784735812,24 h,Tam-only,6.70632734277414e-05,-0.000389826074393929,0.000449734572534827,Full distribution
8.45009784735812,4 h,Dox-only,3.2088810349812e-05,-0.000300957698877795,0.000439653192626292,Full distribution
8.45009784735812,4 h,Tam-only,-0.000156836643951481,-0.000448427572811939,7.50604784527426e-05,Full distribution
8.48336594911937,24 h,Dox-only,0.000210811712364661,-0.000233109559640486,0.0006463283102344,Full distribution
8.48336594911937,24 h,Tam-only,9.57536768261842e-05,-0.000353506631570982,0.00047256372639471,Full distribution
8.48336594911937,4 h,Dox-only,6.42481878083681e-05,-0.000256499800005246,0.000451241833669634,Full distribution
8.48336594911937,4 h,Tam-only,-0.000148034342461706,-0.000414758914047386,8.23926323739493e-05,Full distribution
8.51663405088063,24 h,Dox-only,0.000257643517898822,-0.000201777857842523,0.000706557359974805,Full distribution
8.51663405088063,24 h,Tam-only,0.000121468300173568,-0.000326331481116154,0.000486074019171674,Full distribution
8.51663405088063,4 h,Dox-only,9.54036266457396e-05,-0.000221606866548614,0.000452274972536561,Full distribution
8.51663405088063,4 h,Tam-only,-0.0001419037811739,-0.000399821770306977,8.2320034720018e-05,Full distribution
8.54990215264188,24 h,Dox-only,0.000299034305866321,-0.000158460669096325,0.000751273200695536,Full distribution
8.54990215264188,24 h,Tam-only,0.000141563981101421,-0.000274566698152473,0.000488197199121048,Full distribution
8.54990215264188,4 h,Dox-only,0.000125542744496152,-0.00019552495399873,0.000446007776475892,Full distribution
8.54990215264188,4 h,Tam-only,-0.000138678724674639,-0.000389618210525562,6.45140957112921e-05,Full distribution
8.58317025440313,24 h,Dox-only,0.000331957740896055,-0.000126466452502463,0.000780993905614187,Full distribution
8.58317025440313,24 h,Tam-only,0.00015485788784429,-0.000257436250841961,0.000496730597373154,Full distribution
8.58317025440313,4 h,Dox-only,0.000154449796582756,-0.000167495402806826,0.000445617910315893,Full distribution
8.58317025440313,4 h,Tam-only,-0.000138097812116086,-0.000384733880276437,4.64264316382399e-05,Full distribution
8.61643835616438,24 h,Dox-only,0.000354156696530918,-0.000108407337925095,0.000788439421562599,Full distribution
8.61643835616438,24 h,Tam-only,0.00016069617173897,-0.000232800851273374,0.000495162193290469,Full distribution
8.61643835616438,4 h,Dox-only,0.000181614693330967,-0.000123513486132751,0.000474042604691226,Full distribution
8.61643835616438,4 h,Tam-only,-0.000139885728012059,-0.000384053126364445,3.45206471840494e-05,Full distribution
8.64970645792564,24 h,Dox-only,0.000364302853066256,-0.000101639357659297,0.00079194189701599,Full distribution
8.64970645792564,24 h,Tam-only,0.000159109658481555,-0.00023280866040836,0.000494340409307979,Full distribution
8.64970645792564,4 h,Dox-only,0.000206320414107105,-9.69004973988989e-05,0.000479284174014244,Full distribution
8.64970645792564,4 h,Tam-only,-0.000143640496711749,-0.000389549500286314,2.08216460981129e-05,Full distribution
8.68297455968689,24 h,Dox-only,0.000362033351867541,-9.64355216128016e-05,0.000794293909737646,Full distribution
8.68297455968689,24 h,Tam-only,0.000150737034828154,-0.000248873466934672,0.000505357913814062,Full distribution
8.68297455968689,4 h,Dox-only,0.00022769267911879,-7.10734328323485e-05,0.000494138017045088,Full distribution
8.68297455968689,4 h,Tam-only,-0.000148885153146922,-0.000388149019886215,2.57713438662803e-05,Full distribution
8.71624266144814,24 h,Dox-only,0.000347920603018974,-6.47176738677049e-05,0.000777470321656292,Full distribution
8.71624266144814,24 h,Tam-only,0.000136709221679957,-0.000247043895900563,0.000504887019944964,Full distribution
8.71624266144814,4 h,Dox-only,0.000244768609081012,-4.40827823009938e-05,0.000506620721957893,Full distribution
8.71624266144814,4 h,Tam-only,-0.000155114736098764,-0.000383146907120563,2.83365303797657e-05,Full distribution
8.74951076320939,24 h,Dox-only,0.000323381340471277,-8.86112849610473e-05,0.000755395752053362,Full distribution
8.74951076320939,24 h,Tam-only,0.000118508023784289,-0.000239145280922591,0.000477663997163557,Full distribution
8.74951076320939,4 h,Dox-only,0.000256577818200653,-1.66290112586368e-05,0.000525566735557613,Full distribution
8.74951076320939,4 h,Tam-only,-0.000161835410027714,-0.000381301334976881,1.60455532839467e-05,Full distribution
8.78277886497065,24 h,Dox-only,0.000290533412000694,-0.00014208506729906,0.000735955785782443,Full distribution
8.78277886497065,24 h,Tam-only,9.78125788956875e-05,-0.000241256352104036,0.000432637770271245,Full distribution
8.78277886497065,4 h,Dox-only,0.000262228972545397,-8.93817241596297e-06,0.00053053075313631,Full distribution
8.78277886497065,4 h,Tam-only,-0.00016859379710844,-0.000378536259963406,8.79101022582808e-06,Full distribution
8.8160469667319,24 h,Dox-only,0.00025201084653178,-0.000197463893131037,0.000685046441650436,Full distribution
8.8160469667319,24 h,Tam-only,7.63468880483234e-05,-0.000240437628737213,0.000417516127186684,Full distribution
8.8160469667319,4 h,Dox-only,0.000260994750311908,-3.68351976863963e-06,0.000522598550362555,Full distribution
8.8160469667319,4 h,Tam-only,-0.000174995900054105,-0.0003686269146133,2.54975926830224e-05,Full distribution
8.84931506849315,24 h,Dox-only,0.000210942514377741,-0.000240550775278547,0.000624510447618131,Full distribution
8.84931506849315,24 h,Tam-only,5.60205270491074e-05,-0.000236001025491732,0.000411044284258428,Full distribution
8.84931506849315,4 h,Dox-only,0.000251636015624112,-4.9916049651503e-06,0.000512077057560069,Full distribution
8.84931506849315,4 h,Tam-only,-0.000180649214679393,-0.000360707574856968,4.11874230993095e-05,Full distribution
8.8825831702544,24 h,Dox-only,0.000170781376450613,-0.000264212622160014,0.000558168413356865,Full distribution
8.8825831702544,24 h,Tam-only,3.8261934708786e-05,-0.000251678563560707,0.000379234650187309,Full distribution
8.8825831702544,4 h,Dox-only,0.000234589664226655,-1.19755507708984e-05,0.000475189491006228,Full distribution
8.8825831702544,4 h,Tam-only,-0.000185273593205543,-0.000371043176489448,3.6318831050937e-05,Full distribution
8.91585127201565,24 h,Dox-only,0.000134277604833306,-0.000278567972332158,0.000510961024493934,Full distribution
8.91585127201565,24 h,Tam-only,2.40340938219732e-05,-0.000256847205046057,0.000356488476893282,Full distribution
8.91585127201565,4 h,Dox-only,0.000210413493963881,-1.92186833634719e-05,0.000413019464766786,Full distribution
8.91585127201565,4 h,Tam-only,-0.000188752560070087,-0.000382315734402736,2.62040827545168e-05,Full distribution
8.94911937377691,24 h,Dox-only,0.000103556574211299,-0.000282150278712027,0.000468467696513566,Full distribution
8.94911937377691,24 h,Tam-only,1.39582956673358e-05,-0.000254200949698358,0.000342806835576521,Full distribution
8.94911937377691,4 h,Dox-only,0.00017979547033198,-4.74845734656593e-05,0.000380615008366748,Full distribution
8.94911937377691,4 h,Tam-only,-0.000190988431733834,-0.000386578472737745,2.52987816570015e-05,Full distribution
8.98238747553816,24 h,Dox-only,8.01440294897963e-05,-0.000286451812621863,0.000435132506248656,Full distribution
8.98238747553816,24 h,Tam-only,8.33647636509782e-06,-0.000276755959777017,0.000326982678667777,Full distribution
8.98238747553816,4 h,Dox-only,0.00014374100359362,-0.000100907765144871,0.000344710059758065,Full distribution
8.98238747553816,4 h,Tam-only,-0.000191942307470465,-0.000383671734674818,4.53893988116792e-05,Full distribution
9.01565557729941,24 h,Dox-only,6.48974282853013e-05,-0.000276674167148677,0.000405885159471483,Full distribution
9.01565557729941,24 h,Tam-only,7.18611641367314e-06,-0.000274009546297888,0.000308094293205926,Full distribution
9.01565557729941,4 h,Dox-only,0.000103528011763173,-0.000145913094775434,0.000302679475714482,Full distribution
9.01565557729941,4 h,Tam-only,-0.000191633398746634,-0.000391442052289516,5.13430644372049e-05,Full distribution
9.04892367906066,24 h,Dox-only,5.79899179778652e-05,-0.000238388804751313,0.00038807680707806,Full distribution
9.04892367906066,24 h,Tam-only,1.02899184102677e-05,-0.000262889016226738,0.000293425869203543,Full distribution
9.04892367906066,4 h,Dox-only,6.06476866639948e-05,-0.000185296125555047,0.000248474866198076,Full distribution
9.04892367906066,4 h,Tam-only,-0.000190138275950413,-0.000385370899588476,4.5211093608989e-05,Full distribution
9.08219178082192,24 h,Dox-only,5.89460945358863e-05,-0.000241245695411052,0.000372954602152122,Full distribution
9.08219178082192,24 h,Tam-only,1.72545718056531e-05,-0.000247538894965607,0.000289977757703,Full distribution
9.08219178082192,4 h,Dox-only,1.67342945138409e-05,-0.000232054870732025,0.00019791886587105,Full distribution
9.08219178082192,4 h,Tam-only,-0.000187588717920372,-0.000392499541568207,3.50654681739959e-05,Full distribution
9.11545988258317,24 h,Dox-only,6.67258448668225e-05,-0.000237757740035132,0.000371759776649219,Full distribution
9.11545988258317,24 h,Tam-only,2.75730763879449e-05,-0.000258636974081337,0.000298019200114191,Full distribution
9.11545988258317,4 h,Dox-only,-2.65124618392056e-05,-0.000282215285302486,0.000168134342199813,Full distribution
9.11545988258317,4 h,Tam-only,-0.000184166789025689,-0.000405560687060553,4.7098514580639e-05,Full distribution
9.14872798434442,24 h,Dox-only,7.99551233080899e-05,-0.000213759123160072,0.000387235916852931,Full distribution
9.14872798434442,24 h,Tam-only,4.06854314177595e-05,-0.000242841165266006,0.00029952513293343,Full distribution
9.14872798434442,4 h,Dox-only,-6.74061623922614e-05,-0.000323396735130763,0.000130715178213918,Full distribution
9.14872798434442,4 h,Tam-only,-0.000180115075935975,-0.000410251644644449,3.50485041599014e-05,Full distribution
9.18199608610568,24 h,Dox-only,9.68320366565873e-05,-0.000183484921765548,0.000412278174339552,Full distribution
9.18199608610568,24 h,Tam-only,5.62776981178027e-05,-0.000206234867842922,0.000297979303952978,Full distribution
9.18199608610568,4 h,Dox-only,-0.000103624009950609,-0.000361933651989261,9.21975210020021e-05,Full distribution
9.18199608610568,4 h,Tam-only,-0.00017562987793175,-0.000407882241884237,2.81847719188712e-05,Full distribution
9.21526418786693,24 h,Dox-only,0.000114939107684247,-0.000161296251735688,0.000450642934277562,Full distribution
9.21526418786693,24 h,Tam-only,7.34624148770223e-05,-0.000188405601773577,0.000319373467568394,Full distribution
9.21526418786693,4 h,Dox-only,-0.000134202316736459,-0.000392293074396332,6.89196559726965e-05,Full distribution
9.21526418786693,4 h,Tam-only,-0.000171059658088321,-0.000399295038267916,3.25229036997485e-05,Full distribution
9.24853228962818,24 h,Dox-only,0.000132670076585308,-0.000130744252108291,0.00048333891983895,Full distribution
9.24853228962818,24 h,Tam-only,9.1859175564043e-05,-0.000149916435062519,0.00034750227409353,Full distribution
9.24853228962818,4 h,Dox-only,-0.000158149823354544,-0.000412334227321263,4.72074007378377e-05,Full distribution
9.24853228962818,4 h,Tam-only,-0.00016662269730225,-0.000386164791230308,4.04691077276488e-05,Full distribution
9.28180039138943,24 h,Dox-only,0.000148716851087314,-0.000102463570106182,0.000498771874014418,Full distribution
9.28180039138943,24 h,Tam-only,0.000111153963059144,-0.000112269421968522,0.000383429639126717,Full distribution
9.28180039138943,4 h,Dox-only,-0.000174801969683373,-0.0004290846742837,2.66987088549635e-05,Full distribution
9.28180039138943,4 h,Tam-only,-0.000162466941206783,-0.00037888189153994,4.75348501546213e-05,Full distribution
9.31506849315068,24 h,Dox-only,0.000162170337221099,-0.000100156545964845,0.000487080425973305,Full distribution
9.31506849315068,24 h,Tam-only,0.000131105622015693,-9.64904560247421e-05,0.000414855039047276,Full distribution
9.31506849315068,4 h,Dox-only,-0.000183844098149594,-0.000420543633067457,1.24169320387095e-05,Full distribution
9.31506849315068,4 h,Tam-only,-0.000158656581958972,-0.000367774935065393,4.7484956956677e-05,Full distribution
9.34833659491194,24 h,Dox-only,0.000172560912527566,-7.70698222602539e-05,0.000472791405346745,Full distribution
9.34833659491194,24 h,Tam-only,0.000151526975646173,-7.56390203375383e-05,0.000438256055684926,Full distribution
9.34833659491194,4 h,Dox-only,-0.000185317264722863,-0.000428010055536343,-2.39473409121739e-07,Full distribution
9.34833659491194,4 h,Tam-only,-0.000155158490039768,-0.000350864188040919,6.1217733656869e-05,Full distribution
9.38160469667319,24 h,Dox-only,0.000179854813380067,-7.13991598954154e-05,0.000486314741258243,Full distribution
9.38160469667319,24 h,Tam-only,0.000172259968553941,-6.06309885681483e-05,0.000456464654366829,Full distribution
9.38160469667319,4 h,Dox-only,-0.000179606501270663,-0.00043144195546767,-1.29334413858112e-06,Full distribution
9.38160469667319,4 h,Tam-only,-0.000151838050672851,-0.000324082489818207,5.38079808172398e-05,Full distribution
9.41487279843444,24 h,Dox-only,0.000184409056313815,-8.36319995866964e-05,0.000491913785504799,Full distribution
9.41487279843444,24 h,Tam-only,0.000193147780011216,-4.60531997906286e-05,0.000464158881999811,Full distribution
9.41487279843444,4 h,Dox-only,-0.000167412045942371,-0.000403972986732119,-2.37853144068843e-06,Full distribution
9.41487279843444,4 h,Tam-only,-0.000148465976635504,-0.00030152325308011,4.2029303585652e-05,Full distribution
9.44814090019569,24 h,Dox-only,0.000186890428277427,-0.000115494350990935,0.000474858701259006,Full distribution
9.44814090019569,24 h,Tam-only,0.000214006993627887,-2.41975100879574e-05,0.000473199147944716,Full distribution
9.44814090019569,4 h,Dox-only,-0.000149704742550569,-0.000371586408543704,-4.84761459271804e-07,Full distribution
9.44814090019569,4 h,Tam-only,-0.000144736913450376,-0.000297119996338859,3.86079716944308e-05,Full distribution
9.48140900195695,24 h,Dox-only,0.000188388727951292,-0.000154338966446006,0.000450463355225825,Full distribution
9.48140900195695,24 h,Tam-only,0.000234678014900003,5.99225804556569e-06,0.000492254422953945,Full distribution
9.48140900195695,4 h,Dox-only,-0.000127576161896922,-0.000358138230417922,1.68140327682221e-05,Full distribution
9.48140900195695,4 h,Tam-only,-0.000140295116652068,-0.000293139704785235,3.66125195973286e-05,Full distribution
9.5146771037182,24 h,Dox-only,0.000189518389698547,-0.000175901479237352,0.00044577133666278,Full distribution
9.5146771037182,24 h,Tam-only,0.000254522838506764,1.86720035515382e-05,0.000507677203698648,Full distribution
9.5146771037182,4 h,Dox-only,-0.000102455599388242,-0.000342565623984089,5.23988792270939e-05,Full distribution
9.5146771037182,4 h,Tam-only,-0.000134628600608756,-0.000290538771637519,3.01768767940249e-05,Full distribution
9.54794520547945,24 h,Dox-only,0.000191422882335737,-0.000190505007425513,0.000448590976697975,Full distribution
9.54794520547945,24 h,Tam-only,0.000273270495725435,3.34170602737352e-05,0.000531081523862305,Full distribution
9.54794520547945,4 h,Dox-only,-7.61027286678808e-05,-0.000309252369774807,8.07066526795248e-05,Full distribution
9.54794520547945,4 h,Tam-only,-0.000127557374891385,-0.000299350281483151,2.79902710874146e-05,Full distribution
9.5812133072407,24 h,Dox-only,0.000194683718241519,-0.000183453110510995,0.000447067248926809,Full distribution
9.5812133072407,24 h,Tam-only,0.000290447196325845,3.34790435738247e-05,0.000552566985637704,Full distribution
9.5812133072407,4 h,Dox-only,-4.98133632000689e-05,-0.000269633682459561,0.000108309006539524,Full distribution
9.5812133072407,4 h,Tam-only,-0.000118953114816866,-0.000297617559228544,4.32301907049092e-05,Full distribution
9.61448140900196,24 h,Dox-only,0.000199613544734355,-0.000192692029075058,0.000451429665438345,Full distribution
9.61448140900196,24 h,Tam-only,0.000305541576906412,3.46467423447792e-05,0.000569791219843798,Full distribution
9.61448140900196,4 h,Dox-only,-2.47483029387906e-05,-0.000242225304097831,0.000133469169516916,Full distribution
9.61448140900196,4 h,Tam-only,-0.000108851781506088,-0.000288604734378747,5.68745529239385e-05,Full distribution
9.64774951076321,24 h,Dox-only,0.000206242186909806,-0.000198658057092264,0.000466522915460077,Full distribution
9.64774951076321,24 h,Tam-only,0.000318035698864793,4.80983810534022e-05,0.000571560222050618,Full distribution
9.64774951076321,4 h,Dox-only,-1.88399047058039e-06,-0.00022145152411299,0.000151724965490166,Full distribution
9.64774951076321,4 h,Tam-only,-9.74723381419636e-05,-0.000273244924450422,8.52258518963119e-05,Full distribution
9.68101761252446,24 h,Dox-only,0.0002143362513212,-0.000192934087742995,0.000477481208943069,Full distribution
9.68101761252446,24 h,Tam-only,0.000327440688002276,7.47726357382974e-05,0.000569590522441056,Full distribution
9.68101761252446,4 h,Dox-only,1.80210638823489e-05,-0.000203178021377237,0.000165632013302904,Full distribution
9.68101761252446,4 h,Tam-only,-8.52167060272407e-05,-0.000252757403071457,0.000103809547822344,Full distribution
9.71428571428571,24 h,Dox-only,0.000223447526018067,-0.000176245247587014,0.000478659846621065,Full distribution
9.71428571428571,24 h,Tam-only,0.000333333691304013,0.000104871805587278,0.000559851776104123,Full distribution
9.71428571428571,4 h,Dox-only,3.44429251376616e-05,-0.000189848943313973,0.000178409749839024,Full distribution
9.71428571428571,4 h,Tam-only,-7.26497700071235e-05,-0.000228552422560169,0.000115924593838365,Full distribution
9.74755381604697,24 h,Dox-only,0.000232983209427734,-0.000149936515655734,0.000483300324064313,Full distribution
9.74755381604697,24 h,Tam-only,0.000335392619116184,0.000137225796041822,0.000534283406477558,Full distribution
9.74755381604697,4 h,Dox-only,4.70918470639409e-05,-0.000178220857910869,0.000202588917250454,Full distribution
9.74755381604697,4 h,Tam-only,-6.04599344294647e-05,-0.000198732755404708,0.000124030767569986,Full distribution
9.78082191780822,24 h,Dox-only,0.000242289256430754,-0.000126289578766873,0.000484668549199181,Full distribution
9.78082191780822,24 h,Tam-only,0.000333425157686415,0.000146106325035168,0.000519772947743324,Full distribution
9.78082191780822,4 h,Dox-only,5.58958337937442e-05,-0.000169829115287909,0.000217531133815173,Full distribution
9.78082191780822,4 h,Tam-only,-4.94024414377395e-05,-0.000189500731915933,0.000140894309928779,Full distribution
9.81409001956947,24 h,Dox-only,0.000250713598822125,-0.0001000424039623,0.000489839331430534,Full distribution
9.81409001956947,24 h,Tam-only,0.000327197532838581,0.000154167506574353,0.00052164408903232,Full distribution
9.81409001956947,4 h,Dox-only,6.06338817102973e-05,-0.000164734155448735,0.000222650369543014,Full distribution
9.81409001956947,4 h,Tam-only,-4.05506425099054e-05,-0.000187368065797336,0.000158155940352719,Full distribution
9.84735812133072,24 h,Dox-only,0.000257575218931666,-6.58077555556186e-05,0.000496272259501139,Full distribution
9.84735812133072,24 h,Tam-only,0.000316802547919331,0.000140555193716374,0.000520752315235004,Full distribution
9.84735812133072,4 h,Dox-only,6.18930675505339e-05,-0.000162731432716668,0.000218653188781492,Full distribution
9.84735812133072,4 h,Tam-only,-3.43554678069583e-05,-0.000189198908742665,0.000167674476001708,Full distribution
9.88062622309198,24 h,Dox-only,0.00026271071433595,-2.99276102378946e-05,0.000495057798604509,Full distribution
9.88062622309198,24 h,Tam-only,0.000302862580110288,0.000116103618752467,0.000499763103003085,Full distribution
9.88062622309198,4 h,Dox-only,6.01697912524768e-05,-0.000163154268367008,0.000205054014310786,Full distribution
9.88062622309198,4 h,Tam-only,-3.12470846460184e-05,-0.000188419186037825,0.000152268741794478,Full distribution
9.91389432485323,24 h,Dox-only,0.000266055245940674,6.39480139903899e-06,0.000478834588483541,Full distribution
9.91389432485323,24 h,Tam-only,0.000285813922031597,9.65257919633023e-05,0.00048243148559283,Full distribution
9.91389432485323,4 h,Dox-only,5.58640150848571e-05,-0.000157386666478603,0.000200469898614737,Full distribution
9.91389432485323,4 h,Tam-only,-3.13790921697363e-05,-0.000181091922155939,0.000139335926235051,Full distribution
9.94716242661448,24 h,Dox-only,0.000267729935263708,2.97822895805416e-05,0.000473100198335408,Full distribution
9.94716242661448,24 h,Tam-only,0.000266171118925909,7.66516452813409e-05,0.000462912442790898,Full distribution
9.94716242661448,4 h,Dox-only,4.93679639335953e-05,-0.000147877103642127,0.000190826147211719,Full distribution
9.94716242661448,4 h,Tam-only,-3.46462594855558e-05,-0.000174488870373609,0.000123078853484503,Full distribution
9.98043052837573,24 h,Dox-only,0.000268012532910526,4.95116066574964e-05,0.000469741655375689,Full distribution
9.98043052837573,24 h,Tam-only,0.000244493574944704,5.72155320778151e-05,0.000433043004175374,Full distribution
9.98043052837573,4 h,Dox-only,4.10465444703181e-05,-0.000144683591854518,0.000187177168142537,Full distribution
9.98043052837573,4 h,Tam-only,-4.06954074768158e-05,-0.000177638208294579,0.000100257145397371,Full distribution
10.013698630137,24 h,Dox-only,0.000267297052153093,5.39202546047237e-05,0.000466975516674199,Full distribution
10.013698630137,24 h,Tam-only,0.000221354279226243,3.42866279167714e-05,0.000398203091152216,Full distribution
10.013698630137,4 h,Dox-only,3.12285497871948e-05,-0.000146555799607766,0.000178179724939325,Full distribution
10.013698630137,4 h,Tam-only,-4.89606615916155e-05,-0.000186505348790573,7.74571546528468e-05,Full distribution
10.0469667318982,24 h,Dox-only,0.000266048164717586,5.69951537724921e-05,0.000467891076885409,Full distribution
10.0469667318982,24 h,Tam-only,0.000197313202892752,4.24569765681025e-06,0.000377150827702679,Full distribution
10.0469667318982,4 h,Dox-only,2.02077190649928e-05,-0.000149204628657958,0.0001760131583074,Full distribution
10.0469667318982,4 h,Tam-only,-5.87192998081239e-05,-0.000195738100839741,6.63517350361619e-05,Full distribution
10.0802348336595,24 h,Dox-only,0.000264755729876193,7.1664398477637e-05,0.000476988954776259,Full distribution
10.0802348336595,24 h,Tam-only,0.000172897061358452,-2.0265224487202e-05,0.000363024415319234,Full distribution
10.0802348336595,4 h,Dox-only,8.25190317537273e-06,-0.000161879108625074,0.000181818983782469,Full distribution
10.0802348336595,4 h,Tam-only,-6.91627683557319e-05,-0.000200246794016538,4.94246585235628e-05,Full distribution
10.1135029354207,24 h,Dox-only,0.000264006280144603,8.7725604343459e-05,0.000473977677108059,Full distribution
10.1135029354207,24 h,Tam-only,0.000148586175589221,-3.85311397229334e-05,0.00034098982389389,Full distribution
10.1135029354207,4 h,Dox-only,-4.38210988668638e-06,-0.000181668024921318,0.000178555789707116,Full distribution
10.1135029354207,4 h,Tam-only,-7.94760619907955e-05,-0.00023068057949381,4.1847762011096e-05,Full distribution
10.146771037182,24 h,Dox-only,0.000264391384766029,0.000101716472666133,0.000484914343777071,Full distribution
10.146771037182,24 h,Tam-only,0.000125027618985788,-4.99343275651188e-05,0.000313014869295274,Full distribution
10.146771037182,4 h,Dox-only,-1.74734014814868e-05,-0.000194359678525978,0.000176845404398061,Full distribution
10.146771037182,4 h,Tam-only,-8.88559113990848e-05,-0.000247814333325052,4.89720965907158e-05,Full distribution
10.1800391389432,24 h,Dox-only,0.000265831070266741,8.25896728789963e-05,0.000498785199835486,Full distribution
10.1800391389432,24 h,Tam-only,0.000102358018142376,-5.60748416217403e-05,0.0002839206517648,Full distribution
10.1800391389432,4 h,Dox-only,-3.05631260965947e-05,-0.000197851777701495,0.000173314270749024,Full distribution
10.1800391389432,4 h,Tam-only,-9.65578181859287e-05,-0.000255719342205705,4.81825241804494e-05,Full distribution
10.2133072407045,24 h,Dox-only,0.000268764226441169,7.3689834064479e-05,0.000506522022345665,Full distribution
10.2133072407045,24 h,Tam-only,8.09824965372998e-05,-7.29570449565678e-05,0.00025794683582792,Full distribution
10.2133072407045,4 h,Dox-only,-4.33416285703413e-05,-0.000213887513866848,0.00016395286954543,Full distribution
10.2133072407045,4 h,Tam-only,-0.000102414409134123,-0.000259676031845764,5.22719555772733e-05,Full distribution
10.2465753424658,24 h,Dox-only,0.00027330378428588,5.65880558033786e-05,0.000511840949652057,Full distribution
10.2465753424658,24 h,Tam-only,6.11405166004277e-05,-0.000100084910439203,0.000235941659166758,Full distribution
10.2465753424658,4 h,Dox-only,-5.5429597302867e-05,-0.000235371612077336,0.000149417189845075,Full distribution
10.2465753424658,4 h,Tam-only,-0.000106359761985849,-0.000256416525394985,5.82202155296191e-05,Full distribution
10.279843444227,24 h,Dox-only,0.000279453079412089,5.60786995529475e-05,0.000504638343905457,Full distribution
10.279843444227,24 h,Tam-only,4.30122241703954e-05,-0.000116339189102942,0.000216593601371787,Full distribution
10.279843444227,4 h,Dox-only,-6.64190373867097e-05,-0.000257451651249957,0.000129608448189161,Full distribution
10.279843444227,4 h,Tam-only,-0.000108524750450938,-0.000253550531073831,6.09629474728596e-05,Full distribution
10.3131115459883,24 h,Dox-only,0.000287100857013843,5.94191302595692e-05,0.000479669441675175,Full distribution
10.3131115459883,24 h,Tam-only,2.67132185095783e-05,-0.000140935789524903,0.000189130646488854,Full distribution
10.3131115459883,4 h,Dox-only,-7.58863789355547e-05,-0.000267743512685004,0.000106421007753863,Full distribution
10.3131115459883,4 h,Tam-only,-0.000109197958609116,-0.000273602088124925,5.98492449222362e-05,Full distribution
10.3463796477495,24 h,Dox-only,0.000296018201086047,5.80348674793283e-05,0.000485825095347158,Full distribution
10.3463796477495,24 h,Tam-only,1.22899145802398e-05,-0.000156539725037828,0.000156628573163169,Full distribution
10.3463796477495,4 h,Dox-only,-8.34088102388763e-05,-0.000271003484889029,8.55129898869132e-05,Full distribution
10.3463796477495,4 h,Tam-only,-0.000108773983943723,-0.000287181595156246,5.22009949275181e-05,Full distribution
10.3796477495108,24 h,Dox-only,0.000305858803634733,6.01117287010142e-05,0.000527893186472612,Full distribution
10.3796477495108,24 h,Tam-only,-2.82487049820717e-07,-0.000169368214608643,0.000130252388638495,Full distribution
10.3796477495108,4 h,Dox-only,-8.85821893926585e-05,-0.000268541617454473,7.55483185318434e-05,Full distribution
10.3796477495108,4 h,Tam-only,-0.000107695112372798,-0.000294574566243106,4.46456409099209e-05,Full distribution
10.412915851272,24 h,Dox-only,0.000316164396200887,6.89520497680814e-05,0.000543666713559231,Full distribution
10.412915851272,24 h,Tam-only,-1.10974163531731e-05,-0.000180448421031647,0.000110151636013889,Full distribution
10.412915851272,4 h,Dox-only,-9.10389836820276e-05,-0.000278281127963715,7.76121918417982e-05,Full distribution
10.412915851272,4 h,Tam-only,-0.000106392497403276,-0.000296014541335005,4.11283200845122e-05,Full distribution
10.4461839530333,24 h,Dox-only,0.000326589448906861,8.49785173151479e-05,0.000547316261963659,Full distribution
10.4461839530333,24 h,Tam-only,-2.030795823459e-05,-0.000187378618805435,0.000115367562457914,Full distribution
10.4461839530333,4 h,Dox-only,-9.04739414332519e-05,-0.000296055794339174,7.72680670016576e-05,Full distribution
10.4461839530333,4 h,Tam-only,-0.00010530114840994,-0.000291659261312672,4.75124968823099e-05,Full distribution
10.4794520547945,24 h,Dox-only,0.00033600978071571,0.000100943106832937,0.000560642596010566,Full distribution
10.4794520547945,24 h,Tam-only,-2.77586990534843e-05,-0.000190692334777868,0.00010949800286905,Full distribution
10.4794520547945,4 h,Dox-only,-8.61649269431038e-05,-0.000305512185127828,8.22358046499435e-05,Full distribution
10.4794520547945,4 h,Tam-only,-0.000104607230170656,-0.000270144250296616,5.1960655577968e-05,Full distribution
10.5127201565558,24 h,Dox-only,0.000343601592532807,0.000114472036647282,0.000571239386473969,Full distribution
10.5127201565558,24 h,Tam-only,-3.42795038541486e-05,-0.000194923858528483,0.000110309298431665,Full distribution
10.5127201565558,4 h,Dox-only,-7.84003833105623e-05,-0.000302394109472333,0.000103509603425761,Full distribution
10.5127201565558,4 h,Tam-only,-0.000104395665522879,-0.000265831868609309,4.01057068585092e-05,Full distribution
10.545988258317,24 h,Dox-only,0.000348927151168301,0.000105651385648735,0.000574597144150655,Full distribution
10.545988258317,24 h,Tam-only,-3.98412907250015e-05,-0.000206324484604209,0.000109794696357899,Full distribution
10.545988258317,4 h,Dox-only,-6.71553534585859e-05,-0.00028115418580417,0.000121508235073793,Full distribution
10.545988258317,4 h,Tam-only,-0.000104607595428794,-0.000263187141278129,2.90962153135393e-05,Full distribution
10.5792563600783,24 h,Dox-only,0.000351437642504222,0.000110372797308438,0.00058360904032041,Full distribution
10.5792563600783,24 h,Tam-only,-4.45454034246377e-05,-0.000220501250174013,0.000107027854082698,Full distribution
10.5792563600783,4 h,Dox-only,-5.25061789122747e-05,-0.000260493214473442,0.000135963256907222,Full distribution
10.5792563600783,4 h,Tam-only,-0.000105059124778461,-0.00024926015914488,2.64111305442356e-05,Full distribution
10.6125244618395,24 h,Dox-only,0.000350712931512194,0.000104477340213884,0.000584414939990546,Full distribution
10.6125244618395,24 h,Tam-only,-4.84028819192233e-05,-0.000229874084391143,0.000101701397870001,Full distribution
10.6125244618395,4 h,Dox-only,-3.46356317869293e-05,-0.000237587690173063,0.000156480901353043,Full distribution
10.6125244618395,4 h,Tam-only,-0.000105488338259913,-0.000231610748243189,1.80284506715845e-05,Full distribution
10.6457925636008,24 h,Dox-only,0.000346490061050821,9.23805645729549e-05,0.000579417900807218,Full distribution
10.6457925636008,24 h,Tam-only,-5.13243453431971e-05,-0.00024842996193334,9.80730643040886e-05,Full distribution
10.6457925636008,4 h,Dox-only,-1.38368675500042e-05,-0.000228487843142982,0.000194180961762317,Full distribution
10.6457925636008,4 h,Tam-only,-0.000105590717079485,-0.000220246662619883,1.47438112017408e-05,Full distribution
10.679060665362,24 h,Dox-only,0.000338676631380056,8.13861021593451e-05,0.000581462218398189,Full distribution
10.679060665362,24 h,Tam-only,-5.31230046336537e-05,-0.000248307186151681,9.41932134104294e-05,Full distribution
10.679060665362,4 h,Dox-only,9.48436215804762e-06,-0.000216008530221903,0.000231326108605459,Full distribution
10.679060665362,4 h,Tam-only,-0.000105055662689607,-0.000225840730240428,2.19569116550195e-05,Full distribution
10.7123287671233,24 h,Dox-only,0.000327347135957714,5.50221281547109e-05,0.000577080708522625,Full distribution
10.7123287671233,24 h,Tam-only,-5.35313540075411e-05,-0.000238716403889166,8.86757726753194e-05,Full distribution
10.7123287671233,4 h,Dox-only,3.48100317718895e-05,-0.000193464569562605,0.000258480927453672,Full distribution
10.7123287671233,4 h,Tam-only,-0.000103600968613338,-0.000217196856602078,2.58644975985836e-05,Full distribution
10.7455968688845,24 h,Dox-only,0.000312721895808653,2.92621392159184e-05,0.000557671952558289,Full distribution
10.7455968688845,24 h,Tam-only,-5.22307763931701e-05,-0.000228878207981312,8.37303722845221e-05,Full distribution
10.7455968688845,4 h,Dox-only,6.15136688154889e-05,-0.000177299172376165,0.000288375679806138,Full distribution
10.7455968688845,4 h,Tam-only,-0.000101002500393994,-0.000212517805885831,2.65967145270909e-05,Full distribution
10.7788649706458,24 h,Dox-only,0.000294413786140396,-6.94319473067752e-06,0.000529845726134534,Full distribution
10.7788649706458,24 h,Tam-only,-4.89262110914819e-05,-0.000219940244300577,8.82224603530173e-05,Full distribution
10.7788649706458,4 h,Dox-only,8.89359519821902e-05,-0.000158916636924449,0.000322221047244809,Full distribution
10.7788649706458,4 h,Tam-only,-9.69375010584368e-05,-0.000207898275189169,3.19288583754687e-05,Full distribution
10.812133072407,24 h,Dox-only,0.000273738557999842,-2.24302188638568e-05,0.000494801411381706,Full distribution
10.812133072407,24 h,Tam-only,-4.31052765400887e-05,-0.000211727560409108,9.23054227132054e-05,Full distribution
10.812133072407,4 h,Dox-only,0.000115914474830814,-0.000133962685658735,0.00035129613111225,Full distribution
10.812133072407,4 h,Tam-only,-9.15478813088588e-05,-0.00019988737543496,3.90310522514941e-05,Full distribution
10.8454011741683,24 h,Dox-only,0.000251096420323496,-3.42297457206103e-05,0.000476233612450216,Full distribution
10.8454011741683,24 h,Tam-only,-3.46417897826867e-05,-0.000201769227499131,9.62983704187509e-05,Full distribution
10.8454011741683,4 h,Dox-only,0.000141582551251657,-9.76784898627727e-05,0.000378230106801547,Full distribution
10.8454011741683,4 h,Tam-only,-8.49337174828968e-05,-0.000185510606674203,4.70441629321823e-05,Full distribution
10.8786692759295,24 h,Dox-only,0.00022667421071101,-5.51098171917855e-05,0.000459197827956585,Full distribution
10.8786692759295,24 h,Tam-only,-2.36566334389792e-05,-0.000188209328867345,0.000111751251129542,Full distribution
10.8786692759295,4 h,Dox-only,0.000165044542244734,-6.13075522290704e-05,0.000413797528685251,Full distribution
10.8786692759295,4 h,Tam-only,-7.72633178738867e-05,-0.000177162158243913,4.71080777064703e-05,Full distribution
10.9119373776908,24 h,Dox-only,0.00020065658049807,-8.91790289558353e-05,0.000432164615896593,Full distribution
10.9119373776908,24 h,Tam-only,-1.0346756399055e-05,-0.0001595656917207,0.00012854161272762,Full distribution
10.9119373776908,4 h,Dox-only,0.00018543244486716,-3.34349998245084e-05,0.000426865993614441,Full distribution
10.9119373776908,4 h,Tam-only,-6.87601723582323e-05,-0.000169975015484298,5.36085929424285e-05,Full distribution
10.9452054794521,24 h,Dox-only,0.000173121907566248,-0.000128301354630102,0.000417962549792692,Full distribution
10.9452054794521,24 h,Tam-only,4.91014691641665e-06,-0.000130613479907491,0.000148326533277559,Full distribution
10.9452054794521,4 h,Dox-only,0.000201942256532224,8.09854916875233e-06,0.000427038349179076,Full distribution
10.9452054794521,4 h,Tam-only,-5.96781485430735e-05,-0.000155956690529416,5.22545796662759e-05,Full distribution
10.9784735812133,24 h,Dox-only,0.000144060081975491,-0.000160260987956614,0.000379627348886393,Full distribution
10.9784735812133,24 h,Tam-only,2.1569206927608e-05,-0.000101122199437579,0.000165097675616684,Full distribution
10.9784735812133,4 h,Dox-only,0.000213869336063077,2.52002893151572e-05,0.000419887591172185,Full distribution
10.9784735812133,4 h,Tam-only,-5.02752478956522e-05,-0.000144586531319911,6.08767979803025e-05,Full distribution
11.0117416829746,24 h,Dox-only,0.000113407019192076,-0.000179485654254542,0.00035577659092083,Full distribution
11.0117416829746,24 h,Tam-only,3.89462103396645e-05,-7.79870965319805e-05,0.00017172223459873,Full distribution
11.0117416829746,4 h,Dox-only,0.00022064108958533,5.26656939106764e-05,0.000413411126935277,Full distribution
11.0117416829746,4 h,Tam-only,-4.07883277803445e-05,-0.000140163142518191,6.13498361972614e-05,Full distribution
11.0450097847358,24 h,Dox-only,8.1091222477424e-05,-0.000184561351911364,0.000327791296145296,Full distribution
11.0450097847358,24 h,Tam-only,5.62569326174587e-05,-6.60330966987742e-05,0.000176711376028172,Full distribution
11.0450097847358,4 h,Dox-only,0.000221845499483982,5.61521597796363e-05,0.000410205340851051,Full distribution
11.0450097847358,4 h,Tam-only,-3.14112061754234e-05,-0.000137493841060682,7.24406693971969e-05,Full distribution
11.0782778864971,24 h,Dox-only,4.68878077433948e-05,-0.000215252327717775,0.000269606378802413,Full distribution
11.0782778864971,24 h,Tam-only,7.2664561869292e-05,-5.94878880491874e-05,0.000198558731249956,Full distribution
11.0782778864971,4 h,Dox-only,0.000217254248736116,4.60067302496996e-05,0.000416281788112483,Full distribution
11.0782778864971,4 h,Tam-only,-2.22784613014093e-05,-0.000133001643004962,8.65085639037105e-05,Full distribution
11.1115459882583,24 h,Dox-only,1.06394244096871e-05,-0.000236053519946466,0.000230593425726331,Full distribution
11.1115459882583,24 h,Tam-only,8.69155491671023e-05,-4.84487673366179e-05,0.000224071779124269,Full distribution
11.1115459882583,4 h,Dox-only,0.000206503849283221,3.46411654479053e-05,0.000410605567263986,Full distribution
11.1115459882583,4 h,Tam-only,-1.32708343344601e-05,-0.000120250759279325,9.50872318822357e-05,Full distribution
11.1448140900196,24 h,Dox-only,-2.63607280579174e-05,-0.000260136681735548,0.000183576101292793,Full distribution
11.1448140900196,24 h,Tam-only,9.85746078303402e-05,-3.79741401399197e-05,0.000239531802630107,Full distribution
11.1448140900196,4 h,Dox-only,0.000189861687233882,9.08909224715131e-06,0.000393677420204928,Full distribution
11.1448140900196,4 h,Tam-only,-4.7649544975849e-06,-0.000101271237024581,9.53787591522199e-05,Full distribution
11.1780821917808,24 h,Dox-only,-6.41661963608152e-05,-0.00029167612364775,0.000139659110844478,Full distribution
11.1780821917808,24 h,Tam-only,0.000106923962654635,-3.4596882552337e-05,0.000249232132948114,Full distribution
11.1780821917808,4 h,Dox-only,0.000168204967815569,-2.78758126660515e-05,0.000373047216948057,Full distribution
11.1780821917808,4 h,Tam-only,3.50880597567611e-06,-8.85435872117202e-05,9.37101618469037e-05,Full distribution
11.2113502935421,24 h,Dox-only,-0.000102206446429326,-0.000332299724753304,0.000111896418639298,Full distribution
11.2113502935421,24 h,Tam-only,0.000111492036487822,-3.17550573819628e-05,0.000255460533743347,Full distribution
11.2113502935421,4 h,Dox-only,0.000142221007540701,-5.13985351101259e-05,0.000348493746417299,Full distribution
11.2113502935421,4 h,Tam-only,1.1627181434112e-05,-7.97247846185972e-05,9.58651508897343e-05,Full distribution
11.2446183953033,24 h,Dox-only,-0.000139768046670569,-0.000367544581341772,6.5854029419779e-05,Full distribution
11.2446183953033,24 h,Tam-only,0.000112022137915625,-2.88104108387349e-05,0.000259635670482896,Full distribution
11.2446183953033,4 h,Dox-only,0.000112768559714355,-8.59170090933135e-05,0.000331908217988879,Full distribution
11.2446183953033,4 h,Tam-only,1.96553986347653e-05,-7.64134128507947e-05,9.8524293682032e-05,Full distribution
11.2778864970646,24 h,Dox-only,-0.000176070921868884,-0.0004027930356366,4.62282748018548e-05,Full distribution
11.2778864970646,24 h,Tam-only,0.000108455253766241,-3.38206671150465e-05,0.000256000474557766,Full distribution
11.2778864970646,4 h,Dox-only,8.08495650023405e-05,-0.000125383554182566,0.00031548984266602,Full distribution
11.2778864970646,4 h,Tam-only,2.7624187545823e-05,-6.97383722281769e-05,0.00010188679839514,Full distribution
11.3111545988258,24 h,Dox-only,-0.000210322569136606,-0.000436798235284157,2.84949993550881e-05,Full distribution
11.3111545988258,24 h,Tam-only,0.000100932055712956,-3.36797856982982e-05,0.000245883485792706,Full distribution
11.3111545988258,4 h,Dox-only,4.75734863898214e-05,-0.000160928967521486,0.000281594608080365,Full distribution
11.3111545988258,4 h,Tam-only,3.55119181263757e-05,-6.19967490716177e-05,0.000110886670056217,Full distribution
11.3444227005871,24 h,Dox-only,-0.000241772384025633,-0.000476543152400023,1.70294690246524e-05,Full distribution
11.3444227005871,24 h,Tam-only,8.97865159624437e-05,-3.7930955503836e-05,0.000227997519074082,Full distribution
11.3444227005871,4 h,Dox-only,1.41146927600537e-05,-0.000188597586523554,0.000235842699300205,Full distribution
11.3444227005871,4 h,Tam-only,4.32339787482512e-05,-5.61315335084533e-05,0.000122750357835348,Full distribution
11.3776908023483,24 h,Dox-only,-0.000269760467849426,-0.000517999741785398,-5.64960479076232e-06,Full distribution
11.3776908023483,24 h,Tam-only,7.55316399047165e-05,-4.32864715014485e-05,0.000200261009081489,Full distribution
11.3776908023483,4 h,Dox-only,-1.83362106879537e-05,-0.000218736988975621,0.000187026162007399,Full distribution
11.3776908023483,4 h,Tam-only,5.06407469642852e-05,-4.83735789695198e-05,0.000130167916196492,Full distribution
11.4109589041096,24 h,Dox-only,-0.000293623041123541,-0.000539044176206279,-2.86269025113051e-05,Full distribution
11.4109589041096,24 h,Tam-only,5.88377339154815e-05,-4.98319808969528e-05,0.000168041221188806,Full distribution
11.4109589041096,4 h,Dox-only,-4.85595635930352e-05,-0.000245076513528649,0.000159274033463314,Full distribution
11.4109589041096,4 h,Tam-only,5.75907902628046e-05,-3.87692161536832e-05,0.000143012207648502,Full distribution
11.4442270058708,24 h,Dox-only,-0.000312926591580156,-0.00055934927369795,-4.78072353654652e-05,Full distribution
11.4442270058708,24 h,Tam-only,4.02410396589414e-05,-5.73305105113539e-05,0.000143987365867072,Full distribution
11.4442270058708,4 h,Dox-only,-7.5120435093608e-05,-0.000272507023343596,0.000140052879760687,Full distribution
11.4442270058708,4 h,Tam-only,6.37030653697251e-05,-2.89299629596888e-05,0.000154430500037839,Full distribution
11.4774951076321,24 h,Dox-only,-0.000327337653622798,-0.000579304826083264,-4.52790493275999e-05,Full distribution
11.4774951076321,24 h,Tam-only,2.13453989082904e-05,-7.438290883803e-05,0.000121650387644563,Full distribution
11.4774951076321,4 h,Dox-only,-9.73643088468268e-05,-0.000306089792286686,0.000112285581735562,Full distribution
11.4774951076321,4 h,Tam-only,6.85216778282284e-05,-2.819916886479e-05,0.000161488252518461,Full distribution
11.5107632093933,24 h,Dox-only,-0.000337155032101336,-0.000587718237697482,-4.60430550555733e-05,Full distribution
11.5107632093933,24 h,Tam-only,2.90876475899119e-06,-8.6761238808568e-05,0.000108945094203153,Full distribution
11.5107632093933,4 h,Dox-only,-0.0001147226900365,-0.000304088393752301,8.79339186048155e-05,Full distribution
11.5107632093933,4 h,Tam-only,7.19830069731886e-05,-2.68744447577052e-05,0.000170098645794592,Full distribution
11.5440313111546,24 h,Dox-only,-0.00034247657913726,-0.000581498032407211,-6.00702131431401e-05,Full distribution
11.5440313111546,24 h,Tam-only,-1.41745449891073e-05,-9.76980288999605e-05,9.69507166571866e-05,Full distribution
11.5440313111546,4 h,Dox-only,-0.000126873642436666,-0.000296070059694624,6.13577010183044e-05,Full distribution
11.5440313111546,4 h,Tam-only,7.38987038165677e-05,-2.49645228133855e-05,0.000168413098409105,Full distribution
11.5772994129159,24 h,Dox-only,-0.000343482790869073,-0.000568233128119416,-8.59038256822424e-05,Full distribution
11.5772994129159,24 h,Tam-only,-2.90901467700619e-05,-0.000123655789461989,8.74562800127252e-05,Full distribution
11.5772994129159,4 h,Dox-only,-0.000133762713652991,-0.000294102270923346,4.12834187660978e-05,Full distribution
11.5772994129159,4 h,Tam-only,7.41440979978598e-05,-2.58704017986376e-05,0.000161250539339217,Full distribution
11.6105675146771,24 h,Dox-only,-0.00034041636007133,-0.00055402766404909,-0.000111360045516433,Full distribution
11.6105675146771,24 h,Tam-only,-4.11465970864336e-05,-0.000139476247946761,7.92517161319019e-05,Full distribution
11.6105675146771,4 h,Dox-only,-0.000135597466124206,-0.00029090873109313,2.72801177889718e-05,Full distribution
11.6105675146771,4 h,Tam-only,7.26677455499629e-05,-2.54179775310465e-05,0.000155200561028615,Full distribution
11.6438356164384,24 h,Dox-only,-0.000333569043090966,-0.000527167737359796,-0.000126616820905411,Full distribution
11.6438356164384,24 h,Tam-only,-4.98132620636435e-05,-0.000152304191871114,7.57056280246026e-05,Full distribution
11.6438356164384,4 h,Dox-only,-0.000132826312069182,-0.000274304668460645,3.14902082572985e-05,Full distribution
11.6438356164384,4 h,Tam-only,6.94949620766588e-05,-2.3308085359242e-05,0.000143412955172303,Full distribution
11.6771037181996,24 h,Dox-only,-0.000323277031739908,-0.000512971956230399,-0.000138941112187881,Full distribution
11.6771037181996,24 h,Tam-only,-5.47508397656794e-05,-0.00015782053623427,7.1860141605753e-05,Full distribution
11.6771037181996,4 h,Dox-only,-0.000126103289876269,-0.00026118601011355,3.87021925332969e-05,Full distribution
11.6771037181996,4 h,Tam-only,6.47259271051943e-05,-2.05693647331239e-05,0.000136227041041157,Full distribution
11.7103718199609,24 h,Dox-only,-0.000309924661070739,-0.000492396871121223,-0.000146293688405074,Full distribution
11.7103718199609,24 h,Tam-only,-5.58325089821707e-05,-0.00015773153701516,6.56456068215451e-05,Full distribution
11.7103718199609,4 h,Dox-only,-0.000116241331579954,-0.000247732773941906,3.91817041062637e-05,Full distribution
11.7103718199609,4 h,Tam-only,5.85292799474425e-05,-2.12369991452792e-05,0.000126474143842191,Full distribution
11.7436399217221,24 h,Dox-only,-0.000293716410473351,-0.00046820878492819,-0.000137350509704662,Full distribution
11.7436399217221,24 h,Tam-only,-5.31540086369463e-05,-0.000153791932871041,6.04245636246405e-05,Full distribution
11.7436399217221,4 h,Dox-only,-0.000104202452925999,-0.000226794306854136,3.02544751813601e-05,Full distribution
11.7436399217221,4 h,Tam-only,5.10370287190472e-05,-2.45878989239119e-05,0.00011760182747409,Full distribution
11.7769080234834,24 h,Dox-only,-0.00027543738853746,-0.00044052111583584,-0.000128387484487365,Full distribution
11.7769080234834,24 h,Tam-only,-4.6630230174733e-05,-0.000143730843378464,5.96413149091144e-05,Full distribution
11.7769080234834,4 h,Dox-only,-9.08792139509426e-05,-0.000203941864121104,1.91597919016553e-05,Full distribution
11.7769080234834,4 h,Tam-only,4.26138584175206e-05,-3.07193314123024e-05,0.000108585703716876,Full distribution
11.8101761252446,24 h,Dox-only,-0.000255859069221143,-0.000420296230764451,-0.000112332561804043,Full distribution
11.8101761252446,24 h,Tam-only,-3.73843727359254e-05,-0.000126907741283544,6.12855468544467e-05,Full distribution
11.8101761252446,4 h,Dox-only,-7.74800910400133e-05,-0.000179889770674893,1.77916671071471e-05,Full distribution
11.8101761252446,4 h,Tam-only,3.36854003235943e-05,-4.17555227883236e-05,9.78895265449662e-05,Full distribution
11.8434442270059,24 h,Dox-only,-0.000235721626725211,-0.000405000883072789,-9.34691133357954e-05,Full distribution
11.8434442270059,24 h,Tam-only,-2.61815123658636e-05,-0.000104803998636971,6.42804103941613e-05,Full distribution
11.8434442270059,4 h,Dox-only,-6.4817088925045e-05,-0.000161746098146834,2.58834935115232e-05,Full distribution
11.8434442270059,4 h,Tam-only,2.45677911569843e-05,-5.68475164886097e-05,9.1027202546275e-05,Full distribution
11.8767123287671,24 h,Dox-only,-0.000215806154399893,-0.000390080841977461,-7.15866142124721e-05,Full distribution
11.8767123287671,24 h,Tam-only,-1.3868980492985e-05,-8.91153412993243e-05,7.30456425417544e-05,Full distribution
11.8767123287671,4 h,Dox-only,-5.35718594109128e-05,-0.000150459317014589,2.98336374817759e-05,Full distribution
11.8767123287671,4 h,Tam-only,1.55873443885655e-05,-7.26821563530918e-05,9.25887612924204e-05,Full distribution
11.9099804305284,24 h,Dox-only,-0.000196906868946264,-0.000370705061613999,-5.46030897692681e-05,Full distribution
11.9099804305284,24 h,Tam-only,-1.33440292438003e-06,-7.37444463399811e-05,8.1061647408813e-05,Full distribution
11.9099804305284,4 h,Dox-only,-4.42745186919483e-05,-0.000144439478927157,4.38183802642142e-05,Full distribution
11.9099804305284,4 h,Tam-only,7.05621233876503e-06,-8.96091641402198e-05,9.29635401994874e-05,Full distribution
11.9432485322896,24 h,Dox-only,-0.00017978122121067,-0.000341031414252094,-3.86873727971408e-05,Full distribution
11.9432485322896,24 h,Tam-only,1.05499014703177e-05,-6.56369537776755e-05,8.39744062544163e-05,Full distribution
11.9432485322896,4 h,Dox-only,-3.72923368248037e-05,-0.000146378192327207,5.46072881918062e-05,Full distribution
11.9432485322896,4 h,Tam-only,-7.4058502875997e-07,-9.42493914058148e-05,9.18995664088911e-05,Full distribution
11.9765166340509,24 h,Dox-only,-0.000165094978830348,-0.000309825311262427,-2.93233773513303e-05,Full distribution
11.9765166340509,24 h,Tam-only,2.09802683046117e-05,-6.17165968740047e-05,9.05454214223802e-05,Full distribution
11.9765166340509,4 h,Dox-only,-3.28271626398517e-05,-0.000138102078980958,6.18883539921886e-05,Full distribution
11.9765166340509,4 h,Tam-only,-7.55779959087056e-06,-9.99732020171406e-05,8.92429370239546e-05,Full distribution
12.0097847358121,24 h,Dox-only,-0.000153367987330923,-0.000281147604560996,-2.11765241536133e-05,Full distribution
12.0097847358121,24 h,Tam-only,2.92693624129119e-05,-5.66889409536508e-05,0.00010542913407122,Full distribution
12.0097847358121,4 h,Dox-only,-3.09202715199308e-05,-0.000135741485004114,6.58955574902491e-05,Full distribution
12.0097847358121,4 h,Tam-only,-1.32014587068215e-05,-0.000102124336665607,8.49539202404874e-05,Full distribution
12.0430528375734,24 h,Dox-only,-0.000144905588495837,-0.000262299648404184,-1.0856085358244e-05,Full distribution
12.0430528375734,24 h,Tam-only,3.48851775857208e-05,-5.53216092894531e-05,0.000113281836071551,Full distribution
12.0430528375734,4 h,Dox-only,-3.14632740668011e-05,-0.00014260822994354,6.76533743901361e-05,Full distribution
12.0430528375734,4 h,Tam-only,-1.75382607320213e-05,-0.000100762532218544,7.90053419169349e-05,Full distribution
12.0763209393346,24 h,Dox-only,-0.000139780553891399,-0.000241715246196148,-7.24760547692334e-06,Full distribution
12.0763209393346,24 h,Tam-only,3.7495458120331e-05,-5.60374822956692e-05,0.000112200546086535,Full distribution
12.0763209393346,4 h,Dox-only,-3.43756207021452e-05,-0.000144375281617615,6.36327684619205e-05,Full distribution
12.0763209393346,4 h,Tam-only,-2.06152932001195e-05,-9.60993411338692e-05,7.2481916441062e-05,Full distribution
12.1095890410959,24 h,Dox-only,-0.000138072361788273,-0.000231659243325108,-1.43190479275936e-05,Full distribution
12.1095890410959,24 h,Tam-only,3.67282794603906e-05,-5.58196034608845e-05,0.000104438954116974,Full distribution
12.1095890410959,4 h,Dox-only,-3.90908806102361e-05,-0.000138482197595179,5.12226249688319e-05,Full distribution
12.1095890410959,4 h,Tam-only,-2.20204291645984e-05,-9.08203320066478e-05,6.35643695932595e-05,Full distribution
12.1428571428571,24 h,Dox-only,-0.000139267575924042,-0.00023003012841389,-2.39881579585552e-05,Full distribution
12.1428571428571,24 h,Tam-only,3.26723878072676e-05,-4.94291710994894e-05,9.69277774753756e-05,Full distribution
12.1428571428571,4 h,Dox-only,-4.50469990125602e-05,-0.000137487140442104,4.3400313246059e-05,Full distribution
12.1428571428571,4 h,Tam-only,-2.21591404945369e-05,-8.84781706276987e-05,5.84607836948411e-05,Full distribution
12.1761252446184,24 h,Dox-only,-0.000142477226094372,-0.000233495643180149,-2.63536763581351e-05,Full distribution
12.1761252446184,24 h,Tam-only,2.58827688183734e-05,-4.49132458197758e-05,9.23817477177951e-05,Full distribution
12.1761252446184,4 h,Dox-only,-5.17282353217026e-05,-0.000146662950450545,3.63554794516774e-05,Full distribution
12.1761252446184,4 h,Tam-only,-2.11755397274911e-05,-8.72657118333634e-05,5.37228887916987e-05,Full distribution
12.2093933463796,24 h,Dox-only,-0.000146961498803142,-0.000233193722284323,-2.60419871199497e-05,Full distribution
12.2093933463796,24 h,Tam-only,1.67971986578297e-05,-5.15600328931975e-05,8.45472674902297e-05,Full distribution
12.2093933463796,4 h,Dox-only,-5.86066502508476e-05,-0.00015547778198573,2.80360847966896e-05,Full distribution
12.2093933463796,4 h,Tam-only,-1.92452473183147e-05,-7.70172737966528e-05,4.95150276223871e-05,Full distribution
12.2426614481409,24 h,Dox-only,-0.000151950463448481,-0.000237912619053335,-1.68346631488532e-05,Full distribution
12.2426614481409,24 h,Tam-only,5.94319865332698e-06,-6.2673293610843e-05,7.35102732233285e-05,Full distribution
12.2426614481409,4 h,Dox-only,-6.51709855609867e-05,-0.000167429828425673,2.04284228819615e-05,Full distribution
12.2426614481409,4 h,Tam-only,-1.65595879557746e-05,-7.05044661087297e-05,4.73698930525005e-05,Full distribution
12.2759295499022,24 h,Dox-only,-0.000156706658844003,-0.000247853265504698,-1.12688404308375e-05,Full distribution
12.2759295499022,24 h,Tam-only,-6.10040723700615e-06,-6.98121547312304e-05,6.34977338521832e-05,Full distribution
12.2759295499022,4 h,Dox-only,-7.09542272816205e-05,-0.000175732633562917,1.83629008409e-05,Full distribution
12.2759295499022,4 h,Tam-only,-1.33116351272184e-05,-6.90197927474417e-05,4.81343097816637e-05,Full distribution
12.3091976516634,24 h,Dox-only,-0.000160578745683695,-0.000258016379400534,-1.47703753244591e-05,Full distribution
12.3091976516634,24 h,Tam-only,-1.87392124082349e-05,-8.52788351120611e-05,4.50641010728403e-05,Full distribution
12.3091976516634,4 h,Dox-only,-7.55584016917417e-05,-0.000175247084227429,7.84831712483159e-06,Full distribution
12.3091976516634,4 h,Tam-only,-9.68561195459946e-06,-6.9480015384064e-05,5.07681620130562e-05,Full distribution
12.3424657534247,24 h,Dox-only,-0.000163042170441875,-0.000263464320114485,-1.45541419720781e-05,Full distribution
12.3424657534247,24 h,Tam-only,-3.1394229536743e-05,-9.99710204656017e-05,3.18009178467242e-05,Full distribution
12.3424657534247,4 h,Dox-only,-7.86750977476788e-05,-0.000166443931122005,4.51335550075315e-06,Full distribution
12.3424657534247,4 h,Tam-only,-5.85055987860079e-06,-6.51807231988996e-05,5.4242141001894e-05,Full distribution
12.3757338551859,24 h,Dox-only,-0.000163578172951647,-0.000268773274223016,-1.96118392288091e-05,Full distribution
12.3757338551859,24 h,Tam-only,-4.35268620863961e-05,-0.000111979920780274,1.85016708047726e-05,Full distribution
12.3757338551859,4 h,Dox-only,-8.00916640666526e-05,-0.000160687674956954,4.25915245865862e-06,Full distribution
12.3757338551859,4 h,Tam-only,-1.9499499957174e-06,-5.97640584179079e-05,5.94793363895168e-05,Full distribution
12.4090019569472,24 h,Dox-only,-0.000162048942495001,-0.000267393535683291,-2.84272559255226e-05,Full distribution
12.4090019569472,24 h,Tam-only,-5.45822316084697e-05,-0.000119473323575767,4.00376777228015e-06,Full distribution
12.4090019569472,4 h,Dox-only,-7.95544373449198e-05,-0.000161083997805298,4.7077123766913e-06,Full distribution
12.4090019569472,4 h,Tam-only,1.91128673332182e-06,-5.4730155917326e-05,6.54741821053369e-05,Full distribution
12.4422700587084,24 h,Dox-only,-0.000158475544253261,-0.000259042977648645,-3.27933635059317e-05,Full distribution
12.4422700587084,24 h,Tam-only,-6.40539120767868e-05,-0.000124666973788898,-5.78528333914542e-06,Full distribution
12.4422700587084,4 h,Dox-only,-7.72576474999352e-05,-0.000158017565017383,5.60887546138049e-06,Full distribution
12.4422700587084,4 h,Tam-only,5.44345375532774e-06,-4.70527366285086e-05,6.88998418819752e-05,Full distribution
12.4755381604697,24 h,Dox-only,-0.000152979221238829,-0.000258132245054534,-3.73200532870895e-05,Full distribution
12.4755381604697,24 h,Tam-only,-7.17032842102396e-05,-0.00013249315649939,-1.52232679544422e-05,Full distribution
12.4755381604697,4 h,Dox-only,-7.34033925494676e-05,-0.00015396370262124,6.80813084352831e-06,Full distribution
12.4755381604697,4 h,Tam-only,8.59969803099767e-06,-4.01668826234225e-05,7.09421975796978e-05,Full distribution
12.5088062622309,24 h,Dox-only,-0.000145777619553006,-0.000248704673825274,-4.17341651141366e-05,Full distribution
12.5088062622309,24 h,Tam-only,-7.73323591055207e-05,-0.00013445090141419,-2.51714389554828e-05,Full distribution
12.5088062622309,4 h,Dox-only,-6.8217199387198e-05,-0.000146145049661114,5.85457093112252e-06,Full distribution
12.5088062622309,4 h,Tam-only,1.12680603396411e-05,-3.53061607605959e-05,7.14247699934633e-05,Full distribution
12.5420743639922,24 h,Dox-only,-0.000137132870671801,-0.000235320406197303,-4.10705745928259e-05,Full distribution
12.5420743639922,24 h,Tam-only,-8.08069458215254e-05,-0.000134060749623895,-2.46212543308627e-05,Full distribution
12.5420743639922,4 h,Dox-only,-6.19695590242871e-05,-0.000133315410862448,4.33901701474999e-06,Full distribution
12.5420743639922,4 h,Tam-only,1.3348960530786e-05,-2.96761817344916e-05,7.05752905947854e-05,Full distribution
12.5753424657534,24 h,Dox-only,-0.000127346067347301,-0.000226631653464133,-3.18020584034118e-05,Full distribution
12.5753424657534,24 h,Tam-only,-8.20718988690804e-05,-0.000132226176880549,-2.35493569427296e-05,Full distribution
12.5753424657534,4 h,Dox-only,-5.49544941403461e-05,-0.00011814332519996,6.33348609107939e-06,Full distribution
12.5753424657534,4 h,Tam-only,1.47656087449569e-05,-2.52835920157746e-05,6.87236355130666e-05,Full distribution
12.6086105675147,24 h,Dox-only,-0.000116743127379497,-0.000224151197242871,-1.69424617721799e-05,Full distribution
12.6086105675147,24 h,Tam-only,-8.11536967798195e-05,-0.00013269731903726,-2.39869236246097e-05,Full distribution
12.6086105675147,4 h,Dox-only,-4.747058454795e-05,-0.000103452550056582,1.02644802054184e-05,Full distribution
12.6086105675147,4 h,Tam-only,1.54769528144321e-05,-2.36180312883118e-05,6.99996164346638e-05,Full distribution
12.6418786692759,24 h,Dox-only,-0.000105664950999128,-0.000219279468471144,-6.76878064551338e-06,Full distribution
12.6418786692759,24 h,Tam-only,-7.81632058177922e-05,-0.000141113003018335,-1.80392925043568e-05,Full distribution
12.6418786692759,4 h,Dox-only,-3.98057732167029e-05,-8.71895337019512e-05,1.72141753302946e-05,Full distribution
12.6418786692759,4 h,Tam-only,1.54909752643045e-05,-2.86783279148819e-05,7.82254972218667e-05,Full distribution
12.6751467710372,24 h,Dox-only,-9.44604833795586e-05,-0.000218765682137719,-4.10944519957152e-06,Full distribution
12.6751467710372,24 h,Tam-only,-7.32974389746951e-05,-0.000139222532897454,-8.89655771042978e-06,Full distribution
12.6751467710372,4 h,Dox-only,-3.22267695486323e-05,-7.33389554112708e-05,2.5235575388529e-05,Full distribution
12.6751467710372,4 h,Tam-only,1.48758678055191e-05,-3.46100947714177e-05,8.14294408205643e-05,Full distribution
12.7084148727984,24 h,Dox-only,-8.34200733244048e-05,-0.000214303539286905,1.69153803788357e-06,Full distribution
12.7084148727984,24 h,Tam-only,-6.68389045094891e-05,-0.000136325188404246,1.54841680797797e-06,Full distribution
12.7084148727984,4 h,Dox-only,-2.50523982009014e-05,-6.42174971267258e-05,3.40951642952048e-05,Full distribution
12.7084148727984,4 h,Tam-only,1.36874280647733e-05,-4.32713084774225e-05,8.35501801436532e-05,Full distribution
12.7416829745597,24 h,Dox-only,-7.29753798875119e-05,-0.000206193984795016,7.64719501282062e-06,Full distribution
12.7416829745597,24 h,Tam-only,-5.89543945036704e-05,-0.000134721900221143,1.55630489443469e-05,Full distribution
12.7416829745597,4 h,Dox-only,-1.84518948174245e-05,-5.65001820453027e-05,3.99879371822934e-05,Full distribution
12.7416829745597,4 h,Tam-only,1.21762507598037e-05,-5.04412534911343e-05,8.53086678345218e-05,Full distribution
12.7749510763209,24 h,Dox-only,-6.36258043125795e-05,-0.0001937135946975,1.66453945878791e-05,Full distribution
12.7749510763209,24 h,Tam-only,-5.04539166803562e-05,-0.000131095143289827,2.93681747783387e-05,Full distribution
12.7749510763209,4 h,Dox-only,-1.26065758291828e-05,-4.96783240058345e-05,4.59381958546132e-05,Full distribution
12.7749510763209,4 h,Tam-only,1.07947832188449e-05,-5.63168589650651e-05,8.77345299852463e-05,Full distribution
12.8082191780822,24 h,Dox-only,-5.55756619716549e-05,-0.000179238164427999,2.59489738472897e-05,Full distribution
12.8082191780822,24 h,Tam-only,-4.18306312544672e-05,-0.00012558651785491,3.96694191888559e-05,Full distribution
12.8082191780822,4 h,Dox-only,-7.67319775762552e-06,-4.3364903174049e-05,5.18440510300095e-05,Full distribution
12.8082191780822,4 h,Tam-only,9.75936255701281e-06,-6.01619195574186e-05,8.75862751589922e-05,Full distribution
12.8414872798434,24 h,Dox-only,-4.9015275405557e-05,-0.000163667801271164,2.95394868199022e-05,Full distribution
12.8414872798434,24 h,Tam-only,-3.35531320613093e-05,-0.000118584182744567,5.20162939482128e-05,Full distribution
12.8414872798434,4 h,Dox-only,-3.77757366396377e-06,-3.77098042305089e-05,5.82194821746094e-05,Full distribution
12.8414872798434,4 h,Tam-only,9.34101857938511e-06,-6.10994983216697e-05,8.54324058501594e-05,Full distribution
12.8747553816047,24 h,Dox-only,-4.40769006203635e-05,-0.000151673915583731,2.84393791910976e-05,Full distribution
12.8747553816047,24 h,Tam-only,-2.60796796725404e-05,-0.000111124825899343,6.02965596099753e-05,Full distribution
12.8747553816047,4 h,Dox-only,-1.01668495151104e-06,-3.47779795028843e-05,6.18111725425709e-05,Full distribution
12.8747553816047,4 h,Tam-only,9.76073577307383e-06,-6.23061094659055e-05,8.09193671236346e-05,Full distribution
12.908023483366,24 h,Dox-only,-4.07909118919973e-05,-0.00014236404821893,2.93776271935086e-05,Full distribution
12.908023483366,24 h,Tam-only,-1.97955797885831e-05,-0.000103050969929729,6.51233702955877e-05,Full distribution
12.908023483366,4 h,Dox-only,5.49172741231202e-07,-3.40132014888444e-05,6.21903865820977e-05,Full distribution
12.908023483366,4 h,Tam-only,1.11615529860098e-05,-5.85554489317383e-05,7.50918451787524e-05,Full distribution
12.9412915851272,24 h,Dox-only,-3.90750951046042e-05,-0.000127191653532097,2.53430529753043e-05,Full distribution
12.9412915851272,24 h,Tam-only,-1.4980965911523e-05,-8.98845735416764e-05,6.8702841109054e-05,Full distribution
12.9412915851272,4 h,Dox-only,9.06289483482955e-07,-3.38617012333645e-05,5.90522137284405e-05,Full distribution
12.9412915851272,4 h,Tam-only,1.35875332475335e-05,-4.96237932172999e-05,7.15577906183513e-05,Full distribution
12.9745596868885,24 h,Dox-only,-3.87322332456223e-05,-0.000110350301454775,1.40406645832796e-05,Full distribution
12.9745596868885,24 h,Tam-only,-1.17854501480541e-05,-8.01968551738737e-05,7.02411244684563e-05,Full distribution
12.9745596868885,4 h,Dox-only,9.81136181866073e-08,-3.23691924241869e-05,5.20029349932703e-05,Full distribution
12.9745596868885,4 h,Tam-only,1.69720075362887e-05,-4.02629814881843e-05,6.98950329319561e-05,Full distribution
13.0078277886497,24 h,Dox-only,-3.94695224941113e-05,-9.63736410979977e-05,7.42596020572622e-06,Full distribution
13.0078277886497,24 h,Tam-only,-1.02124843501634e-05,-7.2833021520361e-05,6.80304947642867e-05,Full distribution
13.0078277886497,4 h,Dox-only,-1.7651972045586e-06,-3.32641657584052e-05,4.16364784293204e-05,Full distribution
13.0078277886497,4 h,Tam-only,2.11366864007816e-05,-2.68535363890332e-05,6.78208680643566e-05,Full distribution
13.041095890411,24 h,Dox-only,-4.09249711240132e-05,-9.064845163108e-05,3.4804040579639e-06,Full distribution
13.041095890411,24 h,Tam-only,-1.01157350222482e-05,-7.77496276213894e-05,6.13621615052519e-05,Full distribution
13.041095890411,4 h,Dox-only,-4.57943318731111e-06,-3.2708041985967e-05,3.04613440656309e-05,Full distribution
13.041095890411,4 h,Tam-only,2.57093280630813e-05,-1.47950862509707e-05,6.94098215698718e-05,Full distribution
13.0743639921722,24 h,Dox-only,-4.26211145412294e-05,-9.27743216713462e-05,2.09552403864237e-06,Full distribution
13.0743639921722,24 h,Tam-only,-1.14084832811135e-05,-7.91468585161301e-05,5.14488500432938e-05,Full distribution
13.0743639921722,4 h,Dox-only,-7.91684519358665e-06,-3.56981099380205e-05,1.90004357939477e-05,Full distribution
13.0743639921722,4 h,Tam-only,3.04892854103202e-05,-4.08699150321041e-06,7.6018076950356e-05,Full distribution
13.1076320939335,24 h,Dox-only,-4.38753289463965e-05,-0.000103715426140513,6.03106986136928e-06,Full distribution
13.1076320939335,24 h,Tam-only,-1.33198409998801e-05,-7.93325865356802e-05,4.94614543558613e-05,Full distribution
13.1076320939335,4 h,Dox-only,-1.14219803070441e-05,-3.85596568315152e-05,7.11623485674164e-06,Full distribution
13.1076320939335,4 h,Tam-only,3.49237420808699e-05,1.8107308994239e-06,7.95684641133399e-05,Full distribution
13.1409001956947,24 h,Dox-only,-4.42488156484558e-05,-0.000114117260065834,7.06666180028769e-06,Full distribution
13.1409001956947,24 h,Tam-only,-1.53815322588124e-05,-8.38795135671672e-05,3.92433340492311e-05,Full distribution
13.1409001956947,4 h,Dox-only,-1.4712239733925e-05,-4.35139733678843e-05,4.60236089578163e-06,Full distribution
13.1409001956947,4 h,Tam-only,3.85839609833197e-05,3.83502492807703e-06,9.02542596920371e-05,Full distribution
13.174168297456,24 h,Dox-only,-4.33589510507135e-05,-0.000125034078917172,7.64240059741687e-06,Full distribution
13.174168297456,24 h,Tam-only,-1.71174126898343e-05,-9.12465746202948e-05,3.62377796349567e-05,Full distribution
13.174168297456,4 h,Dox-only,-1.73997060709949e-05,-4.97828192728129e-05,5.80343204842975e-06,Full distribution
13.174168297456,4 h,Tam-only,4.11239999677574e-05,3.34194469740619e-06,9.73987088339376e-05,Full distribution
13.2074363992172,24 h,Dox-only,-4.0927452100135e-05,-0.000130398111485234,1.42594841440595e-05,Full distribution
13.2074363992172,24 h,Tam-only,-1.81105003167257e-05,-9.26665090641476e-05,3.6304740835279e-05,Full distribution
13.2074363992172,4 h,Dox-only,-1.91221118538497e-05,-6.26219758076346e-05,7.37278215464454e-06,Full distribution
13.2074363992172,4 h,Tam-only,4.22756510967342e-05,1.34864984463573e-06,0.000101080206218295,Full distribution
13.2407045009785,24 h,Dox-only,-3.67982986008932e-05,-0.000131763968763021,2.68932479702129e-05,Full distribution
13.2407045009785,24 h,Tam-only,-1.80421741324885e-05,-9.42044148463232e-05,3.58457513428073e-05,Full distribution
13.2407045009785,4 h,Dox-only,-1.95739559081033e-05,-7.16165299626618e-05,1.07375248950985e-05,Full distribution
13.2407045009785,4 h,Tam-only,4.18667130572493e-05,-1.18017186919643e-06,0.000105417838295028,Full distribution
13.2739726027397,24 h,Dox-only,-3.09445143184748e-05,-0.000128960297740273,4.04029727066144e-05,Full distribution
13.2739726027397,24 h,Tam-only,-1.67200590335816e-05,-8.90866610277415e-05,3.62874477051854e-05,Full distribution
13.2739726027397,4 h,Dox-only,-1.85350737450456e-05,-7.20101079320805e-05,1.45833599223244e-05,Full distribution
13.2739726027397,4 h,Tam-only,3.98297683840747e-05,-4.05305537982856e-06,9.85691666797442e-05,Full distribution
13.307240704501,24 h,Dox-only,-2.34640635025546e-05,-0.000119880053662974,5.55951171596791e-05,Full distribution
13.307240704501,24 h,Tam-only,-1.40924267565316e-05,-7.96321156154479e-05,3.61344240821684e-05,Full distribution
13.307240704501,4 h,Dox-only,-1.58941065915702e-05,-7.30529712315341e-05,2.03884380826873e-05,Full distribution
13.307240704501,4 h,Tam-only,3.62015025185074e-05,-9.14013799156565e-06,9.18266148288778e-05,Full distribution
13.3405088062622,24 h,Dox-only,-1.45853605606324e-05,-0.000105222054200625,6.86694413049636e-05,Full distribution
13.3405088062622,24 h,Tam-only,-1.02481242145469e-05,-7.0916925517455e-05,3.75668917785036e-05,Full distribution
13.3405088062622,4 h,Dox-only,-1.16645570990641e-05,-7.47102780690873e-05,2.92401021161879e-05,Full distribution
13.3405088062622,4 h,Tam-only,3.11134410812202e-05,-1.77242115658468e-05,8.91318177689347e-05,Full distribution
13.3737769080235,24 h,Dox-only,-4.53753999950422e-06,-8.82589108704254e-05,8.28758509366936e-05,Full distribution
13.3737769080235,24 h,Tam-only,-5.40418135097228e-06,-5.553187221184e-05,4.15970650805212e-05,Full distribution
13.3737769080235,4 h,Dox-only,-5.88888466417342e-06,-7.30716841119103e-05,3.64104014831985e-05,Full distribution
13.3737769080235,4 h,Tam-only,2.48428268630615e-05,-2.80671754695952e-05,8.41822687865722e-05,Full distribution
13.4070450097847,24 h,Dox-only,6.34264762464098e-06,-7.45373219706495e-05,9.46971772256347e-05,Full distribution
13.4070450097847,24 h,Tam-only,1.74315694655993e-07,-5.39639376014882e-05,4.84033427108839e-05,Full distribution
13.4070450097847,4 h,Dox-only,9.85584680031039e-07,-6.85558484994023e-05,4.34195732926403e-05,Full distribution
13.4070450097847,4 h,Tam-only,1.74142252349132e-05,-3.83033243522358e-05,7.93767223030864e-05,Full distribution
13.440313111546,24 h,Dox-only,1.75283760639387e-05,-5.94784634441179e-05,0.000103772235734015,Full distribution
13.440313111546,24 h,Tam-only,6.03162373655788e-06,-4.82799522926578e-05,5.94987120042849e-05,Full distribution
13.440313111546,4 h,Dox-only,8.49282766214268e-06,-6.16599875876902e-05,5.42436061861667e-05,Full distribution
13.440313111546,4 h,Tam-only,9.39099530610743e-06,-4.79673603188852e-05,6.94252673903939e-05,Full distribution
13.4735812133072,24 h,Dox-only,2.85151449366e-05,-4.41380230912254e-05,0.000107159503337347,Full distribution
13.4735812133072,24 h,Tam-only,1.17057215877607e-05,-4.44321819783173e-05,6.47241872114208e-05,Full distribution
13.4735812133072,4 h,Dox-only,1.6160012122605e-05,-5.14751463411845e-05,6.19183040319855e-05,Full distribution
13.4735812133072,4 h,Tam-only,1.09435116639879e-06,-5.71804309225602e-05,5.78013162690131e-05,Full distribution
13.5068493150685,24 h,Dox-only,3.88981665958953e-05,-2.93632730524701e-05,0.000118877214502486,Full distribution
13.5068493150685,24 h,Tam-only,1.68607931942612e-05,-3.76137704429577e-05,7.20836994289261e-05,Full distribution
13.5068493150685,4 h,Dox-only,2.34940038154371e-05,-3.94728175220392e-05,7.14052168688545e-05,Full distribution
13.5068493150685,4 h,Tam-only,-7.16264875745668e-06,-6.66919656334338e-05,4.86332479067963e-05,Full distribution
13.5401174168297,24 h,Dox-only,4.83042615549802e-05,-1.59278574179694e-05,0.000131491424110353,Full distribution
13.5401174168297,24 h,Tam-only,2.12336288551067e-05,-2.82826934619043e-05,8.07370328615283e-05,Full distribution
13.5401174168297,4 h,Dox-only,3.00174522882007e-05,-2.92587420923416e-05,8.08663971760023e-05,Full distribution
13.5401174168297,4 h,Tam-only,-1.50833988275398e-05,-7.64163363747205e-05,3.85398211488651e-05,Full distribution
13.573385518591,24 h,Dox-only,5.63983858478999e-05,-4.04028286700564e-06,0.000141626490542546,Full distribution
13.573385518591,24 h,Tam-only,2.46489753328698e-05,-2.08788953290422e-05,8.71057952785587e-05,Full distribution
13.573385518591,4 h,Dox-only,3.53026916570577e-05,-2.11669834190386e-05,8.87075346755276e-05,Full distribution
13.573385518591,4 h,Tam-only,-2.23923359223615e-05,-8.40168988518741e-05,2.84924345489508e-05,Full distribution
13.6066536203523,24 h,Dox-only,6.28870412562649e-05,6.9770010637718e-06,0.000156259535925658,Full distribution
13.6066536203523,24 h,Tam-only,2.70244047493071e-05,-1.60187996708998e-05,9.01790191576019e-05,Full distribution
13.6066536203523,4 h,Dox-only,3.90012102971246e-05,-1.20155626837424e-05,9.32113098674794e-05,Full distribution
13.6066536203523,4 h,Tam-only,-2.88370023643519e-05,-8.94877775991706e-05,1.93737674148672e-05,Full distribution
13.6399217221135,24 h,Dox-only,6.75223696896705e-05,1.17509015862455e-05,0.00016746405506246,Full distribution
13.6399217221135,24 h,Tam-only,2.83654780944606e-05,-1.27886766881876e-05,9.02328587965633e-05,Full distribution
13.6399217221135,4 h,Dox-only,4.08667774086863e-05,-2.68941888596856e-06,9.39465727539112e-05,Full distribution
13.6399217221135,4 h,Tam-only,-3.41889934850341e-05,-9.30084889560708e-05,1.49414574714004e-05,Full distribution
13.6731898238748,24 h,Dox-only,7.01417492395632e-05,1.53554509296264e-05,0.000168972291974313,Full distribution
13.6731898238748,24 h,Tam-only,2.87526897634673e-05,-9.92973479392919e-06,9.04177226292895e-05,Full distribution
13.6731898238748,4 h,Dox-only,4.07301187798722e-05,1.67315738406209e-06,8.90627623452534e-05,Full distribution
13.6731898238748,4 h,Tam-only,-3.82858903266572e-05,-9.42262259583302e-05,1.1041995381083e-05,Full distribution
13.706457925636,24 h,Dox-only,7.04550345979033e-05,1.58738077214175e-05,0.00016148136947057,Full distribution
13.706457925636,24 h,Tam-only,2.84350049235606e-05,-6.63255565308034e-06,8.62392017524488e-05,Full distribution
13.706457925636,4 h,Dox-only,3.84748822199824e-05,1.21065918619204e-06,8.39849875874709e-05,Full distribution
13.706457925636,4 h,Tam-only,-4.08977438745957e-05,-9.28771876896674e-05,7.69392341688618e-06,Full distribution
13.7397260273973,24 h,Dox-only,6.82652823086556e-05,1.446256423833e-05,0.000156976729461811,Full distribution
13.7397260273973,24 h,Tam-only,2.74419628734451e-05,-4.29860445423335e-06,7.91681963574639e-05,Full distribution
13.7397260273973,4 h,Dox-only,3.44213417609973e-05,-6.53629810307805e-07,7.26709416794692e-05,Full distribution
13.7397260273973,4 h,Tam-only,-4.16101986551011e-05,-8.95472271740931e-05,4.87242870583732e-06,Full distribution
13.7729941291585,24 h,Dox-only,6.35971988694921e-05,1.20761401311056e-05,0.000149146945006926,Full distribution
13.7729941291585,24 h,Tam-only,2.5814358621147e-05,-2.82112138292023e-06,7.24095223716069e-05,Full distribution
13.7729941291585,4 h,Dox-only,2.88582159918647e-05,9.30723571264025e-08,6.16032032640541e-05,Full distribution
13.7729941291585,4 h,Tam-only,-4.06117675482037e-05,-8.55399247097259e-05,2.6274661132722e-06,Full distribution
13.8062622309198,24 h,Dox-only,5.67736950986082e-05,8.57772632819811e-06,0.000139857419637284,Full distribution
13.8062622309198,24 h,Tam-only,2.39007442398559e-05,-1.70548586391288e-06,6.49117570383182e-05,Full distribution
13.8062622309198,4 h,Dox-only,2.2113757787058e-05,3.76967747968703e-07,5.64507565254896e-05,Full distribution
13.8062622309198,4 h,Tam-only,-3.79088134667709e-05,-8.10840221038212e-05,5.32610769768501e-07,Full distribution
13.839530332681,24 h,Dox-only,4.80219108566923e-05,4.68855414563275e-06,0.000126800272581942,Full distribution
13.839530332681,24 h,Tam-only,2.18306677454874e-05,-5.14519958893617e-07,5.70519598898945e-05,Full distribution
13.839530332681,4 h,Dox-only,1.45591811891781e-05,-7.62952278544534e-06,4.66819302537983e-05,Full distribution
13.839530332681,4 h,Tam-only,-3.35806006966932e-05,-7.35687977332716e-05,-8.3664099098172e-07,Full distribution
13.8727984344423,24 h,Dox-only,3.76638352752183e-05,-2.23797117400245e-06,0.00010803083667057,Full distribution
13.8727984344423,24 h,Tam-only,1.97015016018707e-05,-3.8460210419725e-08,5.02967733427548e-05,Full distribution
13.8727984344423,4 h,Dox-only,6.58323503096792e-06,-1.63352540282956e-05,3.89938595766204e-05,Full distribution
13.8727984344423,4 h,Tam-only,-2.77834935762917e-05,-6.32431438516058e-05,-1.67590371117228e-06,Full distribution
13.9060665362035,24 h,Dox-only,2.6110330748786e-05,-1.20955121349936e-05,8.51564012856635e-05,Full distribution
13.9060665362035,24 h,Tam-only,1.7579837534377e-05,3.4509363244198e-07,4.45210703558945e-05,Full distribution
13.9060665362035,4 h,Dox-only,-1.43180231453274e-06,-2.93153230331764e-05,3.06324782286514e-05,Full distribution
13.9060665362035,4 h,Tam-only,-2.07500840698416e-05,-5.02855215399896e-05,-2.05308384091262e-06,Full distribution
13.9393346379648,24 h,Dox-only,1.38482306557532e-05,-2.34342822155765e-05,6.13719595506615e-05,Full distribution
13.9393346379648,24 h,Tam-only,1.55069098608738e-05,7.60259082134945e-07,3.88858086677787e-05,Full distribution
13.9393346379648,4 h,Dox-only,-9.13135154518882e-06,-4.20015087556367e-05,2.42324131074598e-05,Full distribution
13.9393346379648,4 h,Tam-only,-1.27824575251858e-05,-3.5582055118626e-05,1.53592616745659e-06,Full distribution
13.972602739726,24 h,Dox-only,1.38095805665665e-06,-3.35745515809962e-05,4.21836843086681e-05,Full distribution
13.972602739726,24 h,Tam-only,1.35068691310506e-05,1.00747272106566e-06,3.35127182549645e-05,Full distribution
13.972602739726,4 h,Dox-only,-1.62059027051043e-05,-5.24400480159143e-05,1.6417514495569e-05,Full distribution
13.972602739726,4 h,Tam-only,-4.23931690875535e-06,-2.08144112480431e-05,1.23508999049195e-05,Full distribution
14.0058708414873,24 h,Dox-only,-1.06913913213463e-05,-5.40650899275038e-05,2.09592756065415e-05,Full distribution
14.0058708414873,24 h,Tam-only,1.15965570199818e-05,1.1818927594548e-06,2.74604062271838e-05,Full distribution
14.0058708414873,4 h,Dox-only,-2.23352630404548e-05,-6.40846352327673e-05,1.11121979097501e-05,Full distribution
14.0058708414873,4 h,Tam-only,4.55112479430392e-06,-1.0453803568854e-05,2.81791582754874e-05,Full distribution
14.0391389432485,24 h,Dox-only,-2.16900968586478e-05,-7.45160806088674e-05,8.05441759533268e-06,Full distribution
14.0391389432485,24 h,Tam-only,9.63326056235451e-06,1.55833931181002e-06,2.15096151133836e-05,Full distribution
14.0391389432485,4 h,Dox-only,-2.73216035208556e-05,-7.30097778457151e-05,5.4344350194126e-06,Full distribution
14.0391389432485,4 h,Tam-only,1.30474394803122e-05,-3.80176035853162e-06,4.31663495798347e-05,Full distribution
14.0724070450098,24 h,Dox-only,-3.09437348073759e-05,-9.29133672956207e-05,5.98344989236628e-06,Full distribution
14.0724070450098,24 h,Tam-only,7.89031350592956e-06,1.69231393142003e-06,1.64272799989113e-05,Full distribution
14.0724070450098,4 h,Dox-only,-3.11252270882262e-05,-7.83102744450578e-05,1.51114274862567e-06,Full distribution
14.0724070450098,4 h,Tam-only,2.07281697615017e-05,-2.14042208814529e-06,5.67910346036207e-05,Full distribution
14.105675146771,24 h,Dox-only,-3.80549249956659e-05,-0.000104357707535195,6.95059115922166e-06,Full distribution
14.105675146771,24 h,Tam-only,6.48348719170281e-06,1.24095056513146e-06,1.39950404413628e-05,Full distribution
14.105675146771,4 h,Dox-only,-3.37207232330519e-05,-8.02552674200349e-05,-1.27249881625902e-06,Full distribution
14.105675146771,4 h,Tam-only,2.73539374184227e-05,-1.0760311619615e-06,6.76356394697827e-05,Full distribution
14.1389432485323,24 h,Dox-only,-4.2863492653132e-05,-0.000118386497438524,8.75824378853938e-06,Full distribution
14.1389432485323,24 h,Tam-only,5.37535587246088e-06,2.08969799750682e-07,1.3514328924559e-05,Full distribution
14.1389432485323,4 h,Dox-only,-3.51367126393083e-05,-7.97433947114662e-05,-2.94814008957259e-06,Full distribution
14.1389432485323,4 h,Tam-only,3.26868858164043e-05,1.62190183140769e-08,7.59851058821621e-05,Full distribution
14.1722113502935,24 h,Dox-only,-4.52443559417787e-05,-0.000135705083836884,1.13956142610429e-05,Full distribution
14.1722113502935,24 h,Tam-only,4.63445625357016e-06,-3.30735376410827e-06,1.57052504322831e-05,Full distribution
14.1722113502935,4 h,Dox-only,-3.5447422357868e-05,-7.78564462261757e-05,-5.74865964286191e-06,Full distribution
14.1722113502935,4 h,Tam-only,3.65777643548004e-05,6.10791972857112e-07,8.1140440146496e-05,Full distribution
14.2054794520548,24 h,Dox-only,-4.52141863539411e-05,-0.000144043171063389,1.48136604217774e-05,Full distribution
14.2054794520548,24 h,Tam-only,4.32606030753776e-06,-6.49873904834637e-06,1.96549447925154e-05,Full distribution
14.2054794520548,4 h,Dox-only,-3.47635613694665e-05,-7.39146598654445e-05,-8.018702400958e-06,Full distribution
14.2054794520548,4 h,Tam-only,3.89696766750312e-05,1.0077335222545e-06,8.39484983604853e-05,Full distribution
14.238747553816,24 h,Dox-only,-4.29279032900803e-05,-0.000147023205690872,1.96114647950931e-05,Full distribution
14.238747553816,24 h,Tam-only,4.50288913736349e-06,-9.1636663312108e-06,2.42655808731544e-05,Full distribution
14.238747553816,4 h,Dox-only,-3.32229895677521e-05,-7.1248894827996e-05,-8.62247035836563e-06,Full distribution
14.238747553816,4 h,Tam-only,3.98948843049632e-05,1.339078985473e-06,8.3841825905861e-05,Full distribution
14.2720156555773,24 h,Dox-only,-3.8666748881244e-05,-0.000146778880887371,3.06432879444042e-05,Full distribution
14.2720156555773,24 h,Tam-only,5.19541185199475e-06,-1.16179221096672e-05,2.99717143284436e-05,Full distribution
14.2720156555773,4 h,Dox-only,-3.0981586833955e-05,-6.79916206226405e-05,-7.2759411807996e-06,Full distribution
14.2720156555773,4 h,Tam-only,3.94653666771789e-05,1.59374884521472e-06,8.11373649116114e-05,Full distribution
14.3052837573386,24 h,Dox-only,-3.27296272752483e-05,-0.000141667581947141,4.13987782815152e-05,Full distribution
14.3052837573386,24 h,Tam-only,6.40273513457295e-06,-1.3518161115036e-05,3.6708401295074e-05,Full distribution
14.3052837573386,4 h,Dox-only,-2.82046402696262e-05,-6.10217628144983e-05,-5.93378088221636e-06,Full distribution
14.3052837573386,4 h,Tam-only,3.78582275303043e-05,1.76483995870346e-06,7.70857163432178e-05,Full distribution
14.3385518590998,24 h,Dox-only,-2.56834008906339e-05,-0.000132546216920151,5.34770478836321e-05,Full distribution
14.3385518590998,24 h,Tam-only,8.08512930968275e-06,-1.48089708702228e-05,4.41314295625238e-05,Full distribution
14.3385518590998,4 h,Dox-only,-2.50475021669769e-05,-5.43121005385102e-05,-4.67992924596387e-06,Full distribution
14.3385518590998,4 h,Tam-only,3.53048233832099e-05,1.86070237508065e-06,7.17176207324308e-05,Full distribution
14.3718199608611,24 h,Dox-only,-1.81085870780801e-05,-0.000119713654783036,6.46909135410044e-05,Full distribution
14.3718199608611,24 h,Tam-only,1.02709697028086e-05,-1.5579140217524e-05,5.12759597583456e-05,Full distribution
14.3718199608611,4 h,Dox-only,-2.16988476929712e-05,-4.87008784877959e-05,-3.55001031773284e-06,Full distribution
14.3718199608611,4 h,Tam-only,3.200514338045e-05,1.87616285661396e-06,6.50442877777274e-05,Full distribution
14.4050880626223,24 h,Dox-only,-1.06349138576947e-05,-0.000103089133886039,7.30531181032783e-05,Full distribution
14.4050880626223,24 h,Tam-only,1.26540815505982e-05,-1.56234381466003e-05,5.82703010811796e-05,Full distribution
14.4050880626223,4 h,Dox-only,-1.83279279414665e-05,-4.27177902993528e-05,-2.55250297843786e-06,Full distribution
14.4050880626223,4 h,Tam-only,2.8300478674108e-05,1.81394772371624e-06,5.78678971436848e-05,Full distribution
14.4383561643836,24 h,Dox-only,-3.76558290971179e-06,-8.59815409417874e-05,7.75101805806663e-05,Full distribution
14.4383561643836,24 h,Tam-only,1.50285561527257e-05,-1.50192184039031e-05,6.45745991677796e-05,Full distribution
14.4383561643836,4 h,Dox-only,-1.50575178424736e-05,-3.67091132919761e-05,-1.59781533214494e-06,Full distribution
14.4383561643836,4 h,Tam-only,2.44420736322217e-05,1.67190497831262e-06,5.05614149685879e-05,Full distribution
14.4716242661448,24 h,Dox-only,2.1037911617447e-06,-6.93962194593854e-05,8.10202796022537e-05,Full distribution
14.4716242661448,24 h,Tam-only,1.72109564938931e-05,-1.38554743414373e-05,6.97626497406041e-05,Full distribution
14.4716242661448,4 h,Dox-only,-1.1988294725397e-05,-3.17460993157781e-05,-6.12964568505552e-07,Full distribution
14.4716242661448,4 h,Tam-only,2.06222680523713e-05,1.48596522263267e-06,4.31454328609051e-05,Full distribution
14.5048923679061,24 h,Dox-only,6.64334919680329e-06,-5.41950513998438e-05,8.25922250947365e-05,Full distribution
14.5048923679061,24 h,Tam-only,1.89933869466559e-05,-1.2441440911154e-05,7.33541867166841e-05,Full distribution
14.5048923679061,4 h,Dox-only,-9.19740007707949e-06,-2.68781775640996e-05,4.27535154398584e-07,Full distribution
14.5048923679061,4 h,Tam-only,1.69949269328672e-05,1.27248991445622e-06,3.61489209224372e-05,Full distribution
14.5381604696673,24 h,Dox-only,9.62309910214369e-06,-4.11493406173614e-05,8.04120590113217e-05,Full distribution
14.5381604696673,24 h,Tam-only,2.01798089106786e-05,-1.08827484064691e-05,7.48983300661316e-05,Full distribution
14.5381604696673,4 h,Dox-only,-6.73826187426231e-06,-2.17084068991478e-05,1.72217434388297e-06,Full distribution
14.5381604696673,4 h,Tam-only,1.36733249142126e-05,1.06607295492954e-06,2.96161887620552e-05,Full distribution
14.5714285714286,24 h,Dox-only,1.09210930749103e-05,-3.19875742535129e-05,7.43110315284605e-05,Full distribution
14.5714285714286,24 h,Tam-only,2.06028317385485e-05,-9.27244535219045e-06,7.40147418281646e-05,Full distribution
14.5714285714286,4 h,Dox-only,-4.6415883948886e-06,-1.67965439692352e-05,2.73748741555607e-06,Full distribution
14.5714285714286,4 h,Tam-only,1.07311327828351e-05,8.37935545408505e-07,2.37249568091147e-05,Full distribution
14.6046966731898,24 h,Dox-only,1.05214914650525e-05,-2.46168129838384e-05,6.42259900355112e-05,Full distribution
14.6046966731898,24 h,Tam-only,2.01396010129118e-05,-7.68710013180325e-06,7.04341858724559e-05,Full distribution
14.6046966731898,4 h,Dox-only,-2.91739911523409e-06,-1.25505146764723e-05,4.11194994559486e-06,Full distribution
14.6046966731898,4 h,Tam-only,8.20592067240488e-06,6.27440127195846e-07,1.8545325406304e-05,Full distribution
14.6379647749511,24 h,Dox-only,8.4644399618645e-06,-1.90898816348926e-05,5.06659571033195e-05,Full distribution
14.6379647749511,24 h,Tam-only,1.87254191408371e-05,-6.06999428709244e-06,6.40347327269961e-05,Full distribution
14.6379647749511,4 h,Dox-only,-1.56473542341071e-06,-9.05277333750871e-06,5.16595125840316e-06,Full distribution
14.6379647749511,4 h,Tam-only,6.09771128275176e-06,4.36156787232663e-07,1.4212769301317e-05,Full distribution
14.6712328767123,24 h,Dox-only,5.02224061501149e-06,-1.52121698941742e-05,3.43020780295548e-05,Full distribution
14.6712328767123,24 h,Tam-only,1.63582415535397e-05,-4.73482822111805e-06,5.48125476174657e-05,Full distribution
14.6712328767123,4 h,Dox-only,-5.93040423798924e-07,-6.46016556064419e-06,5.6691378144029e-06,Full distribution
14.6712328767123,4 h,Tam-only,4.35408586985096e-06,2.61785623592308e-07,1.07201539718374e-05,Full distribution
14.7045009784736,24 h,Dox-only,4.79956016415487e-07,-1.40290109104915e-05,1.58969201044457e-05,Full distribution
14.7045009784736,24 h,Tam-only,1.30940610585219e-05,-3.39363385966038e-06,4.28575587952957e-05,Full distribution
14.7045009784736,4 h,Dox-only,7.61285049821314e-08,-4.90532006039531e-06,6.09777230944066e-06,Full distribution
14.7045009784736,4 h,Tam-only,3.05551808990154e-06,3.04839013759403e-08,7.9558928471834e-06,Full distribution
14.7377690802348,24 h,Dox-only,-4.84967957184232e-06,-1.36947235193073e-05,-2.63865043092751e-07,Full distribution
14.7377690802348,24 h,Tam-only,9.09145175115959e-06,-2.60541392782464e-06,2.88899995855174e-05,Full distribution
14.7377690802348,4 h,Dox-only,4.8507145367471e-07,-3.72104195017188e-06,6.09685706178973e-06,Full distribution
14.7377690802348,4 h,Tam-only,2.07598224665277e-06,-2.8727050372264e-07,5.60689250942946e-06,Full distribution
14.7710371819961,24 h,Dox-only,-1.05231237075821e-05,-2.72657039819244e-05,-2.07975498889099e-07,Full distribution
14.7710371819961,24 h,Tam-only,4.67117139093747e-06,-1.96651125196435e-06,1.38563966707581e-05,Full distribution
14.7710371819961,4 h,Dox-only,6.70376465102106e-07,-2.87483854706772e-06,5.75122480869943e-06,Full distribution
14.7710371819961,4 h,Tam-only,1.36358932097928e-06,-4.38632819960702e-07,3.82877548019488e-06,Full distribution
14.8043052837573,24 h,Dox-only,-1.61845463144589e-05,-4.54914563000409e-05,-1.30879428529803e-07,Full distribution
14.8043052837573,24 h,Tam-only,1.05976908992733e-07,-3.85157242200043e-06,5.77095767170717e-06,Full distribution
14.8043052837573,4 h,Dox-only,6.63683265998424e-07,-2.43516844562003e-06,5.17967048928285e-06,Full distribution
14.8043052837573,4 h,Tam-only,8.71678502724005e-07,-4.56625945717133e-07,2.48029202729568e-06,Full distribution
14.8375733855186,24 h,Dox-only,-2.15112773801537e-05,-6.22720951210734e-05,-8.05797956806011e-08,Full distribution
14.8375733855186,24 h,Tam-only,-4.32511668606301e-06,-1.81785757219301e-05,6.49183649857362e-06,Full distribution
14.8375733855186,4 h,Dox-only,4.89168667181731e-07,-2.41028502861459e-06,4.4904502276395e-06,Full distribution
14.8375733855186,4 h,Tam-only,5.57780437314154e-07,-5.03115740853988e-07,1.64730428747988e-06,Full distribution
14.8708414872798,24 h,Dox-only,-2.62275724744509e-05,-7.68460358304089e-05,-4.85121989491415e-08,Full distribution
14.8708414872798,24 h,Tam-only,-8.35507937422657e-06,-3.25865140216058e-05,8.61692304809826e-06,Full distribution
14.8708414872798,4 h,Dox-only,1.6177087672511e-07,-2.79010666671516e-06,3.8364736110691e-06,Full distribution
14.8708414872798,4 h,Tam-only,3.85186018992934e-07,-5.8084382607441e-07,1.28271556244985e-06,Full distribution
14.9041095890411,24 h,Dox-only,-3.0118305824781e-05,-8.86306697741243e-05,-2.85462187098671e-08,Full distribution
14.9041095890411,24 h,Tam-only,-1.17504388409279e-05,-4.52998001054842e-05,1.09889481768117e-05,Full distribution
14.9041095890411,4 h,Dox-only,-3.13821883989328e-07,-3.76689035149468e-06,3.118672545593e-06,Full distribution
14.9041095890411,4 h,Tam-only,3.23634918828064e-07,-5.47709643024801e-07,1.21782388205267e-06,Full distribution
14.9373776908024,24 h,Dox-only,-3.3006090401162e-05,-9.72615925442561e-05,-1.64088863032706e-08,Full distribution
14.9373776908024,24 h,Tam-only,-1.43301013151167e-05,-5.57618361273279e-05,1.35782582137326e-05,Full distribution
14.9373776908024,4 h,Dox-only,-9.43396402852799e-07,-5.46969765592796e-06,2.59786117777041e-06,Full distribution
14.9373776908024,4 h,Tam-only,3.49230555310402e-07,-4.29105506152093e-07,1.2418623449971e-06,Full distribution
14.9706457925636,24 h,Dox-only,-3.47913940797955e-05,-0.000102366801546947,-9.20474834487944e-09,Full distribution
14.9706457925636,24 h,Tam-only,-1.59798955552236e-05,-6.35473998505737e-05,1.63520063882829e-05,Full distribution
14.9706457925636,4 h,Dox-only,-1.77496037510541e-06,-8.04423795422138e-06,2.08293944623064e-06,Full distribution
14.9706457925636,4 h,Tam-only,4.11389803084126e-07,-3.08503839614777e-07,1.45336228139182e-06,Full distribution
15.0039138943249,24 h,Dox-only,-3.55217864676819e-05,-0.000104127612821071,-5.04090279644284e-09,Full distribution
15.0039138943249,24 h,Tam-only,-1.66219758267305e-05,-6.83474991838025e-05,1.91973452173565e-05,Full distribution
15.0039138943249,4 h,Dox-only,-2.80474505637782e-06,-1.13512153655466e-05,1.62705408363998e-06,Full distribution
15.0039138943249,4 h,Tam-only,5.09850771532617e-07,-2.70187966208365e-07,2.09050133625455e-06,Full distribution
15.0371819960861,24 h,Dox-only,-3.52653391749852e-05,-0.000102804195151238,-2.69831189479383e-09,Full distribution
15.0371819960861,24 h,Tam-only,-1.62973916513061e-05,-7.0194775193818e-05,2.18523208964951e-05,Full distribution
15.0371819960861,4 h,Dox-only,-4.0595116736143e-06,-1.54459051921207e-05,1.25546681673278e-06,Full distribution
15.0371819960861,4 h,Tam-only,7.08418890428934e-07,-2.30551539406182e-07,2.81715079750349e-06,Full distribution
15.0704500978474,24 h,Dox-only,-3.41470407859995e-05,-9.87345215010806e-05,-1.43813707114921e-09,Full distribution
15.0704500978474,24 h,Tam-only,-1.51866162928051e-05,-6.93961342962193e-05,2.41216897574555e-05,Full distribution
15.0704500978474,4 h,Dox-only,-5.57737716802897e-06,-2.05188154985972e-05,9.46735408921112e-07,Full distribution
15.0704500978474,4 h,Tam-only,9.39613476462812e-07,-1.81990621102413e-07,3.75552926707126e-06,Full distribution
15.1037181996086,24 h,Dox-only,-3.23552123410807e-05,-9.25337921312483e-05,-7.70500630973732e-10,Full distribution
15.1037181996086,24 h,Tam-only,-1.35210848917287e-05,-6.64132887804603e-05,2.59190899357701e-05,Full distribution
15.1037181996086,4 h,Dox-only,-7.38233625982882e-06,-2.66539474907936e-05,6.97718711975144e-07,Full distribution
15.1037181996086,4 h,Tam-only,1.19422982008175e-06,-1.42021037212166e-07,4.73705343643313e-06,Full distribution
15.1369863013699,24 h,Dox-only,-3.00512994214207e-05,-8.48153133059101e-05,-4.02622698887662e-10,Full distribution
15.1369863013699,24 h,Tam-only,-1.15246489194378e-05,-6.17320419340873e-05,2.70371290539233e-05,Full distribution
15.1369863013699,4 h,Dox-only,-9.48717653435689e-06,-3.38925166719916e-05,5.0238951053951e-07,Full distribution
15.1369863013699,4 h,Tam-only,1.46137502182047e-06,-1.07060333262859e-07,5.75807606217951e-06,Full distribution
15.1702544031311,24 h,Dox-only,-2.73920581351704e-05,-7.61157567117852e-05,-2.05343074307474e-10,Full distribution
15.1702544031311,24 h,Tam-only,-9.42780900868452e-06,-5.51842276715112e-05,2.78895931179976e-05,Full distribution
15.1702544031311,4 h,Dox-only,-1.18881791640426e-05,-4.22156983459952e-05,3.53169407482796e-07,Full distribution
15.1702544031311,4 h,Tam-only,1.72773498467838e-06,-7.83642967927201e-08,6.79102563370326e-06,Full distribution
15.2035225048924,24 h,Dox-only,-2.45196098352414e-05,-6.69659480542967e-05,-1.02653658747605e-10,Full distribution
15.2035225048924,24 h,Tam-only,-7.44770278069549e-06,-4.76837116270391e-05,2.79591447060619e-05,Full distribution
15.2035225048924,4 h,Dox-only,-1.45601015139333e-05,-5.15279928883321e-05,2.41949282858685e-07,Full distribution
15.2035225048924,4 h,Tam-only,1.97736331578689e-06,-5.60452719543905e-08,7.77488307365261e-06,Full distribution
15.2367906066536,24 h,Dox-only,-2.15549832409464e-05,-5.77952208821281e-05,-5.13231234045985e-11,Full distribution
15.2367906066536,24 h,Tam-only,-5.77051741519831e-06,-4.03628387077281e-05,2.65271017928432e-05,Full distribution
15.2367906066536,4 h,Dox-only,-1.74518699988905e-05,-6.16450472753192e-05,1.60810544673051e-07,Full distribution
15.2367906066536,4 h,Tam-only,2.19205264005998e-06,-4.15213843449526e-08,8.61491324995814e-06,Full distribution
15.2700587084149,24 h,Dox-only,-1.85962803731379e-05,-4.88760640605183e-05,-2.78723659487135e-11,Full distribution
15.2700587084149,24 h,Tam-only,-4.53752105977202e-06,-3.37022894151676e-05,2.35248973347336e-05,Full distribution
15.2700587084149,4 h,Dox-only,-2.04834598679157e-05,-7.22935357080286e-05,1.01758542205389e-07,Full distribution
15.2700587084149,4 h,Tam-only,2.35228916236745e-06,-3.43234866355517e-08,9.2245524491429e-06,Full distribution
15.3033268101761,24 h,Dox-only,-1.5758734761829e-05,-4.13396488581021e-05,-2.92510866417886e-11,Full distribution
15.3033268101761,24 h,Tam-only,-3.83561378391712e-06,-2.80513507464198e-05,1.90705251966294e-05,Full distribution
15.3033268101761,4 h,Dox-only,-2.35488132505748e-05,-8.29713260671384e-05,5.95647134735777e-08,Full distribution
15.3033268101761,4 h,Tam-only,2.43258159362626e-06,-3.01431619735557e-08,9.66154504594593e-06,Full distribution
15.3365949119374,24 h,Dox-only,-1.30983343290046e-05,-3.45487707440519e-05,-5.00365032947665e-11,Full distribution
15.3365949119374,24 h,Tam-only,-3.75840915443119e-06,-2.37097067809985e-05,1.31221683925349e-05,Full distribution
15.3365949119374,4 h,Dox-only,-2.64378962960355e-05,-9.31712110341487e-05,3.24927728533102e-08,Full distribution
15.3365949119374,4 h,Tam-only,2.44680678602017e-06,-2.43576411998791e-08,9.80537515227488e-06,Full distribution
15.3698630136986,24 h,Dox-only,-1.06300643550992e-05,-2.8111333706462e-05,-7.29292658617814e-11,Full distribution
15.3698630136986,24 h,Tam-only,-4.23154980020919e-06,-1.97322701498679e-05,6.94517181882794e-06,Full distribution
15.3698630136986,4 h,Dox-only,-2.89949706028334e-05,-0.000102235421502048,1.08989708511771e-08,Full distribution
15.3698630136986,4 h,Tam-only,2.35633609798341e-06,-3.30470539980903e-08,9.53036462965139e-06,Full distribution
15.4031311154599,24 h,Dox-only,-8.3213529710535e-06,-2.20519970554304e-05,-7.13835350663832e-11,Full distribution
15.4031311154599,24 h,Tam-only,-5.09229294980761e-06,-1.61133968166996e-05,9.46659699214793e-07,Full distribution
15.4031311154599,4 h,Dox-only,-3.10385110192512e-05,-0.000109453971729734,5.72709943267662e-09,Full distribution
15.4031311154599,4 h,Tam-only,2.15396897710429e-06,-5.0935117617685e-08,8.75577862525531e-06,Full distribution
15.4363992172211,24 h,Dox-only,-6.19193726054782e-06,-1.63925319606994e-05,-4.4374156054271e-11,Full distribution
15.4363992172211,24 h,Tam-only,-6.22387505355971e-06,-1.56397755517644e-05,1.61194167422981e-09,Full distribution
15.4363992172211,4 h,Dox-only,-3.23896674119532e-05,-0.000114219266726198,3.44486817663731e-09,Full distribution
15.4363992172211,4 h,Tam-only,1.83957309426727e-06,-7.82374973271323e-08,7.54374236145413e-06,Full distribution
15.4696673189824,24 h,Dox-only,-4.24973031275701e-06,-1.11678482951618e-05,-2.15237088384851e-11,Full distribution
15.4696673189824,24 h,Tam-only,-7.48431203795476e-06,-1.97767205360542e-05,2.98235335488672e-09,Full distribution
15.4696673189824,4 h,Dox-only,-3.28856933174098e-05,-0.000115950407725436,2.02409039401411e-09,Full distribution
15.4696673189824,4 h,Tam-only,1.4209860754628e-06,-1.17469576126901e-07,5.93084741771977e-06,Full distribution
15.5029354207436,24 h,Dox-only,-2.50525969134115e-06,-7.38999973037538e-06,-1.01776848252217e-11,Full distribution
15.5029354207436,24 h,Tam-only,-8.73355739702137e-06,-2.30649787836484e-05,5.30280607994357e-09,Full distribution
15.5029354207436,4 h,Dox-only,-3.23937304278805e-05,-0.000114171837435152,1.16131936376002e-09,Full distribution
15.5029354207436,4 h,Tam-only,9.13762512436245e-07,-1.73383262426387e-07,3.98698737869501e-06,Full distribution
15.5362035225049,24 h,Dox-only,-9.71174576605994e-07,-5.27403562366553e-06,1.47015302043761e-06,Full distribution
15.5362035225049,24 h,Tam-only,-9.8456929616247e-06,-2.72809406358273e-05,9.1693388778719e-09,Full distribution
15.5362035225049,4 h,Dox-only,-3.08238869099314e-05,-0.000108559625038261,6.50446984579016e-10,Full distribution
15.5362035225049,4 h,Tam-only,3.40037031756723e-07,-2.52371946021359e-07,1.98636124327173e-06,Full distribution
15.5694716242661,24 h,Dox-only,3.31134397543557e-07,-3.68541862341226e-06,3.33170985508447e-06,Full distribution
15.5694716242661,24 h,Tam-only,-1.07184726641537e-05,-3.06555064571659e-05,1.54742537116346e-08,Full distribution
15.5694716242661,4 h,Dox-only,-2.8140507706668e-05,-9.89812821486653e-05,3.5555796093478e-10,Full distribution
15.5694716242661,4 h,Tam-only,-2.73398974317921e-07,-8.00466587403825e-07,3.56314211271484e-07,Full distribution
15.6027397260274,24 h,Dox-only,1.334809570694e-06,-2.52139019012942e-06,6.12971561773549e-06,Full distribution
15.6027397260274,24 h,Tam-only,-1.12797275676307e-05,-3.2891871046098e-05,2.57193336335396e-08,Full distribution
15.6027397260274,4 h,Dox-only,-2.43631408722447e-05,-8.52943731053974e-05,1.89657237900688e-10,Full distribution
15.6027397260274,4 h,Tam-only,-8.90196715869918e-07,-2.47336546065876e-06,5.30875857208754e-13,Full distribution
15.6360078277887,24 h,Dox-only,2.13836095198956e-06,-1.68835920149809e-06,7.93356937439203e-06,Full distribution
15.6360078277887,24 h,Tam-only,-1.14903839624298e-05,-3.39205114481322e-05,4.34215960365938e-08,Full distribution
15.6360078277887,4 h,Dox-only,-1.95209933067465e-05,-6.81255446534526e-05,9.9739707950598e-11,Full distribution
15.6360078277887,4 h,Tam-only,-1.42648353938599e-06,-4.18887487254621e-06,2.34610295068066e-13,Full distribution
15.6692759295499,24 h,Dox-only,2.74868989229839e-06,-1.11202345626963e-06,9.2877668475664e-06,Full distribution
15.6692759295499,24 h,Tam-only,-1.13131423362196e-05,-3.37333086972059e-05,7.1261205551545e-08,Full distribution
15.6692759295499,4 h,Dox-only,-1.38907382332241e-05,-4.8099906929854e-05,5.23874986865929e-11,Full distribution
15.6692759295499,4 h,Tam-only,-1.9949971208347e-06,-6.16586512542013e-06,1.05239623438111e-13,Full distribution
15.7025440313112,24 h,Dox-only,3.17017992074819e-06,-7.28493129885926e-07,1.02432207999695e-05,Full distribution
15.7025440313112,24 h,Tam-only,-1.07818127282052e-05,-3.23744706318485e-05,1.34456421627712e-07,Full distribution
15.7025440313112,4 h,Dox-only,-7.73885071574799e-06,-2.60512673198229e-05,2.73404803781604e-11,Full distribution
15.7025440313112,4 h,Tam-only,-2.5288303992992e-06,-7.81003465860246e-06,4.56566915956008e-14,Full distribution
15.7358121330724,24 h,Dox-only,3.38541520143861e-06,-4.69148824845758e-07,1.07520625525671e-05,Full distribution
15.7358121330724,24 h,Tam-only,-9.97980291529736e-06,-3.01331687304363e-05,2.33799791831624e-07,Full distribution
15.7358121330724,4 h,Dox-only,-1.34007361305002e-06,-3.83250911385244e-06,1.39009968002052e-11,Full distribution
15.7358121330724,4 h,Tam-only,-2.99103859317081e-06,-9.12898357308169e-06,1.92120755105091e-14,Full distribution
15.7690802348337,24 h,Dox-only,3.40643865885308e-06,-4.04892993373401e-07,1.07764804437729e-05,Full distribution
15.7690802348337,24 h,Tam-only,-8.97661330829516e-06,-2.73153855028988e-05,3.54933913769216e-07,Full distribution
15.7690802348337,4 h,Dox-only,5.01513931453328e-06,-3.96375784895562e-06,2.06688376050758e-05,Full distribution
15.7690802348337,4 h,Tam-only,-3.37459517689495e-06,-1.00797647615002e-05,7.84162710634798e-15,Full distribution
15.8023483365949,24 h,Dox-only,3.25786823351794e-06,-4.07103569333656e-07,1.03830426571637e-05,Full distribution
15.8023483365949,24 h,Tam-only,-7.83509684378964e-06,-2.41772320185097e-05,5.98775291985299e-07,Full distribution
15.8023483365949,4 h,Dox-only,1.10403484796619e-05,-4.98912456342641e-06,4.28650679688157e-05,Full distribution
15.8023483365949,4 h,Tam-only,-3.67851613836824e-06,-1.09872818873034e-05,3.10564984945637e-15,Full distribution
15.8356164383562,24 h,Dox-only,2.96630014458618e-06,-5.4077424732853e-07,9.66076117658645e-06,Full distribution
15.8356164383562,24 h,Tam-only,-6.61295641787737e-06,-2.08775282878325e-05,9.19149563586519e-07,Full distribution
15.8356164383562,4 h,Dox-only,1.64725418732733e-05,-6.13690303523417e-06,6.29729618622535e-05,Full distribution
15.8356164383562,4 h,Tam-only,-3.90648262388848e-06,-1.16573359220119e-05,1.19181970431096e-15,Full distribution
15.8688845401174,24 h,Dox-only,2.55678236409674e-06,-7.82276922658602e-07,8.70699426173263e-06,Full distribution
15.8688845401174,24 h,Tam-only,-5.35845974211139e-06,-1.75983401760719e-05,1.31821031754506e-06,Full distribution
15.8688845401174,4 h,Dox-only,2.10897906493703e-05,-7.3632089936709e-06,8.01825785167156e-05,Full distribution
15.8688845401174,4 h,Tam-only,-4.06497958008612e-06,-1.21935217388138e-05,4.43596871501522e-16,Full distribution
15.9021526418787,24 h,Dox-only,2.07008647613006e-06,-1.16555800747856e-06,7.63335928367419e-06,Full distribution
15.9021526418787,24 h,Tam-only,-4.10782057779735e-06,-1.44853138603799e-05,1.85054332438398e-06,Full distribution
15.9021526418787,4 h,Dox-only,2.47258228930412e-05,-8.64375933907678e-06,9.38790700661786e-05,Full distribution
15.9021526418787,4 h,Tam-only,-4.16122908173568e-06,-1.27151737176017e-05,1.59662647792043e-16,Full distribution
15.9354207436399,24 h,Dox-only,1.52508160146306e-06,-1.72671535393106e-06,6.5702671207221e-06,Full distribution
15.9354207436399,24 h,Tam-only,-2.88424262001766e-06,-1.16443833636173e-05,2.56573470438809e-06,Full distribution
15.9354207436399,4 h,Dox-only,2.72476954148071e-05,-9.88301939136721e-06,0.000103677472341047,Full distribution
15.9354207436399,4 h,Tam-only,-4.23388959201291e-06,-1.34141594936923e-05,4.30461755717709e-17,Full distribution
15.9686888454012,24 h,Dox-only,8.92723142535863e-07,-2.50603652499277e-06,5.17839746361172e-06,Full distribution
15.9686888454012,24 h,Tam-only,-1.68534405883533e-06,-9.14226561354598e-06,3.47506816396249e-06,Full distribution
15.9686888454012,4 h,Dox-only,2.85826933167644e-05,-1.10235666984135e-05,0.000109328469655711,Full distribution
15.9686888454012,4 h,Tam-only,-4.29764826764152e-06,-1.42414157665146e-05,1.55741326730074e-17,Full distribution
16.0019569471624,24 h,Dox-only,1.61765190516041e-07,-3.58122873025148e-06,3.40586721849129e-06,Full distribution
16.0019569471624,24 h,Tam-only,-4.84297450842405e-07,-6.96382515546808e-06,5.03892397569567e-06,Full distribution
16.0019569471624,4 h,Dox-only,2.88665660372328e-05,-1.19295430733779e-05,0.000110859348950328,Full distribution
16.0019569471624,4 h,Tam-only,-4.20777642430751e-06,-1.46506324495123e-05,3.48588088716343e-18,Full distribution
16.0352250489237,24 h,Dox-only,-7.21592268383415e-07,-5.43792221836084e-06,2.52351560457955e-06,Full distribution
16.0352250489237,24 h,Tam-only,6.5102407034635e-07,-4.74757457289242e-06,7.18661070748545e-06,Full distribution
16.0352250489237,4 h,Dox-only,2.82497877703575e-05,-1.25272847513942e-05,0.000108829202719691,Full distribution
16.0352250489237,4 h,Tam-only,-4.03621209348423e-06,-1.47244601447623e-05,4.07358493715779e-18,Full distribution
16.0684931506849,24 h,Dox-only,-1.76395353024383e-06,-7.87551336133332e-06,1.96853854163945e-06,Full distribution
16.0684931506849,24 h,Tam-only,1.74641159926199e-06,-2.63210982398088e-06,9.44976732502593e-06,Full distribution
16.0684931506849,4 h,Dox-only,2.68983863557995e-05,-1.27382620421562e-05,0.000103901483253493,Full distribution
16.0684931506849,4 h,Tam-only,-3.78797587053304e-06,-1.43870001800805e-05,5.20823757907544e-18,Full distribution
16.1017612524462,24 h,Dox-only,-2.97327843851323e-06,-1.09230523275225e-05,1.50146806535461e-06,Full distribution
16.1017612524462,24 h,Tam-only,2.82564942796572e-06,-1.91172839007167e-06,1.23477470342147e-05,Full distribution
16.1017612524462,4 h,Dox-only,2.50009934508587e-05,-1.24942406424197e-05,9.67498155759021e-05,Full distribution
16.1017612524462,4 h,Tam-only,-3.46011358856145e-06,-1.35217364735369e-05,7.21570068415432e-18,Full distribution
16.1350293542074,24 h,Dox-only,-4.37707185179525e-06,-1.46577104520458e-05,1.10881042748548e-06,Full distribution
16.1350293542074,24 h,Tam-only,3.88474781383271e-06,-1.35891023268009e-06,1.53700939415986e-05,Full distribution
16.1350293542074,4 h,Dox-only,2.27526081968843e-05,-1.17497189528582e-05,8.80563736630658e-05,Full distribution
16.1350293542074,4 h,Tam-only,-3.05193306240082e-06,-1.21593978636322e-05,9.22369707087968e-19,Full distribution
16.1682974559687,24 h,Dox-only,-5.99709194632052e-06,-1.91282938073883e-05,8.00044688333374e-07,Full distribution
16.1682974559687,24 h,Tam-only,4.90985073853704e-06,-9.4500516704109e-07,1.84522655836927e-05,Full distribution
16.1682974559687,4 h,Dox-only,2.0339569762833e-05,-1.04884201253016e-05,7.84854552953033e-05,Full distribution
16.1682974559687,4 h,Tam-only,-2.56631660190725e-06,-1.03404301702865e-05,-7.90637130824924e-19,Full distribution
16.2015655577299,24 h,Dox-only,-7.84368411107523e-06,-2.43249535681117e-05,5.72996738224649e-07,Full distribution
16.2015655577299,24 h,Tam-only,5.87623634359856e-06,-6.42680914429544e-07,2.14851457878097e-05,Full distribution
16.2015655577299,4 h,Dox-only,1.79267667522676e-05,-8.69675001753226e-06,6.86960712965839e-05,Full distribution
16.2015655577299,4 h,Tam-only,-2.01074242481226e-06,-8.02233651879881e-06,0,Full distribution
16.2348336594912,24 h,Dox-only,-9.88612341736334e-06,-3.02001858437904e-05,4.06968493525523e-07,Full distribution
16.2348336594912,24 h,Tam-only,6.74856738781562e-06,-4.2728928837219e-07,2.42912498466783e-05,Full distribution
16.2348336594912,4 h,Dox-only,1.56478920057037e-05,-6.46760090857084e-06,5.92154788473735e-05,Full distribution
16.2348336594912,4 h,Tam-only,-1.3978901732347e-06,-5.37285255053459e-06,1.92900080015311e-18,Full distribution
16.2681017612524,24 h,Dox-only,-1.21074618020811e-05,-3.6663759829999e-05,2.87459292601392e-07,Full distribution
16.2681017612524,24 h,Tam-only,7.48244622999334e-06,-2.76287997034191e-07,2.67084025756276e-05,Full distribution
16.2681017612524,4 h,Dox-only,1.36616067279697e-05,-3.89958372388415e-06,5.04039519232022e-05,Full distribution
16.2681017612524,4 h,Tam-only,-6.83426912403154e-07,-2.56828428756455e-06,4.17098611741549e-19,Full distribution
16.3013698630137,24 h,Dox-only,-1.44554489836521e-05,-4.36033686558138e-05,1.98454703029395e-07,Full distribution
16.3013698630137,24 h,Tam-only,8.03038782737781e-06,-1.73658111434927e-07,2.84897595548424e-05,Full distribution
16.3013698630137,4 h,Dox-only,1.19501023416547e-05,-1.05378979970682e-06,4.25506871887689e-05,Full distribution
16.3013698630137,4 h,Tam-only,7.14940230459686e-08,-3.39296259268627e-07,8.12676754066985e-07,Full distribution
16.334637964775,24 h,Dox-only,-1.68448428328586e-05,-5.07265940501358e-05,1.3228403270711e-07,Full distribution
16.334637964775,24 h,Tam-only,8.30895568938159e-06,-1.09687741614643e-07,2.93246455514053e-05,Full distribution
16.334637964775,4 h,Dox-only,1.05227983142502e-05,0,3.55144131958031e-05,Full distribution
16.334637964775,4 h,Tam-only,7.17696281169216e-07,-2.0636842197681e-07,3.61213392217974e-06,Full distribution
16.3679060665362,24 h,Dox-only,-1.91734726745265e-05,-5.76827150762613e-05,8.54451149390819e-08,Full distribution
16.3679060665362,24 h,Tam-only,8.2413702947821e-06,-6.84015004023929e-08,2.90583254591872e-05,Full distribution
16.3679060665362,4 h,Dox-only,9.36430548830626e-06,-1.0517986187686e-18,3.00782267212022e-05,Full distribution
16.3679060665362,4 h,Tam-only,1.30518658649464e-06,-1.38459181831537e-07,6.40707459381543e-06,Full distribution
16.4011741682975,24 h,Dox-only,-2.12613508953961e-05,-6.39944633028817e-05,5.34670867420271e-08,Full distribution
16.4011741682975,24 h,Tam-only,7.83311114668901e-06,-4.17232243030339e-08,2.76921608520017e-05,Full distribution
16.4011741682975,4 h,Dox-only,8.43448581735687e-06,-3.83202020923281e-18,2.55861954425413e-05,Full distribution
16.4011741682975,4 h,Tam-only,1.81227926974032e-06,-9.08622513792737e-08,8.60565129174434e-06,Full distribution
16.4344422700587,24 h,Dox-only,-2.29438943130194e-05,-6.91005505147794e-05,3.27216917935543e-08,Full distribution
16.4344422700587,24 h,Tam-only,7.08006125782452e-06,-2.48799057084213e-08,2.51196049889473e-05,Full distribution
16.4344422700587,4 h,Dox-only,7.6837865502921e-06,-1.00448931382943e-18,2.12965978606084e-05,Full distribution
16.4344422700587,4 h,Tam-only,2.2224553235785e-06,-5.83117985328865e-08,1.05209913409585e-05,Full distribution
16.46771037182,24 h,Dox-only,-2.40596079012365e-05,-7.24993984950809e-05,1.95819636009586e-08,Full distribution
16.46771037182,24 h,Tam-only,5.99506700344904e-06,-1.4496721928194e-08,2.13740571836845e-05,Full distribution
16.46771037182,4 h,Dox-only,7.06038777569737e-06,-6.55107792805104e-19,1.76575303417767e-05,Full distribution
16.46771037182,4 h,Tam-only,2.52519553083304e-06,-3.65901266586255e-08,1.18236434797284e-05,Full distribution
16.5009784735812,24 h,Dox-only,-2.44585200357373e-05,-7.3732623337439e-05,1.14749134730717e-08,Full distribution
16.5009784735812,24 h,Tam-only,4.61369836232715e-06,-8.25027033534116e-09,1.65709312673256e-05,Full distribution
16.5009784735812,4 h,Dox-only,6.51611117226628e-06,-1.17946545255863e-18,1.70762629934554e-05,Full distribution
16.5009784735812,4 h,Tam-only,2.71634953218316e-06,-2.24454459849976e-08,1.26096798775493e-05,Full distribution
16.5342465753425,24 h,Dox-only,-2.4011788023186e-05,-7.24224704558914e-05,6.81225355916142e-09,Full distribution
16.5342465753425,24 h,Tam-only,2.99307849660632e-06,-4.58461796027423e-09,1.09044084344994e-05,Full distribution
16.5342465753425,4 h,Dox-only,6.01079874118583e-06,-5.67244490769112e-18,1.65511821682674e-05,Full distribution
16.5342465753425,4 h,Tam-only,2.7980661593303e-06,-1.39962747329202e-08,1.28954797899903e-05,Full distribution
16.5675146771037,24 h,Dox-only,-2.26220602536506e-05,-6.82808903777986e-05,4.04180831054239e-09,Full distribution
16.5675146771037,24 h,Tam-only,1.20877148790315e-06,-2.48692378360613e-09,4.63860985986233e-06,Full distribution
16.5675146771037,4 h,Dox-only,5.51501045987721e-06,-4.65400187472889e-18,1.60393031529462e-05,Full distribution
16.5675146771037,4 h,Tam-only,2.77830819194172e-06,-8.89085598292101e-09,1.27241721984906e-05,Full distribution
16.600782778865,24 h,Dox-only,-2.03061141711962e-05,-6.12707099356934e-05,2.35557135674595e-09,Full distribution
16.600782778865,24 h,Tam-only,-6.500915146521e-07,-2.23061003601554e-06,-4.99315784748056e-16,Full distribution
16.600782778865,4 h,Dox-only,4.98718866969797e-06,-4.44042013589043e-20,1.47245424677649e-05,Full distribution
16.600782778865,4 h,Tam-only,2.64306952563683e-06,-5.42509387488443e-09,1.21150403369105e-05,Full distribution
16.6340508806262,24 h,Dox-only,-1.71010628834806e-05,-5.15713021269201e-05,1.33646900107641e-09,Full distribution
16.6340508806262,24 h,Tam-only,-2.55449743836266e-06,-8.85210894727816e-06,-1.69289372961447e-16,Full distribution
16.6340508806262,4 h,Dox-only,4.45767798813068e-06,-5.24920260562544e-18,1.33007941414873e-05,Full distribution
16.6340508806262,4 h,Tam-only,2.42542660340328e-06,-3.12210392359719e-09,1.11481933789649e-05,Full distribution
16.6673189823875,24 h,Dox-only,-1.31031112329561e-05,-3.94839118838666e-05,7.27029289041665e-10,Full distribution
16.6673189823875,24 h,Tam-only,-4.3330640962339e-06,-1.49608170698017e-05,-6.46993003793465e-17,Full distribution
16.6673189823875,4 h,Dox-only,3.92430209501768e-06,-1.20807910516748e-17,1.17179791720252e-05,Full distribution
16.6673189823875,4 h,Tam-only,2.17903630062125e-06,-1.75081520863349e-09,1.00158464951451e-05,Full distribution
16.7005870841487,24 h,Dox-only,-8.37337349415856e-06,-2.54224014042052e-05,3.83270012966726e-10,Full distribution
16.7005870841487,24 h,Tam-only,-5.76788114756993e-06,-2.03088148530093e-05,-1.01901639777386e-17,Full distribution
16.7005870841487,4 h,Dox-only,3.39720604707604e-06,-6.75770867373639e-18,1.01916166181888e-05,Full distribution
16.7005870841487,4 h,Tam-only,1.91187808416852e-06,-9.60050207809094e-10,8.57430040481478e-06,Full distribution
16.73385518591,24 h,Dox-only,-3.24063068848094e-06,-9.89402111184633e-06,1.96093103747975e-10,Full distribution
16.73385518591,24 h,Tam-only,-6.9089310998175e-06,-2.43151602112882e-05,-8.33650195917053e-18,Full distribution
16.73385518591,4 h,Dox-only,2.88824034109383e-06,-5.75547112059235e-18,8.74216915594532e-06,Full distribution
16.73385518591,4 h,Tam-only,1.63952007630719e-06,-5.14617819869107e-10,7.16334911010418e-06,Full distribution
16.7671232876712,24 h,Dox-only,2.04433853641625e-06,-1.84209224419526e-17,6.10610844445404e-06,Full distribution
16.7671232876712,24 h,Tam-only,-7.72186785459159e-06,-2.71714461372979e-05,4.3726876668323e-18,Full distribution
16.7671232876712,4 h,Dox-only,2.40904040480448e-06,-1.59345065153514e-17,7.3414963823864e-06,Full distribution
16.7671232876712,4 h,Tam-only,1.37471114815846e-06,-2.69589826844806e-10,5.90688681685656e-06,Full distribution
16.8003913894325,24 h,Dox-only,7.22019613646515e-06,-8.45409850497897e-18,2.1734115005283e-05,Full distribution
16.8003913894325,24 h,Tam-only,-8.19578178335567e-06,-2.88387601903613e-05,4.53839321080542e-18,Full distribution
16.8003913894325,4 h,Dox-only,1.96958460182253e-06,-5.46493571696803e-18,6.02489574439292e-06,Full distribution
16.8003913894325,4 h,Tam-only,1.12720624557722e-06,-1.37992206581094e-10,4.80195175161595e-06,Full distribution
16.8336594911937,24 h,Dox-only,1.20345421788157e-05,0,3.62556022303735e-05,Full distribution
16.8336594911937,24 h,Tam-only,-8.34179261658939e-06,-2.93552416711152e-05,2.29364289382899e-18,Full distribution
16.8336594911937,4 h,Dox-only,1.57724974586233e-06,-4.12694651168858e-19,4.83822514650944e-06,Full distribution
16.8336594911937,4 h,Tam-only,9.03793489097432e-07,-6.99440186691639e-11,3.82149597029459e-06,Full distribution
16.866927592955,24 h,Dox-only,1.62129825247437e-05,-1.03145005640204e-19,4.8989507591352e-05,Full distribution
16.866927592955,24 h,Tam-only,-8.19007172412602e-06,-2.88768828713287e-05,0,Full distribution
16.866927592955,4 h,Dox-only,1.23634766007027e-06,-1.1764217908214e-18,3.8144964859916e-06,Full distribution
16.866927592955,4 h,Tam-only,7.08486556561768e-07,-3.69081463381588e-11,2.97624385135124e-06,Full distribution
16.9001956947162,24 h,Dox-only,1.95741298471282e-05,0,5.91665819317185e-05,Full distribution
16.9001956947162,24 h,Tam-only,-7.78567490508281e-06,-2.75090494848583e-05,1.00909006969004e-18,Full distribution
16.9001956947162,4 h,Dox-only,9.40869889506848e-07,-4.63429131199484e-19,2.94969522471209e-06,Full distribution
16.9001956947162,4 h,Tam-only,5.35629508051112e-07,-1.86907428363912e-11,2.26747458502714e-06,Full distribution
16.9334637964775,24 h,Dox-only,2.20659342016334e-05,-4.04915655275443e-19,6.66220468381214e-05,Full distribution
16.9334637964775,24 h,Tam-only,-7.18360596756149e-06,-2.53328758489117e-05,2.39243023887816e-19,Full distribution
16.9334637964775,4 h,Dox-only,6.95522451727848e-07,-5.16234435987511e-18,2.24284865923799e-06,Full distribution
16.9334637964775,4 h,Tam-only,3.80686436768222e-07,-8.8202021292972e-12,1.67058138092083e-06,Full distribution
16.9667318982387,24 h,Dox-only,2.36424551540015e-05,-1.64915826241041e-19,7.13020471304278e-05,Full distribution
16.9667318982387,24 h,Tam-only,-6.39632528486574e-06,-2.2649884126421e-05,4.00977686740158e-20,Full distribution
16.9667318982387,4 h,Dox-only,5.15114866709227e-07,-3.9576595900192e-18,1.6700476620027e-06,Full distribution
16.9667318982387,4 h,Tam-only,2.73960508543234e-07,-4.31256415591416e-12,1.20465136110739e-06,Full distribution
17,24 h,Dox-only,2.43070572116497e-05,-4.25193975574308e-19,7.32529559994319e-05,Full distribution
17,24 h,Tam-only,-5.54030184415759e-06,-1.97737167389132e-05,6.31182655693736e-18,Full distribution
17,4 h,Dox-only,3.73929014361059e-07,-7.61754433916485e-18,1.21786260616286e-06,Full distribution
17,4 h,Tam-only,1.98425936373671e-07,-2.09483547561748e-12,8.26010278390317e-07,Full distribution
4.99021526418787,24 h,Dox-only,0.0044218615344076,0.00216310249030074,0.00613227792332768,Head/shoulder zoom (x ≥ 4.97)
4.99021526418787,24 h,Tam-only,0.000200592387418624,-0.00134065016129837,0.0011761078600265,Head/shoulder zoom (x ≥ 4.97)
4.99021526418787,4 h,Dox-only,-0.000438558002330447,-0.00151692014682569,0.000765186091760083,Head/shoulder zoom (x ≥ 4.97)
4.99021526418787,4 h,Tam-only,-0.00179954153466336,-0.00278488956673759,-0.000763239305787293,Head/shoulder zoom (x ≥ 4.97)
5.02348336594912,24 h,Dox-only,0.00475903907180916,0.00261488178724181,0.00643641603175344,Head/shoulder zoom (x ≥ 4.97)
5.02348336594912,24 h,Tam-only,0.000415276631925199,-0.000940201332610892,0.00136186993328319,Head/shoulder zoom (x ≥ 4.97)
5.02348336594912,4 h,Dox-only,-0.000565771337089363,-0.00163915593992659,0.000740502408142751,Head/shoulder zoom (x ≥ 4.97)
5.02348336594912,4 h,Tam-only,-0.00186440450357071,-0.00274206180675658,-0.000864175425114871,Head/shoulder zoom (x ≥ 4.97)
5.05675146771037,24 h,Dox-only,0.00508679196699392,0.00297222495814864,0.00675985724437594,Head/shoulder zoom (x ≥ 4.97)
5.05675146771037,24 h,Tam-only,0.000623485343496308,-0.000668307144342103,0.00155603884144337,Head/shoulder zoom (x ≥ 4.97)
5.05675146771037,4 h,Dox-only,-0.000688440228633264,-0.00170157272740005,0.000726689524954681,Head/shoulder zoom (x ≥ 4.97)
5.05675146771037,4 h,Tam-only,-0.00191506182989022,-0.00280183914939296,-0.000862404291510936,Head/shoulder zoom (x ≥ 4.97)
5.09001956947162,24 h,Dox-only,0.00539726345263115,0.00322657163777861,0.00710201686605038,Head/shoulder zoom (x ≥ 4.97)
5.09001956947162,24 h,Tam-only,0.000822630692290022,-0.000443655773354468,0.00171965757497894,Head/shoulder zoom (x ≥ 4.97)
5.09001956947162,4 h,Dox-only,-0.000803088855828277,-0.00184725736580152,0.000587460247081596,Head/shoulder zoom (x ≥ 4.97)
5.09001956947162,4 h,Tam-only,-0.00194895535616077,-0.00286670953339894,-0.000780310787210546,Head/shoulder zoom (x ≥ 4.97)
5.12328767123288,24 h,Dox-only,0.0056830410103878,0.00344364650169479,0.00745265055533907,Head/shoulder zoom (x ≥ 4.97)
5.12328767123288,24 h,Tam-only,0.00100981611210429,-0.000241303569613892,0.00197835951161943,Head/shoulder zoom (x ≥ 4.97)
5.12328767123288,4 h,Dox-only,-0.000907350891129352,-0.00195351918745553,0.000539629512258656,Head/shoulder zoom (x ≥ 4.97)
5.12328767123288,4 h,Tam-only,-0.00196398779838798,-0.0029242180514473,-0.000720921709916956,Head/shoulder zoom (x ≥ 4.97)
5.15655577299413,24 h,Dox-only,0.00593742089349407,0.00375819846229866,0.00770305528926359,Head/shoulder zoom (x ≥ 4.97)
5.15655577299413,24 h,Tam-only,0.00118169017952947,-2.24566836097839e-05,0.00222626699409798,Head/shoulder zoom (x ≥ 4.97)
5.15655577299413,4 h,Dox-only,-0.000999856872825985,-0.00203687250560499,0.000435584702362981,Head/shoulder zoom (x ≥ 4.97)
5.15655577299413,4 h,Tam-only,-0.00195870944553078,-0.00296380321647062,-0.000710179017448256,Head/shoulder zoom (x ≥ 4.97)
5.18982387475538,24 h,Dox-only,0.00615468760654939,0.00404800370709202,0.0077825108923045,Head/shoulder zoom (x ≥ 4.97)
5.18982387475538,24 h,Tam-only,0.00133438488665979,0.000220341240059302,0.00237457062191107,Head/shoulder zoom (x ≥ 4.97)
5.18982387475538,4 h,Dox-only,-0.00108003749837383,-0.00208101659782454,0.00031579791906204,Head/shoulder zoom (x ≥ 4.97)
5.18982387475538,4 h,Tam-only,-0.00193248224457022,-0.00299403344664016,-0.000661025891358618,Head/shoulder zoom (x ≥ 4.97)
5.22309197651663,24 h,Dox-only,0.00633040246508295,0.00429274474673922,0.00778335816798238,Head/shoulder zoom (x ≥ 4.97)
5.22309197651663,24 h,Tam-only,0.00146356530606696,0.000458386222532954,0.00248361765384751,Head/shoulder zoom (x ≥ 4.97)
5.22309197651663,4 h,Dox-only,-0.0011478758422166,-0.00213316043279867,0.000182187042954303,Head/shoulder zoom (x ≥ 4.97)
5.22309197651663,4 h,Tam-only,-0.00188560911805801,-0.00296037055718547,-0.000563407215546449,Head/shoulder zoom (x ≥ 4.97)
5.25636007827789,24 h,Dox-only,0.00645734672003848,0.00443028804843929,0.00797609883581231,Head/shoulder zoom (x ≥ 4.97)
5.25636007827789,24 h,Tam-only,0.00156026613121162,0.000551370751300894,0.00264119042095524,Head/shoulder zoom (x ≥ 4.97)
5.25636007827789,4 h,Dox-only,-0.00120364390435309,-0.00220278033284882,3.79505887795537e-05,Head/shoulder zoom (x ≥ 4.97)
5.25636007827789,4 h,Tam-only,-0.00181928022774022,-0.0028989764543362,-0.000440703139772528,Head/shoulder zoom (x ≥ 4.97)
5.28962818003914,24 h,Dox-only,0.00653550832604091,0.00448461067635849,0.00813163087132801,Head/shoulder zoom (x ≥ 4.97)
5.28962818003914,24 h,Tam-only,0.00162314904699016,0.000569580905676365,0.00276924656046559,Head/shoulder zoom (x ≥ 4.97)
5.28962818003914,4 h,Dox-only,-0.0012464658296962,-0.00224897698582197,-6.62693155283371e-05,Head/shoulder zoom (x ≥ 4.97)
5.28962818003914,4 h,Tam-only,-0.00173461253697704,-0.00278318966109312,-0.000425259460918199,Head/shoulder zoom (x ≥ 4.97)
5.32289628180039,24 h,Dox-only,0.00657110557931091,0.00453292186031998,0.00816284432990621,Head/shoulder zoom (x ≥ 4.97)
5.32289628180039,24 h,Tam-only,0.00164886402985315,0.000608775719017762,0.00274273908797968,Head/shoulder zoom (x ≥ 4.97)
5.32289628180039,4 h,Dox-only,-0.00127699887320737,-0.00230338446430518,-4.98492811493459e-05,Head/shoulder zoom (x ≥ 4.97)
5.32289628180039,4 h,Tam-only,-0.00163712277019479,-0.00264430040168598,-0.00032718879366784,Head/shoulder zoom (x ≥ 4.97)
5.35616438356164,24 h,Dox-only,0.00656816526462412,0.00458798321397559,0.00821165748597472,Head/shoulder zoom (x ≥ 4.97)
5.35616438356164,24 h,Tam-only,0.00163519384910506,0.000512216177810238,0.00264089189471982,Head/shoulder zoom (x ≥ 4.97)
5.35616438356164,4 h,Dox-only,-0.00129573835739709,-0.00227334100271346,-6.83548023994055e-05,Head/shoulder zoom (x ≥ 4.97)
5.35616438356164,4 h,Tam-only,-0.00153194336602677,-0.00248954569009728,-0.000380055587533062,Head/shoulder zoom (x ≥ 4.97)
5.3894324853229,24 h,Dox-only,0.00653275592661826,0.00481005174714681,0.00818583353044743,Head/shoulder zoom (x ≥ 4.97)
5.3894324853229,24 h,Tam-only,0.00158168400317914,0.000507944438289628,0.00252863017644836,Head/shoulder zoom (x ≥ 4.97)
5.3894324853229,4 h,Dox-only,-0.00130226172216086,-0.00228475668910661,-0.000113263256279271,Head/shoulder zoom (x ≥ 4.97)
5.3894324853229,4 h,Tam-only,-0.00142394116931596,-0.00234923648533262,-0.000217363960225058,Head/shoulder zoom (x ≥ 4.97)
5.42270058708415,24 h,Dox-only,0.00647238269558018,0.00497873673600702,0.00806328381597514,Head/shoulder zoom (x ≥ 4.97)
5.42270058708415,24 h,Tam-only,0.00148995775369,0.000421592293817959,0.00261510274262557,Head/shoulder zoom (x ≥ 4.97)
5.42270058708415,4 h,Dox-only,-0.0012959996958767,-0.00230217638795446,-0.000199315902986001,Head/shoulder zoom (x ≥ 4.97)
5.42270058708415,4 h,Tam-only,-0.00131805361495225,-0.00216862910332831,-8.01473121997286e-05,Head/shoulder zoom (x ≥ 4.97)
5.4559686888454,24 h,Dox-only,0.00639546690783966,0.00500874170510959,0.00802032467500212,Head/shoulder zoom (x ≥ 4.97)
5.4559686888454,24 h,Tam-only,0.00136387486822564,0.000233122517899907,0.0024431338709815,Head/shoulder zoom (x ≥ 4.97)
5.4559686888454,4 h,Dox-only,-0.00127635875944003,-0.00228349512589591,-0.000155390712631444,Head/shoulder zoom (x ≥ 4.97)
5.4559686888454,4 h,Tam-only,-0.00121898073315019,-0.00203483195110657,-1.94281428916247e-05,Head/shoulder zoom (x ≥ 4.97)
5.48923679060665,24 h,Dox-only,0.00631072080149388,0.00497528214253492,0.00795812999491256,Head/shoulder zoom (x ≥ 4.97)
5.48923679060665,24 h,Tam-only,0.0012095101403584,5.57787428695354e-05,0.00231454218792485,Head/shoulder zoom (x ≥ 4.97)
5.48923679060665,4 h,Dox-only,-0.00124285483634306,-0.00218015520809482,-0.000223184960556591,Head/shoulder zoom (x ≥ 4.97)
5.48923679060665,4 h,Tam-only,-0.00113089364918254,-0.00195624749457474,-4.5757453518756e-05,Head/shoulder zoom (x ≥ 4.97)
5.52250489236791,24 h,Dox-only,0.00622646159960524,0.0047923507077282,0.00786239433482046,Head/shoulder zoom (x ≥ 4.97)
5.52250489236791,24 h,Tam-only,0.0010349417861473,-0.000108628595059421,0.00224743388491347,Head/shoulder zoom (x ≥ 4.97)
5.52250489236791,4 h,Dox-only,-0.00119524151561538,-0.00210004980750674,-0.000225023458995111,Head/shoulder zoom (x ≥ 4.97)
5.52250489236791,4 h,Tam-only,-0.00105718076643564,-0.00185290893501364,2.9969838420722e-05,Head/shoulder zoom (x ≥ 4.97)
5.55577299412916,24 h,Dox-only,0.0061499176050072,0.00464002826132711,0.00785297129254024,Head/shoulder zoom (x ≥ 4.97)
5.55577299412916,24 h,Tam-only,0.000849854325197914,-0.000281594483052604,0.00213238722076967,Head/shoulder zoom (x ≥ 4.97)
5.55577299412916,4 h,Dox-only,-0.00113361929034417,-0.00201136424153457,-0.000196575013032983,Head/shoulder zoom (x ≥ 4.97)
5.55577299412916,4 h,Tam-only,-0.00100025103676309,-0.00179218838699313,4.56273236734003e-05,Head/shoulder zoom (x ≥ 4.97)
5.58904109589041,24 h,Dox-only,0.00608591327653468,0.00457223482728789,0.00776085864083986,Head/shoulder zoom (x ≥ 4.97)
5.58904109589041,24 h,Tam-only,0.000664949487306353,-0.000440845765698977,0.00200259872105352,Head/shoulder zoom (x ≥ 4.97)
5.58904109589041,4 h,Dox-only,-0.00105801055549429,-0.00192656503099795,-8.28183093306124e-05,Head/shoulder zoom (x ≥ 4.97)
5.58904109589041,4 h,Tam-only,-0.000961218186948741,-0.00180715251562774,-2.356838261862e-05,Head/shoulder zoom (x ≥ 4.97)
5.62230919765166,24 h,Dox-only,0.00604162911380118,0.00461237344320927,0.00760831428069412,Head/shoulder zoom (x ≥ 4.97)
5.62230919765166,24 h,Tam-only,0.000495886986716945,-0.000504193069466195,0.00190549732216503,Head/shoulder zoom (x ≥ 4.97)
5.62230919765166,4 h,Dox-only,-0.000968619541608755,-0.00178745365054524,6.00947862284219e-05,Head/shoulder zoom (x ≥ 4.97)
5.62230919765166,4 h,Tam-only,-0.000942228241231309,-0.00186296570569521,-4.75279666692694e-05,Head/shoulder zoom (x ≥ 4.97)
5.65557729941292,24 h,Dox-only,0.0060151972283938,0.00461182490331246,0.00751129194799394,Head/shoulder zoom (x ≥ 4.97)
5.65557729941292,24 h,Tam-only,0.000350885600466283,-0.000676562818170439,0.0017866504726518,Head/shoulder zoom (x ≥ 4.97)
5.65557729941292,4 h,Dox-only,-0.000869436576480538,-0.00164998975790242,0.000191234784398919,Head/shoulder zoom (x ≥ 4.97)
5.65557729941292,4 h,Tam-only,-0.000940406849944037,-0.00189782200216504,-0.000104518015936527,Head/shoulder zoom (x ≥ 4.97)
5.68884540117417,24 h,Dox-only,0.00600121468408572,0.00452528882088363,0.00747109649967634,Head/shoulder zoom (x ≥ 4.97)
5.68884540117417,24 h,Tam-only,0.000238109127115749,-0.000840144217009943,0.00165243092482014,Head/shoulder zoom (x ≥ 4.97)
5.68884540117417,4 h,Dox-only,-0.000762054666108993,-0.00153181354527335,0.000307663641776518,Head/shoulder zoom (x ≥ 4.97)
5.68884540117417,4 h,Tam-only,-0.000953052846175424,-0.00190599879379643,-0.000189965139086236,Head/shoulder zoom (x ≥ 4.97)
5.72211350293542,24 h,Dox-only,0.00599415984535338,0.00439411306047454,0.00741225499913104,Head/shoulder zoom (x ≥ 4.97)
5.72211350293542,24 h,Tam-only,0.000163507068271528,-0.00087760105094546,0.00159408321070085,Head/shoulder zoom (x ≥ 4.97)
5.72211350293542,4 h,Dox-only,-0.00064898480268704,-0.00140745586357113,0.000335865120588475,Head/shoulder zoom (x ≥ 4.97)
5.72211350293542,4 h,Tam-only,-0.000977468055394844,-0.00189986571282388,-0.000246127184943911,Head/shoulder zoom (x ≥ 4.97)
5.75538160469667,24 h,Dox-only,0.00598703294921669,0.00431970103269581,0.00747898196800186,Head/shoulder zoom (x ≥ 4.97)
5.75538160469667,24 h,Tam-only,0.000130449214450205,-0.000860544173564431,0.00162705337512241,Head/shoulder zoom (x ≥ 4.97)
5.75538160469667,4 h,Dox-only,-0.000533014819045066,-0.00131274613259256,0.000417788758202726,Head/shoulder zoom (x ≥ 4.97)
5.75538160469667,4 h,Tam-only,-0.00101061436109982,-0.00190551932237247,-0.000283181304441156,Head/shoulder zoom (x ≥ 4.97)
5.78864970645793,24 h,Dox-only,0.00597203963430992,0.00442431484478921,0.00745277371919654,Head/shoulder zoom (x ≥ 4.97)
5.78864970645793,24 h,Tam-only,0.000139549245219986,-0.000833750576181667,0.00147346175459487,Head/shoulder zoom (x ≥ 4.97)
5.78864970645793,4 h,Dox-only,-0.000417100549939167,-0.00126613666607103,0.000539699507794718,Head/shoulder zoom (x ≥ 4.97)
5.78864970645793,4 h,Tam-only,-0.00104929956506788,-0.00196790429267865,-0.000323773165906121,Head/shoulder zoom (x ≥ 4.97)
5.82191780821918,24 h,Dox-only,0.00594130911391007,0.00443256374374745,0.00745476412268708,Head/shoulder zoom (x ≥ 4.97)
5.82191780821918,24 h,Tam-only,0.000188684051334806,-0.000744969471298807,0.00138674802166079,Head/shoulder zoom (x ≥ 4.97)
5.82191780821918,4 h,Dox-only,-0.000304240236744982,-0.00120870517537865,0.000625251272757972,Head/shoulder zoom (x ≥ 4.97)
5.82191780821918,4 h,Tam-only,-0.00109032791153421,-0.00200552358525853,-0.000359221093850317,Head/shoulder zoom (x ≥ 4.97)
5.85518590998043,24 h,Dox-only,0.0058875861023097,0.00429901559347082,0.00742899913002777,Head/shoulder zoom (x ≥ 4.97)
5.85518590998043,24 h,Tam-only,0.000273203695929952,-0.000601759911583268,0.00141825097766075,Head/shoulder zoom (x ≥ 4.97)
5.85518590998043,4 h,Dox-only,-0.000197336209969125,-0.00113233022728304,0.000726768907440552,Head/shoulder zoom (x ≥ 4.97)
5.85518590998043,4 h,Tam-only,-0.00113060815499517,-0.00204943816231123,-0.000414551053338586,Head/shoulder zoom (x ≥ 4.97)
5.88845401174168,24 h,Dox-only,0.00580493922907427,0.00411216162618463,0.00735637509869016,Head/shoulder zoom (x ≥ 4.97)
5.88845401174168,24 h,Tam-only,0.000386413878391646,-0.000474520750828526,0.0015353372062912,Head/shoulder zoom (x ≥ 4.97)
5.88845401174168,4 h,Dox-only,-9.90494824525331e-05,-0.00104545453535437,0.000847797651574086,Head/shoulder zoom (x ≥ 4.97)
5.88845401174168,4 h,Tam-only,-0.00116721755003498,-0.0020754853322883,-0.000456949695600599,Head/shoulder zoom (x ≥ 4.97)
5.92172211350294,24 h,Dox-only,0.00568934593874888,0.00390617588079875,0.00722344789455,Head/shoulder zoom (x ≥ 4.97)
5.92172211350294,24 h,Tam-only,0.000520448523076346,-0.000431610907075462,0.00168099735222759,Head/shoulder zoom (x ≥ 4.97)
5.92172211350294,4 h,Dox-only,-1.17317393903138e-05,-0.00100195330576506,0.000882065910145298,Head/shoulder zoom (x ≥ 4.97)
5.92172211350294,4 h,Tam-only,-0.00119563784153359,-0.00211862336658681,-0.000477376488671426,Head/shoulder zoom (x ≥ 4.97)
5.95499021526419,24 h,Dox-only,0.00553257314714944,0.00378961381029658,0.00702268833681336,Head/shoulder zoom (x ≥ 4.97)
5.95499021526419,24 h,Tam-only,0.00066285988873712,-0.00025029688180802,0.00180512138176002,Head/shoulder zoom (x ≥ 4.97)
5.95499021526419,4 h,Dox-only,6.10455791204556e-05,-0.000956332234858415,0.000948894213433863,Head/shoulder zoom (x ≥ 4.97)
5.95499021526419,4 h,Tam-only,-0.00121540055297401,-0.00213375573175133,-0.000523437643235164,Head/shoulder zoom (x ≥ 4.97)
5.98825831702544,24 h,Dox-only,0.00533940136503448,0.00367077050226898,0.0067844415555443,Head/shoulder zoom (x ≥ 4.97)
5.98825831702544,24 h,Tam-only,0.00080410023358183,-8.05617235683635e-05,0.00201018140034571,Head/shoulder zoom (x ≥ 4.97)
5.98825831702544,4 h,Dox-only,0.000120047893917202,-0.000924639381286091,0.00103079289429948,Head/shoulder zoom (x ≥ 4.97)
5.98825831702544,4 h,Tam-only,-0.00122333274080712,-0.00217520707074418,-0.000579917615909565,Head/shoulder zoom (x ≥ 4.97)
6.02152641878669,24 h,Dox-only,0.0051142466753091,0.00352030601410983,0.00651202269090898,Head/shoulder zoom (x ≥ 4.97)
6.02152641878669,24 h,Tam-only,0.00093586254657009,6.74695746600684e-05,0.00207157283073893,Head/shoulder zoom (x ≥ 4.97)
6.02152641878669,4 h,Dox-only,0.000165187764661776,-0.000868239705029904,0.00105892655249092,Head/shoulder zoom (x ≥ 4.97)
6.02152641878669,4 h,Tam-only,-0.00121736328671068,-0.00220665794394132,-0.000557140303376388,Head/shoulder zoom (x ≥ 4.97)
6.05479452054795,24 h,Dox-only,0.00486162968917805,0.00333402204252023,0.0061957240981992,Head/shoulder zoom (x ≥ 4.97)
6.05479452054795,24 h,Tam-only,0.00105121253373344,0.000158574866254881,0.00209282338172942,Head/shoulder zoom (x ≥ 4.97)
6.05479452054795,4 h,Dox-only,0.000197001438910764,-0.00079043588750706,0.00109729403154383,Head/shoulder zoom (x ≥ 4.97)
6.05479452054795,4 h,Tam-only,-0.00119571286635422,-0.00224015767569672,-0.000482428796717922,Head/shoulder zoom (x ≥ 4.97)
6.0880626223092,24 h,Dox-only,0.00458721762734272,0.00310830690137064,0.00595622487283579,Head/shoulder zoom (x ≥ 4.97)
6.0880626223092,24 h,Tam-only,0.0011449467124746,0.000203008637634308,0.00209929903133148,Head/shoulder zoom (x ≥ 4.97)
6.0880626223092,4 h,Dox-only,0.00021654545973377,-0.00070535865381039,0.00107043493347017,Head/shoulder zoom (x ≥ 4.97)
6.0880626223092,4 h,Tam-only,-0.00115701552651235,-0.00224553518826701,-0.000410657974180788,Head/shoulder zoom (x ≥ 4.97)
6.12133072407045,24 h,Dox-only,0.00429744273746632,0.00293273110592165,0.00559886527055519,Head/shoulder zoom (x ≥ 4.97)
6.12133072407045,24 h,Tam-only,0.00121380471733406,0.000261976624683946,0.00210515008202098,Head/shoulder zoom (x ≥ 4.97)
6.12133072407045,4 h,Dox-only,0.000225259552852172,-0.000662820913232721,0.00103731590270546,Head/shoulder zoom (x ≥ 4.97)
6.12133072407045,4 h,Tam-only,-0.00110046521874981,-0.00219894182463312,-0.000421550805274524,Head/shoulder zoom (x ≥ 4.97)
6.1545988258317,24 h,Dox-only,0.00399914500938711,0.00265310258198264,0.00521354054482106,Head/shoulder zoom (x ≥ 4.97)
6.1545988258317,24 h,Tam-only,0.00125653244914613,0.000250172589330969,0.00211730023607506,Head/shoulder zoom (x ≥ 4.97)
6.1545988258317,4 h,Dox-only,0.000224812500778736,-0.00065728902940273,0.00104009690993525,Head/shoulder zoom (x ≥ 4.97)
6.1545988258317,4 h,Tam-only,-0.00102597008290762,-0.0020908727173703,-0.000345766958621686,Head/shoulder zoom (x ≥ 4.97)
6.18786692759296,24 h,Dox-only,0.00369925684517111,0.00238762816838417,0.00481489544095905,Head/shoulder zoom (x ≥ 4.97)
6.18786692759296,24 h,Tam-only,0.00127380073760775,0.000236518519959375,0.00210841595855775,Head/shoulder zoom (x ≥ 4.97)
6.18786692759296,4 h,Dox-only,0.000216948953711694,-0.000602019681843701,0.00105449322505397,Head/shoulder zoom (x ≥ 4.97)
6.18786692759296,4 h,Tam-only,-0.000934294407576593,-0.00193441830554724,-0.000270534850567041,Head/shoulder zoom (x ≥ 4.97)
6.22113502935421,24 h,Dox-only,0.00340331821483524,0.00219744887066251,0.00445343456422584,Head/shoulder zoom (x ≥ 4.97)
6.22113502935421,24 h,Tam-only,0.00126677104899305,0.000217804847278247,0.00207316239004481,Head/shoulder zoom (x ≥ 4.97)
6.22113502935421,4 h,Dox-only,0.00020335514998196,-0.000589513785008363,0.000998929179561953,Head/shoulder zoom (x ≥ 4.97)
6.22113502935421,4 h,Tam-only,-0.000827166555584027,-0.00183215899342828,-0.000200263584814685,Head/shoulder zoom (x ≥ 4.97)
6.25440313111546,24 h,Dox-only,0.00311629629481309,0.00199477381935451,0.00417302719616221,Head/shoulder zoom (x ≥ 4.97)
6.25440313111546,24 h,Tam-only,0.00123942280820165,0.000160148125510991,0.00204192151715777,Head/shoulder zoom (x ≥ 4.97)
6.25440313111546,4 h,Dox-only,0.000185061394301529,-0.000600422880227277,0.00089760635045926,Head/shoulder zoom (x ≥ 4.97)
6.25440313111546,4 h,Tam-only,-0.000707007125514476,-0.00163887159575009,-7.13253974793132e-05,Head/shoulder zoom (x ≥ 4.97)
6.28767123287671,24 h,Dox-only,0.00285475500099233,0.00182354813398284,0.00396370066274155,Head/shoulder zoom (x ≥ 4.97)
6.28767123287671,24 h,Tam-only,0.00119981243052329,0.000116511901160223,0.00198333013647381,Head/shoulder zoom (x ≥ 4.97)
6.28767123287671,4 h,Dox-only,0.000164446838421897,-0.000545254933998454,0.000817156403161689,Head/shoulder zoom (x ≥ 4.97)
6.28767123287671,4 h,Tam-only,-0.000578279739405985,-0.00140483788705199,8.4072824908134e-05,Head/shoulder zoom (x ≥ 4.97)
6.32093933463797,24 h,Dox-only,0.0026169552672786,0.00156733115162565,0.00375440596383957,Head/shoulder zoom (x ≥ 4.97)
6.32093933463797,24 h,Tam-only,0.00115230125494324,0.000108495231455047,0.00187493959102916,Head/shoulder zoom (x ≥ 4.97)
6.32093933463797,4 h,Dox-only,0.000142398869991643,-0.000495065433151218,0.000785267956646087,Head/shoulder zoom (x ≥ 4.97)
6.32093933463797,4 h,Tam-only,-0.000446726277061493,-0.00120047204824596,0.000202961766658817,Head/shoulder zoom (x ≥ 4.97)
6.35420743639922,24 h,Dox-only,0.00240652022323959,0.00128364258605302,0.00350602580313212,Head/shoulder zoom (x ≥ 4.97)
6.35420743639922,24 h,Tam-only,0.00110165876171004,0.000166729302615089,0.00173304227074218,Head/shoulder zoom (x ≥ 4.97)
6.35420743639922,4 h,Dox-only,0.00011988738654126,-0.000594595969911067,0.000779365250750993,Head/shoulder zoom (x ≥ 4.97)
6.35420743639922,4 h,Tam-only,-0.000317596810513753,-0.00101360838202991,0.000331545366509344,Head/shoulder zoom (x ≥ 4.97)
6.38747553816047,24 h,Dox-only,0.00222607368888918,0.00104503490633495,0.00336883962117231,Head/shoulder zoom (x ≥ 4.97)
6.38747553816047,24 h,Tam-only,0.00105201864569145,0.000240532398154713,0.0017442692752988,Head/shoulder zoom (x ≥ 4.97)
6.38747553816047,4 h,Dox-only,9.78837871037815e-05,-0.000602706465700644,0.000827780190920234,Head/shoulder zoom (x ≥ 4.97)
6.38747553816047,4 h,Tam-only,-0.000196191310588338,-0.000889074963023266,0.000422185152966032,Head/shoulder zoom (x ≥ 4.97)
6.42074363992172,24 h,Dox-only,0.00207714240595634,0.000915667578021246,0.00324527513169933,Head/shoulder zoom (x ≥ 4.97)
6.42074363992172,24 h,Tam-only,0.00100661509704122,0.000249606947006867,0.00178816783249937,Head/shoulder zoom (x ≥ 4.97)
6.42074363992172,4 h,Dox-only,7.742423272801e-05,-0.00066220729535845,0.000860853454665464,Head/shoulder zoom (x ≥ 4.97)
6.42074363992172,4 h,Tam-only,-8.75095880551978e-05,-0.000755059531945018,0.000572004844296217,Head/shoulder zoom (x ≥ 4.97)
6.45401174168297,24 h,Dox-only,0.00196006739991887,0.000823508933898593,0.00311855217088092,Head/shoulder zoom (x ≥ 4.97)
6.45401174168297,24 h,Tam-only,0.000967615735305197,0.000317060645708223,0.00177999504383836,Head/shoulder zoom (x ≥ 4.97)
6.45401174168297,4 h,Dox-only,5.96393547280458e-05,-0.000707611230249684,0.000856903664101895,Head/shoulder zoom (x ≥ 4.97)
6.45401174168297,4 h,Tam-only,4.08030670219495e-06,-0.000638619325435053,0.000631103773922567,Head/shoulder zoom (x ≥ 4.97)
6.48727984344423,24 h,Dox-only,0.0018739390097588,0.000682005717373922,0.00303334203418658,Head/shoulder zoom (x ≥ 4.97)
6.48727984344423,24 h,Tam-only,0.000936057816119371,0.000294762205971938,0.00177951751033286,Head/shoulder zoom (x ≥ 4.97)
6.48727984344423,4 h,Dox-only,4.57426436930933e-05,-0.000727098075119994,0.000820202443764668,Head/shoulder zoom (x ≥ 4.97)
6.48727984344423,4 h,Tam-only,7.51294778418045e-05,-0.000534116134118099,0.000656060686482449,Head/shoulder zoom (x ≥ 4.97)
6.52054794520548,24 h,Dox-only,0.00181657208064031,0.000681703752741011,0.00294571463077776,Head/shoulder zoom (x ≥ 4.97)
6.52054794520548,24 h,Tam-only,0.000911888540993607,0.000279206418990762,0.00178012436792898,Head/shoulder zoom (x ≥ 4.97)
6.52054794520548,4 h,Dox-only,3.69759013689464e-05,-0.000716391344297557,0.000815606198319023,Head/shoulder zoom (x ≥ 4.97)
6.52054794520548,4 h,Tam-only,0.000123329697957905,-0.000466427084288822,0.000703145141897616,Head/shoulder zoom (x ≥ 4.97)
6.55381604696673,24 h,Dox-only,0.00178463115935701,0.000721897786975168,0.00294548706354674,Head/shoulder zoom (x ≥ 4.97)
6.55381604696673,24 h,Tam-only,0.000894197167329899,0.0002760130058718,0.00176062144869408,Head/shoulder zoom (x ≥ 4.97)
6.55381604696673,4 h,Dox-only,3.45164640447003e-05,-0.000699496041872977,0.000825612992577537,Head/shoulder zoom (x ≥ 4.97)
6.55381604696673,4 h,Tam-only,0.00014772540560894,-0.000410565663088075,0.000725144540458732,Head/shoulder zoom (x ≥ 4.97)
6.58708414872798,24 h,Dox-only,0.00177396879532353,0.000752540128040244,0.00294813632411362,Head/shoulder zoom (x ≥ 4.97)
6.58708414872798,24 h,Tam-only,0.00088117025190549,0.000255133601720758,0.00171653423357231,Head/shoulder zoom (x ≥ 4.97)
6.58708414872798,4 h,Dox-only,4.11071783947767e-05,-0.000681900056905671,0.000889928314040487,Head/shoulder zoom (x ≥ 4.97)
6.58708414872798,4 h,Tam-only,0.000146953698446885,-0.000400668697474441,0.000702701353070294,Head/shoulder zoom (x ≥ 4.97)
6.62035225048924,24 h,Dox-only,0.00177792978002602,0.000765237959740756,0.00296304135123094,Head/shoulder zoom (x ≥ 4.97)
6.62035225048924,24 h,Tam-only,0.000869952034701131,0.000212716443481577,0.00172235416120225,Head/shoulder zoom (x ≥ 4.97)
6.62035225048924,4 h,Dox-only,5.49463955794131e-05,-0.000611538879844173,0.000869124979186333,Head/shoulder zoom (x ≥ 4.97)
6.62035225048924,4 h,Tam-only,0.0001238864596112,-0.000398287947426324,0.000645440872710216,Head/shoulder zoom (x ≥ 4.97)
6.65362035225049,24 h,Dox-only,0.00178900240014105,0.000812931850970758,0.003002763119685,Head/shoulder zoom (x ≥ 4.97)
6.65362035225049,24 h,Tam-only,0.000858519874695589,0.000230594098184479,0.00177943508941548,Head/shoulder zoom (x ≥ 4.97)
6.65362035225049,4 h,Dox-only,7.67569801378709e-05,-0.000590719897950697,0.00083557387937688,Head/shoulder zoom (x ≥ 4.97)
6.65362035225049,4 h,Tam-only,8.27355584603583e-05,-0.000442309060733423,0.000576774724526003,Head/shoulder zoom (x ≥ 4.97)
6.68688845401174,24 h,Dox-only,0.00180104231088812,0.000919138409670045,0.00301995567910704,Head/shoulder zoom (x ≥ 4.97)
6.68688845401174,24 h,Tam-only,0.000845220204260096,0.000230756437130665,0.00183705255901126,Head/shoulder zoom (x ≥ 4.97)
6.68688845401174,4 h,Dox-only,0.000106098925921675,-0.000542954877376039,0.000849235757341064,Head/shoulder zoom (x ≥ 4.97)
6.68688845401174,4 h,Tam-only,2.72828953767623e-05,-0.000498229666700335,0.000513375310275651,Head/shoulder zoom (x ≥ 4.97)
6.72015655577299,24 h,Dox-only,0.00180827561759611,0.000984212226343162,0.00303475584958719,Head/shoulder zoom (x ≥ 4.97)
6.72015655577299,24 h,Tam-only,0.000828938446420673,0.000249865174637979,0.00178156553659153,Head/shoulder zoom (x ≥ 4.97)
6.72015655577299,4 h,Dox-only,0.000142115249968169,-0.000497567229257922,0.000880436702248432,Head/shoulder zoom (x ≥ 4.97)
6.72015655577299,4 h,Tam-only,-3.82563723361797e-05,-0.000578663810589525,0.000463005107154791,Head/shoulder zoom (x ≥ 4.97)
6.75342465753425,24 h,Dox-only,0.00180565410306719,0.00101619981141009,0.00302457854937764,Head/shoulder zoom (x ≥ 4.97)
6.75342465753425,24 h,Tam-only,0.000809187681933363,0.000182453674123741,0.00169926700903639,Head/shoulder zoom (x ≥ 4.97)
6.75342465753425,4 h,Dox-only,0.000183619308475491,-0.000398472555450334,0.000944858884512367,Head/shoulder zoom (x ≥ 4.97)
6.75342465753425,4 h,Tam-only,-0.000109500294333938,-0.000669742661117382,0.000383251499175547,Head/shoulder zoom (x ≥ 4.97)
6.7866927592955,24 h,Dox-only,0.0017891661457666,0.00107429176510758,0.00297943127160237,Head/shoulder zoom (x ≥ 4.97)
6.7866927592955,24 h,Tam-only,0.000786115022892338,0.000115213068208206,0.00165804836006708,Head/shoulder zoom (x ≥ 4.97)
6.7866927592955,4 h,Dox-only,0.000229209663974491,-0.000357011885824525,0.000939874002229337,Head/shoulder zoom (x ≥ 4.97)
6.7866927592955,4 h,Tam-only,-0.000182152764459882,-0.000741389140302293,0.000330071733599785,Head/shoulder zoom (x ≥ 4.97)
6.81996086105675,24 h,Dox-only,0.00175608131368652,0.00103927744378895,0.00290825137939852,Head/shoulder zoom (x ≥ 4.97)
6.81996086105675,24 h,Tam-only,0.000760432210237163,6.51307929870911e-05,0.00158189794035603,Head/shoulder zoom (x ≥ 4.97)
6.81996086105675,4 h,Dox-only,0.000277395061873881,-0.000357203771363785,0.000943335877634934,Head/shoulder zoom (x ≥ 4.97)
6.81996086105675,4 h,Tam-only,-0.000252231968981768,-0.000809590013921514,0.000258883675333449,Head/shoulder zoom (x ≥ 4.97)
6.853228962818,24 h,Dox-only,0.00170511098963091,0.000981960325438392,0.00280222819712893,Head/shoulder zoom (x ≥ 4.97)
6.853228962818,24 h,Tam-only,0.000733284024265622,1.2990759051973e-05,0.00155892936559339,Head/shoulder zoom (x ≥ 4.97)
6.853228962818,4 h,Dox-only,0.000326711224450941,-0.000348671182275742,0.000977354001127661,Head/shoulder zoom (x ≥ 4.97)
6.853228962818,4 h,Tam-only,-0.00031626655131918,-0.000868624890025581,0.000195395895233057,Head/shoulder zoom (x ≥ 4.97)
6.88649706457926,24 h,Dox-only,0.00163483527595023,0.000944051389562891,0.00262545265793048,Head/shoulder zoom (x ≥ 4.97)
6.88649706457926,24 h,Tam-only,0.000705183794846364,-2.10253211086297e-05,0.00145687399804291,Head/shoulder zoom (x ≥ 4.97)
6.88649706457926,4 h,Dox-only,0.000375984486271387,-0.000321650556397784,0.00102731012397299,Head/shoulder zoom (x ≥ 4.97)
6.88649706457926,4 h,Tam-only,-0.000370602957954116,-0.00093396977669349,0.000210924569490471,Head/shoulder zoom (x ≥ 4.97)
6.91976516634051,24 h,Dox-only,0.0015486740999799,0.000884824461075949,0.00245338495692007,Head/shoulder zoom (x ≥ 4.97)
6.91976516634051,24 h,Tam-only,0.000679958825583086,-4.05578243182243e-05,0.00133394853170371,Head/shoulder zoom (x ≥ 4.97)
6.91976516634051,4 h,Dox-only,0.000423236414760244,-0.000296345600887047,0.00103324387083159,Head/shoulder zoom (x ≥ 4.97)
6.91976516634051,4 h,Tam-only,-0.000413490813928899,-0.000955421510209404,0.000191863523782995,Head/shoulder zoom (x ≥ 4.97)
6.95303326810176,24 h,Dox-only,0.00145109784809381,0.000764566059898342,0.00228996160689653,Head/shoulder zoom (x ≥ 4.97)
6.95303326810176,24 h,Tam-only,0.000657833617146181,-4.59214378044841e-05,0.00124763173607842,Head/shoulder zoom (x ≥ 4.97)
6.95303326810176,4 h,Dox-only,0.000467843677843836,-0.000263481160855717,0.00107942077299804,Head/shoulder zoom (x ≥ 4.97)
6.95303326810176,4 h,Tam-only,-0.000444388498124948,-0.000947931909949104,0.000163220588005173,Head/shoulder zoom (x ≥ 4.97)
6.98630136986301,24 h,Dox-only,0.00134630594821331,0.000647005610230497,0.00219239233519796,Head/shoulder zoom (x ≥ 4.97)
6.98630136986301,24 h,Tam-only,0.000639785250242501,-4.2782334868275e-05,0.00122744823440185,Head/shoulder zoom (x ≥ 4.97)
6.98630136986301,4 h,Dox-only,0.000508897207891223,-0.00022868152525445,0.00110789358957467,Head/shoulder zoom (x ≥ 4.97)
6.98630136986301,4 h,Tam-only,-0.000463395520749886,-0.000944768889986527,0.000153521348268996,Head/shoulder zoom (x ≥ 4.97)
7.01956947162427,24 h,Dox-only,0.00123919699574001,0.000545920786124874,0.00206463152719187,Head/shoulder zoom (x ≥ 4.97)
7.01956947162427,24 h,Tam-only,0.00062653379121743,-3.05879770768593e-05,0.00123036240250578,Head/shoulder zoom (x ≥ 4.97)
7.01956947162427,4 h,Dox-only,0.00054546061784902,-0.000168571948098381,0.00113687975960639,Head/shoulder zoom (x ≥ 4.97)
7.01956947162427,4 h,Tam-only,-0.000471371489844875,-0.000972384395151109,0.000125078149302966,Head/shoulder zoom (x ≥ 4.97)
7.05283757338552,24 h,Dox-only,0.00113484623976451,0.000461213398367722,0.00194018329900967,Head/shoulder zoom (x ≥ 4.97)
7.05283757338552,24 h,Tam-only,0.000618584570836174,-3.80557460774062e-05,0.00126082554214372,Head/shoulder zoom (x ≥ 4.97)
7.05283757338552,4 h,Dox-only,0.000576512560294458,-8.95793801084332e-05,0.00117978793886061,Head/shoulder zoom (x ≥ 4.97)
7.05283757338552,4 h,Tam-only,-0.00046981520128158,-0.000949265213535273,8.53814218501853e-05,Head/shoulder zoom (x ≥ 4.97)
7.08610567514677,24 h,Dox-only,0.00103816420795027,0.000369637323280623,0.00184085655450141,Head/shoulder zoom (x ≥ 4.97)
7.08610567514677,24 h,Tam-only,0.000616295176353659,-4.50663545218982e-05,0.00126755889569841,Head/shoulder zoom (x ≥ 4.97)
7.08610567514677,4 h,Dox-only,0.000600924457280463,-5.33414507746565e-05,0.00119726789109759,Head/shoulder zoom (x ≥ 4.97)
7.08610567514677,4 h,Tam-only,-0.000460706910086203,-0.000915961900330237,5.66334140195303e-05,Head/shoulder zoom (x ≥ 4.97)
7.11937377690802,24 h,Dox-only,0.000953577623575062,0.000318984351548975,0.00172909369099801,Head/shoulder zoom (x ≥ 4.97)
7.11937377690802,24 h,Tam-only,0.000619948572294578,-2.94311272809942e-05,0.00123760002855535,Head/shoulder zoom (x ≥ 4.97)
7.11937377690802,4 h,Dox-only,0.000617482070614184,-3.77412385486554e-05,0.00118785978145285,Head/shoulder zoom (x ≥ 4.97)
7.11937377690802,4 h,Tam-only,-0.000446322477092224,-0.000883353462689158,5.65203016995302e-05,Head/shoulder zoom (x ≥ 4.97)
7.15264187866928,24 h,Dox-only,0.000884748853813542,0.000198482977361287,0.00161771125929176,Head/shoulder zoom (x ≥ 4.97)
7.15264187866928,24 h,Tam-only,0.000629814414711721,-8.40749709709892e-08,0.00125398750666909,Head/shoulder zoom (x ≥ 4.97)
7.15264187866928,4 h,Dox-only,0.000624952977331563,5.01227625374948e-05,0.00115877212307393,Head/shoulder zoom (x ≥ 4.97)
7.15264187866928,4 h,Tam-only,-0.000429030374725029,-0.000854331011817023,4.7641012161786e-05,Head/shoulder zoom (x ≥ 4.97)
7.18590998043053,24 h,Dox-only,0.000834347936937926,6.67105298511312e-05,0.00151284457688397,Head/shoulder zoom (x ≥ 4.97)
7.18590998043053,24 h,Tam-only,0.000646182643349967,3.02250421434735e-05,0.00129849865089886,Head/shoulder zoom (x ≥ 4.97)
7.18590998043053,4 h,Dox-only,0.000622195590133953,2.85156421921287e-05,0.00113525878491007,Head/shoulder zoom (x ≥ 4.97)
7.18590998043053,4 h,Tam-only,-0.000411084419159708,-0.000841416104467067,5.40309639748269e-05,Head/shoulder zoom (x ≥ 4.97)
7.21917808219178,24 h,Dox-only,0.000804317090809152,2.14058791844061e-05,0.00150640691073816,Head/shoulder zoom (x ≥ 4.97)
7.21917808219178,24 h,Tam-only,0.000669862383666462,6.15930861945215e-05,0.00132335536405768,Head/shoulder zoom (x ≥ 4.97)
7.21917808219178,4 h,Dox-only,0.000607872127961678,-1.90045690734655e-05,0.00109561076642453,Head/shoulder zoom (x ≥ 4.97)
7.21917808219178,4 h,Tam-only,-0.000394194895099696,-0.000826036424365512,4.26752749129302e-05,Head/shoulder zoom (x ≥ 4.97)
7.25244618395303,24 h,Dox-only,0.000796459317066806,2.27941116297832e-05,0.00147581426842025,Head/shoulder zoom (x ≥ 4.97)
7.25244618395303,24 h,Tam-only,0.000701022134238288,9.87710646707346e-05,0.00136271606710533,Head/shoulder zoom (x ≥ 4.97)
7.25244618395303,4 h,Dox-only,0.000580882459163282,-2.60595789143843e-05,0.00107034085443575,Head/shoulder zoom (x ≥ 4.97)
7.25244618395303,4 h,Tam-only,-0.000380738561672592,-0.000818953779364636,3.45026766343599e-05,Head/shoulder zoom (x ≥ 4.97)
7.28571428571429,24 h,Dox-only,0.000806951477641767,5.73200531070269e-05,0.00146523173943455,Head/shoulder zoom (x ≥ 4.97)
7.28571428571429,24 h,Tam-only,0.000739208187022078,0.000130279262716308,0.00139935416830127,Head/shoulder zoom (x ≥ 4.97)
7.28571428571429,4 h,Dox-only,0.000542520833182245,-5.91173125197091e-05,0.00104389292164302,Head/shoulder zoom (x ≥ 4.97)
7.28571428571429,4 h,Tam-only,-0.000370802224687758,-0.000788942123625399,5.04320333804424e-05,Head/shoulder zoom (x ≥ 4.97)
7.31898238747554,24 h,Dox-only,0.000833241378717181,8.61731694322162e-05,0.00146277846263944,Head/shoulder zoom (x ≥ 4.97)
7.31898238747554,24 h,Tam-only,0.000784057223015002,0.000168910219272741,0.00142751482986284,Head/shoulder zoom (x ≥ 4.97)
7.31898238747554,4 h,Dox-only,0.000493685160551058,-9.85552217813343e-05,0.000990894845487465,Head/shoulder zoom (x ≥ 4.97)
7.31898238747554,4 h,Tam-only,-0.000364266202212006,-0.000786678252816277,7.02117046637904e-05,Head/shoulder zoom (x ≥ 4.97)
7.35225048923679,24 h,Dox-only,0.000871993306918612,0.000138334877958381,0.0015042847142418,Head/shoulder zoom (x ≥ 4.97)
7.35225048923679,24 h,Tam-only,0.000834772306593703,0.000222892158025655,0.00145194842234404,Head/shoulder zoom (x ≥ 4.97)
7.35225048923679,4 h,Dox-only,0.000435827694709521,-0.000136922860791974,0.000927682461312949,Head/shoulder zoom (x ≥ 4.97)
7.35225048923679,4 h,Tam-only,-0.000360437760110481,-0.000788029084447043,8.89396973873833e-05,Head/shoulder zoom (x ≥ 4.97)
7.38551859099804,24 h,Dox-only,0.000919348630407653,0.000194315744159234,0.00156959976238363,Head/shoulder zoom (x ≥ 4.97)
7.38551859099804,24 h,Tam-only,0.000890068951188899,0.000280332063923869,0.00148912537430729,Head/shoulder zoom (x ≥ 4.97)
7.38551859099804,4 h,Dox-only,0.000370845229481479,-0.000170957074712146,0.000852722754813297,Head/shoulder zoom (x ≥ 4.97)
7.38551859099804,4 h,Tam-only,-0.000358175693030727,-0.000779436981690022,0.000101581485098979,Head/shoulder zoom (x ≥ 4.97)
7.4187866927593,24 h,Dox-only,0.00097120573273721,0.000225394644703118,0.00163113576765063,Head/shoulder zoom (x ≥ 4.97)
7.4187866927593,24 h,Tam-only,0.00094816973473085,0.000323877074754126,0.00156843487899201,Head/shoulder zoom (x ≥ 4.97)
7.4187866927593,4 h,Dox-only,0.000300923382092488,-0.000217079740355965,0.000762740034062125,Head/shoulder zoom (x ≥ 4.97)
7.4187866927593,4 h,Tam-only,-0.000356053901336379,-0.000759191488215464,0.00013652661427099,Head/shoulder zoom (x ≥ 4.97)
7.45205479452055,24 h,Dox-only,0.00102349998016737,0.000291872399421595,0.00164865476961586,Head/shoulder zoom (x ≥ 4.97)
7.45205479452055,24 h,Tam-only,0.00100685121285465,0.000407580717280696,0.00166583236522649,Head/shoulder zoom (x ≥ 4.97)
7.45205479452055,4 h,Dox-only,0.000228353839788304,-0.00026470897657527,0.000656061237465013,Head/shoulder zoom (x ≥ 4.97)
7.45205479452055,4 h,Tam-only,-0.000352548135118091,-0.000728104529946067,0.000135700651907121,Head/shoulder zoom (x ≥ 4.97)
7.4853228962818,24 h,Dox-only,0.00107246464363363,0.000385071613258802,0.00171513444758127,Head/shoulder zoom (x ≥ 4.97)
7.4853228962818,24 h,Tam-only,0.00106354166696597,0.000443225178624727,0.00169728125831246,Head/shoulder zoom (x ≥ 4.97)
7.4853228962818,4 h,Dox-only,0.000155345668834048,-0.000307423492976444,0.000585496370796889,Head/shoulder zoom (x ≥ 4.97)
7.4853228962818,4 h,Tam-only,-0.00034622890008431,-0.000703543836808384,0.000106218133926883,Head/shoulder zoom (x ≥ 4.97)
7.51859099804305,24 h,Dox-only,0.00111485448651382,0.000429574172988181,0.00178273825101134,Head/shoulder zoom (x ≥ 4.97)
7.51859099804305,24 h,Tam-only,0.00111546307749643,0.000481238995555201,0.00176104078415391,Head/shoulder zoom (x ≥ 4.97)
7.51859099804305,4 h,Dox-only,8.38526422589289e-05,-0.000360179474571776,0.000548259024034779,Head/shoulder zoom (x ≥ 4.97)
7.51859099804305,4 h,Tam-only,-0.000335943113016322,-0.000692554815702499,0.000105811552205615,Head/shoulder zoom (x ≥ 4.97)
7.55185909980431,24 h,Dox-only,0.00114671932110771,0.000446995236321208,0.00182551238747438,Head/shoulder zoom (x ≥ 4.97)
7.55185909980431,24 h,Tam-only,0.00115846019455775,0.000513590803730984,0.00180587347645808,Head/shoulder zoom (x ≥ 4.97)
7.55185909980431,4 h,Dox-only,1.58616809107087e-05,-0.000400235324479029,0.000511497736881713,Head/shoulder zoom (x ≥ 4.97)
7.55185909980431,4 h,Tam-only,-0.000320423620412885,-0.00064601432803948,0.000103646874166475,Head/shoulder zoom (x ≥ 4.97)
7.58512720156556,24 h,Dox-only,0.00116744960999412,0.000508700229656619,0.00186574282587291,Head/shoulder zoom (x ≥ 4.97)
7.58512720156556,24 h,Tam-only,0.00119063577868787,0.000545273807520687,0.00182568076876057,Head/shoulder zoom (x ≥ 4.97)
7.58512720156556,4 h,Dox-only,-4.77435452186266e-05,-0.000443550839312267,0.000472274397782678,Head/shoulder zoom (x ≥ 4.97)
7.58512720156556,4 h,Tam-only,-0.000300194808266678,-0.000659991162629189,9.31873564557903e-05,Head/shoulder zoom (x ≥ 4.97)
7.61839530332681,24 h,Dox-only,0.00117644966726032,0.000510258354209344,0.00183667109919294,Head/shoulder zoom (x ≥ 4.97)
7.61839530332681,24 h,Tam-only,0.00120995133761641,0.00057069947299887,0.00182017595257678,Head/shoulder zoom (x ≥ 4.97)
7.61839530332681,4 h,Dox-only,-0.000106581927720339,-0.000516410773280038,0.000421305566117895,Head/shoulder zoom (x ≥ 4.97)
7.61839530332681,4 h,Tam-only,-0.00027591188127634,-0.000642746292031017,8.21473608411723e-05,Head/shoulder zoom (x ≥ 4.97)
7.65166340508806,24 h,Dox-only,0.00117374550263391,0.000532368583391911,0.00180124808989726,Head/shoulder zoom (x ≥ 4.97)
7.65166340508806,24 h,Tam-only,0.00121494585109374,0.000575769408220859,0.0018023215138182,Head/shoulder zoom (x ≥ 4.97)
7.65166340508806,4 h,Dox-only,-0.000160550698135925,-0.000568947474576087,0.000357281448979708,Head/shoulder zoom (x ≥ 4.97)
7.65166340508806,4 h,Tam-only,-0.000248733854127178,-0.000586697448180653,0.000102623167277164,Head/shoulder zoom (x ≥ 4.97)
7.68493150684931,24 h,Dox-only,0.00115983149543778,0.000518844042833808,0.00181981279217671,Head/shoulder zoom (x ≥ 4.97)
7.68493150684931,24 h,Tam-only,0.00120477847420802,0.000583954062928302,0.00177133477263133,Head/shoulder zoom (x ≥ 4.97)
7.68493150684931,4 h,Dox-only,-0.000209746271937568,-0.000613485406604462,0.000274714534051203,Head/shoulder zoom (x ≥ 4.97)
7.68493150684931,4 h,Tam-only,-0.000220191080650986,-0.000522079560219163,0.000139439049464385,Head/shoulder zoom (x ≥ 4.97)
7.71819960861057,24 h,Dox-only,0.00113549493074691,0.000530542364771251,0.00181361504455379,Head/shoulder zoom (x ≥ 4.97)
7.71819960861057,24 h,Tam-only,0.00117923882690026,0.000588137279026372,0.00172274080436185,Head/shoulder zoom (x ≥ 4.97)
7.71819960861057,4 h,Dox-only,-0.000254333098861468,-0.000641107011397563,0.00019049879265661,Head/shoulder zoom (x ≥ 4.97)
7.71819960861057,4 h,Tam-only,-0.000192034174893553,-0.000466064386910674,0.00016848733566174,Head/shoulder zoom (x ≥ 4.97)
7.75146771037182,24 h,Dox-only,0.00110164547040758,0.000475097490838287,0.0017804402927884,Head/shoulder zoom (x ≥ 4.97)
7.75146771037182,24 h,Tam-only,0.00113871526706217,0.000569966109913794,0.0016480040741095,Head/shoulder zoom (x ≥ 4.97)
7.75146771037182,4 h,Dox-only,-0.000294426114710108,-0.000671777243199457,0.000131030851766063,Head/shoulder zoom (x ≥ 4.97)
7.75146771037182,4 h,Tam-only,-0.00016606603088796,-0.000429035047604757,0.000190941424369418,Head/shoulder zoom (x ≥ 4.97)
7.78473581213307,24 h,Dox-only,0.00105916895836052,0.000444301355361788,0.00171747608877051,Head/shoulder zoom (x ≥ 4.97)
7.78473581213307,24 h,Tam-only,0.00108412998803356,0.000571001532870533,0.00160058464115284,Head/shoulder zoom (x ≥ 4.97)
7.78473581213307,4 h,Dox-only,-0.000330000683853299,-0.000703577821680243,7.92254427345863e-05,Head/shoulder zoom (x ≥ 4.97)
7.78473581213307,4 h,Tam-only,-0.000143971174606289,-0.000445584020340607,0.000223425312879487,Head/shoulder zoom (x ≥ 4.97)
7.81800391389433,24 h,Dox-only,0.00100882254233784,0.000421924833541558,0.00161045792696469,Head/shoulder zoom (x ≥ 4.97)
7.81800391389433,24 h,Tam-only,0.001016852021932,0.00051788819341126,0.00151769218882243,Head/shoulder zoom (x ≥ 4.97)
7.81800391389433,4 h,Dox-only,-0.000360840204028377,-0.000734114440326222,4.20950664466229e-05,Head/shoulder zoom (x ≥ 4.97)
7.81800391389433,4 h,Tam-only,-0.000127156366160465,-0.000439814327545919,0.00024621259480186,Head/shoulder zoom (x ≥ 4.97)
7.85127201565558,24 h,Dox-only,0.000950854730451001,0.000376480507889552,0.00148809280241279,Head/shoulder zoom (x ≥ 4.97)
7.85127201565558,24 h,Tam-only,0.000938270878524755,0.00045915679386054,0.0014091086024597,Head/shoulder zoom (x ≥ 4.97)
7.85127201565558,4 h,Dox-only,-0.000386527267434395,-0.000787467767279344,-2.27340364084125e-06,Head/shoulder zoom (x ≥ 4.97)
7.85127201565558,4 h,Tam-only,-0.000116640298948392,-0.000424976748259687,0.000242361244395704,Head/shoulder zoom (x ≥ 4.97)
7.88454011741683,24 h,Dox-only,0.000885228862690913,0.000328991786237484,0.00137803342670727,Head/shoulder zoom (x ≥ 4.97)
7.88454011741683,24 h,Tam-only,0.000850240049591841,0.000376771118711037,0.00131254205500412,Head/shoulder zoom (x ≥ 4.97)
7.88454011741683,4 h,Dox-only,-0.000405640195943937,-0.000798506471973429,-9.93757549737425e-07,Head/shoulder zoom (x ≥ 4.97)
7.88454011741683,4 h,Tam-only,-0.000113653025684942,-0.000408301606734166,0.000218441999081617,Head/shoulder zoom (x ≥ 4.97)
7.91780821917808,24 h,Dox-only,0.000813522165271655,0.00025203196206331,0.00132827044162239,Head/shoulder zoom (x ≥ 4.97)
7.91780821917808,24 h,Tam-only,0.00075606481110819,0.000278119186183596,0.00120460119833074,Head/shoulder zoom (x ≥ 4.97)
7.91780821917808,4 h,Dox-only,-0.000418162066825662,-0.000791665000643873,-2.63454098655163e-05,Head/shoulder zoom (x ≥ 4.97)
7.91780821917808,4 h,Tam-only,-0.000117086182987633,-0.000437500753901936,0.000199326629243867,Head/shoulder zoom (x ≥ 4.97)
7.95107632093933,24 h,Dox-only,0.000735992571771633,0.000178394797568074,0.00129475616370747,Head/shoulder zoom (x ≥ 4.97)
7.95107632093933,24 h,Tam-only,0.000658066335460674,0.000205309130461688,0.00109790648082951,Head/shoulder zoom (x ≥ 4.97)
7.95107632093933,4 h,Dox-only,-0.000423560050078401,-0.000772348248300372,-5.5045601645916e-05,Head/shoulder zoom (x ≥ 4.97)
7.95107632093933,4 h,Tam-only,-0.000126075794899546,-0.000465395556063845,0.00019289933404346,Head/shoulder zoom (x ≥ 4.97)
7.98434442270059,24 h,Dox-only,0.000653514925140918,0.000131922930827306,0.00124403709057991,Head/shoulder zoom (x ≥ 4.97)
7.98434442270059,24 h,Tam-only,0.000558641119657271,0.00011018786680161,0.00100170073444201,Head/shoulder zoom (x ≥ 4.97)
7.98434442270059,4 h,Dox-only,-0.000421481765066479,-0.000768798017162451,-5.08427006153384e-05,Head/shoulder zoom (x ≥ 4.97)
7.98434442270059,4 h,Tam-only,-0.000139355779524643,-0.000473532110245597,0.000172796419796421,Head/shoulder zoom (x ≥ 4.97)
8.01761252446184,24 h,Dox-only,0.000567411401782465,5.93484929829619e-05,0.00117525599254304,Head/shoulder zoom (x ≥ 4.97)
8.01761252446184,24 h,Tam-only,0.000460240205781326,1.75717490431404e-05,0.000901457101957123,Head/shoulder zoom (x ≥ 4.97)
8.01761252446184,4 h,Dox-only,-0.000411850186161101,-0.000749476326337404,-2.33116908289438e-05,Head/shoulder zoom (x ≥ 4.97)
8.01761252446184,4 h,Tam-only,-0.000155380167092118,-0.000466647692741733,0.000140604802322209,Head/shoulder zoom (x ≥ 4.97)
8.05088062622309,24 h,Dox-only,0.00047951832316635,-7.35279635960297e-05,0.00110395255705246,Head/shoulder zoom (x ≥ 4.97)
8.05088062622309,24 h,Tam-only,0.000365338896994214,-7.96082238997628e-05,0.00079987718888835,Head/shoulder zoom (x ≥ 4.97)
8.05088062622309,4 h,Dox-only,-0.000394908091062148,-0.000719876010500253,1.74649499657363e-05,Head/shoulder zoom (x ≥ 4.97)
8.05088062622309,4 h,Tam-only,-0.000172467089370158,-0.000457170165106499,0.000102663474133915,Head/shoulder zoom (x ≥ 4.97)
8.08414872798434,24 h,Dox-only,0.000392186132955274,-0.000188874926782336,0.0010285408207806,Head/shoulder zoom (x ≥ 4.97)
8.08414872798434,24 h,Tam-only,0.000276388448837642,-0.000174209789659126,0.000699263677187466,Head/shoulder zoom (x ≥ 4.97)
8.08414872798434,4 h,Dox-only,-0.000371227508477308,-0.000702948460997153,4.63264952852141e-05,Head/shoulder zoom (x ≥ 4.97)
8.08414872798434,4 h,Tam-only,-0.000188947639049865,-0.00046237471420819,7.37584589385049e-05,Head/shoulder zoom (x ≥ 4.97)
8.1174168297456,24 h,Dox-only,0.000308205611996176,-0.000270378184946753,0.000948953405735353,Head/shoulder zoom (x ≥ 4.97)
8.1174168297456,24 h,Tam-only,0.000195744137492464,-0.000250319981237804,0.000617445629328359,Head/shoulder zoom (x ≥ 4.97)
8.1174168297456,4 h,Dox-only,-0.000341683525377646,-0.000668985767831275,7.71114280108352e-05,Head/shoulder zoom (x ≥ 4.97)
8.1174168297456,4 h,Tam-only,-0.000203307776530917,-0.000522741997901073,4.86099155808189e-05,Head/shoulder zoom (x ≥ 4.97)
8.15068493150685,24 h,Dox-only,0.000230660469852455,-0.000336042232786915,0.000874638428817171,Head/shoulder zoom (x ≥ 4.97)
8.15068493150685,24 h,Tam-only,0.000125567630492519,-0.000307732156832122,0.000561343567546922,Head/shoulder zoom (x ≥ 4.97)
8.15068493150685,4 h,Dox-only,-0.000307394938877088,-0.000616000878248108,0.000124805250688688,Head/shoulder zoom (x ≥ 4.97)
8.15068493150685,4 h,Tam-only,-0.000214312207105665,-0.000575199269174131,2.80632420746152e-05,Head/shoulder zoom (x ≥ 4.97)
8.1839530332681,24 h,Dox-only,0.000162934742341103,-0.000396502060394822,0.000797739813364783,Head/shoulder zoom (x ≥ 4.97)
8.1839530332681,24 h,Tam-only,6.81342391011478e-05,-0.000389590502859535,0.000529862629635829,Head/shoulder zoom (x ≥ 4.97)
8.1839530332681,4 h,Dox-only,-0.000269521881403644,-0.000576249583164887,0.000168654413396918,Head/shoulder zoom (x ≥ 4.97)
8.1839530332681,4 h,Tam-only,-0.000220836285338809,-0.000598348573100942,4.42525378492676e-05,Head/shoulder zoom (x ≥ 4.97)
8.21722113502935,24 h,Dox-only,0.000109707967189427,-0.00044653304617996,0.00069387394242023,Head/shoulder zoom (x ≥ 4.97)
8.21722113502935,24 h,Tam-only,2.58878936983328e-05,-0.000462693464311965,0.000482782009240347,Head/shoulder zoom (x ≥ 4.97)
8.21722113502935,4 h,Dox-only,-0.000229595500930913,-0.000543458192959597,0.000185643150445375,Head/shoulder zoom (x ≥ 4.97)
8.21722113502935,4 h,Tam-only,-0.000222433141929279,-0.000608756416881347,4.38606759407711e-05,Head/shoulder zoom (x ≥ 4.97)
8.25048923679061,24 h,Dox-only,7.18629478475216e-05,-0.000482816751637416,0.00061457742452765,Head/shoulder zoom (x ≥ 4.97)
8.25048923679061,24 h,Tam-only,-1.99363675784398e-06,-0.000489187908904084,0.000442397335890735,Head/shoulder zoom (x ≥ 4.97)
8.25048923679061,4 h,Dox-only,-0.000189062744131162,-0.000518596589241183,0.000248985374828117,Head/shoulder zoom (x ≥ 4.97)
8.25048923679061,4 h,Tam-only,-0.000219618702375786,-0.000588391498988697,3.2265458482718e-05,Head/shoulder zoom (x ≥ 4.97)
8.28375733855186,24 h,Dox-only,5.06013273499318e-05,-0.000505558155375398,0.000567587885000694,Head/shoulder zoom (x ≥ 4.97)
8.28375733855186,24 h,Tam-only,-1.5818220552413e-05,-0.000493651010748014,0.000408819348154148,Head/shoulder zoom (x ≥ 4.97)
8.28375733855186,4 h,Dox-only,-0.0001488717329027,-0.000489023163349022,0.00028943800314044,Head/shoulder zoom (x ≥ 4.97)
8.28375733855186,4 h,Tam-only,-0.00021298581009366,-0.000582273063849735,4.36117570655528e-05,Head/shoulder zoom (x ≥ 4.97)
8.31702544031311,24 h,Dox-only,4.60987544140413e-05,-0.000528575284952459,0.000534602201401812,Head/shoulder zoom (x ≥ 4.97)
8.31702544031311,24 h,Tam-only,-1.66448024817292e-05,-0.000515520238246171,0.000410460095066628,Head/shoulder zoom (x ≥ 4.97)
8.31702544031311,4 h,Dox-only,-0.000109705107498944,-0.000448345849092527,0.000321850270737727,Head/shoulder zoom (x ≥ 4.97)
8.31702544031311,4 h,Tam-only,-0.000203403537182529,-0.000571338050450079,5.42776557690995e-05,Head/shoulder zoom (x ≥ 4.97)
8.35029354207436,24 h,Dox-only,5.74588237724043e-05,-0.000452021207647627,0.000488524348014206,Head/shoulder zoom (x ≥ 4.97)
8.35029354207436,24 h,Tam-only,-6.23148580570013e-06,-0.000508610866973494,0.000429462773275342,Head/shoulder zoom (x ≥ 4.97)
8.35029354207436,4 h,Dox-only,-7.19689675410737e-05,-0.000415660063998345,0.000342922192784007,Head/shoulder zoom (x ≥ 4.97)
8.35029354207436,4 h,Tam-only,-0.000191914613359557,-0.000550512788215792,5.50774901056429e-05,Head/shoulder zoom (x ≥ 4.97)
8.38356164383562,24 h,Dox-only,8.27570325969175e-05,-0.00038182950817593,0.000492560058095852,Head/shoulder zoom (x ≥ 4.97)
8.38356164383562,24 h,Tam-only,1.30757463459768e-05,-0.000483393512215646,0.000445927742221214,Head/shoulder zoom (x ≥ 4.97)
8.38356164383562,4 h,Dox-only,-3.58147487158804e-05,-0.000379331321780645,0.000379426946055433,Head/shoulder zoom (x ≥ 4.97)
8.38356164383562,4 h,Tam-only,-0.000179628548270412,-0.000521759092169474,6.29781425127646e-05,Head/shoulder zoom (x ≥ 4.97)
8.41682974559687,24 h,Dox-only,0.000119169379777325,-0.000337152546118789,0.000527674395306452,Head/shoulder zoom (x ≥ 4.97)
8.41682974559687,24 h,Tam-only,3.85056702092669e-05,-0.000430235151090962,0.000443083882264349,Head/shoulder zoom (x ≥ 4.97)
8.41682974559687,4 h,Dox-only,-1.18992774500708e-06,-0.000338874085955608,0.000414160921607506,Head/shoulder zoom (x ≥ 4.97)
8.41682974559687,4 h,Tam-only,-0.000167619467778941,-0.000483721856421033,7.2715871005677e-05,Head/shoulder zoom (x ≥ 4.97)
8.45009784735812,24 h,Dox-only,0.00016317432617705,-0.000297183054965412,0.000576350997547319,Head/shoulder zoom (x ≥ 4.97)
8.45009784735812,24 h,Tam-only,6.70632734277414e-05,-0.000389826074393929,0.000449734572534827,Head/shoulder zoom (x ≥ 4.97)
8.45009784735812,4 h,Dox-only,3.2088810349812e-05,-0.000300957698877795,0.000439653192626292,Head/shoulder zoom (x ≥ 4.97)
8.45009784735812,4 h,Tam-only,-0.000156836643951481,-0.000448427572811939,7.50604784527426e-05,Head/shoulder zoom (x ≥ 4.97)
8.48336594911937,24 h,Dox-only,0.000210811712364661,-0.000233109559640486,0.0006463283102344,Head/shoulder zoom (x ≥ 4.97)
8.48336594911937,24 h,Tam-only,9.57536768261842e-05,-0.000353506631570982,0.00047256372639471,Head/shoulder zoom (x ≥ 4.97)
8.48336594911937,4 h,Dox-only,6.42481878083681e-05,-0.000256499800005246,0.000451241833669634,Head/shoulder zoom (x ≥ 4.97)
8.48336594911937,4 h,Tam-only,-0.000148034342461706,-0.000414758914047386,8.23926323739493e-05,Head/shoulder zoom (x ≥ 4.97)
8.51663405088063,24 h,Dox-only,0.000257643517898822,-0.000201777857842523,0.000706557359974805,Head/shoulder zoom (x ≥ 4.97)
8.51663405088063,24 h,Tam-only,0.000121468300173568,-0.000326331481116154,0.000486074019171674,Head/shoulder zoom (x ≥ 4.97)
8.51663405088063,4 h,Dox-only,9.54036266457396e-05,-0.000221606866548614,0.000452274972536561,Head/shoulder zoom (x ≥ 4.97)
8.51663405088063,4 h,Tam-only,-0.0001419037811739,-0.000399821770306977,8.2320034720018e-05,Head/shoulder zoom (x ≥ 4.97)
8.54990215264188,24 h,Dox-only,0.000299034305866321,-0.000158460669096325,0.000751273200695536,Head/shoulder zoom (x ≥ 4.97)
8.54990215264188,24 h,Tam-only,0.000141563981101421,-0.000274566698152473,0.000488197199121048,Head/shoulder zoom (x ≥ 4.97)
8.54990215264188,4 h,Dox-only,0.000125542744496152,-0.00019552495399873,0.000446007776475892,Head/shoulder zoom (x ≥ 4.97)
8.54990215264188,4 h,Tam-only,-0.000138678724674639,-0.000389618210525562,6.45140957112921e-05,Head/shoulder zoom (x ≥ 4.97)
8.58317025440313,24 h,Dox-only,0.000331957740896055,-0.000126466452502463,0.000780993905614187,Head/shoulder zoom (x ≥ 4.97)
8.58317025440313,24 h,Tam-only,0.00015485788784429,-0.000257436250841961,0.000496730597373154,Head/shoulder zoom (x ≥ 4.97)
8.58317025440313,4 h,Dox-only,0.000154449796582756,-0.000167495402806826,0.000445617910315893,Head/shoulder zoom (x ≥ 4.97)
8.58317025440313,4 h,Tam-only,-0.000138097812116086,-0.000384733880276437,4.64264316382399e-05,Head/shoulder zoom (x ≥ 4.97)
8.61643835616438,24 h,Dox-only,0.000354156696530918,-0.000108407337925095,0.000788439421562599,Head/shoulder zoom (x ≥ 4.97)
8.61643835616438,24 h,Tam-only,0.00016069617173897,-0.000232800851273374,0.000495162193290469,Head/shoulder zoom (x ≥ 4.97)
8.61643835616438,4 h,Dox-only,0.000181614693330967,-0.000123513486132751,0.000474042604691226,Head/shoulder zoom (x ≥ 4.97)
8.61643835616438,4 h,Tam-only,-0.000139885728012059,-0.000384053126364445,3.45206471840494e-05,Head/shoulder zoom (x ≥ 4.97)
8.64970645792564,24 h,Dox-only,0.000364302853066256,-0.000101639357659297,0.00079194189701599,Head/shoulder zoom (x ≥ 4.97)
8.64970645792564,24 h,Tam-only,0.000159109658481555,-0.00023280866040836,0.000494340409307979,Head/shoulder zoom (x ≥ 4.97)
8.64970645792564,4 h,Dox-only,0.000206320414107105,-9.69004973988989e-05,0.000479284174014244,Head/shoulder zoom (x ≥ 4.97)
8.64970645792564,4 h,Tam-only,-0.000143640496711749,-0.000389549500286314,2.08216460981129e-05,Head/shoulder zoom (x ≥ 4.97)
8.68297455968689,24 h,Dox-only,0.000362033351867541,-9.64355216128016e-05,0.000794293909737646,Head/shoulder zoom (x ≥ 4.97)
8.68297455968689,24 h,Tam-only,0.000150737034828154,-0.000248873466934672,0.000505357913814062,Head/shoulder zoom (x ≥ 4.97)
8.68297455968689,4 h,Dox-only,0.00022769267911879,-7.10734328323485e-05,0.000494138017045088,Head/shoulder zoom (x ≥ 4.97)
8.68297455968689,4 h,Tam-only,-0.000148885153146922,-0.000388149019886215,2.57713438662803e-05,Head/shoulder zoom (x ≥ 4.97)
8.71624266144814,24 h,Dox-only,0.000347920603018974,-6.47176738677049e-05,0.000777470321656292,Head/shoulder zoom (x ≥ 4.97)
8.71624266144814,24 h,Tam-only,0.000136709221679957,-0.000247043895900563,0.000504887019944964,Head/shoulder zoom (x ≥ 4.97)
8.71624266144814,4 h,Dox-only,0.000244768609081012,-4.40827823009938e-05,0.000506620721957893,Head/shoulder zoom (x ≥ 4.97)
8.71624266144814,4 h,Tam-only,-0.000155114736098764,-0.000383146907120563,2.83365303797657e-05,Head/shoulder zoom (x ≥ 4.97)
8.74951076320939,24 h,Dox-only,0.000323381340471277,-8.86112849610473e-05,0.000755395752053362,Head/shoulder zoom (x ≥ 4.97)
8.74951076320939,24 h,Tam-only,0.000118508023784289,-0.000239145280922591,0.000477663997163557,Head/shoulder zoom (x ≥ 4.97)
8.74951076320939,4 h,Dox-only,0.000256577818200653,-1.66290112586368e-05,0.000525566735557613,Head/shoulder zoom (x ≥ 4.97)
8.74951076320939,4 h,Tam-only,-0.000161835410027714,-0.000381301334976881,1.60455532839467e-05,Head/shoulder zoom (x ≥ 4.97)
8.78277886497065,24 h,Dox-only,0.000290533412000694,-0.00014208506729906,0.000735955785782443,Head/shoulder zoom (x ≥ 4.97)
8.78277886497065,24 h,Tam-only,9.78125788956875e-05,-0.000241256352104036,0.000432637770271245,Head/shoulder zoom (x ≥ 4.97)
8.78277886497065,4 h,Dox-only,0.000262228972545397,-8.93817241596297e-06,0.00053053075313631,Head/shoulder zoom (x ≥ 4.97)
8.78277886497065,4 h,Tam-only,-0.00016859379710844,-0.000378536259963406,8.79101022582808e-06,Head/shoulder zoom (x ≥ 4.97)
8.8160469667319,24 h,Dox-only,0.00025201084653178,-0.000197463893131037,0.000685046441650436,Head/shoulder zoom (x ≥ 4.97)
8.8160469667319,24 h,Tam-only,7.63468880483234e-05,-0.000240437628737213,0.000417516127186684,Head/shoulder zoom (x ≥ 4.97)
8.8160469667319,4 h,Dox-only,0.000260994750311908,-3.68351976863963e-06,0.000522598550362555,Head/shoulder zoom (x ≥ 4.97)
8.8160469667319,4 h,Tam-only,-0.000174995900054105,-0.0003686269146133,2.54975926830224e-05,Head/shoulder zoom (x ≥ 4.97)
8.84931506849315,24 h,Dox-only,0.000210942514377741,-0.000240550775278547,0.000624510447618131,Head/shoulder zoom (x ≥ 4.97)
8.84931506849315,24 h,Tam-only,5.60205270491074e-05,-0.000236001025491732,0.000411044284258428,Head/shoulder zoom (x ≥ 4.97)
8.84931506849315,4 h,Dox-only,0.000251636015624112,-4.9916049651503e-06,0.000512077057560069,Head/shoulder zoom (x ≥ 4.97)
8.84931506849315,4 h,Tam-only,-0.000180649214679393,-0.000360707574856968,4.11874230993095e-05,Head/shoulder zoom (x ≥ 4.97)
8.8825831702544,24 h,Dox-only,0.000170781376450613,-0.000264212622160014,0.000558168413356865,Head/shoulder zoom (x ≥ 4.97)
8.8825831702544,24 h,Tam-only,3.8261934708786e-05,-0.000251678563560707,0.000379234650187309,Head/shoulder zoom (x ≥ 4.97)
8.8825831702544,4 h,Dox-only,0.000234589664226655,-1.19755507708984e-05,0.000475189491006228,Head/shoulder zoom (x ≥ 4.97)
8.8825831702544,4 h,Tam-only,-0.000185273593205543,-0.000371043176489448,3.6318831050937e-05,Head/shoulder zoom (x ≥ 4.97)
8.91585127201565,24 h,Dox-only,0.000134277604833306,-0.000278567972332158,0.000510961024493934,Head/shoulder zoom (x ≥ 4.97)
8.91585127201565,24 h,Tam-only,2.40340938219732e-05,-0.000256847205046057,0.000356488476893282,Head/shoulder zoom (x ≥ 4.97)
8.91585127201565,4 h,Dox-only,0.000210413493963881,-1.92186833634719e-05,0.000413019464766786,Head/shoulder zoom (x ≥ 4.97)
8.91585127201565,4 h,Tam-only,-0.000188752560070087,-0.000382315734402736,2.62040827545168e-05,Head/shoulder zoom (x ≥ 4.97)
8.94911937377691,24 h,Dox-only,0.000103556574211299,-0.000282150278712027,0.000468467696513566,Head/shoulder zoom (x ≥ 4.97)
8.94911937377691,24 h,Tam-only,1.39582956673358e-05,-0.000254200949698358,0.000342806835576521,Head/shoulder zoom (x ≥ 4.97)
8.94911937377691,4 h,Dox-only,0.00017979547033198,-4.74845734656593e-05,0.000380615008366748,Head/shoulder zoom (x ≥ 4.97)
8.94911937377691,4 h,Tam-only,-0.000190988431733834,-0.000386578472737745,2.52987816570015e-05,Head/shoulder zoom (x ≥ 4.97)
8.98238747553816,24 h,Dox-only,8.01440294897963e-05,-0.000286451812621863,0.000435132506248656,Head/shoulder zoom (x ≥ 4.97)
8.98238747553816,24 h,Tam-only,8.33647636509782e-06,-0.000276755959777017,0.000326982678667777,Head/shoulder zoom (x ≥ 4.97)
8.98238747553816,4 h,Dox-only,0.00014374100359362,-0.000100907765144871,0.000344710059758065,Head/shoulder zoom (x ≥ 4.97)
8.98238747553816,4 h,Tam-only,-0.000191942307470465,-0.000383671734674818,4.53893988116792e-05,Head/shoulder zoom (x ≥ 4.97)
9.01565557729941,24 h,Dox-only,6.48974282853013e-05,-0.000276674167148677,0.000405885159471483,Head/shoulder zoom (x ≥ 4.97)
9.01565557729941,24 h,Tam-only,7.18611641367314e-06,-0.000274009546297888,0.000308094293205926,Head/shoulder zoom (x ≥ 4.97)
9.01565557729941,4 h,Dox-only,0.000103528011763173,-0.000145913094775434,0.000302679475714482,Head/shoulder zoom (x ≥ 4.97)
9.01565557729941,4 h,Tam-only,-0.000191633398746634,-0.000391442052289516,5.13430644372049e-05,Head/shoulder zoom (x ≥ 4.97)
9.04892367906066,24 h,Dox-only,5.79899179778652e-05,-0.000238388804751313,0.00038807680707806,Head/shoulder zoom (x ≥ 4.97)
9.04892367906066,24 h,Tam-only,1.02899184102677e-05,-0.000262889016226738,0.000293425869203543,Head/shoulder zoom (x ≥ 4.97)
9.04892367906066,4 h,Dox-only,6.06476866639948e-05,-0.000185296125555047,0.000248474866198076,Head/shoulder zoom (x ≥ 4.97)
9.04892367906066,4 h,Tam-only,-0.000190138275950413,-0.000385370899588476,4.5211093608989e-05,Head/shoulder zoom (x ≥ 4.97)
9.08219178082192,24 h,Dox-only,5.89460945358863e-05,-0.000241245695411052,0.000372954602152122,Head/shoulder zoom (x ≥ 4.97)
9.08219178082192,24 h,Tam-only,1.72545718056531e-05,-0.000247538894965607,0.000289977757703,Head/shoulder zoom (x ≥ 4.97)
9.08219178082192,4 h,Dox-only,1.67342945138409e-05,-0.000232054870732025,0.00019791886587105,Head/shoulder zoom (x ≥ 4.97)
9.08219178082192,4 h,Tam-only,-0.000187588717920372,-0.000392499541568207,3.50654681739959e-05,Head/shoulder zoom (x ≥ 4.97)
9.11545988258317,24 h,Dox-only,6.67258448668225e-05,-0.000237757740035132,0.000371759776649219,Head/shoulder zoom (x ≥ 4.97)
9.11545988258317,24 h,Tam-only,2.75730763879449e-05,-0.000258636974081337,0.000298019200114191,Head/shoulder zoom (x ≥ 4.97)
9.11545988258317,4 h,Dox-only,-2.65124618392056e-05,-0.000282215285302486,0.000168134342199813,Head/shoulder zoom (x ≥ 4.97)
9.11545988258317,4 h,Tam-only,-0.000184166789025689,-0.000405560687060553,4.7098514580639e-05,Head/shoulder zoom (x ≥ 4.97)
9.14872798434442,24 h,Dox-only,7.99551233080899e-05,-0.000213759123160072,0.000387235916852931,Head/shoulder zoom (x ≥ 4.97)
9.14872798434442,24 h,Tam-only,4.06854314177595e-05,-0.000242841165266006,0.00029952513293343,Head/shoulder zoom (x ≥ 4.97)
9.14872798434442,4 h,Dox-only,-6.74061623922614e-05,-0.000323396735130763,0.000130715178213918,Head/shoulder zoom (x ≥ 4.97)
9.14872798434442,4 h,Tam-only,-0.000180115075935975,-0.000410251644644449,3.50485041599014e-05,Head/shoulder zoom (x ≥ 4.97)
9.18199608610568,24 h,Dox-only,9.68320366565873e-05,-0.000183484921765548,0.000412278174339552,Head/shoulder zoom (x ≥ 4.97)
9.18199608610568,24 h,Tam-only,5.62776981178027e-05,-0.000206234867842922,0.000297979303952978,Head/shoulder zoom (x ≥ 4.97)
9.18199608610568,4 h,Dox-only,-0.000103624009950609,-0.000361933651989261,9.21975210020021e-05,Head/shoulder zoom (x ≥ 4.97)
9.18199608610568,4 h,Tam-only,-0.00017562987793175,-0.000407882241884237,2.81847719188712e-05,Head/shoulder zoom (x ≥ 4.97)
9.21526418786693,24 h,Dox-only,0.000114939107684247,-0.000161296251735688,0.000450642934277562,Head/shoulder zoom (x ≥ 4.97)
9.21526418786693,24 h,Tam-only,7.34624148770223e-05,-0.000188405601773577,0.000319373467568394,Head/shoulder zoom (x ≥ 4.97)
9.21526418786693,4 h,Dox-only,-0.000134202316736459,-0.000392293074396332,6.89196559726965e-05,Head/shoulder zoom (x ≥ 4.97)
9.21526418786693,4 h,Tam-only,-0.000171059658088321,-0.000399295038267916,3.25229036997485e-05,Head/shoulder zoom (x ≥ 4.97)
9.24853228962818,24 h,Dox-only,0.000132670076585308,-0.000130744252108291,0.00048333891983895,Head/shoulder zoom (x ≥ 4.97)
9.24853228962818,24 h,Tam-only,9.1859175564043e-05,-0.000149916435062519,0.00034750227409353,Head/shoulder zoom (x ≥ 4.97)
9.24853228962818,4 h,Dox-only,-0.000158149823354544,-0.000412334227321263,4.72074007378377e-05,Head/shoulder zoom (x ≥ 4.97)
9.24853228962818,4 h,Tam-only,-0.00016662269730225,-0.000386164791230308,4.04691077276488e-05,Head/shoulder zoom (x ≥ 4.97)
9.28180039138943,24 h,Dox-only,0.000148716851087314,-0.000102463570106182,0.000498771874014418,Head/shoulder zoom (x ≥ 4.97)
9.28180039138943,24 h,Tam-only,0.000111153963059144,-0.000112269421968522,0.000383429639126717,Head/shoulder zoom (x ≥ 4.97)
9.28180039138943,4 h,Dox-only,-0.000174801969683373,-0.0004290846742837,2.66987088549635e-05,Head/shoulder zoom (x ≥ 4.97)
9.28180039138943,4 h,Tam-only,-0.000162466941206783,-0.00037888189153994,4.75348501546213e-05,Head/shoulder zoom (x ≥ 4.97)
9.31506849315068,24 h,Dox-only,0.000162170337221099,-0.000100156545964845,0.000487080425973305,Head/shoulder zoom (x ≥ 4.97)
9.31506849315068,24 h,Tam-only,0.000131105622015693,-9.64904560247421e-05,0.000414855039047276,Head/shoulder zoom (x ≥ 4.97)
9.31506849315068,4 h,Dox-only,-0.000183844098149594,-0.000420543633067457,1.24169320387095e-05,Head/shoulder zoom (x ≥ 4.97)
9.31506849315068,4 h,Tam-only,-0.000158656581958972,-0.000367774935065393,4.7484956956677e-05,Head/shoulder zoom (x ≥ 4.97)
9.34833659491194,24 h,Dox-only,0.000172560912527566,-7.70698222602539e-05,0.000472791405346745,Head/shoulder zoom (x ≥ 4.97)
9.34833659491194,24 h,Tam-only,0.000151526975646173,-7.56390203375383e-05,0.000438256055684926,Head/shoulder zoom (x ≥ 4.97)
9.34833659491194,4 h,Dox-only,-0.000185317264722863,-0.000428010055536343,-2.39473409121739e-07,Head/shoulder zoom (x ≥ 4.97)
9.34833659491194,4 h,Tam-only,-0.000155158490039768,-0.000350864188040919,6.1217733656869e-05,Head/shoulder zoom (x ≥ 4.97)
9.38160469667319,24 h,Dox-only,0.000179854813380067,-7.13991598954154e-05,0.000486314741258243,Head/shoulder zoom (x ≥ 4.97)
9.38160469667319,24 h,Tam-only,0.000172259968553941,-6.06309885681483e-05,0.000456464654366829,Head/shoulder zoom (x ≥ 4.97)
9.38160469667319,4 h,Dox-only,-0.000179606501270663,-0.00043144195546767,-1.29334413858112e-06,Head/shoulder zoom (x ≥ 4.97)
9.38160469667319,4 h,Tam-only,-0.000151838050672851,-0.000324082489818207,5.38079808172398e-05,Head/shoulder zoom (x ≥ 4.97)
9.41487279843444,24 h,Dox-only,0.000184409056313815,-8.36319995866964e-05,0.000491913785504799,Head/shoulder zoom (x ≥ 4.97)
9.41487279843444,24 h,Tam-only,0.000193147780011216,-4.60531997906286e-05,0.000464158881999811,Head/shoulder zoom (x ≥ 4.97)
9.41487279843444,4 h,Dox-only,-0.000167412045942371,-0.000403972986732119,-2.37853144068843e-06,Head/shoulder zoom (x ≥ 4.97)
9.41487279843444,4 h,Tam-only,-0.000148465976635504,-0.00030152325308011,4.2029303585652e-05,Head/shoulder zoom (x ≥ 4.97)
9.44814090019569,24 h,Dox-only,0.000186890428277427,-0.000115494350990935,0.000474858701259006,Head/shoulder zoom (x ≥ 4.97)
9.44814090019569,24 h,Tam-only,0.000214006993627887,-2.41975100879574e-05,0.000473199147944716,Head/shoulder zoom (x ≥ 4.97)
9.44814090019569,4 h,Dox-only,-0.000149704742550569,-0.000371586408543704,-4.84761459271804e-07,Head/shoulder zoom (x ≥ 4.97)
9.44814090019569,4 h,Tam-only,-0.000144736913450376,-0.000297119996338859,3.86079716944308e-05,Head/shoulder zoom (x ≥ 4.97)
9.48140900195695,24 h,Dox-only,0.000188388727951292,-0.000154338966446006,0.000450463355225825,Head/shoulder zoom (x ≥ 4.97)
9.48140900195695,24 h,Tam-only,0.000234678014900003,5.99225804556569e-06,0.000492254422953945,Head/shoulder zoom (x ≥ 4.97)
9.48140900195695,4 h,Dox-only,-0.000127576161896922,-0.000358138230417922,1.68140327682221e-05,Head/shoulder zoom (x ≥ 4.97)
9.48140900195695,4 h,Tam-only,-0.000140295116652068,-0.000293139704785235,3.66125195973286e-05,Head/shoulder zoom (x ≥ 4.97)
9.5146771037182,24 h,Dox-only,0.000189518389698547,-0.000175901479237352,0.00044577133666278,Head/shoulder zoom (x ≥ 4.97)
9.5146771037182,24 h,Tam-only,0.000254522838506764,1.86720035515382e-05,0.000507677203698648,Head/shoulder zoom (x ≥ 4.97)
9.5146771037182,4 h,Dox-only,-0.000102455599388242,-0.000342565623984089,5.23988792270939e-05,Head/shoulder zoom (x ≥ 4.97)
9.5146771037182,4 h,Tam-only,-0.000134628600608756,-0.000290538771637519,3.01768767940249e-05,Head/shoulder zoom (x ≥ 4.97)
9.54794520547945,24 h,Dox-only,0.000191422882335737,-0.000190505007425513,0.000448590976697975,Head/shoulder zoom (x ≥ 4.97)
9.54794520547945,24 h,Tam-only,0.000273270495725435,3.34170602737352e-05,0.000531081523862305,Head/shoulder zoom (x ≥ 4.97)
9.54794520547945,4 h,Dox-only,-7.61027286678808e-05,-0.000309252369774807,8.07066526795248e-05,Head/shoulder zoom (x ≥ 4.97)
9.54794520547945,4 h,Tam-only,-0.000127557374891385,-0.000299350281483151,2.79902710874146e-05,Head/shoulder zoom (x ≥ 4.97)
9.5812133072407,24 h,Dox-only,0.000194683718241519,-0.000183453110510995,0.000447067248926809,Head/shoulder zoom (x ≥ 4.97)
9.5812133072407,24 h,Tam-only,0.000290447196325845,3.34790435738247e-05,0.000552566985637704,Head/shoulder zoom (x ≥ 4.97)
9.5812133072407,4 h,Dox-only,-4.98133632000689e-05,-0.000269633682459561,0.000108309006539524,Head/shoulder zoom (x ≥ 4.97)
9.5812133072407,4 h,Tam-only,-0.000118953114816866,-0.000297617559228544,4.32301907049092e-05,Head/shoulder zoom (x ≥ 4.97)
9.61448140900196,24 h,Dox-only,0.000199613544734355,-0.000192692029075058,0.000451429665438345,Head/shoulder zoom (x ≥ 4.97)
9.61448140900196,24 h,Tam-only,0.000305541576906412,3.46467423447792e-05,0.000569791219843798,Head/shoulder zoom (x ≥ 4.97)
9.61448140900196,4 h,Dox-only,-2.47483029387906e-05,-0.000242225304097831,0.000133469169516916,Head/shoulder zoom (x ≥ 4.97)
9.61448140900196,4 h,Tam-only,-0.000108851781506088,-0.000288604734378747,5.68745529239385e-05,Head/shoulder zoom (x ≥ 4.97)
9.64774951076321,24 h,Dox-only,0.000206242186909806,-0.000198658057092264,0.000466522915460077,Head/shoulder zoom (x ≥ 4.97)
9.64774951076321,24 h,Tam-only,0.000318035698864793,4.80983810534022e-05,0.000571560222050618,Head/shoulder zoom (x ≥ 4.97)
9.64774951076321,4 h,Dox-only,-1.88399047058039e-06,-0.00022145152411299,0.000151724965490166,Head/shoulder zoom (x ≥ 4.97)
9.64774951076321,4 h,Tam-only,-9.74723381419636e-05,-0.000273244924450422,8.52258518963119e-05,Head/shoulder zoom (x ≥ 4.97)
9.68101761252446,24 h,Dox-only,0.0002143362513212,-0.000192934087742995,0.000477481208943069,Head/shoulder zoom (x ≥ 4.97)
9.68101761252446,24 h,Tam-only,0.000327440688002276,7.47726357382974e-05,0.000569590522441056,Head/shoulder zoom (x ≥ 4.97)
9.68101761252446,4 h,Dox-only,1.80210638823489e-05,-0.000203178021377237,0.000165632013302904,Head/shoulder zoom (x ≥ 4.97)
9.68101761252446,4 h,Tam-only,-8.52167060272407e-05,-0.000252757403071457,0.000103809547822344,Head/shoulder zoom (x ≥ 4.97)
9.71428571428571,24 h,Dox-only,0.000223447526018067,-0.000176245247587014,0.000478659846621065,Head/shoulder zoom (x ≥ 4.97)
9.71428571428571,24 h,Tam-only,0.000333333691304013,0.000104871805587278,0.000559851776104123,Head/shoulder zoom (x ≥ 4.97)
9.71428571428571,4 h,Dox-only,3.44429251376616e-05,-0.000189848943313973,0.000178409749839024,Head/shoulder zoom (x ≥ 4.97)
9.71428571428571,4 h,Tam-only,-7.26497700071235e-05,-0.000228552422560169,0.000115924593838365,Head/shoulder zoom (x ≥ 4.97)
9.74755381604697,24 h,Dox-only,0.000232983209427734,-0.000149936515655734,0.000483300324064313,Head/shoulder zoom (x ≥ 4.97)
9.74755381604697,24 h,Tam-only,0.000335392619116184,0.000137225796041822,0.000534283406477558,Head/shoulder zoom (x ≥ 4.97)
9.74755381604697,4 h,Dox-only,4.70918470639409e-05,-0.000178220857910869,0.000202588917250454,Head/shoulder zoom (x ≥ 4.97)
9.74755381604697,4 h,Tam-only,-6.04599344294647e-05,-0.000198732755404708,0.000124030767569986,Head/shoulder zoom (x ≥ 4.97)
9.78082191780822,24 h,Dox-only,0.000242289256430754,-0.000126289578766873,0.000484668549199181,Head/shoulder zoom (x ≥ 4.97)
9.78082191780822,24 h,Tam-only,0.000333425157686415,0.000146106325035168,0.000519772947743324,Head/shoulder zoom (x ≥ 4.97)
9.78082191780822,4 h,Dox-only,5.58958337937442e-05,-0.000169829115287909,0.000217531133815173,Head/shoulder zoom (x ≥ 4.97)
9.78082191780822,4 h,Tam-only,-4.94024414377395e-05,-0.000189500731915933,0.000140894309928779,Head/shoulder zoom (x ≥ 4.97)
9.81409001956947,24 h,Dox-only,0.000250713598822125,-0.0001000424039623,0.000489839331430534,Head/shoulder zoom (x ≥ 4.97)
9.81409001956947,24 h,Tam-only,0.000327197532838581,0.000154167506574353,0.00052164408903232,Head/shoulder zoom (x ≥ 4.97)
9.81409001956947,4 h,Dox-only,6.06338817102973e-05,-0.000164734155448735,0.000222650369543014,Head/shoulder zoom (x ≥ 4.97)
9.81409001956947,4 h,Tam-only,-4.05506425099054e-05,-0.000187368065797336,0.000158155940352719,Head/shoulder zoom (x ≥ 4.97)
9.84735812133072,24 h,Dox-only,0.000257575218931666,-6.58077555556186e-05,0.000496272259501139,Head/shoulder zoom (x ≥ 4.97)
9.84735812133072,24 h,Tam-only,0.000316802547919331,0.000140555193716374,0.000520752315235004,Head/shoulder zoom (x ≥ 4.97)
9.84735812133072,4 h,Dox-only,6.18930675505339e-05,-0.000162731432716668,0.000218653188781492,Head/shoulder zoom (x ≥ 4.97)
9.84735812133072,4 h,Tam-only,-3.43554678069583e-05,-0.000189198908742665,0.000167674476001708,Head/shoulder zoom (x ≥ 4.97)
9.88062622309198,24 h,Dox-only,0.00026271071433595,-2.99276102378946e-05,0.000495057798604509,Head/shoulder zoom (x ≥ 4.97)
9.88062622309198,24 h,Tam-only,0.000302862580110288,0.000116103618752467,0.000499763103003085,Head/shoulder zoom (x ≥ 4.97)
9.88062622309198,4 h,Dox-only,6.01697912524768e-05,-0.000163154268367008,0.000205054014310786,Head/shoulder zoom (x ≥ 4.97)
9.88062622309198,4 h,Tam-only,-3.12470846460184e-05,-0.000188419186037825,0.000152268741794478,Head/shoulder zoom (x ≥ 4.97)
9.91389432485323,24 h,Dox-only,0.000266055245940674,6.39480139903899e-06,0.000478834588483541,Head/shoulder zoom (x ≥ 4.97)
9.91389432485323,24 h,Tam-only,0.000285813922031597,9.65257919633023e-05,0.00048243148559283,Head/shoulder zoom (x ≥ 4.97)
9.91389432485323,4 h,Dox-only,5.58640150848571e-05,-0.000157386666478603,0.000200469898614737,Head/shoulder zoom (x ≥ 4.97)
9.91389432485323,4 h,Tam-only,-3.13790921697363e-05,-0.000181091922155939,0.000139335926235051,Head/shoulder zoom (x ≥ 4.97)
9.94716242661448,24 h,Dox-only,0.000267729935263708,2.97822895805416e-05,0.000473100198335408,Head/shoulder zoom (x ≥ 4.97)
9.94716242661448,24 h,Tam-only,0.000266171118925909,7.66516452813409e-05,0.000462912442790898,Head/shoulder zoom (x ≥ 4.97)
9.94716242661448,4 h,Dox-only,4.93679639335953e-05,-0.000147877103642127,0.000190826147211719,Head/shoulder zoom (x ≥ 4.97)
9.94716242661448,4 h,Tam-only,-3.46462594855558e-05,-0.000174488870373609,0.000123078853484503,Head/shoulder zoom (x ≥ 4.97)
9.98043052837573,24 h,Dox-only,0.000268012532910526,4.95116066574964e-05,0.000469741655375689,Head/shoulder zoom (x ≥ 4.97)
9.98043052837573,24 h,Tam-only,0.000244493574944704,5.72155320778151e-05,0.000433043004175374,Head/shoulder zoom (x ≥ 4.97)
9.98043052837573,4 h,Dox-only,4.10465444703181e-05,-0.000144683591854518,0.000187177168142537,Head/shoulder zoom (x ≥ 4.97)
9.98043052837573,4 h,Tam-only,-4.06954074768158e-05,-0.000177638208294579,0.000100257145397371,Head/shoulder zoom (x ≥ 4.97)
10.013698630137,24 h,Dox-only,0.000267297052153093,5.39202546047237e-05,0.000466975516674199,Head/shoulder zoom (x ≥ 4.97)
10.013698630137,24 h,Tam-only,0.000221354279226243,3.42866279167714e-05,0.000398203091152216,Head/shoulder zoom (x ≥ 4.97)
10.013698630137,4 h,Dox-only,3.12285497871948e-05,-0.000146555799607766,0.000178179724939325,Head/shoulder zoom (x ≥ 4.97)
10.013698630137,4 h,Tam-only,-4.89606615916155e-05,-0.000186505348790573,7.74571546528468e-05,Head/shoulder zoom (x ≥ 4.97)
10.0469667318982,24 h,Dox-only,0.000266048164717586,5.69951537724921e-05,0.000467891076885409,Head/shoulder zoom (x ≥ 4.97)
10.0469667318982,24 h,Tam-only,0.000197313202892752,4.24569765681025e-06,0.000377150827702679,Head/shoulder zoom (x ≥ 4.97)
10.0469667318982,4 h,Dox-only,2.02077190649928e-05,-0.000149204628657958,0.0001760131583074,Head/shoulder zoom (x ≥ 4.97)
10.0469667318982,4 h,Tam-only,-5.87192998081239e-05,-0.000195738100839741,6.63517350361619e-05,Head/shoulder zoom (x ≥ 4.97)
10.0802348336595,24 h,Dox-only,0.000264755729876193,7.1664398477637e-05,0.000476988954776259,Head/shoulder zoom (x ≥ 4.97)
10.0802348336595,24 h,Tam-only,0.000172897061358452,-2.0265224487202e-05,0.000363024415319234,Head/shoulder zoom (x ≥ 4.97)
10.0802348336595,4 h,Dox-only,8.25190317537273e-06,-0.000161879108625074,0.000181818983782469,Head/shoulder zoom (x ≥ 4.97)
10.0802348336595,4 h,Tam-only,-6.91627683557319e-05,-0.000200246794016538,4.94246585235628e-05,Head/shoulder zoom (x ≥ 4.97)
10.1135029354207,24 h,Dox-only,0.000264006280144603,8.7725604343459e-05,0.000473977677108059,Head/shoulder zoom (x ≥ 4.97)
10.1135029354207,24 h,Tam-only,0.000148586175589221,-3.85311397229334e-05,0.00034098982389389,Head/shoulder zoom (x ≥ 4.97)
10.1135029354207,4 h,Dox-only,-4.38210988668638e-06,-0.000181668024921318,0.000178555789707116,Head/shoulder zoom (x ≥ 4.97)
10.1135029354207,4 h,Tam-only,-7.94760619907955e-05,-0.00023068057949381,4.1847762011096e-05,Head/shoulder zoom (x ≥ 4.97)
10.146771037182,24 h,Dox-only,0.000264391384766029,0.000101716472666133,0.000484914343777071,Head/shoulder zoom (x ≥ 4.97)
10.146771037182,24 h,Tam-only,0.000125027618985788,-4.99343275651188e-05,0.000313014869295274,Head/shoulder zoom (x ≥ 4.97)
10.146771037182,4 h,Dox-only,-1.74734014814868e-05,-0.000194359678525978,0.000176845404398061,Head/shoulder zoom (x ≥ 4.97)
10.146771037182,4 h,Tam-only,-8.88559113990848e-05,-0.000247814333325052,4.89720965907158e-05,Head/shoulder zoom (x ≥ 4.97)
10.1800391389432,24 h,Dox-only,0.000265831070266741,8.25896728789963e-05,0.000498785199835486,Head/shoulder zoom (x ≥ 4.97)
10.1800391389432,24 h,Tam-only,0.000102358018142376,-5.60748416217403e-05,0.0002839206517648,Head/shoulder zoom (x ≥ 4.97)
10.1800391389432,4 h,Dox-only,-3.05631260965947e-05,-0.000197851777701495,0.000173314270749024,Head/shoulder zoom (x ≥ 4.97)
10.1800391389432,4 h,Tam-only,-9.65578181859287e-05,-0.000255719342205705,4.81825241804494e-05,Head/shoulder zoom (x ≥ 4.97)
10.2133072407045,24 h,Dox-only,0.000268764226441169,7.3689834064479e-05,0.000506522022345665,Head/shoulder zoom (x ≥ 4.97)
10.2133072407045,24 h,Tam-only,8.09824965372998e-05,-7.29570449565678e-05,0.00025794683582792,Head/shoulder zoom (x ≥ 4.97)
10.2133072407045,4 h,Dox-only,-4.33416285703413e-05,-0.000213887513866848,0.00016395286954543,Head/shoulder zoom (x ≥ 4.97)
10.2133072407045,4 h,Tam-only,-0.000102414409134123,-0.000259676031845764,5.22719555772733e-05,Head/shoulder zoom (x ≥ 4.97)
10.2465753424658,24 h,Dox-only,0.00027330378428588,5.65880558033786e-05,0.000511840949652057,Head/shoulder zoom (x ≥ 4.97)
10.2465753424658,24 h,Tam-only,6.11405166004277e-05,-0.000100084910439203,0.000235941659166758,Head/shoulder zoom (x ≥ 4.97)
10.2465753424658,4 h,Dox-only,-5.5429597302867e-05,-0.000235371612077336,0.000149417189845075,Head/shoulder zoom (x ≥ 4.97)
10.2465753424658,4 h,Tam-only,-0.000106359761985849,-0.000256416525394985,5.82202155296191e-05,Head/shoulder zoom (x ≥ 4.97)
10.279843444227,24 h,Dox-only,0.000279453079412089,5.60786995529475e-05,0.000504638343905457,Head/shoulder zoom (x ≥ 4.97)
10.279843444227,24 h,Tam-only,4.30122241703954e-05,-0.000116339189102942,0.000216593601371787,Head/shoulder zoom (x ≥ 4.97)
10.279843444227,4 h,Dox-only,-6.64190373867097e-05,-0.000257451651249957,0.000129608448189161,Head/shoulder zoom (x ≥ 4.97)
10.279843444227,4 h,Tam-only,-0.000108524750450938,-0.000253550531073831,6.09629474728596e-05,Head/shoulder zoom (x ≥ 4.97)
10.3131115459883,24 h,Dox-only,0.000287100857013843,5.94191302595692e-05,0.000479669441675175,Head/shoulder zoom (x ≥ 4.97)
10.3131115459883,24 h,Tam-only,2.67132185095783e-05,-0.000140935789524903,0.000189130646488854,Head/shoulder zoom (x ≥ 4.97)
10.3131115459883,4 h,Dox-only,-7.58863789355547e-05,-0.000267743512685004,0.000106421007753863,Head/shoulder zoom (x ≥ 4.97)
10.3131115459883,4 h,Tam-only,-0.000109197958609116,-0.000273602088124925,5.98492449222362e-05,Head/shoulder zoom (x ≥ 4.97)
10.3463796477495,24 h,Dox-only,0.000296018201086047,5.80348674793283e-05,0.000485825095347158,Head/shoulder zoom (x ≥ 4.97)
10.3463796477495,24 h,Tam-only,1.22899145802398e-05,-0.000156539725037828,0.000156628573163169,Head/shoulder zoom (x ≥ 4.97)
10.3463796477495,4 h,Dox-only,-8.34088102388763e-05,-0.000271003484889029,8.55129898869132e-05,Head/shoulder zoom (x ≥ 4.97)
10.3463796477495,4 h,Tam-only,-0.000108773983943723,-0.000287181595156246,5.22009949275181e-05,Head/shoulder zoom (x ≥ 4.97)
10.3796477495108,24 h,Dox-only,0.000305858803634733,6.01117287010142e-05,0.000527893186472612,Head/shoulder zoom (x ≥ 4.97)
10.3796477495108,24 h,Tam-only,-2.82487049820717e-07,-0.000169368214608643,0.000130252388638495,Head/shoulder zoom (x ≥ 4.97)
10.3796477495108,4 h,Dox-only,-8.85821893926585e-05,-0.000268541617454473,7.55483185318434e-05,Head/shoulder zoom (x ≥ 4.97)
10.3796477495108,4 h,Tam-only,-0.000107695112372798,-0.000294574566243106,4.46456409099209e-05,Head/shoulder zoom (x ≥ 4.97)
10.412915851272,24 h,Dox-only,0.000316164396200887,6.89520497680814e-05,0.000543666713559231,Head/shoulder zoom (x ≥ 4.97)
10.412915851272,24 h,Tam-only,-1.10974163531731e-05,-0.000180448421031647,0.000110151636013889,Head/shoulder zoom (x ≥ 4.97)
10.412915851272,4 h,Dox-only,-9.10389836820276e-05,-0.000278281127963715,7.76121918417982e-05,Head/shoulder zoom (x ≥ 4.97)
10.412915851272,4 h,Tam-only,-0.000106392497403276,-0.000296014541335005,4.11283200845122e-05,Head/shoulder zoom (x ≥ 4.97)
10.4461839530333,24 h,Dox-only,0.000326589448906861,8.49785173151479e-05,0.000547316261963659,Head/shoulder zoom (x ≥ 4.97)
10.4461839530333,24 h,Tam-only,-2.030795823459e-05,-0.000187378618805435,0.000115367562457914,Head/shoulder zoom (x ≥ 4.97)
10.4461839530333,4 h,Dox-only,-9.04739414332519e-05,-0.000296055794339174,7.72680670016576e-05,Head/shoulder zoom (x ≥ 4.97)
10.4461839530333,4 h,Tam-only,-0.00010530114840994,-0.000291659261312672,4.75124968823099e-05,Head/shoulder zoom (x ≥ 4.97)
10.4794520547945,24 h,Dox-only,0.00033600978071571,0.000100943106832937,0.000560642596010566,Head/shoulder zoom (x ≥ 4.97)
10.4794520547945,24 h,Tam-only,-2.77586990534843e-05,-0.000190692334777868,0.00010949800286905,Head/shoulder zoom (x ≥ 4.97)
10.4794520547945,4 h,Dox-only,-8.61649269431038e-05,-0.000305512185127828,8.22358046499435e-05,Head/shoulder zoom (x ≥ 4.97)
10.4794520547945,4 h,Tam-only,-0.000104607230170656,-0.000270144250296616,5.1960655577968e-05,Head/shoulder zoom (x ≥ 4.97)
10.5127201565558,24 h,Dox-only,0.000343601592532807,0.000114472036647282,0.000571239386473969,Head/shoulder zoom (x ≥ 4.97)
10.5127201565558,24 h,Tam-only,-3.42795038541486e-05,-0.000194923858528483,0.000110309298431665,Head/shoulder zoom (x ≥ 4.97)
10.5127201565558,4 h,Dox-only,-7.84003833105623e-05,-0.000302394109472333,0.000103509603425761,Head/shoulder zoom (x ≥ 4.97)
10.5127201565558,4 h,Tam-only,-0.000104395665522879,-0.000265831868609309,4.01057068585092e-05,Head/shoulder zoom (x ≥ 4.97)
10.545988258317,24 h,Dox-only,0.000348927151168301,0.000105651385648735,0.000574597144150655,Head/shoulder zoom (x ≥ 4.97)
10.545988258317,24 h,Tam-only,-3.98412907250015e-05,-0.000206324484604209,0.000109794696357899,Head/shoulder zoom (x ≥ 4.97)
10.545988258317,4 h,Dox-only,-6.71553534585859e-05,-0.00028115418580417,0.000121508235073793,Head/shoulder zoom (x ≥ 4.97)
10.545988258317,4 h,Tam-only,-0.000104607595428794,-0.000263187141278129,2.90962153135393e-05,Head/shoulder zoom (x ≥ 4.97)
10.5792563600783,24 h,Dox-only,0.000351437642504222,0.000110372797308438,0.00058360904032041,Head/shoulder zoom (x ≥ 4.97)
10.5792563600783,24 h,Tam-only,-4.45454034246377e-05,-0.000220501250174013,0.000107027854082698,Head/shoulder zoom (x ≥ 4.97)
10.5792563600783,4 h,Dox-only,-5.25061789122747e-05,-0.000260493214473442,0.000135963256907222,Head/shoulder zoom (x ≥ 4.97)
10.5792563600783,4 h,Tam-only,-0.000105059124778461,-0.00024926015914488,2.64111305442356e-05,Head/shoulder zoom (x ≥ 4.97)
10.6125244618395,24 h,Dox-only,0.000350712931512194,0.000104477340213884,0.000584414939990546,Head/shoulder zoom (x ≥ 4.97)
10.6125244618395,24 h,Tam-only,-4.84028819192233e-05,-0.000229874084391143,0.000101701397870001,Head/shoulder zoom (x ≥ 4.97)
10.6125244618395,4 h,Dox-only,-3.46356317869293e-05,-0.000237587690173063,0.000156480901353043,Head/shoulder zoom (x ≥ 4.97)
10.6125244618395,4 h,Tam-only,-0.000105488338259913,-0.000231610748243189,1.80284506715845e-05,Head/shoulder zoom (x ≥ 4.97)
10.6457925636008,24 h,Dox-only,0.000346490061050821,9.23805645729549e-05,0.000579417900807218,Head/shoulder zoom (x ≥ 4.97)
10.6457925636008,24 h,Tam-only,-5.13243453431971e-05,-0.00024842996193334,9.80730643040886e-05,Head/shoulder zoom (x ≥ 4.97)
10.6457925636008,4 h,Dox-only,-1.38368675500042e-05,-0.000228487843142982,0.000194180961762317,Head/shoulder zoom (x ≥ 4.97)
10.6457925636008,4 h,Tam-only,-0.000105590717079485,-0.000220246662619883,1.47438112017408e-05,Head/shoulder zoom (x ≥ 4.97)
10.679060665362,24 h,Dox-only,0.000338676631380056,8.13861021593451e-05,0.000581462218398189,Head/shoulder zoom (x ≥ 4.97)
10.679060665362,24 h,Tam-only,-5.31230046336537e-05,-0.000248307186151681,9.41932134104294e-05,Head/shoulder zoom (x ≥ 4.97)
10.679060665362,4 h,Dox-only,9.48436215804762e-06,-0.000216008530221903,0.000231326108605459,Head/shoulder zoom (x ≥ 4.97)
10.679060665362,4 h,Tam-only,-0.000105055662689607,-0.000225840730240428,2.19569116550195e-05,Head/shoulder zoom (x ≥ 4.97)
10.7123287671233,24 h,Dox-only,0.000327347135957714,5.50221281547109e-05,0.000577080708522625,Head/shoulder zoom (x ≥ 4.97)
10.7123287671233,24 h,Tam-only,-5.35313540075411e-05,-0.000238716403889166,8.86757726753194e-05,Head/shoulder zoom (x ≥ 4.97)
10.7123287671233,4 h,Dox-only,3.48100317718895e-05,-0.000193464569562605,0.000258480927453672,Head/shoulder zoom (x ≥ 4.97)
10.7123287671233,4 h,Tam-only,-0.000103600968613338,-0.000217196856602078,2.58644975985836e-05,Head/shoulder zoom (x ≥ 4.97)
10.7455968688845,24 h,Dox-only,0.000312721895808653,2.92621392159184e-05,0.000557671952558289,Head/shoulder zoom (x ≥ 4.97)
10.7455968688845,24 h,Tam-only,-5.22307763931701e-05,-0.000228878207981312,8.37303722845221e-05,Head/shoulder zoom (x ≥ 4.97)
10.7455968688845,4 h,Dox-only,6.15136688154889e-05,-0.000177299172376165,0.000288375679806138,Head/shoulder zoom (x ≥ 4.97)
10.7455968688845,4 h,Tam-only,-0.000101002500393994,-0.000212517805885831,2.65967145270909e-05,Head/shoulder zoom (x ≥ 4.97)
10.7788649706458,24 h,Dox-only,0.000294413786140396,-6.94319473067752e-06,0.000529845726134534,Head/shoulder zoom (x ≥ 4.97)
10.7788649706458,24 h,Tam-only,-4.89262110914819e-05,-0.000219940244300577,8.82224603530173e-05,Head/shoulder zoom (x ≥ 4.97)
10.7788649706458,4 h,Dox-only,8.89359519821902e-05,-0.000158916636924449,0.000322221047244809,Head/shoulder zoom (x ≥ 4.97)
10.7788649706458,4 h,Tam-only,-9.69375010584368e-05,-0.000207898275189169,3.19288583754687e-05,Head/shoulder zoom (x ≥ 4.97)
10.812133072407,24 h,Dox-only,0.000273738557999842,-2.24302188638568e-05,0.000494801411381706,Head/shoulder zoom (x ≥ 4.97)
10.812133072407,24 h,Tam-only,-4.31052765400887e-05,-0.000211727560409108,9.23054227132054e-05,Head/shoulder zoom (x ≥ 4.97)
10.812133072407,4 h,Dox-only,0.000115914474830814,-0.000133962685658735,0.00035129613111225,Head/shoulder zoom (x ≥ 4.97)
10.812133072407,4 h,Tam-only,-9.15478813088588e-05,-0.00019988737543496,3.90310522514941e-05,Head/shoulder zoom (x ≥ 4.97)
10.8454011741683,24 h,Dox-only,0.000251096420323496,-3.42297457206103e-05,0.000476233612450216,Head/shoulder zoom (x ≥ 4.97)
10.8454011741683,24 h,Tam-only,-3.46417897826867e-05,-0.000201769227499131,9.62983704187509e-05,Head/shoulder zoom (x ≥ 4.97)
10.8454011741683,4 h,Dox-only,0.000141582551251657,-9.76784898627727e-05,0.000378230106801547,Head/shoulder zoom (x ≥ 4.97)
10.8454011741683,4 h,Tam-only,-8.49337174828968e-05,-0.000185510606674203,4.70441629321823e-05,Head/shoulder zoom (x ≥ 4.97)
10.8786692759295,24 h,Dox-only,0.00022667421071101,-5.51098171917855e-05,0.000459197827956585,Head/shoulder zoom (x ≥ 4.97)
10.8786692759295,24 h,Tam-only,-2.36566334389792e-05,-0.000188209328867345,0.000111751251129542,Head/shoulder zoom (x ≥ 4.97)
10.8786692759295,4 h,Dox-only,0.000165044542244734,-6.13075522290704e-05,0.000413797528685251,Head/shoulder zoom (x ≥ 4.97)
10.8786692759295,4 h,Tam-only,-7.72633178738867e-05,-0.000177162158243913,4.71080777064703e-05,Head/shoulder zoom (x ≥ 4.97)
10.9119373776908,24 h,Dox-only,0.00020065658049807,-8.91790289558353e-05,0.000432164615896593,Head/shoulder zoom (x ≥ 4.97)
10.9119373776908,24 h,Tam-only,-1.0346756399055e-05,-0.0001595656917207,0.00012854161272762,Head/shoulder zoom (x ≥ 4.97)
10.9119373776908,4 h,Dox-only,0.00018543244486716,-3.34349998245084e-05,0.000426865993614441,Head/shoulder zoom (x ≥ 4.97)
10.9119373776908,4 h,Tam-only,-6.87601723582323e-05,-0.000169975015484298,5.36085929424285e-05,Head/shoulder zoom (x ≥ 4.97)
10.9452054794521,24 h,Dox-only,0.000173121907566248,-0.000128301354630102,0.000417962549792692,Head/shoulder zoom (x ≥ 4.97)
10.9452054794521,24 h,Tam-only,4.91014691641665e-06,-0.000130613479907491,0.000148326533277559,Head/shoulder zoom (x ≥ 4.97)
10.9452054794521,4 h,Dox-only,0.000201942256532224,8.09854916875233e-06,0.000427038349179076,Head/shoulder zoom (x ≥ 4.97)
10.9452054794521,4 h,Tam-only,-5.96781485430735e-05,-0.000155956690529416,5.22545796662759e-05,Head/shoulder zoom (x ≥ 4.97)
10.9784735812133,24 h,Dox-only,0.000144060081975491,-0.000160260987956614,0.000379627348886393,Head/shoulder zoom (x ≥ 4.97)
10.9784735812133,24 h,Tam-only,2.1569206927608e-05,-0.000101122199437579,0.000165097675616684,Head/shoulder zoom (x ≥ 4.97)
10.9784735812133,4 h,Dox-only,0.000213869336063077,2.52002893151572e-05,0.000419887591172185,Head/shoulder zoom (x ≥ 4.97)
10.9784735812133,4 h,Tam-only,-5.02752478956522e-05,-0.000144586531319911,6.08767979803025e-05,Head/shoulder zoom (x ≥ 4.97)
11.0117416829746,24 h,Dox-only,0.000113407019192076,-0.000179485654254542,0.00035577659092083,Head/shoulder zoom (x ≥ 4.97)
11.0117416829746,24 h,Tam-only,3.89462103396645e-05,-7.79870965319805e-05,0.00017172223459873,Head/shoulder zoom (x ≥ 4.97)
11.0117416829746,4 h,Dox-only,0.00022064108958533,5.26656939106764e-05,0.000413411126935277,Head/shoulder zoom (x ≥ 4.97)
11.0117416829746,4 h,Tam-only,-4.07883277803445e-05,-0.000140163142518191,6.13498361972614e-05,Head/shoulder zoom (x ≥ 4.97)
11.0450097847358,24 h,Dox-only,8.1091222477424e-05,-0.000184561351911364,0.000327791296145296,Head/shoulder zoom (x ≥ 4.97)
11.0450097847358,24 h,Tam-only,5.62569326174587e-05,-6.60330966987742e-05,0.000176711376028172,Head/shoulder zoom (x ≥ 4.97)
11.0450097847358,4 h,Dox-only,0.000221845499483982,5.61521597796363e-05,0.000410205340851051,Head/shoulder zoom (x ≥ 4.97)
11.0450097847358,4 h,Tam-only,-3.14112061754234e-05,-0.000137493841060682,7.24406693971969e-05,Head/shoulder zoom (x ≥ 4.97)
11.0782778864971,24 h,Dox-only,4.68878077433948e-05,-0.000215252327717775,0.000269606378802413,Head/shoulder zoom (x ≥ 4.97)
11.0782778864971,24 h,Tam-only,7.2664561869292e-05,-5.94878880491874e-05,0.000198558731249956,Head/shoulder zoom (x ≥ 4.97)
11.0782778864971,4 h,Dox-only,0.000217254248736116,4.60067302496996e-05,0.000416281788112483,Head/shoulder zoom (x ≥ 4.97)
11.0782778864971,4 h,Tam-only,-2.22784613014093e-05,-0.000133001643004962,8.65085639037105e-05,Head/shoulder zoom (x ≥ 4.97)
11.1115459882583,24 h,Dox-only,1.06394244096871e-05,-0.000236053519946466,0.000230593425726331,Head/shoulder zoom (x ≥ 4.97)
11.1115459882583,24 h,Tam-only,8.69155491671023e-05,-4.84487673366179e-05,0.000224071779124269,Head/shoulder zoom (x ≥ 4.97)
11.1115459882583,4 h,Dox-only,0.000206503849283221,3.46411654479053e-05,0.000410605567263986,Head/shoulder zoom (x ≥ 4.97)
11.1115459882583,4 h,Tam-only,-1.32708343344601e-05,-0.000120250759279325,9.50872318822357e-05,Head/shoulder zoom (x ≥ 4.97)
11.1448140900196,24 h,Dox-only,-2.63607280579174e-05,-0.000260136681735548,0.000183576101292793,Head/shoulder zoom (x ≥ 4.97)
11.1448140900196,24 h,Tam-only,9.85746078303402e-05,-3.79741401399197e-05,0.000239531802630107,Head/shoulder zoom (x ≥ 4.97)
11.1448140900196,4 h,Dox-only,0.000189861687233882,9.08909224715131e-06,0.000393677420204928,Head/shoulder zoom (x ≥ 4.97)
11.1448140900196,4 h,Tam-only,-4.7649544975849e-06,-0.000101271237024581,9.53787591522199e-05,Head/shoulder zoom (x ≥ 4.97)
11.1780821917808,24 h,Dox-only,-6.41661963608152e-05,-0.00029167612364775,0.000139659110844478,Head/shoulder zoom (x ≥ 4.97)
11.1780821917808,24 h,Tam-only,0.000106923962654635,-3.4596882552337e-05,0.000249232132948114,Head/shoulder zoom (x ≥ 4.97)
11.1780821917808,4 h,Dox-only,0.000168204967815569,-2.78758126660515e-05,0.000373047216948057,Head/shoulder zoom (x ≥ 4.97)
11.1780821917808,4 h,Tam-only,3.50880597567611e-06,-8.85435872117202e-05,9.37101618469037e-05,Head/shoulder zoom (x ≥ 4.97)
11.2113502935421,24 h,Dox-only,-0.000102206446429326,-0.000332299724753304,0.000111896418639298,Head/shoulder zoom (x ≥ 4.97)
11.2113502935421,24 h,Tam-only,0.000111492036487822,-3.17550573819628e-05,0.000255460533743347,Head/shoulder zoom (x ≥ 4.97)
11.2113502935421,4 h,Dox-only,0.000142221007540701,-5.13985351101259e-05,0.000348493746417299,Head/shoulder zoom (x ≥ 4.97)
11.2113502935421,4 h,Tam-only,1.1627181434112e-05,-7.97247846185972e-05,9.58651508897343e-05,Head/shoulder zoom (x ≥ 4.97)
11.2446183953033,24 h,Dox-only,-0.000139768046670569,-0.000367544581341772,6.5854029419779e-05,Head/shoulder zoom (x ≥ 4.97)
11.2446183953033,24 h,Tam-only,0.000112022137915625,-2.88104108387349e-05,0.000259635670482896,Head/shoulder zoom (x ≥ 4.97)
11.2446183953033,4 h,Dox-only,0.000112768559714355,-8.59170090933135e-05,0.000331908217988879,Head/shoulder zoom (x ≥ 4.97)
11.2446183953033,4 h,Tam-only,1.96553986347653e-05,-7.64134128507947e-05,9.8524293682032e-05,Head/shoulder zoom (x ≥ 4.97)
11.2778864970646,24 h,Dox-only,-0.000176070921868884,-0.0004027930356366,4.62282748018548e-05,Head/shoulder zoom (x ≥ 4.97)
11.2778864970646,24 h,Tam-only,0.000108455253766241,-3.38206671150465e-05,0.000256000474557766,Head/shoulder zoom (x ≥ 4.97)
11.2778864970646,4 h,Dox-only,8.08495650023405e-05,-0.000125383554182566,0.00031548984266602,Head/shoulder zoom (x ≥ 4.97)
11.2778864970646,4 h,Tam-only,2.7624187545823e-05,-6.97383722281769e-05,0.00010188679839514,Head/shoulder zoom (x ≥ 4.97)
11.3111545988258,24 h,Dox-only,-0.000210322569136606,-0.000436798235284157,2.84949993550881e-05,Head/shoulder zoom (x ≥ 4.97)
11.3111545988258,24 h,Tam-only,0.000100932055712956,-3.36797856982982e-05,0.000245883485792706,Head/shoulder zoom (x ≥ 4.97)
11.3111545988258,4 h,Dox-only,4.75734863898214e-05,-0.000160928967521486,0.000281594608080365,Head/shoulder zoom (x ≥ 4.97)
11.3111545988258,4 h,Tam-only,3.55119181263757e-05,-6.19967490716177e-05,0.000110886670056217,Head/shoulder zoom (x ≥ 4.97)
11.3444227005871,24 h,Dox-only,-0.000241772384025633,-0.000476543152400023,1.70294690246524e-05,Head/shoulder zoom (x ≥ 4.97)
11.3444227005871,24 h,Tam-only,8.97865159624437e-05,-3.7930955503836e-05,0.000227997519074082,Head/shoulder zoom (x ≥ 4.97)
11.3444227005871,4 h,Dox-only,1.41146927600537e-05,-0.000188597586523554,0.000235842699300205,Head/shoulder zoom (x ≥ 4.97)
11.3444227005871,4 h,Tam-only,4.32339787482512e-05,-5.61315335084533e-05,0.000122750357835348,Head/shoulder zoom (x ≥ 4.97)
11.3776908023483,24 h,Dox-only,-0.000269760467849426,-0.000517999741785398,-5.64960479076232e-06,Head/shoulder zoom (x ≥ 4.97)
11.3776908023483,24 h,Tam-only,7.55316399047165e-05,-4.32864715014485e-05,0.000200261009081489,Head/shoulder zoom (x ≥ 4.97)
11.3776908023483,4 h,Dox-only,-1.83362106879537e-05,-0.000218736988975621,0.000187026162007399,Head/shoulder zoom (x ≥ 4.97)
11.3776908023483,4 h,Tam-only,5.06407469642852e-05,-4.83735789695198e-05,0.000130167916196492,Head/shoulder zoom (x ≥ 4.97)
11.4109589041096,24 h,Dox-only,-0.000293623041123541,-0.000539044176206279,-2.86269025113051e-05,Head/shoulder zoom (x ≥ 4.97)
11.4109589041096,24 h,Tam-only,5.88377339154815e-05,-4.98319808969528e-05,0.000168041221188806,Head/shoulder zoom (x ≥ 4.97)
11.4109589041096,4 h,Dox-only,-4.85595635930352e-05,-0.000245076513528649,0.000159274033463314,Head/shoulder zoom (x ≥ 4.97)
11.4109589041096,4 h,Tam-only,5.75907902628046e-05,-3.87692161536832e-05,0.000143012207648502,Head/shoulder zoom (x ≥ 4.97)
11.4442270058708,24 h,Dox-only,-0.000312926591580156,-0.00055934927369795,-4.78072353654652e-05,Head/shoulder zoom (x ≥ 4.97)
11.4442270058708,24 h,Tam-only,4.02410396589414e-05,-5.73305105113539e-05,0.000143987365867072,Head/shoulder zoom (x ≥ 4.97)
11.4442270058708,4 h,Dox-only,-7.5120435093608e-05,-0.000272507023343596,0.000140052879760687,Head/shoulder zoom (x ≥ 4.97)
11.4442270058708,4 h,Tam-only,6.37030653697251e-05,-2.89299629596888e-05,0.000154430500037839,Head/shoulder zoom (x ≥ 4.97)
11.4774951076321,24 h,Dox-only,-0.000327337653622798,-0.000579304826083264,-4.52790493275999e-05,Head/shoulder zoom (x ≥ 4.97)
11.4774951076321,24 h,Tam-only,2.13453989082904e-05,-7.438290883803e-05,0.000121650387644563,Head/shoulder zoom (x ≥ 4.97)
11.4774951076321,4 h,Dox-only,-9.73643088468268e-05,-0.000306089792286686,0.000112285581735562,Head/shoulder zoom (x ≥ 4.97)
11.4774951076321,4 h,Tam-only,6.85216778282284e-05,-2.819916886479e-05,0.000161488252518461,Head/shoulder zoom (x ≥ 4.97)
11.5107632093933,24 h,Dox-only,-0.000337155032101336,-0.000587718237697482,-4.60430550555733e-05,Head/shoulder zoom (x ≥ 4.97)
11.5107632093933,24 h,Tam-only,2.90876475899119e-06,-8.6761238808568e-05,0.000108945094203153,Head/shoulder zoom (x ≥ 4.97)
11.5107632093933,4 h,Dox-only,-0.0001147226900365,-0.000304088393752301,8.79339186048155e-05,Head/shoulder zoom (x ≥ 4.97)
11.5107632093933,4 h,Tam-only,7.19830069731886e-05,-2.68744447577052e-05,0.000170098645794592,Head/shoulder zoom (x ≥ 4.97)
11.5440313111546,24 h,Dox-only,-0.00034247657913726,-0.000581498032407211,-6.00702131431401e-05,Head/shoulder zoom (x ≥ 4.97)
11.5440313111546,24 h,Tam-only,-1.41745449891073e-05,-9.76980288999605e-05,9.69507166571866e-05,Head/shoulder zoom (x ≥ 4.97)
11.5440313111546,4 h,Dox-only,-0.000126873642436666,-0.000296070059694624,6.13577010183044e-05,Head/shoulder zoom (x ≥ 4.97)
11.5440313111546,4 h,Tam-only,7.38987038165677e-05,-2.49645228133855e-05,0.000168413098409105,Head/shoulder zoom (x ≥ 4.97)
11.5772994129159,24 h,Dox-only,-0.000343482790869073,-0.000568233128119416,-8.59038256822424e-05,Head/shoulder zoom (x ≥ 4.97)
11.5772994129159,24 h,Tam-only,-2.90901467700619e-05,-0.000123655789461989,8.74562800127252e-05,Head/shoulder zoom (x ≥ 4.97)
11.5772994129159,4 h,Dox-only,-0.000133762713652991,-0.000294102270923346,4.12834187660978e-05,Head/shoulder zoom (x ≥ 4.97)
11.5772994129159,4 h,Tam-only,7.41440979978598e-05,-2.58704017986376e-05,0.000161250539339217,Head/shoulder zoom (x ≥ 4.97)
11.6105675146771,24 h,Dox-only,-0.00034041636007133,-0.00055402766404909,-0.000111360045516433,Head/shoulder zoom (x ≥ 4.97)
11.6105675146771,24 h,Tam-only,-4.11465970864336e-05,-0.000139476247946761,7.92517161319019e-05,Head/shoulder zoom (x ≥ 4.97)
11.6105675146771,4 h,Dox-only,-0.000135597466124206,-0.00029090873109313,2.72801177889718e-05,Head/shoulder zoom (x ≥ 4.97)
11.6105675146771,4 h,Tam-only,7.26677455499629e-05,-2.54179775310465e-05,0.000155200561028615,Head/shoulder zoom (x ≥ 4.97)
11.6438356164384,24 h,Dox-only,-0.000333569043090966,-0.000527167737359796,-0.000126616820905411,Head/shoulder zoom (x ≥ 4.97)
11.6438356164384,24 h,Tam-only,-4.98132620636435e-05,-0.000152304191871114,7.57056280246026e-05,Head/shoulder zoom (x ≥ 4.97)
11.6438356164384,4 h,Dox-only,-0.000132826312069182,-0.000274304668460645,3.14902082572985e-05,Head/shoulder zoom (x ≥ 4.97)
11.6438356164384,4 h,Tam-only,6.94949620766588e-05,-2.3308085359242e-05,0.000143412955172303,Head/shoulder zoom (x ≥ 4.97)
11.6771037181996,24 h,Dox-only,-0.000323277031739908,-0.000512971956230399,-0.000138941112187881,Head/shoulder zoom (x ≥ 4.97)
11.6771037181996,24 h,Tam-only,-5.47508397656794e-05,-0.00015782053623427,7.1860141605753e-05,Head/shoulder zoom (x ≥ 4.97)
11.6771037181996,4 h,Dox-only,-0.000126103289876269,-0.00026118601011355,3.87021925332969e-05,Head/shoulder zoom (x ≥ 4.97)
11.6771037181996,4 h,Tam-only,6.47259271051943e-05,-2.05693647331239e-05,0.000136227041041157,Head/shoulder zoom (x ≥ 4.97)
11.7103718199609,24 h,Dox-only,-0.000309924661070739,-0.000492396871121223,-0.000146293688405074,Head/shoulder zoom (x ≥ 4.97)
11.7103718199609,24 h,Tam-only,-5.58325089821707e-05,-0.00015773153701516,6.56456068215451e-05,Head/shoulder zoom (x ≥ 4.97)
11.7103718199609,4 h,Dox-only,-0.000116241331579954,-0.000247732773941906,3.91817041062637e-05,Head/shoulder zoom (x ≥ 4.97)
11.7103718199609,4 h,Tam-only,5.85292799474425e-05,-2.12369991452792e-05,0.000126474143842191,Head/shoulder zoom (x ≥ 4.97)
11.7436399217221,24 h,Dox-only,-0.000293716410473351,-0.00046820878492819,-0.000137350509704662,Head/shoulder zoom (x ≥ 4.97)
11.7436399217221,24 h,Tam-only,-5.31540086369463e-05,-0.000153791932871041,6.04245636246405e-05,Head/shoulder zoom (x ≥ 4.97)
11.7436399217221,4 h,Dox-only,-0.000104202452925999,-0.000226794306854136,3.02544751813601e-05,Head/shoulder zoom (x ≥ 4.97)
11.7436399217221,4 h,Tam-only,5.10370287190472e-05,-2.45878989239119e-05,0.00011760182747409,Head/shoulder zoom (x ≥ 4.97)
11.7769080234834,24 h,Dox-only,-0.00027543738853746,-0.00044052111583584,-0.000128387484487365,Head/shoulder zoom (x ≥ 4.97)
11.7769080234834,24 h,Tam-only,-4.6630230174733e-05,-0.000143730843378464,5.96413149091144e-05,Head/shoulder zoom (x ≥ 4.97)
11.7769080234834,4 h,Dox-only,-9.08792139509426e-05,-0.000203941864121104,1.91597919016553e-05,Head/shoulder zoom (x ≥ 4.97)
11.7769080234834,4 h,Tam-only,4.26138584175206e-05,-3.07193314123024e-05,0.000108585703716876,Head/shoulder zoom (x ≥ 4.97)
11.8101761252446,24 h,Dox-only,-0.000255859069221143,-0.000420296230764451,-0.000112332561804043,Head/shoulder zoom (x ≥ 4.97)
11.8101761252446,24 h,Tam-only,-3.73843727359254e-05,-0.000126907741283544,6.12855468544467e-05,Head/shoulder zoom (x ≥ 4.97)
11.8101761252446,4 h,Dox-only,-7.74800910400133e-05,-0.000179889770674893,1.77916671071471e-05,Head/shoulder zoom (x ≥ 4.97)
11.8101761252446,4 h,Tam-only,3.36854003235943e-05,-4.17555227883236e-05,9.78895265449662e-05,Head/shoulder zoom (x ≥ 4.97)
11.8434442270059,24 h,Dox-only,-0.000235721626725211,-0.000405000883072789,-9.34691133357954e-05,Head/shoulder zoom (x ≥ 4.97)
11.8434442270059,24 h,Tam-only,-2.61815123658636e-05,-0.000104803998636971,6.42804103941613e-05,Head/shoulder zoom (x ≥ 4.97)
11.8434442270059,4 h,Dox-only,-6.4817088925045e-05,-0.000161746098146834,2.58834935115232e-05,Head/shoulder zoom (x ≥ 4.97)
11.8434442270059,4 h,Tam-only,2.45677911569843e-05,-5.68475164886097e-05,9.1027202546275e-05,Head/shoulder zoom (x ≥ 4.97)
11.8767123287671,24 h,Dox-only,-0.000215806154399893,-0.000390080841977461,-7.15866142124721e-05,Head/shoulder zoom (x ≥ 4.97)
11.8767123287671,24 h,Tam-only,-1.3868980492985e-05,-8.91153412993243e-05,7.30456425417544e-05,Head/shoulder zoom (x ≥ 4.97)
11.8767123287671,4 h,Dox-only,-5.35718594109128e-05,-0.000150459317014589,2.98336374817759e-05,Head/shoulder zoom (x ≥ 4.97)
11.8767123287671,4 h,Tam-only,1.55873443885655e-05,-7.26821563530918e-05,9.25887612924204e-05,Head/shoulder zoom (x ≥ 4.97)
11.9099804305284,24 h,Dox-only,-0.000196906868946264,-0.000370705061613999,-5.46030897692681e-05,Head/shoulder zoom (x ≥ 4.97)
11.9099804305284,24 h,Tam-only,-1.33440292438003e-06,-7.37444463399811e-05,8.1061647408813e-05,Head/shoulder zoom (x ≥ 4.97)
11.9099804305284,4 h,Dox-only,-4.42745186919483e-05,-0.000144439478927157,4.38183802642142e-05,Head/shoulder zoom (x ≥ 4.97)
11.9099804305284,4 h,Tam-only,7.05621233876503e-06,-8.96091641402198e-05,9.29635401994874e-05,Head/shoulder zoom (x ≥ 4.97)
11.9432485322896,24 h,Dox-only,-0.00017978122121067,-0.000341031414252094,-3.86873727971408e-05,Head/shoulder zoom (x ≥ 4.97)
11.9432485322896,24 h,Tam-only,1.05499014703177e-05,-6.56369537776755e-05,8.39744062544163e-05,Head/shoulder zoom (x ≥ 4.97)
11.9432485322896,4 h,Dox-only,-3.72923368248037e-05,-0.000146378192327207,5.46072881918062e-05,Head/shoulder zoom (x ≥ 4.97)
11.9432485322896,4 h,Tam-only,-7.4058502875997e-07,-9.42493914058148e-05,9.18995664088911e-05,Head/shoulder zoom (x ≥ 4.97)
11.9765166340509,24 h,Dox-only,-0.000165094978830348,-0.000309825311262427,-2.93233773513303e-05,Head/shoulder zoom (x ≥ 4.97)
11.9765166340509,24 h,Tam-only,2.09802683046117e-05,-6.17165968740047e-05,9.05454214223802e-05,Head/shoulder zoom (x ≥ 4.97)
11.9765166340509,4 h,Dox-only,-3.28271626398517e-05,-0.000138102078980958,6.18883539921886e-05,Head/shoulder zoom (x ≥ 4.97)
11.9765166340509,4 h,Tam-only,-7.55779959087056e-06,-9.99732020171406e-05,8.92429370239546e-05,Head/shoulder zoom (x ≥ 4.97)
12.0097847358121,24 h,Dox-only,-0.000153367987330923,-0.000281147604560996,-2.11765241536133e-05,Head/shoulder zoom (x ≥ 4.97)
12.0097847358121,24 h,Tam-only,2.92693624129119e-05,-5.66889409536508e-05,0.00010542913407122,Head/shoulder zoom (x ≥ 4.97)
12.0097847358121,4 h,Dox-only,-3.09202715199308e-05,-0.000135741485004114,6.58955574902491e-05,Head/shoulder zoom (x ≥ 4.97)
12.0097847358121,4 h,Tam-only,-1.32014587068215e-05,-0.000102124336665607,8.49539202404874e-05,Head/shoulder zoom (x ≥ 4.97)
12.0430528375734,24 h,Dox-only,-0.000144905588495837,-0.000262299648404184,-1.0856085358244e-05,Head/shoulder zoom (x ≥ 4.97)
12.0430528375734,24 h,Tam-only,3.48851775857208e-05,-5.53216092894531e-05,0.000113281836071551,Head/shoulder zoom (x ≥ 4.97)
12.0430528375734,4 h,Dox-only,-3.14632740668011e-05,-0.00014260822994354,6.76533743901361e-05,Head/shoulder zoom (x ≥ 4.97)
12.0430528375734,4 h,Tam-only,-1.75382607320213e-05,-0.000100762532218544,7.90053419169349e-05,Head/shoulder zoom (x ≥ 4.97)
12.0763209393346,24 h,Dox-only,-0.000139780553891399,-0.000241715246196148,-7.24760547692334e-06,Head/shoulder zoom (x ≥ 4.97)
12.0763209393346,24 h,Tam-only,3.7495458120331e-05,-5.60374822956692e-05,0.000112200546086535,Head/shoulder zoom (x ≥ 4.97)
12.0763209393346,4 h,Dox-only,-3.43756207021452e-05,-0.000144375281617615,6.36327684619205e-05,Head/shoulder zoom (x ≥ 4.97)
12.0763209393346,4 h,Tam-only,-2.06152932001195e-05,-9.60993411338692e-05,7.2481916441062e-05,Head/shoulder zoom (x ≥ 4.97)
12.1095890410959,24 h,Dox-only,-0.000138072361788273,-0.000231659243325108,-1.43190479275936e-05,Head/shoulder zoom (x ≥ 4.97)
12.1095890410959,24 h,Tam-only,3.67282794603906e-05,-5.58196034608845e-05,0.000104438954116974,Head/shoulder zoom (x ≥ 4.97)
12.1095890410959,4 h,Dox-only,-3.90908806102361e-05,-0.000138482197595179,5.12226249688319e-05,Head/shoulder zoom (x ≥ 4.97)
12.1095890410959,4 h,Tam-only,-2.20204291645984e-05,-9.08203320066478e-05,6.35643695932595e-05,Head/shoulder zoom (x ≥ 4.97)
12.1428571428571,24 h,Dox-only,-0.000139267575924042,-0.00023003012841389,-2.39881579585552e-05,Head/shoulder zoom (x ≥ 4.97)
12.1428571428571,24 h,Tam-only,3.26723878072676e-05,-4.94291710994894e-05,9.69277774753756e-05,Head/shoulder zoom (x ≥ 4.97)
12.1428571428571,4 h,Dox-only,-4.50469990125602e-05,-0.000137487140442104,4.3400313246059e-05,Head/shoulder zoom (x ≥ 4.97)
12.1428571428571,4 h,Tam-only,-2.21591404945369e-05,-8.84781706276987e-05,5.84607836948411e-05,Head/shoulder zoom (x ≥ 4.97)
12.1761252446184,24 h,Dox-only,-0.000142477226094372,-0.000233495643180149,-2.63536763581351e-05,Head/shoulder zoom (x ≥ 4.97)
12.1761252446184,24 h,Tam-only,2.58827688183734e-05,-4.49132458197758e-05,9.23817477177951e-05,Head/shoulder zoom (x ≥ 4.97)
12.1761252446184,4 h,Dox-only,-5.17282353217026e-05,-0.000146662950450545,3.63554794516774e-05,Head/shoulder zoom (x ≥ 4.97)
12.1761252446184,4 h,Tam-only,-2.11755397274911e-05,-8.72657118333634e-05,5.37228887916987e-05,Head/shoulder zoom (x ≥ 4.97)
12.2093933463796,24 h,Dox-only,-0.000146961498803142,-0.000233193722284323,-2.60419871199497e-05,Head/shoulder zoom (x ≥ 4.97)
12.2093933463796,24 h,Tam-only,1.67971986578297e-05,-5.15600328931975e-05,8.45472674902297e-05,Head/shoulder zoom (x ≥ 4.97)
12.2093933463796,4 h,Dox-only,-5.86066502508476e-05,-0.00015547778198573,2.80360847966896e-05,Head/shoulder zoom (x ≥ 4.97)
12.2093933463796,4 h,Tam-only,-1.92452473183147e-05,-7.70172737966528e-05,4.95150276223871e-05,Head/shoulder zoom (x ≥ 4.97)
12.2426614481409,24 h,Dox-only,-0.000151950463448481,-0.000237912619053335,-1.68346631488532e-05,Head/shoulder zoom (x ≥ 4.97)
12.2426614481409,24 h,Tam-only,5.94319865332698e-06,-6.2673293610843e-05,7.35102732233285e-05,Head/shoulder zoom (x ≥ 4.97)
12.2426614481409,4 h,Dox-only,-6.51709855609867e-05,-0.000167429828425673,2.04284228819615e-05,Head/shoulder zoom (x ≥ 4.97)
12.2426614481409,4 h,Tam-only,-1.65595879557746e-05,-7.05044661087297e-05,4.73698930525005e-05,Head/shoulder zoom (x ≥ 4.97)
12.2759295499022,24 h,Dox-only,-0.000156706658844003,-0.000247853265504698,-1.12688404308375e-05,Head/shoulder zoom (x ≥ 4.97)
12.2759295499022,24 h,Tam-only,-6.10040723700615e-06,-6.98121547312304e-05,6.34977338521832e-05,Head/shoulder zoom (x ≥ 4.97)
12.2759295499022,4 h,Dox-only,-7.09542272816205e-05,-0.000175732633562917,1.83629008409e-05,Head/shoulder zoom (x ≥ 4.97)
12.2759295499022,4 h,Tam-only,-1.33116351272184e-05,-6.90197927474417e-05,4.81343097816637e-05,Head/shoulder zoom (x ≥ 4.97)
12.3091976516634,24 h,Dox-only,-0.000160578745683695,-0.000258016379400534,-1.47703753244591e-05,Head/shoulder zoom (x ≥ 4.97)
12.3091976516634,24 h,Tam-only,-1.87392124082349e-05,-8.52788351120611e-05,4.50641010728403e-05,Head/shoulder zoom (x ≥ 4.97)
12.3091976516634,4 h,Dox-only,-7.55584016917417e-05,-0.000175247084227429,7.84831712483159e-06,Head/shoulder zoom (x ≥ 4.97)
12.3091976516634,4 h,Tam-only,-9.68561195459946e-06,-6.9480015384064e-05,5.07681620130562e-05,Head/shoulder zoom (x ≥ 4.97)
12.3424657534247,24 h,Dox-only,-0.000163042170441875,-0.000263464320114485,-1.45541419720781e-05,Head/shoulder zoom (x ≥ 4.97)
12.3424657534247,24 h,Tam-only,-3.1394229536743e-05,-9.99710204656017e-05,3.18009178467242e-05,Head/shoulder zoom (x ≥ 4.97)
12.3424657534247,4 h,Dox-only,-7.86750977476788e-05,-0.000166443931122005,4.51335550075315e-06,Head/shoulder zoom (x ≥ 4.97)
12.3424657534247,4 h,Tam-only,-5.85055987860079e-06,-6.51807231988996e-05,5.4242141001894e-05,Head/shoulder zoom (x ≥ 4.97)
12.3757338551859,24 h,Dox-only,-0.000163578172951647,-0.000268773274223016,-1.96118392288091e-05,Head/shoulder zoom (x ≥ 4.97)
12.3757338551859,24 h,Tam-only,-4.35268620863961e-05,-0.000111979920780274,1.85016708047726e-05,Head/shoulder zoom (x ≥ 4.97)
12.3757338551859,4 h,Dox-only,-8.00916640666526e-05,-0.000160687674956954,4.25915245865862e-06,Head/shoulder zoom (x ≥ 4.97)
12.3757338551859,4 h,Tam-only,-1.9499499957174e-06,-5.97640584179079e-05,5.94793363895168e-05,Head/shoulder zoom (x ≥ 4.97)
12.4090019569472,24 h,Dox-only,-0.000162048942495001,-0.000267393535683291,-2.84272559255226e-05,Head/shoulder zoom (x ≥ 4.97)
12.4090019569472,24 h,Tam-only,-5.45822316084697e-05,-0.000119473323575767,4.00376777228015e-06,Head/shoulder zoom (x ≥ 4.97)
12.4090019569472,4 h,Dox-only,-7.95544373449198e-05,-0.000161083997805298,4.7077123766913e-06,Head/shoulder zoom (x ≥ 4.97)
12.4090019569472,4 h,Tam-only,1.91128673332182e-06,-5.4730155917326e-05,6.54741821053369e-05,Head/shoulder zoom (x ≥ 4.97)
12.4422700587084,24 h,Dox-only,-0.000158475544253261,-0.000259042977648645,-3.27933635059317e-05,Head/shoulder zoom (x ≥ 4.97)
12.4422700587084,24 h,Tam-only,-6.40539120767868e-05,-0.000124666973788898,-5.78528333914542e-06,Head/shoulder zoom (x ≥ 4.97)
12.4422700587084,4 h,Dox-only,-7.72576474999352e-05,-0.000158017565017383,5.60887546138049e-06,Head/shoulder zoom (x ≥ 4.97)
12.4422700587084,4 h,Tam-only,5.44345375532774e-06,-4.70527366285086e-05,6.88998418819752e-05,Head/shoulder zoom (x ≥ 4.97)
12.4755381604697,24 h,Dox-only,-0.000152979221238829,-0.000258132245054534,-3.73200532870895e-05,Head/shoulder zoom (x ≥ 4.97)
12.4755381604697,24 h,Tam-only,-7.17032842102396e-05,-0.00013249315649939,-1.52232679544422e-05,Head/shoulder zoom (x ≥ 4.97)
12.4755381604697,4 h,Dox-only,-7.34033925494676e-05,-0.00015396370262124,6.80813084352831e-06,Head/shoulder zoom (x ≥ 4.97)
12.4755381604697,4 h,Tam-only,8.59969803099767e-06,-4.01668826234225e-05,7.09421975796978e-05,Head/shoulder zoom (x ≥ 4.97)
12.5088062622309,24 h,Dox-only,-0.000145777619553006,-0.000248704673825274,-4.17341651141366e-05,Head/shoulder zoom (x ≥ 4.97)
12.5088062622309,24 h,Tam-only,-7.73323591055207e-05,-0.00013445090141419,-2.51714389554828e-05,Head/shoulder zoom (x ≥ 4.97)
12.5088062622309,4 h,Dox-only,-6.8217199387198e-05,-0.000146145049661114,5.85457093112252e-06,Head/shoulder zoom (x ≥ 4.97)
12.5088062622309,4 h,Tam-only,1.12680603396411e-05,-3.53061607605959e-05,7.14247699934633e-05,Head/shoulder zoom (x ≥ 4.97)
12.5420743639922,24 h,Dox-only,-0.000137132870671801,-0.000235320406197303,-4.10705745928259e-05,Head/shoulder zoom (x ≥ 4.97)
12.5420743639922,24 h,Tam-only,-8.08069458215254e-05,-0.000134060749623895,-2.46212543308627e-05,Head/shoulder zoom (x ≥ 4.97)
12.5420743639922,4 h,Dox-only,-6.19695590242871e-05,-0.000133315410862448,4.33901701474999e-06,Head/shoulder zoom (x ≥ 4.97)
12.5420743639922,4 h,Tam-only,1.3348960530786e-05,-2.96761817344916e-05,7.05752905947854e-05,Head/shoulder zoom (x ≥ 4.97)
12.5753424657534,24 h,Dox-only,-0.000127346067347301,-0.000226631653464133,-3.18020584034118e-05,Head/shoulder zoom (x ≥ 4.97)
12.5753424657534,24 h,Tam-only,-8.20718988690804e-05,-0.000132226176880549,-2.35493569427296e-05,Head/shoulder zoom (x ≥ 4.97)
12.5753424657534,4 h,Dox-only,-5.49544941403461e-05,-0.00011814332519996,6.33348609107939e-06,Head/shoulder zoom (x ≥ 4.97)
12.5753424657534,4 h,Tam-only,1.47656087449569e-05,-2.52835920157746e-05,6.87236355130666e-05,Head/shoulder zoom (x ≥ 4.97)
12.6086105675147,24 h,Dox-only,-0.000116743127379497,-0.000224151197242871,-1.69424617721799e-05,Head/shoulder zoom (x ≥ 4.97)
12.6086105675147,24 h,Tam-only,-8.11536967798195e-05,-0.00013269731903726,-2.39869236246097e-05,Head/shoulder zoom (x ≥ 4.97)
12.6086105675147,4 h,Dox-only,-4.747058454795e-05,-0.000103452550056582,1.02644802054184e-05,Head/shoulder zoom (x ≥ 4.97)
12.6086105675147,4 h,Tam-only,1.54769528144321e-05,-2.36180312883118e-05,6.99996164346638e-05,Head/shoulder zoom (x ≥ 4.97)
12.6418786692759,24 h,Dox-only,-0.000105664950999128,-0.000219279468471144,-6.76878064551338e-06,Head/shoulder zoom (x ≥ 4.97)
12.6418786692759,24 h,Tam-only,-7.81632058177922e-05,-0.000141113003018335,-1.80392925043568e-05,Head/shoulder zoom (x ≥ 4.97)
12.6418786692759,4 h,Dox-only,-3.98057732167029e-05,-8.71895337019512e-05,1.72141753302946e-05,Head/shoulder zoom (x ≥ 4.97)
12.6418786692759,4 h,Tam-only,1.54909752643045e-05,-2.86783279148819e-05,7.82254972218667e-05,Head/shoulder zoom (x ≥ 4.97)
12.6751467710372,24 h,Dox-only,-9.44604833795586e-05,-0.000218765682137719,-4.10944519957152e-06,Head/shoulder zoom (x ≥ 4.97)
12.6751467710372,24 h,Tam-only,-7.32974389746951e-05,-0.000139222532897454,-8.89655771042978e-06,Head/shoulder zoom (x ≥ 4.97)
12.6751467710372,4 h,Dox-only,-3.22267695486323e-05,-7.33389554112708e-05,2.5235575388529e-05,Head/shoulder zoom (x ≥ 4.97)
12.6751467710372,4 h,Tam-only,1.48758678055191e-05,-3.46100947714177e-05,8.14294408205643e-05,Head/shoulder zoom (x ≥ 4.97)
12.7084148727984,24 h,Dox-only,-8.34200733244048e-05,-0.000214303539286905,1.69153803788357e-06,Head/shoulder zoom (x ≥ 4.97)
12.7084148727984,24 h,Tam-only,-6.68389045094891e-05,-0.000136325188404246,1.54841680797797e-06,Head/shoulder zoom (x ≥ 4.97)
12.7084148727984,4 h,Dox-only,-2.50523982009014e-05,-6.42174971267258e-05,3.40951642952048e-05,Head/shoulder zoom (x ≥ 4.97)
12.7084148727984,4 h,Tam-only,1.36874280647733e-05,-4.32713084774225e-05,8.35501801436532e-05,Head/shoulder zoom (x ≥ 4.97)
12.7416829745597,24 h,Dox-only,-7.29753798875119e-05,-0.000206193984795016,7.64719501282062e-06,Head/shoulder zoom (x ≥ 4.97)
12.7416829745597,24 h,Tam-only,-5.89543945036704e-05,-0.000134721900221143,1.55630489443469e-05,Head/shoulder zoom (x ≥ 4.97)
12.7416829745597,4 h,Dox-only,-1.84518948174245e-05,-5.65001820453027e-05,3.99879371822934e-05,Head/shoulder zoom (x ≥ 4.97)
12.7416829745597,4 h,Tam-only,1.21762507598037e-05,-5.04412534911343e-05,8.53086678345218e-05,Head/shoulder zoom (x ≥ 4.97)
12.7749510763209,24 h,Dox-only,-6.36258043125795e-05,-0.0001937135946975,1.66453945878791e-05,Head/shoulder zoom (x ≥ 4.97)
12.7749510763209,24 h,Tam-only,-5.04539166803562e-05,-0.000131095143289827,2.93681747783387e-05,Head/shoulder zoom (x ≥ 4.97)
12.7749510763209,4 h,Dox-only,-1.26065758291828e-05,-4.96783240058345e-05,4.59381958546132e-05,Head/shoulder zoom (x ≥ 4.97)
12.7749510763209,4 h,Tam-only,1.07947832188449e-05,-5.63168589650651e-05,8.77345299852463e-05,Head/shoulder zoom (x ≥ 4.97)
12.8082191780822,24 h,Dox-only,-5.55756619716549e-05,-0.000179238164427999,2.59489738472897e-05,Head/shoulder zoom (x ≥ 4.97)
12.8082191780822,24 h,Tam-only,-4.18306312544672e-05,-0.00012558651785491,3.96694191888559e-05,Head/shoulder zoom (x ≥ 4.97)
12.8082191780822,4 h,Dox-only,-7.67319775762552e-06,-4.3364903174049e-05,5.18440510300095e-05,Head/shoulder zoom (x ≥ 4.97)
12.8082191780822,4 h,Tam-only,9.75936255701281e-06,-6.01619195574186e-05,8.75862751589922e-05,Head/shoulder zoom (x ≥ 4.97)
12.8414872798434,24 h,Dox-only,-4.9015275405557e-05,-0.000163667801271164,2.95394868199022e-05,Head/shoulder zoom (x ≥ 4.97)
12.8414872798434,24 h,Tam-only,-3.35531320613093e-05,-0.000118584182744567,5.20162939482128e-05,Head/shoulder zoom (x ≥ 4.97)
12.8414872798434,4 h,Dox-only,-3.77757366396377e-06,-3.77098042305089e-05,5.82194821746094e-05,Head/shoulder zoom (x ≥ 4.97)
12.8414872798434,4 h,Tam-only,9.34101857938511e-06,-6.10994983216697e-05,8.54324058501594e-05,Head/shoulder zoom (x ≥ 4.97)
12.8747553816047,24 h,Dox-only,-4.40769006203635e-05,-0.000151673915583731,2.84393791910976e-05,Head/shoulder zoom (x ≥ 4.97)
12.8747553816047,24 h,Tam-only,-2.60796796725404e-05,-0.000111124825899343,6.02965596099753e-05,Head/shoulder zoom (x ≥ 4.97)
12.8747553816047,4 h,Dox-only,-1.01668495151104e-06,-3.47779795028843e-05,6.18111725425709e-05,Head/shoulder zoom (x ≥ 4.97)
12.8747553816047,4 h,Tam-only,9.76073577307383e-06,-6.23061094659055e-05,8.09193671236346e-05,Head/shoulder zoom (x ≥ 4.97)
12.908023483366,24 h,Dox-only,-4.07909118919973e-05,-0.00014236404821893,2.93776271935086e-05,Head/shoulder zoom (x ≥ 4.97)
12.908023483366,24 h,Tam-only,-1.97955797885831e-05,-0.000103050969929729,6.51233702955877e-05,Head/shoulder zoom (x ≥ 4.97)
12.908023483366,4 h,Dox-only,5.49172741231202e-07,-3.40132014888444e-05,6.21903865820977e-05,Head/shoulder zoom (x ≥ 4.97)
12.908023483366,4 h,Tam-only,1.11615529860098e-05,-5.85554489317383e-05,7.50918451787524e-05,Head/shoulder zoom (x ≥ 4.97)
12.9412915851272,24 h,Dox-only,-3.90750951046042e-05,-0.000127191653532097,2.53430529753043e-05,Head/shoulder zoom (x ≥ 4.97)
12.9412915851272,24 h,Tam-only,-1.4980965911523e-05,-8.98845735416764e-05,6.8702841109054e-05,Head/shoulder zoom (x ≥ 4.97)
12.9412915851272,4 h,Dox-only,9.06289483482955e-07,-3.38617012333645e-05,5.90522137284405e-05,Head/shoulder zoom (x ≥ 4.97)
12.9412915851272,4 h,Tam-only,1.35875332475335e-05,-4.96237932172999e-05,7.15577906183513e-05,Head/shoulder zoom (x ≥ 4.97)
12.9745596868885,24 h,Dox-only,-3.87322332456223e-05,-0.000110350301454775,1.40406645832796e-05,Head/shoulder zoom (x ≥ 4.97)
12.9745596868885,24 h,Tam-only,-1.17854501480541e-05,-8.01968551738737e-05,7.02411244684563e-05,Head/shoulder zoom (x ≥ 4.97)
12.9745596868885,4 h,Dox-only,9.81136181866073e-08,-3.23691924241869e-05,5.20029349932703e-05,Head/shoulder zoom (x ≥ 4.97)
12.9745596868885,4 h,Tam-only,1.69720075362887e-05,-4.02629814881843e-05,6.98950329319561e-05,Head/shoulder zoom (x ≥ 4.97)
13.0078277886497,24 h,Dox-only,-3.94695224941113e-05,-9.63736410979977e-05,7.42596020572622e-06,Head/shoulder zoom (x ≥ 4.97)
13.0078277886497,24 h,Tam-only,-1.02124843501634e-05,-7.2833021520361e-05,6.80304947642867e-05,Head/shoulder zoom (x ≥ 4.97)
13.0078277886497,4 h,Dox-only,-1.7651972045586e-06,-3.32641657584052e-05,4.16364784293204e-05,Head/shoulder zoom (x ≥ 4.97)
13.0078277886497,4 h,Tam-only,2.11366864007816e-05,-2.68535363890332e-05,6.78208680643566e-05,Head/shoulder zoom (x ≥ 4.97)
13.041095890411,24 h,Dox-only,-4.09249711240132e-05,-9.064845163108e-05,3.4804040579639e-06,Head/shoulder zoom (x ≥ 4.97)
13.041095890411,24 h,Tam-only,-1.01157350222482e-05,-7.77496276213894e-05,6.13621615052519e-05,Head/shoulder zoom (x ≥ 4.97)
13.041095890411,4 h,Dox-only,-4.57943318731111e-06,-3.2708041985967e-05,3.04613440656309e-05,Head/shoulder zoom (x ≥ 4.97)
13.041095890411,4 h,Tam-only,2.57093280630813e-05,-1.47950862509707e-05,6.94098215698718e-05,Head/shoulder zoom (x ≥ 4.97)
13.0743639921722,24 h,Dox-only,-4.26211145412294e-05,-9.27743216713462e-05,2.09552403864237e-06,Head/shoulder zoom (x ≥ 4.97)
13.0743639921722,24 h,Tam-only,-1.14084832811135e-05,-7.91468585161301e-05,5.14488500432938e-05,Head/shoulder zoom (x ≥ 4.97)
13.0743639921722,4 h,Dox-only,-7.91684519358665e-06,-3.56981099380205e-05,1.90004357939477e-05,Head/shoulder zoom (x ≥ 4.97)
13.0743639921722,4 h,Tam-only,3.04892854103202e-05,-4.08699150321041e-06,7.6018076950356e-05,Head/shoulder zoom (x ≥ 4.97)
13.1076320939335,24 h,Dox-only,-4.38753289463965e-05,-0.000103715426140513,6.03106986136928e-06,Head/shoulder zoom (x ≥ 4.97)
13.1076320939335,24 h,Tam-only,-1.33198409998801e-05,-7.93325865356802e-05,4.94614543558613e-05,Head/shoulder zoom (x ≥ 4.97)
13.1076320939335,4 h,Dox-only,-1.14219803070441e-05,-3.85596568315152e-05,7.11623485674164e-06,Head/shoulder zoom (x ≥ 4.97)
13.1076320939335,4 h,Tam-only,3.49237420808699e-05,1.8107308994239e-06,7.95684641133399e-05,Head/shoulder zoom (x ≥ 4.97)
13.1409001956947,24 h,Dox-only,-4.42488156484558e-05,-0.000114117260065834,7.06666180028769e-06,Head/shoulder zoom (x ≥ 4.97)
13.1409001956947,24 h,Tam-only,-1.53815322588124e-05,-8.38795135671672e-05,3.92433340492311e-05,Head/shoulder zoom (x ≥ 4.97)
13.1409001956947,4 h,Dox-only,-1.4712239733925e-05,-4.35139733678843e-05,4.60236089578163e-06,Head/shoulder zoom (x ≥ 4.97)
13.1409001956947,4 h,Tam-only,3.85839609833197e-05,3.83502492807703e-06,9.02542596920371e-05,Head/shoulder zoom (x ≥ 4.97)
13.174168297456,24 h,Dox-only,-4.33589510507135e-05,-0.000125034078917172,7.64240059741687e-06,Head/shoulder zoom (x ≥ 4.97)
13.174168297456,24 h,Tam-only,-1.71174126898343e-05,-9.12465746202948e-05,3.62377796349567e-05,Head/shoulder zoom (x ≥ 4.97)
13.174168297456,4 h,Dox-only,-1.73997060709949e-05,-4.97828192728129e-05,5.80343204842975e-06,Head/shoulder zoom (x ≥ 4.97)
13.174168297456,4 h,Tam-only,4.11239999677574e-05,3.34194469740619e-06,9.73987088339376e-05,Head/shoulder zoom (x ≥ 4.97)
13.2074363992172,24 h,Dox-only,-4.0927452100135e-05,-0.000130398111485234,1.42594841440595e-05,Head/shoulder zoom (x ≥ 4.97)
13.2074363992172,24 h,Tam-only,-1.81105003167257e-05,-9.26665090641476e-05,3.6304740835279e-05,Head/shoulder zoom (x ≥ 4.97)
13.2074363992172,4 h,Dox-only,-1.91221118538497e-05,-6.26219758076346e-05,7.37278215464454e-06,Head/shoulder zoom (x ≥ 4.97)
13.2074363992172,4 h,Tam-only,4.22756510967342e-05,1.34864984463573e-06,0.000101080206218295,Head/shoulder zoom (x ≥ 4.97)
13.2407045009785,24 h,Dox-only,-3.67982986008932e-05,-0.000131763968763021,2.68932479702129e-05,Head/shoulder zoom (x ≥ 4.97)
13.2407045009785,24 h,Tam-only,-1.80421741324885e-05,-9.42044148463232e-05,3.58457513428073e-05,Head/shoulder zoom (x ≥ 4.97)
13.2407045009785,4 h,Dox-only,-1.95739559081033e-05,-7.16165299626618e-05,1.07375248950985e-05,Head/shoulder zoom (x ≥ 4.97)
13.2407045009785,4 h,Tam-only,4.18667130572493e-05,-1.18017186919643e-06,0.000105417838295028,Head/shoulder zoom (x ≥ 4.97)
13.2739726027397,24 h,Dox-only,-3.09445143184748e-05,-0.000128960297740273,4.04029727066144e-05,Head/shoulder zoom (x ≥ 4.97)
13.2739726027397,24 h,Tam-only,-1.67200590335816e-05,-8.90866610277415e-05,3.62874477051854e-05,Head/shoulder zoom (x ≥ 4.97)
13.2739726027397,4 h,Dox-only,-1.85350737450456e-05,-7.20101079320805e-05,1.45833599223244e-05,Head/shoulder zoom (x ≥ 4.97)
13.2739726027397,4 h,Tam-only,3.98297683840747e-05,-4.05305537982856e-06,9.85691666797442e-05,Head/shoulder zoom (x ≥ 4.97)
13.307240704501,24 h,Dox-only,-2.34640635025546e-05,-0.000119880053662974,5.55951171596791e-05,Head/shoulder zoom (x ≥ 4.97)
13.307240704501,24 h,Tam-only,-1.40924267565316e-05,-7.96321156154479e-05,3.61344240821684e-05,Head/shoulder zoom (x ≥ 4.97)
13.307240704501,4 h,Dox-only,-1.58941065915702e-05,-7.30529712315341e-05,2.03884380826873e-05,Head/shoulder zoom (x ≥ 4.97)
13.307240704501,4 h,Tam-only,3.62015025185074e-05,-9.14013799156565e-06,9.18266148288778e-05,Head/shoulder zoom (x ≥ 4.97)
13.3405088062622,24 h,Dox-only,-1.45853605606324e-05,-0.000105222054200625,6.86694413049636e-05,Head/shoulder zoom (x ≥ 4.97)
13.3405088062622,24 h,Tam-only,-1.02481242145469e-05,-7.0916925517455e-05,3.75668917785036e-05,Head/shoulder zoom (x ≥ 4.97)
13.3405088062622,4 h,Dox-only,-1.16645570990641e-05,-7.47102780690873e-05,2.92401021161879e-05,Head/shoulder zoom (x ≥ 4.97)
13.3405088062622,4 h,Tam-only,3.11134410812202e-05,-1.77242115658468e-05,8.91318177689347e-05,Head/shoulder zoom (x ≥ 4.97)
13.3737769080235,24 h,Dox-only,-4.53753999950422e-06,-8.82589108704254e-05,8.28758509366936e-05,Head/shoulder zoom (x ≥ 4.97)
13.3737769080235,24 h,Tam-only,-5.40418135097228e-06,-5.553187221184e-05,4.15970650805212e-05,Head/shoulder zoom (x ≥ 4.97)
13.3737769080235,4 h,Dox-only,-5.88888466417342e-06,-7.30716841119103e-05,3.64104014831985e-05,Head/shoulder zoom (x ≥ 4.97)
13.3737769080235,4 h,Tam-only,2.48428268630615e-05,-2.80671754695952e-05,8.41822687865722e-05,Head/shoulder zoom (x ≥ 4.97)
13.4070450097847,24 h,Dox-only,6.34264762464098e-06,-7.45373219706495e-05,9.46971772256347e-05,Head/shoulder zoom (x ≥ 4.97)
13.4070450097847,24 h,Tam-only,1.74315694655993e-07,-5.39639376014882e-05,4.84033427108839e-05,Head/shoulder zoom (x ≥ 4.97)
13.4070450097847,4 h,Dox-only,9.85584680031039e-07,-6.85558484994023e-05,4.34195732926403e-05,Head/shoulder zoom (x ≥ 4.97)
13.4070450097847,4 h,Tam-only,1.74142252349132e-05,-3.83033243522358e-05,7.93767223030864e-05,Head/shoulder zoom (x ≥ 4.97)
13.440313111546,24 h,Dox-only,1.75283760639387e-05,-5.94784634441179e-05,0.000103772235734015,Head/shoulder zoom (x ≥ 4.97)
13.440313111546,24 h,Tam-only,6.03162373655788e-06,-4.82799522926578e-05,5.94987120042849e-05,Head/shoulder zoom (x ≥ 4.97)
13.440313111546,4 h,Dox-only,8.49282766214268e-06,-6.16599875876902e-05,5.42436061861667e-05,Head/shoulder zoom (x ≥ 4.97)
13.440313111546,4 h,Tam-only,9.39099530610743e-06,-4.79673603188852e-05,6.94252673903939e-05,Head/shoulder zoom (x ≥ 4.97)
13.4735812133072,24 h,Dox-only,2.85151449366e-05,-4.41380230912254e-05,0.000107159503337347,Head/shoulder zoom (x ≥ 4.97)
13.4735812133072,24 h,Tam-only,1.17057215877607e-05,-4.44321819783173e-05,6.47241872114208e-05,Head/shoulder zoom (x ≥ 4.97)
13.4735812133072,4 h,Dox-only,1.6160012122605e-05,-5.14751463411845e-05,6.19183040319855e-05,Head/shoulder zoom (x ≥ 4.97)
13.4735812133072,4 h,Tam-only,1.09435116639879e-06,-5.71804309225602e-05,5.78013162690131e-05,Head/shoulder zoom (x ≥ 4.97)
13.5068493150685,24 h,Dox-only,3.88981665958953e-05,-2.93632730524701e-05,0.000118877214502486,Head/shoulder zoom (x ≥ 4.97)
13.5068493150685,24 h,Tam-only,1.68607931942612e-05,-3.76137704429577e-05,7.20836994289261e-05,Head/shoulder zoom (x ≥ 4.97)
13.5068493150685,4 h,Dox-only,2.34940038154371e-05,-3.94728175220392e-05,7.14052168688545e-05,Head/shoulder zoom (x ≥ 4.97)
13.5068493150685,4 h,Tam-only,-7.16264875745668e-06,-6.66919656334338e-05,4.86332479067963e-05,Head/shoulder zoom (x ≥ 4.97)
13.5401174168297,24 h,Dox-only,4.83042615549802e-05,-1.59278574179694e-05,0.000131491424110353,Head/shoulder zoom (x ≥ 4.97)
13.5401174168297,24 h,Tam-only,2.12336288551067e-05,-2.82826934619043e-05,8.07370328615283e-05,Head/shoulder zoom (x ≥ 4.97)
13.5401174168297,4 h,Dox-only,3.00174522882007e-05,-2.92587420923416e-05,8.08663971760023e-05,Head/shoulder zoom (x ≥ 4.97)
13.5401174168297,4 h,Tam-only,-1.50833988275398e-05,-7.64163363747205e-05,3.85398211488651e-05,Head/shoulder zoom (x ≥ 4.97)
13.573385518591,24 h,Dox-only,5.63983858478999e-05,-4.04028286700564e-06,0.000141626490542546,Head/shoulder zoom (x ≥ 4.97)
13.573385518591,24 h,Tam-only,2.46489753328698e-05,-2.08788953290422e-05,8.71057952785587e-05,Head/shoulder zoom (x ≥ 4.97)
13.573385518591,4 h,Dox-only,3.53026916570577e-05,-2.11669834190386e-05,8.87075346755276e-05,Head/shoulder zoom (x ≥ 4.97)
13.573385518591,4 h,Tam-only,-2.23923359223615e-05,-8.40168988518741e-05,2.84924345489508e-05,Head/shoulder zoom (x ≥ 4.97)
13.6066536203523,24 h,Dox-only,6.28870412562649e-05,6.9770010637718e-06,0.000156259535925658,Head/shoulder zoom (x ≥ 4.97)
13.6066536203523,24 h,Tam-only,2.70244047493071e-05,-1.60187996708998e-05,9.01790191576019e-05,Head/shoulder zoom (x ≥ 4.97)
13.6066536203523,4 h,Dox-only,3.90012102971246e-05,-1.20155626837424e-05,9.32113098674794e-05,Head/shoulder zoom (x ≥ 4.97)
13.6066536203523,4 h,Tam-only,-2.88370023643519e-05,-8.94877775991706e-05,1.93737674148672e-05,Head/shoulder zoom (x ≥ 4.97)
13.6399217221135,24 h,Dox-only,6.75223696896705e-05,1.17509015862455e-05,0.00016746405506246,Head/shoulder zoom (x ≥ 4.97)
13.6399217221135,24 h,Tam-only,2.83654780944606e-05,-1.27886766881876e-05,9.02328587965633e-05,Head/shoulder zoom (x ≥ 4.97)
13.6399217221135,4 h,Dox-only,4.08667774086863e-05,-2.68941888596856e-06,9.39465727539112e-05,Head/shoulder zoom (x ≥ 4.97)
13.6399217221135,4 h,Tam-only,-3.41889934850341e-05,-9.30084889560708e-05,1.49414574714004e-05,Head/shoulder zoom (x ≥ 4.97)
13.6731898238748,24 h,Dox-only,7.01417492395632e-05,1.53554509296264e-05,0.000168972291974313,Head/shoulder zoom (x ≥ 4.97)
13.6731898238748,24 h,Tam-only,2.87526897634673e-05,-9.92973479392919e-06,9.04177226292895e-05,Head/shoulder zoom (x ≥ 4.97)
13.6731898238748,4 h,Dox-only,4.07301187798722e-05,1.67315738406209e-06,8.90627623452534e-05,Head/shoulder zoom (x ≥ 4.97)
13.6731898238748,4 h,Tam-only,-3.82858903266572e-05,-9.42262259583302e-05,1.1041995381083e-05,Head/shoulder zoom (x ≥ 4.97)
13.706457925636,24 h,Dox-only,7.04550345979033e-05,1.58738077214175e-05,0.00016148136947057,Head/shoulder zoom (x ≥ 4.97)
13.706457925636,24 h,Tam-only,2.84350049235606e-05,-6.63255565308034e-06,8.62392017524488e-05,Head/shoulder zoom (x ≥ 4.97)
13.706457925636,4 h,Dox-only,3.84748822199824e-05,1.21065918619204e-06,8.39849875874709e-05,Head/shoulder zoom (x ≥ 4.97)
13.706457925636,4 h,Tam-only,-4.08977438745957e-05,-9.28771876896674e-05,7.69392341688618e-06,Head/shoulder zoom (x ≥ 4.97)
13.7397260273973,24 h,Dox-only,6.82652823086556e-05,1.446256423833e-05,0.000156976729461811,Head/shoulder zoom (x ≥ 4.97)
13.7397260273973,24 h,Tam-only,2.74419628734451e-05,-4.29860445423335e-06,7.91681963574639e-05,Head/shoulder zoom (x ≥ 4.97)
13.7397260273973,4 h,Dox-only,3.44213417609973e-05,-6.53629810307805e-07,7.26709416794692e-05,Head/shoulder zoom (x ≥ 4.97)
13.7397260273973,4 h,Tam-only,-4.16101986551011e-05,-8.95472271740931e-05,4.87242870583732e-06,Head/shoulder zoom (x ≥ 4.97)
13.7729941291585,24 h,Dox-only,6.35971988694921e-05,1.20761401311056e-05,0.000149146945006926,Head/shoulder zoom (x ≥ 4.97)
13.7729941291585,24 h,Tam-only,2.5814358621147e-05,-2.82112138292023e-06,7.24095223716069e-05,Head/shoulder zoom (x ≥ 4.97)
13.7729941291585,4 h,Dox-only,2.88582159918647e-05,9.30723571264025e-08,6.16032032640541e-05,Head/shoulder zoom (x ≥ 4.97)
13.7729941291585,4 h,Tam-only,-4.06117675482037e-05,-8.55399247097259e-05,2.6274661132722e-06,Head/shoulder zoom (x ≥ 4.97)
13.8062622309198,24 h,Dox-only,5.67736950986082e-05,8.57772632819811e-06,0.000139857419637284,Head/shoulder zoom (x ≥ 4.97)
13.8062622309198,24 h,Tam-only,2.39007442398559e-05,-1.70548586391288e-06,6.49117570383182e-05,Head/shoulder zoom (x ≥ 4.97)
13.8062622309198,4 h,Dox-only,2.2113757787058e-05,3.76967747968703e-07,5.64507565254896e-05,Head/shoulder zoom (x ≥ 4.97)
13.8062622309198,4 h,Tam-only,-3.79088134667709e-05,-8.10840221038212e-05,5.32610769768501e-07,Head/shoulder zoom (x ≥ 4.97)
13.839530332681,24 h,Dox-only,4.80219108566923e-05,4.68855414563275e-06,0.000126800272581942,Head/shoulder zoom (x ≥ 4.97)
13.839530332681,24 h,Tam-only,2.18306677454874e-05,-5.14519958893617e-07,5.70519598898945e-05,Head/shoulder zoom (x ≥ 4.97)
13.839530332681,4 h,Dox-only,1.45591811891781e-05,-7.62952278544534e-06,4.66819302537983e-05,Head/shoulder zoom (x ≥ 4.97)
13.839530332681,4 h,Tam-only,-3.35806006966932e-05,-7.35687977332716e-05,-8.3664099098172e-07,Head/shoulder zoom (x ≥ 4.97)
13.8727984344423,24 h,Dox-only,3.76638352752183e-05,-2.23797117400245e-06,0.00010803083667057,Head/shoulder zoom (x ≥ 4.97)
13.8727984344423,24 h,Tam-only,1.97015016018707e-05,-3.8460210419725e-08,5.02967733427548e-05,Head/shoulder zoom (x ≥ 4.97)
13.8727984344423,4 h,Dox-only,6.58323503096792e-06,-1.63352540282956e-05,3.89938595766204e-05,Head/shoulder zoom (x ≥ 4.97)
13.8727984344423,4 h,Tam-only,-2.77834935762917e-05,-6.32431438516058e-05,-1.67590371117228e-06,Head/shoulder zoom (x ≥ 4.97)
13.9060665362035,24 h,Dox-only,2.6110330748786e-05,-1.20955121349936e-05,8.51564012856635e-05,Head/shoulder zoom (x ≥ 4.97)
13.9060665362035,24 h,Tam-only,1.7579837534377e-05,3.4509363244198e-07,4.45210703558945e-05,Head/shoulder zoom (x ≥ 4.97)
13.9060665362035,4 h,Dox-only,-1.43180231453274e-06,-2.93153230331764e-05,3.06324782286514e-05,Head/shoulder zoom (x ≥ 4.97)
13.9060665362035,4 h,Tam-only,-2.07500840698416e-05,-5.02855215399896e-05,-2.05308384091262e-06,Head/shoulder zoom (x ≥ 4.97)
13.9393346379648,24 h,Dox-only,1.38482306557532e-05,-2.34342822155765e-05,6.13719595506615e-05,Head/shoulder zoom (x ≥ 4.97)
13.9393346379648,24 h,Tam-only,1.55069098608738e-05,7.60259082134945e-07,3.88858086677787e-05,Head/shoulder zoom (x ≥ 4.97)
13.9393346379648,4 h,Dox-only,-9.13135154518882e-06,-4.20015087556367e-05,2.42324131074598e-05,Head/shoulder zoom (x ≥ 4.97)
13.9393346379648,4 h,Tam-only,-1.27824575251858e-05,-3.5582055118626e-05,1.53592616745659e-06,Head/shoulder zoom (x ≥ 4.97)
13.972602739726,24 h,Dox-only,1.38095805665665e-06,-3.35745515809962e-05,4.21836843086681e-05,Head/shoulder zoom (x ≥ 4.97)
13.972602739726,24 h,Tam-only,1.35068691310506e-05,1.00747272106566e-06,3.35127182549645e-05,Head/shoulder zoom (x ≥ 4.97)
13.972602739726,4 h,Dox-only,-1.62059027051043e-05,-5.24400480159143e-05,1.6417514495569e-05,Head/shoulder zoom (x ≥ 4.97)
13.972602739726,4 h,Tam-only,-4.23931690875535e-06,-2.08144112480431e-05,1.23508999049195e-05,Head/shoulder zoom (x ≥ 4.97)
14.0058708414873,24 h,Dox-only,-1.06913913213463e-05,-5.40650899275038e-05,2.09592756065415e-05,Head/shoulder zoom (x ≥ 4.97)
14.0058708414873,24 h,Tam-only,1.15965570199818e-05,1.1818927594548e-06,2.74604062271838e-05,Head/shoulder zoom (x ≥ 4.97)
14.0058708414873,4 h,Dox-only,-2.23352630404548e-05,-6.40846352327673e-05,1.11121979097501e-05,Head/shoulder zoom (x ≥ 4.97)
14.0058708414873,4 h,Tam-only,4.55112479430392e-06,-1.0453803568854e-05,2.81791582754874e-05,Head/shoulder zoom (x ≥ 4.97)
14.0391389432485,24 h,Dox-only,-2.16900968586478e-05,-7.45160806088674e-05,8.05441759533268e-06,Head/shoulder zoom (x ≥ 4.97)
14.0391389432485,24 h,Tam-only,9.63326056235451e-06,1.55833931181002e-06,2.15096151133836e-05,Head/shoulder zoom (x ≥ 4.97)
14.0391389432485,4 h,Dox-only,-2.73216035208556e-05,-7.30097778457151e-05,5.4344350194126e-06,Head/shoulder zoom (x ≥ 4.97)
14.0391389432485,4 h,Tam-only,1.30474394803122e-05,-3.80176035853162e-06,4.31663495798347e-05,Head/shoulder zoom (x ≥ 4.97)
14.0724070450098,24 h,Dox-only,-3.09437348073759e-05,-9.29133672956207e-05,5.98344989236628e-06,Head/shoulder zoom (x ≥ 4.97)
14.0724070450098,24 h,Tam-only,7.89031350592956e-06,1.69231393142003e-06,1.64272799989113e-05,Head/shoulder zoom (x ≥ 4.97)
14.0724070450098,4 h,Dox-only,-3.11252270882262e-05,-7.83102744450578e-05,1.51114274862567e-06,Head/shoulder zoom (x ≥ 4.97)
14.0724070450098,4 h,Tam-only,2.07281697615017e-05,-2.14042208814529e-06,5.67910346036207e-05,Head/shoulder zoom (x ≥ 4.97)
14.105675146771,24 h,Dox-only,-3.80549249956659e-05,-0.000104357707535195,6.95059115922166e-06,Head/shoulder zoom (x ≥ 4.97)
14.105675146771,24 h,Tam-only,6.48348719170281e-06,1.24095056513146e-06,1.39950404413628e-05,Head/shoulder zoom (x ≥ 4.97)
14.105675146771,4 h,Dox-only,-3.37207232330519e-05,-8.02552674200349e-05,-1.27249881625902e-06,Head/shoulder zoom (x ≥ 4.97)
14.105675146771,4 h,Tam-only,2.73539374184227e-05,-1.0760311619615e-06,6.76356394697827e-05,Head/shoulder zoom (x ≥ 4.97)
14.1389432485323,24 h,Dox-only,-4.2863492653132e-05,-0.000118386497438524,8.75824378853938e-06,Head/shoulder zoom (x ≥ 4.97)
14.1389432485323,24 h,Tam-only,5.37535587246088e-06,2.08969799750682e-07,1.3514328924559e-05,Head/shoulder zoom (x ≥ 4.97)
14.1389432485323,4 h,Dox-only,-3.51367126393083e-05,-7.97433947114662e-05,-2.94814008957259e-06,Head/shoulder zoom (x ≥ 4.97)
14.1389432485323,4 h,Tam-only,3.26868858164043e-05,1.62190183140769e-08,7.59851058821621e-05,Head/shoulder zoom (x ≥ 4.97)
14.1722113502935,24 h,Dox-only,-4.52443559417787e-05,-0.000135705083836884,1.13956142610429e-05,Head/shoulder zoom (x ≥ 4.97)
14.1722113502935,24 h,Tam-only,4.63445625357016e-06,-3.30735376410827e-06,1.57052504322831e-05,Head/shoulder zoom (x ≥ 4.97)
14.1722113502935,4 h,Dox-only,-3.5447422357868e-05,-7.78564462261757e-05,-5.74865964286191e-06,Head/shoulder zoom (x ≥ 4.97)
14.1722113502935,4 h,Tam-only,3.65777643548004e-05,6.10791972857112e-07,8.1140440146496e-05,Head/shoulder zoom (x ≥ 4.97)
14.2054794520548,24 h,Dox-only,-4.52141863539411e-05,-0.000144043171063389,1.48136604217774e-05,Head/shoulder zoom (x ≥ 4.97)
14.2054794520548,24 h,Tam-only,4.32606030753776e-06,-6.49873904834637e-06,1.96549447925154e-05,Head/shoulder zoom (x ≥ 4.97)
14.2054794520548,4 h,Dox-only,-3.47635613694665e-05,-7.39146598654445e-05,-8.018702400958e-06,Head/shoulder zoom (x ≥ 4.97)
14.2054794520548,4 h,Tam-only,3.89696766750312e-05,1.0077335222545e-06,8.39484983604853e-05,Head/shoulder zoom (x ≥ 4.97)
14.238747553816,24 h,Dox-only,-4.29279032900803e-05,-0.000147023205690872,1.96114647950931e-05,Head/shoulder zoom (x ≥ 4.97)
14.238747553816,24 h,Tam-only,4.50288913736349e-06,-9.1636663312108e-06,2.42655808731544e-05,Head/shoulder zoom (x ≥ 4.97)
14.238747553816,4 h,Dox-only,-3.32229895677521e-05,-7.1248894827996e-05,-8.62247035836563e-06,Head/shoulder zoom (x ≥ 4.97)
14.238747553816,4 h,Tam-only,3.98948843049632e-05,1.339078985473e-06,8.3841825905861e-05,Head/shoulder zoom (x ≥ 4.97)
14.2720156555773,24 h,Dox-only,-3.8666748881244e-05,-0.000146778880887371,3.06432879444042e-05,Head/shoulder zoom (x ≥ 4.97)
14.2720156555773,24 h,Tam-only,5.19541185199475e-06,-1.16179221096672e-05,2.99717143284436e-05,Head/shoulder zoom (x ≥ 4.97)
14.2720156555773,4 h,Dox-only,-3.0981586833955e-05,-6.79916206226405e-05,-7.2759411807996e-06,Head/shoulder zoom (x ≥ 4.97)
14.2720156555773,4 h,Tam-only,3.94653666771789e-05,1.59374884521472e-06,8.11373649116114e-05,Head/shoulder zoom (x ≥ 4.97)
14.3052837573386,24 h,Dox-only,-3.27296272752483e-05,-0.000141667581947141,4.13987782815152e-05,Head/shoulder zoom (x ≥ 4.97)
14.3052837573386,24 h,Tam-only,6.40273513457295e-06,-1.3518161115036e-05,3.6708401295074e-05,Head/shoulder zoom (x ≥ 4.97)
14.3052837573386,4 h,Dox-only,-2.82046402696262e-05,-6.10217628144983e-05,-5.93378088221636e-06,Head/shoulder zoom (x ≥ 4.97)
14.3052837573386,4 h,Tam-only,3.78582275303043e-05,1.76483995870346e-06,7.70857163432178e-05,Head/shoulder zoom (x ≥ 4.97)
14.3385518590998,24 h,Dox-only,-2.56834008906339e-05,-0.000132546216920151,5.34770478836321e-05,Head/shoulder zoom (x ≥ 4.97)
14.3385518590998,24 h,Tam-only,8.08512930968275e-06,-1.48089708702228e-05,4.41314295625238e-05,Head/shoulder zoom (x ≥ 4.97)
14.3385518590998,4 h,Dox-only,-2.50475021669769e-05,-5.43121005385102e-05,-4.67992924596387e-06,Head/shoulder zoom (x ≥ 4.97)
14.3385518590998,4 h,Tam-only,3.53048233832099e-05,1.86070237508065e-06,7.17176207324308e-05,Head/shoulder zoom (x ≥ 4.97)
14.3718199608611,24 h,Dox-only,-1.81085870780801e-05,-0.000119713654783036,6.46909135410044e-05,Head/shoulder zoom (x ≥ 4.97)
14.3718199608611,24 h,Tam-only,1.02709697028086e-05,-1.5579140217524e-05,5.12759597583456e-05,Head/shoulder zoom (x ≥ 4.97)
14.3718199608611,4 h,Dox-only,-2.16988476929712e-05,-4.87008784877959e-05,-3.55001031773284e-06,Head/shoulder zoom (x ≥ 4.97)
14.3718199608611,4 h,Tam-only,3.200514338045e-05,1.87616285661396e-06,6.50442877777274e-05,Head/shoulder zoom (x ≥ 4.97)
14.4050880626223,24 h,Dox-only,-1.06349138576947e-05,-0.000103089133886039,7.30531181032783e-05,Head/shoulder zoom (x ≥ 4.97)
14.4050880626223,24 h,Tam-only,1.26540815505982e-05,-1.56234381466003e-05,5.82703010811796e-05,Head/shoulder zoom (x ≥ 4.97)
14.4050880626223,4 h,Dox-only,-1.83279279414665e-05,-4.27177902993528e-05,-2.55250297843786e-06,Head/shoulder zoom (x ≥ 4.97)
14.4050880626223,4 h,Tam-only,2.8300478674108e-05,1.81394772371624e-06,5.78678971436848e-05,Head/shoulder zoom (x ≥ 4.97)
14.4383561643836,24 h,Dox-only,-3.76558290971179e-06,-8.59815409417874e-05,7.75101805806663e-05,Head/shoulder zoom (x ≥ 4.97)
14.4383561643836,24 h,Tam-only,1.50285561527257e-05,-1.50192184039031e-05,6.45745991677796e-05,Head/shoulder zoom (x ≥ 4.97)
14.4383561643836,4 h,Dox-only,-1.50575178424736e-05,-3.67091132919761e-05,-1.59781533214494e-06,Head/shoulder zoom (x ≥ 4.97)
14.4383561643836,4 h,Tam-only,2.44420736322217e-05,1.67190497831262e-06,5.05614149685879e-05,Head/shoulder zoom (x ≥ 4.97)
14.4716242661448,24 h,Dox-only,2.1037911617447e-06,-6.93962194593854e-05,8.10202796022537e-05,Head/shoulder zoom (x ≥ 4.97)
14.4716242661448,24 h,Tam-only,1.72109564938931e-05,-1.38554743414373e-05,6.97626497406041e-05,Head/shoulder zoom (x ≥ 4.97)
14.4716242661448,4 h,Dox-only,-1.1988294725397e-05,-3.17460993157781e-05,-6.12964568505552e-07,Head/shoulder zoom (x ≥ 4.97)
14.4716242661448,4 h,Tam-only,2.06222680523713e-05,1.48596522263267e-06,4.31454328609051e-05,Head/shoulder zoom (x ≥ 4.97)
14.5048923679061,24 h,Dox-only,6.64334919680329e-06,-5.41950513998438e-05,8.25922250947365e-05,Head/shoulder zoom (x ≥ 4.97)
14.5048923679061,24 h,Tam-only,1.89933869466559e-05,-1.2441440911154e-05,7.33541867166841e-05,Head/shoulder zoom (x ≥ 4.97)
14.5048923679061,4 h,Dox-only,-9.19740007707949e-06,-2.68781775640996e-05,4.27535154398584e-07,Head/shoulder zoom (x ≥ 4.97)
14.5048923679061,4 h,Tam-only,1.69949269328672e-05,1.27248991445622e-06,3.61489209224372e-05,Head/shoulder zoom (x ≥ 4.97)
14.5381604696673,24 h,Dox-only,9.62309910214369e-06,-4.11493406173614e-05,8.04120590113217e-05,Head/shoulder zoom (x ≥ 4.97)
14.5381604696673,24 h,Tam-only,2.01798089106786e-05,-1.08827484064691e-05,7.48983300661316e-05,Head/shoulder zoom (x ≥ 4.97)
14.5381604696673,4 h,Dox-only,-6.73826187426231e-06,-2.17084068991478e-05,1.72217434388297e-06,Head/shoulder zoom (x ≥ 4.97)
14.5381604696673,4 h,Tam-only,1.36733249142126e-05,1.06607295492954e-06,2.96161887620552e-05,Head/shoulder zoom (x ≥ 4.97)
14.5714285714286,24 h,Dox-only,1.09210930749103e-05,-3.19875742535129e-05,7.43110315284605e-05,Head/shoulder zoom (x ≥ 4.97)
14.5714285714286,24 h,Tam-only,2.06028317385485e-05,-9.27244535219045e-06,7.40147418281646e-05,Head/shoulder zoom (x ≥ 4.97)
14.5714285714286,4 h,Dox-only,-4.6415883948886e-06,-1.67965439692352e-05,2.73748741555607e-06,Head/shoulder zoom (x ≥ 4.97)
14.5714285714286,4 h,Tam-only,1.07311327828351e-05,8.37935545408505e-07,2.37249568091147e-05,Head/shoulder zoom (x ≥ 4.97)
14.6046966731898,24 h,Dox-only,1.05214914650525e-05,-2.46168129838384e-05,6.42259900355112e-05,Head/shoulder zoom (x ≥ 4.97)
14.6046966731898,24 h,Tam-only,2.01396010129118e-05,-7.68710013180325e-06,7.04341858724559e-05,Head/shoulder zoom (x ≥ 4.97)
14.6046966731898,4 h,Dox-only,-2.91739911523409e-06,-1.25505146764723e-05,4.11194994559486e-06,Head/shoulder zoom (x ≥ 4.97)
14.6046966731898,4 h,Tam-only,8.20592067240488e-06,6.27440127195846e-07,1.8545325406304e-05,Head/shoulder zoom (x ≥ 4.97)
14.6379647749511,24 h,Dox-only,8.4644399618645e-06,-1.90898816348926e-05,5.06659571033195e-05,Head/shoulder zoom (x ≥ 4.97)
14.6379647749511,24 h,Tam-only,1.87254191408371e-05,-6.06999428709244e-06,6.40347327269961e-05,Head/shoulder zoom (x ≥ 4.97)
14.6379647749511,4 h,Dox-only,-1.56473542341071e-06,-9.05277333750871e-06,5.16595125840316e-06,Head/shoulder zoom (x ≥ 4.97)
14.6379647749511,4 h,Tam-only,6.09771128275176e-06,4.36156787232663e-07,1.4212769301317e-05,Head/shoulder zoom (x ≥ 4.97)
14.6712328767123,24 h,Dox-only,5.02224061501149e-06,-1.52121698941742e-05,3.43020780295548e-05,Head/shoulder zoom (x ≥ 4.97)
14.6712328767123,24 h,Tam-only,1.63582415535397e-05,-4.73482822111805e-06,5.48125476174657e-05,Head/shoulder zoom (x ≥ 4.97)
14.6712328767123,4 h,Dox-only,-5.93040423798924e-07,-6.46016556064419e-06,5.6691378144029e-06,Head/shoulder zoom (x ≥ 4.97)
14.6712328767123,4 h,Tam-only,4.35408586985096e-06,2.61785623592308e-07,1.07201539718374e-05,Head/shoulder zoom (x ≥ 4.97)
14.7045009784736,24 h,Dox-only,4.79956016415487e-07,-1.40290109104915e-05,1.58969201044457e-05,Head/shoulder zoom (x ≥ 4.97)
14.7045009784736,24 h,Tam-only,1.30940610585219e-05,-3.39363385966038e-06,4.28575587952957e-05,Head/shoulder zoom (x ≥ 4.97)
14.7045009784736,4 h,Dox-only,7.61285049821314e-08,-4.90532006039531e-06,6.09777230944066e-06,Head/shoulder zoom (x ≥ 4.97)
14.7045009784736,4 h,Tam-only,3.05551808990154e-06,3.04839013759403e-08,7.9558928471834e-06,Head/shoulder zoom (x ≥ 4.97)
14.7377690802348,24 h,Dox-only,-4.84967957184232e-06,-1.36947235193073e-05,-2.63865043092751e-07,Head/shoulder zoom (x ≥ 4.97)
14.7377690802348,24 h,Tam-only,9.09145175115959e-06,-2.60541392782464e-06,2.88899995855174e-05,Head/shoulder zoom (x ≥ 4.97)
14.7377690802348,4 h,Dox-only,4.8507145367471e-07,-3.72104195017188e-06,6.09685706178973e-06,Head/shoulder zoom (x ≥ 4.97)
14.7377690802348,4 h,Tam-only,2.07598224665277e-06,-2.8727050372264e-07,5.60689250942946e-06,Head/shoulder zoom (x ≥ 4.97)
14.7710371819961,24 h,Dox-only,-1.05231237075821e-05,-2.72657039819244e-05,-2.07975498889099e-07,Head/shoulder zoom (x ≥ 4.97)
14.7710371819961,24 h,Tam-only,4.67117139093747e-06,-1.96651125196435e-06,1.38563966707581e-05,Head/shoulder zoom (x ≥ 4.97)
14.7710371819961,4 h,Dox-only,6.70376465102106e-07,-2.87483854706772e-06,5.75122480869943e-06,Head/shoulder zoom (x ≥ 4.97)
14.7710371819961,4 h,Tam-only,1.36358932097928e-06,-4.38632819960702e-07,3.82877548019488e-06,Head/shoulder zoom (x ≥ 4.97)
14.8043052837573,24 h,Dox-only,-1.61845463144589e-05,-4.54914563000409e-05,-1.30879428529803e-07,Head/shoulder zoom (x ≥ 4.97)
14.8043052837573,24 h,Tam-only,1.05976908992733e-07,-3.85157242200043e-06,5.77095767170717e-06,Head/shoulder zoom (x ≥ 4.97)
14.8043052837573,4 h,Dox-only,6.63683265998424e-07,-2.43516844562003e-06,5.17967048928285e-06,Head/shoulder zoom (x ≥ 4.97)
14.8043052837573,4 h,Tam-only,8.71678502724005e-07,-4.56625945717133e-07,2.48029202729568e-06,Head/shoulder zoom (x ≥ 4.97)
14.8375733855186,24 h,Dox-only,-2.15112773801537e-05,-6.22720951210734e-05,-8.05797956806011e-08,Head/shoulder zoom (x ≥ 4.97)
14.8375733855186,24 h,Tam-only,-4.32511668606301e-06,-1.81785757219301e-05,6.49183649857362e-06,Head/shoulder zoom (x ≥ 4.97)
14.8375733855186,4 h,Dox-only,4.89168667181731e-07,-2.41028502861459e-06,4.4904502276395e-06,Head/shoulder zoom (x ≥ 4.97)
14.8375733855186,4 h,Tam-only,5.57780437314154e-07,-5.03115740853988e-07,1.64730428747988e-06,Head/shoulder zoom (x ≥ 4.97)
14.8708414872798,24 h,Dox-only,-2.62275724744509e-05,-7.68460358304089e-05,-4.85121989491415e-08,Head/shoulder zoom (x ≥ 4.97)
14.8708414872798,24 h,Tam-only,-8.35507937422657e-06,-3.25865140216058e-05,8.61692304809826e-06,Head/shoulder zoom (x ≥ 4.97)
14.8708414872798,4 h,Dox-only,1.6177087672511e-07,-2.79010666671516e-06,3.8364736110691e-06,Head/shoulder zoom (x ≥ 4.97)
14.8708414872798,4 h,Tam-only,3.85186018992934e-07,-5.8084382607441e-07,1.28271556244985e-06,Head/shoulder zoom (x ≥ 4.97)
14.9041095890411,24 h,Dox-only,-3.0118305824781e-05,-8.86306697741243e-05,-2.85462187098671e-08,Head/shoulder zoom (x ≥ 4.97)
14.9041095890411,24 h,Tam-only,-1.17504388409279e-05,-4.52998001054842e-05,1.09889481768117e-05,Head/shoulder zoom (x ≥ 4.97)
14.9041095890411,4 h,Dox-only,-3.13821883989328e-07,-3.76689035149468e-06,3.118672545593e-06,Head/shoulder zoom (x ≥ 4.97)
14.9041095890411,4 h,Tam-only,3.23634918828064e-07,-5.47709643024801e-07,1.21782388205267e-06,Head/shoulder zoom (x ≥ 4.97)
14.9373776908024,24 h,Dox-only,-3.3006090401162e-05,-9.72615925442561e-05,-1.64088863032706e-08,Head/shoulder zoom (x ≥ 4.97)
14.9373776908024,24 h,Tam-only,-1.43301013151167e-05,-5.57618361273279e-05,1.35782582137326e-05,Head/shoulder zoom (x ≥ 4.97)
14.9373776908024,4 h,Dox-only,-9.43396402852799e-07,-5.46969765592796e-06,2.59786117777041e-06,Head/shoulder zoom (x ≥ 4.97)
14.9373776908024,4 h,Tam-only,3.49230555310402e-07,-4.29105506152093e-07,1.2418623449971e-06,Head/shoulder zoom (x ≥ 4.97)
14.9706457925636,24 h,Dox-only,-3.47913940797955e-05,-0.000102366801546947,-9.20474834487944e-09,Head/shoulder zoom (x ≥ 4.97)
14.9706457925636,24 h,Tam-only,-1.59798955552236e-05,-6.35473998505737e-05,1.63520063882829e-05,Head/shoulder zoom (x ≥ 4.97)
14.9706457925636,4 h,Dox-only,-1.77496037510541e-06,-8.04423795422138e-06,2.08293944623064e-06,Head/shoulder zoom (x ≥ 4.97)
14.9706457925636,4 h,Tam-only,4.11389803084126e-07,-3.08503839614777e-07,1.45336228139182e-06,Head/shoulder zoom (x ≥ 4.97)
15.0039138943249,24 h,Dox-only,-3.55217864676819e-05,-0.000104127612821071,-5.04090279644284e-09,Head/shoulder zoom (x ≥ 4.97)
15.0039138943249,24 h,Tam-only,-1.66219758267305e-05,-6.83474991838025e-05,1.91973452173565e-05,Head/shoulder zoom (x ≥ 4.97)
15.0039138943249,4 h,Dox-only,-2.80474505637782e-06,-1.13512153655466e-05,1.62705408363998e-06,Head/shoulder zoom (x ≥ 4.97)
15.0039138943249,4 h,Tam-only,5.09850771532617e-07,-2.70187966208365e-07,2.09050133625455e-06,Head/shoulder zoom (x ≥ 4.97)
15.0371819960861,24 h,Dox-only,-3.52653391749852e-05,-0.000102804195151238,-2.69831189479383e-09,Head/shoulder zoom (x ≥ 4.97)
15.0371819960861,24 h,Tam-only,-1.62973916513061e-05,-7.0194775193818e-05,2.18523208964951e-05,Head/shoulder zoom (x ≥ 4.97)
15.0371819960861,4 h,Dox-only,-4.0595116736143e-06,-1.54459051921207e-05,1.25546681673278e-06,Head/shoulder zoom (x ≥ 4.97)
15.0371819960861,4 h,Tam-only,7.08418890428934e-07,-2.30551539406182e-07,2.81715079750349e-06,Head/shoulder zoom (x ≥ 4.97)
15.0704500978474,24 h,Dox-only,-3.41470407859995e-05,-9.87345215010806e-05,-1.43813707114921e-09,Head/shoulder zoom (x ≥ 4.97)
15.0704500978474,24 h,Tam-only,-1.51866162928051e-05,-6.93961342962193e-05,2.41216897574555e-05,Head/shoulder zoom (x ≥ 4.97)
15.0704500978474,4 h,Dox-only,-5.57737716802897e-06,-2.05188154985972e-05,9.46735408921112e-07,Head/shoulder zoom (x ≥ 4.97)
15.0704500978474,4 h,Tam-only,9.39613476462812e-07,-1.81990621102413e-07,3.75552926707126e-06,Head/shoulder zoom (x ≥ 4.97)
15.1037181996086,24 h,Dox-only,-3.23552123410807e-05,-9.25337921312483e-05,-7.70500630973732e-10,Head/shoulder zoom (x ≥ 4.97)
15.1037181996086,24 h,Tam-only,-1.35210848917287e-05,-6.64132887804603e-05,2.59190899357701e-05,Head/shoulder zoom (x ≥ 4.97)
15.1037181996086,4 h,Dox-only,-7.38233625982882e-06,-2.66539474907936e-05,6.97718711975144e-07,Head/shoulder zoom (x ≥ 4.97)
15.1037181996086,4 h,Tam-only,1.19422982008175e-06,-1.42021037212166e-07,4.73705343643313e-06,Head/shoulder zoom (x ≥ 4.97)
15.1369863013699,24 h,Dox-only,-3.00512994214207e-05,-8.48153133059101e-05,-4.02622698887662e-10,Head/shoulder zoom (x ≥ 4.97)
15.1369863013699,24 h,Tam-only,-1.15246489194378e-05,-6.17320419340873e-05,2.70371290539233e-05,Head/shoulder zoom (x ≥ 4.97)
15.1369863013699,4 h,Dox-only,-9.48717653435689e-06,-3.38925166719916e-05,5.0238951053951e-07,Head/shoulder zoom (x ≥ 4.97)
15.1369863013699,4 h,Tam-only,1.46137502182047e-06,-1.07060333262859e-07,5.75807606217951e-06,Head/shoulder zoom (x ≥ 4.97)
15.1702544031311,24 h,Dox-only,-2.73920581351704e-05,-7.61157567117852e-05,-2.05343074307474e-10,Head/shoulder zoom (x ≥ 4.97)
15.1702544031311,24 h,Tam-only,-9.42780900868452e-06,-5.51842276715112e-05,2.78895931179976e-05,Head/shoulder zoom (x ≥ 4.97)
15.1702544031311,4 h,Dox-only,-1.18881791640426e-05,-4.22156983459952e-05,3.53169407482796e-07,Head/shoulder zoom (x ≥ 4.97)
15.1702544031311,4 h,Tam-only,1.72773498467838e-06,-7.83642967927201e-08,6.79102563370326e-06,Head/shoulder zoom (x ≥ 4.97)
15.2035225048924,24 h,Dox-only,-2.45196098352414e-05,-6.69659480542967e-05,-1.02653658747605e-10,Head/shoulder zoom (x ≥ 4.97)
15.2035225048924,24 h,Tam-only,-7.44770278069549e-06,-4.76837116270391e-05,2.79591447060619e-05,Head/shoulder zoom (x ≥ 4.97)
15.2035225048924,4 h,Dox-only,-1.45601015139333e-05,-5.15279928883321e-05,2.41949282858685e-07,Head/shoulder zoom (x ≥ 4.97)
15.2035225048924,4 h,Tam-only,1.97736331578689e-06,-5.60452719543905e-08,7.77488307365261e-06,Head/shoulder zoom (x ≥ 4.97)
15.2367906066536,24 h,Dox-only,-2.15549832409464e-05,-5.77952208821281e-05,-5.13231234045985e-11,Head/shoulder zoom (x ≥ 4.97)
15.2367906066536,24 h,Tam-only,-5.77051741519831e-06,-4.03628387077281e-05,2.65271017928432e-05,Head/shoulder zoom (x ≥ 4.97)
15.2367906066536,4 h,Dox-only,-1.74518699988905e-05,-6.16450472753192e-05,1.60810544673051e-07,Head/shoulder zoom (x ≥ 4.97)
15.2367906066536,4 h,Tam-only,2.19205264005998e-06,-4.15213843449526e-08,8.61491324995814e-06,Head/shoulder zoom (x ≥ 4.97)
15.2700587084149,24 h,Dox-only,-1.85962803731379e-05,-4.88760640605183e-05,-2.78723659487135e-11,Head/shoulder zoom (x ≥ 4.97)
15.2700587084149,24 h,Tam-only,-4.53752105977202e-06,-3.37022894151676e-05,2.35248973347336e-05,Head/shoulder zoom (x ≥ 4.97)
15.2700587084149,4 h,Dox-only,-2.04834598679157e-05,-7.22935357080286e-05,1.01758542205389e-07,Head/shoulder zoom (x ≥ 4.97)
15.2700587084149,4 h,Tam-only,2.35228916236745e-06,-3.43234866355517e-08,9.2245524491429e-06,Head/shoulder zoom (x ≥ 4.97)
15.3033268101761,24 h,Dox-only,-1.5758734761829e-05,-4.13396488581021e-05,-2.92510866417886e-11,Head/shoulder zoom (x ≥ 4.97)
15.3033268101761,24 h,Tam-only,-3.83561378391712e-06,-2.80513507464198e-05,1.90705251966294e-05,Head/shoulder zoom (x ≥ 4.97)
15.3033268101761,4 h,Dox-only,-2.35488132505748e-05,-8.29713260671384e-05,5.95647134735777e-08,Head/shoulder zoom (x ≥ 4.97)
15.3033268101761,4 h,Tam-only,2.43258159362626e-06,-3.01431619735557e-08,9.66154504594593e-06,Head/shoulder zoom (x ≥ 4.97)
15.3365949119374,24 h,Dox-only,-1.30983343290046e-05,-3.45487707440519e-05,-5.00365032947665e-11,Head/shoulder zoom (x ≥ 4.97)
15.3365949119374,24 h,Tam-only,-3.75840915443119e-06,-2.37097067809985e-05,1.31221683925349e-05,Head/shoulder zoom (x ≥ 4.97)
15.3365949119374,4 h,Dox-only,-2.64378962960355e-05,-9.31712110341487e-05,3.24927728533102e-08,Head/shoulder zoom (x ≥ 4.97)
15.3365949119374,4 h,Tam-only,2.44680678602017e-06,-2.43576411998791e-08,9.80537515227488e-06,Head/shoulder zoom (x ≥ 4.97)
15.3698630136986,24 h,Dox-only,-1.06300643550992e-05,-2.8111333706462e-05,-7.29292658617814e-11,Head/shoulder zoom (x ≥ 4.97)
15.3698630136986,24 h,Tam-only,-4.23154980020919e-06,-1.97322701498679e-05,6.94517181882794e-06,Head/shoulder zoom (x ≥ 4.97)
15.3698630136986,4 h,Dox-only,-2.89949706028334e-05,-0.000102235421502048,1.08989708511771e-08,Head/shoulder zoom (x ≥ 4.97)
15.3698630136986,4 h,Tam-only,2.35633609798341e-06,-3.30470539980903e-08,9.53036462965139e-06,Head/shoulder zoom (x ≥ 4.97)
15.4031311154599,24 h,Dox-only,-8.3213529710535e-06,-2.20519970554304e-05,-7.13835350663832e-11,Head/shoulder zoom (x ≥ 4.97)
15.4031311154599,24 h,Tam-only,-5.09229294980761e-06,-1.61133968166996e-05,9.46659699214793e-07,Head/shoulder zoom (x ≥ 4.97)
15.4031311154599,4 h,Dox-only,-3.10385110192512e-05,-0.000109453971729734,5.72709943267662e-09,Head/shoulder zoom (x ≥ 4.97)
15.4031311154599,4 h,Tam-only,2.15396897710429e-06,-5.0935117617685e-08,8.75577862525531e-06,Head/shoulder zoom (x ≥ 4.97)
15.4363992172211,24 h,Dox-only,-6.19193726054782e-06,-1.63925319606994e-05,-4.4374156054271e-11,Head/shoulder zoom (x ≥ 4.97)
15.4363992172211,24 h,Tam-only,-6.22387505355971e-06,-1.56397755517644e-05,1.61194167422981e-09,Head/shoulder zoom (x ≥ 4.97)
15.4363992172211,4 h,Dox-only,-3.23896674119532e-05,-0.000114219266726198,3.44486817663731e-09,Head/shoulder zoom (x ≥ 4.97)
15.4363992172211,4 h,Tam-only,1.83957309426727e-06,-7.82374973271323e-08,7.54374236145413e-06,Head/shoulder zoom (x ≥ 4.97)
15.4696673189824,24 h,Dox-only,-4.24973031275701e-06,-1.11678482951618e-05,-2.15237088384851e-11,Head/shoulder zoom (x ≥ 4.97)
15.4696673189824,24 h,Tam-only,-7.48431203795476e-06,-1.97767205360542e-05,2.98235335488672e-09,Head/shoulder zoom (x ≥ 4.97)
15.4696673189824,4 h,Dox-only,-3.28856933174098e-05,-0.000115950407725436,2.02409039401411e-09,Head/shoulder zoom (x ≥ 4.97)
15.4696673189824,4 h,Tam-only,1.4209860754628e-06,-1.17469576126901e-07,5.93084741771977e-06,Head/shoulder zoom (x ≥ 4.97)
15.5029354207436,24 h,Dox-only,-2.50525969134115e-06,-7.38999973037538e-06,-1.01776848252217e-11,Head/shoulder zoom (x ≥ 4.97)
15.5029354207436,24 h,Tam-only,-8.73355739702137e-06,-2.30649787836484e-05,5.30280607994357e-09,Head/shoulder zoom (x ≥ 4.97)
15.5029354207436,4 h,Dox-only,-3.23937304278805e-05,-0.000114171837435152,1.16131936376002e-09,Head/shoulder zoom (x ≥ 4.97)
15.5029354207436,4 h,Tam-only,9.13762512436245e-07,-1.73383262426387e-07,3.98698737869501e-06,Head/shoulder zoom (x ≥ 4.97)
15.5362035225049,24 h,Dox-only,-9.71174576605994e-07,-5.27403562366553e-06,1.47015302043761e-06,Head/shoulder zoom (x ≥ 4.97)
15.5362035225049,24 h,Tam-only,-9.8456929616247e-06,-2.72809406358273e-05,9.1693388778719e-09,Head/shoulder zoom (x ≥ 4.97)
15.5362035225049,4 h,Dox-only,-3.08238869099314e-05,-0.000108559625038261,6.50446984579016e-10,Head/shoulder zoom (x ≥ 4.97)
15.5362035225049,4 h,Tam-only,3.40037031756723e-07,-2.52371946021359e-07,1.98636124327173e-06,Head/shoulder zoom (x ≥ 4.97)
15.5694716242661,24 h,Dox-only,3.31134397543557e-07,-3.68541862341226e-06,3.33170985508447e-06,Head/shoulder zoom (x ≥ 4.97)
15.5694716242661,24 h,Tam-only,-1.07184726641537e-05,-3.06555064571659e-05,1.54742537116346e-08,Head/shoulder zoom (x ≥ 4.97)
15.5694716242661,4 h,Dox-only,-2.8140507706668e-05,-9.89812821486653e-05,3.5555796093478e-10,Head/shoulder zoom (x ≥ 4.97)
15.5694716242661,4 h,Tam-only,-2.73398974317921e-07,-8.00466587403825e-07,3.56314211271484e-07,Head/shoulder zoom (x ≥ 4.97)
15.6027397260274,24 h,Dox-only,1.334809570694e-06,-2.52139019012942e-06,6.12971561773549e-06,Head/shoulder zoom (x ≥ 4.97)
15.6027397260274,24 h,Tam-only,-1.12797275676307e-05,-3.2891871046098e-05,2.57193336335396e-08,Head/shoulder zoom (x ≥ 4.97)
15.6027397260274,4 h,Dox-only,-2.43631408722447e-05,-8.52943731053974e-05,1.89657237900688e-10,Head/shoulder zoom (x ≥ 4.97)
15.6027397260274,4 h,Tam-only,-8.90196715869918e-07,-2.47336546065876e-06,5.30875857208754e-13,Head/shoulder zoom (x ≥ 4.97)
15.6360078277887,24 h,Dox-only,2.13836095198956e-06,-1.68835920149809e-06,7.93356937439203e-06,Head/shoulder zoom (x ≥ 4.97)
15.6360078277887,24 h,Tam-only,-1.14903839624298e-05,-3.39205114481322e-05,4.34215960365938e-08,Head/shoulder zoom (x ≥ 4.97)
15.6360078277887,4 h,Dox-only,-1.95209933067465e-05,-6.81255446534526e-05,9.9739707950598e-11,Head/shoulder zoom (x ≥ 4.97)
15.6360078277887,4 h,Tam-only,-1.42648353938599e-06,-4.18887487254621e-06,2.34610295068066e-13,Head/shoulder zoom (x ≥ 4.97)
15.6692759295499,24 h,Dox-only,2.74868989229839e-06,-1.11202345626963e-06,9.2877668475664e-06,Head/shoulder zoom (x ≥ 4.97)
15.6692759295499,24 h,Tam-only,-1.13131423362196e-05,-3.37333086972059e-05,7.1261205551545e-08,Head/shoulder zoom (x ≥ 4.97)
15.6692759295499,4 h,Dox-only,-1.38907382332241e-05,-4.8099906929854e-05,5.23874986865929e-11,Head/shoulder zoom (x ≥ 4.97)
15.6692759295499,4 h,Tam-only,-1.9949971208347e-06,-6.16586512542013e-06,1.05239623438111e-13,Head/shoulder zoom (x ≥ 4.97)
15.7025440313112,24 h,Dox-only,3.17017992074819e-06,-7.28493129885926e-07,1.02432207999695e-05,Head/shoulder zoom (x ≥ 4.97)
15.7025440313112,24 h,Tam-only,-1.07818127282052e-05,-3.23744706318485e-05,1.34456421627712e-07,Head/shoulder zoom (x ≥ 4.97)
15.7025440313112,4 h,Dox-only,-7.73885071574799e-06,-2.60512673198229e-05,2.73404803781604e-11,Head/shoulder zoom (x ≥ 4.97)
15.7025440313112,4 h,Tam-only,-2.5288303992992e-06,-7.81003465860246e-06,4.56566915956008e-14,Head/shoulder zoom (x ≥ 4.97)
15.7358121330724,24 h,Dox-only,3.38541520143861e-06,-4.69148824845758e-07,1.07520625525671e-05,Head/shoulder zoom (x ≥ 4.97)
15.7358121330724,24 h,Tam-only,-9.97980291529736e-06,-3.01331687304363e-05,2.33799791831624e-07,Head/shoulder zoom (x ≥ 4.97)
15.7358121330724,4 h,Dox-only,-1.34007361305002e-06,-3.83250911385244e-06,1.39009968002052e-11,Head/shoulder zoom (x ≥ 4.97)
15.7358121330724,4 h,Tam-only,-2.99103859317081e-06,-9.12898357308169e-06,1.92120755105091e-14,Head/shoulder zoom (x ≥ 4.97)
15.7690802348337,24 h,Dox-only,3.40643865885308e-06,-4.04892993373401e-07,1.07764804437729e-05,Head/shoulder zoom (x ≥ 4.97)
15.7690802348337,24 h,Tam-only,-8.97661330829516e-06,-2.73153855028988e-05,3.54933913769216e-07,Head/shoulder zoom (x ≥ 4.97)
15.7690802348337,4 h,Dox-only,5.01513931453328e-06,-3.96375784895562e-06,2.06688376050758e-05,Head/shoulder zoom (x ≥ 4.97)
15.7690802348337,4 h,Tam-only,-3.37459517689495e-06,-1.00797647615002e-05,7.84162710634798e-15,Head/shoulder zoom (x ≥ 4.97)
15.8023483365949,24 h,Dox-only,3.25786823351794e-06,-4.07103569333656e-07,1.03830426571637e-05,Head/shoulder zoom (x ≥ 4.97)
15.8023483365949,24 h,Tam-only,-7.83509684378964e-06,-2.41772320185097e-05,5.98775291985299e-07,Head/shoulder zoom (x ≥ 4.97)
15.8023483365949,4 h,Dox-only,1.10403484796619e-05,-4.98912456342641e-06,4.28650679688157e-05,Head/shoulder zoom (x ≥ 4.97)
15.8023483365949,4 h,Tam-only,-3.67851613836824e-06,-1.09872818873034e-05,3.10564984945637e-15,Head/shoulder zoom (x ≥ 4.97)
15.8356164383562,24 h,Dox-only,2.96630014458618e-06,-5.4077424732853e-07,9.66076117658645e-06,Head/shoulder zoom (x ≥ 4.97)
15.8356164383562,24 h,Tam-only,-6.61295641787737e-06,-2.08775282878325e-05,9.19149563586519e-07,Head/shoulder zoom (x ≥ 4.97)
15.8356164383562,4 h,Dox-only,1.64725418732733e-05,-6.13690303523417e-06,6.29729618622535e-05,Head/shoulder zoom (x ≥ 4.97)
15.8356164383562,4 h,Tam-only,-3.90648262388848e-06,-1.16573359220119e-05,1.19181970431096e-15,Head/shoulder zoom (x ≥ 4.97)
15.8688845401174,24 h,Dox-only,2.55678236409674e-06,-7.82276922658602e-07,8.70699426173263e-06,Head/shoulder zoom (x ≥ 4.97)
15.8688845401174,24 h,Tam-only,-5.35845974211139e-06,-1.75983401760719e-05,1.31821031754506e-06,Head/shoulder zoom (x ≥ 4.97)
15.8688845401174,4 h,Dox-only,2.10897906493703e-05,-7.3632089936709e-06,8.01825785167156e-05,Head/shoulder zoom (x ≥ 4.97)
15.8688845401174,4 h,Tam-only,-4.06497958008612e-06,-1.21935217388138e-05,4.43596871501522e-16,Head/shoulder zoom (x ≥ 4.97)
15.9021526418787,24 h,Dox-only,2.07008647613006e-06,-1.16555800747856e-06,7.63335928367419e-06,Head/shoulder zoom (x ≥ 4.97)
15.9021526418787,24 h,Tam-only,-4.10782057779735e-06,-1.44853138603799e-05,1.85054332438398e-06,Head/shoulder zoom (x ≥ 4.97)
15.9021526418787,4 h,Dox-only,2.47258228930412e-05,-8.64375933907678e-06,9.38790700661786e-05,Head/shoulder zoom (x ≥ 4.97)
15.9021526418787,4 h,Tam-only,-4.16122908173568e-06,-1.27151737176017e-05,1.59662647792043e-16,Head/shoulder zoom (x ≥ 4.97)
15.9354207436399,24 h,Dox-only,1.52508160146306e-06,-1.72671535393106e-06,6.5702671207221e-06,Head/shoulder zoom (x ≥ 4.97)
15.9354207436399,24 h,Tam-only,-2.88424262001766e-06,-1.16443833636173e-05,2.56573470438809e-06,Head/shoulder zoom (x ≥ 4.97)
15.9354207436399,4 h,Dox-only,2.72476954148071e-05,-9.88301939136721e-06,0.000103677472341047,Head/shoulder zoom (x ≥ 4.97)
15.9354207436399,4 h,Tam-only,-4.23388959201291e-06,-1.34141594936923e-05,4.30461755717709e-17,Head/shoulder zoom (x ≥ 4.97)
15.9686888454012,24 h,Dox-only,8.92723142535863e-07,-2.50603652499277e-06,5.17839746361172e-06,Head/shoulder zoom (x ≥ 4.97)
15.9686888454012,24 h,Tam-only,-1.68534405883533e-06,-9.14226561354598e-06,3.47506816396249e-06,Head/shoulder zoom (x ≥ 4.97)
15.9686888454012,4 h,Dox-only,2.85826933167644e-05,-1.10235666984135e-05,0.000109328469655711,Head/shoulder zoom (x ≥ 4.97)
15.9686888454012,4 h,Tam-only,-4.29764826764152e-06,-1.42414157665146e-05,1.55741326730074e-17,Head/shoulder zoom (x ≥ 4.97)
16.0019569471624,24 h,Dox-only,1.61765190516041e-07,-3.58122873025148e-06,3.40586721849129e-06,Head/shoulder zoom (x ≥ 4.97)
16.0019569471624,24 h,Tam-only,-4.84297450842405e-07,-6.96382515546808e-06,5.03892397569567e-06,Head/shoulder zoom (x ≥ 4.97)
16.0019569471624,4 h,Dox-only,2.88665660372328e-05,-1.19295430733779e-05,0.000110859348950328,Head/shoulder zoom (x ≥ 4.97)
16.0019569471624,4 h,Tam-only,-4.20777642430751e-06,-1.46506324495123e-05,3.48588088716343e-18,Head/shoulder zoom (x ≥ 4.97)
16.0352250489237,24 h,Dox-only,-7.21592268383415e-07,-5.43792221836084e-06,2.52351560457955e-06,Head/shoulder zoom (x ≥ 4.97)
16.0352250489237,24 h,Tam-only,6.5102407034635e-07,-4.74757457289242e-06,7.18661070748545e-06,Head/shoulder zoom (x ≥ 4.97)
16.0352250489237,4 h,Dox-only,2.82497877703575e-05,-1.25272847513942e-05,0.000108829202719691,Head/shoulder zoom (x ≥ 4.97)
16.0352250489237,4 h,Tam-only,-4.03621209348423e-06,-1.47244601447623e-05,4.07358493715779e-18,Head/shoulder zoom (x ≥ 4.97)
16.0684931506849,24 h,Dox-only,-1.76395353024383e-06,-7.87551336133332e-06,1.96853854163945e-06,Head/shoulder zoom (x ≥ 4.97)
16.0684931506849,24 h,Tam-only,1.74641159926199e-06,-2.63210982398088e-06,9.44976732502593e-06,Head/shoulder zoom (x ≥ 4.97)
16.0684931506849,4 h,Dox-only,2.68983863557995e-05,-1.27382620421562e-05,0.000103901483253493,Head/shoulder zoom (x ≥ 4.97)
16.0684931506849,4 h,Tam-only,-3.78797587053304e-06,-1.43870001800805e-05,5.20823757907544e-18,Head/shoulder zoom (x ≥ 4.97)
16.1017612524462,24 h,Dox-only,-2.97327843851323e-06,-1.09230523275225e-05,1.50146806535461e-06,Head/shoulder zoom (x ≥ 4.97)
16.1017612524462,24 h,Tam-only,2.82564942796572e-06,-1.91172839007167e-06,1.23477470342147e-05,Head/shoulder zoom (x ≥ 4.97)
16.1017612524462,4 h,Dox-only,2.50009934508587e-05,-1.24942406424197e-05,9.67498155759021e-05,Head/shoulder zoom (x ≥ 4.97)
16.1017612524462,4 h,Tam-only,-3.46011358856145e-06,-1.35217364735369e-05,7.21570068415432e-18,Head/shoulder zoom (x ≥ 4.97)
16.1350293542074,24 h,Dox-only,-4.37707185179525e-06,-1.46577104520458e-05,1.10881042748548e-06,Head/shoulder zoom (x ≥ 4.97)
16.1350293542074,24 h,Tam-only,3.88474781383271e-06,-1.35891023268009e-06,1.53700939415986e-05,Head/shoulder zoom (x ≥ 4.97)
16.1350293542074,4 h,Dox-only,2.27526081968843e-05,-1.17497189528582e-05,8.80563736630658e-05,Head/shoulder zoom (x ≥ 4.97)
16.1350293542074,4 h,Tam-only,-3.05193306240082e-06,-1.21593978636322e-05,9.22369707087968e-19,Head/shoulder zoom (x ≥ 4.97)
16.1682974559687,24 h,Dox-only,-5.99709194632052e-06,-1.91282938073883e-05,8.00044688333374e-07,Head/shoulder zoom (x ≥ 4.97)
16.1682974559687,24 h,Tam-only,4.90985073853704e-06,-9.4500516704109e-07,1.84522655836927e-05,Head/shoulder zoom (x ≥ 4.97)
16.1682974559687,4 h,Dox-only,2.0339569762833e-05,-1.04884201253016e-05,7.84854552953033e-05,Head/shoulder zoom (x ≥ 4.97)
16.1682974559687,4 h,Tam-only,-2.56631660190725e-06,-1.03404301702865e-05,-7.90637130824924e-19,Head/shoulder zoom (x ≥ 4.97)
16.2015655577299,24 h,Dox-only,-7.84368411107523e-06,-2.43249535681117e-05,5.72996738224649e-07,Head/shoulder zoom (x ≥ 4.97)
16.2015655577299,24 h,Tam-only,5.87623634359856e-06,-6.42680914429544e-07,2.14851457878097e-05,Head/shoulder zoom (x ≥ 4.97)
16.2015655577299,4 h,Dox-only,1.79267667522676e-05,-8.69675001753226e-06,6.86960712965839e-05,Head/shoulder zoom (x ≥ 4.97)
16.2015655577299,4 h,Tam-only,-2.01074242481226e-06,-8.02233651879881e-06,0,Head/shoulder zoom (x ≥ 4.97)
16.2348336594912,24 h,Dox-only,-9.88612341736334e-06,-3.02001858437904e-05,4.06968493525523e-07,Head/shoulder zoom (x ≥ 4.97)
16.2348336594912,24 h,Tam-only,6.74856738781562e-06,-4.2728928837219e-07,2.42912498466783e-05,Head/shoulder zoom (x ≥ 4.97)
16.2348336594912,4 h,Dox-only,1.56478920057037e-05,-6.46760090857084e-06,5.92154788473735e-05,Head/shoulder zoom (x ≥ 4.97)
16.2348336594912,4 h,Tam-only,-1.3978901732347e-06,-5.37285255053459e-06,1.92900080015311e-18,Head/shoulder zoom (x ≥ 4.97)
16.2681017612524,24 h,Dox-only,-1.21074618020811e-05,-3.6663759829999e-05,2.87459292601392e-07,Head/shoulder zoom (x ≥ 4.97)
16.2681017612524,24 h,Tam-only,7.48244622999334e-06,-2.76287997034191e-07,2.67084025756276e-05,Head/shoulder zoom (x ≥ 4.97)
16.2681017612524,4 h,Dox-only,1.36616067279697e-05,-3.89958372388415e-06,5.04039519232022e-05,Head/shoulder zoom (x ≥ 4.97)
16.2681017612524,4 h,Tam-only,-6.83426912403154e-07,-2.56828428756455e-06,4.17098611741549e-19,Head/shoulder zoom (x ≥ 4.97)
16.3013698630137,24 h,Dox-only,-1.44554489836521e-05,-4.36033686558138e-05,1.98454703029395e-07,Head/shoulder zoom (x ≥ 4.97)
16.3013698630137,24 h,Tam-only,8.03038782737781e-06,-1.73658111434927e-07,2.84897595548424e-05,Head/shoulder zoom (x ≥ 4.97)
16.3013698630137,4 h,Dox-only,1.19501023416547e-05,-1.05378979970682e-06,4.25506871887689e-05,Head/shoulder zoom (x ≥ 4.97)
16.3013698630137,4 h,Tam-only,7.14940230459686e-08,-3.39296259268627e-07,8.12676754066985e-07,Head/shoulder zoom (x ≥ 4.97)
16.334637964775,24 h,Dox-only,-1.68448428328586e-05,-5.07265940501358e-05,1.3228403270711e-07,Head/shoulder zoom (x ≥ 4.97)
16.334637964775,24 h,Tam-only,8.30895568938159e-06,-1.09687741614643e-07,2.93246455514053e-05,Head/shoulder zoom (x ≥ 4.97)
16.334637964775,4 h,Dox-only,1.05227983142502e-05,0,3.55144131958031e-05,Head/shoulder zoom (x ≥ 4.97)
16.334637964775,4 h,Tam-only,7.17696281169216e-07,-2.0636842197681e-07,3.61213392217974e-06,Head/shoulder zoom (x ≥ 4.97)
16.3679060665362,24 h,Dox-only,-1.91734726745265e-05,-5.76827150762613e-05,8.54451149390819e-08,Head/shoulder zoom (x ≥ 4.97)
16.3679060665362,24 h,Tam-only,8.2413702947821e-06,-6.84015004023929e-08,2.90583254591872e-05,Head/shoulder zoom (x ≥ 4.97)
16.3679060665362,4 h,Dox-only,9.36430548830626e-06,-1.0517986187686e-18,3.00782267212022e-05,Head/shoulder zoom (x ≥ 4.97)
16.3679060665362,4 h,Tam-only,1.30518658649464e-06,-1.38459181831537e-07,6.40707459381543e-06,Head/shoulder zoom (x ≥ 4.97)
16.4011741682975,24 h,Dox-only,-2.12613508953961e-05,-6.39944633028817e-05,5.34670867420271e-08,Head/shoulder zoom (x ≥ 4.97)
16.4011741682975,24 h,Tam-only,7.83311114668901e-06,-4.17232243030339e-08,2.76921608520017e-05,Head/shoulder zoom (x ≥ 4.97)
16.4011741682975,4 h,Dox-only,8.43448581735687e-06,-3.83202020923281e-18,2.55861954425413e-05,Head/shoulder zoom (x ≥ 4.97)
16.4011741682975,4 h,Tam-only,1.81227926974032e-06,-9.08622513792737e-08,8.60565129174434e-06,Head/shoulder zoom (x ≥ 4.97)
16.4344422700587,24 h,Dox-only,-2.29438943130194e-05,-6.91005505147794e-05,3.27216917935543e-08,Head/shoulder zoom (x ≥ 4.97)
16.4344422700587,24 h,Tam-only,7.08006125782452e-06,-2.48799057084213e-08,2.51196049889473e-05,Head/shoulder zoom (x ≥ 4.97)
16.4344422700587,4 h,Dox-only,7.6837865502921e-06,-1.00448931382943e-18,2.12965978606084e-05,Head/shoulder zoom (x ≥ 4.97)
16.4344422700587,4 h,Tam-only,2.2224553235785e-06,-5.83117985328865e-08,1.05209913409585e-05,Head/shoulder zoom (x ≥ 4.97)
16.46771037182,24 h,Dox-only,-2.40596079012365e-05,-7.24993984950809e-05,1.95819636009586e-08,Head/shoulder zoom (x ≥ 4.97)
16.46771037182,24 h,Tam-only,5.99506700344904e-06,-1.4496721928194e-08,2.13740571836845e-05,Head/shoulder zoom (x ≥ 4.97)
16.46771037182,4 h,Dox-only,7.06038777569737e-06,-6.55107792805104e-19,1.76575303417767e-05,Head/shoulder zoom (x ≥ 4.97)
16.46771037182,4 h,Tam-only,2.52519553083304e-06,-3.65901266586255e-08,1.18236434797284e-05,Head/shoulder zoom (x ≥ 4.97)
16.5009784735812,24 h,Dox-only,-2.44585200357373e-05,-7.3732623337439e-05,1.14749134730717e-08,Head/shoulder zoom (x ≥ 4.97)
16.5009784735812,24 h,Tam-only,4.61369836232715e-06,-8.25027033534116e-09,1.65709312673256e-05,Head/shoulder zoom (x ≥ 4.97)
16.5009784735812,4 h,Dox-only,6.51611117226628e-06,-1.17946545255863e-18,1.70762629934554e-05,Head/shoulder zoom (x ≥ 4.97)
16.5009784735812,4 h,Tam-only,2.71634953218316e-06,-2.24454459849976e-08,1.26096798775493e-05,Head/shoulder zoom (x ≥ 4.97)
16.5342465753425,24 h,Dox-only,-2.4011788023186e-05,-7.24224704558914e-05,6.81225355916142e-09,Head/shoulder zoom (x ≥ 4.97)
16.5342465753425,24 h,Tam-only,2.99307849660632e-06,-4.58461796027423e-09,1.09044084344994e-05,Head/shoulder zoom (x ≥ 4.97)
16.5342465753425,4 h,Dox-only,6.01079874118583e-06,-5.67244490769112e-18,1.65511821682674e-05,Head/shoulder zoom (x ≥ 4.97)
16.5342465753425,4 h,Tam-only,2.7980661593303e-06,-1.39962747329202e-08,1.28954797899903e-05,Head/shoulder zoom (x ≥ 4.97)
16.5675146771037,24 h,Dox-only,-2.26220602536506e-05,-6.82808903777986e-05,4.04180831054239e-09,Head/shoulder zoom (x ≥ 4.97)
16.5675146771037,24 h,Tam-only,1.20877148790315e-06,-2.48692378360613e-09,4.63860985986233e-06,Head/shoulder zoom (x ≥ 4.97)
16.5675146771037,4 h,Dox-only,5.51501045987721e-06,-4.65400187472889e-18,1.60393031529462e-05,Head/shoulder zoom (x ≥ 4.97)
16.5675146771037,4 h,Tam-only,2.77830819194172e-06,-8.89085598292101e-09,1.27241721984906e-05,Head/shoulder zoom (x ≥ 4.97)
16.600782778865,24 h,Dox-only,-2.03061141711962e-05,-6.12707099356934e-05,2.35557135674595e-09,Head/shoulder zoom (x ≥ 4.97)
16.600782778865,24 h,Tam-only,-6.500915146521e-07,-2.23061003601554e-06,-4.99315784748056e-16,Head/shoulder zoom (x ≥ 4.97)
16.600782778865,4 h,Dox-only,4.98718866969797e-06,-4.44042013589043e-20,1.47245424677649e-05,Head/shoulder zoom (x ≥ 4.97)
16.600782778865,4 h,Tam-only,2.64306952563683e-06,-5.42509387488443e-09,1.21150403369105e-05,Head/shoulder zoom (x ≥ 4.97)
16.6340508806262,24 h,Dox-only,-1.71010628834806e-05,-5.15713021269201e-05,1.33646900107641e-09,Head/shoulder zoom (x ≥ 4.97)
16.6340508806262,24 h,Tam-only,-2.55449743836266e-06,-8.85210894727816e-06,-1.69289372961447e-16,Head/shoulder zoom (x ≥ 4.97)
16.6340508806262,4 h,Dox-only,4.45767798813068e-06,-5.24920260562544e-18,1.33007941414873e-05,Head/shoulder zoom (x ≥ 4.97)
16.6340508806262,4 h,Tam-only,2.42542660340328e-06,-3.12210392359719e-09,1.11481933789649e-05,Head/shoulder zoom (x ≥ 4.97)
16.6673189823875,24 h,Dox-only,-1.31031112329561e-05,-3.94839118838666e-05,7.27029289041665e-10,Head/shoulder zoom (x ≥ 4.97)
16.6673189823875,24 h,Tam-only,-4.3330640962339e-06,-1.49608170698017e-05,-6.46993003793465e-17,Head/shoulder zoom (x ≥ 4.97)
16.6673189823875,4 h,Dox-only,3.92430209501768e-06,-1.20807910516748e-17,1.17179791720252e-05,Head/shoulder zoom (x ≥ 4.97)
16.6673189823875,4 h,Tam-only,2.17903630062125e-06,-1.75081520863349e-09,1.00158464951451e-05,Head/shoulder zoom (x ≥ 4.97)
16.7005870841487,24 h,Dox-only,-8.37337349415856e-06,-2.54224014042052e-05,3.83270012966726e-10,Head/shoulder zoom (x ≥ 4.97)
16.7005870841487,24 h,Tam-only,-5.76788114756993e-06,-2.03088148530093e-05,-1.01901639777386e-17,Head/shoulder zoom (x ≥ 4.97)
16.7005870841487,4 h,Dox-only,3.39720604707604e-06,-6.75770867373639e-18,1.01916166181888e-05,Head/shoulder zoom (x ≥ 4.97)
16.7005870841487,4 h,Tam-only,1.91187808416852e-06,-9.60050207809094e-10,8.57430040481478e-06,Head/shoulder zoom (x ≥ 4.97)
16.73385518591,24 h,Dox-only,-3.24063068848094e-06,-9.89402111184633e-06,1.96093103747975e-10,Head/shoulder zoom (x ≥ 4.97)
16.73385518591,24 h,Tam-only,-6.9089310998175e-06,-2.43151602112882e-05,-8.33650195917053e-18,Head/shoulder zoom (x ≥ 4.97)
16.73385518591,4 h,Dox-only,2.88824034109383e-06,-5.75547112059235e-18,8.74216915594532e-06,Head/shoulder zoom (x ≥ 4.97)
16.73385518591,4 h,Tam-only,1.63952007630719e-06,-5.14617819869107e-10,7.16334911010418e-06,Head/shoulder zoom (x ≥ 4.97)
16.7671232876712,24 h,Dox-only,2.04433853641625e-06,-1.84209224419526e-17,6.10610844445404e-06,Head/shoulder zoom (x ≥ 4.97)
16.7671232876712,24 h,Tam-only,-7.72186785459159e-06,-2.71714461372979e-05,4.3726876668323e-18,Head/shoulder zoom (x ≥ 4.97)
16.7671232876712,4 h,Dox-only,2.40904040480448e-06,-1.59345065153514e-17,7.3414963823864e-06,Head/shoulder zoom (x ≥ 4.97)
16.7671232876712,4 h,Tam-only,1.37471114815846e-06,-2.69589826844806e-10,5.90688681685656e-06,Head/shoulder zoom (x ≥ 4.97)
16.8003913894325,24 h,Dox-only,7.22019613646515e-06,-8.45409850497897e-18,2.1734115005283e-05,Head/shoulder zoom (x ≥ 4.97)
16.8003913894325,24 h,Tam-only,-8.19578178335567e-06,-2.88387601903613e-05,4.53839321080542e-18,Head/shoulder zoom (x ≥ 4.97)
16.8003913894325,4 h,Dox-only,1.96958460182253e-06,-5.46493571696803e-18,6.02489574439292e-06,Head/shoulder zoom (x ≥ 4.97)
16.8003913894325,4 h,Tam-only,1.12720624557722e-06,-1.37992206581094e-10,4.80195175161595e-06,Head/shoulder zoom (x ≥ 4.97)
16.8336594911937,24 h,Dox-only,1.20345421788157e-05,0,3.62556022303735e-05,Head/shoulder zoom (x ≥ 4.97)
16.8336594911937,24 h,Tam-only,-8.34179261658939e-06,-2.93552416711152e-05,2.29364289382899e-18,Head/shoulder zoom (x ≥ 4.97)
16.8336594911937,4 h,Dox-only,1.57724974586233e-06,-4.12694651168858e-19,4.83822514650944e-06,Head/shoulder zoom (x ≥ 4.97)
16.8336594911937,4 h,Tam-only,9.03793489097432e-07,-6.99440186691639e-11,3.82149597029459e-06,Head/shoulder zoom (x ≥ 4.97)
16.866927592955,24 h,Dox-only,1.62129825247437e-05,-1.03145005640204e-19,4.8989507591352e-05,Head/shoulder zoom (x ≥ 4.97)
16.866927592955,24 h,Tam-only,-8.19007172412602e-06,-2.88768828713287e-05,0,Head/shoulder zoom (x ≥ 4.97)
16.866927592955,4 h,Dox-only,1.23634766007027e-06,-1.1764217908214e-18,3.8144964859916e-06,Head/shoulder zoom (x ≥ 4.97)
16.866927592955,4 h,Tam-only,7.08486556561768e-07,-3.69081463381588e-11,2.97624385135124e-06,Head/shoulder zoom (x ≥ 4.97)
16.9001956947162,24 h,Dox-only,1.95741298471282e-05,0,5.91665819317185e-05,Head/shoulder zoom (x ≥ 4.97)
16.9001956947162,24 h,Tam-only,-7.78567490508281e-06,-2.75090494848583e-05,1.00909006969004e-18,Head/shoulder zoom (x ≥ 4.97)
16.9001956947162,4 h,Dox-only,9.40869889506848e-07,-4.63429131199484e-19,2.94969522471209e-06,Head/shoulder zoom (x ≥ 4.97)
16.9001956947162,4 h,Tam-only,5.35629508051112e-07,-1.86907428363912e-11,2.26747458502714e-06,Head/shoulder zoom (x ≥ 4.97)
16.9334637964775,24 h,Dox-only,2.20659342016334e-05,-4.04915655275443e-19,6.66220468381214e-05,Head/shoulder zoom (x ≥ 4.97)
16.9334637964775,24 h,Tam-only,-7.18360596756149e-06,-2.53328758489117e-05,2.39243023887816e-19,Head/shoulder zoom (x ≥ 4.97)
16.9334637964775,4 h,Dox-only,6.95522451727848e-07,-5.16234435987511e-18,2.24284865923799e-06,Head/shoulder zoom (x ≥ 4.97)
16.9334637964775,4 h,Tam-only,3.80686436768222e-07,-8.8202021292972e-12,1.67058138092083e-06,Head/shoulder zoom (x ≥ 4.97)
16.9667318982387,24 h,Dox-only,2.36424551540015e-05,-1.64915826241041e-19,7.13020471304278e-05,Head/shoulder zoom (x ≥ 4.97)
16.9667318982387,24 h,Tam-only,-6.39632528486574e-06,-2.2649884126421e-05,4.00977686740158e-20,Head/shoulder zoom (x ≥ 4.97)
16.9667318982387,4 h,Dox-only,5.15114866709227e-07,-3.9576595900192e-18,1.6700476620027e-06,Head/shoulder zoom (x ≥ 4.97)
16.9667318982387,4 h,Tam-only,2.73960508543234e-07,-4.31256415591416e-12,1.20465136110739e-06,Head/shoulder zoom (x ≥ 4.97)
17,24 h,Dox-only,2.43070572116497e-05,-4.25193975574308e-19,7.32529559994319e-05,Head/shoulder zoom (x ≥ 4.97)
17,24 h,Tam-only,-5.54030184415759e-06,-1.97737167389132e-05,6.31182655693736e-18,Head/shoulder zoom (x ≥ 4.97)
17,4 h,Dox-only,3.73929014361059e-07,-7.61754433916485e-18,1.21786260616286e-06,Head/shoulder zoom (x ≥ 4.97)
17,4 h,Tam-only,1.98425936373671e-07,-2.09483547561748e-12,8.26010278390317e-07,Head/shoulder zoom (x ≥ 4.97)
