timepoint	condition	x	density
4h	Ctrl	0.0	0.013696476530626037
4h	Ctrl	0.021505376344086023	0.013939411748790919
4h	Ctrl	0.043010752688172046	0.014132054348805542
4h	Ctrl	0.06451612903225806	0.01427945877797019
4h	Ctrl	0.08602150537634409	0.014387959924512264
4h	Ctrl	0.10752688172043012	0.014465117556974704
4h	Ctrl	0.12903225806451613	0.014519152566742277
4h	Ctrl	0.15053763440860216	0.014558875804204162
4h	Ctrl	0.17204301075268819	0.014594121072111738
4h	Ctrl	0.19354838709677422	0.01463591665264942
4h	Ctrl	0.21505376344086025	0.014687036345435714
4h	Ctrl	0.23655913978494625	0.014756249119467322
4h	Ctrl	0.25806451612903225	0.014850326757719867
4h	Ctrl	0.2795698924731183	0.01497420160304833
4h	Ctrl	0.3010752688172043	0.015131547299207465
4h	Ctrl	0.32258064516129037	0.015324750598120555
4h	Ctrl	0.34408602150537637	0.01555490447214856
4h	Ctrl	0.3655913978494624	0.01582201455407476
4h	Ctrl	0.38709677419354843	0.016125103195636942
4h	Ctrl	0.40860215053763443	0.016463233409595178
4h	Ctrl	0.4301075268817205	0.01683698798652441
4h	Ctrl	0.4516129032258065	0.01723990400078134
4h	Ctrl	0.4731182795698925	0.017669981507655124
4h	Ctrl	0.49462365591397855	0.01812502557749188
4h	Ctrl	0.5161290322580645	0.018603286066589533
4h	Ctrl	0.5376344086021506	0.019103050520387254
4h	Ctrl	0.5591397849462366	0.019622793230756205
4h	Ctrl	0.5806451612903226	0.020161434125000367
4h	Ctrl	0.6021505376344086	0.020718188465041226
4h	Ctrl	0.6236559139784946	0.021293913243531762
4h	Ctrl	0.6451612903225807	0.02188868152301
4h	Ctrl	0.6666666666666667	0.022502452800561432
4h	Ctrl	0.6881720430107527	0.023131630352934772
4h	Ctrl	0.7096774193548387	0.023778009437202034
4h	Ctrl	0.7311827956989247	0.02444161047710895
4h	Ctrl	0.7526881720430109	0.0251218615698712
4h	Ctrl	0.7741935483870969	0.025818212788162483
4h	Ctrl	0.7956989247311829	0.02653000616752662
4h	Ctrl	0.8172043010752689	0.027258393870817542
4h	Ctrl	0.8387096774193549	0.028002220606929126
4h	Ctrl	0.860215053763441	0.02875712339036631
4h	Ctrl	0.881720430107527	0.02952345704906419
4h	Ctrl	0.903225806451613	0.030300942922047023
4h	Ctrl	0.924731182795699	0.0310889218725481
4h	Ctrl	0.946236559139785	0.03188682854496207
4h	Ctrl	0.967741935483871	0.032695124423909205
4h	Ctrl	0.9892473118279571	0.03351489927396656
4h	Ctrl	1.010752688172043	0.03434177694158127
4h	Ctrl	1.032258064516129	0.035181554354191916
4h	Ctrl	1.0537634408602152	0.03603127774677217
4h	Ctrl	1.0752688172043012	0.03689130921909758
4h	Ctrl	1.0967741935483872	0.03776198366919571
4h	Ctrl	1.1182795698924732	0.03864481385204068
4h	Ctrl	1.1397849462365592	0.039540800082122074
4h	Ctrl	1.1612903225806452	0.040447230066845204
4h	Ctrl	1.1827956989247312	0.04136313842501507
4h	Ctrl	1.2043010752688172	0.04228915184293353
4h	Ctrl	1.2258064516129032	0.04322445564732006
4h	Ctrl	1.2473118279569892	0.044168841430576575
4h	Ctrl	1.2688172043010755	0.045121388580186515
4h	Ctrl	1.2903225806451615	0.04607966235298749
4h	Ctrl	1.3118279569892475	0.047040625095536706
4h	Ctrl	1.3333333333333335	0.04800334747222387
4h	Ctrl	1.3548387096774195	0.04896579570112548
4h	Ctrl	1.3763440860215055	0.04992680975988379
4h	Ctrl	1.3978494623655915	0.05088517701661712
4h	Ctrl	1.4193548387096775	0.051835711572384584
4h	Ctrl	1.4408602150537635	0.05277633462657374
4h	Ctrl	1.4623655913978495	0.05370541423315429
4h	Ctrl	1.4838709677419355	0.054621436945289474
4h	Ctrl	1.5053763440860217	0.05552159376597791
4h	Ctrl	1.5268817204301077	0.05640342883379864
4h	Ctrl	1.5483870967741937	0.05726605979014231
4h	Ctrl	1.5698924731182797	0.05810625162569567
4h	Ctrl	1.5913978494623657	0.05892382569262068
4h	Ctrl	1.6129032258064517	0.05971751183826306
4h	Ctrl	1.6344086021505377	0.060483092771106306
4h	Ctrl	1.6559139784946237	0.06122009691424553
4h	Ctrl	1.6774193548387097	0.06192835710461219
4h	Ctrl	1.6989247311827957	0.06260877866610633
4h	Ctrl	1.720430107526882	0.06325918239277731
4h	Ctrl	1.741935483870968	0.06387856415809633
4h	Ctrl	1.763440860215054	0.06446752739151243
4h	Ctrl	1.78494623655914	0.06502711004681566
4h	Ctrl	1.806451612903226	0.06555910291564113
4h	Ctrl	1.827956989247312	0.06605981457706779
4h	Ctrl	1.849462365591398	0.06653176447419411
4h	Ctrl	1.870967741935484	0.06697574182394422
4h	Ctrl	1.89247311827957	0.06739257832976361
4h	Ctrl	1.913978494623656	0.0677836095046346
4h	Ctrl	1.935483870967742	0.0681505394355856
4h	Ctrl	1.9569892473118282	0.06849433118237995
4h	Ctrl	1.9784946236559142	0.0688157457818546
4h	Ctrl	2.0	0.06911452111658395
4h	Ctrl	2.021505376344086	0.06939306410341414
4h	Ctrl	2.043010752688172	0.06965533663481527
4h	Ctrl	2.064516129032258	0.06989911987396093
4h	Ctrl	2.0860215053763445	0.07012756133461645
4h	Ctrl	2.1075268817204305	0.07034390466874162
4h	Ctrl	2.1290322580645165	0.07054926644922782
4h	Ctrl	2.1505376344086025	0.0707437743049708
4h	Ctrl	2.1720430107526885	0.0709304362430549
4h	Ctrl	2.1935483870967745	0.07110965921713719
4h	Ctrl	2.2150537634408605	0.07128652015382188
4h	Ctrl	2.2365591397849465	0.07146095670500319
4h	Ctrl	2.2580645161290325	0.07163407669266664
4h	Ctrl	2.2795698924731185	0.07180416476004839
4h	Ctrl	2.3010752688172045	0.0719736086634704
4h	Ctrl	2.3225806451612905	0.07214244098815045
4h	Ctrl	2.3440860215053765	0.07230852712439645
4h	Ctrl	2.3655913978494625	0.07247260755090759
4h	Ctrl	2.3870967741935485	0.07263351859056648
4h	Ctrl	2.4086021505376345	0.07278787410681939
4h	Ctrl	2.4301075268817205	0.0729340380896341
4h	Ctrl	2.4516129032258065	0.07307307615287122
4h	Ctrl	2.4731182795698925	0.0732019283557555
4h	Ctrl	2.4946236559139785	0.07331911045423549
4h	Ctrl	2.5161290322580645	0.0734201538562224
4h	Ctrl	2.537634408602151	0.07350559912931508
4h	Ctrl	2.559139784946237	0.0735722320800337
4h	Ctrl	2.580645161290323	0.07362008001276457
4h	Ctrl	2.602150537634409	0.07364869594534489
4h	Ctrl	2.623655913978495	0.07365601044280848
4h	Ctrl	2.645161290322581	0.07364452777213137
4h	Ctrl	2.666666666666667	0.07361373425590922
4h	Ctrl	2.688172043010753	0.07356920813928759
4h	Ctrl	2.709677419354839	0.07350913817532485
4h	Ctrl	2.731182795698925	0.0734356001748047
4h	Ctrl	2.752688172043011	0.07335095265538845
4h	Ctrl	2.774193548387097	0.0732575154172636
4h	Ctrl	2.795698924731183	0.07315760833491504
4h	Ctrl	2.817204301075269	0.07305237804118461
4h	Ctrl	2.838709677419355	0.07294565206982814
4h	Ctrl	2.860215053763441	0.07284220801760488
4h	Ctrl	2.881720430107527	0.07274058788814189
4h	Ctrl	2.903225806451613	0.0726422189372307
4h	Ctrl	2.924731182795699	0.07254755345527968
4h	Ctrl	2.946236559139785	0.07245738128468894
4h	Ctrl	2.967741935483871	0.07237043422918167
4h	Ctrl	2.9892473118279574	0.07228628862708135
4h	Ctrl	3.0107526881720434	0.07220440219974501
4h	Ctrl	3.0322580645161294	0.0721260655602982
4h	Ctrl	3.0537634408602155	0.07204658708987154
4h	Ctrl	3.0752688172043015	0.07196451209425422
4h	Ctrl	3.0967741935483875	0.07187724342335834
4h	Ctrl	3.1182795698924735	0.0717815785205928
4h	Ctrl	3.1397849462365595	0.07167516144494042
4h	Ctrl	3.1612903225806455	0.07155830513199958
4h	Ctrl	3.1827956989247315	0.07142847155607379
4h	Ctrl	3.2043010752688175	0.07128224793183421
4h	Ctrl	3.2258064516129035	0.0711168620332597
4h	Ctrl	3.2473118279569895	0.0709309718969284
4h	Ctrl	3.2688172043010755	0.07072330936275127
4h	Ctrl	3.2903225806451615	0.07049360330404625
4h	Ctrl	3.3118279569892475	0.07024258893249048
4h	Ctrl	3.3333333333333335	0.0699683374779017
4h	Ctrl	3.3548387096774195	0.06967098488502527
4h	Ctrl	3.3763440860215055	0.06935006009510021
4h	Ctrl	3.3978494623655915	0.06900708398164387
4h	Ctrl	3.4193548387096775	0.06864573951515243
4h	Ctrl	3.440860215053764	0.06826694679544221
4h	Ctrl	3.46236559139785	0.0678717816221588
4h	Ctrl	3.483870967741936	0.06746250194758237
4h	Ctrl	3.505376344086022	0.06704094334016328
4h	Ctrl	3.526881720430108	0.06661303128738787
4h	Ctrl	3.548387096774194	0.06618037591628219
4h	Ctrl	3.56989247311828	0.06574523949150654
4h	Ctrl	3.591397849462366	0.06531036443934482
4h	Ctrl	3.612903225806452	0.06487810786756032
4h	Ctrl	3.634408602150538	0.0644545628965092
4h	Ctrl	3.655913978494624	0.06404062839787654
4h	Ctrl	3.67741935483871	0.0636382074334663
4h	Ctrl	3.698924731182796	0.06324809564250629
4h	Ctrl	3.720430107526882	0.06287386238866999
4h	Ctrl	3.741935483870968	0.0625177353751697
4h	Ctrl	3.763440860215054	0.0621796661501096
4h	Ctrl	3.78494623655914	0.0618595006878533
4h	Ctrl	3.806451612903226	0.06155736007089326
4h	Ctrl	3.827956989247312	0.06127740475681157
4h	Ctrl	3.849462365591398	0.06101673897436391
4h	Ctrl	3.870967741935484	0.06077452877697852
4h	Ctrl	3.89247311827957	0.06055118242433878
4h	Ctrl	3.9139784946236564	0.060347660835573094
4h	Ctrl	3.9354838709677424	0.06016184656466343
4h	Ctrl	3.9569892473118284	0.05999222166580173
4h	Ctrl	3.9784946236559144	0.0598384226444297
4h	Ctrl	4.0	0.059701425845311545
4h	Ctrl	4.021505376344086	0.059578752294865395
4h	Ctrl	4.043010752688172	0.05946715446501101
4h	Ctrl	4.064516129032258	0.05936950104427866
4h	Ctrl	4.086021505376344	0.05928216759868324
4h	Ctrl	4.10752688172043	0.05920260457320738
4h	Ctrl	4.129032258064516	0.05913057942016344
4h	Ctrl	4.150537634408603	0.05906530091485093
4h	Ctrl	4.172043010752689	0.059002382353882
4h	Ctrl	4.193548387096775	0.058940394087953825
4h	Ctrl	4.215053763440861	0.058878434957120626
4h	Ctrl	4.236559139784947	0.05881281666900382
4h	Ctrl	4.258064516129033	0.05874109684064283
4h	Ctrl	4.279569892473119	0.05866330911340204
4h	Ctrl	4.301075268817205	0.05857487074248124
4h	Ctrl	4.322580645161291	0.05847486274946867
4h	Ctrl	4.344086021505377	0.05836282988540953
4h	Ctrl	4.365591397849463	0.05823573197906388
4h	Ctrl	4.387096774193549	0.05809257149330616
4h	Ctrl	4.408602150537635	0.05793430178724471
4h	Ctrl	4.430107526881721	0.05775867858348183
4h	Ctrl	4.451612903225807	0.057567557895158224
4h	Ctrl	4.473118279569893	0.05736136935080493
4h	Ctrl	4.494623655913979	0.05714045944112569
4h	Ctrl	4.516129032258065	0.056908165123661196
4h	Ctrl	4.537634408602151	0.05666419486415384
4h	Ctrl	4.559139784946237	0.0564128595604807
4h	Ctrl	4.580645161290323	0.05615570871673128
4h	Ctrl	4.602150537634409	0.055895629475046976
4h	Ctrl	4.623655913978495	0.05563640033150226
4h	Ctrl	4.645161290322581	0.05537947555490241
4h	Ctrl	4.666666666666667	0.055130003452683
4h	Ctrl	4.688172043010753	0.05488923644508814
4h	Ctrl	4.709677419354839	0.054660183333003404
4h	Ctrl	4.731182795698925	0.05444559603149314
4h	Ctrl	4.752688172043011	0.054246857827282
4h	Ctrl	4.774193548387097	0.05406581561650187
4h	Ctrl	4.795698924731183	0.05390357756801477
4h	Ctrl	4.817204301075269	0.05376034647587499
4h	Ctrl	4.838709677419355	0.05363628446574437
4h	Ctrl	4.860215053763441	0.0535302858432767
4h	Ctrl	4.881720430107527	0.053442190647187096
4h	Ctrl	4.903225806451613	0.05336930540160847
4h	Ctrl	4.924731182795699	0.05331064640599477
4h	Ctrl	4.946236559139785	0.05326263272727041
4h	Ctrl	4.967741935483871	0.053223086402755526
4h	Ctrl	4.989247311827957	0.05318907147220959
4h	Ctrl	5.010752688172043	0.05315797818766443
4h	Ctrl	5.032258064516129	0.05312564002037607
4h	Ctrl	5.053763440860216	0.05308988710837195
4h	Ctrl	5.075268817204302	0.0530474410998609
4h	Ctrl	5.096774193548388	0.05299624653581672
4h	Ctrl	5.118279569892474	0.052933749115596174
4h	Ctrl	5.13978494623656	0.05285844434927709
4h	Ctrl	5.161290322580646	0.05276894160704309
4h	Ctrl	5.182795698924732	0.052664958419787654
4h	Ctrl	5.204301075268818	0.05254548985358144
4h	Ctrl	5.225806451612904	0.05241205051933025
4h	Ctrl	5.24731182795699	0.05226386787298687
4h	Ctrl	5.268817204301076	0.052102877757435266
4h	Ctrl	5.290322580645162	0.05193113051947337
4h	Ctrl	5.311827956989248	0.05175025547246379
4h	Ctrl	5.333333333333334	0.05156289198145808
4h	Ctrl	5.35483870967742	0.051371933044742434
4h	Ctrl	5.376344086021506	0.05118025452031621
4h	Ctrl	5.397849462365592	0.05099000282815165
4h	Ctrl	5.419354838709678	0.05080509816485533
4h	Ctrl	5.440860215053764	0.050628442835477204
4h	Ctrl	5.46236559139785	0.050462951697111416
4h	Ctrl	5.483870967741936	0.05031091174269441
4h	Ctrl	5.505376344086022	0.05017532089196205
4h	Ctrl	5.526881720430108	0.050058423855096616
4h	Ctrl	5.548387096774194	0.049962302091867694
4h	Ctrl	5.56989247311828	0.04988841463121388
4h	Ctrl	5.591397849462366	0.049837389158309084
4h	Ctrl	5.612903225806452	0.04981076494518569
4h	Ctrl	5.634408602150538	0.04980840198057839
4h	Ctrl	5.655913978494624	0.049830045686270384
4h	Ctrl	5.67741935483871	0.049874709375246414
4h	Ctrl	5.698924731182796	0.04994189541149942
4h	Ctrl	5.720430107526882	0.05003004729587342
4h	Ctrl	5.741935483870968	0.05013723273722033
4h	Ctrl	5.763440860215054	0.0502609147734202
4h	Ctrl	5.78494623655914	0.05039918364473177
4h	Ctrl	5.806451612903226	0.050549468314738666
4h	Ctrl	5.827956989247312	0.05070951870963179
4h	Ctrl	5.849462365591398	0.050876041094869685
4h	Ctrl	5.870967741935484	0.05104657726502276
4h	Ctrl	5.89247311827957	0.05121880036806488
4h	Ctrl	5.913978494623656	0.05139026041445038
4h	Ctrl	5.935483870967742	0.05155841176290901
4h	Ctrl	5.956989247311828	0.05172113176302628
4h	Ctrl	5.978494623655915	0.05187652877315117
4h	Ctrl	6.000000000000001	0.0520229273685809
4h	Ctrl	6.021505376344087	0.05215915074444504
4h	Ctrl	6.043010752688173	0.05228385549844631
4h	Ctrl	6.064516129032259	0.05239610145177022
4h	Ctrl	6.086021505376345	0.05249505822763159
4h	Ctrl	6.107526881720431	0.052580086581814844
4h	Ctrl	6.129032258064517	0.05265043656361551
4h	Ctrl	6.150537634408603	0.05270665237203938
4h	Ctrl	6.172043010752689	0.05274871581886117
4h	Ctrl	6.193548387096775	0.052776409527627625
4h	Ctrl	6.215053763440861	0.05279039827696664
4h	Ctrl	6.236559139784947	0.05279093330672472
4h	Ctrl	6.258064516129033	0.052779019533025585
4h	Ctrl	6.279569892473119	0.052755403148188856
4h	Ctrl	6.301075268817205	0.05272123944463367
4h	Ctrl	6.322580645161291	0.05267785381298206
4h	Ctrl	6.344086021505377	0.05262696874884562
4h	Ctrl	6.365591397849463	0.05257017802236321
4h	Ctrl	6.387096774193549	0.05250944949323566
4h	Ctrl	6.408602150537635	0.052446965375179636
4h	Ctrl	6.430107526881721	0.052384791783147956
4h	Ctrl	6.451612903225807	0.052324958905453335
4h	Ctrl	6.473118279569893	0.05226925302794991
4h	Ctrl	6.494623655913979	0.052220231614929905
4h	Ctrl	6.516129032258065	0.052180012216168054
4h	Ctrl	6.537634408602151	0.052150812727596516
4h	Ctrl	6.559139784946237	0.05213410445372109
4h	Ctrl	6.580645161290323	0.05213142000381871
4h	Ctrl	6.602150537634409	0.05214449148053763
4h	Ctrl	6.623655913978495	0.0521744383887684
4h	Ctrl	6.645161290322581	0.05222184423960517
4h	Ctrl	6.666666666666667	0.052287647533071496
4h	Ctrl	6.688172043010753	0.052372335446035354
4h	Ctrl	6.709677419354839	0.052476213016950345
4h	Ctrl	6.731182795698925	0.052599192283711765
4h	Ctrl	6.752688172043011	0.052742161327653705
4h	Ctrl	6.774193548387097	0.05290436145835281
4h	Ctrl	6.795698924731183	0.05308614417417309
4h	Ctrl	6.817204301075269	0.05328702223502389
4h	Ctrl	6.838709677419355	0.05350674959331416
4h	Ctrl	6.860215053763441	0.05374613364534931
4h	Ctrl	6.881720430107528	0.054004390008329045
4h	Ctrl	6.903225806451614	0.0542818059180583
4h	Ctrl	6.9247311827957	0.05457824427567272
4h	Ctrl	6.946236559139786	0.05489441481677253
4h	Ctrl	6.967741935483872	0.055230987463830705
4h	Ctrl	6.989247311827958	0.05558671007719297
4h	Ctrl	7.010752688172044	0.05596285589120266
4h	Ctrl	7.03225806451613	0.05635936908757363
4h	Ctrl	7.053763440860216	0.056776439598614004
4h	Ctrl	7.075268817204302	0.05721436222457222
4h	Ctrl	7.096774193548388	0.05767306474384318
4h	Ctrl	7.118279569892474	0.05815229792143286
4h	Ctrl	7.13978494623656	0.05865186860527296
4h	Ctrl	7.161290322580646	0.05917147546681895
4h	Ctrl	7.182795698924732	0.05971037980591467
4h	Ctrl	7.204301075268818	0.06026788052470307
4h	Ctrl	7.225806451612904	0.06084334218565136
4h	Ctrl	7.24731182795699	0.061435806663486345
4h	Ctrl	7.268817204301076	0.062044448204056954
4h	Ctrl	7.290322580645162	0.06266726331614503
4h	Ctrl	7.311827956989248	0.06330355257043947
4h	Ctrl	7.333333333333334	0.06395222416735744
4h	Ctrl	7.35483870967742	0.06461124675332744
4h	Ctrl	7.376344086021506	0.06527968362139176
4h	Ctrl	7.397849462365592	0.0659564176531196
4h	Ctrl	7.419354838709678	0.0666401029272108
4h	Ctrl	7.440860215053764	0.06732937184327867
4h	Ctrl	7.46236559139785	0.06802351752397912
4h	Ctrl	7.483870967741936	0.06872139482659971
4h	Ctrl	7.505376344086022	0.06942250435176693
4h	Ctrl	7.526881720430108	0.07012598318185116
4h	Ctrl	7.548387096774194	0.07083194497155156
4h	Ctrl	7.56989247311828	0.07154000318215474
4h	Ctrl	7.591397849462366	0.0722504785651122
4h	Ctrl	7.612903225806452	0.07296376189302584
4h	Ctrl	7.634408602150538	0.07367962033115007
4h	Ctrl	7.655913978494624	0.07439956141885584
4h	Ctrl	7.67741935483871	0.07512437337241519
4h	Ctrl	7.698924731182796	0.07585485056949742
4h	Ctrl	7.720430107526882	0.07659175875027589
4h	Ctrl	7.741935483870968	0.07733677403183156
4h	Ctrl	7.763440860215054	0.07809160210378216
4h	Ctrl	7.78494623655914	0.07885664709768989
4h	Ctrl	7.806451612903227	0.0796333684404259
4h	Ctrl	7.827956989247313	0.08042239665171602
4h	Ctrl	7.849462365591399	0.08122507694920103
4h	Ctrl	7.870967741935485	0.08204251013026974
4h	Ctrl	7.892473118279571	0.08287362875334797
4h	Ctrl	7.913978494623657	0.08372032821131833
4h	Ctrl	7.935483870967743	0.0845813477666725
4h	Ctrl	7.956989247311829	0.08545747810251621
4h	Ctrl	7.978494623655915	0.08634789015224688
4h	Ctrl	8.0	0.08725186106525343
4h	Ctrl	8.021505376344086	0.08816828876080784
4h	Ctrl	8.043010752688172	0.08909655919899849
4h	Ctrl	8.064516129032258	0.09003584919901185
4h	Ctrl	8.086021505376344	0.09098449345232908
4h	Ctrl	8.10752688172043	0.09194183141184466
4h	Ctrl	8.129032258064516	0.09290636333807717
4h	Ctrl	8.150537634408602	0.09387679990011298
4h	Ctrl	8.172043010752688	0.09485217611941256
4h	Ctrl	8.193548387096774	0.09583234941224618
4h	Ctrl	8.21505376344086	0.09681553457840515
4h	Ctrl	8.236559139784946	0.09780142048502818
4h	Ctrl	8.258064516129032	0.09878934780995723
4h	Ctrl	8.27956989247312	0.0997780996068868
4h	Ctrl	8.301075268817206	0.10076804247149537
4h	Ctrl	8.322580645161292	0.1017580662259338
4h	Ctrl	8.344086021505378	0.10274782949098156
4h	Ctrl	8.365591397849464	0.10373627763066555
4h	Ctrl	8.38709677419355	0.10472349440637711
4h	Ctrl	8.408602150537636	0.10570816971443825
4h	Ctrl	8.430107526881722	0.1066903804296663
4h	Ctrl	8.451612903225808	0.10766946713291116
4h	Ctrl	8.473118279569894	0.10864567286374324
4h	Ctrl	8.49462365591398	0.10961786565651989
4h	Ctrl	8.516129032258066	0.11058731524367885
4h	Ctrl	8.537634408602152	0.11155254308497987
4h	Ctrl	8.559139784946238	0.11251548453373808
4h	Ctrl	8.580645161290324	0.11347606251508732
4h	Ctrl	8.60215053763441	0.11443523882018768
4h	Ctrl	8.623655913978496	0.11539372053727695
4h	Ctrl	8.645161290322582	0.1163535258300127
4h	Ctrl	8.666666666666668	0.1173150481667978
4h	Ctrl	8.688172043010754	0.11828025978469718
4h	Ctrl	8.70967741935484	0.11925022368931934
4h	Ctrl	8.731182795698926	0.12022574463605995
4h	Ctrl	8.752688172043012	0.1212078875714294
4h	Ctrl	8.774193548387098	0.12219729746371596
4h	Ctrl	8.795698924731184	0.12319350287483855
4h	Ctrl	8.81720430107527	0.12419661461034454
4h	Ctrl	8.838709677419356	0.12520558958664169
4h	Ctrl	8.860215053763442	0.12621855319545083
4h	Ctrl	8.881720430107528	0.12723384210308045
4h	Ctrl	8.903225806451614	0.12824829648522593
4h	Ctrl	8.9247311827957	0.1292586388494507
4h	Ctrl	8.946236559139786	0.1302613117024597
4h	Ctrl	8.967741935483872	0.1312532420047201
4h	Ctrl	8.989247311827958	0.1322308260278712
4h	Ctrl	9.010752688172044	0.13318920665012504
4h	Ctrl	9.03225806451613	0.1341257629159939
4h	Ctrl	9.053763440860216	0.13503633913198115
4h	Ctrl	9.075268817204302	0.13591834382335158
4h	Ctrl	9.096774193548388	0.13677020692602496
4h	Ctrl	9.118279569892474	0.13758909912910683
4h	Ctrl	9.13978494623656	0.13837423454252462
4h	Ctrl	9.161290322580646	0.13912537346881473
4h	Ctrl	9.182795698924732	0.13984212534034707
4h	Ctrl	9.204301075268818	0.1405261505315094
4h	Ctrl	9.225806451612904	0.14117815578209472
4h	Ctrl	9.24731182795699	0.14180056651797393
4h	Ctrl	9.268817204301076	0.1423948969695494
4h	Ctrl	9.290322580645162	0.1429640057784705
4h	Ctrl	9.311827956989248	0.14350972606118584
4h	Ctrl	9.333333333333334	0.14403543045442124
4h	Ctrl	9.35483870967742	0.14454317013999043
4h	Ctrl	9.376344086021506	0.145035496796249
4h	Ctrl	9.397849462365592	0.14551361945037744
4h	Ctrl	9.419354838709678	0.14597869666806854
4h	Ctrl	9.440860215053764	0.14643241035874363
4h	Ctrl	9.46236559139785	0.14687583442338395
4h	Ctrl	9.483870967741936	0.1473089392812059
4h	Ctrl	9.505376344086022	0.14773250062382837
4h	Ctrl	9.526881720430108	0.14814610974520173
4h	Ctrl	9.548387096774194	0.14854905371818455
4h	Ctrl	9.56989247311828	0.148940798117964
4h	Ctrl	9.591397849462366	0.14932123757703142
4h	Ctrl	9.612903225806452	0.1496895919731393
4h	Ctrl	9.634408602150538	0.1500457825740195
4h	Ctrl	9.655913978494624	0.15038900941456937
4h	Ctrl	9.67741935483871	0.15071898282191004
4h	Ctrl	9.698924731182796	0.1510351305697354
4h	Ctrl	9.720430107526882	0.1513382740068178
4h	Ctrl	9.741935483870968	0.15162709429320873
4h	Ctrl	9.763440860215054	0.15190140483853473
4h	Ctrl	9.78494623655914	0.15216169484089878
4h	Ctrl	9.806451612903226	0.15240708359096483
4h	Ctrl	9.827956989247312	0.15263779771311306
4h	Ctrl	9.849462365591398	0.15285318461112865
4h	Ctrl	9.870967741935484	0.15305171669839565
4h	Ctrl	9.89247311827957	0.15323319597804905
4h	Ctrl	9.913978494623656	0.15339458398519842
4h	Ctrl	9.935483870967742	0.15353555798403304
4h	Ctrl	9.956989247311828	0.15365301618627117
4h	Ctrl	9.978494623655914	0.1537450409355703
4h	Ctrl	10.0	0.15380895535958056
4h	Ctrl	10.021505376344086	0.15384337335499101
4h	Ctrl	10.043010752688172	0.15384466107354858
4h	Ctrl	10.064516129032258	0.15381037671166026
4h	Ctrl	10.086021505376344	0.15373892432390918
4h	Ctrl	10.107526881720432	0.1536278256356444
4h	Ctrl	10.129032258064518	0.15347638575310296
4h	Ctrl	10.150537634408604	0.15328291835963578
4h	Ctrl	10.17204301075269	0.15304708258142838
4h	Ctrl	10.193548387096776	0.15276791100335074
4h	Ctrl	10.215053763440862	0.15244672272623172
4h	Ctrl	10.236559139784948	0.1520844110331514
4h	Ctrl	10.258064516129034	0.15168159963065833
4h	Ctrl	10.27956989247312	0.15124200574174615
4h	Ctrl	10.301075268817206	0.15076618605815734
4h	Ctrl	10.322580645161292	0.15025758151140362
4h	Ctrl	10.344086021505378	0.1497196290558923
4h	Ctrl	10.365591397849464	0.14915538346936585
4h	Ctrl	10.38709677419355	0.14856788519109368
4h	Ctrl	10.408602150537636	0.1479607158995102
4h	Ctrl	10.430107526881722	0.1473369516506144
4h	Ctrl	10.451612903225808	0.14669973085875293
4h	Ctrl	10.473118279569894	0.14605144627835834
4h	Ctrl	10.49462365591398	0.1453946020393506
4h	Ctrl	10.516129032258066	0.144730473596794
4h	Ctrl	10.537634408602152	0.14406222335961982
4h	Ctrl	10.559139784946238	0.14338906484074904
4h	Ctrl	10.580645161290324	0.1427121251497941
4h	Ctrl	10.60215053763441	0.14203124271643133
4h	Ctrl	10.623655913978496	0.1413456640337778
4h	Ctrl	10.645161290322582	0.1406537307643196
4h	Ctrl	10.666666666666668	0.13995422241393352
4h	Ctrl	10.688172043010754	0.1392441576755198
4h	Ctrl	10.70967741935484	0.13852116897814348
4h	Ctrl	10.731182795698926	0.13778193581093987
4h	Ctrl	10.752688172043012	0.13702331792490213
4h	Ctrl	10.774193548387098	0.13624181663917073
4h	Ctrl	10.795698924731184	0.13543443305688835
4h	Ctrl	10.81720430107527	0.13459758530241156
4h	Ctrl	10.838709677419356	0.1337276834749434
4h	Ctrl	10.860215053763442	0.13282205486336843
4h	Ctrl	10.881720430107528	0.13187795638055164
4h	Ctrl	10.903225806451614	0.13089359127936834
4h	Ctrl	10.9247311827957	0.1298672377410782
4h	Ctrl	10.946236559139786	0.12879795450254766
4h	Ctrl	10.967741935483872	0.12768388856828453
4h	Ctrl	10.989247311827958	0.1265264122544725
4h	Ctrl	11.010752688172044	0.12532616241607641
4h	Ctrl	11.03225806451613	0.12408369764285265
4h	Ctrl	11.053763440860216	0.12280097667712563
4h	Ctrl	11.075268817204302	0.1214796818803328
4h	Ctrl	11.096774193548388	0.12012211587081034
4h	Ctrl	11.118279569892474	0.11873230127581999
4h	Ctrl	11.13978494623656	0.11731233859035847
4h	Ctrl	11.161290322580646	0.11586559372049951
4h	Ctrl	11.182795698924732	0.11439578786780219
4h	Ctrl	11.204301075268818	0.1129059123682402
4h	Ctrl	11.225806451612904	0.11139896472242627
4h	Ctrl	11.24731182795699	0.10987837298683863
4h	Ctrl	11.268817204301076	0.10834664426032924
4h	Ctrl	11.290322580645162	0.10680687969189057
4h	Ctrl	11.311827956989248	0.10526148051894751
4h	Ctrl	11.333333333333334	0.10371213863645301
4h	Ctrl	11.35483870967742	0.10216171287848559
4h	Ctrl	11.376344086021506	0.10061096912322079
4h	Ctrl	11.397849462365592	0.09906238278694306
4h	Ctrl	11.419354838709678	0.09751759010579943
4h	Ctrl	11.440860215053764	0.09597756906327976
4h	Ctrl	11.46236559139785	0.09444311683569526
4h	Ctrl	11.483870967741936	0.0929162169495767
4h	Ctrl	11.505376344086022	0.09139734109012579
4h	Ctrl	11.526881720430108	0.08988816434074356
4h	Ctrl	11.548387096774194	0.08839027668575371
4h	Ctrl	11.56989247311828	0.08690434807933521
4h	Ctrl	11.591397849462366	0.08543112945259781
4h	Ctrl	11.612903225806452	0.08397230477256719
4h	Ctrl	11.634408602150538	0.08252847323150911
4h	Ctrl	11.655913978494624	0.08110056915464038
4h	Ctrl	11.67741935483871	0.07968977845943107
4h	Ctrl	11.698924731182796	0.07829654120972417
4h	Ctrl	11.720430107526882	0.07692091590466538
4h	Ctrl	11.741935483870968	0.07556357851779112
4h	Ctrl	11.763440860215054	0.07422452636491379
4h	Ctrl	11.78494623655914	0.07290321528993077
4h	Ctrl	11.806451612903226	0.07159946858649203
4h	Ctrl	11.827956989247312	0.07031206428173564
4h	Ctrl	11.849462365591398	0.06904082137452631
4h	Ctrl	11.870967741935484	0.06778464648513248
4h	Ctrl	11.89247311827957	0.06654311692244369
4h	Ctrl	11.913978494623656	0.06531546171292883
4h	Ctrl	11.935483870967744	0.06410111768469257
4h	Ctrl	11.95698924731183	0.06289928887589513
4h	Ctrl	11.978494623655916	0.061710014952957915
4h	Ctrl	12.000000000000002	0.06053282211484222
4h	Ctrl	12.021505376344088	0.05936750175456135
4h	Ctrl	12.043010752688174	0.058215434227965976
4h	Ctrl	12.06451612903226	0.05707668739690584
4h	Ctrl	12.086021505376346	0.055952256927468545
4h	Ctrl	12.107526881720432	0.05484297096895973
4h	Ctrl	12.129032258064518	0.05374942602746943
4h	Ctrl	12.150537634408604	0.05267348265735454
4h	Ctrl	12.17204301075269	0.05161615636116404
4h	Ctrl	12.193548387096776	0.05057850474074126
4h	Ctrl	12.215053763440862	0.04956158680617978
4h	Ctrl	12.236559139784948	0.04856631431870306
4h	Ctrl	12.258064516129034	0.04759397947240862
4h	Ctrl	12.27956989247312	0.04664416580874142
4h	Ctrl	12.301075268817206	0.04571844253814622
4h	Ctrl	12.322580645161292	0.04481632235753037
4h	Ctrl	12.344086021505378	0.04393762546334539
4h	Ctrl	12.365591397849464	0.04308277273366187
4h	Ctrl	12.38709677419355	0.04225057642463525
4h	Ctrl	12.408602150537636	0.04144049866475911
4h	Ctrl	12.430107526881722	0.0406518615467403
4h	Ctrl	12.451612903225808	0.03988324301779305
4h	Ctrl	12.473118279569894	0.03913373958971682
4h	Ctrl	12.49462365591398	0.038402159210511884
4h	Ctrl	12.516129032258066	0.03768663686780505
4h	Ctrl	12.537634408602152	0.03698542203021096
4h	Ctrl	12.559139784946238	0.0362975460739975
4h	Ctrl	12.580645161290324	0.035621156660772
4h	Ctrl	12.60215053763441	0.03495449900420302
4h	Ctrl	12.623655913978496	0.03429662695515271
4h	Ctrl	12.645161290322582	0.03364566381356207
4h	Ctrl	12.666666666666668	0.033000675193694026
4h	Ctrl	12.688172043010754	0.03236058402696149
4h	Ctrl	12.70967741935484	0.03172451281821857
4h	Ctrl	12.731182795698926	0.031091584844097266
4h	Ctrl	12.752688172043012	0.030461180977885194
4h	Ctrl	12.774193548387098	0.029833167396511803
4h	Ctrl	12.795698924731184	0.029207083550188355
4h	Ctrl	12.81720430107527	0.0285832476278304
4h	Ctrl	12.838709677419356	0.027961929466877027
4h	Ctrl	12.860215053763442	0.0273436679445766
4h	Ctrl	12.881720430107528	0.026728530720367752
4h	Ctrl	12.903225806451614	0.026117129823255408
4h	Ctrl	12.9247311827957	0.025510248593940323
4h	Ctrl	12.946236559139786	0.024908784773263158
4h	Ctrl	12.967741935483872	0.024313692500168235
4h	Ctrl	12.989247311827958	0.023725331571512884
4h	Ctrl	13.010752688172044	0.02314489239106863
4h	Ctrl	13.03225806451613	0.022573000508500442
4h	Ctrl	13.053763440860216	0.02201104590714593
4h	Ctrl	13.075268817204302	0.02145939258701047
4h	Ctrl	13.096774193548388	0.02091891129853686
4h	Ctrl	13.118279569892474	0.020390602116019296
4h	Ctrl	13.13978494623656	0.019875379117762493
4h	Ctrl	13.161290322580646	0.019373472035644598
4h	Ctrl	13.182795698924732	0.01888577678194057
4h	Ctrl	13.204301075268818	0.01841282781782648
4h	Ctrl	13.225806451612904	0.01795553738051323
4h	Ctrl	13.24731182795699	0.017513749089848187
4h	Ctrl	13.268817204301076	0.017088181316182078
4h	Ctrl	13.290322580645162	0.016679018104161565
4h	Ctrl	13.311827956989248	0.016285887036138216
4h	Ctrl	13.333333333333334	0.015908669338822345
4h	Ctrl	13.35483870967742	0.01554714245302427
4h	Ctrl	13.376344086021506	0.015201120575680332
4h	Ctrl	13.397849462365592	0.014869893090916778
4h	Ctrl	13.419354838709678	0.01455252331706381
4h	Ctrl	13.440860215053764	0.01424820797525306
4h	Ctrl	13.46236559139785	0.013956359600535855
4h	Ctrl	13.483870967741936	0.01367621504373578
4h	Ctrl	13.505376344086022	0.013406506196539143
4h	Ctrl	13.526881720430108	0.013146581064500134
4h	Ctrl	13.548387096774194	0.012895758096947816
4h	Ctrl	13.56989247311828	0.012653580941901993
4h	Ctrl	13.591397849462366	0.012419399242386123
4h	Ctrl	13.612903225806452	0.012192567475111715
4h	Ctrl	13.634408602150538	0.01197291337011408
4h	Ctrl	13.655913978494624	0.011759956894501312
4h	Ctrl	13.67741935483871	0.011553364485502638
4h	Ctrl	13.698924731182796	0.011353499273499148
4h	Ctrl	13.720430107526882	0.01116007779222745
4h	Ctrl	13.741935483870968	0.010972928355413738
4h	Ctrl	13.763440860215056	0.010792102962144348
4h	Ctrl	13.784946236559142	0.01061729349937578
4h	Ctrl	13.806451612903228	0.010448362606476466
4h	Ctrl	13.827956989247314	0.010285405155543674
4h	Ctrl	13.8494623655914	0.010127835389846667
4h	Ctrl	13.870967741935486	0.009975310763243879
4h	Ctrl	13.892473118279572	0.009827307523209875
4h	Ctrl	13.913978494623658	0.00968321159442859
4h	Ctrl	13.935483870967744	0.009542208657762782
4h	Ctrl	13.95698924731183	0.009403717224904894
4h	Ctrl	13.978494623655916	0.009266963368406059
4h	Ctrl	14.000000000000002	0.009131254449084008
4h	Ctrl	14.021505376344088	0.008995748705595908
4h	Ctrl	14.043010752688174	0.008860085513433712
4h	Ctrl	14.06451612903226	0.008723363275835535
4h	Ctrl	14.086021505376346	0.008585062495254297
4h	Ctrl	14.107526881720432	0.008444984633864033
4h	Ctrl	14.129032258064518	0.008303107090097963
4h	Ctrl	14.150537634408604	0.008158870354968033
4h	Ctrl	14.17204301075269	0.008012643020652405
4h	Ctrl	14.193548387096776	0.007864745857401538
4h	Ctrl	14.215053763440862	0.007715468403379875
4h	Ctrl	14.236559139784948	0.007565051457639789
4h	Ctrl	14.258064516129034	0.007414286749919876
4h	Ctrl	14.27956989247312	0.007264085153658154
4h	Ctrl	14.301075268817206	0.007114727382055555
4h	Ctrl	14.322580645161292	0.006967146473519687
4h	Ctrl	14.344086021505378	0.006822007726256741
4h	Ctrl	14.365591397849464	0.006679854178333528
4h	Ctrl	14.38709677419355	0.006541557211161913
4h	Ctrl	14.408602150537636	0.006407418753638623
4h	Ctrl	14.430107526881722	0.006277733058557291
4h	Ctrl	14.451612903225808	0.006153200189452381
4h	Ctrl	14.473118279569894	0.0060334521573026404
4h	Ctrl	14.49462365591398	0.005918777680549736
4h	Ctrl	14.516129032258066	0.005809212934733471
4h	Ctrl	14.537634408602152	0.005704367967957661
4h	Ctrl	14.559139784946238	0.0056039412308311765
4h	Ctrl	14.580645161290324	0.005507720600439427
4h	Ctrl	14.60215053763441	0.005415150212975698
4h	Ctrl	14.623655913978496	0.005325768664771668
4h	Ctrl	14.645161290322582	0.005239295452316954
4h	Ctrl	14.666666666666668	0.005154900990445675
4h	Ctrl	14.688172043010754	0.005072411858795266
4h	Ctrl	14.70967741935484	0.004991250106268499
4h	Ctrl	14.731182795698926	0.004911094840004454
4h	Ctrl	14.752688172043012	0.004831469984208185
4h	Ctrl	14.774193548387098	0.0047522230108974555
4h	Ctrl	14.795698924731184	0.004672958265579634
4h	Ctrl	14.81720430107527	0.004593427030584295
4h	Ctrl	14.838709677419356	0.004513608813646498
4h	Ctrl	14.860215053763442	0.004433135787996074
4h	Ctrl	14.881720430107528	0.004352110971154872
4h	Ctrl	14.903225806451614	0.0042703010115475734
4h	Ctrl	14.9247311827957	0.0041876199331353885
4h	Ctrl	14.946236559139786	0.004103995583504377
4h	Ctrl	14.967741935483872	0.004019405363269584
4h	Ctrl	14.989247311827958	0.003933844422917647
4h	Ctrl	15.010752688172044	0.0038471965634094313
4h	Ctrl	15.03225806451613	0.0037594625753168427
4h	Ctrl	15.053763440860216	0.003670562394356477
4h	Ctrl	15.075268817204302	0.0035808119061308706
4h	Ctrl	15.096774193548388	0.0034901551548750668
4h	Ctrl	15.118279569892474	0.003398757802139401
4h	Ctrl	15.13978494623656	0.0033066020958751013
4h	Ctrl	15.161290322580646	0.0032143145359193955
4h	Ctrl	15.182795698924732	0.0031218205683205776
4h	Ctrl	15.204301075268818	0.0030294577578068673
4h	Ctrl	15.225806451612904	0.00293749037027297
4h	Ctrl	15.24731182795699	0.0028465525208727894
4h	Ctrl	15.268817204301076	0.002756935792464464
4h	Ctrl	15.290322580645162	0.0026688066125703964
4h	Ctrl	15.311827956989248	0.0025828052577562596
4h	Ctrl	15.333333333333334	0.00249921386566494
4h	Ctrl	15.35483870967742	0.0024183788996478693
4h	Ctrl	15.376344086021506	0.0023407559765686713
4h	Ctrl	15.397849462365592	0.002266394567397842
4h	Ctrl	15.419354838709678	0.0021958707048780196
4h	Ctrl	15.440860215053764	0.0021292841425034144
4h	Ctrl	15.46236559139785	0.0020667327852453765
4h	Ctrl	15.483870967741936	0.0020082876076689586
4h	Ctrl	15.505376344086022	0.0019541579244477733
4h	Ctrl	15.526881720430108	0.0019042973236615653
4h	Ctrl	15.548387096774194	0.0018585678886475037
4h	Ctrl	15.56989247311828	0.0018170137795384055
4h	Ctrl	15.591397849462366	0.0017793031651248009
4h	Ctrl	15.612903225806454	0.001745399744457277
4h	Ctrl	15.63440860215054	0.0017149749019855034
4h	Ctrl	15.655913978494626	0.0016877984588455483
4h	Ctrl	15.677419354838712	0.001663549645625504
4h	Ctrl	15.698924731182798	0.0016419705693762874
4h	Ctrl	15.720430107526884	0.0016226649566308947
4h	Ctrl	15.74193548387097	0.0016053210186545161
4h	Ctrl	15.763440860215056	0.0015896216536359445
4h	Ctrl	15.784946236559142	0.0015752689423368675
4h	Ctrl	15.806451612903228	0.0015617299726660933
4h	Ctrl	15.827956989247314	0.0015487681821959617
4h	Ctrl	15.8494623655914	0.0015360363231423035
4h	Ctrl	15.870967741935486	0.0015233427735622542
4h	Ctrl	15.892473118279572	0.0015103028855450052
4h	Ctrl	15.913978494623658	0.0014966121579431048
4h	Ctrl	15.935483870967744	0.001482135647105506
4h	Ctrl	15.95698924731183	0.0014666697511280886
4h	Ctrl	15.978494623655916	0.001449979377564096
4h	Ctrl	16.0	0.0014319422847694143
4h	Ctrl	16.021505376344088	0.001412437256498728
4h	Ctrl	16.043010752688172	0.0013912915507153913
4h	Ctrl	16.06451612903226	0.001368588478942746
4h	Ctrl	16.086021505376344	0.0013442613726688867
4h	Ctrl	16.107526881720432	0.0013181700046141502
4h	Ctrl	16.129032258064516	0.00129039934796051
4h	Ctrl	16.150537634408604	0.0012610015312803553
4h	Ctrl	16.172043010752688	0.001229931738986705
4h	Ctrl	16.193548387096776	0.0011974130720865351
4h	Ctrl	16.21505376344086	0.001163489978517468
4h	Ctrl	16.236559139784948	0.001128235747521554
4h	Ctrl	16.258064516129032	0.0010918242918114165
4h	Ctrl	16.27956989247312	0.0010543872997960714
4h	Ctrl	16.301075268817204	0.001016225924041971
4h	Ctrl	16.322580645161292	0.000977543754513275
4h	Ctrl	16.344086021505376	0.0009386182183230544
4h	Ctrl	16.365591397849464	0.0008996749609909627
4h	Ctrl	16.387096774193548	0.000860973094981704
4h	Ctrl	16.408602150537636	0.0008229008073823993
4h	Ctrl	16.43010752688172	0.0007856567996095413
4h	Ctrl	16.451612903225808	0.0007495046125606842
4h	Ctrl	16.473118279569892	0.0007148408344005573
4h	Ctrl	16.49462365591398	0.0006818893099298448
4h	Ctrl	16.516129032258064	0.000650748982793912
4h	Ctrl	16.537634408602152	0.0006218306085029438
4h	Ctrl	16.55913978494624	0.0005951983604788486
4h	Ctrl	16.580645161290324	0.0005709620094874398
4h	Ctrl	16.60215053763441	0.000549276910506896
4h	Ctrl	16.623655913978496	0.0005301627959823738
4h	Ctrl	16.645161290322584	0.000513610591720545
4h	Ctrl	16.666666666666668	0.0004996701400407322
4h	Ctrl	16.688172043010756	0.0004882263223825593
4h	Ctrl	16.70967741935484	0.00047924629715921223
4h	Ctrl	16.731182795698928	0.0004725869077346286
4h	Ctrl	16.752688172043012	0.0004681205625138931
4h	Ctrl	16.7741935483871	0.0004656773918809138
4h	Ctrl	16.795698924731184	0.00046519759156017274
4h	Ctrl	16.81720430107527	0.0004664225644764661
4h	Ctrl	16.838709677419356	0.0004691587805799457
4h	Ctrl	16.860215053763444	0.0004733031171573409
4h	Ctrl	16.881720430107528	0.0004787315274619153
4h	Ctrl	16.903225806451616	0.00048520173648531505
4h	Ctrl	16.9247311827957	0.000492544025141977
4h	Ctrl	16.946236559139788	0.0005005881431701074
4h	Ctrl	16.967741935483872	0.0005091372303269464
4h	Ctrl	16.98924731182796	0.0005180272076508223
4h	Ctrl	17.010752688172044	0.0005271428301657956
4h	Ctrl	17.03225806451613	0.0005362735122874321
4h	Ctrl	17.053763440860216	0.0005452716264756652
4h	Ctrl	17.075268817204304	0.000553931576778176
4h	Ctrl	17.096774193548388	0.0005620868688956338
4h	Ctrl	17.118279569892476	0.0005695499487082141
4h	Ctrl	17.13978494623656	0.0005762263472451166
4h	Ctrl	17.161290322580648	0.0005819107742202193
4h	Ctrl	17.182795698924732	0.0005865332817493912
4h	Ctrl	17.20430107526882	0.0005899446584275745
4h	Ctrl	17.225806451612904	0.0005920507439463757
4h	Ctrl	17.24731182795699	0.0005927520056756152
4h	Ctrl	17.268817204301076	0.0005920305244797402
4h	Ctrl	17.290322580645164	0.0005898553847511167
4h	Ctrl	17.311827956989248	0.0005862450018796143
4h	Ctrl	17.333333333333336	0.0005811547441621456
4h	Ctrl	17.35483870967742	0.000574682109382443
4h	Ctrl	17.376344086021508	0.000566821252739649
4h	Ctrl	17.397849462365592	0.0005577035861345324
4h	Ctrl	17.41935483870968	0.0005473514112742541
4h	Ctrl	17.440860215053764	0.0005359179450784624
4h	Ctrl	17.46236559139785	0.0005234666628911438
4h	Ctrl	17.483870967741936	0.0005101000010037565
4h	Ctrl	17.505376344086024	0.0004959566104812266
4h	Ctrl	17.526881720430108	0.0004810772964685819
4h	Ctrl	17.548387096774196	0.00046558412048368125
4h	Ctrl	17.56989247311828	0.0004495677644900558
4h	Ctrl	17.591397849462368	0.00043311287539916763
4h	Ctrl	17.612903225806452	0.0004162980535192044
4h	Ctrl	17.63440860215054	0.0003991963677005982
4h	Ctrl	17.655913978494624	0.0003818763093790625
4h	Ctrl	17.67741935483871	0.00036440307287347013
4h	Ctrl	17.698924731182796	0.000346840032921076
4h	Ctrl	17.720430107526884	0.000329250283174069
4h	Ctrl	17.741935483870968	0.0003116981012455543
4h	Ctrl	17.763440860215056	0.0002942242777649844
4h	Ctrl	17.78494623655914	0.000276932582784968
4h	Ctrl	17.806451612903228	0.00025992090841973117
4h	Ctrl	17.827956989247312	0.00024323230023883227
4h	Ctrl	17.8494623655914	0.00022694984867575554
4h	Ctrl	17.870967741935484	0.00021115937920884603
4h	Ctrl	17.89247311827957	0.00019594828445286446
4h	Ctrl	17.913978494623656	0.0001814039639345178
4h	Ctrl	17.935483870967744	0.0001676119479441285
4h	Ctrl	17.956989247311828	0.0001546644486719018
4h	Ctrl	17.978494623655916	0.0001426378542138153
4h	Ctrl	18.0	0.00013159053905528403
4h	Ctrl	18.021505376344088	0.00012158109206768185
4h	Ctrl	18.043010752688172	0.00011265578625118949
4h	Ctrl	18.06451612903226	0.0001048469599205068
4h	Ctrl	18.086021505376344	9.817173089283167e-05
4h	Ctrl	18.107526881720432	9.263110421967509e-05
4h	Ctrl	18.129032258064516	8.818358039932213e-05
4h	Ctrl	18.150537634408604	8.485661190890191e-05
4h	Ctrl	18.172043010752688	8.256622518677874e-05
4h	Ctrl	18.193548387096776	8.124976980347676e-05
4h	Ctrl	18.21505376344086	8.077893180187114e-05
4h	Ctrl	18.236559139784948	8.118451487898198e-05
4h	Ctrl	18.258064516129032	8.229695504040845e-05
4h	Ctrl	18.27956989247312	8.401243175457939e-05
4h	Ctrl	18.301075268817204	8.622256093459999e-05
4h	Ctrl	18.322580645161292	8.87914427471948e-05
4h	Ctrl	18.344086021505376	9.167009786634892e-05
4h	Ctrl	18.365591397849464	9.471848662834385e-05
4h	Ctrl	18.38709677419355	9.78399633368816e-05
4h	Ctrl	18.408602150537636	0.00010092115026664409
4h	Ctrl	18.430107526881724	0.00010394535046528643
4h	Ctrl	18.451612903225808	0.00010681312566510356
4h	Ctrl	18.473118279569896	0.00010947493846538458
4h	Ctrl	18.49462365591398	0.0001118689140117509
4h	Ctrl	18.516129032258068	0.00011403193303805511
4h	Ctrl	18.537634408602152	0.00011591779379106562
4h	Ctrl	18.55913978494624	0.00011752746610726321
4h	Ctrl	18.580645161290324	0.00011887056121112214
4h	Ctrl	18.60215053763441	0.00011996303819173217
4h	Ctrl	18.623655913978496	0.0001208246969231503
4h	Ctrl	18.645161290322584	0.0001214766119380642
4h	Ctrl	18.666666666666668	0.00012191272710300647
4h	Ctrl	18.688172043010756	0.0001222090813400772
4h	Ctrl	18.70967741935484	0.00012234110476615207
4h	Ctrl	18.731182795698928	0.0001223140601072824
4h	Ctrl	18.752688172043012	0.0001221257399447091
4h	Ctrl	18.7741935483871	0.0001217663618954402
4h	Ctrl	18.795698924731184	0.00012119313191067877
4h	Ctrl	18.81720430107527	0.00012044275341486612
4h	Ctrl	18.838709677419356	0.00011945210796626792
4h	Ctrl	18.860215053763444	0.0001181919623716059
4h	Ctrl	18.881720430107528	0.00011663260218150086
4h	Ctrl	18.903225806451616	0.0001147461472089548
4h	Ctrl	18.9247311827957	0.00011250880848288947
4h	Ctrl	18.946236559139788	0.00010990294423700096
4h	Ctrl	18.967741935483872	0.00010691878884271428
4h	Ctrl	18.98924731182796	0.00010355575299198291
4h	Ctrl	19.010752688172044	9.98232238701534e-05
4h	Ctrl	19.03225806451613	9.574082810130964e-05
4h	Ctrl	19.053763440860216	9.133815530217719e-05
4h	Ctrl	19.075268817204304	8.665397360026044e-05
4h	Ctrl	19.096774193548388	8.173499816472155e-05
4h	Ctrl	19.118279569892476	7.663429779449754e-05
4h	Ctrl	19.13978494623656	7.1409441583644e-05
4h	Ctrl	19.161290322580648	6.612049693130864e-05
4h	Ctrl	19.182795698924732	6.0827991604187256e-05
4h	Ctrl	19.20430107526882	5.559094670110124e-05
4h	Ctrl	19.225806451612904	5.046507522006755e-05
4h	Ctrl	19.24731182795699	4.553781532474549e-05
4h	Ctrl	19.268817204301076	4.079535444233176e-05
4h	Ctrl	19.290322580645164	3.630264804062207e-05
4h	Ctrl	19.311827956989248	3.2091483465362676e-05
4h	Ctrl	19.333333333333336	2.818627941008638e-05
4h	Ctrl	19.35483870967742	2.4604278834170136e-05
4h	Ctrl	19.376344086021508	2.1356035010791348e-05
4h	Ctrl	19.397849462365592	1.8446140903969457e-05
4h	Ctrl	19.41935483870968	1.587414501999832e-05
4h	Ctrl	19.440860215053764	1.3635593562893093e-05
4h	Ctrl	19.46236559139785	1.1723138725480885e-05
4h	Ctrl	19.483870967741936	1.0127655685277046e-05
4h	Ctrl	19.505376344086024	8.81337717630005e-06
4h	Ctrl	19.526881720430108	7.830317365839815e-06
4h	Ctrl	19.548387096774196	7.134249142025351e-06
4h	Ctrl	19.56989247311828	6.71916707498721e-06
4h	Ctrl	19.591397849462368	6.5812441471407234e-06
4h	Ctrl	19.612903225806452	6.71916707498721e-06
4h	Ctrl	19.63440860215054	7.134249142025351e-06
4h	Ctrl	19.655913978494624	7.830317365839815e-06
4h	Ctrl	19.67741935483871	8.81337717630005e-06
4h	Ctrl	19.698924731182796	1.0091064232641957e-05
4h	Ctrl	19.720430107526884	1.167189972343867e-05
4h	Ctrl	19.741935483870968	1.3564372569682463e-05
4h	Ctrl	19.763440860215056	1.5775879367918032e-05
4h	Ctrl	19.78494623655914	1.8311560506559153e-05
4h	Ctrl	19.806451612903228	2.117307835058998e-05
4h	Ctrl	19.827956989247312	2.435739025941978e-05
4h	Ctrl	19.8494623655914	2.7855574903844416e-05
4h	Ctrl	19.870967741935484	3.165177423310907e-05
4h	Ctrl	19.89247311827957	3.5722314853186134e-05
4h	Ctrl	19.913978494623656	4.0035070913979724e-05
4h	Ctrl	19.935483870967744	4.4549125402836034e-05
4h	Ctrl	19.956989247311828	4.918883923965227e-05
4h	Ctrl	19.978494623655916	5.395568143259326e-05
4h	Ctrl	20.0	5.874814266640564e-05
4h	Ctrl	20.021505376344088	6.349469644766614e-05
4h	Ctrl	20.043010752688172	6.811881951007364e-05
4h	Ctrl	20.06451612903226	7.254093120315283e-05
4h	Ctrl	20.086021505376344	7.668059796047781e-05
4h	Ctrl	20.107526881720432	8.04589215029286e-05
4h	Ctrl	20.129032258064516	8.380101410629242e-05
4h	Ctrl	20.150537634408604	8.663845379057713e-05
4h	Ctrl	20.172043010752688	8.891160767506676e-05
4h	Ctrl	20.193548387096776	9.057171360973639e-05
4h	Ctrl	20.215053763440864	9.158261870704985e-05
4h	Ctrl	20.236559139784948	9.192208823668377e-05
4h	Ctrl	20.258064516129036	9.158261870704985e-05
4h	Ctrl	20.27956989247312	9.057171360973639e-05
4h	Ctrl	20.301075268817208	8.891160767506676e-05
4h	Ctrl	20.322580645161292	8.663845379057713e-05
4h	Ctrl	20.34408602150538	8.380101410629242e-05
4h	Ctrl	20.365591397849464	8.04589215029286e-05
4h	Ctrl	20.38709677419355	7.668059796047781e-05
4h	Ctrl	20.408602150537636	7.254093120315283e-05
4h	Ctrl	20.430107526881724	6.811881951007364e-05
4h	Ctrl	20.451612903225808	6.349469644766614e-05
4h	Ctrl	20.473118279569896	5.874814266640564e-05
4h	Ctrl	20.49462365591398	5.395568143259326e-05
4h	Ctrl	20.516129032258068	4.918883923965227e-05
4h	Ctrl	20.537634408602152	4.451253395020095e-05
4h	Ctrl	20.55913978494624	3.998383191193751e-05
4h	Ctrl	20.580645161290324	3.5651093859975505e-05
4h	Ctrl	20.60215053763441	3.155350858102878e-05
4h	Ctrl	20.623655913978496	2.7720994506434116e-05
4h	Ctrl	20.645161290322584	2.4174433599218412e-05
4h	Ctrl	20.666666666666668	2.092618977583962e-05
4h	Ctrl	20.688172043010756	1.7980856000317192e-05
4h	Ctrl	20.70967741935484	1.533617013566443e-05
4h	Ctrl	20.731182795698928	1.298403938224653e-05
4h	Ctrl	20.752688172043012	1.0911616195086637e-05
4h	Ctrl	20.7741935483871	9.102374310732505e-06
4h	Ctrl	20.795698924731184	7.537141195884767e-06
4h	Ctrl	20.81720430107527	6.195052097331841e-06
4h	Ctrl	20.838709677419356	5.054400204243741e-06
4h	Ctrl	20.860215053763444	4.093366591344713e-06
4h	Ctrl	20.881720430107528	3.2906220735703617e-06
4h	Ctrl	20.903225806451616	2.6258004836424966e-06
4h	Ctrl	20.9247311827957	2.07984893778161e-06
4h	Ctrl	20.946236559139788	1.6352652685079746e-06
4h	Ctrl	20.967741935483872	1.2762359804152825e-06
4h	Ctrl	20.98924731182796	9.88689921909451e-07
4h	Ctrl	21.010752688172044	7.602835283520342e-07
4h	Ctrl	21.03225806451613	5.803331874359337e-07
4h	Ctrl	21.053763440860216	4.3970923225360233e-07
4h	Ctrl	21.075268817204304	3.3070450624196137e-07
4h	Ctrl	21.096774193548388	2.4688857475035845e-07
4h	Ctrl	21.118279569892476	1.8295666020136668e-07
4h	Ctrl	21.13978494623656	1.3458039741030307e-07
4h	Ctrl	21.161290322580648	9.826565208028885e-08
4h	Ctrl	21.182795698924732	7.12209932106306e-08
4h	Ctrl	21.20430107526882	5.123900204221513e-08
4h	Ctrl	21.225806451612904	3.659145263508873e-08
4h	Ctrl	21.24731182795699	0.0
4h	Ctrl	21.268817204301076	0.0
4h	Ctrl	21.290322580645164	0.0
4h	Ctrl	21.311827956989248	0.0
4h	Ctrl	21.333333333333336	0.0
4h	Ctrl	21.35483870967742	0.0
4h	Ctrl	21.376344086021508	0.0
4h	Ctrl	21.397849462365592	0.0
4h	Ctrl	21.41935483870968	0.0
4h	Ctrl	21.440860215053764	0.0
4h	Ctrl	21.46236559139785	0.0
4h	Ctrl	21.483870967741936	0.0
4h	Ctrl	21.505376344086024	0.0
4h	Ctrl	21.526881720430108	0.0
4h	Ctrl	21.548387096774196	0.0
4h	Ctrl	21.56989247311828	0.0
4h	Ctrl	21.591397849462368	0.0
4h	Ctrl	21.612903225806452	0.0
4h	Ctrl	21.63440860215054	0.0
4h	Ctrl	21.655913978494624	0.0
4h	Ctrl	21.67741935483871	0.0
4h	Ctrl	21.698924731182796	0.0
4h	Ctrl	21.720430107526884	0.0
4h	Ctrl	21.741935483870968	0.0
4h	Ctrl	21.763440860215056	0.0
4h	Ctrl	21.78494623655914	0.0
4h	Ctrl	21.806451612903228	0.0
4h	Ctrl	21.827956989247312	0.0
4h	Ctrl	21.8494623655914	0.0
4h	Ctrl	21.870967741935484	0.0
4h	Ctrl	21.89247311827957	0.0
4h	Ctrl	21.913978494623656	0.0
4h	Ctrl	21.935483870967744	0.0
4h	Ctrl	21.956989247311828	0.0
4h	Ctrl	21.978494623655916	0.0
4h	Ctrl	22.0	0.0
4h	Tam	0.0	0.01420424646337413
4h	Tam	0.021505376344086023	0.014491301297439366
4h	Tam	0.043010752688172046	0.014732070868972748
4h	Tam	0.06451612903225806	0.01493187777675624
4h	Tam	0.08602150537634409	0.015097354815373745
4h	Tam	0.10752688172043012	0.01523706049852038
4h	Tam	0.12903225806451613	0.015357838325175044
4h	Tam	0.15053763440860216	0.015471232373534104
4h	Tam	0.17204301075268819	0.01558218487613939
4h	Tam	0.19354838709677422	0.015702484300710737
4h	Tam	0.21505376344086025	0.01583618899856272
4h	Tam	0.23655913978494625	0.01599199170000006
4h	Tam	0.25806451612903225	0.016173752191602324
4h	Tam	0.2795698924731183	0.016385634166784183
4h	Tam	0.3010752688172043	0.016629889878033443
4h	Tam	0.32258064516129037	0.0169073214032529
4h	Tam	0.34408602150537637	0.01721825583356975
4h	Tam	0.3655913978494624	0.017559437885692367
4h	Tam	0.38709677419354843	0.017930925312931778
4h	Tam	0.40860215053763443	0.018325853367990887
4h	Tam	0.4301075268817205	0.018744618396283254
4h	Tam	0.4516129032258065	0.019180270005766612
4h	Tam	0.4731182795698925	0.01962846367305785
4h	Tam	0.49462365591397855	0.02008707313475913
4h	Tam	0.5161290322580645	0.020552707162697664
4h	Tam	0.5376344086021506	0.021023330050438445
4h	Tam	0.5591397849462366	0.021497706101087612
4h	Tam	0.5806451612903226	0.021976063472415427
4h	Tam	0.6021505376344086	0.02245605723833555
4h	Tam	0.6236559139784946	0.02294145400637082
4h	Tam	0.6451612903225807	0.023432153177972023
4h	Tam	0.6666666666666667	0.023929195167605912
4h	Tam	0.6881720430107527	0.024434435610568805
4h	Tam	0.7096774193548387	0.024950908726257028
4h	Tam	0.7311827956989247	0.025480799659140616
4h	Tam	0.7526881720430109	0.026027016920014495
4h	Tam	0.7741935483870969	0.026589946264767347
4h	Tam	0.7956989247311829	0.027173861540587485
4h	Tam	0.8172043010752689	0.027779150406621784
4h	Tam	0.8387096774193549	0.028406676450859366
4h	Tam	0.860215053763441	0.029056745324543023
4h	Tam	0.881720430107527	0.02973051823284725
4h	Tam	0.903225806451613	0.03042822960345007
4h	Tam	0.924731182795699	0.031150953369878553
4h	Tam	0.946236559139785	0.0318982776944045
4h	Tam	0.967741935483871	0.032670728009754665
4h	Tam	0.9892473118279571	0.0334666081532013
4h	Tam	1.010752688172043	0.034282097826645694
4h	Tam	1.032258064516129	0.035124182906682205
4h	Tam	1.0537634408602152	0.03598749617843851
4h	Tam	1.0752688172043012	0.036871066199479476
4h	Tam	1.0967741935483872	0.03777367823662136
4h	Tam	1.1182795698924732	0.03869372097619995
4h	Tam	1.1397849462365592	0.03962890856651659
4h	Tam	1.1612903225806452	0.04057616029293793
4h	Tam	1.1827956989247312	0.04153379024111013
4h	Tam	1.2043010752688172	0.04249946692865164
4h	Tam	1.2258064516129032	0.04346957237230581
4h	Tam	1.2473118279569892	0.04444189119900887
4h	Tam	1.2688172043010755	0.04541242756780871
4h	Tam	1.2903225806451615	0.04637779239177532
4h	Tam	1.3118279569892475	0.047334810848960705
4h	Tam	1.3333333333333335	0.04828026790776519
4h	Tam	1.3548387096774195	0.049211652055271
4h	Tam	1.3763440860215055	0.050126187364358914
4h	Tam	1.3978494623655915	0.05102133787385353
4h	Tam	1.4193548387096775	0.05189530094038026
4h	Tam	1.4408602150537635	0.052745617187015995
4h	Tam	1.4623655913978495	0.05357198484063333
4h	Tam	1.4838709677419355	0.05437243238259899
4h	Tam	1.5053763440860217	0.055148928172843024
4h	Tam	1.5268817204301077	0.05589952831695604
4h	Tam	1.5483870967741937	0.05662329802960351
4h	Tam	1.5698924731182797	0.0573254966775435
4h	Tam	1.5913978494623657	0.05800352566805311
4h	Tam	1.6129032258064517	0.058659009790057545
4h	Tam	1.6344086021505377	0.05929216190017962
4h	Tam	1.6559139784946237	0.059905872656352756
4h	Tam	1.6774193548387097	0.06049971407094003
4h	Tam	1.6989247311827957	0.06107647852991268
4h	Tam	1.720430107526882	0.06163557624233208
4h	Tam	1.741935483870968	0.06217949911184724
4h	Tam	1.763440860215054	0.06270823873041274
4h	Tam	1.78494623655914	0.0632241305299426
4h	Tam	1.806451612903226	0.06372628177940187
4h	Tam	1.827956989247312	0.0642153736525846
4h	Tam	1.849462365591398	0.06469478889292171
4h	Tam	1.870967741935484	0.06516266162566431
4h	Tam	1.89247311827957	0.06561799708054981
4h	Tam	1.913978494623656	0.06606609203757145
4h	Tam	1.935483870967742	0.06650377164300988
4h	Tam	1.9569892473118282	0.06693361910459664
4h	Tam	1.9784946236559142	0.06735451600387748
4h	Tam	2.0	0.0677678170452571
4h	Tam	2.021505376344086	0.06817337794264086
4h	Tam	2.043010752688172	0.06857137663290115
4h	Tam	2.064516129032258	0.06896299770024106
4h	Tam	2.0860215053763445	0.06934754452977818
4h	Tam	2.1075268817204305	0.06972525294792353
4h	Tam	2.1290322580645165	0.07009744944384926
4h	Tam	2.1505376344086025	0.0704621405842322
4h	Tam	2.1720430107526885	0.07082324787570218
4h	Tam	2.1935483870967745	0.07117622108847699
4h	Tam	2.2150537634408605	0.07152516222340381
4h	Tam	2.2365591397849465	0.0718674332681815
4h	Tam	2.2580645161290325	0.07220337983640165
4h	Tam	2.2795698924731185	0.07253284666753444
4h	Tam	2.3010752688172045	0.07285521847911723
4h	Tam	2.3225806451612905	0.07317038422356616
4h	Tam	2.3440860215053765	0.07347679790252343
4h	Tam	2.3655913978494625	0.07377556612047047
4h	Tam	2.3870967741935485	0.07406441303797308
4h	Tam	2.4086021505376345	0.07434521599171148
4h	Tam	2.4301075268817205	0.07461338365055772
4h	Tam	2.4516129032258065	0.074871050461205
4h	Tam	2.4731182795698925	0.07511721116785307
4h	Tam	2.4946236559139785	0.07534870150955758
4h	Tam	2.5161290322580645	0.0755647096071738
4h	Tam	2.537634408602151	0.07576344854576776
4h	Tam	2.559139784946237	0.07594273581261614
4h	Tam	2.580645161290323	0.07610020573432201
4h	Tam	2.602150537634409	0.0762369323494538
4h	Tam	2.623655913978495	0.07634801713259763
4h	Tam	2.645161290322581	0.07643401777752452
4h	Tam	2.666666666666667	0.07649383885288251
4h	Tam	2.688172043010753	0.07652592139021934
4h	Tam	2.709677419354839	0.0765294331625142
4h	Tam	2.731182795698925	0.07650353763315283
4h	Tam	2.752688172043011	0.07644842831096976
4h	Tam	2.774193548387097	0.07636547902846992
4h	Tam	2.795698924731183	0.07625405592596168
4h	Tam	2.817204301075269	0.07611687061281644
4h	Tam	2.838709677419355	0.0759557833682882
4h	Tam	2.860215053763441	0.07577362916534407
4h	Tam	2.881720430107527	0.0755719891626363
4h	Tam	2.903225806451613	0.07535306258790218
4h	Tam	2.924731182795699	0.0751195183590472
4h	Tam	2.946236559139785	0.07487416732120213
4h	Tam	2.967741935483871	0.07461928440039163
4h	Tam	2.9892473118279574	0.07435864785475821
4h	Tam	3.0107526881720434	0.0740938550037168
4h	Tam	3.0322580645161294	0.0738265897066294
4h	Tam	3.0537634408602155	0.07355750740824057
4h	Tam	3.0752688172043015	0.07328787288328768
4h	Tam	3.0967741935483875	0.07301752641221906
4h	Tam	3.1182795698924735	0.07274619073763301
4h	Tam	3.1397849462365595	0.0724740037588421
4h	Tam	3.1612903225806455	0.07220036406998319
4h	Tam	3.1827956989247315	0.07192283892550838
4h	Tam	3.2043010752688175	0.07163933485596059
4h	Tam	3.2258064516129035	0.0713480801724747
4h	Tam	3.2473118279569895	0.07104659242330719
4h	Tam	3.2688172043010755	0.07073362621391759
4h	Tam	3.2903225806451615	0.07040669731016322
4h	Tam	3.3118279569892475	0.07006388790755613
4h	Tam	3.3333333333333335	0.06970321451219476
4h	Tam	3.3548387096774195	0.06932267418585045
4h	Tam	3.3763440860215055	0.06892112205591633
4h	Tam	3.3978494623655915	0.06849826218484892
4h	Tam	3.4193548387096775	0.06805335077746145
4h	Tam	3.440860215053764	0.06758729591981784
4h	Tam	3.46236559139785	0.06709961174389106
4h	Tam	3.483870967741936	0.06659109582489194
4h	Tam	3.505376344086022	0.0660652116449685
4h	Tam	3.526881720430108	0.06552261659415157
4h	Tam	3.548387096774194	0.06496588322234176
4h	Tam	3.56989247311828	0.06439741523326979
4h	Tam	3.591397849462366	0.06382203588573913
4h	Tam	3.612903225806452	0.0632421875784549
4h	Tam	3.634408602150538	0.0626632183659646
4h	Tam	3.655913978494624	0.06208700835667316
4h	Tam	3.67741935483871	0.061520213402871136
4h	Tam	3.698924731182796	0.060964897038254924
4h	Tam	3.720430107526882	0.06042785018260196
4h	Tam	3.741935483870968	0.05991112722158824
4h	Tam	3.763440860215054	0.05941989006634448
4h	Tam	3.78494623655914	0.058956950219274315
4h	Tam	3.806451612903226	0.05852651996133861
4h	Tam	3.827956989247312	0.05813100075262268
4h	Tam	3.849462365591398	0.05777274586081517
4h	Tam	3.870967741935484	0.057453948284489804
4h	Tam	3.89247311827957	0.05717556176530276
4h	Tam	3.9139784946236564	0.05693700456875732
4h	Tam	3.9354838709677424	0.05673886602769751
4h	Tam	3.9569892473118284	0.056580465934261616
4h	Tam	3.9784946236559144	0.056460210557783705
4h	Tam	4.0	0.05637458565314049
4h	Tam	4.021505376344086	0.05632193577625945
4h	Tam	4.043010752688172	0.05629912044820781
4h	Tam	4.064516129032258	0.05630171527385079
4h	Tam	4.086021505376344	0.0563269426057111
4h	Tam	4.10752688172043	0.056369472639364857
4h	Tam	4.129032258064516	0.056426065540407064
4h	Tam	4.150537634408603	0.056492044861605306
4h	Tam	4.172043010752689	0.05656375594525166
4h	Tam	4.193548387096775	0.056638404390085786
4h	Tam	4.215053763440861	0.056711618434255866
4h	Tam	4.236559139784947	0.05678087876605489
4h	Tam	4.258064516129033	0.056844648994662725
4h	Tam	4.279569892473119	0.056899935281835366
4h	Tam	4.301075268817205	0.05694582525749254
4h	Tam	4.322580645161291	0.05698143423828202
4h	Tam	4.344086021505377	0.057006646700637334
4h	Tam	4.365591397849463	0.05702092895438683
4h	Tam	4.387096774193549	0.05702424085560379
4h	Tam	4.408602150537635	0.05701748473871531
4h	Tam	4.430107526881721	0.05700126669524206
4h	Tam	4.451612903225807	0.05697654063021913
4h	Tam	4.473118279569893	0.05694365259898755
4h	Tam	4.494623655913979	0.05690326822621001
4h	Tam	4.516129032258065	0.05685607372818795
4h	Tam	4.537634408602151	0.05680189810970823
4h	Tam	4.559139784946237	0.05674181890890383
4h	Tam	4.580645161290323	0.056675390404214855
4h	Tam	4.602150537634409	0.05660166826751699
4h	Tam	4.623655913978495	0.056520741506564304
4h	Tam	4.645161290322581	0.05643187194353621
4h	Tam	4.666666666666667	0.05633439701259001
4h	Tam	4.688172043010753	0.05622755301688155
4h	Tam	4.709677419354839	0.05611034875768267
4h	Tam	4.731182795698925	0.055982284380653655
4h	Tam	4.752688172043011	0.05584282207677844
4h	Tam	4.774193548387097	0.055692497792631884
4h	Tam	4.795698924731183	0.0555308157889653
4h	Tam	4.817204301075269	0.05535866392042351
4h	Tam	4.838709677419355	0.05517720415583076
4h	Tam	4.860215053763441	0.0549869390507745
4h	Tam	4.881720430107527	0.054790520298391474
4h	Tam	4.903225806451613	0.05459009044260786
4h	Tam	4.924731182795699	0.05438751095468955
4h	Tam	4.946236559139785	0.05418590476646617
4h	Tam	4.967741935483871	0.053988124515299815
4h	Tam	4.989247311827957	0.05379695162998217
4h	Tam	5.010752688172043	0.053615470639173844
4h	Tam	5.032258064516129	0.053446550818106
4h	Tam	5.053763440860216	0.05329298424822696
4h	Tam	5.075268817204302	0.053156360637340284
4h	Tam	5.096774193548388	0.05303866292944855
4h	Tam	5.118279569892474	0.0529410599764058
4h	Tam	5.13978494623656	0.05286382364730482
4h	Tam	5.161290322580646	0.052807000694500866
4h	Tam	5.182795698924732	0.05276950926051492
4h	Tam	5.204301075268818	0.05275011952835197
4h	Tam	5.225806451612904	0.05274735368727256
4h	Tam	5.24731182795699	0.052758034271476115
4h	Tam	5.268817204301076	0.052778936277895684
4h	Tam	5.290322580645162	0.05280726521249642
4h	Tam	5.311827956989248	0.05283876901691149
4h	Tam	5.333333333333334	0.05286999422840808
4h	Tam	5.35483870967742	0.05289736619532409
4h	Tam	5.376344086021506	0.05291749320545193
4h	Tam	5.397849462365592	0.052926431894200876
4h	Tam	5.419354838709678	0.052921310106414654
4h	Tam	5.440860215053764	0.05289978292091213
4h	Tam	5.46236559139785	0.05285982805901739
4h	Tam	5.483870967741936	0.05279974644881288
4h	Tam	5.505376344086022	0.052718843957618305
4h	Tam	5.526881720430108	0.052617066817648196
4h	Tam	5.548387096774194	0.052494622491059684
4h	Tam	5.56989247311828	0.05235253732073809
4h	Tam	5.591397849462366	0.05219223900202782
4h	Tam	5.612903225806452	0.052016345040696736
4h	Tam	5.634408602150538	0.05182640777352389
4h	Tam	5.655913978494624	0.051626608392443145
4h	Tam	5.67741935483871	0.05141907443265888
4h	Tam	5.698924731182796	0.051207843827343565
4h	Tam	5.720430107526882	0.050996305392163294
4h	Tam	5.741935483870968	0.05078791445473759
4h	Tam	5.763440860215054	0.050586348269705664
4h	Tam	5.78494623655914	0.05039468685151175
4h	Tam	5.806451612903226	0.05021701692570306
4h	Tam	5.827956989247312	0.050055341524781846
4h	Tam	5.849462365591398	0.04991221454694142
4h	Tam	5.870967741935484	0.04979071760867282
4h	Tam	5.89247311827957	0.04969207174384483
4h	Tam	5.913978494623656	0.04961762390853552
4h	Tam	5.935483870967742	0.049567787579012916
4h	Tam	5.956989247311828	0.049542185216818455
4h	Tam	5.978494623655915	0.04954070282601791
4h	Tam	6.000000000000001	0.04956270486718682
4h	Tam	6.021505376344087	0.04960653471107823
4h	Tam	6.043010752688173	0.0496697540227248
4h	Tam	6.064516129032259	0.04974996077750497
4h	Tam	6.086021505376345	0.049844988115488015
4h	Tam	6.107526881720431	0.04995192982234251
4h	Tam	6.129032258064517	0.050067298962832636
4h	Tam	6.150537634408603	0.05018875509836211
4h	Tam	6.172043010752689	0.050313176980742065
4h	Tam	6.193548387096775	0.050437798167486496
4h	Tam	6.215053763440861	0.05056087642142306
4h	Tam	6.236559139784947	0.05067971664840968
4h	Tam	6.258064516129033	0.05079278195873066
4h	Tam	6.279569892473119	0.05089925860966157
4h	Tam	6.301075268817205	0.05099836767032108
4h	Tam	6.322580645161291	0.0510895752378615
4h	Tam	6.344086021505377	0.051173367979195486
4h	Tam	6.365591397849463	0.05125031198400406
4h	Tam	6.387096774193549	0.051320954619860686
4h	Tam	6.408602150537635	0.0513871731446318
4h	Tam	6.430107526881721	0.05144981166616485
4h	Tam	6.451612903225807	0.051510483324938426
4h	Tam	6.473118279569893	0.0515708837407444
4h	Tam	6.494623655913979	0.05163282415611096
4h	Tam	6.516129032258065	0.05169776426543949
4h	Tam	6.537634408602151	0.051767956825570435
4h	Tam	6.559139784946237	0.051843714941934536
4h	Tam	6.580645161290323	0.05192723851969325
4h	Tam	6.602150537634409	0.05201907017676189
4h	Tam	6.623655913978495	0.05212079993977667
4h	Tam	6.645161290322581	0.05223325190527021
4h	Tam	6.666666666666667	0.052357392924146685
4h	Tam	6.688172043010753	0.05249415362035577
4h	Tam	6.709677419354839	0.052643393820136275
4h	Tam	6.731182795698925	0.05280643975016158
4h	Tam	6.752688172043011	0.05298308367809027
4h	Tam	6.774193548387097	0.053173886068625796
4h	Tam	6.795698924731183	0.053379042015269655
4h	Tam	6.817204301075269	0.05359876735596974
4h	Tam	6.838709677419355	0.05383229378996427
4h	Tam	6.860215053763441	0.05408057941807341
4h	Tam	6.881720430107528	0.05434202347036813
4h	Tam	6.903225806451614	0.05461686878232617
4h	Tam	6.9247311827957	0.054904541149429525
4h	Tam	6.946236559139786	0.0552048333286485
4h	Tam	6.967741935483872	0.055517302537283285
4h	Tam	6.989247311827958	0.05584119674079955
4h	Tam	7.010752688172044	0.05617575409433313
4h	Tam	7.03225806451613	0.05652075500884205
4h	Tam	7.053763440860216	0.05687622418409261
4h	Tam	7.075268817204302	0.05724214314164607
4h	Tam	7.096774193548388	0.057619300807404586
4h	Tam	7.118279569892474	0.058007913554808575
4h	Tam	7.13978494623656	0.05840838426394157
4h	Tam	7.161290322580646	0.05882199798000972
4h	Tam	7.182795698924732	0.059250359830690554
4h	Tam	7.204301075268818	0.05969529784004759
4h	Tam	7.225806451612904	0.0601571284602627
4h	Tam	7.24731182795699	0.06063887395354912
4h	Tam	7.268817204301076	0.061141438125574626
4h	Tam	7.290322580645162	0.061666825581341816
4h	Tam	7.311827956989248	0.06221625162447912
4h	Tam	7.333333333333334	0.0627912103867168
4h	Tam	7.35483870967742	0.063392479549836
4h	Tam	7.376344086021506	0.06401996466622209
4h	Tam	7.397849462365592	0.06467409364345421
4h	Tam	7.419354838709678	0.06535512910091844
4h	Tam	7.440860215053764	0.06606129442815083
4h	Tam	7.46236559139785	0.06679120312554321
4h	Tam	7.483870967741936	0.06754344536773034
4h	Tam	7.505376344086022	0.06831517160058834
4h	Tam	7.526881720430108	0.06910445331509506
4h	Tam	7.548387096774194	0.0699084281728011
4h	Tam	7.56989247311828	0.07072397627209544
4h	Tam	7.591397849462366	0.07154853821686469
4h	Tam	7.612903225806452	0.07237860373318157
4h	Tam	7.634408602150538	0.07321246219404061
4h	Tam	7.655913978494624	0.07404712352146083
4h	Tam	7.67741935483871	0.07488053713727978
4h	Tam	7.698924731182796	0.0757107902971757
4h	Tam	7.720430107526882	0.07653643616107896
4h	Tam	7.741935483870968	0.07735730887798989
4h	Tam	7.763440860215054	0.078172115030903
4h	Tam	7.78494623655914	0.07898110230338266
4h	Tam	7.806451612903227	0.07978469329934368
4h	Tam	7.827956989247313	0.08058399226006177
4h	Tam	7.849462365591399	0.08138038481404515
4h	Tam	7.870967741935485	0.08217459623165575
4h	Tam	7.892473118279571	0.0829690083413824
4h	Tam	7.913978494623657	0.08376527585203278
4h	Tam	7.935483870967743	0.08456547962882655
4h	Tam	7.956989247311829	0.085372235883163
4h	Tam	7.978494623655915	0.08618670412488294
4h	Tam	8.0	0.08701144501989942
4h	Tam	8.021505376344086	0.08784786141745497
4h	Tam	8.043010752688172	0.08869829391174576
4h	Tam	8.064516129032258	0.08956385618668122
4h	Tam	8.086021505376344	0.09044534774295704
4h	Tam	8.10752688172043	0.09134447773605013
4h	Tam	8.129032258064516	0.09226119732376384
4h	Tam	8.150537634408602	0.09319671567607414
4h	Tam	8.172043010752688	0.09415015297310012
4h	Tam	8.193548387096774	0.09512185972045184
4h	Tam	8.21505376344086	0.0961114772331211
4h	Tam	8.236559139784946	0.09711796390789987
4h	Tam	8.258064516129032	0.09814043843943743
4h	Tam	8.27956989247312	0.09917676562572354
4h	Tam	8.301075268817206	0.10022581689591083
4h	Tam	8.322580645161292	0.10128509046627567
4h	Tam	8.344086021505378	0.10235253331969786
4h	Tam	8.365591397849464	0.10342572517262331
4h	Tam	8.38709677419355	0.1045021741199728
4h	Tam	8.408602150537636	0.10557897675699976
4h	Tam	8.430107526881722	0.10665353641036673
4h	Tam	8.451612903225808	0.10772289303881362
4h	Tam	8.473118279569894	0.10878411657358507
4h	Tam	8.49462365591398	0.1098347291932882
4h	Tam	8.516129032258066	0.11087306517200546
4h	Tam	8.537634408602152	0.11189625178563556
4h	Tam	8.559139784946238	0.11290372166088383
4h	Tam	8.580645161290324	0.1138941071768495
4h	Tam	8.60215053763441	0.11486598592135053
4h	Tam	8.623655913978496	0.1158190911607518
4h	Tam	8.645161290322582	0.11675358470770944
4h	Tam	8.666666666666668	0.11766994437948151
4h	Tam	8.688172043010754	0.11856926339614886
4h	Tam	8.70967741935484	0.11945240672253646
4h	Tam	8.731182795698926	0.1203221539195117
4h	Tam	8.752688172043012	0.12117884724343787
4h	Tam	8.774193548387098	0.1220250041426024
4h	Tam	8.795698924731184	0.12286302956206767
4h	Tam	8.81720430107527	0.1236954760314634
4h	Tam	8.838709677419356	0.12452382063500397
4h	Tam	8.860215053763442	0.1253487156066809
4h	Tam	8.881720430107528	0.12617339274051798
4h	Tam	8.903225806451614	0.12699810797961594
4h	Tam	8.9247311827957	0.12782419261901162
4h	Tam	8.946236559139786	0.12865138425151595
4h	Tam	8.967741935483872	0.12948069577139795
4h	Tam	8.989247311827958	0.13031229080744178
4h	Tam	9.010752688172044	0.13114524883106976
4h	Tam	9.03225806451613	0.13197946491538584
4h	Tam	9.053763440860216	0.13281386169634513
4h	Tam	9.075268817204302	0.13364771908330644
4h	Tam	9.096774193548388	0.13447996185883007
4h	Tam	9.118279569892474	0.13531053246904284
4h	Tam	9.13978494623656	0.13613798867674778
4h	Tam	9.161290322580646	0.13696185206263964
4h	Tam	9.182795698924732	0.1377811174363736
4h	Tam	9.204301075268818	0.13859511202147085
4h	Tam	9.225806451612904	0.1394046757965369
4h	Tam	9.24731182795699	0.14020815974776066
4h	Tam	9.268817204301076	0.14100640611060195
4h	Tam	9.290322580645162	0.14179884989354777
4h	Tam	9.311827956989248	0.14258483436443983
4h	Tam	9.333333333333334	0.143364305271699
4h	Tam	9.35483870967742	0.14413614146119155
4h	Tam	9.376344086021506	0.14490041591391792
4h	Tam	9.397849462365592	0.1456561794209186
4h	Tam	9.419354838709678	0.14640148849618545
4h	Tam	9.440860215053764	0.14713578207216121
4h	Tam	9.46236559139785	0.14785730337198555
4h	Tam	9.483870967741936	0.1485633861725011
4h	Tam	9.505376344086022	0.1492516585120905
4h	Tam	9.526881720430108	0.1499198043671095
4h	Tam	9.548387096774194	0.1505655930415408
4h	Tam	9.56989247311828	0.15118614249409057
4h	Tam	9.591397849462366	0.1517790995611727
4h	Tam	9.612903225806452	0.15234262941184815
4h	Tam	9.634408602150538	0.15287319419154216
4h	Tam	9.655913978494624	0.15336956635791904
4h	Tam	9.67741935483871	0.1538310279454779
4h	Tam	9.698924731182796	0.15425572054200568
4h	Tam	9.720430107526882	0.15464302467207627
4h	Tam	9.741935483870968	0.15499317390955708
4h	Tam	9.763440860215054	0.15530724276596958
4h	Tam	9.78494623655914	0.1555850421222574
4h	Tam	9.806451612903226	0.15582806510506955
4h	Tam	9.827956989247312	0.15603819784071238
4h	Tam	9.849462365591398	0.1562169102021769
4h	Tam	9.870967741935484	0.1563656846402305
4h	Tam	9.89247311827957	0.1564865096592353
4h	Tam	9.913978494623656	0.15658163052965007
4h	Tam	9.935483870967742	0.1566514380505764
4h	Tam	9.956989247311828	0.15669826469156667
4h	Tam	9.978494623655914	0.15672213538061303
4h	Tam	10.0	0.15672297292065204
4h	Tam	10.021505376344086	0.15670076129251595
4h	Tam	10.043010752688172	0.156654715724008
4h	Tam	10.064516129032258	0.15658356070673082
4h	Tam	10.086021505376344	0.15648556437131958
4h	Tam	10.107526881720432	0.15635816953395798
4h	Tam	10.129032258064518	0.1561996138220417
4h	Tam	10.150537634408604	0.15600555028310492
4h	Tam	10.17204301075269	0.15577535064377188
4h	Tam	10.193548387096776	0.15550582144956712
4h	Tam	10.215053763440862	0.15519455490588988
4h	Tam	10.236559139784948	0.15483964366387595
4h	Tam	10.258064516129034	0.15443946447861662
4h	Tam	10.27956989247312	0.15399417283358657
4h	Tam	10.301075268817206	0.1535027202211551
4h	Tam	10.322580645161292	0.15296623696955416
4h	Tam	10.344086021505378	0.15238622961049786
4h	Tam	10.365591397849464	0.15176471103020941
4h	Tam	10.38709677419355	0.15110410887467374
4h	Tam	10.408602150537636	0.15040783862730772
4h	Tam	10.430107526881722	0.1496799078682132
4h	Tam	10.451612903225808	0.14892434082721925
4h	Tam	10.473118279569894	0.14814560991661946
4h	Tam	10.49462365591398	0.14734758854581856
4h	Tam	10.516129032258066	0.14653355222781497
4h	Tam	10.537634408602152	0.14570826863953243
4h	Tam	10.559139784946238	0.14487472993888123
4h	Tam	10.580645161290324	0.14403518963403805
4h	Tam	10.60215053763441	0.14319306894362285
4h	Tam	10.623655913978496	0.142348312204697
4h	Tam	10.645161290322582	0.1415023660239031
4h	Tam	10.666666666666668	0.14065471090762846
4h	Tam	10.688172043010754	0.13980483912743177
4h	Tam	10.70967741935484	0.13895087667350306
4h	Tam	10.731182795698926	0.13809024384868393
4h	Tam	10.752688172043012	0.13722158988417832
4h	Tam	10.774193548387098	0.1363409160926396
4h	Tam	10.795698924731184	0.1354446969100782
4h	Tam	10.81720430107527	0.1345286108047442
4h	Tam	10.838709677419356	0.13359072792761734
4h	Tam	10.860215053763442	0.13262739917875443
4h	Tam	10.881720430107528	0.1316340482351157
4h	Tam	10.903225806451614	0.13060866241398975
4h	Tam	10.9247311827957	0.12954837772832725
4h	Tam	10.946236559139786	0.12845128979888976
4h	Tam	10.967741935483872	0.1273150212289927
4h	Tam	10.989247311827958	0.1261395467704315
4h	Tam	11.010752688172044	0.12492488707134988
4h	Tam	11.03225806451613	0.12367070935381577
4h	Tam	11.053763440860216	0.12237831159222069
4h	Tam	11.075268817204302	0.12104935674746156
4h	Tam	11.096774193548388	0.11968562590034668
4h	Tam	11.118279569892474	0.11828957260892807
4h	Tam	11.13978494623656	0.11686494939886072
4h	Tam	11.161290322580646	0.11541469029886399
4h	Tam	11.182795698924732	0.11394290587129538
4h	Tam	11.204301075268818	0.11245300774131635
4h	Tam	11.225806451612904	0.11094847263828923
4h	Tam	11.24731182795699	0.1094334652463091
4h	Tam	11.268817204301076	0.10791118818016907
4h	Tam	11.290322580645162	0.10638481071769447
4h	Tam	11.311827956989248	0.10485822564861573
4h	Tam	11.333333333333334	0.10333317979894208
4h	Tam	11.35483870967742	0.10181273654711315
4h	Tam	11.376344086021506	0.10029790426455082
4h	Tam	11.397849462365592	0.09879000290218411
4h	Tam	11.419354838709678	0.0972902555007696
4h	Tam	11.440860215053764	0.09579888587899557
4h	Tam	11.46236559139785	0.09431623998406555
4h	Tam	11.483870967741936	0.09284250174737614
4h	Tam	11.505376344086022	0.09137711175606693
4h	Tam	11.526881720430108	0.0899189787724709
4h	Tam	11.548387096774194	0.08846688351222379
4h	Tam	11.56989247311828	0.08702145067961602
4h	Tam	11.591397849462366	0.0855802725457456
4h	Tam	11.612903225806452	0.08414335525224109
4h	Tam	11.634408602150538	0.08271049152003768
4h	Tam	11.655913978494624	0.08128060547029121
4h	Tam	11.67741935483871	0.07985315445817512
4h	Tam	11.698924731182796	0.07842925025620041
4h	Tam	11.720430107526882	0.07700830924206523
4h	Tam	11.741935483870968	0.07559048530145948
4h	Tam	11.763440860215054	0.07417638282567428
4h	Tam	11.78494623655914	0.07276746487615583
4h	Tam	11.806451612903226	0.0713643073518345
4h	Tam	11.827956989247312	0.06996775806727337
4h	Tam	11.849462365591398	0.06857992172667335
4h	Tam	11.870967741935484	0.06720267126387752
4h	Tam	11.89247311827957	0.06583689991646174
4h	Tam	11.913978494623656	0.06448405082111897
4h	Tam	11.935483870967744	0.06314707210939606
4h	Tam	11.95698924731183	0.06182647535854177
4h	Tam	11.978494623655916	0.06052510416599369
4h	Tam	12.000000000000002	0.05924420561426115
4h	Tam	12.021505376344088	0.0579856577122816
4h	Tam	12.043010752688174	0.05675097656006833
4h	Tam	12.06451612903226	0.05554183511055318
4h	Tam	12.086021505376346	0.05435927286566877
4h	Tam	12.107526881720432	0.05320489227911186
4h	Tam	12.129032258064518	0.05207942660693594
4h	Tam	12.150537634408604	0.050984310692436204
4h	Tam	12.17204301075269	0.04991910251532733
4h	Tam	12.193548387096776	0.048884686060510996
4h	Tam	12.215053763440862	0.0478814016629756
4h	Tam	12.236559139784948	0.04690956801242585
4h	Tam	12.258064516129034	0.0459686918028414
4h	Tam	12.27956989247312	0.04505787660583074
4h	Tam	12.301075268817206	0.044176788745266406
4h	Tam	12.322580645161292	0.043324589819170804
4h	Tam	12.344086021505378	0.042499746311707415
4h	Tam	12.365591397849464	0.04170115775129039
4h	Tam	12.38709677419355	0.040927674003531395
4h	Tam	12.408602150537636	0.04017748784197768
4h	Tam	12.430107526881722	0.03944870630619425
4h	Tam	12.451612903225808	0.03873987847904105
4h	Tam	12.473118279569894	0.03804867626066856
4h	Tam	12.49462365591398	0.0373737655195332
4h	Tam	12.516129032258066	0.03671326226478207
4h	Tam	12.537634408602152	0.03606519481154677
4h	Tam	12.559139784946238	0.035427579605109526
4h	Tam	12.580645161290324	0.034799203940358604
4h	Tam	12.60215053763441	0.034178551157865056
4h	Tam	12.623655913978496	0.03356439676231332
4h	Tam	12.645161290322582	0.03295499399656514
4h	Tam	12.666666666666668	0.03235000177714178
4h	Tam	12.688172043010754	0.03174795231578507
4h	Tam	12.70967741935484	0.03114906231247374
4h	Tam	12.731182795698926	0.030552043283422724
4h	Tam	12.752688172043012	0.02995683623452101
4h	Tam	12.774193548387098	0.029363385222419432
4h	Tam	12.795698924731184	0.02877166789628901
4h	Tam	12.81720430107527	0.02818227009774224
4h	Tam	12.838709677419356	0.02759491511516709
4h	Tam	12.860215053763442	0.027009907425813464
4h	Tam	12.881720430107528	0.026428022346082124
4h	Tam	12.903225806451614	0.025849442177679136
4h	Tam	12.9247311827957	0.02527455454784645
4h	Tam	12.946236559139786	0.02470429034379385
4h	Tam	12.967741935483872	0.02413904594784579
4h	Tam	12.989247311827958	0.023578765014578732
4h	Tam	13.010752688172044	0.02302440586775108
4h	Tam	13.03225806451613	0.02247613348539954
4h	Tam	13.053763440860216	0.021934397986064967
4h	Tam	13.075268817204302	0.02139977201486401
4h	Tam	13.096774193548388	0.02087271492230614
4h	Tam	13.118279569892474	0.020353311759452247
4h	Tam	13.13978494623656	0.019841941619728645
4h	Tam	13.161290322580646	0.01933888999757552
4h	Tam	13.182795698924732	0.018844494468484203
4h	Tam	13.204301075268818	0.018359393546890593
4h	Tam	13.225806451612904	0.0178837544140249
4h	Tam	13.24731182795699	0.01741783760040116
4h	Tam	13.268817204301076	0.016962249314300286
4h	Tam	13.290322580645162	0.016517143777439
4h	Tam	13.311827956989248	0.016082740886510558
4h	Tam	13.333333333333334	0.01565953071248985
4h	Tam	13.35483870967742	0.01524770047468437
4h	Tam	13.376344086021506	0.014847837538911626
4h	Tam	13.397849462365592	0.01446018099750352
4h	Tam	13.419354838709678	0.014084800383205285
4h	Tam	13.440860215053764	0.013722089608788082
4h	Tam	13.46236559139785	0.013372147976797385
4h	Tam	13.483870967741936	0.013035160941200403
4h	Tam	13.505376344086022	0.012711362936975846
4h	Tam	13.526881720430108	0.012400516726182208
4h	Tam	13.548387096774194	0.01210294658373873
4h	Tam	13.56989247311828	0.01181795371915668
4h	Tam	13.591397849462366	0.011546147547218643
4h	Tam	13.612903225806452	0.011286732483522393
4h	Tam	13.634408602150538	0.011039623032545192
4h	Tam	13.655913978494624	0.010804508552604996
4h	Tam	13.67741935483871	0.010581120341023764
4h	Tam	13.698924731182796	0.010368659750337964
4h	Tam	13.720430107526882	0.01016729892465039
4h	Tam	13.741935483870968	0.009976392637465865
4h	Tam	13.763440860215056	0.009795533158448274
4h	Tam	13.784946236559142	0.009624217919250612
4h	Tam	13.806451612903228	0.009462136027255272
4h	Tam	13.827956989247314	0.009308903605386411
4h	Tam	13.8494623655914	0.009163705754127638
4h	Tam	13.870967741935486	0.009026321226751441
4h	Tam	13.892473118279572	0.00889636336973167
4h	Tam	13.913978494623658	0.008773525104678829
4h	Tam	13.935483870967744	0.008656836130106748
4h	Tam	13.95698924731183	0.008546135767540658
4h	Tam	13.978494623655916	0.008440853489686066
4h	Tam	14.000000000000002	0.008340576045664629
4h	Tam	14.021505376344088	0.00824461366052278
4h	Tam	14.043010752688174	0.008152276454502392
4h	Tam	14.06451612903226	0.008063122298412093
4h	Tam	14.086021505376346	0.007976685792622937
4h	Tam	14.107526881720432	0.007892129865864125
4h	Tam	14.129032258064518	0.00780901815379997
4h	Tam	14.150537634408604	0.0077266218109996974
4h	Tam	14.17204301075269	0.007644612226648805
4h	Tam	14.193548387096776	0.007562093516656334
4h	Tam	14.215053763440862	0.007478502244706339
4h	Tam	14.236559139784948	0.007393702434541135
4h	Tam	14.258064516129034	0.007307072600379491
4h	Tam	14.27956989247312	0.007218415716183162
4h	Tam	14.301075268817206	0.007127264428573913
4h	Tam	14.322580645161292	0.007033341533511291
4h	Tam	14.344086021505378	0.006936626917914629
4h	Tam	14.365591397849464	0.00683700902175131
4h	Tam	14.38709677419355	0.006734209517205714
4h	Tam	14.408602150537636	0.006628468850632483
4h	Tam	14.430107526881722	0.0065198823922766455
4h	Tam	14.451612903225808	0.006408546275548336
4h	Tam	14.473118279569894	0.0062950281538413574
4h	Tam	14.49462365591398	0.0061792656783157185
4h	Tam	14.516129032258066	0.006061779008641275
4h	Tam	14.537634408602152	0.005942881394946593
4h	Tam	14.559139784946238	0.005823065941115644
4h	Tam	14.580645161290324	0.00570281874133593
4h	Tam	14.60215053763441	0.005582479879497543
4h	Tam	14.623655913978496	0.005462774361982091
4h	Tam	14.645161290322582	0.0053442309831631465
4h	Tam	14.666666666666668	0.005227235251396769
4h	Tam	14.688172043010754	0.005112478656959997
4h	Tam	14.70967741935484	0.005000518491809944
4h	Tam	14.731182795698926	0.004891773262741776
4h	Tam	14.752688172043012	0.004786925569287088
4h	Tam	14.774193548387098	0.004686133843163699
4h	Tam	14.795698924731184	0.004589849575054749
4h	Tam	14.81720430107527	0.004498315478719122
4h	Tam	14.838709677419356	0.004411583439741821
4h	Tam	14.860215053763442	0.004329876296438638
4h	Tam	14.881720430107528	0.004252985082519034
4h	Tam	14.903225806451614	0.00418077099293408
4h	Tam	14.9247311827957	0.004112925787865292
4h	Tam	14.946236559139786	0.004048946719477779
4h	Tam	14.967741935483872	0.003988200685389167
4h	Tam	14.989247311827958	0.003930157232298138
4h	Tam	15.010752688172044	0.0038739670707996247
4h	Tam	15.03225806451613	0.0038191010818853454
4h	Tam	15.053763440860216	0.0037643837535439252
4h	Tam	15.075268817204302	0.0037090475951244567
4h	Tam	15.096774193548388	0.00365231219224973
4h	Tam	15.118279569892474	0.0035934088527331287
4h	Tam	15.13978494623656	0.0035315489714829043
4h	Tam	15.161290322580646	0.003466104406762814
4h	Tam	15.182795698924732	0.003396552469037072
4h	Tam	15.204301075268818	0.003322503639046706
4h	Tam	15.225806451612904	0.00324396167359153
4h	Tam	15.24731182795699	0.003160664373790469
4h	Tam	15.268817204301076	0.0030728665629496093
4h	Tam	15.290322580645162	0.002980886674566527
4h	Tam	15.311827956989248	0.002885267214634028
4h	Tam	15.333333333333334	0.002786500419864412
4h	Tam	15.35483870967742	0.002685392441591431
4h	Tam	15.376344086021506	0.0025828890616906336
4h	Tam	15.397849462365592	0.002479766185905282
4h	Tam	15.419354838709678	0.0023772720126790862
4h	Tam	15.440860215053764	0.0022763965037428434
4h	Tam	15.46236559139785	0.0021782651807776476
4h	Tam	15.483870967741936	0.002083827956003636
4h	Tam	15.505376344086022	0.0019941106948685077
4h	Tam	15.526881720430108	0.0019099275114528213
4h	Tam	15.548387096774194	0.001832056575925602
4h	Tam	15.56989247311828	0.0017612132838618344
4h	Tam	15.591397849462366	0.0016977769463812121
4h	Tam	15.612903225806454	0.0016420907411069134
4h	Tam	15.63440860215054	0.0015942858518939972
4h	Tam	15.655913978494626	0.0015543159477999018
4h	Tam	15.677419354838712	0.001521960504932863
4h	Tam	15.698924731182798	0.001496859344544285
4h	Tam	15.720430107526884	0.0014783368824498116
4h	Tam	15.74193548387097	0.0014659353246463615
4h	Tam	15.763440860215056	0.0014587359385528139
4h	Tam	15.784946236559142	0.0014559789283554198
4h	Tam	15.806451612903228	0.0014566391529619255
4h	Tam	15.827956989247314	0.001459678404178032
4h	Tam	15.8494623655914	0.0014642724280414647
4h	Tam	15.870967741935486	0.0014694274168014416
4h	Tam	15.892473118279572	0.0014742093470431592
4h	Tam	15.913978494623658	0.0014777889041672817
4h	Tam	15.935483870967744	0.0014793725164444723
4h	Tam	15.95698924731183	0.0014784254851452994
4h	Tam	15.978494623655916	0.0014744125193358372
4h	Tam	16.0	0.0014668977574209228
4h	Tam	16.021505376344088	0.0014555278856804301
4h	Tam	16.043010752688172	0.001440291471711939
4h	Tam	16.06451612903226	0.0014211023390376216
4h	Tam	16.086021505376344	0.00139794246826127
4h	Tam	16.107526881720432	0.0013710434345619513
4h	Tam	16.129032258064516	0.0013406195785693497
4h	Tam	16.150537634408604	0.0013070634585908973
4h	Tam	16.172043010752688	0.0012706486458172424
4h	Tam	16.193548387096776	0.001231832867555394
4h	Tam	16.21505376344086	0.0011909639912271858
4h	Tam	16.236559139784948	0.00114853096452513
4h	Tam	16.258064516129032	0.0011049507852473456
4h	Tam	16.27956989247312	0.001060553983537054
4h	Tam	16.301075268817204	0.0010158335005682453
4h	Tam	16.322580645161292	0.0009711895913314249
4h	Tam	16.344086021505376	0.0009268105428033784
4h	Tam	16.365591397849464	0.000883183559344287
4h	Tam	16.387096774193548	0.0008406064312419721
4h	Tam	16.408602150537636	0.000799242061375841
4h	Tam	16.43010752688172	0.0007593687004268474
4h	Tam	16.451612903225808	0.000721228163128986
4h	Tam	16.473118279569892	0.0006849780575150301
4h	Tam	16.49462365591398	0.0006507880113248512
4h	Tam	16.516129032258064	0.0006187777544505514
4h	Tam	16.537634408602152	0.0005891393508195719
4h	Tam	16.55913978494624	0.0005619357013909175
4h	Tam	16.580645161290324	0.0005372317347341776
4h	Tam	16.60215053763441	0.0005150774208656139
4h	Tam	16.623655913978496	0.00049549643777579
4h	Tam	16.645161290322584	0.0004784856717996526
4h	Tam	16.666666666666668	0.00046401507251552843
4h	Tam	16.688172043010756	0.00045202800536597377
4h	Tam	16.70967741935484	0.00044251539082780327
4h	Tam	16.731182795698928	0.0004352538271098107
4h	Tam	16.752688172043012	0.00043011784130241016
4h	Tam	16.7741935483871	0.00042708281314443385
4h	Tam	16.795698924731184	0.0004259184541585819
4h	Tam	16.81720430107527	0.00042645607419129663
4h	Tam	16.838709677419356	0.00042849335632558845
4h	Tam	16.860215053763444	0.0004319096344979007
4h	Tam	16.881720430107528	0.00043646261640562347
4h	Tam	16.903225806451616	0.0004420347569942568
4h	Tam	16.9247311827957	0.0004483924521274041
4h	Tam	16.946236559139788	0.0004554053190729572
4h	Tam	16.967741935483872	0.00046291556806817876
4h	Tam	16.98924731182796	0.00047077508910386685
4h	Tam	17.010752688172044	0.0004788194453026986
4h	Tam	17.03225806451613	0.0004869269185247906
4h	Tam	17.053763440860216	0.0004950856042999575
4h	Tam	17.075268817204304	0.0005031134452122273
4h	Tam	17.096774193548388	0.0005108478167587777
4h	Tam	17.118279569892476	0.0005181900876813498
4h	Tam	17.13978494623656	0.0005251051710736862
4h	Tam	17.161290322580648	0.0005314663774811713
4h	Tam	17.182795698924732	0.000537187321810656
4h	Tam	17.20430107526882	0.0005421598800878719
4h	Tam	17.225806451612904	0.0005463664316663037
4h	Tam	17.24731182795699	0.0005496999893980204
4h	Tam	17.268817204301076	0.0005520712208914681
4h	Tam	17.290322580645164	0.000553458634193128
4h	Tam	17.311827956989248	0.0005538403388526268
4h	Tam	17.333333333333336	0.0005531459751726848
4h	Tam	17.35483870967742	0.0005513527400604146
4h	Tam	17.376344086021508	0.0005484234152414443
4h	Tam	17.397849462365592	0.000544418034547953
4h	Tam	17.41935483870968	0.0005393128539592026
4h	Tam	17.440860215053764	0.000533131684016897
4h	Tam	17.46236559139785	0.0005258826756211293
4h	Tam	17.483870967741936	0.0005176429451953402
4h	Tam	17.505376344086024	0.0005084881108364076
4h	Tam	17.526881720430108	0.0004984786937438573
4h	Tam	17.548387096774196	0.00048762253397404613
4h	Tam	17.56989247311828	0.00047601819225023785
4h	Tam	17.591397849462368	0.00046374266542780927
4h	Tam	17.612903225806452	0.000450876571984065
4h	Tam	17.63440860215054	0.0004375034609570984
4h	Tam	17.655913978494624	0.0004237091599003227
4h	Tam	17.67741935483871	0.00040958112708986224
4h	Tam	17.698924731182796	0.0003952077712613756
4h	Tam	17.720430107526884	0.0003806777072637804
4h	Tam	17.741935483870968	0.0003660789272948773
4h	Tam	17.763440860215056	0.00035149788312124837
4h	Tam	17.78494623655914	0.0003370184926024562
4h	Tam	17.806451612903228	0.00032269516005567435
4h	Tam	17.827956989247312	0.00030866319186767727
4h	Tam	17.8494623655914	0.00029495691933387734
4h	Tam	17.870967741935484	0.0002816406171012852
4h	Tam	17.89247311827957	0.00026877125209600304
4h	Tam	17.913978494623656	0.0002563980310273401
4h	Tam	17.935483870967744	0.0002445621788333698
4h	Tam	17.956989247311828	0.0002332710136620991
4h	Tam	17.978494623655916	0.00022260963872700726
4h	Tam	18.0	0.00021253452956964186
4h	Tam	18.021505376344088	0.00020315392338421092
4h	Tam	18.043010752688172	0.00019437925771691834
4h	Tam	18.06451612903226	0.00018623856290318525
4h	Tam	18.086021505376344	0.00017872909816265357
4h	Tam	18.107526881720432	0.00017184384519342786
4h	Tam	18.129032258064516	0.0001655718927667924
4h	Tam	18.150537634408604	0.00015989864074287738
4h	Tam	18.172043010752688	0.00015477989380994117
4h	Tam	18.193548387096776	0.00015025321649681254
4h	Tam	18.21505376344086	0.00014625686271898963
4h	Tam	18.236559139784948	0.00014276138145086735
4h	Tam	18.258064516129032	0.00013973295812436896
4h	Tam	18.27956989247312	0.0001371334942741755
4h	Tam	18.301075268817204	0.00013492089878682222
4h	Tam	18.322580645161292	0.00013302369959598844
4h	Tam	18.344086021505376	0.0001314273952123537
4h	Tam	18.365591397849464	0.0001300801925394417
4h	Tam	18.38709677419355	0.00012895671747375776
4h	Tam	18.408602150537636	0.00012797389960279233
4h	Tam	18.430107526881724	0.0001270878747965408
4h	Tam	18.451612903225808	0.0001262591067978402
4h	Tam	18.473118279569896	0.00012545394001359868
4h	Tam	18.49462365591398	0.00012464587270318895
4h	Tam	18.516129032258068	0.00012381644606832156
4h	Tam	18.537634408602152	0.00012292972418135613
4h	Tam	18.55913978494624	0.0001220436460608006
4h	Tam	18.580645161290324	0.00012112848745433635
4h	Tam	18.60215053763441	0.00012019748183046762
4h	Tam	18.623655913978496	0.00011926863953011213
4h	Tam	18.645161290322584	0.00011836278416477932
4h	Tam	18.666666666666668	0.0001175013364304232
4h	Tam	18.688172043010756	0.00011670399238272071
4h	Tam	18.70967741935484	0.00011593457170808049
4h	Tam	18.731182795698928	0.00011532186577531509
4h	Tam	18.752688172043012	0.00011479614552215966
4h	Tam	18.7741935483871	0.00011435151354407024
4h	Tam	18.795698924731184	0.00011397215462733353
4h	Tam	18.81720430107527	0.00011363238942663766
4h	Tam	18.838709677419356	0.00011329735628688342
4h	Tam	18.860215053763444	0.00011292429411850211
4h	Tam	18.881720430107528	0.00011246435845527813
4h	Tam	18.903225806451616	0.00011186486712390738
4h	Tam	18.9247311827957	0.00011107184380830172
4h	Tam	18.946236559139788	0.00011003270905392103
4h	Tam	18.967741935483872	0.00010869896003979256
4h	Tam	18.98924731182796	0.00010702868305321399
4h	Tam	19.010752688172044	0.00010498875553449378
4h	Tam	19.03225806451613	0.00010255661657708791
4h	Tam	19.053763440860216	9.97215140149805e-05
4h	Tam	19.075268817204304	9.645922906886036e-05
4h	Tam	19.096774193548388	9.284359325063441e-05
4h	Tam	19.118279569892476	8.886506941066081e-05
4h	Tam	19.13978494623656	8.45614756132743e-05
4h	Tam	19.161290322580648	7.997990977054324e-05
4h	Tam	19.182795698924732	7.517489936375808e-05
4h	Tam	19.20430107526882	7.020629629110757e-05
4h	Tam	19.225806451612904	6.51370387897139e-05
4h	Tam	19.24731182795699	6.003090094363595e-05
4h	Tam	19.268817204301076	5.4950341653677274e-05
4h	Tam	19.290322580645164	4.9954550279486925e-05
4h	Tam	19.311827956989248	4.509776696451293e-05
4h	Tam	19.333333333333336	4.0427933598383895e-05
4h	Tam	19.35483870967742	3.602230360579202e-05
4h	Tam	19.376344086021508	3.185509718198768e-05
4h	Tam	19.397849462365592	2.7978211964345404e-05
4h	Tam	19.41935483870968	2.440993176316491e-05
4h	Tam	19.440860215053764	2.1161334983023867e-05
4h	Tam	19.46236559139785	1.8237015087016843e-05
4h	Tam	19.483870967741936	1.5635996547704846e-05
4h	Tam	19.505376344086024	1.3352786107860942e-05
4h	Tam	19.526881720430108	1.1352558871406636e-05
4h	Tam	19.548387096774196	9.68375962888099e-06
4h	Tam	19.56989247311828	8.298326329019255e-06
4h	Tam	19.591397849462368	7.184522610373567e-06
4h	Tam	19.612903225806452	6.331324076631504e-06
4h	Tam	19.63440860215054	5.729254337555519e-06
4h	Tam	19.655913978494624	5.371054571011599e-06
4h	Tam	19.67741935483871	5.25217161043091e-06
4h	Tam	19.698924731182796	5.371054571011599e-06
4h	Tam	19.720430107526884	5.729254337555519e-06
4h	Tam	19.741935483870968	6.331324076631504e-06
4h	Tam	19.763440860215056	7.184522610373567e-06
4h	Tam	19.78494623655914	8.298326329019255e-06
4h	Tam	19.806451612903228	9.68375962888099e-06
4h	Tam	19.827956989247312	1.1352558871406636e-05
4h	Tam	19.8494623655914	1.3316190679169453e-05
4h	Tam	19.870967741935484	1.558475197799184e-05
4h	Tam	19.89247311827957	1.8165786354876335e-05
4h	Tam	19.913978494623656	2.1063058653319518e-05
4h	Tam	19.935483870967744	2.4275336742141384e-05
4h	Tam	19.956989247311828	2.779523542392755e-05
4h	Tam	19.978494623655916	3.160818178012805e-05
4h	Tam	20.0	3.569156316493489e-05
4h	Tam	20.021505376344088	3.998817658697473e-05
4h	Tam	20.043010752688172	4.4517370717610405e-05
4h	Tam	20.06451612903226	4.919418413812086e-05
4h	Tam	20.086021505376344	5.396154429993306e-05
4h	Tam	20.107526881720432	5.8754526286402045e-05
4h	Tam	20.129032258064516	6.350159583197877e-05
4h	Tam	20.150537634408604	6.812622135528303e-05
4h	Tam	20.172043010752688	7.254881355854262e-05
4h	Tam	20.193548387096776	7.66889301353562e-05
4h	Tam	20.215053763440864	8.046766423345393e-05
4h	Tam	20.236559139784948	8.381011999126321e-05
4h	Tam	20.258064516129036	8.664786799400507e-05
4h	Tam	20.27956989247312	8.892126888120717e-05
4h	Tam	20.301075268817208	9.058155520431054e-05
4h	Tam	20.322580645161292	9.159257014737743e-05
4h	Tam	20.34408602150538	9.193207656404096e-05
4h	Tam	20.365591397849464	9.159257014737743e-05
4h	Tam	20.38709677419355	9.058155520431054e-05
4h	Tam	20.408602150537636	8.892126888120717e-05
4h	Tam	20.430107526881724	8.664786799400507e-05
4h	Tam	20.451612903225808	8.381011999126321e-05
4h	Tam	20.473118279569896	8.046766423345393e-05
4h	Tam	20.49462365591398	7.66889301353562e-05
4h	Tam	20.516129032258068	7.254881355854262e-05
4h	Tam	20.537634408602152	6.812622135528303e-05
4h	Tam	20.55913978494624	6.350159583197877e-05
4h	Tam	20.580645161290324	5.8754526286402045e-05
4h	Tam	20.60215053763441	5.396154429993306e-05
4h	Tam	20.623655913978496	4.919418413812086e-05
4h	Tam	20.645161290322584	4.4517370717610405e-05
4h	Tam	20.666666666666668	3.998817658697473e-05
4h	Tam	20.688172043010756	3.5654967736243396e-05
4h	Tam	20.70967741935484	3.155693721041504e-05
4h	Tam	20.731182795698928	2.772400669178704e-05
4h	Tam	20.752688172043012	2.4177060412437035e-05
4h	Tam	20.7741935483871	2.092846363229599e-05
4h	Tam	20.795698924731184	1.798280981445848e-05
4h	Tam	20.81720430107527	1.533783657613221e-05
4h	Tam	20.838709677419356	1.2985450238312316e-05
4h	Tam	20.860215053763444	1.0912801859997467e-05
4h	Tam	20.881720430107528	9.103363381978463e-06
4h	Tam	20.903225806451616	7.537960187653187e-06
4h	Tam	20.9247311827957	6.19572525662935e-06
4h	Tam	20.946236559139788	5.054949419397603e-06
4h	Tam	20.967741935483872	4.093811379820385e-06
4h	Tam	20.98924731182796	3.290979635187054e-06
4h	Tam	21.010752688172044	2.626085805215455e-06
4h	Tam	21.03225806451613	2.080074935824546e-06
4h	Tam	21.053763440860216	1.6354429577351345e-06
4h	Tam	21.075268817204304	1.2763746572339006e-06
4h	Tam	21.096774193548388	9.88797353744217e-07
4h	Tam	21.118279569892476	7.603661413660674e-07
4h	Tam	21.13978494623656	5.803962469025271e-07
4h	Tam	21.161290322580648	4.3975701140916744e-07
4h	Tam	21.182795698924732	3.307404408571361e-07
4h	Tam	21.20430107526882	2.469154018596274e-07
4h	Tam	21.225806451612904	1.829765404178557e-07
4h	Tam	21.24731182795699	1.3459502102352792e-07
4h	Tam	21.268817204301076	9.827632970434824e-08
4h	Tam	21.290322580645164	7.12287321405063e-08
4h	Tam	21.311827956989248	5.1244569713007544e-08
4h	Tam	21.333333333333336	3.659542869149046e-08
4h	Tam	21.35483870967742	0.0
4h	Tam	21.376344086021508	0.0
4h	Tam	21.397849462365592	0.0
4h	Tam	21.41935483870968	0.0
4h	Tam	21.440860215053764	0.0
4h	Tam	21.46236559139785	0.0
4h	Tam	21.483870967741936	0.0
4h	Tam	21.505376344086024	0.0
4h	Tam	21.526881720430108	0.0
4h	Tam	21.548387096774196	0.0
4h	Tam	21.56989247311828	0.0
4h	Tam	21.591397849462368	0.0
4h	Tam	21.612903225806452	0.0
4h	Tam	21.63440860215054	0.0
4h	Tam	21.655913978494624	0.0
4h	Tam	21.67741935483871	0.0
4h	Tam	21.698924731182796	0.0
4h	Tam	21.720430107526884	0.0
4h	Tam	21.741935483870968	0.0
4h	Tam	21.763440860215056	0.0
4h	Tam	21.78494623655914	0.0
4h	Tam	21.806451612903228	0.0
4h	Tam	21.827956989247312	0.0
4h	Tam	21.8494623655914	0.0
4h	Tam	21.870967741935484	0.0
4h	Tam	21.89247311827957	0.0
4h	Tam	21.913978494623656	0.0
4h	Tam	21.935483870967744	0.0
4h	Tam	21.956989247311828	0.0
4h	Tam	21.978494623655916	0.0
4h	Tam	22.0	0.0
4h	D	0.0	0.01599371573220885
4h	D	0.021505376344086023	0.016164775893680206
4h	D	0.043010752688172046	0.016262371200429202
4h	D	0.06451612903225806	0.01629459717386082
4h	D	0.08602150537634409	0.016268176366232998
4h	D	0.10752688172043012	0.016194543290445534
4h	D	0.12903225806451613	0.0160856086515349
4h	D	0.15053763440860216	0.01595412357447733
4h	D	0.17204301075268819	0.015813211692390774
4h	D	0.19354838709677422	0.01567590078333772
4h	D	0.21505376344086025	0.015554499435170182
4h	D	0.23655913978494625	0.015462008389431727
4h	D	0.25806451612903225	0.015405622861644864
4h	D	0.2795698924731183	0.015396996220766795
4h	D	0.3010752688172043	0.015438282728192348
4h	D	0.32258064516129037	0.015535296500628057
4h	D	0.34408602150537637	0.01569197430775997
4h	D	0.3655913978494624	0.015904970316654738
4h	D	0.38709677419354843	0.016174628071958824
4h	D	0.40860215053763443	0.016496065096308413
4h	D	0.4301075268817205	0.016865112416433306
4h	D	0.4516129032258065	0.017276114941356932
4h	D	0.4731182795698925	0.01772350260540555
4h	D	0.49462365591397855	0.018199375700300793
4h	D	0.5161290322580645	0.01869799893417996
4h	D	0.5376344086021506	0.019215972468860743
4h	D	0.5591397849462366	0.019744068476647555
4h	D	0.5806451612903226	0.020282339111672303
4h	D	0.6021505376344086	0.020825395772624527
4h	D	0.6236559139784946	0.021369410182375523
4h	D	0.6451612903225807	0.021915427791194337
4h	D	0.6666666666666667	0.02246187782875811
4h	D	0.6881720430107527	0.023010250548190326
4h	D	0.7096774193548387	0.02356073366207993
4h	D	0.7311827956989247	0.024117222762931594
4h	D	0.7526881720430109	0.02467795510181758
4h	D	0.7741935483870969	0.025248550041455
4h	D	0.7956989247311829	0.025826600541443225
4h	D	0.8172043010752689	0.026417307479858872
4h	D	0.8387096774193549	0.02701959310244831
4h	D	0.860215053763441	0.02763395200514922
4h	D	0.881720430107527	0.028262324719045995
4h	D	0.903225806451613	0.028903760155199062
4h	D	0.924731182795699	0.02955975499642384
4h	D	0.946236559139785	0.03023069303109204
4h	D	0.967741935483871	0.030913729464482818
4h	D	0.9892473118279571	0.03161239371147287
4h	D	1.010752688172043	0.03232072980553242
4h	D	1.032258064516129	0.033047582500326515
4h	D	1.0537634408602152	0.03378970135184645
4h	D	1.0752688172043012	0.03454747965160175
4h	D	1.0967741935483872	0.035321375501271284
4h	D	1.1182795698924732	0.03611438355846625
4h	D	1.1397849462365592	0.036927676101686
4h	D	1.1612903225806452	0.03776194422355684
4h	D	1.1827956989247312	0.038618929925235794
4h	D	1.2043010752688172	0.0394988888281824
4h	D	1.2258064516129032	0.04040428171656379
4h	D	1.2473118279569892	0.04133508632321931
4h	D	1.2688172043010755	0.042292397670946585
4h	D	1.2903225806451615	0.04327308219790246
4h	D	1.3118279569892475	0.0442792398717252
4h	D	1.3333333333333335	0.04530732982287661
4h	D	1.3548387096774195	0.04635508121404385
4h	D	1.3763440860215055	0.04741993426833094
4h	D	1.3978494623655915	0.048498623817033924
4h	D	1.4193548387096775	0.049587289693915675
4h	D	1.4408602150537635	0.050681513209008364
4h	D	1.4623655913978495	0.05177550697262647
4h	D	1.4838709677419355	0.05286649336288288
4h	D	1.5053763440860217	0.05394821783072548
4h	D	1.5268817204301077	0.055016165380254056
4h	D	1.5483870967741937	0.056063948398522134
4h	D	1.5698924731182797	0.057091728970546186
4h	D	1.5913978494623657	0.05809201509514182
4h	D	1.6129032258064517	0.059061234235070946
4h	D	1.6344086021505377	0.059994771163546914
4h	D	1.6559139784946237	0.06089355379367176
4h	D	1.6774193548387097	0.06175387389529393
4h	D	1.6989247311827957	0.06257453620626892
4h	D	1.720430107526882	0.06335398696688756
4h	D	1.741935483870968	0.0640916043385081
4h	D	1.763440860215054	0.064788273511262
4h	D	1.78494623655914	0.06544484603118408
4h	D	1.806451612903226	0.06606222822368733
4h	D	1.827956989247312	0.06664201753169005
4h	D	1.849462365591398	0.06718724960867921
4h	D	1.870967741935484	0.0676990655739359
4h	D	1.89247311827957	0.0681798025977039
4h	D	1.913978494623656	0.06863237260103737
4h	D	1.935483870967742	0.06905795043075139
4h	D	1.9569892473118282	0.06946284598982405
4h	D	1.9784946236559142	0.06984676500954372
4h	D	2.0	0.07021131515272742
4h	D	2.021505376344086	0.07056229986562822
4h	D	2.043010752688172	0.07089956462824437
4h	D	2.064516129032258	0.07122509435608167
4h	D	2.0860215053763445	0.07154101922209335
4h	D	2.1075268817204305	0.07184888364197989
4h	D	2.1290322580645165	0.07214852314041197
4h	D	2.1505376344086025	0.07244199618585229
4h	D	2.1720430107526885	0.07272888806472173
4h	D	2.1935483870967745	0.07301020765057283
4h	D	2.2150537634408605	0.07328537656903171
4h	D	2.2365591397849465	0.07355308789971148
4h	D	2.2580645161290325	0.07381540906663961
4h	D	2.2795698924731185	0.07406901962455228
4h	D	2.3010752688172045	0.07431621397688923
4h	D	2.3225806451612905	0.0745540664551026
4h	D	2.3440860215053765	0.0747803541502054
4h	D	2.3655913978494625	0.07499698905702291
4h	D	2.3870967741935485	0.07519970158883273
4h	D	2.4086021505376345	0.07538946058015654
4h	D	2.4301075268817205	0.07556447468390964
4h	D	2.4516129032258065	0.0757234696685251
4h	D	2.4731182795698925	0.0758652332263022
4h	D	2.4946236559139785	0.07598980424804576
4h	D	2.5161290322580645	0.07609545735256656
4h	D	2.537634408602151	0.07618064594928714
4h	D	2.559139784946237	0.0762483460076496
4h	D	2.580645161290323	0.07629406123627457
4h	D	2.602150537634409	0.07632004127776247
4h	D	2.623655913978495	0.0763268972186456
4h	D	2.645161290322581	0.07631224412343707
4h	D	2.666666666666667	0.07627748791378294
4h	D	2.688172043010753	0.07622131268496521
4h	D	2.709677419354839	0.0761446907996543
4h	D	2.731182795698925	0.07604546030100622
4h	D	2.752688172043011	0.07592725723402777
4h	D	2.774193548387097	0.07578702755758525
4h	D	2.795698924731183	0.07562834976378552
4h	D	2.817204301075269	0.07544735649048571
4h	D	2.838709677419355	0.07524756356782358
4h	D	2.860215053763441	0.07502835422943664
4h	D	2.881720430107527	0.07478931485200387
4h	D	2.903225806451613	0.07453113503439415
4h	D	2.924731182795699	0.07425376237625342
4h	D	2.946236559139785	0.07395772046266182
4h	D	2.967741935483871	0.0736465233735488
4h	D	2.9892473118279574	0.0733174321421924
4h	D	3.0107526881720434	0.07297387425135932
4h	D	3.0322580645161294	0.0726178302380478
4h	D	3.0537634408602155	0.07224880609009272
4h	D	3.0752688172043015	0.07186873020306528
4h	D	3.0967741935483875	0.07147972855154201
4h	D	3.1182795698924735	0.07108229563732477
4h	D	3.1397849462365595	0.07067874997322898
4h	D	3.1612903225806455	0.07027116669698005
4h	D	3.1827956989247315	0.06986117170666091
4h	D	3.2043010752688175	0.06945078941058062
4h	D	3.2258064516129035	0.06903973061829477
4h	D	3.2473118279569895	0.06863021238935711
4h	D	3.2688172043010755	0.06822221122266414
4h	D	3.2903225806451615	0.06781921348659331
4h	D	3.3118279569892475	0.06741945487234897
4h	D	3.3333333333333335	0.06702547533706044
4h	D	3.3548387096774195	0.06663751931782734
4h	D	3.3763440860215055	0.06625588801472988
4h	D	3.3978494623655915	0.06588031173234692
4h	D	3.4193548387096775	0.06551180383015656
4h	D	3.440860215053764	0.0651503668873474
4h	D	3.46236559139785	0.06479714744667865
4h	D	3.483870967741936	0.06445051925488589
4h	D	3.505376344086022	0.06411212759577961
4h	D	3.526881720430108	0.06378132225257116
4h	D	3.548387096774194	0.06345821555694471
4h	D	3.56989247311828	0.06314301842263939
4h	D	3.591397849462366	0.06283614233453037
4h	D	3.612903225806452	0.06253708264466225
4h	D	3.634408602150538	0.062245305779709444
4h	D	3.655913978494624	0.06196110820487735
4h	D	3.67741935483871	0.06168391895871031
4h	D	3.698924731182796	0.06141295409678766
4h	D	3.720430107526882	0.061148804674433954
4h	D	3.741935483870968	0.060891419912275535
4h	D	3.763440860215054	0.060639870118831034
4h	D	3.78494623655914	0.060394121884091816
4h	D	3.806451612903226	0.06015409152009678
4h	D	3.827956989247312	0.059920173515737044
4h	D	3.849462365591398	0.05969147969357402
4h	D	3.870967741935484	0.05946970635395895
4h	D	3.89247311827957	0.05925528241062827
4h	D	3.9139784946236564	0.05904821856284631
4h	D	3.9354838709677424	0.05884941283631329
4h	D	3.9569892473118284	0.058659717225268256
4h	D	3.9784946236559144	0.058480776130800015
4h	D	4.0	0.058312373294146895
4h	D	4.021505376344086	0.05815625192211088
4h	D	4.043010752688172	0.058012555029335604
4h	D	4.064516129032258	0.05788125463482332
4h	D	4.086021505376344	0.05776468835352188
4h	D	4.10752688172043	0.05766157908142953
4h	D	4.129032258064516	0.05757222812344087
4h	D	4.150537634408603	0.05749580384999125
4h	D	4.172043010752689	0.05743195476589651
4h	D	4.193548387096775	0.057378929575786254
4h	D	4.215053763440861	0.05733615160485049
4h	D	4.236559139784947	0.05730141335544075
4h	D	4.258064516129033	0.057272943031219624
4h	D	4.279569892473119	0.05724829247962062
4h	D	4.301075268817205	0.05722616878884903
4h	D	4.322580645161291	0.05720329075312368
4h	D	4.344086021505377	0.057177703089815374
4h	D	4.365591397849463	0.05714717778351416
4h	D	4.387096774193549	0.0571099760171806
4h	D	4.408602150537635	0.05706322477071113
4h	D	4.430107526881721	0.05700522066132038
4h	D	4.451612903225807	0.05693540791570799
4h	D	4.473118279569893	0.056851654259212944
4h	D	4.494623655913979	0.056753999289756614
4h	D	4.516129032258065	0.05664184985801236
4h	D	4.537634408602151	0.0565142397787268
4h	D	4.559139784946237	0.05637194268740303
4h	D	4.580645161290323	0.05621582994187213
4h	D	4.602150537634409	0.0560471322215825
4h	D	4.623655913978495	0.05586692467012597
4h	D	4.645161290322581	0.055676663254729836
4h	D	4.666666666666667	0.05547801312867321
4h	D	4.688172043010753	0.05527355577557892
4h	D	4.709677419354839	0.055065145623809326
4h	D	4.731182795698925	0.05485534436338326
4h	D	4.752688172043011	0.0546460897987263
4h	D	4.774193548387097	0.05443904763748475
4h	D	4.795698924731183	0.05423729709105152
4h	D	4.817204301075269	0.054042548623122494
4h	D	4.838709677419355	0.05385597521427707
4h	D	4.860215053763441	0.05367960511635399
4h	D	4.881720430107527	0.053513963956798624
4h	D	4.903225806451613	0.053361223149472455
4h	D	4.924731182795699	0.0532206622211895
4h	D	4.946236559139785	0.05309314859905179
4h	D	4.967741935483871	0.0529783430719605
4h	D	4.989247311827957	0.05287683413684207
4h	D	5.010752688172043	0.05278687609058767
4h	D	5.032258064516129	0.05270792443357344
4h	D	5.053763440860216	0.05263941195678518
4h	D	5.075268817204302	0.05257973904002535
4h	D	5.096774193548388	0.05252792935724358
4h	D	5.118279569892474	0.05248261386083984
4h	D	5.13978494623656	0.05244229102140677
4h	D	5.161290322580646	0.05240634782428074
4h	D	5.182795698924732	0.05237339512610951
4h	D	5.204301075268818	0.05234210198100004
4h	D	5.225806451612904	0.052312004758383275
4h	D	5.24731182795699	0.05228251128302534
4h	D	5.268817204301076	0.05225385473021078
4h	D	5.290322580645162	0.05222509476682706
4h	D	5.311827956989248	0.05219673101047684
4h	D	5.333333333333334	0.05216883024775821
4h	D	5.35483870967742	0.05214226600072638
4h	D	5.376344086021506	0.05211748236745591
4h	D	5.397849462365592	0.05209627661809069
4h	D	5.419354838709678	0.05207880623390743
4h	D	5.440860215053764	0.05206647256509423
4h	D	5.46236559139785	0.05206054065194316
4h	D	5.483870967741936	0.0520612752594325
4h	D	5.505376344086022	0.05206996756847401
4h	D	5.526881720430108	0.052087632679805304
4h	D	5.548387096774194	0.05211440272029867
4h	D	5.56989247311828	0.052150835750288414
4h	D	5.591397849462366	0.05219645830608429
4h	D	5.612903225806452	0.05225151837521807
4h	D	5.634408602150538	0.052315499342906704
4h	D	5.655913978494624	0.05238716475422618
4h	D	5.67741935483871	0.052465022977979524
4h	D	5.698924731182796	0.05254900402453997
4h	D	5.720430107526882	0.05263649018397091
4h	D	5.741935483870968	0.0527257917691103
4h	D	5.763440860215054	0.05281476857934938
4h	D	5.78494623655914	0.052901779187779385
4h	D	5.806451612903226	0.052984828101635593
4h	D	5.827956989247312	0.05306208177647413
4h	D	5.849462365591398	0.053131654941555695
4h	D	5.870967741935484	0.053191662011781125
4h	D	5.89247311827957	0.05324109906728373
4h	D	5.913978494623656	0.05327849459669711
4h	D	5.935483870967742	0.0533029159357798
4h	D	5.956989247311828	0.053313838603406424
4h	D	5.978494623655915	0.05331099060291697
4h	D	6.000000000000001	0.053294245811591597
4h	D	6.021505376344087	0.05326433396235313
4h	D	6.043010752688173	0.0532217339127816
4h	D	6.064516129032259	0.053166875653261635
4h	D	6.086021505376345	0.05310109252535273
4h	D	6.107526881720431	0.053025746813270706
4h	D	6.129032258064517	0.05294265495729282
4h	D	6.150537634408603	0.052852184137749655
4h	D	6.172043010752689	0.05275637690441945
4h	D	6.193548387096775	0.0526568005593673
4h	D	6.215053763440861	0.05255445294323141
4h	D	6.236559139784947	0.0524512304274209
4h	D	6.258064516129033	0.05234823603176188
4h	D	6.279569892473119	0.05224691747763827
4h	D	6.301075268817205	0.052148689712469824
4h	D	6.322580645161291	0.05205491385151742
4h	D	6.344086021505377	0.05196638058158556
4h	D	6.365591397849463	0.05188410500209335
4h	D	6.387096774193549	0.051809948822883076
4h	D	6.408602150537635	0.05174446797407031
4h	D	6.430107526881721	0.0516889468486385
4h	D	6.451612903225807	0.051644222146673475
4h	D	6.473118279569893	0.051612307315509275
4h	D	6.494623655913979	0.0515936888431165
4h	D	6.516129032258065	0.05158892060562721
4h	D	6.537634408602151	0.05159961545870502
4h	D	6.559139784946237	0.05162727793597589
4h	D	6.580645161290323	0.051671713173409475
4h	D	6.602150537634409	0.05173370796989717
4h	D	6.623655913978495	0.05181422750405438
4h	D	6.645161290322581	0.05191351450834031
4h	D	6.666666666666667	0.052031894163817455
4h	D	6.688172043010753	0.05216868512876523
4h	D	6.709677419354839	0.05232465082038475
4h	D	6.731182795698925	0.05249883341271933
4h	D	6.752688172043011	0.05269107124800699
4h	D	6.774193548387097	0.0529003641251801
4h	D	6.795698924731183	0.05312593977295646
4h	D	6.817204301075269	0.05336746126788931
4h	D	6.838709677419355	0.053623778674270296
4h	D	6.860215053763441	0.05389439897688119
4h	D	6.881720430107528	0.054178224353091324
4h	D	6.903225806451614	0.05447460481438113
4h	D	6.9247311827957	0.054783285036438055
4h	D	6.946236559139786	0.055103319675866055
4h	D	6.967741935483872	0.05543531732585556
4h	D	6.989247311827958	0.0557778507830891
4h	D	7.010752688172044	0.056132087934157075
4h	D	7.03225806451613	0.0564970709299459
4h	D	7.053763440860216	0.05687266497373294
4h	D	7.075268817204302	0.057259872395319385
4h	D	7.096774193548388	0.05765812923403679
4h	D	7.118279569892474	0.058067486525189824
4h	D	7.13978494623656	0.05848913441910913
4h	D	7.161290322580646	0.058922765467976854
4h	D	7.182795698924732	0.05936848505468109
4h	D	7.204301075268818	0.05982735785002119
4h	D	7.225806451612904	0.060299071708781765
4h	D	7.24731182795699	0.06078452766863307
4h	D	7.268817204301076	0.061283054898125466
4h	D	7.290322580645162	0.06179575371814008
4h	D	7.311827956989248	0.06232244929435829
4h	D	7.333333333333334	0.06286354937972521
4h	D	7.35483870967742	0.06341877653142741
4h	D	7.376344086021506	0.06398906444641324
4h	D	7.397849462365592	0.0645736669162683
4h	D	7.419354838709678	0.06517307209899235
4h	D	7.440860215053764	0.06578704607552421
4h	D	7.46236559139785	0.06641505660328836
4h	D	7.483870967741936	0.06705762479583027
4h	D	7.505376344086022	0.06771349851551445
4h	D	7.526881720430108	0.06838267593774898
4h	D	7.548387096774194	0.06906451805555198
4h	D	7.56989247311828	0.06975837253848513
4h	D	7.591397849462366	0.07046426459527659
4h	D	7.612903225806452	0.07118121729671012
4h	D	7.634408602150538	0.07190923300238182
4h	D	7.655913978494624	0.07264824730214889
4h	D	7.67741935483871	0.07339721740249862
4h	D	7.698924731182796	0.07415599658130224
4h	D	7.720430107526882	0.07492585622946163
4h	D	7.741935483870968	0.07570540301654514
4h	D	7.763440860215054	0.07649565371078666
4h	D	7.78494623655914	0.07729716732820802
4h	D	7.806451612903227	0.07811013488996488
4h	D	7.827956989247313	0.07893506140013755
4h	D	7.849462365591399	0.07977292610181108
4h	D	7.870967741935485	0.08062509569347395
4h	D	7.892473118279571	0.08149075474717056
4h	D	7.913978494623657	0.08237146500273745
4h	D	7.935483870967743	0.08326730499803227
4h	D	7.956989247311829	0.08417887967093032
4h	D	7.978494623655915	0.08510603150838472
4h	D	8.0	0.08604913347792201
4h	D	8.021505376344086	0.0870071882473712
4h	D	8.043010752688172	0.08797987157897959
4h	D	8.064516129032258	0.08896681398974207
4h	D	8.086021505376344	0.0899666837658924
4h	D	8.10752688172043	0.09097768616931076
4h	D	8.129032258064516	0.09199866222265474
4h	D	8.150537634408602	0.09302827217337521
4h	D	8.172043010752688	0.0940635408109374
4h	D	8.193548387096774	0.09510334583853715
4h	D	8.21505376344086	0.09614542735631852
4h	D	8.236559139784946	0.0971867582794623
4h	D	8.258064516129032	0.09822638169540228
4h	D	8.27956989247312	0.09926201205490938
4h	D	8.301075268817206	0.10029059106283308
4h	D	8.322580645161292	0.10131109118908976
4h	D	8.344086021505378	0.10232254452948793
4h	D	8.365591397849464	0.10332379401972303
4h	D	8.38709677419355	0.10431319127695793
4h	D	8.408602150537636	0.1052913463246154
4h	D	8.430107526881722	0.10625774404691019
4h	D	8.451612903225808	0.10721308513586075
4h	D	8.473118279569894	0.10815805539353956
4h	D	8.49462365591398	0.10909448138690744
4h	D	8.516129032258066	0.11002424164825342
4h	D	8.537634408602152	0.11094912664168002
4h	D	8.559139784946238	0.11187103090488631
4h	D	8.580645161290324	0.11279279611976356
4h	D	8.60215053763441	0.11371781800357011
4h	D	8.623655913978496	0.11464813116974144
4h	D	8.645161290322582	0.11558699731398331
4h	D	8.666666666666668	0.11653621896201204
4h	D	8.688172043010754	0.117499049964377
4h	D	8.70967741935484	0.11847681285475867
4h	D	8.731182795698926	0.11947113431552306
4h	D	8.752688172043012	0.12048288636138432
4h	D	8.774193548387098	0.12151317473090274
4h	D	8.795698924731184	0.12256021271517133
4h	D	8.81720430107527	0.12362345036045655
4h	D	8.838709677419356	0.1247005527434412
4h	D	8.860215053763442	0.12578958921910266
4h	D	8.881720430107528	0.12688760072850316
4h	D	8.903225806451614	0.12799019814940465
4h	D	8.9247311827957	0.1290923967369314
4h	D	8.946236559139786	0.13019059729265478
4h	D	8.967741935483872	0.13127864430264932
4h	D	8.989247311827958	0.13235240506806142
4h	D	9.010752688172044	0.13340622180802836
4h	D	9.03225806451613	0.13443569060684854
4h	D	9.053763440860216	0.13543593419294367
4h	D	9.075268817204302	0.13640242813907502
4h	D	9.096774193548388	0.1373321217422968
4h	D	9.118279569892474	0.13822197820523113
4h	D	9.13978494623656	0.13906989394425787
4h	D	9.161290322580646	0.1398746699125988
4h	D	9.182795698924732	0.1406365357646214
4h	D	9.204301075268818	0.14135459055180358
4h	D	9.225806451612904	0.14203164969993162
4h	D	9.24731182795699	0.14266804658206889
4h	D	9.268817204301076	0.14326712136545508
4h	D	9.290322580645162	0.14383114118633958
4h	D	9.311827956989248	0.14436283468903616
4h	D	9.333333333333334	0.14486635902711614
4h	D	9.35483870967742	0.1453448103796455
4h	D	9.376344086021506	0.14580028706519851
4h	D	9.397849462365592	0.14623740484826903
4h	D	9.419354838709678	0.14665713157523388
4h	D	9.440860215053764	0.14706276537035462
4h	D	9.46236559139785	0.1474547889117742
4h	D	9.483870967741936	0.14783515205224973
4h	D	9.505376344086022	0.1482043430086885
4h	D	9.526881720430108	0.14856200975528572
4h	D	9.548387096774194	0.14890882211170675
4h	D	9.56989247311828	0.14924411753078723
4h	D	9.591397849462366	0.14956677334981364
4h	D	9.612903225806452	0.14987630438708305
4h	D	9.634408602150538	0.15017149939247107
4h	D	9.655913978494624	0.15045259032696243
4h	D	9.67741935483871	0.15071943191111695
4h	D	9.698924731182796	0.1509717263720794
4h	D	9.720430107526882	0.15120945027283067
4h	D	9.741935483870968	0.15143437630658485
4h	D	9.763440860215054	0.1516463476468713
4h	D	9.78494623655914	0.15184631086942943
4h	D	9.806451612903226	0.1520364862866359
4h	D	9.827956989247312	0.1522180566892395
4h	D	9.849462365591398	0.15239253281426265
4h	D	9.870967741935484	0.152561132974236
4h	D	9.89247311827957	0.15272595128624147
4h	D	9.913978494623656	0.1528869578228306
4h	D	9.935483870967742	0.1530447949581356
4h	D	9.956989247311828	0.1531991161015785
4h	D	9.978494623655914	0.15334838640420542
4h	D	10.0	0.15349096454946448
4h	D	10.021505376344086	0.15362473340406912
4h	D	10.043010752688172	0.15374678275425316
4h	D	10.064516129032258	0.1538523920592845
4h	D	10.086021505376344	0.1539376418043081
4h	D	10.107526881720432	0.15399859260502477
4h	D	10.129032258064518	0.15403056577877755
4h	D	10.150537634408604	0.15402885641748176
4h	D	10.17204301075269	0.15398906952962593
4h	D	10.193548387096776	0.15390629915111328
4h	D	10.215053763440862	0.1537767166889348
4h	D	10.236559139784948	0.15359884868253698
4h	D	10.258064516129034	0.1533690519490317
4h	D	10.27956989247312	0.1530865278723615
4h	D	10.301075268817206	0.1527520301458606
4h	D	10.322580645161292	0.15236555878548336
4h	D	10.344086021505378	0.15192770527868457
4h	D	10.365591397849464	0.1514419360362764
4h	D	10.38709677419355	0.1509112961218068
4h	D	10.408602150537636	0.15033891740467087
4h	D	10.430107526881722	0.14972962183867056
4h	D	10.451612903225808	0.14908706988461556
4h	D	10.473118279569894	0.1484162029673472
4h	D	10.49462365591398	0.1477212541054337
4h	D	10.516129032258066	0.1470066653838218
4h	D	10.537634408602152	0.14627549517934496
4h	D	10.559139784946238	0.1455310728121626
4h	D	10.580645161290324	0.1447766242272914
4h	D	10.60215053763441	0.14401246713570282
4h	D	10.623655913978496	0.14324009035331267
4h	D	10.645161290322582	0.1424591814391798
4h	D	10.666666666666668	0.14166985385157735
4h	D	10.688172043010754	0.1408701097191886
4h	D	10.70967741935484	0.14005777031473304
4h	D	10.731182795698926	0.13923093899140787
4h	D	10.752688172043012	0.13838690281598123
4h	D	10.774193548387098	0.1375223229060255
4h	D	10.795698924731184	0.1366346922052567
4h	D	10.81720430107527	0.13572114655729833
4h	D	10.838709677419356	0.13477851423029238
4h	D	10.860215053763442	0.13380387595389745
4h	D	10.881720430107528	0.13279545912319127
4h	D	10.903225806451614	0.13175162803575138
4h	D	10.9247311827957	0.13067211741005336
4h	D	10.946236559139786	0.12955485591627328
4h	D	10.967741935483872	0.12840024689833696
4h	D	10.989247311827958	0.12720805591090517
4h	D	11.010752688172044	0.1259796058006432
4h	D	11.03225806451613	0.12471532755835862
4h	D	11.053763440860216	0.12341655452526061
4h	D	11.075268817204302	0.1220850821998252
4h	D	11.096774193548388	0.12072258153662958
4h	D	11.118279569892474	0.11933061953168718
4h	D	11.13978494623656	0.11791097145806476
4h	D	11.161290322580646	0.11646562633041518
4h	D	11.182795698924732	0.11499623324831651
4h	D	11.204301075268818	0.11350555047766275
4h	D	11.225806451612904	0.11199407039479813
4h	D	11.24731182795699	0.11046518388167613
4h	D	11.268817204301076	0.10892029390598583
4h	D	11.290322580645162	0.10736156785016708
4h	D	11.311827956989248	0.10579117237269711
4h	D	11.333333333333334	0.10421118794444896
4h	D	11.35483870967742	0.10262376689423247
4h	D	11.376344086021506	0.10103210621430343
4h	D	11.397849462365592	0.09943732189477997
4h	D	11.419354838709678	0.0978436684322536
4h	D	11.440860215053764	0.09625263253893879
4h	D	11.46236559139785	0.09466817839855997
4h	D	11.483870967741936	0.09309134316858517
4h	D	11.505376344086022	0.09152565486943981
4h	D	11.526881720430108	0.08997272536079075
4h	D	11.548387096774194	0.0884344425030484
4h	D	11.56989247311828	0.08691272753319874
4h	D	11.591397849462366	0.08540916720546377
4h	D	11.612903225806452	0.08392451494393013
4h	D	11.634408602150538	0.08245978210386593
4h	D	11.655913978494624	0.08101460778794231
4h	D	11.67741935483871	0.07958942621568717
4h	D	11.698924731182796	0.07818340388574244
4h	D	11.720430107526882	0.07679649141292658
4h	D	11.741935483870968	0.07542740752801817
4h	D	11.763440860215054	0.07407549356079764
4h	D	11.78494623655914	0.07273962515803137
4h	D	11.806451612903226	0.07141840033905779
4h	D	11.827956989247312	0.07011096335512271
4h	D	11.849462365591398	0.06881629211272736
4h	D	11.870967741935484	0.06753347764830357
4h	D	11.89247311827957	0.06626200899248352
4h	D	11.913978494623656	0.06500178102285051
4h	D	11.935483870967744	0.06375259383281373
4h	D	11.95698924731183	0.06251457608204726
4h	D	11.978494623655916	0.06128885035237414
4h	D	12.000000000000002	0.060075995195785756
4h	D	12.021505376344088	0.05887759569713701
4h	D	12.043010752688174	0.05769412966732649
4h	D	12.06451612903226	0.05652796854481478
4h	D	12.086021505376346	0.05538025995486425
4h	D	12.107526881720432	0.05425287374407056
4h	D	12.129032258064518	0.05314719014103996
4h	D	12.150537634408604	0.052064631644433666
4h	D	12.17204301075269	0.05100745645606887
4h	D	12.193548387096776	0.0499765898220904
4h	D	12.215053763440862	0.04897375106887607
4h	D	12.236559139784948	0.04799862022312007
4h	D	12.258064516129034	0.047052491014307515
4h	D	12.27956989247312	0.04613532111378909
4h	D	12.301075268817206	0.04524722867387018
4h	D	12.322580645161292	0.04438746472090715
4h	D	12.344086021505378	0.043555719205079294
4h	D	12.365591397849464	0.042750133273644804
4h	D	12.38709677419355	0.041969783848653686
4h	D	12.408602150537636	0.04121319613165465
4h	D	12.430107526881722	0.04047816795937945
4h	D	12.451612903225808	0.03976336943156885
4h	D	12.473118279569894	0.03906626094541905
4h	D	12.49462365591398	0.038384589517147495
4h	D	12.516129032258066	0.037716293573995904
4h	D	12.537634408602152	0.03705953421778006
4h	D	12.559139784946238	0.03641210868379601
4h	D	12.580645161290324	0.03577181487782457
4h	D	12.60215053763441	0.03513747814203476
4h	D	12.623655913978496	0.03450750412251559
4h	D	12.645161290322582	0.03388022492342592
4h	D	12.666666666666668	0.03325448066220135
4h	D	12.688172043010754	0.03262961416367789
4h	D	12.70967741935484	0.03200501366633638
4h	D	12.731182795698926	0.03137978829255025
4h	D	12.752688172043012	0.030753698717561118
4h	D	12.774193548387098	0.03012673183865461
4h	D	12.795698924731184	0.029499279175163935
4h	D	12.81720430107527	0.028870745135565208
4h	D	12.838709677419356	0.028242374170125036
4h	D	12.860215053763442	0.02761409679235419
4h	D	12.881720430107528	0.02698635660819704
4h	D	12.903225806451614	0.026360097892602602
4h	D	12.9247311827957	0.025735856770165065
4h	D	12.946236559139786	0.025114612691121724
4h	D	12.967741935483872	0.02449718548291462
4h	D	12.989247311827958	0.023884793753528206
4h	D	13.010752688172044	0.023278232000757123
4h	D	13.03225806451613	0.022678756373995777
4h	D	13.053763440860216	0.022087607652512962
4h	D	13.075268817204302	0.021505989240863676
4h	D	13.096774193548388	0.02093510923973549
4h	D	13.118279569892474	0.02037645290728335
4h	D	13.13978494623656	0.019831405378455836
4h	D	13.161290322580646	0.01930135252568727
4h	D	13.182795698924732	0.01878750209973337
4h	D	13.204301075268818	0.018291375312205673
4h	D	13.225806451612904	0.017814036510194052
4h	D	13.24731182795699	0.01735608355343034
4h	D	13.268817204301076	0.01691892394364885
4h	D	13.290322580645162	0.016503119468150022
4h	D	13.311827956989248	0.01610902822420283
4h	D	13.333333333333334	0.01573657814742828
4h	D	13.35483870967742	0.015386045073925547
4h	D	13.376344086021506	0.015056506547260632
4h	D	13.397849462365592	0.014747943936940122
4h	D	13.419354838709678	0.014458969761820515
4h	D	13.440860215053764	0.014188640647847006
4h	D	13.46236559139785	0.013935230688314777
4h	D	13.483870967741936	0.013697604902519152
4h	D	13.505376344086022	0.01347374010777529
4h	D	13.526881720430108	0.013262240469216365
4h	D	13.548387096774194	0.013061010649940983
4h	D	13.56989247311828	0.01286834242613379
4h	D	13.591397849462366	0.012682337859927414
4h	D	13.612903225806452	0.012501521257633152
4h	D	13.634408602150538	0.01232414035239236
4h	D	13.655913978494624	0.01214913895027931
4h	D	13.67741935483871	0.011975297887760474
4h	D	13.698924731182796	0.011801717735624218
4h	D	13.720430107526882	0.011627381160527804
4h	D	13.741935483870968	0.011452264183965038
4h	D	13.763440860215056	0.011275816652033699
4h	D	13.784946236559142	0.011097877192891112
4h	D	13.806451612903228	0.010918677480733078
4h	D	13.827956989247314	0.010738283284658525
4h	D	13.8494623655914	0.010557341169942832
4h	D	13.870967741935486	0.010376022793494083
4h	D	13.892473118279572	0.010195054857826276
4h	D	13.913978494623658	0.010014877258267819
4h	D	13.935483870967744	0.009836116257731864
4h	D	13.95698924731183	0.00965951108730678
4h	D	13.978494623655916	0.009485522447574427
4h	D	14.000000000000002	0.009314625706259768
4h	D	14.021505376344088	0.009147140940036961
4h	D	14.043010752688174	0.00898360956164709
4h	D	14.06451612903226	0.008824422036025589
4h	D	14.086021505376346	0.008669622251880426
4h	D	14.107526881720432	0.008519174678773124
4h	D	14.129032258064518	0.008373236248647017
4h	D	14.150537634408604	0.008231873075200496
4h	D	14.17204301075269	0.008094599323027933
4h	D	14.193548387096776	0.007961079504233344
4h	D	14.215053763440862	0.007831044918057454
4h	D	14.236559139784948	0.007704091629852168
4h	D	14.258064516129034	0.007579565242236928
4h	D	14.27956989247312	0.007456987468330983
4h	D	14.301075268817206	0.0073356539169411
4h	D	14.322580645161292	0.007215268120069776
4h	D	14.344086021505378	0.00709513141483777
4h	D	14.365591397849464	0.006974867333100125
4h	D	14.38709677419355	0.006853826182630437
4h	D	14.408602150537636	0.006731638124996028
4h	D	14.430107526881722	0.006608072693191259
4h	D	14.451612903225808	0.006482841552120382
4h	D	14.473118279569894	0.006356021680635592
4h	D	14.49462365591398	0.006227617710143398
4h	D	14.516129032258066	0.006097611837531729
4h	D	14.537634408602152	0.005966305091365577
4h	D	14.559139784946238	0.0058341773708809235
4h	D	14.580645161290324	0.0057014979995292404
4h	D	14.60215053763441	0.0055687182502507804
4h	D	14.623655913978496	0.005436348390795506
4h	D	14.645161290322582	0.00530506009751292
4h	D	14.666666666666668	0.005175382213509259
4h	D	14.688172043010754	0.005047493498654744
4h	D	14.70967741935484	0.004922073762741642
4h	D	14.731182795698926	0.004799623325158893
4h	D	14.752688172043012	0.004680163273364767
4h	D	14.774193548387098	0.004564093093229102
4h	D	14.795698924731184	0.004451496227566004
4h	D	14.81720430107527	0.0043423932673818935
4h	D	14.838709677419356	0.004236819648159307
4h	D	14.860215053763442	0.004134683345549067
4h	D	14.881720430107528	0.004035557149269391
4h	D	14.903225806451614	0.003939391937295979
4h	D	14.9247311827957	0.0038457724302721524
4h	D	14.946236559139786	0.003754577690722387
4h	D	14.967741935483872	0.003665524700232357
4h	D	14.989247311827958	0.0035783388831520722
4h	D	15.010752688172044	0.003492737468271875
4h	D	15.03225806451613	0.00340868585149616
4h	D	15.053763440860216	0.0033260326140508926
4h	D	15.075268817204302	0.0032447695959943743
4h	D	15.096774193548388	0.0031647200248450377
4h	D	15.118279569892474	0.00308618282600826
4h	D	15.13978494623656	0.003009005514900296
4h	D	15.161290322580646	0.0029336126215629313
4h	D	15.182795698924732	0.0028599289365476748
4h	D	15.204301075268818	0.0027881109923473665
4h	D	15.225806451612904	0.002718413799015508
4h	D	15.24731182795699	0.0026510942996040457
4h	D	15.268817204301076	0.0025861928570338933
4h	D	15.290322580645162	0.002523845410473364
4h	D	15.311827956989248	0.0024642541418423637
4h	D	15.333333333333334	0.002407570838355637
4h	D	15.35483870967742	0.00235369723315969
4h	D	15.376344086021506	0.002302802690035372
4h	D	15.397849462365592	0.0022547978640645645
4h	D	15.419354838709678	0.002209695299275402
4h	D	15.440860215053764	0.0021673665261392615
4h	D	15.46236559139785	0.0021277319967354276
4h	D	15.483870967741936	0.002090572748470287
4h	D	15.505376344086022	0.0020557074356644914
4h	D	15.526881720430108	0.0020230201301288005
4h	D	15.548387096774194	0.001992097680998053
4h	D	15.56989247311828	0.0019628279327002563
4h	D	15.591397849462366	0.001934986869293603
4h	D	15.612903225806454	0.0019080793747956952
4h	D	15.63440860215054	0.0018818866014368764
4h	D	15.655913978494626	0.0018559722445574962
4h	D	15.677419354838712	0.0018301936074269511
4h	D	15.698924731182798	0.001804156910861125
4h	D	15.720430107526884	0.0017774852343349975
4h	D	15.74193548387097	0.0017500221940357137
4h	D	15.763440860215056	0.0017215089702521651
4h	D	15.784946236559142	0.0016918249543048014
4h	D	15.806451612903228	0.0016607364790227482
4h	D	15.827956989247314	0.0016282548022159527
4h	D	15.8494623655914	0.0015943449814786088
4h	D	15.870967741935486	0.0015592387902150973
4h	D	15.892473118279572	0.001522907418378107
4h	D	15.913978494623658	0.0014857242575275385
4h	D	15.935483870967744	0.0014478896181090565
4h	D	15.95698924731183	0.0014097307069564763
4h	D	15.978494623655916	0.0013715687548733922
4h	D	16.0	0.0013338154516858596
4h	D	16.021505376344088	0.0012967183009138213
4h	D	16.043010752688172	0.001260826186350875
4h	D	16.06451612903226	0.0012262567587203559
4h	D	16.086021505376344	0.0011934333025517493
4h	D	16.107526881720432	0.0011624331153762503
4h	D	16.129032258064516	0.00113339796226022
4h	D	16.150537634408604	0.0011063520388969745
4h	D	16.172043010752688	0.0010814916276490282
4h	D	16.193548387096776	0.0010585691281491364
4h	D	16.21505376344086	0.0010375118069758924
4h	D	16.236559139784948	0.0010180935652626148
4h	D	16.258064516129032	0.0010000320248320018
4h	D	16.27956989247312	0.0009830972041095832
4h	D	16.301075268817204	0.0009669547568075656
4h	D	16.322580645161292	0.000951302127824078
4h	D	16.344086021505376	0.000935846461210024
4h	D	16.365591397849464	0.0009203286132763229
4h	D	16.387096774193548	0.0009044731587766998
4h	D	16.408602150537636	0.0008882004928393454
4h	D	16.43010752688172	0.0008712919186650562
4h	D	16.451612903225808	0.0008536152072839224
4h	D	16.473118279569892	0.0008352757703097366
4h	D	16.49462365591398	0.0008161810517788356
4h	D	16.516129032258064	0.0007965236132655931
4h	D	16.537634408602152	0.0007763605039389779
4h	D	16.55913978494624	0.000755833127436008
4h	D	16.580645161290324	0.0007351453049010519
4h	D	16.60215053763441	0.000714596369903767
4h	D	16.623655913978496	0.0006943419078073815
4h	D	16.645161290322584	0.0006746121209919277
4h	D	16.666666666666668	0.0006556045881935908
4h	D	16.688172043010756	0.0006375886608152197
4h	D	16.70967741935484	0.0006207184068046012
4h	D	16.731182795698928	0.0006051596520930833
4h	D	16.752688172043012	0.0005911230262274879
4h	D	16.7741935483871	0.0005785459755125584
4h	D	16.795698924731184	0.0005676766193554528
4h	D	16.81720430107527	0.0005584623694215529
4h	D	16.838709677419356	0.0005509516177105172
4h	D	16.860215053763444	0.0005450482995924964
4h	D	16.881720430107528	0.0005409104371273698
4h	D	16.903225806451616	0.0005382713141376483
4h	D	16.9247311827957	0.0005371296384822744
4h	D	16.946236559139788	0.0005373550397141847
4h	D	16.967741935483872	0.0005387733808094926
4h	D	16.98924731182796	0.0005412281537444373
4h	D	17.010752688172044	0.0005445467668017918
4h	D	17.03225806451613	0.0005485435869269742
4h	D	17.053763440860216	0.0005530231541062143
4h	D	17.075268817204304	0.0005577835935902236
4h	D	17.096774193548388	0.0005626202313443259
4h	D	17.118279569892476	0.0005673034320635545
4h	D	17.13978494623656	0.0005716940569253998
4h	D	17.161290322580648	0.0005755404588700908
4h	D	17.182795698924732	0.0005787258024362215
4h	D	17.20430107526882	0.0005810541827591248
4h	D	17.225806451612904	0.0005823859121620023
4h	D	17.24731182795699	0.000582603852213208
4h	D	17.268817204301076	0.0005816157160560402
4h	D	17.290322580645164	0.000579355598863266
4h	D	17.311827956989248	0.0005757586855865081
4h	D	17.333333333333336	0.0005708465731815667
4h	D	17.35483870967742	0.000564656609300449
4h	D	17.376344086021508	0.0005571906990150952
4h	D	17.397849462365592	0.0005484558510300656
4h	D	17.41935483870968	0.0005386472157288792
4h	D	17.440860215053764	0.0005277562016549906
4h	D	17.46236559139785	0.0005159156479050787
4h	D	17.483870967741936	0.0005032529838763067
4h	D	17.505376344086024	0.000489837146337721
4h	D	17.526881720430108	0.00047578098777074695
4h	D	17.548387096774196	0.00046118146298968746
4h	D	17.56989247311828	0.0004461175017441934
4h	D	17.591397849462368	0.00043066904655615136
4h	D	17.612903225806452	0.0004149059861151738
4h	D	17.63440860215054	0.00039888858375400864
4h	D	17.655913978494624	0.00038266866478427013
4h	D	17.67741935483871	0.000366291436471625
4h	D	17.698924731182796	0.00034979777315506303
4h	D	17.720430107526884	0.0003332267708032687
4h	D	17.741935483870968	0.0003165924026488323
4h	D	17.763440860215056	0.0002999975176821946
4h	D	17.78494623655914	0.00028342899182010257
4h	D	17.806451612903228	0.00026700276830632163
4h	D	17.827956989247312	0.0002507472733009782
4h	D	17.8494623655914	0.00023473564655738583
4h	D	17.870967741935484	0.00021908540998043043
4h	D	17.89247311827957	0.00020382559824143944
4h	D	17.913978494623656	0.00018907615178020976
4h	D	17.935483870967744	0.0001749342285340736
4h	D	17.956989247311828	0.00016147164729336274
4h	D	17.978494623655916	0.0001488436107383348
4h	D	18.0	0.00013710478087468458
4h	D	18.021505376344088	0.00012633830550046388
4h	D	18.043010752688172	0.00011661658124433193
4h	D	18.06451612903226	0.00010799893855953953
4h	D	18.086021505376344	0.00010050376543538765
4h	D	18.107526881720432	9.421858964228194e-05
4h	D	18.129032258064516	8.911812362845266e-05
4h	D	18.150537634408604	8.51957400409991e-05
4h	D	18.172043010752688	8.242702207434244e-05
4h	D	18.193548387096776	8.077043153128313e-05
4h	D	18.21505376344086	8.014247542018341e-05
4h	D	18.236559139784948	8.050480785219074e-05
4h	D	18.258064516129032	8.179661205874088e-05
4h	D	18.27956989247312	8.388759900025629e-05
4h	D	18.301075268817204	8.667564163035789e-05
4h	D	18.322580645161292	9.005267826594882e-05
4h	D	18.344086021505376	9.390724981150157e-05
4h	D	18.365591397849464	9.810101178771334e-05
4h	D	18.38709677419355	0.00010255663483085752
4h	D	18.408602150537636	0.0001071904319595065
4h	D	18.430107526881724	0.00011186505949536343
4h	D	18.451612903225808	0.0001164863388018318
4h	D	18.473118279569896	0.00012094191956186436
4h	D	18.49462365591398	0.00012521366351564132
4h	D	18.516129032258068	0.0001291970918169616
4h	D	18.537634408602152	0.00013283336825615363
4h	D	18.55913978494624	0.00013607250822239526
4h	D	18.580645161290324	0.0001388729381437425
4h	D	18.60215053763441	0.00014120085665356567
4h	D	18.623655913978496	0.0001430294770578734
4h	D	18.645161290322584	0.00014433823256254316
4h	D	18.666666666666668	0.00014511202153311904
4h	D	18.688172043010756	0.0001453405599553206
4h	D	18.70967741935484	0.00014501789294110495
4h	D	18.731182795698928	0.00014414209778795958
4h	D	18.752688172043012	0.00014266327081502152
4h	D	18.7741935483871	0.00014070668422353288
4h	D	18.795698924731184	0.00013821099965737217
4h	D	18.81720430107527	0.0001351923857621707
4h	D	18.838709677419356	0.00013167177273982052
4h	D	18.860215053763444	0.00012767530750960946
4h	D	18.881720430107528	0.000123234700731507
4h	D	18.903225806451616	0.00011838740428559119
4h	D	18.9247311827957	0.00011317656938116651
4h	D	18.946236559139788	0.00010765075166110029
4h	D	18.967741935483872	0.00010186334895149415
4h	D	18.98924731182796	9.58717779227431e-05
4h	D	19.010752688172044	8.973641605017021e-05
4h	D	19.03225806451613	8.351935317767306e-05
4h	D	19.053763440860216	7.72830112512241e-05
4h	D	19.075268817204304	7.108870034488622e-05
4h	D	19.096774193548388	6.499518335941684e-05
4h	D	19.118279569892476	5.905732063218338e-05
4h	D	19.13978494623656	5.332485952344204e-05
4h	D	19.161290322580648	4.784142360453566e-05
4h	D	19.182795698924732	4.264374243526497e-05
4h	D	19.20430107526882	3.776114732860672e-05
4h	D	19.225806451612904	3.3215342264457423e-05
4h	D	19.24731182795699	2.902044347008938e-05
4h	D	19.268817204301076	2.518326720915443e-05
4h	D	19.290322580645164	2.1703833849764202e-05
4h	D	19.311827956989248	1.857604786792001e-05
4h	D	19.333333333333336	1.5788508340313503e-05
4h	D	19.35483870967742	1.3325402662500318e-05
4h	D	19.376344086021508	1.1167437422364726e-05
4h	D	19.397849462365592	9.292764102601524e-06
4h	D	19.41935483870968	7.67786299168992e-06
4h	D	19.440860215053764	6.298355702243771e-06
4h	D	19.46236559139785	5.129724380998227e-06
4h	D	19.483870967741936	4.1479234502498195e-06
4h	D	19.505376344086024	3.3298770409798937e-06
4h	D	19.526881720430108	2.6279025003384007e-06
4h	D	19.548387096774196	2.0815139070812237e-06
4h	D	19.56989247311828	1.6365743378443727e-06
4h	D	19.591397849462368	1.313878383113144e-06
4h	D	19.612903225806452	1.0407614121678568e-06
4h	D	19.63440860215054	8.321701610116377e-07
4h	D	19.655913978494624	6.791420742742974e-07
4h	D	19.67741935483871	5.747493623805982e-07
4h	D	19.698924731182796	5.140723646111353e-07
4h	D	19.720430107526884	4.941724300327955e-07
4h	D	19.741935483870968	5.140723646111353e-07
4h	D	19.763440860215056	5.747493623805982e-07
4h	D	19.78494623655914	6.791420742742974e-07
4h	D	19.806451612903228	8.321701610116377e-07
4h	D	19.827956989247312	1.0407614121678568e-06
4h	D	19.8494623655914	1.313878383113144e-06
4h	D	19.870967741935484	1.6365743378443727e-06
4h	D	19.89247311827957	2.0815139070812237e-06
4h	D	19.913978494623656	2.6279025003384007e-06
4h	D	19.935483870967744	3.2932562960033476e-06
4h	D	19.956989247311828	4.096643430149132e-06
4h	D	19.978494623655916	5.058446373662662e-06
4h	D	20.0	6.200011386136039e-06
4h	D	20.021505376344088	7.543174859421594e-06
4h	D	20.043010752688172	9.109660981175565e-06
4h	D	20.06451612903226	1.0920351207348326e-05
4h	D	20.086021505376344	1.299443341931514e-05
4h	D	20.107526881720432	1.5348447110201228e-05
4h	D	20.129032258064516	1.7995250109753444e-05
4h	D	20.150537634408604	2.094294169608813e-05
4h	D	20.172043010752688	2.419378581708726e-05
4h	D	20.193548387096776	2.7743185831952784e-05
4h	D	20.215053763440864	3.1578767926613054e-05
4h	D	20.236559139784948	3.567963342152549e-05
4h	D	20.258064516129036	4.001583993492657e-05
4h	D	20.27956989247312	4.454816730853232e-05
4h	D	20.301075268817208	4.92282160932929e-05
4h	D	20.322580645161292	5.399887425852072e-05
4h	D	20.34408602150538	5.879517197328079e-05
4h	D	20.365591397849464	6.354552548546463e-05
4h	D	20.38709677419355	6.817335027004853e-05
4h	D	20.408602150537636	7.259900197032473e-05
4h	D	20.430107526881724	7.674198263085506e-05
4h	D	20.451612903225808	8.052333081254187e-05
4h	D	20.473118279569896	8.38680988417407e-05
4h	D	20.49462365591398	8.670780996501216e-05
4h	D	20.516129032258068	8.898278356407924e-05
4h	D	20.537634408602152	9.064421845363839e-05
4h	D	20.55913978494624	9.165593280489394e-05
4h	D	20.580645161290324	9.199567408808397e-05
4h	D	20.60215053763441	9.165593280489394e-05
4h	D	20.623655913978496	9.064421845363839e-05
4h	D	20.645161290322584	8.898278356407924e-05
4h	D	20.666666666666668	8.670780996501216e-05
4h	D	20.688172043010756	8.38680988417407e-05
4h	D	20.70967741935484	8.052333081254187e-05
4h	D	20.731182795698928	7.674198263085506e-05
4h	D	20.752688172043012	7.259900197032473e-05
4h	D	20.7741935483871	6.817335027004853e-05
4h	D	20.795698924731184	6.354552548546463e-05
4h	D	20.81720430107527	5.879517197328079e-05
4h	D	20.838709677419356	5.399887425852072e-05
4h	D	20.860215053763444	4.92282160932929e-05
4h	D	20.881720430107528	4.454816730853232e-05
4h	D	20.903225806451616	4.001583993492657e-05
4h	D	20.9247311827957	3.567963342152549e-05
4h	D	20.946236559139788	3.1578767926613054e-05
4h	D	20.967741935483872	2.7743185831952784e-05
4h	D	20.98924731182796	2.419378581708726e-05
4h	D	21.010752688172044	2.094294169608813e-05
4h	D	21.03225806451613	1.7995250109753444e-05
4h	D	21.053763440860216	1.5348447110201228e-05
4h	D	21.075268817204304	1.299443341931514e-05
4h	D	21.096774193548388	1.0920351207348326e-05
4h	D	21.118279569892476	9.109660981175565e-06
4h	D	21.13978494623656	7.543174859421594e-06
4h	D	21.161290322580648	6.200011386136039e-06
4h	D	21.182795698924732	5.058446373662662e-06
4h	D	21.20430107526882	4.096643430149132e-06
4h	D	21.225806451612904	3.2932562960033476e-06
4h	D	21.24731182795699	2.6279025003384007e-06
4h	D	21.268817204301076	2.0815139070812237e-06
4h	D	21.290322580645164	1.6365743378443727e-06
4h	D	21.311827956989248	1.2772576381365975e-06
4h	D	21.333333333333336	9.894813920671694e-07
4h	D	21.35483870967742	7.608921536760725e-07
4h	D	21.376344086021508	5.807977581665649e-07
4h	D	21.397849462365592	4.4006123011227363e-07
4h	D	21.41935483870968	3.3096924318517613e-07
4h	D	21.440860215053764	2.4708621501639777e-07
4h	D	21.46236559139785	1.8310312142595927e-07
4h	D	21.483870967741936	1.346881322683245e-07
4h	D	21.505376344086024	9.834431610773244e-08
4h	D	21.526881720430108	7.127800733556516e-08
4h	D	21.548387096774196	5.128002010068726e-08
4h	D	21.56989247311828	3.6620744976546315e-08
4h	D	21.591397849462368	0.0
4h	D	21.612903225806452	0.0
4h	D	21.63440860215054	0.0
4h	D	21.655913978494624	0.0
4h	D	21.67741935483871	0.0
4h	D	21.698924731182796	0.0
4h	D	21.720430107526884	0.0
4h	D	21.741935483870968	0.0
4h	D	21.763440860215056	0.0
4h	D	21.78494623655914	0.0
4h	D	21.806451612903228	0.0
4h	D	21.827956989247312	0.0
4h	D	21.8494623655914	0.0
4h	D	21.870967741935484	0.0
4h	D	21.89247311827957	0.0
4h	D	21.913978494623656	0.0
4h	D	21.935483870967744	0.0
4h	D	21.956989247311828	0.0
4h	D	21.978494623655916	0.0
4h	D	22.0	0.0
4h	DT	0.0	0.014205538540421772
4h	DT	0.021505376344086023	0.014559665141345438
4h	DT	0.043010752688172046	0.014875174467595152
4h	DT	0.06451612903225806	0.015156591777749735
4h	DT	0.08602150537634409	0.015409570845117586
4h	DT	0.10752688172043012	0.01564052781024615
4h	DT	0.12903225806451613	0.015862900193827034
4h	DT	0.15053763440860216	0.016073269881281098
4h	DT	0.17204301075268819	0.01628332169248942
4h	DT	0.19354838709677422	0.016499641518556554
4h	DT	0.21505376344086025	0.016728201181479708
4h	DT	0.23655913978494625	0.01697392972188738
4h	DT	0.25806451612903225	0.0172408087622924
4h	DT	0.2795698924731183	0.017531550686930197
4h	DT	0.3010752688172043	0.017847870462423244
4h	DT	0.32258064516129037	0.018190205605351027
4h	DT	0.34408602150537637	0.01855812500190444
4h	DT	0.3655913978494624	0.018956537613155598
4h	DT	0.38709677419354843	0.019373832771307744
4h	DT	0.40860215053763443	0.019812006852859415
4h	DT	0.4301075268817205	0.020268912583945545
4h	DT	0.4516129032258065	0.020742415466726595
4h	DT	0.4731182795698925	0.021230546567496487
4h	DT	0.49462365591397855	0.021731608452709657
4h	DT	0.5161290322580645	0.022244408674389274
4h	DT	0.5376344086021506	0.02276821327447441
4h	DT	0.5591397849462366	0.023302584133359488
4h	DT	0.5806451612903226	0.023855092706010488
4h	DT	0.6021505376344086	0.024414020889868514
4h	DT	0.6236559139784946	0.02498541834843472
4h	DT	0.6451612903225807	0.025570148044973186
4h	DT	0.6666666666666667	0.026168734099896323
4h	DT	0.6881720430107527	0.026781860153408107
4h	DT	0.7096774193548387	0.027409890449271664
4h	DT	0.7311827956989247	0.028052843309010454
4h	DT	0.7526881720430109	0.02871754582265001
4h	DT	0.7741935483870969	0.029391727861973974
4h	DT	0.7956989247311829	0.030079577948934757
4h	DT	0.8172043010752689	0.03078002452590604
4h	DT	0.8387096774193549	0.031491774341880725
4h	DT	0.860215053763441	0.03221330673168498
4h	DT	0.881720430107527	0.03294313304919279
4h	DT	0.903225806451613	0.033686421230533045
4h	DT	0.924731182795699	0.03443162867331889
4h	DT	0.946236559139785	0.03518168117555719
4h	DT	0.967741935483871	0.03593621648450381
4h	DT	0.9892473118279571	0.03669473467073808
4h	DT	1.010752688172043	0.03745372550450342
4h	DT	1.032258064516129	0.03822128591349575
4h	DT	1.0537634408602152	0.038999624085835946
4h	DT	1.0752688172043012	0.039779099779233475
4h	DT	1.0967741935483872	0.04056563242795995
4h	DT	1.1182795698924732	0.041360636386348355
4h	DT	1.1397849462365592	0.04216583712423593
4h	DT	1.1612903225806452	0.042982795602368166
4h	DT	1.1827956989247312	0.0438184791547406
4h	DT	1.2043010752688172	0.044666083434677546
4h	DT	1.2258064516129032	0.045530966450089555
4h	DT	1.2473118279569892	0.04641443565583104
4h	DT	1.2688172043010755	0.04731768710078902
4h	DT	1.2903225806451615	0.04824135863387895
4h	DT	1.3118279569892475	0.04919028083635797
4h	DT	1.3333333333333335	0.05015704285196514
4h	DT	1.3548387096774195	0.051144068170495036
4h	DT	1.3763440860215055	0.052150248795386385
4h	DT	1.3978494623655915	0.05317354961457775
4h	DT	1.4193548387096775	0.05421665197454721
4h	DT	1.4408602150537635	0.0552681071361367
4h	DT	1.4623655913978495	0.05632806622151009
4h	DT	1.4838709677419355	0.05738870220910344
4h	DT	1.5053763440860217	0.05845364647066032
4h	DT	1.5268817204301077	0.05951755120487381
4h	DT	1.5483870967741937	0.06056787635355959
4h	DT	1.5698924731182797	0.06160237441674911
4h	DT	1.5913978494623657	0.0626157145328766
4h	DT	1.6129032258064517	0.06360637062208764
4h	DT	1.6344086021505377	0.06456277219462855
4h	DT	1.6559139784946237	0.06548260451939468
4h	DT	1.6774193548387097	0.06636119279015232
4h	DT	1.6989247311827957	0.06719833343145115
4h	DT	1.720430107526882	0.06798392458270666
4h	DT	1.741935483870968	0.06871755495521942
4h	DT	1.763440860215054	0.06939683407397268
4h	DT	1.78494623655914	0.07002350207596497
4h	DT	1.806451612903226	0.07059076177903462
4h	DT	1.827956989247312	0.07110070836345704
4h	DT	1.849462365591398	0.07154947401836455
4h	DT	1.870967741935484	0.07195187917126973
4h	DT	1.89247311827957	0.07229707469496338
4h	DT	1.913978494623656	0.07259042809846361
4h	DT	1.935483870967742	0.07283762705951757
4h	DT	1.9569892473118282	0.07303797708116318
4h	DT	1.9784946236559142	0.07319715055549712
4h	DT	2.0	0.07331939204875168
4h	DT	2.021505376344086	0.07341180778973413
4h	DT	2.043010752688172	0.07347521870270825
4h	DT	2.064516129032258	0.0735162728505942
4h	DT	2.0860215053763445	0.0735425051600686
4h	DT	2.1075268817204305	0.07355431272159323
4h	DT	2.1290322580645165	0.07355355259107674
4h	DT	2.1505376344086025	0.07355811173080794
4h	DT	2.1720430107526885	0.07356066783799937
4h	DT	2.1935483870967745	0.07356692767941972
4h	DT	2.2150537634408605	0.07358195621762711
4h	DT	2.2365591397849465	0.073604319653752
4h	DT	2.2580645161290325	0.07363735877133677
4h	DT	2.2795698924731185	0.07368440700916451
4h	DT	2.3010752688172045	0.07374155814319588
4h	DT	2.3225806451612905	0.07381196140323502
4h	DT	2.3440860215053765	0.07389167614367957
4h	DT	2.3655913978494625	0.07397589492397647
4h	DT	2.3870967741935485	0.07407433070243412
4h	DT	2.4086021505376345	0.0741754165350846
4h	DT	2.4301075268817205	0.07427927552783424
4h	DT	2.4516129032258065	0.0743802722162373
4h	DT	2.4731182795698925	0.07447586728035475
4h	DT	2.4946236559139785	0.07456452899446164
4h	DT	2.5161290322580645	0.07464077979712475
4h	DT	2.537634408602151	0.07470463888639337
4h	DT	2.559139784946237	0.07475006051289736
4h	DT	2.580645161290323	0.07477243568526828
4h	DT	2.602150537634409	0.0747790668832388
4h	DT	2.623655913978495	0.0747622951305528
4h	DT	2.645161290322581	0.07472280702371288
4h	DT	2.666666666666667	0.07465720476974273
4h	DT	2.688172043010753	0.0745682550636433
4h	DT	2.709677419354839	0.07445346187306012
4h	DT	2.731182795698925	0.07431631117475286
4h	DT	2.752688172043011	0.0741501553705994
4h	DT	2.774193548387097	0.07397052069283709
4h	DT	2.795698924731183	0.07376981312306975
4h	DT	2.817204301075269	0.07355224674462726
4h	DT	2.838709677419355	0.07331864643006253
4h	DT	2.860215053763441	0.07307000272405097
4h	DT	2.881720430107527	0.0728106352671287
4h	DT	2.903225806451613	0.07253518288566961
4h	DT	2.924731182795699	0.0722580139615961
4h	DT	2.946236559139785	0.07197305953317197
4h	DT	2.967741935483871	0.07168316107865338
4h	DT	2.9892473118279574	0.07138843372855601
4h	DT	3.0107526881720434	0.07108898280910503
4h	DT	3.0322580645161294	0.07078745523882847
4h	DT	3.0537634408602155	0.07047741849627405
4h	DT	3.0752688172043015	0.0701718042477507
4h	DT	3.0967741935483875	0.06986393627791254
4h	DT	3.1182795698924735	0.06955248999046465
4h	DT	3.1397849462365595	0.06923953786154553
4h	DT	3.1612903225806455	0.06892460495385204
4h	DT	3.1827956989247315	0.06860316191279804
4h	DT	3.2043010752688175	0.0682858862991977
4h	DT	3.2258064516129035	0.06796742579524963
4h	DT	3.2473118279569895	0.06764830235106384
4h	DT	3.2688172043010755	0.06732875954646007
4h	DT	3.2903225806451615	0.06701122827498146
4h	DT	3.3118279569892475	0.06669285444846917
4h	DT	3.3333333333333335	0.06638147180658835
4h	DT	3.3548387096774195	0.0660742872172762
4h	DT	3.3763440860215055	0.06577303557804716
4h	DT	3.3978494623655915	0.06547826412441048
4h	DT	3.4193548387096775	0.06518709673431491
4h	DT	3.440860215053764	0.06490872460745332
4h	DT	3.46236559139785	0.064639038037154
4h	DT	3.483870967741936	0.06437868928840174
4h	DT	3.505376344086022	0.0641280158299167
4h	DT	3.526881720430108	0.06388337614210168
4h	DT	3.548387096774194	0.06365239636152087
4h	DT	3.56989247311828	0.06343009103023976
4h	DT	3.591397849462366	0.06321627543221926
4h	DT	3.612903225806452	0.06300773092770039
4h	DT	3.634408602150538	0.06280963143085487
4h	DT	3.655913978494624	0.06261853219926049
4h	DT	3.67741935483871	0.06243420234632919
4h	DT	3.698924731182796	0.06225285595994655
4h	DT	3.720430107526882	0.062080990275020835
4h	DT	3.741935483870968	0.061914425725427776
4h	DT	3.763440860215054	0.06175284911481378
4h	DT	3.78494623655914	0.06159391742452376
4h	DT	3.806451612903226	0.06144390700584492
4h	DT	3.827956989247312	0.0612985565466228
4h	DT	3.849462365591398	0.06115906721122019
4h	DT	3.870967741935484	0.06102189949623266
4h	DT	3.89247311827957	0.06089410679304344
4h	DT	3.9139784946236564	0.060771167811454245
4h	DT	3.9354838709677424	0.06065086184847807
4h	DT	3.9569892473118284	0.06053667574216027
4h	DT	3.9784946236559144	0.06042633402770507
4h	DT	4.0	0.06031771868090627
4h	DT	4.021505376344086	0.06020816318463442
4h	DT	4.043010752688172	0.060100202012288315
4h	DT	4.064516129032258	0.05999012135354833
4h	DT	4.086021505376344	0.05987313126607772
4h	DT	4.10752688172043	0.059752592770768796
4h	DT	4.129032258064516	0.059623644989184856
4h	DT	4.150537634408603	0.05948311168679878
4h	DT	4.172043010752689	0.05933334223847792
4h	DT	4.193548387096775	0.05917054154445282
4h	DT	4.215053763440861	0.05899159622589976
4h	DT	4.236559139784947	0.0588000602701475
4h	DT	4.258064516129033	0.058593564487922675
4h	DT	4.279569892473119	0.05837034780427266
4h	DT	4.301075268817205	0.05813594549094395
4h	DT	4.322580645161291	0.057887539669453765
4h	DT	4.344086021505377	0.05763021250797114
4h	DT	4.365591397849463	0.057364166369966545
4h	DT	4.387096774193549	0.05709124729357511
4h	DT	4.408602150537635	0.05681778015892884
4h	DT	4.430107526881721	0.056543453791006
4h	DT	4.451612903225807	0.05627489011939659
4h	DT	4.473118279569893	0.05601393848054365
4h	DT	4.494623655913979	0.05576243502287035
4h	DT	4.516129032258065	0.05552585617315749
4h	DT	4.537634408602151	0.055304272698907676
4h	DT	4.559139784946237	0.05510247347975714
4h	DT	4.580645161290323	0.054918954673600986
4h	DT	4.602150537634409	0.05475811740191441
4h	DT	4.623655913978495	0.05461806937260591
4h	DT	4.645161290322581	0.054497470474243394
4h	DT	4.666666666666667	0.05439811481586545
4h	DT	4.688172043010753	0.05431526534029434
4h	DT	4.709677419354839	0.0542494516254291
4h	DT	4.731182795698925	0.05419522595421217
4h	DT	4.752688172043011	0.05415190236661519
4h	DT	4.774193548387097	0.054114050781024256
4h	DT	4.795698924731183	0.05407943091919195
4h	DT	4.817204301075269	0.054042301376280424
4h	DT	4.838709677419355	0.05400051960674737
4h	DT	4.860215053763441	0.053951616872532596
4h	DT	4.881720430107527	0.05388961420776619
4h	DT	4.903225806451613	0.053814316551443295
4h	DT	4.924731182795699	0.05372080653853498
4h	DT	4.946236559139785	0.0536098823474454
4h	DT	4.967741935483871	0.05347740302518608
4h	DT	4.989247311827957	0.05332419563289323
4h	DT	5.010752688172043	0.05315071359541545
4h	DT	5.032258064516129	0.052955805843126647
4h	DT	5.053763440860216	0.05274214665590039
4h	DT	5.075268817204302	0.052509133269508755
4h	DT	5.096774193548388	0.05226020322682746
4h	DT	5.118279569892474	0.051997998700614
4h	DT	5.13978494623656	0.05172338475448146
4h	DT	5.161290322580646	0.05144034810596354
4h	DT	5.182795698924732	0.05115280344400422
4h	DT	5.204301075268818	0.05086189605298852
4h	DT	5.225806451612904	0.050571452625055184
4h	DT	5.24731182795699	0.05028507783121597
4h	DT	5.268817204301076	0.05000564720002577
4h	DT	5.290322580645162	0.0497348324102336
4h	DT	5.311827956989248	0.0494762042749945
4h	DT	5.333333333333334	0.04923237982169435
4h	DT	5.35483870967742	0.049004723603595333
4h	DT	5.376344086021506	0.04879451378126506
4h	DT	5.397849462365592	0.0486043750464684
4h	DT	5.419354838709678	0.04843518872929454
4h	DT	5.440860215053764	0.048288053010605424
4h	DT	5.46236559139785	0.04816323174998741
4h	DT	5.483870967741936	0.048060500410404335
4h	DT	5.505376344086022	0.04798034515532069
4h	DT	5.526881720430108	0.04792324024552824
4h	DT	5.548387096774194	0.047887661191300536
4h	DT	5.56989247311828	0.04787332983408416
4h	DT	5.591397849462366	0.047878659427680145
4h	DT	5.612903225806452	0.047902288078331745
4h	DT	5.634408602150538	0.047942998809218124
4h	DT	5.655913978494624	0.04799771047782048
4h	DT	5.67741935483871	0.0480644927818463
4h	DT	5.698924731182796	0.04814122186306983
4h	DT	5.720430107526882	0.0482248650184297
4h	DT	5.741935483870968	0.04831299483835154
4h	DT	5.763440860215054	0.04840310744147883
4h	DT	5.78494623655914	0.04849170654238855
4h	DT	5.806451612903226	0.04857594005134141
4h	DT	5.827956989247312	0.04865464327133816
4h	DT	5.849462365591398	0.04872360575185345
4h	DT	5.870967741935484	0.04878214455377105
4h	DT	5.89247311827957	0.04882857759944362
4h	DT	5.913978494623656	0.04886138119452947
4h	DT	5.935483870967742	0.04888077881318434
4h	DT	5.956989247311828	0.04888665882025757
4h	DT	5.978494623655915	0.04887844881777539
4h	DT	6.000000000000001	0.04885862794915631
4h	DT	6.021505376344087	0.04882861721478886
4h	DT	6.043010752688173	0.04878987869616868
4h	DT	6.064516129032259	0.048745272704914085
4h	DT	6.086021505376345	0.04869836353011373
4h	DT	6.107526881720431	0.04865190331674083
4h	DT	6.129032258064517	0.04860907758868441
4h	DT	6.150537634408603	0.048572796107181265
4h	DT	6.172043010752689	0.0485473423355011
4h	DT	6.193548387096775	0.04853535312146994
4h	DT	6.215053763440861	0.04854026662667068
4h	DT	6.236559139784947	0.04856352058416743
4h	DT	6.258064516129033	0.04860739584907545
4h	DT	6.279569892473119	0.048673842280910255
4h	DT	6.301075268817205	0.048763143461763164
4h	DT	6.322580645161291	0.04887582648036267
4h	DT	6.344086021505377	0.04901172796326282
4h	DT	6.365591397849463	0.049170365712686036
4h	DT	6.387096774193549	0.04934992414603815
4h	DT	6.408602150537635	0.049548861609656075
4h	DT	6.430107526881721	0.04976528648249167
4h	DT	6.451612903225807	0.04999638125421363
4h	DT	6.473118279569893	0.050239749521347424
4h	DT	6.494623655913979	0.050493156724759465
4h	DT	6.516129032258065	0.050753470604545214
4h	DT	6.537634408602151	0.05101761802576823
4h	DT	6.559139784946237	0.05128410539890405
4h	DT	6.580645161290323	0.051550314531959275
4h	DT	6.602150537634409	0.05181374146735738
4h	DT	6.623655913978495	0.052073369879091023
4h	DT	6.645161290322581	0.05232813341517545
4h	DT	6.666666666666667	0.05257669822606349
4h	DT	6.688172043010753	0.05281898311140665
4h	DT	6.709677419354839	0.05305478690419973
4h	DT	6.731182795698925	0.05328482056473174
4h	DT	6.752688172043011	0.05350900572952113
4h	DT	6.774193548387097	0.05372847424988919
4h	DT	6.795698924731183	0.053944292522095906
4h	DT	6.817204301075269	0.054158073284970805
4h	DT	6.838709677419355	0.05437043001493084
4h	DT	6.860215053763441	0.05458262058719061
4h	DT	6.881720430107528	0.05479671300595175
4h	DT	6.903225806451614	0.055014160770277536
4h	DT	6.9247311827957	0.05523602597771918
4h	DT	6.946236559139786	0.05546331140365665
4h	DT	6.967741935483872	0.05569762284517109
4h	DT	6.989247311827958	0.05593993328691466
4h	DT	7.010752688172044	0.05619068948137664
4h	DT	7.03225806451613	0.056450720288093406
4h	DT	7.053763440860216	0.05672145193962782
4h	DT	7.075268817204302	0.057003333627832165
4h	DT	7.096774193548388	0.057295654961087066
4h	DT	7.118279569892474	0.057599929094473
4h	DT	7.13978494623656	0.057915681127113594
4h	DT	7.161290322580646	0.058243242177699196
4h	DT	7.182795698924732	0.05858200041491713
4h	DT	7.204301075268818	0.05893261887787012
4h	DT	7.225806451612904	0.059295191438650016
4h	DT	7.24731182795699	0.05966857162502717
4h	DT	7.268817204301076	0.06005331629095081
4h	DT	7.290322580645162	0.06044880710815218
4h	DT	7.311827956989248	0.060854639561997985
4h	DT	7.333333333333334	0.061270819366033784
4h	DT	7.35483870967742	0.061697385546039395
4h	DT	7.376344086021506	0.06213419494553905
4h	DT	7.397849462365592	0.06258098592966625
4h	DT	7.419354838709678	0.06303770918128418
4h	DT	7.440860215053764	0.06350478974525116
4h	DT	7.46236559139785	0.06398281911829627
4h	DT	7.483870967741936	0.06447262358354044
4h	DT	7.505376344086022	0.0649742163042529
4h	DT	7.526881720430108	0.0654883768011986
4h	DT	7.548387096774194	0.0660171761939358
4h	DT	7.56989247311828	0.06656136841097532
4h	DT	7.591397849462366	0.06712186040100535
4h	DT	7.612903225806452	0.0677003169594311
4h	DT	7.634408602150538	0.06829874875449858
4h	DT	7.655913978494624	0.06891801248587862
4h	DT	7.67741935483871	0.06955992710212057
4h	DT	7.698924731182796	0.07022558757731202
4h	DT	7.720430107526882	0.07091609229990523
4h	DT	7.741935483870968	0.07163226023690589
4h	DT	7.763440860215054	0.0723743383852043
4h	DT	7.78494623655914	0.07314306713704957
4h	DT	7.806451612903227	0.0739385750430117
4h	DT	7.827956989247313	0.07476024166985755
4h	DT	7.849462365591399	0.07560747346815737
4h	DT	7.870967741935485	0.07647858318464736
4h	DT	7.892473118279571	0.0773720689630114
4h	DT	7.913978494623657	0.07828736193621276
4h	DT	7.935483870967743	0.07922156843127962
4h	DT	7.956989247311829	0.08017266218153234
4h	DT	7.978494623655915	0.08113844505579153
4h	DT	8.0	0.08211700776477811
4h	DT	8.021505376344086	0.08310519728503352
4h	DT	8.043010752688172	0.08410224673113609
4h	DT	8.064516129032258	0.08510523047264949
4h	DT	8.086021505376344	0.08611304320694642
4h	DT	8.10752688172043	0.08712295385395687
4h	DT	8.129032258064516	0.08813504800371276
4h	DT	8.150537634408602	0.0891481050824303
4h	DT	8.172043010752688	0.09016059497288148
4h	DT	8.193548387096774	0.09117247532491582
4h	DT	8.21505376344086	0.09218316208147757
4h	DT	8.236559139784946	0.09319307980993548
4h	DT	8.258064516129032	0.09420172360228704
4h	DT	8.27956989247312	0.09520932004855726
4h	DT	8.301075268817206	0.09621573254316995
4h	DT	8.322580645161292	0.09722177935181582
4h	DT	8.344086021505378	0.09822648347750304
4h	DT	8.365591397849464	0.09923048708138817
4h	DT	8.38709677419355	0.10023311242310379
4h	DT	8.408602150537636	0.1012337843553835
4h	DT	8.430107526881722	0.1022330164745622
4h	DT	8.451612903225808	0.10322947630090791
4h	DT	8.473118279569894	0.1042230075512755
4h	DT	8.49462365591398	0.10521249357550018
4h	DT	8.516129032258066	0.10619750252274043
4h	DT	8.537634408602152	0.10717739354935873
4h	DT	8.559139784946238	0.10815163421955024
4h	DT	8.580645161290324	0.10911917082126044
4h	DT	8.60215053763441	0.1100794134398411
4h	DT	8.623655913978496	0.11103221234558723
4h	DT	8.645161290322582	0.11197723459591233
4h	DT	8.666666666666668	0.11291512432866473
4h	DT	8.688172043010754	0.11384510506196263
4h	DT	8.70967741935484	0.11476777125249633
4h	DT	8.731182795698926	0.11568368960168685
4h	DT	8.752688172043012	0.11659356912988221
4h	DT	8.774193548387098	0.11749746290278273
4h	DT	8.795698924731184	0.11839686971189006
4h	DT	8.81720430107527	0.1192919306307457
4h	DT	8.838709677419356	0.12018360608814077
4h	DT	8.860215053763442	0.12107216253008894
4h	DT	8.881720430107528	0.12195814787220145
4h	DT	8.903225806451614	0.12284091721294502
4h	DT	8.9247311827957	0.12372101321998617
4h	DT	8.946236559139786	0.12459769479473844
4h	DT	8.967741935483872	0.12547078062697084
4h	DT	8.989247311827958	0.1263395566747257
4h	DT	9.010752688172044	0.12720212816298623
4h	DT	9.03225806451613	0.12805701828048333
4h	DT	9.053763440860216	0.1289034370338242
4h	DT	9.075268817204302	0.12973912810226063
4h	DT	9.096774193548388	0.13056380598703263
4h	DT	9.118279569892474	0.1313753614121718
4h	DT	9.13978494623656	0.13217365170154338
4h	DT	9.161290322580646	0.13295700841866717
4h	DT	9.182795698924732	0.13372553713907215
4h	DT	9.204301075268818	0.13447928210784077
4h	DT	9.225806451612904	0.1352194335060594
4h	DT	9.24731182795699	0.13594678354890963
4h	DT	9.268817204301076	0.13666322442214968
4h	DT	9.290322580645162	0.13737214986125998
4h	DT	9.311827956989248	0.13807481464877044
4h	DT	9.333333333333334	0.13877524678206865
4h	DT	9.35483870967742	0.13947626557186193
4h	DT	9.376344086021506	0.14018188223558387
4h	DT	9.397849462365592	0.1408951488728394
4h	DT	9.419354838709678	0.14161982567907672
4h	DT	9.440860215053764	0.14235870545176005
4h	DT	9.46236559139785	0.14311381799985176
4h	DT	9.483870967741936	0.14388789983873979
4h	DT	9.505376344086022	0.1446812479020783
4h	DT	9.526881720430108	0.1454947207639135
4h	DT	9.548387096774194	0.1463265977522135
4h	DT	9.56989247311828	0.14717543759727747
4h	DT	9.591397849462366	0.1480384824969924
4h	DT	9.612903225806452	0.14891189826466236
4h	DT	9.634408602150538	0.14978994821158995
4h	DT	9.655913978494624	0.15066764460908458
4h	DT	9.67741935483871	0.15153794191240438
4h	DT	9.698924731182796	0.15239411564981045
4h	DT	9.720430107526882	0.1532281030420833
4h	DT	9.741935483870968	0.1540325788277624
4h	DT	9.763440860215054	0.15479972070272974
4h	DT	9.78494623655914	0.15552053332460572
4h	DT	9.806451612903226	0.1561877956615626
4h	DT	9.827956989247312	0.15679431342942393
4h	DT	9.849462365591398	0.15733469018889848
4h	DT	9.870967741935484	0.15780326960292912
4h	DT	9.89247311827957	0.1581949124887173
4h	DT	9.913978494623656	0.15850662661839343
4h	DT	9.935483870967742	0.15873587654143653
4h	DT	9.956989247311828	0.15888164595151152
4h	DT	9.978494623655914	0.15894497143390546
4h	DT	10.0	0.15892553390144637
4h	DT	10.021505376344086	0.15882713136530668
4h	DT	10.043010752688172	0.15865179731225204
4h	DT	10.064516129032258	0.15840419062462655
4h	DT	10.086021505376344	0.15808906380463422
4h	DT	10.107526881720432	0.15771217410960914
4h	DT	10.129032258064518	0.157278519128567
4h	DT	10.150537634408604	0.1567951003473555
4h	DT	10.17204301075269	0.15626762325482074
4h	DT	10.193548387096776	0.15570150657953286
4h	DT	10.215053763440862	0.15510298764697664
4h	DT	10.236559139784948	0.15447719540049948
4h	DT	10.258064516129034	0.15382977592328162
4h	DT	10.27956989247312	0.15316464558074896
4h	DT	10.301075268817206	0.15248677963652457
4h	DT	10.322580645161292	0.15179902243662471
4h	DT	10.344086021505378	0.15110472992837556
4h	DT	10.365591397849464	0.15040620693498194
4h	DT	10.38709677419355	0.14970579359854555
4h	DT	10.408602150537636	0.1490047345746715
4h	DT	10.430107526881722	0.14830324724508318
4h	DT	10.451612903225808	0.14760287883268094
4h	DT	10.473118279569894	0.14690364377923612
4h	DT	10.49462365591398	0.1462047745241672
4h	DT	10.516129032258066	0.1455067414077488
4h	DT	10.537634408602152	0.14480875257111198
4h	DT	10.559139784946238	0.14411025318764384
4h	DT	10.580645161290324	0.14341057543224345
4h	DT	10.60215053763441	0.1427093092045944
4h	DT	10.623655913978496	0.14200514802185657
4h	DT	10.645161290322582	0.1412964328798641
4h	DT	10.666666666666668	0.1405828504498015
4h	DT	10.688172043010754	0.13986326601959004
4h	DT	10.70967741935484	0.139135784056076
4h	DT	10.731182795698926	0.13839869860468065
4h	DT	10.752688172043012	0.1376513493592186
4h	DT	10.774193548387098	0.13689103527101198
4h	DT	10.795698924731184	0.1361161307361144
4h	DT	10.81720430107527	0.1353235813672291
4h	DT	10.838709677419356	0.13451160149247113
4h	DT	10.860215053763442	0.13367761072131934
4h	DT	10.881720430107528	0.13281866356579472
4h	DT	10.903225806451614	0.13193185251887707
4h	DT	10.9247311827957	0.13101456966545183
4h	DT	10.946236559139786	0.13006378118850676
4h	DT	10.967741935483872	0.1290769022367557
4h	DT	10.989247311827958	0.12805126146270585
4h	DT	11.010752688172044	0.1269858074969195
4h	DT	11.03225806451613	0.1258785911521648
4h	DT	11.053763440860216	0.12472751882794336
4h	DT	11.075268817204302	0.1235338775410779
4h	DT	11.096774193548388	0.12229673774766311
4h	DT	11.118279569892474	0.12101732107159129
4h	DT	11.13978494623656	0.11969674304594677
4h	DT	11.161290322580646	0.11833793756635562
4h	DT	11.182795698924732	0.11694403222875334
4h	DT	11.204301075268818	0.11551778419649487
4h	DT	11.225806451612904	0.1140630432759532
4h	DT	11.24731182795699	0.11258504836107867
4h	DT	11.268817204301076	0.11108742383858905
4h	DT	11.290322580645162	0.10957482796145869
4h	DT	11.311827956989248	0.10805321644136022
4h	DT	11.333333333333334	0.10652654521116513
4h	DT	11.35483870967742	0.10499953918283131
4h	DT	11.376344086021506	0.10347608230205366
4h	DT	11.397849462365592	0.10196081742143713
4h	DT	11.419354838709678	0.10045672459629633
4h	DT	11.440860215053764	0.09896644006567794
4h	DT	11.46236559139785	0.09749303075223707
4h	DT	11.483870967741936	0.096037436393542
4h	DT	11.505376344086022	0.09460226590273696
4h	DT	11.526881720430108	0.09318738903192066
4h	DT	11.548387096774194	0.09179403531842008
4h	DT	11.56989247311828	0.09042168414928595
4h	DT	11.591397849462366	0.08907017968174803
4h	DT	11.612903225806452	0.08773844427731416
4h	DT	11.634408602150538	0.08642537132433423
4h	DT	11.655913978494624	0.0851297177950906
4h	DT	11.67741935483871	0.0838496344338033
4h	DT	11.698924731182796	0.0825834490706339
4h	DT	11.720430107526882	0.081329326863149
4h	DT	11.741935483870968	0.08008452477659336
4h	DT	11.763440860215054	0.0788473475656523
4h	DT	11.78494623655914	0.0776170143839524
4h	DT	11.806451612903226	0.07639050357087597
4h	DT	11.827956989247312	0.07516677911105026
4h	DT	11.849462365591398	0.0739436909605893
4h	DT	11.870967741935484	0.07272035360592424
4h	DT	11.89247311827957	0.0714960779409718
4h	DT	11.913978494623656	0.07026941445201788
4h	DT	11.935483870967744	0.06904068174378764
4h	DT	11.95698924731183	0.06781004731101166
4h	DT	11.978494623655916	0.066576929275551
4h	DT	12.000000000000002	0.06534280594884118
4h	DT	12.021505376344088	0.06410747762593974
4h	DT	12.043010752688174	0.06287282177828413
4h	DT	12.06451612903226	0.06164024207437058
4h	DT	12.086021505376346	0.06041046817479032
4h	DT	12.107526881720432	0.059185480117512124
4h	DT	12.129032258064518	0.057966446331819445
4h	DT	12.150537634408604	0.05675440401469684
4h	DT	12.17204301075269	0.05555198421790582
4h	DT	12.193548387096776	0.054360054075931766
4h	DT	12.215053763440862	0.05317957468063629
4h	DT	12.236559139784948	0.052011867076403845
4h	DT	12.258064516129034	0.05085752772760478
4h	DT	12.27956989247312	0.04971768770614118
4h	DT	12.301075268817206	0.0485927052334233
4h	DT	12.322580645161292	0.047483592304675096
4h	DT	12.344086021505378	0.04639123028997802
4h	DT	12.365591397849464	0.045315852220783506
4h	DT	12.38709677419355	0.04425828951422083
4h	DT	12.408602150537636	0.04321971372467419
4h	DT	12.430107526881722	0.04220077945620187
4h	DT	12.451612903225808	0.041202151714306114
4h	DT	12.473118279569894	0.040224916525479326
4h	DT	12.49462365591398	0.039270745081416
4h	DT	12.516129032258066	0.03833965102653119
4h	DT	12.537634408602152	0.03743323112524287
4h	DT	12.559139784946238	0.03655208967570141
4h	DT	12.580645161290324	0.03569748878809956
4h	DT	12.60215053763441	0.03486973839044001
4h	DT	12.623655913978496	0.034069543407177556
4h	DT	12.645161290322582	0.0332977883486244
4h	DT	12.666666666666668	0.03255392201114897
4h	DT	12.688172043010754	0.03183810079039322
4h	DT	12.70967741935484	0.031150068523180804
4h	DT	12.731182795698926	0.030488965959467523
4h	DT	12.752688172043012	0.02985363154498825
4h	DT	12.774193548387098	0.029243435155808146
4h	DT	12.795698924731184	0.0286563699235997
4h	DT	12.81720430107527	0.02809171862360785
4h	DT	12.838709677419356	0.02754733992569947
4h	DT	12.860215053763442	0.027021425824295297
4h	DT	12.881720430107528	0.026512401852106786
4h	DT	12.903225806451614	0.026018819727754695
4h	DT	12.9247311827957	0.02553867054066986
4h	DT	12.946236559139786	0.02507038205957214
4h	DT	12.967741935483872	0.02461233400769126
4h	DT	12.989247311827958	0.024163166827063445
4h	DT	13.010752688172044	0.023721707229709323
4h	DT	13.03225806451613	0.023286751737143986
4h	DT	13.053763440860216	0.022857726475642975
4h	DT	13.075268817204302	0.02243298407321505
4h	DT	13.096774193548388	0.022012525427185226
4h	DT	13.118279569892474	0.02159591773652259
4h	DT	13.13978494623656	0.021182507813937358
4h	DT	13.161290322580646	0.020772292264936744
4h	DT	13.182795698924732	0.02036492918025104
4h	DT	13.204301075268818	0.019960886340039983
4h	DT	13.225806451612904	0.01956027419308902
4h	DT	13.24731182795699	0.019163436730319516
4h	DT	13.268817204301076	0.018770716076121987
4h	DT	13.290322580645162	0.018382218226797392
4h	DT	13.311827956989248	0.017998882503560132
4h	DT	13.333333333333334	0.01762056674177577
4h	DT	13.35483870967742	0.01724807233250501
4h	DT	13.376344086021506	0.01688189408140223
4h	DT	13.397849462365592	0.016522044679955824
4h	DT	13.419354838709678	0.01616927994756853
4h	DT	13.440860215053764	0.015823800051231254
4h	DT	13.46236559139785	0.015485841987516949
4h	DT	13.483870967741936	0.015156004198395934
4h	DT	13.505376344086022	0.01483409376425351
4h	DT	13.526881720430108	0.014520450379734182
4h	DT	13.548387096774194	0.0142147840654872
4h	DT	13.56989247311828	0.013917597480672754
4h	DT	13.591397849462366	0.013628791275686572
4h	DT	13.612903225806452	0.013348008855221562
4h	DT	13.634408602150538	0.013075630035853464
4h	DT	13.655913978494624	0.012811192039456602
4h	DT	13.67741935483871	0.012554555603886434
4h	DT	13.698924731182796	0.01230561412876877
4h	DT	13.720430107526882	0.012064414507141854
4h	DT	13.741935483870968	0.011830464911582508
4h	DT	13.763440860215056	0.011603309048150356
4h	DT	13.784946236559142	0.01138246079232127
4h	DT	13.806451612903228	0.011167873296394128
4h	DT	13.827956989247314	0.010958766943337602
4h	DT	13.8494623655914	0.010755118533076691
4h	DT	13.870967741935486	0.010556232342113373
4h	DT	13.892473118279572	0.010361870800635728
4h	DT	13.913978494623658	0.010171721994355766
4h	DT	13.935483870967744	0.009985341453057415
4h	DT	13.95698924731183	0.009802337963697824
4h	DT	13.978494623655916	0.00962265598711571
4h	DT	14.000000000000002	0.009446077223746125
4h	DT	14.021505376344088	0.009272755693391303
4h	DT	14.043010752688174	0.00910241927337379
4h	DT	14.06451612903226	0.008934871616990745
4h	DT	14.086021505376346	0.00877071092142765
4h	DT	14.107526881720432	0.008609808346656376
4h	DT	14.129032258064518	0.00845241984692567
4h	DT	14.150537634408604	0.008298643461598905
4h	DT	14.17204301075269	0.008148522333432063
4h	DT	14.193548387096776	0.008002234542073976
4h	DT	14.215053763440862	0.007859838449368769
4h	DT	14.236559139784948	0.0077212401056864916
4h	DT	14.258064516129034	0.007586168461878091
4h	DT	14.27956989247312	0.007454803957097914
4h	DT	14.301075268817206	0.007326650703014144
4h	DT	14.322580645161292	0.007201461117486408
4h	DT	14.344086021505378	0.007078676132859013
4h	DT	14.365591397849464	0.0069580193671555275
4h	DT	14.38709677419355	0.006839108687402124
4h	DT	14.408602150537636	0.006721322623811797
4h	DT	14.430107526881722	0.006604342048226902
4h	DT	14.451612903225808	0.006487727422018964
4h	DT	14.473118279569894	0.006371000555570898
4h	DT	14.49462365591398	0.006253932045101377
4h	DT	14.516129032258066	0.006136491049313002
4h	DT	14.537634408602152	0.006018358784784783
4h	DT	14.559139784946238	0.005899429180705536
4h	DT	14.580645161290324	0.005779822554600774
4h	DT	14.60215053763441	0.005659667809526351
4h	DT	14.623655913978496	0.005539045947223156
4h	DT	14.645161290322582	0.005418303274848821
4h	DT	14.666666666666668	0.00529756616964606
4h	DT	14.688172043010754	0.005177265913048452
4h	DT	14.70967741935484	0.005057819507169492
4h	DT	14.731182795698926	0.004939457502531361
4h	DT	14.752688172043012	0.004822561162956078
4h	DT	14.774193548387098	0.004707481480710585
4h	DT	14.795698924731184	0.004594619492069383
4h	DT	14.81720430107527	0.004483898367588842
4h	DT	14.838709677419356	0.0043758080771797775
4h	DT	14.860215053763442	0.0042703998527101215
4h	DT	14.881720430107528	0.0041676750162993005
4h	DT	14.903225806451614	0.004067921572439064
4h	DT	14.9247311827957	0.003970827219103985
4h	DT	14.946236559139786	0.0038765705660185152
4h	DT	14.967741935483872	0.0037850909788618684
4h	DT	14.989247311827958	0.003696164700291942
4h	DT	15.010752688172044	0.0036095907701398215
4h	DT	15.03225806451613	0.003525350699170028
4h	DT	15.053763440860216	0.003443171413278054
4h	DT	15.075268817204302	0.0033628422792181976
4h	DT	15.096774193548388	0.003284244685481179
4h	DT	15.118279569892474	0.003207309765866469
4h	DT	15.13978494623656	0.003132031390298552
4h	DT	15.161290322580646	0.00305827385007619
4h	DT	15.182795698924732	0.0029859903755985857
4h	DT	15.204301075268818	0.002915136831226115
4h	DT	15.225806451612904	0.0028457729000340966
4h	DT	15.24731182795699	0.0027779703816252785
4h	DT	15.268817204301076	0.002711997836092585
4h	DT	15.290322580645162	0.0026478409651591304
4h	DT	15.311827956989248	0.002585625662806279
4h	DT	15.333333333333334	0.0025256627767276563
4h	DT	15.35483870967742	0.002468004095357379
4h	DT	15.376344086021506	0.0024126384535669556
4h	DT	15.397849462365592	0.0023598158881870408
4h	DT	15.419354838709678	0.0023095363652476824
4h	DT	15.440860215053764	0.0022618828393626707
4h	DT	15.46236559139785	0.002216713066911796
4h	DT	15.483870967741936	0.0021739177165408137
4h	DT	15.505376344086022	0.0021333711362512223
4h	DT	15.526881720430108	0.002094846977737897
4h	DT	15.548387096774194	0.002058413482985027
4h	DT	15.56989247311828	0.002023520395034094
4h	DT	15.591397849462366	0.0019899037554447514
4h	DT	15.612903225806454	0.0019574037870343374
4h	DT	15.63440860215054	0.0019256304150094457
4h	DT	15.655913978494626	0.0018943232722319079
4h	DT	15.677419354838712	0.001863265746978256
4h	DT	15.698924731182798	0.0018321230307140248
4h	DT	15.720430107526884	0.001800596119013461
4h	DT	15.74193548387097	0.0017687644421561309
4h	DT	15.763440860215056	0.0017364443079283943
4h	DT	15.784946236559142	0.001703523641433704
4h	DT	15.806451612903228	0.0016699464282046229
4h	DT	15.827956989247314	0.0016356597714281464
4h	DT	15.8494623655914	0.0016008160034946008
4h	DT	15.870967741935486	0.0015654147317725733
4h	DT	15.892473118279572	0.0015295230504299533
4h	DT	15.913978494623658	0.0014932655143506306
4h	DT	15.935483870967744	0.0014567976763841086
4h	DT	15.95698924731183	0.001420246431003097
4h	DT	15.978494623655916	0.0013836498395608052
4h	DT	16.0	0.001347195303301886
4h	DT	16.021505376344088	0.0013108774706524727
4h	DT	16.043010752688172	0.001274809860812565
4h	DT	16.06451612903226	0.0012390569408175544
4h	DT	16.086021505376344	0.001203672370592288
4h	DT	16.107526881720432	0.001168675721380163
4h	DT	16.129032258064516	0.0011342663831466948
4h	DT	16.150537634408604	0.0011002455254786484
4h	DT	16.172043010752688	0.0010667904217759657
4h	DT	16.193548387096776	0.001033976915763934
4h	DT	16.21505376344086	0.001001821569235023
4h	DT	16.236559139784948	0.0009703731730345145
4h	DT	16.258064516129032	0.000939803847513885
4h	DT	16.27956989247312	0.0009101424649714253
4h	DT	16.301075268817204	0.000881474515669641
4h	DT	16.322580645161292	0.0008539263121585283
4h	DT	16.344086021505376	0.0008277038488056428
4h	DT	16.365591397849464	0.0008028955017924585
4h	DT	16.387096774193548	0.0007795628872696879
4h	DT	16.408602150537636	0.000757792194004917
4h	DT	16.43010752688172	0.0007377492664276751
4h	DT	16.451612903225808	0.0007195105666040988
4h	DT	16.473118279569892	0.0007031841042245354
4h	DT	16.49462365591398	0.0006887350468832594
4h	DT	16.516129032258064	0.0006761739621735419
4h	DT	16.537634408602152	0.0006655190487720557
4h	DT	16.55913978494624	0.0006566641221557957
4h	DT	16.580645161290324	0.0006495967370064369
4h	DT	16.60215053763441	0.0006441305771713711
4h	DT	16.623655913978496	0.0006402260340139578
4h	DT	16.645161290322584	0.0006376230381043974
4h	DT	16.666666666666668	0.0006363106572648447
4h	DT	16.688172043010756	0.0006360632199725772
4h	DT	16.70967741935484	0.0006366329463756286
4h	DT	16.731182795698928	0.0006378617772480238
4h	DT	16.752688172043012	0.0006395536865304536
4h	DT	16.7741935483871	0.0006415151468018561
4h	DT	16.795698924731184	0.0006435327985338632
4h	DT	16.81720430107527	0.0006455140936255831
4h	DT	16.838709677419356	0.0006471978260632929
4h	DT	16.860215053763444	0.0006484951328777738
4h	DT	16.881720430107528	0.0006492116694755403
4h	DT	16.903225806451616	0.0006492924839421934
4h	DT	16.9247311827957	0.0006486057401955626
4h	DT	16.946236559139788	0.0006470751976852982
4h	DT	16.967741935483872	0.0006446439059198302
4h	DT	16.98924731182796	0.000641248109601035
4h	DT	17.010752688172044	0.0006369281215067174
4h	DT	17.03225806451613	0.0006316205442866342
4h	DT	17.053763440860216	0.0006254001648190519
4h	DT	17.075268817204304	0.0006182349251769614
4h	DT	17.096774193548388	0.0006102012670492983
4h	DT	17.118279569892476	0.0006013759352139171
4h	DT	17.13978494623656	0.0005917844684744191
4h	DT	17.161290322580648	0.000581467911259009
4h	DT	17.182795698924732	0.0005705291372022675
4h	DT	17.20430107526882	0.0005590608100615365
4h	DT	17.225806451612904	0.0005471303612664002
4h	DT	17.24731182795699	0.00053474119342652
4h	DT	17.268817204301076	0.0005219491950547261
4h	DT	17.290322580645164	0.0005088353986616223
4h	DT	17.311827956989248	0.0004954616098504727
4h	DT	17.333333333333336	0.00048182103185230075
4h	DT	17.35483870967742	0.000467970459714475
4h	DT	17.376344086021508	0.00045383713487405725
4h	DT	17.397849462365592	0.000439512841236555
4h	DT	17.41935483870968	0.0004249638948270113
4h	DT	17.440860215053764	0.0004101915973830927
4h	DT	17.46236559139785	0.0003951987085224448
4h	DT	17.483870967741936	0.0003799926102737783
4h	DT	17.505376344086024	0.0003645883856856003
4h	DT	17.526881720430108	0.00034901162204327614
4h	DT	17.548387096774196	0.00033327481910376517
4h	DT	17.56989247311828	0.00031749056420653265
4h	DT	17.591397849462368	0.00030169164012068983
4h	DT	17.612903225806452	0.00028593701466744277
4h	DT	17.63440860215054	0.0002703860122255938
4h	DT	17.655913978494624	0.0002551158715033119
4h	DT	17.67741935483871	0.0002402511254562877
4h	DT	17.698924731182796	0.000225923919702785
4h	DT	17.720430107526884	0.00021227030659296193
4h	DT	17.741935483870968	0.0001994260828838326
4h	DT	17.763440860215056	0.00018752235056287818
4h	DT	17.78494623655914	0.00017665505109686687
4h	DT	17.806451612903228	0.00016696604546699264
4h	DT	17.827956989247312	0.00015856953777904325
4h	DT	17.8494623655914	0.00015149928051497378
4h	DT	17.870967741935484	0.00014583729890056278
4h	DT	17.89247311827957	0.00014154327843978183
4h	DT	17.913978494623656	0.00013860806298228177
4h	DT	17.935483870967744	0.0001370271421691254
4h	DT	17.956989247311828	0.00013675748470908642
4h	DT	17.978494623655916	0.00013766967152103413
4h	DT	18.0	0.0001396452416520293
4h	DT	18.021505376344088	0.0001425431256085277
4h	DT	18.043010752688172	0.000146203399725783
4h	DT	18.06451612903226	0.00015045166397877722
4h	DT	18.086021505376344	0.0001551039144476084
4h	DT	18.107526881720432	0.00015997176116400307
4h	DT	18.129032258064516	0.00016481594717285316
4h	DT	18.150537634408604	0.0001695746337746936
4h	DT	18.172043010752688	0.00017398091674444957
4h	DT	18.193548387096776	0.00017794266427548162
4h	DT	18.21505376344086	0.00018129283802551866
4h	DT	18.236559139784948	0.0001839249242902225
4h	DT	18.258064516129032	0.00018575917431200775
4h	DT	18.27956989247312	0.0001867444505871527
4h	DT	18.301075268817204	0.00018685901382614012
4h	DT	18.322580645161292	0.00018611021807566472
4h	DT	18.344086021505376	0.00018453312552578558
4h	DT	18.365591397849464	0.00018216215881471746
4h	DT	18.38709677419355	0.00017913921368672698
4h	DT	18.408602150537636	0.0001755286686754265
4h	DT	18.430107526881724	0.0001714444466517646
4h	DT	18.451612903225808	0.0001670083562258586
4h	DT	18.473118279569896	0.0001623448434249856
4h	DT	18.49462365591398	0.00015757579383918503
4h	DT	18.516129032258068	0.00015281561386276685
4h	DT	18.537634408602152	0.00014814086555193866
4h	DT	18.55913978494624	0.00014369796465806207
4h	DT	18.580645161290324	0.0001394934502243322
4h	DT	18.60215053763441	0.00013563523524622275
4h	DT	18.623655913978496	0.0001321142186718267
4h	DT	18.645161290322584	0.00012893615590891378
4h	DT	18.666666666666668	0.0001260861826875142
4h	DT	18.688172043010756	0.00012353081624485063
4h	DT	18.70967741935484	0.00012122071795472147
4h	DT	18.731182795698928	0.00011909405911250066
4h	DT	18.752688172043012	0.00011708030619698739
4h	DT	18.7741935483871	0.0001151042270150902
4h	DT	18.795698924731184	0.00011308991528634047
4h	DT	18.81720430107527	0.00011096463836967352
4h	DT	18.838709677419356	0.00010866233025087046
4h	DT	18.860215053763444	0.00010612657827261692
4h	DT	18.881720430107528	0.0001033129855705926
4h	DT	18.903225806451616	0.00010019082956744291
4h	DT	18.9247311827957	9.674397773050388e-05
4h	DT	18.946236559139788	9.297106261206121e-05
4h	DT	18.967741935483872	8.888495655839224e-05
4h	DT	18.98924731182796	8.451162025133734e-05
4h	DT	19.010752688172044	7.988842668427422e-05
4h	DT	19.03225806451613	7.506208202172838e-05
4h	DT	19.053763440860216	7.008627635796e-05
4h	DT	19.075268817204304	6.501920056401744e-05
4h	DT	19.096774193548388	5.9921060638640354e-05
4h	DT	19.118279569892476	5.485170918824441e-05
4h	DT	19.13978494623656	4.986849617648614e-05
4h	DT	19.161290322580648	4.5024419492571574e-05
4h	DT	19.182795698924732	4.036663190935251e-05
4h	DT	19.20430107526882	3.597192858340747e-05
4h	DT	19.225806451612904	3.178837872116595e-05
4h	DT	19.24731182795699	2.7927388453419827e-05
4h	DT	19.268817204301076	2.437148201140751e-05
4h	DT	19.290322580645164	2.1132439549293742e-05
4h	DT	19.311827956989248	1.8215438153185664e-05
4h	DT	19.333333333333336	1.5619981583924433e-05
4h	DT	19.35483870967742	1.3315026403398745e-05
4h	DT	19.376344086021508	1.1351566282043208e-05
4h	DT	19.397849462365592	9.682912947801026e-06
4h	DT	19.41935483870968	8.297600780661238e-06
4h	DT	19.440860215053764	7.183894445322398e-06
4h	DT	19.46236559139785	6.330770509369175e-06
4h	DT	19.483870967741936	5.728753411114155e-06
4h	DT	19.505376344086024	5.370584963084615e-06
4h	DT	19.526881720430108	5.251712396809165e-06
4h	DT	19.548387096774196	5.370584963084615e-06
4h	DT	19.56989247311828	5.728753411114155e-06
4h	DT	19.591397849462368	6.330770509369175e-06
4h	DT	19.612903225806452	7.183894445322398e-06
4h	DT	19.63440860215054	8.297600780661238e-06
4h	DT	19.655913978494624	9.682912947801026e-06
4h	DT	19.67741935483871	1.1351566282043208e-05
4h	DT	19.698924731182796	1.3315026403398745e-05
4h	DT	19.720430107526884	1.5583389354884552e-05
4h	DT	19.741935483870968	1.816419806394401e-05
4h	DT	19.763440860215056	2.1061217044901773e-05
4h	DT	19.78494623655914	2.427321427430688e-05
4h	DT	19.806451612903228	2.779280520045562e-05
4h	DT	19.827956989247312	3.1605418178953406e-05
4h	DT	19.8494623655914	3.5688442541085857e-05
4h	DT	19.870967741935484	3.9984680296914256e-05
4h	DT	19.89247311827957	4.4513478426087185e-05
4h	DT	19.913978494623656	4.918988293832343e-05
4h	DT	19.935483870967744	5.3956826275079556e-05
4h	DT	19.956989247311828	5.874938919629702e-05
4h	DT	19.978494623655916	6.349604369088904e-05
4h	DT	20.0	6.81202648688685e-05
4h	DT	20.021505376344088	7.254247039120183e-05
4h	DT	20.043010752688172	7.668222498480757e-05
4h	DT	20.06451612903226	8.046062869648621e-05
4h	DT	20.086021505376344	8.380279221304218e-05
4h	DT	20.107526881720432	8.664029210269203e-05
4h	DT	20.129032258064516	8.891349421941739e-05
4h	DT	20.150537634408604	9.057363537854818e-05
4h	DT	20.172043010752688	9.158456192544905e-05
4h	DT	20.193548387096776	9.192403865801564e-05
4h	DT	20.215053763440864	9.158456192544905e-05
4h	DT	20.236559139784948	9.057363537854818e-05
4h	DT	20.258064516129036	8.891349421941739e-05
4h	DT	20.27956989247312	8.664029210269203e-05
4h	DT	20.301075268817208	8.380279221304218e-05
4h	DT	20.322580645161292	8.046062869648621e-05
4h	DT	20.34408602150538	7.668222498480757e-05
4h	DT	20.365591397849464	7.254247039120183e-05
4h	DT	20.38709677419355	6.81202648688685e-05
4h	DT	20.408602150537636	6.349604369088904e-05
4h	DT	20.430107526881724	5.874938919629702e-05
4h	DT	20.451612903225808	5.3956826275079556e-05
4h	DT	20.473118279569896	4.918988293832343e-05
4h	DT	20.49462365591398	4.4513478426087185e-05
4h	DT	20.516129032258068	3.9984680296914256e-05
4h	DT	20.537634408602152	3.565185031204598e-05
4h	DT	20.55913978494624	3.1554178089711757e-05
4h	DT	20.580645161290324	2.772158269606365e-05
4h	DT	20.60215053763441	2.4174946537206246e-05
4h	DT	20.623655913978496	2.0926633791937565e-05
4h	DT	20.645161290322584	1.798123752173148e-05
4h	DT	20.666666666666668	1.5336495541602825e-05
4h	DT	20.688172043010756	1.2984314880202143e-05
4h	DT	20.70967741935484	1.0911847719950795e-05
4h	DT	20.731182795698928	9.102567446738954e-06
4h	DT	20.752688172043012	7.537301120460587e-06
4h	DT	20.7741935483871	6.195183545191593e-06
4h	DT	20.795698924731184	5.0545074495225125e-06
4h	DT	20.81720430107527	4.0934534452192505e-06
4h	DT	20.838709677419356	3.2906918946504804e-06
4h	DT	20.860215053763444	2.6258561984045826e-06
4h	DT	20.881720430107528	2.079893068434135e-06
4h	DT	20.903225806451616	1.6352999658949047e-06
4h	DT	20.9247311827957	1.2762630598466623e-06
4h	DT	20.946236559139788	9.887109001308044e-07
4h	DT	20.967741935483872	7.60299660200651e-07
4h	DT	20.98924731182796	5.803455010620717e-07
4h	DT	21.010752688172044	4.3971856209241325e-07
4h	DT	21.03225806451613	3.3071152319660084e-07
4h	DT	21.053763440860216	2.4689381328172805e-07
4h	DT	21.075268817204304	1.829605422125319e-07
4h	DT	21.096774193548388	1.345832529642074e-07
4h	DT	21.118279569892476	9.826773710063253e-08
4h	DT	21.13978494623656	7.122250439197014e-08
4h	DT	21.161290322580648	5.124008924165244e-08
4h	DT	21.182795698924732	3.659222903988058e-08
4h	DT	21.20430107526882	0.0
4h	DT	21.225806451612904	0.0
4h	DT	21.24731182795699	0.0
4h	DT	21.268817204301076	0.0
4h	DT	21.290322580645164	0.0
4h	DT	21.311827956989248	0.0
4h	DT	21.333333333333336	0.0
4h	DT	21.35483870967742	0.0
4h	DT	21.376344086021508	0.0
4h	DT	21.397849462365592	0.0
4h	DT	21.41935483870968	0.0
4h	DT	21.440860215053764	0.0
4h	DT	21.46236559139785	0.0
4h	DT	21.483870967741936	0.0
4h	DT	21.505376344086024	0.0
4h	DT	21.526881720430108	0.0
4h	DT	21.548387096774196	0.0
4h	DT	21.56989247311828	0.0
4h	DT	21.591397849462368	0.0
4h	DT	21.612903225806452	0.0
4h	DT	21.63440860215054	0.0
4h	DT	21.655913978494624	0.0
4h	DT	21.67741935483871	0.0
4h	DT	21.698924731182796	0.0
4h	DT	21.720430107526884	0.0
4h	DT	21.741935483870968	0.0
4h	DT	21.763440860215056	0.0
4h	DT	21.78494623655914	0.0
4h	DT	21.806451612903228	0.0
4h	DT	21.827956989247312	0.0
4h	DT	21.8494623655914	0.0
4h	DT	21.870967741935484	0.0
4h	DT	21.89247311827957	0.0
4h	DT	21.913978494623656	0.0
4h	DT	21.935483870967744	0.0
4h	DT	21.956989247311828	0.0
4h	DT	21.978494623655916	0.0
4h	DT	22.0	0.0
4h	D_L_CPT	0.0	0.012558346209447492
4h	D_L_CPT	0.021505376344086023	0.01269098736263083
4h	D_L_CPT	0.043010752688172046	0.012773967152209634
4h	D_L_CPT	0.06451612903225806	0.012807489180823415
4h	D_L_CPT	0.08602150537634409	0.012800040579581454
4h	D_L_CPT	0.10752688172043012	0.01276289186312424
4h	D_L_CPT	0.12903225806451613	0.012706978713063857
4h	D_L_CPT	0.15053763440860216	0.012643869468869626
4h	D_L_CPT	0.17204301075268819	0.012585503024201118
4h	D_L_CPT	0.19354838709677422	0.012543616548470044
4h	D_L_CPT	0.21505376344086025	0.012529314136121227
4h	D_L_CPT	0.23655913978494625	0.012552707993024983
4h	D_L_CPT	0.25806451612903225	0.012622305751061087
4h	D_L_CPT	0.2795698924731183	0.012744919506478625
4h	D_L_CPT	0.3010752688172043	0.012925419945374658
4h	D_L_CPT	0.32258064516129037	0.0131663966245235
4h	D_L_CPT	0.34408602150537637	0.013468351700280797
4h	D_L_CPT	0.3655913978494624	0.013832068446209647
4h	D_L_CPT	0.38709677419354843	0.014252490821821274
4h	D_L_CPT	0.40860215053763443	0.014722621039498314
4h	D_L_CPT	0.4301075268817205	0.015236108586646268
4h	D_L_CPT	0.4516129032258065	0.01578587420162369
4h	D_L_CPT	0.4731182795698925	0.016363546150149292
4h	D_L_CPT	0.49462365591397855	0.016960598309130832
4h	D_L_CPT	0.5161290322580645	0.017568634941471293
4h	D_L_CPT	0.5376344086021506	0.01817999069012056
4h	D_L_CPT	0.5591397849462366	0.01878781505907968
4h	D_L_CPT	0.5806451612903226	0.019386497710608238
4h	D_L_CPT	0.6021505376344086	0.01997182176245715
4h	D_L_CPT	0.6236559139784946	0.020541529259595147
4h	D_L_CPT	0.6451612903225807	0.021097670192020985
4h	D_L_CPT	0.6666666666666667	0.021636740779016228
4h	D_L_CPT	0.6881720430107527	0.02215818203465192
4h	D_L_CPT	0.7096774193548387	0.022666346738256994
4h	D_L_CPT	0.7311827956989247	0.02316414871137356
4h	D_L_CPT	0.7526881720430109	0.023654895535748177
4h	D_L_CPT	0.7741935483870969	0.024141925546731377
4h	D_L_CPT	0.7956989247311829	0.0246283518762781
4h	D_L_CPT	0.8172043010752689	0.02511689417781263
4h	D_L_CPT	0.8387096774193549	0.025609465864587677
4h	D_L_CPT	0.860215053763441	0.026110649575809906
4h	D_L_CPT	0.881720430107527	0.026618855313790896
4h	D_L_CPT	0.903225806451613	0.027131173181724557
4h	D_L_CPT	0.924731182795699	0.02764859987819171
4h	D_L_CPT	0.946236559139785	0.028170145071309993
4h	D_L_CPT	0.967741935483871	0.028694016467836286
4h	D_L_CPT	0.9892473118279571	0.029218434757644
4h	D_L_CPT	1.010752688172043	0.029738538700600385
4h	D_L_CPT	1.032258064516129	0.030260457925618392
4h	D_L_CPT	1.0537634408602152	0.030781046198659102
4h	D_L_CPT	1.0752688172043012	0.031301135532683134
4h	D_L_CPT	1.0967741935483872	0.03181533988675279
4h	D_L_CPT	1.1182795698924732	0.0323280324080218
4h	D_L_CPT	1.1397849462365592	0.03284131871456136
4h	D_L_CPT	1.1612903225806452	0.03335762522802594
4h	D_L_CPT	1.1827956989247312	0.03387983072199487
4h	D_L_CPT	1.2043010752688172	0.03441125144838734
4h	D_L_CPT	1.2258064516129032	0.03495687100917889
4h	D_L_CPT	1.2473118279569892	0.035522088854664964
4h	D_L_CPT	1.2688172043010755	0.0361039646838009
4h	D_L_CPT	1.2903225806451615	0.036707724596668864
4h	D_L_CPT	1.3118279569892475	0.037336085868397435
4h	D_L_CPT	1.3333333333333335	0.037990462393931675
4h	D_L_CPT	1.3548387096774195	0.03867167389248167
4h	D_L_CPT	1.3763440860215055	0.03938064480411497
4h	D_L_CPT	1.3978494623655915	0.04012039920677685
4h	D_L_CPT	1.4193548387096775	0.04088233993535361
4h	D_L_CPT	1.4408602150537635	0.04166717466355325
4h	D_L_CPT	1.4623655913978495	0.04247261189167616
4h	D_L_CPT	1.4838709677419355	0.04329575732323361
4h	D_L_CPT	1.5053763440860217	0.04413338936473176
4h	D_L_CPT	1.5268817204301077	0.04498457172238722
4h	D_L_CPT	1.5483870967741937	0.045842663699022165
4h	D_L_CPT	1.5698924731182797	0.04670361257378292
4h	D_L_CPT	1.5913978494623657	0.04756499041126501
4h	D_L_CPT	1.6129032258064517	0.04842150727482321
4h	D_L_CPT	1.6344086021505377	0.04927346909464839
4h	D_L_CPT	1.6559139784946237	0.05012323536770024
4h	D_L_CPT	1.6774193548387097	0.050962119486160584
4h	D_L_CPT	1.6989247311827957	0.05178815931435605
4h	D_L_CPT	1.720430107526882	0.05260144044192786
4h	D_L_CPT	1.741935483870968	0.05340123331183067
4h	D_L_CPT	1.763440860215054	0.05418833031563716
4h	D_L_CPT	1.78494623655914	0.05496397937984491
4h	D_L_CPT	1.806451612903226	0.05572381332565098
4h	D_L_CPT	1.827956989247312	0.05647016012621494
4h	D_L_CPT	1.849462365591398	0.05720361613010671
4h	D_L_CPT	1.870967741935484	0.05792638303658913
4h	D_L_CPT	1.89247311827957	0.05863843989833855
4h	D_L_CPT	1.913978494623656	0.05933703976663542
4h	D_L_CPT	1.935483870967742	0.06002406583900494
4h	D_L_CPT	1.9569892473118282	0.06069942221917131
4h	D_L_CPT	1.9784946236559142	0.06136537190450898
4h	D_L_CPT	2.0	0.06201872460479134
4h	D_L_CPT	2.021505376344086	0.06265796393813225
4h	D_L_CPT	2.043010752688172	0.06327949296497684
4h	D_L_CPT	2.064516129032258	0.06389057005228232
4h	D_L_CPT	2.0860215053763445	0.06448797446251014
4h	D_L_CPT	2.1075268817204305	0.06506622202000815
4h	D_L_CPT	2.1290322580645165	0.06562511532564563
4h	D_L_CPT	2.1505376344086025	0.0661645543402184
4h	D_L_CPT	2.1720430107526885	0.06668455848662636
4h	D_L_CPT	2.1935483870967745	0.06718041688002792
4h	D_L_CPT	2.2150537634408605	0.06765275908817832
4h	D_L_CPT	2.2365591397849465	0.06810222653569507
4h	D_L_CPT	2.2580645161290325	0.06852852242038908
4h	D_L_CPT	2.2795698924731185	0.06892987950551421
4h	D_L_CPT	2.3010752688172045	0.0693073956837465
4h	D_L_CPT	2.3225806451612905	0.0696647627901946
4h	D_L_CPT	2.3440860215053765	0.06999880367821779
4h	D_L_CPT	2.3655913978494625	0.0703095711686494
4h	D_L_CPT	2.3870967741935485	0.07060185553117172
4h	D_L_CPT	2.4086021505376345	0.07087957487604439
4h	D_L_CPT	2.4301075268817205	0.07114046017681935
4h	D_L_CPT	2.4516129032258065	0.07138675463146726
4h	D_L_CPT	2.4731182795698925	0.0716224964798249
4h	D_L_CPT	2.4946236559139785	0.07184507582797513
4h	D_L_CPT	2.5161290322580645	0.07205772932336713
4h	D_L_CPT	2.537634408602151	0.07226340805761212
4h	D_L_CPT	2.559139784946237	0.07246085654476572
4h	D_L_CPT	2.580645161290323	0.07265068246309661
4h	D_L_CPT	2.602150537634409	0.07283564647179432
4h	D_L_CPT	2.623655913978495	0.07301262099979149
4h	D_L_CPT	2.645161290322581	0.07318021039271183
4h	D_L_CPT	2.666666666666667	0.07334368343892836
4h	D_L_CPT	2.688172043010753	0.07350051331882708
4h	D_L_CPT	2.709677419354839	0.07364835493928219
4h	D_L_CPT	2.731182795698925	0.07378738711534674
4h	D_L_CPT	2.752688172043011	0.07391410905220805
4h	D_L_CPT	2.774193548387097	0.07402963969799166
4h	D_L_CPT	2.795698924731183	0.07413206870858344
4h	D_L_CPT	2.817204301075269	0.07421949041320113
4h	D_L_CPT	2.838709677419355	0.07429328569427085
4h	D_L_CPT	2.860215053763441	0.07434771257202967
4h	D_L_CPT	2.881720430107527	0.07438728574178197
4h	D_L_CPT	2.903225806451613	0.0744118182424148
4h	D_L_CPT	2.924731182795699	0.07441861805197038
4h	D_L_CPT	2.946236559139785	0.07440789966863312
4h	D_L_CPT	2.967741935483871	0.07437788952255664
4h	D_L_CPT	2.9892473118279574	0.07433088373471151
4h	D_L_CPT	3.0107526881720434	0.07426410526131873
4h	D_L_CPT	3.0322580645161294	0.07417987965442915
4h	D_L_CPT	3.0537634408602155	0.07407480033479327
4h	D_L_CPT	3.0752688172043015	0.07395042395386482
4h	D_L_CPT	3.0967741935483875	0.07381112948656218
4h	D_L_CPT	3.1182795698924735	0.0736531677489867
4h	D_L_CPT	3.1397849462365595	0.0734760985522338
4h	D_L_CPT	3.1612903225806455	0.07328015020910375
4h	D_L_CPT	3.1827956989247315	0.07306598571287627
4h	D_L_CPT	3.2043010752688175	0.07283318465546722
4h	D_L_CPT	3.2258064516129035	0.07258081796161807
4h	D_L_CPT	3.2473118279569895	0.07230914095718985
4h	D_L_CPT	3.2688172043010755	0.07202381731496027
4h	D_L_CPT	3.2903225806451615	0.07172241423720614
4h	D_L_CPT	3.3118279569892475	0.07140472375392604
4h	D_L_CPT	3.3333333333333335	0.07107330845616401
4h	D_L_CPT	3.3548387096774195	0.07072832459797683
4h	D_L_CPT	3.3763440860215055	0.07037188211637067
4h	D_L_CPT	3.3978494623655915	0.07000331834772522
4h	D_L_CPT	3.4193548387096775	0.06963186945985705
4h	D_L_CPT	3.440860215053764	0.06925629862114141
4h	D_L_CPT	3.46236559139785	0.06887746051907016
4h	D_L_CPT	3.483870967741936	0.06849878652362264
4h	D_L_CPT	3.505376344086022	0.06812209946164709
4h	D_L_CPT	3.526881720430108	0.06774755136645168
4h	D_L_CPT	3.548387096774194	0.06738179862571368
4h	D_L_CPT	3.56989247311828	0.06702563594008648
4h	D_L_CPT	3.591397849462366	0.06667926586529212
4h	D_L_CPT	3.612903225806452	0.06634450738266948
4h	D_L_CPT	3.634408602150538	0.06602178008042485
4h	D_L_CPT	3.655913978494624	0.06570882237901808
4h	D_L_CPT	3.67741935483871	0.06541113299765212
4h	D_L_CPT	3.698924731182796	0.06512730220248869
4h	D_L_CPT	3.720430107526882	0.0648548626429691
4h	D_L_CPT	3.741935483870968	0.06459299484644211
4h	D_L_CPT	3.763440860215054	0.06433983183123936
4h	D_L_CPT	3.78494623655914	0.06409376535227317
4h	D_L_CPT	3.806451612903226	0.06385741338799593
4h	D_L_CPT	3.827956989247312	0.06362608819922529
4h	D_L_CPT	3.849462365591398	0.06339877774811033
4h	D_L_CPT	3.870967741935484	0.06317316093785189
4h	D_L_CPT	3.89247311827957	0.06294870483194942
4h	D_L_CPT	3.9139784946236564	0.06272786744015653
4h	D_L_CPT	3.9354838709677424	0.06250827451372937
4h	D_L_CPT	3.9569892473118284	0.062289208242594235
4h	D_L_CPT	3.9784946236559144	0.06207004790004583
4h	D_L_CPT	4.0	0.06185502909443929
4h	D_L_CPT	4.021505376344086	0.0616455169350224
4h	D_L_CPT	4.043010752688172	0.06144229824585987
4h	D_L_CPT	4.064516129032258	0.06124552833432185
4h	D_L_CPT	4.086021505376344	0.06105933179681608
4h	D_L_CPT	4.10752688172043	0.06088725154562535
4h	D_L_CPT	4.129032258064516	0.060730662313748004
4h	D_L_CPT	4.150537634408603	0.06059100291353464
4h	D_L_CPT	4.172043010752689	0.060469880913676
4h	D_L_CPT	4.193548387096775	0.06037287398912756
4h	D_L_CPT	4.215053763440861	0.06029939329087543
4h	D_L_CPT	4.236559139784947	0.06024954640745834
4h	D_L_CPT	4.258064516129033	0.060224229446593364
4h	D_L_CPT	4.279569892473119	0.06022578547144624
4h	D_L_CPT	4.301075268817205	0.06025142132479531
4h	D_L_CPT	4.322580645161291	0.06029871137481403
4h	D_L_CPT	4.344086021505377	0.060369807545725636
4h	D_L_CPT	4.365591397849463	0.0604611877380549
4h	D_L_CPT	4.387096774193549	0.060568224230909774
4h	D_L_CPT	4.408602150537635	0.06068733065548795
4h	D_L_CPT	4.430107526881721	0.06081777625013996
4h	D_L_CPT	4.451612903225807	0.06095345883016625
4h	D_L_CPT	4.473118279569893	0.06108920074334846
4h	D_L_CPT	4.494623655913979	0.06122471384554419
4h	D_L_CPT	4.516129032258065	0.061353472436112576
4h	D_L_CPT	4.537634408602151	0.06147014476993869
4h	D_L_CPT	4.559139784946237	0.061573509724872
4h	D_L_CPT	4.580645161290323	0.06166012347551949
4h	D_L_CPT	4.602150537634409	0.06172442334402357
4h	D_L_CPT	4.623655913978495	0.06176741729585609
4h	D_L_CPT	4.645161290322581	0.06178549770944892
4h	D_L_CPT	4.666666666666667	0.0617762946478187
4h	D_L_CPT	4.688172043010753	0.06174152362602189
4h	D_L_CPT	4.709677419354839	0.06167936856233044
4h	D_L_CPT	4.731182795698925	0.061589066822306034
4h	D_L_CPT	4.752688172043011	0.06147426358776518
4h	D_L_CPT	4.774193548387097	0.0613337842221617
4h	D_L_CPT	4.795698924731183	0.06117029785785147
4h	D_L_CPT	4.817204301075269	0.06098613378136569
4h	D_L_CPT	4.838709677419355	0.060781753060136036
4h	D_L_CPT	4.860215053763441	0.060562260974788173
4h	D_L_CPT	4.881720430107527	0.060327486718672683
4h	D_L_CPT	4.903225806451613	0.06008260588828086
4h	D_L_CPT	4.924731182795699	0.05982900886918317
4h	D_L_CPT	4.946236559139785	0.05956921006696849
4h	D_L_CPT	4.967741935483871	0.05930720535069344
4h	D_L_CPT	4.989247311827957	0.059043484322965606
4h	D_L_CPT	5.010752688172043	0.058783017909327544
4h	D_L_CPT	5.032258064516129	0.05852572627809435
4h	D_L_CPT	5.053763440860216	0.058275707811269145
4h	D_L_CPT	5.075268817204302	0.05803384829317288
4h	D_L_CPT	5.096774193548388	0.05780335463843296
4h	D_L_CPT	5.118279569892474	0.05758484714162128
4h	D_L_CPT	5.13978494623656	0.057380466256130316
4h	D_L_CPT	5.161290322580646	0.0571914910652968
4h	D_L_CPT	5.182795698924732	0.05701853914094107
4h	D_L_CPT	5.204301075268818	0.05686353220874099
4h	D_L_CPT	5.225806451612904	0.05672711968528632
4h	D_L_CPT	5.24731182795699	0.056609473158072784
4h	D_L_CPT	5.268817204301076	0.05651146221794738
4h	D_L_CPT	5.290322580645162	0.05643273243890459
4h	D_L_CPT	5.311827956989248	0.056373459305858444
4h	D_L_CPT	5.333333333333334	0.05633241124394451
4h	D_L_CPT	5.35483870967742	0.056309713932604845
4h	D_L_CPT	5.376344086021506	0.056303578938704725
4h	D_L_CPT	5.397849462365592	0.05631292627862558
4h	D_L_CPT	5.419354838709678	0.05633649427627675
4h	D_L_CPT	5.440860215053764	0.05637186183213659
4h	D_L_CPT	5.46236559139785	0.056417911901379514
4h	D_L_CPT	5.483870967741936	0.056471569406118076
4h	D_L_CPT	5.505376344086022	0.056531122949789556
4h	D_L_CPT	5.526881720430108	0.056594808696595014
4h	D_L_CPT	5.548387096774194	0.05665889064181849
4h	D_L_CPT	5.56989247311828	0.05672263026178734
4h	D_L_CPT	5.591397849462366	0.05678365936638865
4h	D_L_CPT	5.612903225806452	0.0568400490230119
4h	D_L_CPT	5.634408602150538	0.05689111115725929
4h	D_L_CPT	5.655913978494624	0.05693550671534074
4h	D_L_CPT	5.67741935483871	0.056972078975238045
4h	D_L_CPT	5.698924731182796	0.05700079602560881
4h	D_L_CPT	5.720430107526882	0.05702193254350101
4h	D_L_CPT	5.741935483870968	0.057035428299376495
4h	D_L_CPT	5.763440860215054	0.05704215078941151
4h	D_L_CPT	5.78494623655914	0.05704300952700142
4h	D_L_CPT	5.806451612903226	0.057039580492411285
4h	D_L_CPT	5.827956989247312	0.05703331608209102
4h	D_L_CPT	5.849462365591398	0.057025157356655455
4h	D_L_CPT	5.870967741935484	0.05701687517551993
4h	D_L_CPT	5.89247311827957	0.05701063666832855
4h	D_L_CPT	5.913978494623656	0.05700731541209172
4h	D_L_CPT	5.935483870967742	0.05700779816690953
4h	D_L_CPT	5.956989247311828	0.05701399367820422
4h	D_L_CPT	5.978494623655915	0.05702586652384953
4h	D_L_CPT	6.000000000000001	0.05704337330381091
4h	D_L_CPT	6.021505376344087	0.05706721689896067
4h	D_L_CPT	6.043010752688173	0.05709675188089367
4h	D_L_CPT	6.064516129032259	0.05713201939167622
4h	D_L_CPT	6.086021505376345	0.05717105446812516
4h	D_L_CPT	6.107526881720431	0.057213884517253226
4h	D_L_CPT	6.129032258064517	0.057258117165321316
4h	D_L_CPT	6.150537634408603	0.057302565234133206
4h	D_L_CPT	6.172043010752689	0.05734563823818292
4h	D_L_CPT	6.193548387096775	0.0573859329379974
4h	D_L_CPT	6.215053763440861	0.057422331994333886
4h	D_L_CPT	6.236559139784947	0.05745298343891293
4h	D_L_CPT	6.258064516129033	0.05747761567876317
4h	D_L_CPT	6.279569892473119	0.05749540633584983
4h	D_L_CPT	6.301075268817205	0.05750678452912503
4h	D_L_CPT	6.322580645161291	0.05751118725118701
4h	D_L_CPT	6.344086021505377	0.05750978769357886
4h	D_L_CPT	6.365591397849463	0.057503839616741985
4h	D_L_CPT	6.387096774193549	0.05749502952545847
4h	D_L_CPT	6.408602150537635	0.05748551656768235
4h	D_L_CPT	6.430107526881721	0.05747746781962809
4h	D_L_CPT	6.451612903225807	0.05747365388817919
4h	D_L_CPT	6.473118279569893	0.057476282337451154
4h	D_L_CPT	6.494623655913979	0.05748823753741491
4h	D_L_CPT	6.516129032258065	0.05751223839272586
4h	D_L_CPT	6.537634408602151	0.057551001963501276
4h	D_L_CPT	6.559139784946237	0.05760657401926991
4h	D_L_CPT	6.580645161290323	0.057680383040723204
4h	D_L_CPT	6.602150537634409	0.05777466394774695
4h	D_L_CPT	6.623655913978495	0.057890435756337094
4h	D_L_CPT	6.645161290322581	0.05802783466292567
4h	D_L_CPT	6.666666666666667	0.0581876916088344
4h	D_L_CPT	6.688172043010753	0.05836945836805875
4h	D_L_CPT	6.709677419354839	0.05857174421148219
4h	D_L_CPT	6.731182795698925	0.05879409372997576
4h	D_L_CPT	6.752688172043011	0.059034508028802536
4h	D_L_CPT	6.774193548387097	0.05929175401008313
4h	D_L_CPT	6.795698924731183	0.05956435122323959
4h	D_L_CPT	6.817204301075269	0.05985071246326619
4h	D_L_CPT	6.838709677419355	0.06014851699667685
4h	D_L_CPT	6.860215053763441	0.060456496431123
4h	D_L_CPT	6.881720430107528	0.060773548070180775
4h	D_L_CPT	6.903225806451614	0.06109751973203967
4h	D_L_CPT	6.9247311827957	0.06142841602952409
4h	D_L_CPT	6.946236559139786	0.06176524789719064
4h	D_L_CPT	6.967741935483872	0.062108165783662406
4h	D_L_CPT	6.989247311827958	0.062456576656225234
4h	D_L_CPT	7.010752688172044	0.06281087473908557
4h	D_L_CPT	7.03225806451613	0.06317186546342862
4h	D_L_CPT	7.053763440860216	0.0635395334642462
4h	D_L_CPT	7.075268817204302	0.06391491372995516
4h	D_L_CPT	7.096774193548388	0.06429840822425896
4h	D_L_CPT	7.118279569892474	0.06469243896025291
4h	D_L_CPT	7.13978494623656	0.06509747177609358
4h	D_L_CPT	7.161290322580646	0.06551477431979766
4h	D_L_CPT	7.182795698924732	0.06594551353875017
4h	D_L_CPT	7.204301075268818	0.0663904347464245
4h	D_L_CPT	7.225806451612904	0.0668510307196718
4h	D_L_CPT	7.24731182795699	0.0673281509474532
4h	D_L_CPT	7.268817204301076	0.06782323678954452
4h	D_L_CPT	7.290322580645162	0.06833691357827408
4h	D_L_CPT	7.311827956989248	0.06887026547110248
4h	D_L_CPT	7.333333333333334	0.0694237163226826
4h	D_L_CPT	7.35483870967742	0.06999839915483841
4h	D_L_CPT	7.376344086021506	0.07059446145025877
4h	D_L_CPT	7.397849462365592	0.07121245092415784
4h	D_L_CPT	7.419354838709678	0.0718525465918384
4h	D_L_CPT	7.440860215053764	0.07251520789169813
4h	D_L_CPT	7.46236559139785	0.07320048663308978
4h	D_L_CPT	7.483870967741936	0.07390813826779911
4h	D_L_CPT	7.505376344086022	0.07463827312504415
4h	D_L_CPT	7.526881720430108	0.07538945943642894
4h	D_L_CPT	7.548387096774194	0.07616221853291011
4h	D_L_CPT	7.56989247311828	0.07695595304567361
4h	D_L_CPT	7.591397849462366	0.07776948855067045
4h	D_L_CPT	7.612903225806452	0.0786021571634358
4h	D_L_CPT	7.634408602150538	0.07945256294525467
4h	D_L_CPT	7.655913978494624	0.08032028350398855
4h	D_L_CPT	7.67741935483871	0.0812034138430566
4h	D_L_CPT	7.698924731182796	0.08210141230843267
4h	D_L_CPT	7.720430107526882	0.08301298398744938
4h	D_L_CPT	7.741935483870968	0.08393667229971788
4h	D_L_CPT	7.763440860215054	0.08487069518055498
4h	D_L_CPT	7.78494623655914	0.08581369769077252
4h	D_L_CPT	7.806451612903227	0.08676374430259473
4h	D_L_CPT	7.827956989247313	0.08772017637573407
4h	D_L_CPT	7.849462365591399	0.08868092298294442
4h	D_L_CPT	7.870967741935485	0.08964373861040696
4h	D_L_CPT	7.892473118279571	0.09060691998853146
4h	D_L_CPT	7.913978494623657	0.09156899536050905
4h	D_L_CPT	7.935483870967743	0.0925279940136696
4h	D_L_CPT	7.956989247311829	0.09348150261404059
4h	D_L_CPT	7.978494623655915	0.09442814210012847
4h	D_L_CPT	8.0	0.09536655905123166
4h	D_L_CPT	8.021505376344086	0.09629383110055421
4h	D_L_CPT	8.043010752688172	0.09720922256024499
4h	D_L_CPT	8.064516129032258	0.09811094529466
4h	D_L_CPT	8.086021505376344	0.0989979114203329
4h	D_L_CPT	8.10752688172043	0.09986857655005055
4h	D_L_CPT	8.129032258064516	0.10072251711222274
4h	D_L_CPT	8.150537634408602	0.10155883772832977
4h	D_L_CPT	8.172043010752688	0.1023774457381743
4h	D_L_CPT	8.193548387096774	0.10317780113547413
4h	D_L_CPT	8.21505376344086	0.10396002012529763
4h	D_L_CPT	8.236559139784946	0.1047244143368724
4h	D_L_CPT	8.258064516129032	0.10547172828340293
4h	D_L_CPT	8.27956989247312	0.10620197001172128
4h	D_L_CPT	8.301075268817206	0.1069164650297651
4h	D_L_CPT	8.322580645161292	0.10761649428119553
4h	D_L_CPT	8.344086021505378	0.10830284577400233
4h	D_L_CPT	8.365591397849464	0.10897664880493381
4h	D_L_CPT	8.38709677419355	0.10963929198230385
4h	D_L_CPT	8.408602150537636	0.11029185532679403
4h	D_L_CPT	8.430107526881722	0.11093538965943711
4h	D_L_CPT	8.451612903225808	0.11157167976636387
4h	D_L_CPT	8.473118279569894	0.11220188086168735
4h	D_L_CPT	8.49462365591398	0.11282681782195686
4h	D_L_CPT	8.516129032258066	0.11344741049244261
4h	D_L_CPT	8.537634408602152	0.11406492438224214
4h	D_L_CPT	8.559139784946238	0.1146805047240334
4h	D_L_CPT	8.580645161290324	0.11529503499656521
4h	D_L_CPT	8.60215053763441	0.11590937741887675
4h	D_L_CPT	8.623655913978496	0.11652466042242939
4h	D_L_CPT	8.645161290322582	0.11714181354954918
4h	D_L_CPT	8.666666666666668	0.11776242961623526
4h	D_L_CPT	8.688172043010754	0.11838667848258373
4h	D_L_CPT	8.70967741935484	0.11901651501003492
4h	D_L_CPT	8.731182795698926	0.11965246545610041
4h	D_L_CPT	8.752688172043012	0.12029649700304958
4h	D_L_CPT	8.774193548387098	0.12094959762349261
4h	D_L_CPT	8.795698924731184	0.12161202589013818
4h	D_L_CPT	8.81720430107527	0.12228525003929978
4h	D_L_CPT	8.838709677419356	0.12297085320405678
4h	D_L_CPT	8.860215053763442	0.12366956289564793
4h	D_L_CPT	8.881720430107528	0.12438190960745764
4h	D_L_CPT	8.903225806451614	0.12510933332797594
4h	D_L_CPT	8.9247311827957	0.12585179711180136
4h	D_L_CPT	8.946236559139786	0.12660924298080395
4h	D_L_CPT	8.967741935483872	0.12738182731007897
4h	D_L_CPT	8.989247311827958	0.12817072839031687
4h	D_L_CPT	9.010752688172044	0.12897449713921874
4h	D_L_CPT	9.03225806451613	0.12979176658704494
4h	D_L_CPT	9.053763440860216	0.13062302119007638
4h	D_L_CPT	9.075268817204302	0.13146580274637745
4h	D_L_CPT	9.096774193548388	0.1323190134507546
4h	D_L_CPT	9.118279569892474	0.1331811397375868
4h	D_L_CPT	9.13978494623656	0.134049445897578
4h	D_L_CPT	9.161290322580646	0.13492197301374084
4h	D_L_CPT	9.182795698924732	0.13579778591194155
4h	D_L_CPT	9.204301075268818	0.13667311117708564
4h	D_L_CPT	9.225806451612904	0.13754493317642175
4h	D_L_CPT	9.24731182795699	0.13841114207955385
4h	D_L_CPT	9.268817204301076	0.13926790837736208
4h	D_L_CPT	9.290322580645162	0.14011293507875744
4h	D_L_CPT	9.311827956989248	0.14094257385038406
4h	D_L_CPT	9.333333333333334	0.14175341411604925
4h	D_L_CPT	9.35483870967742	0.1425432184741492
4h	D_L_CPT	9.376344086021506	0.14330813399537437
4h	D_L_CPT	9.397849462365592	0.14404535791644094
4h	D_L_CPT	9.419354838709678	0.14475149172327387
4h	D_L_CPT	9.440860215053764	0.1454239331561899
4h	D_L_CPT	9.46236559139785	0.14606081079789185
4h	D_L_CPT	9.483870967741936	0.14665943489957695
4h	D_L_CPT	9.505376344086022	0.14721786172155424
4h	D_L_CPT	9.526881720430108	0.1477348222154254
4h	D_L_CPT	9.548387096774194	0.14820826884149207
4h	D_L_CPT	9.56989247311828	0.14863740859001798
4h	D_L_CPT	9.591397849462366	0.14902264896759143
4h	D_L_CPT	9.612903225806452	0.14936433763854814
4h	D_L_CPT	9.634408602150538	0.14966341838719216
4h	D_L_CPT	9.655913978494624	0.14992049420711234
4h	D_L_CPT	9.67741935483871	0.15013910502715597
4h	D_L_CPT	9.698924731182796	0.15031992003996275
4h	D_L_CPT	9.720430107526882	0.15046584973667523
4h	D_L_CPT	9.741935483870968	0.15058063895130921
4h	D_L_CPT	9.763440860215054	0.1506671713795621
4h	D_L_CPT	9.78494623655914	0.15072909939849768
4h	D_L_CPT	9.806451612903226	0.15076991403062717
4h	D_L_CPT	9.827956989247312	0.15079214297799456
4h	D_L_CPT	9.849462365591398	0.15079981019477406
4h	D_L_CPT	9.870967741935484	0.15079618171015327
4h	D_L_CPT	9.89247311827957	0.1507839593353162
4h	D_L_CPT	9.913978494623656	0.15076503522718523
4h	D_L_CPT	9.935483870967742	0.15074076603844577
4h	D_L_CPT	9.956989247311828	0.15071248818757071
4h	D_L_CPT	9.978494623655914	0.150681051111606
4h	D_L_CPT	10.0	0.1506453887656136
4h	D_L_CPT	10.021505376344086	0.15060555378335602
4h	D_L_CPT	10.043010752688172	0.15055954705542596
4h	D_L_CPT	10.064516129032258	0.15050522692670104
4h	D_L_CPT	10.086021505376344	0.1504403534200241
4h	D_L_CPT	10.107526881720432	0.15036160484006525
4h	D_L_CPT	10.129032258064518	0.15026547535855833
4h	D_L_CPT	10.150537634408604	0.15014850737021274
4h	D_L_CPT	10.17204301075269	0.15000645633443502
4h	D_L_CPT	10.193548387096776	0.14983530056840566
4h	D_L_CPT	10.215053763440862	0.1496314381549252
4h	D_L_CPT	10.236559139784948	0.1493919264054518
4h	D_L_CPT	10.258064516129034	0.14911213141594187
4h	D_L_CPT	10.27956989247312	0.14878973863174738
4h	D_L_CPT	10.301075268817206	0.1484217646398818
4h	D_L_CPT	10.322580645161292	0.14800616909813533
4h	D_L_CPT	10.344086021505378	0.14754201556055652
4h	D_L_CPT	10.365591397849464	0.14702767742276748
4h	D_L_CPT	10.38709677419355	0.14646294408079055
4h	D_L_CPT	10.408602150537636	0.14584795266372655
4h	D_L_CPT	10.430107526881722	0.14518347721988012
4h	D_L_CPT	10.451612903225808	0.1444702668858255
4h	D_L_CPT	10.473118279569894	0.1437101626651984
4h	D_L_CPT	10.49462365591398	0.14290514641546426
4h	D_L_CPT	10.516129032258066	0.14205722010063787
4h	D_L_CPT	10.537634408602152	0.1411680491017166
4h	D_L_CPT	10.559139784946238	0.14023992552734582
4h	D_L_CPT	10.580645161290324	0.13927474691216005
4h	D_L_CPT	10.60215053763441	0.13827427175117757
4h	D_L_CPT	10.623655913978496	0.1372396575442536
4h	D_L_CPT	10.645161290322582	0.1361733754665728
4h	D_L_CPT	10.666666666666668	0.1350753277616006
4h	D_L_CPT	10.688172043010754	0.1339481178382809
4h	D_L_CPT	10.70967741935484	0.1327918872837315
4h	D_L_CPT	10.731182795698926	0.13160737983923046
4h	D_L_CPT	10.752688172043012	0.1303949886107865
4h	D_L_CPT	10.774193548387098	0.12915595675231326
4h	D_L_CPT	10.795698924731184	0.12789214875789195
4h	D_L_CPT	10.81720430107527	0.12660454132499901
4h	D_L_CPT	10.838709677419356	0.12529476471468015
4h	D_L_CPT	10.860215053763442	0.12396492824699455
4h	D_L_CPT	10.881720430107528	0.1226183893424681
4h	D_L_CPT	10.903225806451614	0.1212572926473419
4h	D_L_CPT	10.9247311827957	0.11988608880967717
4h	D_L_CPT	10.946236559139786	0.1185089332724898
4h	D_L_CPT	10.967741935483872	0.11712970163641108
4h	D_L_CPT	10.989247311827958	0.11575193038896754
4h	D_L_CPT	11.010752688172044	0.11438106178213614
4h	D_L_CPT	11.03225806451613	0.11302207190524452
4h	D_L_CPT	11.053763440860216	0.11167746801880117
4h	D_L_CPT	11.075268817204302	0.11035225636699977
4h	D_L_CPT	11.096774193548388	0.10904871781956985
4h	D_L_CPT	11.118279569892474	0.10776842821579538
4h	D_L_CPT	11.13978494623656	0.10651464947854646
4h	D_L_CPT	11.161290322580646	0.10528711223258314
4h	D_L_CPT	11.182795698924732	0.10408469151866365
4h	D_L_CPT	11.204301075268818	0.10290784260740667
4h	D_L_CPT	11.225806451612904	0.10175437429862799
4h	D_L_CPT	11.24731182795699	0.10062164915600517
4h	D_L_CPT	11.268817204301076	0.09950681907097067
4h	D_L_CPT	11.290322580645162	0.09840613637203932
4h	D_L_CPT	11.311827956989248	0.09731586341331627
4h	D_L_CPT	11.333333333333334	0.09623199353198592
4h	D_L_CPT	11.35483870967742	0.09514951694038473
4h	D_L_CPT	11.376344086021506	0.09406533073450407
4h	D_L_CPT	11.397849462365592	0.09297532625673909
4h	D_L_CPT	11.419354838709678	0.09187673939992555
4h	D_L_CPT	11.440860215053764	0.09076581473043498
4h	D_L_CPT	11.46236559139785	0.08963954888835912
4h	D_L_CPT	11.483870967741936	0.08849647095141835
4h	D_L_CPT	11.505376344086022	0.08733470368934436
4h	D_L_CPT	11.526881720430108	0.0861530823897469
4h	D_L_CPT	11.548387096774194	0.08495068234640749
4h	D_L_CPT	11.56989247311828	0.08372687545383105
4h	D_L_CPT	11.591397849462366	0.08248119909544936
4h	D_L_CPT	11.612903225806452	0.08121342060721921
4h	D_L_CPT	11.634408602150538	0.07992386584635706
4h	D_L_CPT	11.655913978494624	0.07861388764770236
4h	D_L_CPT	11.67741935483871	0.07728256552921485
4h	D_L_CPT	11.698924731182796	0.07593283587824645
4h	D_L_CPT	11.720430107526882	0.07456510835775447
4h	D_L_CPT	11.741935483870968	0.07318102403857855
4h	D_L_CPT	11.763440860215054	0.07178270454971601
4h	D_L_CPT	11.78494623655914	0.07037221752563082
4h	D_L_CPT	11.806451612903226	0.06895253813672159
4h	D_L_CPT	11.827956989247312	0.06752666461953845
4h	D_L_CPT	11.849462365591398	0.06609748232973144
4h	D_L_CPT	11.870967741935484	0.0646687421750025
4h	D_L_CPT	11.89247311827957	0.06324448187078949
4h	D_L_CPT	11.913978494623656	0.06182871873220617
4h	D_L_CPT	11.935483870967744	0.06042643412410314
4h	D_L_CPT	11.95698924731183	0.0590418859295574
4h	D_L_CPT	11.978494623655916	0.05767872410645524
4h	D_L_CPT	12.000000000000002	0.05634181540071339
4h	D_L_CPT	12.021505376344088	0.05503500382541147
4h	D_L_CPT	12.043010752688174	0.053761597388346266
4h	D_L_CPT	12.06451612903226	0.05252549878451677
4h	D_L_CPT	12.086021505376346	0.05132873766136128
4h	D_L_CPT	12.107526881720432	0.05017389897918446
4h	D_L_CPT	12.129032258064518	0.049062169930589906
4h	D_L_CPT	12.150537634408604	0.0479943796902539
4h	D_L_CPT	12.17204301075269	0.04697091807410284
4h	D_L_CPT	12.193548387096776	0.04599150233617559
4h	D_L_CPT	12.215053763440862	0.045054587050750904
4h	D_L_CPT	12.236559139784948	0.04415874950422121
4h	D_L_CPT	12.258064516129034	0.04330238528680294
4h	D_L_CPT	12.27956989247312	0.0424825488936775
4h	D_L_CPT	12.301075268817206	0.04169716892949958
4h	D_L_CPT	12.322580645161292	0.04094253035434704
4h	D_L_CPT	12.344086021505378	0.04021559837132623
4h	D_L_CPT	12.365591397849464	0.03951369932329306
4h	D_L_CPT	12.38709677419355	0.03883359542917607
4h	D_L_CPT	12.408602150537636	0.03817177839765263
4h	D_L_CPT	12.430107526881722	0.03752545635434767
4h	D_L_CPT	12.451612903225808	0.03689184850584327
4h	D_L_CPT	12.473118279569894	0.03626832839815069
4h	D_L_CPT	12.49462365591398	0.03565271332448321
4h	D_L_CPT	12.516129032258066	0.03504255289171751
4h	D_L_CPT	12.537634408602152	0.03443643525654873
4h	D_L_CPT	12.559139784946238	0.033832726303294626
4h	D_L_CPT	12.580645161290324	0.03323032136726419
4h	D_L_CPT	12.60215053763441	0.032628255243433456
4h	D_L_CPT	12.623655913978496	0.03202608859591655
4h	D_L_CPT	12.645161290322582	0.031423289779911795
4h	D_L_CPT	12.666666666666668	0.03081983778742125
4h	D_L_CPT	12.688172043010754	0.03021589310698586
4h	D_L_CPT	12.70967741935484	0.029611723139665105
4h	D_L_CPT	12.731182795698926	0.029008264174058853
4h	D_L_CPT	12.752688172043012	0.02840610328586618
4h	D_L_CPT	12.774193548387098	0.027806282011130536
4h	D_L_CPT	12.795698924731184	0.027209602271320767
4h	D_L_CPT	12.81720430107527	0.026617462553838428
4h	D_L_CPT	12.838709677419356	0.026031009407111005
4h	D_L_CPT	12.860215053763442	0.025451503706874105
4h	D_L_CPT	12.881720430107528	0.024880068604361448
4h	D_L_CPT	12.903225806451614	0.024318420006927476
4h	D_L_CPT	12.9247311827957	0.023767150532099504
4h	D_L_CPT	12.946236559139786	0.02322758849534307
4h	D_L_CPT	12.967741935483872	0.02270089675626184
4h	D_L_CPT	12.989247311827958	0.022188117454045163
4h	D_L_CPT	13.010752688172044	0.02168984545102625
4h	D_L_CPT	13.03225806451613	0.021206557360471428
4h	D_L_CPT	13.053763440860216	0.02073908827752608
4h	D_L_CPT	13.075268817204302	0.020287077984875817
4h	D_L_CPT	13.096774193548388	0.019851259471407364
4h	D_L_CPT	13.118279569892474	0.019431342277764448
4h	D_L_CPT	13.13978494623656	0.01902702286061021
4h	D_L_CPT	13.161290322580646	0.018638352386538378
4h	D_L_CPT	13.182795698924732	0.018264570516429022
4h	D_L_CPT	13.204301075268818	0.017905037010459104
4h	D_L_CPT	13.225806451612904	0.0175594330374787
4h	D_L_CPT	13.24731182795699	0.017226342758046742
4h	D_L_CPT	13.268817204301076	0.01690557871374456
4h	D_L_CPT	13.290322580645162	0.016595952039754593
4h	D_L_CPT	13.311827956989248	0.016296889046139643
4h	D_L_CPT	13.333333333333334	0.016007705905115695
4h	D_L_CPT	13.35483870967742	0.015727438726645487
4h	D_L_CPT	13.376344086021506	0.015455269559034989
4h	D_L_CPT	13.397849462365592	0.015190614475000029
4h	D_L_CPT	13.419354838709678	0.014932481233183572
4h	D_L_CPT	13.440860215053764	0.014680627381692747
4h	D_L_CPT	13.46236559139785	0.014434538277642711
4h	D_L_CPT	13.483870967741936	0.014193631067001822
4h	D_L_CPT	13.505376344086022	0.013957503029005837
4h	D_L_CPT	13.526881720430108	0.013726196581419482
4h	D_L_CPT	13.548387096774194	0.013499350783926837
4h	D_L_CPT	13.56989247311828	0.013276548037872735
4h	D_L_CPT	13.591397849462366	0.013058111058747978
4h	D_L_CPT	13.612903225806452	0.01284369741435784
4h	D_L_CPT	13.634408602150538	0.012633781666306762
4h	D_L_CPT	13.655913978494624	0.01242796624853226
4h	D_L_CPT	13.67741935483871	0.012226845698528426
4h	D_L_CPT	13.698924731182796	0.01203006190615982
4h	D_L_CPT	13.720430107526882	0.011838269031143513
4h	D_L_CPT	13.741935483870968	0.011651221073260939
4h	D_L_CPT	13.763440860215056	0.011469394997220153
4h	D_L_CPT	13.784946236559142	0.011292694465404048
4h	D_L_CPT	13.806451612903228	0.011121039255667894
4h	D_L_CPT	13.827956989247314	0.01095473713761052
4h	D_L_CPT	13.8494623655914	0.010793744612334165
4h	D_L_CPT	13.870967741935486	0.010637896504635721
4h	D_L_CPT	13.892473118279572	0.010486687290565138
4h	D_L_CPT	13.913978494623658	0.010339987687327891
4h	D_L_CPT	13.935483870967744	0.010197417653278484
4h	D_L_CPT	13.95698924731183	0.010058497679895617
4h	D_L_CPT	13.978494623655916	0.009922674172931693
4h	D_L_CPT	14.000000000000002	0.009789663834805826
4h	D_L_CPT	14.021505376344088	0.009658488313047608
4h	D_L_CPT	14.043010752688174	0.009528847666485792
4h	D_L_CPT	14.06451612903226	0.009400100710623315
4h	D_L_CPT	14.086021505376346	0.009271788506787577
4h	D_L_CPT	14.107526881720432	0.00914342115423256
4h	D_L_CPT	14.129032258064518	0.009014874155898698
4h	D_L_CPT	14.150537634408604	0.008885677792240634
4h	D_L_CPT	14.17204301075269	0.008755789904862955
4h	D_L_CPT	14.193548387096776	0.008625139838329268
4h	D_L_CPT	14.215053763440862	0.0084939470809652
4h	D_L_CPT	14.236559139784948	0.00836240791849222
4h	D_L_CPT	14.258064516129034	0.008230990286592261
4h	D_L_CPT	14.27956989247312	0.008100219015244613
4h	D_L_CPT	14.301075268817206	0.007970270538249231
4h	D_L_CPT	14.322580645161292	0.007842025257433235
4h	D_L_CPT	14.344086021505378	0.007715877185307193
4h	D_L_CPT	14.365591397849464	0.007592423335963018
4h	D_L_CPT	14.38709677419355	0.007472143715778616
4h	D_L_CPT	14.408602150537636	0.0073555790877883696
4h	D_L_CPT	14.430107526881722	0.007243204397840157
4h	D_L_CPT	14.451612903225808	0.0071350798477874304
4h	D_L_CPT	14.473118279569894	0.007031413834059575
4h	D_L_CPT	14.49462365591398	0.0069322533287621245
4h	D_L_CPT	14.516129032258066	0.006837602525379838
4h	D_L_CPT	14.537634408602152	0.006747011897072229
4h	D_L_CPT	14.559139784946238	0.00666031004626494
4h	D_L_CPT	14.580645161290324	0.006577282410659119
4h	D_L_CPT	14.60215053763441	0.006497231691527067
4h	D_L_CPT	14.623655913978496	0.006419532379525744
4h	D_L_CPT	14.645161290322582	0.006343617443949537
4h	D_L_CPT	14.666666666666668	0.006268918639924395
4h	D_L_CPT	14.688172043010754	0.006194700281683741
4h	D_L_CPT	14.70967741935484	0.00612057436357685
4h	D_L_CPT	14.731182795698926	0.00604581300997148
4h	D_L_CPT	14.752688172043012	0.005969737489838139
4h	D_L_CPT	14.774193548387098	0.005891941606098332
4h	D_L_CPT	14.795698924731184	0.005812181818290897
4h	D_L_CPT	14.81720430107527	0.005729846896917807
4h	D_L_CPT	14.838709677419356	0.00564467457360564
4h	D_L_CPT	14.860215053763442	0.005556557159098214
4h	D_L_CPT	14.881720430107528	0.005465286046124771
4h	D_L_CPT	14.903225806451614	0.005370484075211412
4h	D_L_CPT	14.9247311827957	0.00527232887798847
4h	D_L_CPT	14.946236559139786	0.005170760032062936
4h	D_L_CPT	14.967741935483872	0.005065809115851259
4h	D_L_CPT	14.989247311827958	0.004957559015632968
4h	D_L_CPT	15.010752688172044	0.004846342748391422
4h	D_L_CPT	15.03225806451613	0.004732080297412322
4h	D_L_CPT	15.053763440860216	0.004615343911085247
4h	D_L_CPT	15.075268817204302	0.004496393710796822
4h	D_L_CPT	15.096774193548388	0.004375483717485646
4h	D_L_CPT	15.118279569892474	0.004253128590502977
4h	D_L_CPT	15.13978494623656	0.00412961519051503
4h	D_L_CPT	15.161290322580646	0.00400554058523636
4h	D_L_CPT	15.182795698924732	0.003881571233535835
4h	D_L_CPT	15.204301075268818	0.00375817490397422
4h	D_L_CPT	15.225806451612904	0.003635780870496126
4h	D_L_CPT	15.24731182795699	0.0035152119961475423
4h	D_L_CPT	15.268817204301076	0.003396680998714005
4h	D_L_CPT	15.290322580645162	0.003280856920334662
4h	D_L_CPT	15.311827956989248	0.003168451211191509
4h	D_L_CPT	15.333333333333334	0.0030596892559025153
4h	D_L_CPT	15.35483870967742	0.0029551127007430475
4h	D_L_CPT	15.376344086021506	0.0028550899859595994
4h	D_L_CPT	15.397849462365592	0.002759853959753912
4h	D_L_CPT	15.419354838709678	0.0026696259681239605
4h	D_L_CPT	15.440860215053764	0.0025846320159268795
4h	D_L_CPT	15.46236559139785	0.002504969236911001
4h	D_L_CPT	15.483870967741936	0.0024305300640768486
4h	D_L_CPT	15.505376344086022	0.0023614997684948138
4h	D_L_CPT	15.526881720430108	0.0022975907424210617
4h	D_L_CPT	15.548387096774194	0.002238725888313461
4h	D_L_CPT	15.56989247311828	0.0021847460227591444
4h	D_L_CPT	15.591397849462366	0.0021353441723992476
4h	D_L_CPT	15.612903225806454	0.0020903461331626023
4h	D_L_CPT	15.63440860215054	0.0020494010109950735
4h	D_L_CPT	15.655913978494626	0.0020123675945834855
4h	D_L_CPT	15.677419354838712	0.0019786985737744443
4h	D_L_CPT	15.698924731182798	0.001948335235967476
4h	D_L_CPT	15.720430107526884	0.0019209415211085786
4h	D_L_CPT	15.74193548387097	0.001896251200398626
4h	D_L_CPT	15.763440860215056	0.0018739820126201924
4h	D_L_CPT	15.784946236559142	0.001854005008458093
4h	D_L_CPT	15.806451612903228	0.0018360832924305434
4h	D_L_CPT	15.827956989247314	0.0018199346735722306
4h	D_L_CPT	15.8494623655914	0.0018055079393352743
4h	D_L_CPT	15.870967741935486	0.0017926308540261904
4h	D_L_CPT	15.892473118279572	0.0017812263586961825
4h	D_L_CPT	15.913978494623658	0.0017712041189450701
4h	D_L_CPT	15.935483870967744	0.0017623044261663257
4h	D_L_CPT	15.95698924731183	0.0017544281173939751
4h	D_L_CPT	15.978494623655916	0.0017474018289210622
4h	D_L_CPT	16.0	0.0017410711999386302
4h	D_L_CPT	16.021505376344088	0.0017353412429728951
4h	D_L_CPT	16.043010752688172	0.0017299462673567142
4h	D_L_CPT	16.06451612903226	0.0017246522925335108
4h	D_L_CPT	16.086021505376344	0.0017192723608244935
4h	D_L_CPT	16.107526881720432	0.001713523576990397
4h	D_L_CPT	16.129032258064516	0.0017072656344677567
4h	D_L_CPT	16.150537634408604	0.0017002562382866407
4h	D_L_CPT	16.172043010752688	0.0016922396447046173
4h	D_L_CPT	16.193548387096776	0.0016830369055009073
4h	D_L_CPT	16.21505376344086	0.0016724548261222328
4h	D_L_CPT	16.236559139784948	0.0016602739394483308
4h	D_L_CPT	16.258064516129032	0.0016463697328360084
4h	D_L_CPT	16.27956989247312	0.0016307196360268374
4h	D_L_CPT	16.301075268817204	0.00161314714276889
4h	D_L_CPT	16.322580645161292	0.0015936693467446313
4h	D_L_CPT	16.344086021505376	0.0015722200711920135
4h	D_L_CPT	16.365591397849464	0.001548788816366368
4h	D_L_CPT	16.387096774193548	0.00152335439115907
4h	D_L_CPT	16.408602150537636	0.001495981817696778
4h	D_L_CPT	16.43010752688172	0.001466606467278982
4h	D_L_CPT	16.451612903225808	0.0014353493898048258
4h	D_L_CPT	16.473118279569892	0.001402177067059936
4h	D_L_CPT	16.49462365591398	0.0013671807201093241
4h	D_L_CPT	16.516129032258064	0.0013303858499812006
4h	D_L_CPT	16.537634408602152	0.001291800891641623
4h	D_L_CPT	16.55913978494624	0.001251479606063059
4h	D_L_CPT	16.580645161290324	0.0012094373260019315
4h	D_L_CPT	16.60215053763441	0.0011658530060077957
4h	D_L_CPT	16.623655913978496	0.0011208607070463932
4h	D_L_CPT	16.645161290322584	0.0010745052622707426
4h	D_L_CPT	16.666666666666668	0.001026985641859437
4h	D_L_CPT	16.688172043010756	0.0009785202738582
4h	D_L_CPT	16.70967741935484	0.0009293537202625669
4h	D_L_CPT	16.731182795698928	0.0008797040130946664
4h	D_L_CPT	16.752688172043012	0.0008300030510983838
4h	D_L_CPT	16.7741935483871	0.000780467740759877
4h	D_L_CPT	16.795698924731184	0.0007315798545100021
4h	D_L_CPT	16.81720430107527	0.0006836173357596026
4h	D_L_CPT	16.838709677419356	0.0006370200927195072
4h	D_L_CPT	16.860215053763444	0.0005921002680605152
4h	D_L_CPT	16.881720430107528	0.0005491975013037965
4h	D_L_CPT	16.903225806451616	0.0005088956319661531
4h	D_L_CPT	16.9247311827957	0.00047124419591528384
4h	D_L_CPT	16.946236559139788	0.0004364940220238044
4h	D_L_CPT	16.967741935483872	0.0004049391846578872
4h	D_L_CPT	16.98924731182796	0.00037669796605628467
4h	D_L_CPT	17.010752688172044	0.0003518678602875876
4h	D_L_CPT	17.03225806451613	0.0003304883542403175
4h	D_L_CPT	17.053763440860216	0.0003124903997093408
4h	D_L_CPT	17.075268817204304	0.00029792245437058705
4h	D_L_CPT	17.096774193548388	0.000286593683836929
4h	D_L_CPT	17.118279569892476	0.0002783178059763796
4h	D_L_CPT	17.13978494623656	0.00027295880662834264
4h	D_L_CPT	17.161290322580648	0.00027025828163239416
4h	D_L_CPT	17.182795698924732	0.0002699497687048092
4h	D_L_CPT	17.20430107526882	0.0002718161760540264
4h	D_L_CPT	17.225806451612904	0.00027557661696360264
4h	D_L_CPT	17.24731182795699	0.00028098973821438864
4h	D_L_CPT	17.268817204301076	0.00028792786700380875
4h	D_L_CPT	17.290322580645164	0.0002960665954449526
4h	D_L_CPT	17.311827956989248	0.0003051847650520081
4h	D_L_CPT	17.333333333333336	0.00031514264411817316
4h	D_L_CPT	17.35483870967742	0.0003258133711896798
4h	D_L_CPT	17.376344086021508	0.00033703320448137203
4h	D_L_CPT	17.397849462365592	0.0003486946772234238
4h	D_L_CPT	17.41935483870968	0.0003606809088518527
4h	D_L_CPT	17.440860215053764	0.00037300946171403115
4h	D_L_CPT	17.46236559139785	0.00038546311494851176
4h	D_L_CPT	17.483870967741936	0.00039812014963210967
4h	D_L_CPT	17.505376344086024	0.00041083955532226157
4h	D_L_CPT	17.526881720430108	0.00042354563556725556
4h	D_L_CPT	17.548387096774196	0.00043615072435298005
4h	D_L_CPT	17.56989247311828	0.00044852601742957903
4h	D_L_CPT	17.591397849462368	0.00046058494207222133
4h	D_L_CPT	17.612903225806452	0.0004722129234627059
4h	D_L_CPT	17.63440860215054	0.00048321889216574606
4h	D_L_CPT	17.655913978494624	0.0004934066083271774
4h	D_L_CPT	17.67741935483871	0.0005026271041535641
4h	D_L_CPT	17.698924731182796	0.0005106881443803826
4h	D_L_CPT	17.720430107526884	0.0005173705762713677
4h	D_L_CPT	17.741935483870968	0.0005226088238574677
4h	D_L_CPT	17.763440860215056	0.0005260999663959143
4h	D_L_CPT	17.78494623655914	0.0005277190004469523
4h	D_L_CPT	17.806451612903228	0.0005273416104839244
4h	D_L_CPT	17.827956989247312	0.0005248768141467782
4h	D_L_CPT	17.8494623655914	0.0005202726727712749
4h	D_L_CPT	17.870967741935484	0.0005135206818299024
4h	D_L_CPT	17.89247311827957	0.0005046585806603343
4h	D_L_CPT	17.913978494623656	0.0004937713951772002
4h	D_L_CPT	17.935483870967744	0.00048099061408041465
4h	D_L_CPT	17.956989247311828	0.00046649149346908295
4h	D_L_CPT	17.978494623655916	0.0004504885811446999
4h	D_L_CPT	18.0	0.00043322964433843047
4h	D_L_CPT	18.021505376344088	0.00041498826734091745
4h	D_L_CPT	18.043010752688172	0.00039605545331633356
4h	D_L_CPT	18.06451612903226	0.00037673061316606884
4h	D_L_CPT	18.086021505376344	0.0003573123506825513
4h	D_L_CPT	18.107526881720432	0.00033808945593904387
4h	D_L_CPT	18.129032258064516	0.0003193324980783363
4h	D_L_CPT	18.150537634408604	0.00030128636619695574
4h	D_L_CPT	18.172043010752688	0.00028416404614740876
4h	D_L_CPT	18.193548387096776	0.0002681418462731821
4h	D_L_CPT	18.21505376344086	0.0002533562016562174
4h	D_L_CPT	18.236559139784948	0.0002399021001063358
4h	D_L_CPT	18.258064516129032	0.00022786967341421183
4h	D_L_CPT	18.27956989247312	0.00021721397904445305
4h	D_L_CPT	18.301075268817204	0.00020793866196334857
4h	D_L_CPT	18.322580645161292	0.00019996249819966296
4h	D_L_CPT	18.344086021505376	0.00019326145547283498
4h	D_L_CPT	18.365591397849464	0.00018766717594657283
4h	D_L_CPT	18.38709677419355	0.00018311567196012252
4h	D_L_CPT	18.408602150537636	0.00017943551201021616
4h	D_L_CPT	18.430107526881724	0.00017648497950501068
4h	D_L_CPT	18.451612903225808	0.0001741205757378267
4h	D_L_CPT	18.473118279569896	0.00017220159326202571
4h	D_L_CPT	18.49462365591398	0.00017059408667670733
4h	D_L_CPT	18.516129032258068	0.0001691741924900152
4h	D_L_CPT	18.537634408602152	0.0001678307850773308
4h	D_L_CPT	18.55913978494624	0.00016646748385274973
4h	D_L_CPT	18.580645161290324	0.00016500404671361446
4h	D_L_CPT	18.60215053763441	0.00016337719660926286
4h	D_L_CPT	18.623655913978496	0.0001615149994218569
4h	D_L_CPT	18.645161290322584	0.0001594481275501707
4h	D_L_CPT	18.666666666666668	0.00015712844637730098
4h	D_L_CPT	18.688172043010756	0.00015453386776521425
4h	D_L_CPT	18.70967741935484	0.00015174191884388067
4h	D_L_CPT	18.731182795698928	0.00014874730600408635
4h	D_L_CPT	18.752688172043012	0.0001455917575469439
4h	D_L_CPT	18.7741935483871	0.00014232530884986414
4h	D_L_CPT	18.795698924731184	0.00013900392952940065
4h	D_L_CPT	18.81720430107527	0.00013568696066656967
4h	D_L_CPT	18.838709677419356	0.00013243442767320185
4h	D_L_CPT	18.860215053763444	0.00012930430870755662
4h	D_L_CPT	18.881720430107528	0.00012634985169101979
4h	D_L_CPT	18.903225806451616	0.00012353924356457997
4h	D_L_CPT	18.9247311827957	0.00012106165998485394
4h	D_L_CPT	18.946236559139788	0.000118894263906343
4h	D_L_CPT	18.967741935483872	0.00011701516205499498
4h	D_L_CPT	18.98924731182796	0.00011542463875732576
4h	D_L_CPT	19.010752688172044	0.00011410844083792834
4h	D_L_CPT	19.03225806451613	0.00011303825870848405
4h	D_L_CPT	19.053763440860216	0.0001121728250575813
4h	D_L_CPT	19.075268817204304	0.00011145960164764789
4h	D_L_CPT	19.096774193548388	0.00011083699026779589
4h	D_L_CPT	19.118279569892476	0.00011023697225006459
4h	D_L_CPT	19.13978494623656	0.00010958805444777662
4h	D_L_CPT	19.161290322580648	0.00010881838015914882
4h	D_L_CPT	19.182795698924732	0.00010785885260240432
4h	D_L_CPT	19.20430107526882	0.00010664611702517951
4h	D_L_CPT	19.225806451612904	0.0001051252554828807
4h	D_L_CPT	19.24731182795699	0.00010325206517271201
4h	D_L_CPT	19.268817204301076	0.0001009948157436662
4h	D_L_CPT	19.290322580645164	9.833541146087217e-05
4h	D_L_CPT	19.311827956989248	9.526991833725907e-05
4h	D_L_CPT	19.333333333333336	9.180845199283357e-05
4h	D_L_CPT	19.35483870967742	8.797445667069483e-05
4h	D_L_CPT	19.376344086021508	8.38034372944633e-05
4h	D_L_CPT	19.397849462365592	7.934123278039762e-05
4h	D_L_CPT	19.41935483870968	7.464193855817064e-05
4h	D_L_CPT	19.440860215053764	6.9739665341671e-05
4h	D_L_CPT	19.46236559139785	6.475754309931662e-05
4h	D_L_CPT	19.483870967741936	5.972448389946797e-05
4h	D_L_CPT	19.505376344086024	5.4704654176677086e-05
4h	D_L_CPT	19.526881720430108	4.975888423473096e-05
4h	D_L_CPT	19.548387096774196	4.494295073690649e-05
4h	D_L_CPT	19.56989247311828	4.030620267089703e-05
4h	D_L_CPT	19.591397849462368	3.5890561669410414e-05
4h	D_L_CPT	19.612903225806452	3.172990473714262e-05
4h	D_L_CPT	19.63440860215054	2.7849816650314037e-05
4h	D_L_CPT	19.655913978494624	2.4267681643274523e-05
4h	D_L_CPT	19.67741935483871	2.0993070222674633e-05
4h	D_L_CPT	19.698924731182796	1.8028367440639144e-05
4h	D_L_CPT	19.720430107526884	1.5369583759121945e-05
4h	D_L_CPT	19.741935483870968	1.2981355345357343e-05
4h	D_L_CPT	19.763440860215056	1.0909360565730776e-05
4h	D_L_CPT	19.78494623655914	9.10049268455209e-06
4h	D_L_CPT	19.806451612903228	7.535583131832957e-06
4h	D_L_CPT	19.827956989247312	6.193771467485446e-06
4h	D_L_CPT	19.8494623655914	5.05335536787183e-06
4h	D_L_CPT	19.870967741935484	4.092520418084706e-06
4h	D_L_CPT	19.89247311827957	3.2899418421898324e-06
4h	D_L_CPT	19.913978494623656	2.6252576829658925e-06
4h	D_L_CPT	19.935483870967744	2.0794189952106896e-06
4h	D_L_CPT	19.956989247311828	1.6349272294605667e-06
4h	D_L_CPT	19.978494623655916	1.275972159246084e-06
4h	D_L_CPT	20.0	9.884855417358973e-07
4h	D_L_CPT	20.021505376344088	7.967102524475621e-07
4h	D_L_CPT	20.043010752688172	6.314416320295123e-07
4h	D_L_CPT	20.06451612903226	5.108246069018909e-07
4h	D_L_CPT	20.086021505376344	4.288814823951831e-07
4h	D_L_CPT	20.107526881720432	3.8139011559197613e-07
4h	D_L_CPT	20.129032258064516	3.6583767946994716e-07
4h	D_L_CPT	20.150537634408604	3.8139011559197613e-07
4h	D_L_CPT	20.172043010752688	4.288814823951831e-07
4h	D_L_CPT	20.193548387096776	5.108246069018909e-07
4h	D_L_CPT	20.215053763440864	6.314416320295123e-07
4h	D_L_CPT	20.236559139784948	7.967102524475621e-07
4h	D_L_CPT	20.258064516129036	9.884855417358973e-07
4h	D_L_CPT	20.27956989247312	1.275972159246084e-06
4h	D_L_CPT	20.301075268817208	1.6349272294605667e-06
4h	D_L_CPT	20.322580645161292	2.0794189952106896e-06
4h	D_L_CPT	20.34408602150538	2.6252576829658925e-06
4h	D_L_CPT	20.365591397849464	3.2899418421898324e-06
4h	D_L_CPT	20.38709677419355	4.092520418084706e-06
4h	D_L_CPT	20.408602150537636	5.05335536787183e-06
4h	D_L_CPT	20.430107526881724	6.193771467485446e-06
4h	D_L_CPT	20.451612903225808	7.535583131832957e-06
4h	D_L_CPT	20.473118279569896	9.10049268455209e-06
4h	D_L_CPT	20.49462365591398	1.0909360565730776e-05
4h	D_L_CPT	20.516129032258068	1.2981355345357343e-05
4h	D_L_CPT	20.537634408602152	1.5332999870605065e-05
4h	D_L_CPT	20.55913978494624	1.7977139030629776e-05
4h	D_L_CPT	20.580645161290324	2.092186395213754e-05
4h	D_L_CPT	20.60215053763441	2.4169436304490223e-05
4h	D_L_CPT	20.623655913978496	2.7715264073117504e-05
4h	D_L_CPT	20.645161290322584	3.154698589740765e-05
4h	D_L_CPT	20.666666666666668	3.5643724131014975e-05
4h	D_L_CPT	20.688172043010756	3.997556652728615e-05
4h	D_L_CPT	20.70967741935484	4.450333240054169e-05
4h	D_L_CPT	20.731182795698928	4.917867101271082e-05
4h	D_L_CPT	20.752688172043012	5.394452781274641e-05
4h	D_L_CPT	20.7741935483871	5.8735998357732076e-05
4h	D_L_CPT	20.795698924731184	6.348157094007054e-05
4h	D_L_CPT	20.81720430107527	6.810473811221044e-05
4h	D_L_CPT	20.838709677419356	7.252593567444306e-05
4h	D_L_CPT	20.860215053763444	7.666474668742235e-05
4h	D_L_CPT	20.881720430107528	8.044228918173638e-05
4h	D_L_CPT	20.903225806451616	8.378369091382583e-05
4h	D_L_CPT	20.9247311827957	8.66205440477652e-05
4h	D_L_CPT	20.946236559139788	8.889322803003865e-05
4h	D_L_CPT	20.967741935483872	9.055299079064375e-05
4h	D_L_CPT	20.98924731182796	9.156368691550322e-05
4h	D_L_CPT	21.010752688172044	9.190308627061644e-05
4h	D_L_CPT	21.03225806451613	9.156368691550322e-05
4h	D_L_CPT	21.053763440860216	9.055299079064375e-05
4h	D_L_CPT	21.075268817204304	8.889322803003865e-05
4h	D_L_CPT	21.096774193548388	8.66205440477652e-05
4h	D_L_CPT	21.118279569892476	8.378369091382583e-05
4h	D_L_CPT	21.13978494623656	8.044228918173638e-05
4h	D_L_CPT	21.161290322580648	7.666474668742235e-05
4h	D_L_CPT	21.182795698924732	7.252593567444306e-05
4h	D_L_CPT	21.20430107526882	6.810473811221044e-05
4h	D_L_CPT	21.225806451612904	6.348157094007054e-05
4h	D_L_CPT	21.24731182795699	5.8735998357732076e-05
4h	D_L_CPT	21.268817204301076	5.394452781274641e-05
4h	D_L_CPT	21.290322580645164	4.917867101271082e-05
4h	D_L_CPT	21.311827956989248	4.450333240054169e-05
4h	D_L_CPT	21.333333333333336	3.997556652728615e-05
4h	D_L_CPT	21.35483870967742	3.5643724131014975e-05
4h	D_L_CPT	21.376344086021508	3.154698589740765e-05
4h	D_L_CPT	21.397849462365592	2.7715264073117504e-05
4h	D_L_CPT	21.41935483870968	2.4169436304490223e-05
4h	D_L_CPT	21.440860215053764	2.092186395213754e-05
4h	D_L_CPT	21.46236559139785	1.7977139030629776e-05
4h	D_L_CPT	21.483870967741936	1.5332999870605065e-05
4h	D_L_CPT	21.505376344086024	1.2981355345357343e-05
4h	D_L_CPT	21.526881720430108	1.0909360565730776e-05
4h	D_L_CPT	21.548387096774196	9.10049268455209e-06
4h	D_L_CPT	21.56989247311828	7.535583131832957e-06
4h	D_L_CPT	21.591397849462368	6.193771467485446e-06
4h	D_L_CPT	21.612903225806452	5.05335536787183e-06
4h	D_L_CPT	21.63440860215054	4.092520418084706e-06
4h	D_L_CPT	21.655913978494624	3.2899418421898324e-06
4h	D_L_CPT	21.67741935483871	2.6252576829658925e-06
4h	D_L_CPT	21.698924731182796	2.0794189952106896e-06
4h	D_L_CPT	21.720430107526884	1.6349272294605667e-06
4h	D_L_CPT	21.741935483870968	1.275972159246084e-06
4h	D_L_CPT	21.763440860215056	9.884855417358973e-07
4h	D_L_CPT	21.78494623655914	7.60126363930681e-07
4h	D_L_CPT	21.806451612903228	5.802132220201459e-07
4h	D_L_CPT	21.827956989247312	4.3961833636480075e-07
4h	D_L_CPT	21.8494623655914	3.306361436108847e-07
4h	D_L_CPT	21.870967741935484	2.46837538395443e-07
4h	D_L_CPT	21.89247311827957	1.8291883973497358e-07
4h	D_L_CPT	21.913978494623656	1.345525771965332e-07
4h	D_L_CPT	21.935483870967744	9.824533878429839e-08
4h	D_L_CPT	21.956989247311828	7.12062705370901e-08
4h	D_L_CPT	21.978494623655916	5.122841000936637e-08
4h	D_L_CPT	22.0	3.6583888516880974e-08
4h	DT_L_CPT	0.0	0.009342456824643165
4h	DT_L_CPT	0.021505376344086023	0.009455159415831048
4h	DT_L_CPT	0.043010752688172046	0.009529345005921942
4h	DT_L_CPT	0.06451612903225806	0.00957233185206406
4h	DT_L_CPT	0.08602150537634409	0.00958628906653307
4h	DT_L_CPT	0.10752688172043012	0.00958025534294405
4h	DT_L_CPT	0.12903225806451613	0.009564456128086112
4h	DT_L_CPT	0.15053763440860216	0.009544315379186456
4h	DT_L_CPT	0.17204301075268819	0.009530313031269087
4h	DT_L_CPT	0.19354838709677422	0.009531357694398564
4h	DT_L_CPT	0.21505376344086025	0.009555821474039645
4h	DT_L_CPT	0.23655913978494625	0.00961147394990856
4h	DT_L_CPT	0.25806451612903225	0.009705038134562818
4h	DT_L_CPT	0.2795698924731183	0.009841908764692708
4h	DT_L_CPT	0.3010752688172043	0.010026567502454693
4h	DT_L_CPT	0.32258064516129037	0.010260561225522602
4h	DT_L_CPT	0.34408602150537637	0.010545152194964874
4h	DT_L_CPT	0.3655913978494624	0.01088195611180575
4h	DT_L_CPT	0.38709677419354843	0.011264705469221538
4h	DT_L_CPT	0.40860215053763443	0.011691650132055248
4h	DT_L_CPT	0.4301075268817205	0.012160917293050242
4h	DT_L_CPT	0.4516129032258065	0.012662588821281613
4h	DT_L_CPT	0.4731182795698925	0.013193387587729522
4h	DT_L_CPT	0.49462365591397855	0.013745836356227344
4h	DT_L_CPT	0.5161290322580645	0.014314251258486592
4h	DT_L_CPT	0.5376344086021506	0.014892772799940715
4h	DT_L_CPT	0.5591397849462366	0.015476648562743646
4h	DT_L_CPT	0.5806451612903226	0.016060383783203864
4h	DT_L_CPT	0.6021505376344086	0.016642795436861358
4h	DT_L_CPT	0.6236559139784946	0.0172178371333363
4h	DT_L_CPT	0.6451612903225807	0.01778525821180548
4h	DT_L_CPT	0.6666666666666667	0.018346565330239147
4h	DT_L_CPT	0.6881720430107527	0.018898324807244928
4h	DT_L_CPT	0.7096774193548387	0.019444797621255106
4h	DT_L_CPT	0.7311827956989247	0.019984770240939944
4h	DT_L_CPT	0.7526881720430109	0.020522316423309827
4h	DT_L_CPT	0.7741935483870969	0.021058472007556277
4h	DT_L_CPT	0.7956989247311829	0.021595320348823548
4h	DT_L_CPT	0.8172043010752689	0.022136509204401158
4h	DT_L_CPT	0.8387096774193549	0.022681628824656304
4h	DT_L_CPT	0.860215053763441	0.02323507354683401
4h	DT_L_CPT	0.881720430107527	0.023794382999333195
4h	DT_L_CPT	0.903225806451613	0.024363738646871053
4h	DT_L_CPT	0.924731182795699	0.024939689829497524
4h	DT_L_CPT	0.946236559139785	0.025524798242458336
4h	DT_L_CPT	0.967741935483871	0.026117007733273738
4h	DT_L_CPT	0.9892473118279571	0.026716445033800138
4h	DT_L_CPT	1.010752688172043	0.02732089786202885
4h	DT_L_CPT	1.032258064516129	0.027934046737279814
4h	DT_L_CPT	1.0537634408602152	0.028554359981656046
4h	DT_L_CPT	1.0752688172043012	0.029181702670239926
4h	DT_L_CPT	1.0967741935483872	0.029813958470084265
4h	DT_L_CPT	1.1182795698924732	0.03045468566821408
4h	DT_L_CPT	1.1397849462365592	0.031102500294215702
4h	DT_L_CPT	1.1612903225806452	0.031760793835534026
4h	DT_L_CPT	1.1827956989247312	0.03242906002707682
4h	DT_L_CPT	1.2043010752688172	0.033110207083107406
4h	DT_L_CPT	1.2258064516129032	0.03380398411881809
4h	DT_L_CPT	1.2473118279569892	0.03451405343016042
4h	DT_L_CPT	1.2688172043010755	0.03524061837049692
4h	DT_L_CPT	1.2903225806451615	0.03598241702582863
4h	DT_L_CPT	1.3118279569892475	0.03674248759817472
4h	DT_L_CPT	1.3333333333333335	0.037518874769718276
4h	DT_L_CPT	1.3548387096774195	0.038311846083710153
4h	DT_L_CPT	1.3763440860215055	0.0391208882534777
4h	DT_L_CPT	1.3978494623655915	0.03994304986793965
4h	DT_L_CPT	1.4193548387096775	0.040778708744407755
4h	DT_L_CPT	1.4408602150537635	0.04162516332030068
4h	DT_L_CPT	1.4623655913978495	0.04247911361858461
4h	DT_L_CPT	1.4838709677419355	0.04333864669440687
4h	DT_L_CPT	1.5053763440860217	0.04420172087001258
4h	DT_L_CPT	1.5268817204301077	0.045065967439612525
4h	DT_L_CPT	1.5483870967741937	0.045926988512590555
4h	DT_L_CPT	1.5698924731182797	0.04678289596174532
4h	DT_L_CPT	1.5913978494623657	0.04763427120980457
4h	DT_L_CPT	1.6129032258064517	0.04847596714730722
4h	DT_L_CPT	1.6344086021505377	0.04930717541904602
4h	DT_L_CPT	1.6559139784946237	0.05012682338781107
4h	DT_L_CPT	1.6774193548387097	0.05093110443765321
4h	DT_L_CPT	1.6989247311827957	0.05172318987159778
4h	DT_L_CPT	1.720430107526882	0.052499260194020396
4h	DT_L_CPT	1.741935483870968	0.05325972561844978
4h	DT_L_CPT	1.763440860215054	0.05400430730662058
4h	DT_L_CPT	1.78494623655914	0.054732228139725
4h	DT_L_CPT	1.806451612903226	0.05544476609993654
4h	DT_L_CPT	1.827956989247312	0.056141739642195466
4h	DT_L_CPT	1.849462365591398	0.05682333613894364
4h	DT_L_CPT	1.870967741935484	0.05748993595197298
4h	DT_L_CPT	1.89247311827957	0.058142750505645754
4h	DT_L_CPT	1.913978494623656	0.05878184499550871
4h	DT_L_CPT	1.935483870967742	0.059407616278218354
4h	DT_L_CPT	1.9569892473118282	0.06002051762244449
4h	DT_L_CPT	1.9784946236559142	0.06061937700469617
4h	DT_L_CPT	2.0	0.06120894323231301
4h	DT_L_CPT	2.021505376344086	0.061785932561354215
4h	DT_L_CPT	2.043010752688172	0.06235120493623772
4h	DT_L_CPT	2.064516129032258	0.06290280644513344
4h	DT_L_CPT	2.0860215053763445	0.06344587273799965
4h	DT_L_CPT	2.1075268817204305	0.06397699486242503
4h	DT_L_CPT	2.1290322580645165	0.06449534370625089
4h	DT_L_CPT	2.1505376344086025	0.06500405004963797
4h	DT_L_CPT	2.1720430107526885	0.06550151208864237
4h	DT_L_CPT	2.1935483870967745	0.06598794158364084
4h	DT_L_CPT	2.2150537634408605	0.06646436829920092
4h	DT_L_CPT	2.2365591397849465	0.06693048752897326
4h	DT_L_CPT	2.2580645161290325	0.06738781446536977
4h	DT_L_CPT	2.2795698924731185	0.06783583887839946
4h	DT_L_CPT	2.3010752688172045	0.06827506207235644
4h	DT_L_CPT	2.3225806451612905	0.06870681875694669
4h	DT_L_CPT	2.3440860215053765	0.06913130464596849
4h	DT_L_CPT	2.3655913978494625	0.06954590905348496
4h	DT_L_CPT	2.3870967741935485	0.06995543183573165
4h	DT_L_CPT	2.4086021505376345	0.07035729561378466
4h	DT_L_CPT	2.4301075268817205	0.07074884223595991
4h	DT_L_CPT	2.4516129032258065	0.0711334186935767
4h	DT_L_CPT	2.4731182795698925	0.07150744291557062
4h	DT_L_CPT	2.4946236559139785	0.07187022143218208
4h	DT_L_CPT	2.5161290322580645	0.0722197415285083
4h	DT_L_CPT	2.537634408602151	0.07255405691796656
4h	DT_L_CPT	2.559139784946237	0.072870603407161
4h	DT_L_CPT	2.580645161290323	0.07316883606646367
4h	DT_L_CPT	2.602150537634409	0.0734436781204086
4h	DT_L_CPT	2.623655913978495	0.07369744356906512
4h	DT_L_CPT	2.645161290322581	0.07392535325116084
4h	DT_L_CPT	2.666666666666667	0.07412511562222038
4h	DT_L_CPT	2.688172043010753	0.07429853883951772
4h	DT_L_CPT	2.709677419354839	0.0744413857070305
4h	DT_L_CPT	2.731182795698925	0.07455541192609444
4h	DT_L_CPT	2.752688172043011	0.07463796897894175
4h	DT_L_CPT	2.774193548387097	0.07469092722215538
4h	DT_L_CPT	2.795698924731183	0.0747145633143916
4h	DT_L_CPT	2.817204301075269	0.07470759519003144
4h	DT_L_CPT	2.838709677419355	0.07467379189463356
4h	DT_L_CPT	2.860215053763441	0.07461156845087832
4h	DT_L_CPT	2.881720430107527	0.07452585613740832
4h	DT_L_CPT	2.903225806451613	0.07441522680215401
4h	DT_L_CPT	2.924731182795699	0.07428468767177422
4h	DT_L_CPT	2.946236559139785	0.07413305041228446
4h	DT_L_CPT	2.967741935483871	0.07396423543433908
4h	DT_L_CPT	2.9892473118279574	0.0737784692089434
4h	DT_L_CPT	3.0107526881720434	0.07357777598618066
4h	DT_L_CPT	3.0322580645161294	0.07336453362049616
4h	DT_L_CPT	3.0537634408602155	0.07313871759528645
4h	DT_L_CPT	3.0752688172043015	0.07290210914008824
4h	DT_L_CPT	3.0967741935483875	0.07265806934131298
4h	DT_L_CPT	3.1182795698924735	0.07240493761330606
4h	DT_L_CPT	3.1397849462365595	0.07214583199259446
4h	DT_L_CPT	3.1612903225806455	0.0718794753162264
4h	DT_L_CPT	3.1827956989247315	0.07160852894849756
4h	DT_L_CPT	3.2043010752688175	0.07133181946118612
4h	DT_L_CPT	3.2258064516129035	0.07105163346141549
4h	DT_L_CPT	3.2473118279569895	0.07076607048580986
4h	DT_L_CPT	3.2688172043010755	0.07047728559995431
4h	DT_L_CPT	3.2903225806451615	0.07018686543998445
4h	DT_L_CPT	3.3118279569892475	0.06989229726246333
4h	DT_L_CPT	3.3333333333333335	0.06959617610520236
4h	DT_L_CPT	3.3548387096774195	0.06929813370465919
4h	DT_L_CPT	3.3763440860215055	0.06899808381795902
4h	DT_L_CPT	3.3978494623655915	0.06869846965847301
4h	DT_L_CPT	3.4193548387096775	0.06839774469328244
4h	DT_L_CPT	3.440860215053764	0.0680977699055533
4h	DT_L_CPT	3.46236559139785	0.06780103695548782
4h	DT_L_CPT	3.483870967741936	0.06750780187025915
4h	DT_L_CPT	3.505376344086022	0.06721878172948514
4h	DT_L_CPT	3.526881720430108	0.06693642439171311
4h	DT_L_CPT	3.548387096774194	0.06666421867164844
4h	DT_L_CPT	3.56989247311828	0.06640199286368301
4h	DT_L_CPT	3.591397849462366	0.06615318574949018
4h	DT_L_CPT	3.612903225806452	0.06592120351962354
4h	DT_L_CPT	3.634408602150538	0.06570711465528446
4h	DT_L_CPT	3.655913978494624	0.06551324813946988
4h	DT_L_CPT	3.67741935483871	0.06534289199741151
4h	DT_L_CPT	3.698924731182796	0.06519833562532437
4h	DT_L_CPT	3.720430107526882	0.0650814159145118
4h	DT_L_CPT	3.741935483870968	0.06499306516521386
4h	DT_L_CPT	3.763440860215054	0.06493399053288712
4h	DT_L_CPT	3.78494623655914	0.06490525947319833
4h	DT_L_CPT	3.806451612903226	0.06490563772389693
4h	DT_L_CPT	3.827956989247312	0.06493481049118922
4h	DT_L_CPT	3.849462365591398	0.06499147490725013
4h	DT_L_CPT	3.870967741935484	0.06507264431071945
4h	DT_L_CPT	3.89247311827957	0.06517481178271442
4h	DT_L_CPT	3.9139784946236564	0.06529525172928433
4h	DT_L_CPT	3.9354838709677424	0.06542919565189748
4h	DT_L_CPT	3.9569892473118284	0.0655715811288708
4h	DT_L_CPT	3.9784946236559144	0.06571716652101323
4h	DT_L_CPT	4.0	0.06585980163585138
4h	DT_L_CPT	4.021505376344086	0.06599537224723423
4h	DT_L_CPT	4.043010752688172	0.06611778079045262
4h	DT_L_CPT	4.064516129032258	0.06622170144263587
4h	DT_L_CPT	4.086021505376344	0.06630160325572501
4h	DT_L_CPT	4.10752688172043	0.06635452552455855
4h	DT_L_CPT	4.129032258064516	0.06637612052496428
4h	DT_L_CPT	4.150537634408603	0.06636381412179934
4h	DT_L_CPT	4.172043010752689	0.06631525423844961
4h	DT_L_CPT	4.193548387096775	0.06622988840867736
4h	DT_L_CPT	4.215053763440861	0.06610681973201571
4h	DT_L_CPT	4.236559139784947	0.06594785243785252
4h	DT_L_CPT	4.258064516129033	0.06575360452296457
4h	DT_L_CPT	4.279569892473119	0.06552764136679291
4h	DT_L_CPT	4.301075268817205	0.0652726153751048
4h	DT_L_CPT	4.322580645161291	0.06499269903288561
4h	DT_L_CPT	4.344086021505377	0.06469186920342779
4h	DT_L_CPT	4.365591397849463	0.06437557624224349
4h	DT_L_CPT	4.387096774193549	0.06404785699854267
4h	DT_L_CPT	4.408602150537635	0.06371290742885956
4h	DT_L_CPT	4.430107526881721	0.06337588889849469
4h	DT_L_CPT	4.451612903225807	0.0630413944333712
4h	DT_L_CPT	4.473118279569893	0.06271220257883192
4h	DT_L_CPT	4.494623655913979	0.06239254488125113
4h	DT_L_CPT	4.516129032258065	0.06208398420560503
4h	DT_L_CPT	4.537634408602151	0.06178924761313919
4h	DT_L_CPT	4.559139784946237	0.06150968260928787
4h	DT_L_CPT	4.580645161290323	0.06124545959077593
4h	DT_L_CPT	4.602150537634409	0.06099715686409395
4h	DT_L_CPT	4.623655913978495	0.060763681897015615
4h	DT_L_CPT	4.645161290322581	0.060544971593476056
4h	DT_L_CPT	4.666666666666667	0.060338558092038294
4h	DT_L_CPT	4.688172043010753	0.06014347943559969
4h	DT_L_CPT	4.709677419354839	0.05995767197805455
4h	DT_L_CPT	4.731182795698925	0.05977900314920575
4h	DT_L_CPT	4.752688172043011	0.05960606153415088
4h	DT_L_CPT	4.774193548387097	0.05943653282258028
4h	DT_L_CPT	4.795698924731183	0.05926869122476171
4h	DT_L_CPT	4.817204301075269	0.059101650741115834
4h	DT_L_CPT	4.838709677419355	0.05893419015659302
4h	DT_L_CPT	4.860215053763441	0.05876547156141355
4h	DT_L_CPT	4.881720430107527	0.05859535504267149
4h	DT_L_CPT	4.903225806451613	0.05842329989752834
4h	DT_L_CPT	4.924731182795699	0.05825018852392518
4h	DT_L_CPT	4.946236559139785	0.05807724812685783
4h	DT_L_CPT	4.967741935483871	0.057904802131931166
4h	DT_L_CPT	4.989247311827957	0.0577344739344696
4h	DT_L_CPT	5.010752688172043	0.057566909569368954
4h	DT_L_CPT	5.032258064516129	0.057404464420443016
4h	DT_L_CPT	5.053763440860216	0.057247758972305864
4h	DT_L_CPT	5.075268817204302	0.05709918294711107
4h	DT_L_CPT	5.096774193548388	0.05696028095548937
4h	DT_L_CPT	5.118279569892474	0.05683238429043072
4h	DT_L_CPT	5.13978494623656	0.05671665616813383
4h	DT_L_CPT	5.161290322580646	0.05661450185427638
4h	DT_L_CPT	5.182795698924732	0.05652737410580036
4h	DT_L_CPT	5.204301075268818	0.05645603278927462
4h	DT_L_CPT	5.225806451612904	0.056400598289777754
4h	DT_L_CPT	5.24731182795699	0.05636223708127488
4h	DT_L_CPT	5.268817204301076	0.05634068551786226
4h	DT_L_CPT	5.290322580645162	0.056336811570383075
4h	DT_L_CPT	5.311827956989248	0.05635059007229782
4h	DT_L_CPT	5.333333333333334	0.056381354854368876
4h	DT_L_CPT	5.35483870967742	0.056429379302304156
4h	DT_L_CPT	5.376344086021506	0.056493571434176125
4h	DT_L_CPT	5.397849462365592	0.05657297214963505
4h	DT_L_CPT	5.419354838709678	0.056667351504462345
4h	DT_L_CPT	5.440860215053764	0.05677615268945534
4h	DT_L_CPT	5.46236559139785	0.05689723203419801
4h	DT_L_CPT	5.483870967741936	0.05702974466435
4h	DT_L_CPT	5.505376344086022	0.05717247845770639
4h	DT_L_CPT	5.526881720430108	0.05732309758637325
4h	DT_L_CPT	5.548387096774194	0.05748015454057452
4h	DT_L_CPT	5.56989247311828	0.05764180405529222
4h	DT_L_CPT	5.591397849462366	0.05780591483526838
4h	DT_L_CPT	5.612903225806452	0.05797043105018073
4h	DT_L_CPT	5.634408602150538	0.05813331675208887
4h	DT_L_CPT	5.655913978494624	0.058292785199124834
4h	DT_L_CPT	5.67741935483871	0.0584464996608448
4h	DT_L_CPT	5.698924731182796	0.05859260404406568
4h	DT_L_CPT	5.720430107526882	0.05872940160599457
4h	DT_L_CPT	5.741935483870968	0.058855443797367304
4h	DT_L_CPT	5.763440860215054	0.05897021518898477
4h	DT_L_CPT	5.78494623655914	0.05907214741941399
4h	DT_L_CPT	5.806451612903226	0.059160848577005674
4h	DT_L_CPT	5.827956989247312	0.05923564965849287
4h	DT_L_CPT	5.849462365591398	0.059296435606251446
4h	DT_L_CPT	5.870967741935484	0.059344204236448546
4h	DT_L_CPT	5.89247311827957	0.059378940878839305
4h	DT_L_CPT	5.913978494623656	0.059400771927091534
4h	DT_L_CPT	5.935483870967742	0.05941078333381746
4h	DT_L_CPT	5.956989247311828	0.059410047933123065
4h	DT_L_CPT	5.978494623655915	0.059399280956969294
4h	DT_L_CPT	6.000000000000001	0.059379263252182
4h	DT_L_CPT	6.021505376344087	0.05935099920366192
4h	DT_L_CPT	6.043010752688173	0.059314623287580755
4h	DT_L_CPT	6.064516129032259	0.05927094580265233
4h	DT_L_CPT	6.086021505376345	0.05922011401667171
4h	DT_L_CPT	6.107526881720431	0.05916276262560538
4h	DT_L_CPT	6.129032258064517	0.059098600093065834
4h	DT_L_CPT	6.150537634408603	0.059027830133697834
4h	DT_L_CPT	6.172043010752689	0.05895031092442502
4h	DT_L_CPT	6.193548387096775	0.05886544169881759
4h	DT_L_CPT	6.215053763440861	0.058773323020638306
4h	DT_L_CPT	6.236559139784947	0.058673762503713464
4h	DT_L_CPT	6.258064516129033	0.05856720493527026
4h	DT_L_CPT	6.279569892473119	0.058453411286942265
4h	DT_L_CPT	6.301075268817205	0.05833322851257913
4h	DT_L_CPT	6.322580645161291	0.05820684314389215
4h	DT_L_CPT	6.344086021505377	0.05807491736894444
4h	DT_L_CPT	6.365591397849463	0.057939490636094174
4h	DT_L_CPT	6.387096774193549	0.05780112760311214
4h	DT_L_CPT	6.408602150537635	0.05766231715932516
4h	DT_L_CPT	6.430107526881721	0.05752472772876616
4h	DT_L_CPT	6.451612903225807	0.05739043914869961
4h	DT_L_CPT	6.473118279569893	0.05726186010913553
4h	DT_L_CPT	6.494623655913979	0.057141446705893335
4h	DT_L_CPT	6.516129032258065	0.057032004920892644
4h	DT_L_CPT	6.537634408602151	0.05693549450682886
4h	DT_L_CPT	6.559139784946237	0.05685446129088971
4h	DT_L_CPT	6.580645161290323	0.0567906409482816
4h	DT_L_CPT	6.602150537634409	0.05674660060745976
4h	DT_L_CPT	6.623655913978495	0.05672371176525562
4h	DT_L_CPT	6.645161290322581	0.056722895284979404
4h	DT_L_CPT	6.666666666666667	0.056746081930588554
4h	DT_L_CPT	6.688172043010753	0.056793411701976666
4h	DT_L_CPT	6.709677419354839	0.05686565170525706
4h	DT_L_CPT	6.731182795698925	0.05696310048266529
4h	DT_L_CPT	6.752688172043011	0.057085291941352416
4h	DT_L_CPT	6.774193548387097	0.05723160389003961
4h	DT_L_CPT	6.795698924731183	0.05740182473471593
4h	DT_L_CPT	6.817204301075269	0.05759566217284114
4h	DT_L_CPT	6.838709677419355	0.057811111842107826
4h	DT_L_CPT	6.860215053763441	0.058048138745141094
4h	DT_L_CPT	6.881720430107528	0.058305305454072975
4h	DT_L_CPT	6.903225806451614	0.0585825291230917
4h	DT_L_CPT	6.9247311827957	0.05887845750051242
4h	DT_L_CPT	6.946236559139786	0.05919268436340083
4h	DT_L_CPT	6.967741935483872	0.05952469007578402
4h	DT_L_CPT	6.989247311827958	0.05987438750304498
4h	DT_L_CPT	7.010752688172044	0.060241606248633645
4h	DT_L_CPT	7.03225806451613	0.060625730434678435
4h	DT_L_CPT	7.053763440860216	0.06102711815891057
4h	DT_L_CPT	7.075268817204302	0.06144550660414616
4h	DT_L_CPT	7.096774193548388	0.06188138804746248
4h	DT_L_CPT	7.118279569892474	0.062333916465941906
4h	DT_L_CPT	7.13978494623656	0.06280328670036546
4h	DT_L_CPT	7.161290322580646	0.0632898559014746
4h	DT_L_CPT	7.182795698924732	0.06379279064564523
4h	DT_L_CPT	7.204301075268818	0.06431254398120817
4h	DT_L_CPT	7.225806451612904	0.06484839741152347
4h	DT_L_CPT	7.24731182795699	0.06540009597143756
4h	DT_L_CPT	7.268817204301076	0.06596712020609677
4h	DT_L_CPT	7.290322580645162	0.06654847745571028
4h	DT_L_CPT	7.311827956989248	0.06714386391283639
4h	DT_L_CPT	7.333333333333334	0.06775313365369004
4h	DT_L_CPT	7.35483870967742	0.06837500058684982
4h	DT_L_CPT	7.376344086021506	0.06901027920793712
4h	DT_L_CPT	7.397849462365592	0.06965783200857988
4h	DT_L_CPT	7.419354838709678	0.07031776432792541
4h	DT_L_CPT	7.440860215053764	0.07098980509144032
4h	DT_L_CPT	7.46236559139785	0.07167457711016312
4h	DT_L_CPT	7.483870967741936	0.07237129346480474
4h	DT_L_CPT	7.505376344086022	0.0730814054683444
4h	DT_L_CPT	7.526881720430108	0.07380480156611213
4h	DT_L_CPT	7.548387096774194	0.07454183684424487
4h	DT_L_CPT	7.56989247311828	0.07529265111592455
4h	DT_L_CPT	7.591397849462366	0.07605824345543608
4h	DT_L_CPT	7.612903225806452	0.07683844930287277
4h	DT_L_CPT	7.634408602150538	0.07763326145797571
4h	DT_L_CPT	7.655913978494624	0.07844266316858392
4h	DT_L_CPT	7.67741935483871	0.07926644909200617
4h	DT_L_CPT	7.698924731182796	0.08010407784115964
4h	DT_L_CPT	7.720430107526882	0.08095412994208938
4h	DT_L_CPT	7.741935483870968	0.08181576554908444
4h	DT_L_CPT	7.763440860215054	0.0826868492174018
4h	DT_L_CPT	7.78494623655914	0.08356596910874767
4h	DT_L_CPT	7.806451612903227	0.08445140061676717
4h	DT_L_CPT	7.827956989247313	0.08534064874481172
4h	DT_L_CPT	7.849462365591399	0.0862313373077998
4h	DT_L_CPT	7.870967741935485	0.08712118006328631
4h	DT_L_CPT	7.892473118279571	0.08800818769981104
4h	DT_L_CPT	7.913978494623657	0.08888989258864774
4h	DT_L_CPT	7.935483870967743	0.08976465095486855
4h	DT_L_CPT	7.956989247311829	0.09063020143778185
4h	DT_L_CPT	7.978494623655915	0.09148583979996984
4h	DT_L_CPT	8.0	0.09233048682853437
4h	DT_L_CPT	8.021505376344086	0.09316321548329627
4h	DT_L_CPT	8.043010752688172	0.09398521025235869
4h	DT_L_CPT	8.064516129032258	0.09479626256475876
4h	DT_L_CPT	8.086021505376344	0.09559704803351844
4h	DT_L_CPT	8.10752688172043	0.09638888628756159
4h	DT_L_CPT	8.129032258064516	0.09717393257135964
4h	DT_L_CPT	8.150537634408602	0.09795406850745109
4h	DT_L_CPT	8.172043010752688	0.09873138284681669
4h	DT_L_CPT	8.193548387096774	0.09950814707648588
4h	DT_L_CPT	8.21505376344086	0.10028682719945856
4h	DT_L_CPT	8.236559139784946	0.10106939708477768
4h	DT_L_CPT	8.258064516129032	0.10185746321726778
4h	DT_L_CPT	8.27956989247312	0.10265288119664256
4h	DT_L_CPT	8.301075268817206	0.10345626647511823
4h	DT_L_CPT	8.322580645161292	0.1042690746734945
4h	DT_L_CPT	8.344086021505378	0.10509131961132934
4h	DT_L_CPT	8.365591397849464	0.10592234777124024
4h	DT_L_CPT	8.38709677419355	0.1067625160167801
4h	DT_L_CPT	8.408602150537636	0.10760930838227614
4h	DT_L_CPT	8.430107526881722	0.10846139796095389
4h	DT_L_CPT	8.451612903225808	0.10931678567531257
4h	DT_L_CPT	8.473118279569894	0.11017421091392307
4h	DT_L_CPT	8.49462365591398	0.11103027612754995
4h	DT_L_CPT	8.516129032258066	0.11188340970016901
4h	DT_L_CPT	8.537634408602152	0.11273070364516652
4h	DT_L_CPT	8.559139784946238	0.1135695544035248
4h	DT_L_CPT	8.580645161290324	0.11439895170264802
4h	DT_L_CPT	8.60215053763441	0.11521711117742481
4h	DT_L_CPT	8.623655913978496	0.11602193920252256
4h	DT_L_CPT	8.645161290322582	0.11681262257936284
4h	DT_L_CPT	8.666666666666668	0.11758831773340306
4h	DT_L_CPT	8.688172043010754	0.11834853722969646
4h	DT_L_CPT	8.70967741935484	0.1190935241883292
4h	DT_L_CPT	8.731182795698926	0.11982362223410409
4h	DT_L_CPT	8.752688172043012	0.12053943333781376
4h	DT_L_CPT	8.774193548387098	0.12124179734233426
4h	DT_L_CPT	8.795698924731184	0.12193239266069592
4h	DT_L_CPT	8.81720430107527	0.12261181126264781
4h	DT_L_CPT	8.838709677419356	0.12328309355714125
4h	DT_L_CPT	8.860215053763442	0.12394642944765591
4h	DT_L_CPT	8.881720430107528	0.12460354868698427
4h	DT_L_CPT	8.903225806451614	0.12525594847967783
4h	DT_L_CPT	8.9247311827957	0.12590520217037915
4h	DT_L_CPT	8.946236559139786	0.12655226173441986
4h	DT_L_CPT	8.967741935483872	0.12719816803626996
4h	DT_L_CPT	8.989247311827958	0.1278439428960537
4h	DT_L_CPT	9.010752688172044	0.12849006218778058
4h	DT_L_CPT	9.03225806451613	0.12913684699253553
4h	DT_L_CPT	9.053763440860216	0.12978450367795702
4h	DT_L_CPT	9.075268817204302	0.13043331501697775
4h	DT_L_CPT	9.096774193548388	0.1310829338759148
4h	DT_L_CPT	9.118279569892474	0.13173347022729667
4h	DT_L_CPT	9.13978494623656	0.13238460468142754
4h	DT_L_CPT	9.161290322580646	0.1330357810774771
4h	DT_L_CPT	9.182795698924732	0.13368678214850352
4h	DT_L_CPT	9.204301075268818	0.13433729916043516
4h	DT_L_CPT	9.225806451612904	0.13498809244435866
4h	DT_L_CPT	9.24731182795699	0.13563825654320597
4h	DT_L_CPT	9.268817204301076	0.13628817166396534
4h	DT_L_CPT	9.290322580645162	0.1369382042832621
4h	DT_L_CPT	9.311827956989248	0.13758891175966803
4h	DT_L_CPT	9.333333333333334	0.1382401629943329
4h	DT_L_CPT	9.35483870967742	0.13889303323476837
4h	DT_L_CPT	9.376344086021506	0.13954819810205432
4h	DT_L_CPT	9.397849462365592	0.14020594327984706
4h	DT_L_CPT	9.419354838709678	0.14086537040518785
4h	DT_L_CPT	9.440860215053764	0.14152736483282993
4h	DT_L_CPT	9.46236559139785	0.14219178402803867
4h	DT_L_CPT	9.483870967741936	0.14285824646733508
4h	DT_L_CPT	9.505376344086022	0.14352459180980678
4h	DT_L_CPT	9.526881720430108	0.14419016857023748
4h	DT_L_CPT	9.548387096774194	0.14485240798285062
4h	DT_L_CPT	9.56989247311828	0.1455097053730684
4h	DT_L_CPT	9.591397849462366	0.14615804026084822
4h	DT_L_CPT	9.612903225806452	0.14679582291800758
4h	DT_L_CPT	9.634408602150538	0.14741915849828585
4h	DT_L_CPT	9.655913978494624	0.14802386835637857
4h	DT_L_CPT	9.67741935483871	0.1486068114677792
4h	DT_L_CPT	9.698924731182796	0.14916344313058738
4h	DT_L_CPT	9.720430107526882	0.14969104413225165
4h	DT_L_CPT	9.741935483870968	0.15018585736913614
4h	DT_L_CPT	9.763440860215054	0.15064416193075894
4h	DT_L_CPT	9.78494623655914	0.15106392238100133
4h	DT_L_CPT	9.806451612903226	0.15144163780861697
4h	DT_L_CPT	9.827956989247312	0.15177601917744213
4h	DT_L_CPT	9.849462365591398	0.15206511171397347
4h	DT_L_CPT	9.870967741935484	0.15230752341130632
4h	DT_L_CPT	9.89247311827957	0.15250269867322158
4h	DT_L_CPT	9.913978494623656	0.1526511221777099
4h	DT_L_CPT	9.935483870967742	0.15275270506756192
4h	DT_L_CPT	9.956989247311828	0.1528085622811323
4h	DT_L_CPT	9.978494623655914	0.1528191270530462
4h	DT_L_CPT	10.0	0.15278704997674258
4h	DT_L_CPT	10.021505376344086	0.15271310751972944
4h	DT_L_CPT	10.043010752688172	0.15259858112130056
4h	DT_L_CPT	10.064516129032258	0.15244714361952244
4h	DT_L_CPT	10.086021505376344	0.15226056318745065
4h	DT_L_CPT	10.107526881720432	0.15203908839650154
4h	DT_L_CPT	10.129032258064518	0.15178623024140353
4h	DT_L_CPT	10.150537634408604	0.15150344613397765
4h	DT_L_CPT	10.17204301075269	0.15119333256826037
4h	DT_L_CPT	10.193548387096776	0.15085682077216128
4h	DT_L_CPT	10.215053763440862	0.15049534212653176
4h	DT_L_CPT	10.236559139784948	0.1501104551446231
4h	DT_L_CPT	10.258064516129034	0.14970301726891108
4h	DT_L_CPT	10.27956989247312	0.14927446962419155
4h	DT_L_CPT	10.301075268817206	0.14882587407744588
4h	DT_L_CPT	10.322580645161292	0.1483577605720186
4h	DT_L_CPT	10.344086021505378	0.14787041465729217
4h	DT_L_CPT	10.365591397849464	0.14736441548282353
4h	DT_L_CPT	10.38709677419355	0.14683935982784757
4h	DT_L_CPT	10.408602150537636	0.14629673840514001
4h	DT_L_CPT	10.430107526881722	0.14573547538588266
4h	DT_L_CPT	10.451612903225808	0.14515526365865142
4h	DT_L_CPT	10.473118279569894	0.14455524069706518
4h	DT_L_CPT	10.49462365591398	0.14393483226206658
4h	DT_L_CPT	10.516129032258066	0.14329279267158151
4h	DT_L_CPT	10.537634408602152	0.1426275047688495
4h	DT_L_CPT	10.559139784946238	0.14193775610294698
4h	DT_L_CPT	10.580645161290324	0.14122112067414405
4h	DT_L_CPT	10.60215053763441	0.14047542146915298
4h	DT_L_CPT	10.623655913978496	0.13969889356920126
4h	DT_L_CPT	10.645161290322582	0.1388898189450469
4h	DT_L_CPT	10.666666666666668	0.13804501119584112
4h	DT_L_CPT	10.688172043010754	0.13716255353374113
4h	DT_L_CPT	10.70967741935484	0.13624067655340277
4h	DT_L_CPT	10.731182795698926	0.13527700455549993
4h	DT_L_CPT	10.752688172043012	0.13427026600770578
4h	DT_L_CPT	10.774193548387098	0.13322012244640252
4h	DT_L_CPT	10.795698924731184	0.13212525150310908
4h	DT_L_CPT	10.81720430107527	0.1309861068387504
4h	DT_L_CPT	10.838709677419356	0.12980258154448876
4h	DT_L_CPT	10.860215053763442	0.12857714882888507
4h	DT_L_CPT	10.881720430107528	0.12731175171705014
4h	DT_L_CPT	10.903225806451614	0.12600863359484712
4h	DT_L_CPT	10.9247311827957	0.12467108001972953
4h	DT_L_CPT	10.946236559139786	0.12330259552858983
4h	DT_L_CPT	10.967741935483872	0.1219079528887536
4h	DT_L_CPT	10.989247311827958	0.12049094825263422
4h	DT_L_CPT	11.010752688172044	0.11905656760056123
4h	DT_L_CPT	11.03225806451613	0.117610173175451
4h	DT_L_CPT	11.053763440860216	0.11615603718239699
4h	DT_L_CPT	11.075268817204302	0.1146981754808521
4h	DT_L_CPT	11.096774193548388	0.11324170849586418
4h	DT_L_CPT	11.118279569892474	0.11179136658019871
4h	DT_L_CPT	11.13978494623656	0.11035034525054684
4h	DT_L_CPT	11.161290322580646	0.10892204675661663
4h	DT_L_CPT	11.182795698924732	0.10750933609007719
4h	DT_L_CPT	11.204301075268818	0.10611454971021801
4h	DT_L_CPT	11.225806451612904	0.1047389108408883
4h	DT_L_CPT	11.24731182795699	0.10338408811403178
4h	DT_L_CPT	11.268817204301076	0.10205085699105616
4h	DT_L_CPT	11.290322580645162	0.10073910932232102
4h	DT_L_CPT	11.311827956989248	0.0994484378421562
4h	DT_L_CPT	11.333333333333334	0.0981785514878464
4h	DT_L_CPT	11.35483870967742	0.09692804318931758
4h	DT_L_CPT	11.376344086021506	0.09569526857230042
4h	DT_L_CPT	11.397849462365592	0.09447926304566705
4h	DT_L_CPT	11.419354838709678	0.09327882694697713
4h	DT_L_CPT	11.440860215053764	0.09209089851838338
4h	DT_L_CPT	11.46236559139785	0.0909140584589514
4h	DT_L_CPT	11.483870967741936	0.08974621239302309
4h	DT_L_CPT	11.505376344086022	0.0885856787939322
4h	DT_L_CPT	11.526881720430108	0.08743010305469585
4h	DT_L_CPT	11.548387096774194	0.08627799139508056
4h	DT_L_CPT	11.56989247311828	0.08512683709076058
4h	DT_L_CPT	11.591397849462366	0.083975442665514
4h	DT_L_CPT	11.612903225806452	0.08282120185398784
4h	DT_L_CPT	11.634408602150538	0.08166305466334998
4h	DT_L_CPT	11.655913978494624	0.08049948117404923
4h	DT_L_CPT	11.67741935483871	0.07932883658241734
4h	DT_L_CPT	11.698924731182796	0.07815003601492752
4h	DT_L_CPT	11.720430107526882	0.07696140406578988
4h	DT_L_CPT	11.741935483870968	0.07576174356606301
4h	DT_L_CPT	11.763440860215054	0.07455137422205854
4h	DT_L_CPT	11.78494623655914	0.07332834903951578
4h	DT_L_CPT	11.806451612903226	0.0720928378735165
4h	DT_L_CPT	11.827956989247312	0.07084469324973251
4h	DT_L_CPT	11.849462365591398	0.06958442971808565
4h	DT_L_CPT	11.870967741935484	0.06831264794243845
4h	DT_L_CPT	11.89247311827957	0.06703027271478999
4h	DT_L_CPT	11.913978494623656	0.0657383444881544
4h	DT_L_CPT	11.935483870967744	0.06443906737666383
4h	DT_L_CPT	11.95698924731183	0.06313416874186673
4h	DT_L_CPT	11.978494623655916	0.06182619080931573
4h	DT_L_CPT	12.000000000000002	0.06051739318954566
4h	DT_L_CPT	12.021505376344088	0.059211703803855945
4h	DT_L_CPT	12.043010752688174	0.05791250877290641
4h	DT_L_CPT	12.06451612903226	0.056622071284521125
4h	DT_L_CPT	12.086021505376346	0.05534415852138216
4h	DT_L_CPT	12.107526881720432	0.054083391625643525
4h	DT_L_CPT	12.129032258064518	0.05284185125097836
4h	DT_L_CPT	12.150537634408604	0.05162278959530353
4h	DT_L_CPT	12.17204301075269	0.05042886957593865
4h	DT_L_CPT	12.193548387096776	0.049263577834480085
4h	DT_L_CPT	12.215053763440862	0.0481288523720031
4h	DT_L_CPT	12.236559139784948	0.04702628668706244
4h	DT_L_CPT	12.258064516129034	0.04595782828763806
4h	DT_L_CPT	12.27956989247312	0.04492395429353405
4h	DT_L_CPT	12.301075268817206	0.0439249129342645
4h	DT_L_CPT	12.322580645161292	0.042960795237082974
4h	DT_L_CPT	12.344086021505378	0.04203167964463981
4h	DT_L_CPT	12.365591397849464	0.041136361871941404
4h	DT_L_CPT	12.38709677419355	0.04027393406058161
4h	DT_L_CPT	12.408602150537636	0.0394423025254373
4h	DT_L_CPT	12.430107526881722	0.03864014241355721
4h	DT_L_CPT	12.451612903225808	0.037865267768919
4h	DT_L_CPT	12.473118279569894	0.03711546519358452
4h	DT_L_CPT	12.49462365591398	0.03638901940674616
4h	DT_L_CPT	12.516129032258066	0.03568347449778071
4h	DT_L_CPT	12.537634408602152	0.03499724350974413
4h	DT_L_CPT	12.559139784946238	0.03432793999835069
4h	DT_L_CPT	12.580645161290324	0.03367357757852328
4h	DT_L_CPT	12.60215053763441	0.033032483358948865
4h	DT_L_CPT	12.623655913978496	0.03240351893512761
4h	DT_L_CPT	12.645161290322582	0.031784906442441654
4h	DT_L_CPT	12.666666666666668	0.031176250706973548
4h	DT_L_CPT	12.688172043010754	0.03057692065764029
4h	DT_L_CPT	12.70967741935484	0.02998545087563811
4h	DT_L_CPT	12.731182795698926	0.029402469755699594
4h	DT_L_CPT	12.752688172043012	0.02882737045865632
4h	DT_L_CPT	12.774193548387098	0.028260038629697427
4h	DT_L_CPT	12.795698924731184	0.027700721395868013
4h	DT_L_CPT	12.81720430107527	0.027149814773649143
4h	DT_L_CPT	12.838709677419356	0.02660769112705243
4h	DT_L_CPT	12.860215053763442	0.02607444464113917
4h	DT_L_CPT	12.881720430107528	0.02555026768722956
4h	DT_L_CPT	12.903225806451614	0.025035592753787906
4h	DT_L_CPT	12.9247311827957	0.02453080802435185
4h	DT_L_CPT	12.946236559139786	0.024036035963561544
4h	DT_L_CPT	12.967741935483872	0.02355145487872544
4h	DT_L_CPT	12.989247311827958	0.02307713968135668
4h	DT_L_CPT	13.010752688172044	0.022612907806576456
4h	DT_L_CPT	13.03225806451613	0.022158556214429255
4h	DT_L_CPT	13.053763440860216	0.021714202674395423
4h	DT_L_CPT	13.075268817204302	0.021279943587822547
4h	DT_L_CPT	13.096774193548388	0.020854772190818497
4h	DT_L_CPT	13.118279569892474	0.02043872830768355
4h	DT_L_CPT	13.13978494623656	0.02003153130188573
4h	DT_L_CPT	13.161290322580646	0.01963252906802377
4h	DT_L_CPT	13.182795698924732	0.01924178336863273
4h	DT_L_CPT	13.204301075268818	0.018858887592816505
4h	DT_L_CPT	13.225806451612904	0.018483791328528277
4h	DT_L_CPT	13.24731182795699	0.018116011420997447
4h	DT_L_CPT	13.268817204301076	0.01775552188215841
4h	DT_L_CPT	13.290322580645162	0.017402388823060434
4h	DT_L_CPT	13.311827956989248	0.0170563051162579
4h	DT_L_CPT	13.333333333333334	0.01671739500879911
4h	DT_L_CPT	13.35483870967742	0.016385736729850515
4h	DT_L_CPT	13.376344086021506	0.016061398414195852
4h	DT_L_CPT	13.397849462365592	0.01574463924899833
4h	DT_L_CPT	13.419354838709678	0.01543547396418793
4h	DT_L_CPT	13.440860215053764	0.015134231333587907
4h	DT_L_CPT	13.46236559139785	0.014840803205646758
4h	DT_L_CPT	13.483870967741936	0.01455564997278665
4h	DT_L_CPT	13.505376344086022	0.014278403877617968
4h	DT_L_CPT	13.526881720430108	0.014009393131846905
4h	DT_L_CPT	13.548387096774194	0.013748748012596195
4h	DT_L_CPT	13.56989247311828	0.01349635261778125
4h	DT_L_CPT	13.591397849462366	0.013251975328664938
4h	DT_L_CPT	13.612903225806452	0.01301534852861505
4h	DT_L_CPT	13.634408602150538	0.012786477557517217
4h	DT_L_CPT	13.655913978494624	0.012564865159580762
4h	DT_L_CPT	13.67741935483871	0.012349899524479319
4h	DT_L_CPT	13.698924731182796	0.01214145607329121
4h	DT_L_CPT	13.720430107526882	0.011938762746616443
4h	DT_L_CPT	13.741935483870968	0.011740960335902904
4h	DT_L_CPT	13.763440860215056	0.01154740930771317
4h	DT_L_CPT	13.784946236559142	0.011357898126398766
4h	DT_L_CPT	13.806451612903228	0.011171412521042857
4h	DT_L_CPT	13.827956989247314	0.010987333594465116
4h	DT_L_CPT	13.8494623655914	0.01080483370182542
4h	DT_L_CPT	13.870967741935486	0.01062352916136983
4h	DT_L_CPT	13.892473118279572	0.010442861923982014
4h	DT_L_CPT	13.913978494623658	0.010262764605614916
4h	DT_L_CPT	13.935483870967744	0.01008271071801671
4h	DT_L_CPT	13.95698924731183	0.009902922581493582
4h	DT_L_CPT	13.978494623655916	0.009723490758348032
4h	DT_L_CPT	14.000000000000002	0.009544566084035712
4h	DT_L_CPT	14.021505376344088	0.00936682481887413
4h	DT_L_CPT	14.043010752688174	0.009190419951420045
4h	DT_L_CPT	14.06451612903226	0.009016461127212971
4h	DT_L_CPT	14.086021505376346	0.008845877868922563
4h	DT_L_CPT	14.107526881720432	0.008679267947857233
4h	DT_L_CPT	14.129032258064518	0.008517356801062902
4h	DT_L_CPT	14.150537634408604	0.008361493236770899
4h	DT_L_CPT	14.17204301075269	0.008212131695025372
4h	DT_L_CPT	14.193548387096776	0.008070062240738321
4h	DT_L_CPT	14.215053763440862	0.00793589349835429
4h	DT_L_CPT	14.236559139784948	0.007810177125242585
4h	DT_L_CPT	14.258064516129034	0.007692953987248383
4h	DT_L_CPT	14.27956989247312	0.007584211266167342
4h	DT_L_CPT	14.301075268817206	0.007483959453943501
4h	DT_L_CPT	14.322580645161292	0.007391710242925861
4h	DT_L_CPT	14.344086021505378	0.0073071493873229365
4h	DT_L_CPT	14.365591397849464	0.007229330196163302
4h	DT_L_CPT	14.38709677419355	0.007157560892867197
4h	DT_L_CPT	14.408602150537636	0.007090707638428471
4h	DT_L_CPT	14.430107526881722	0.007027918213906386
4h	DT_L_CPT	14.451612903225808	0.006968215489038186
4h	DT_L_CPT	14.473118279569894	0.006910330045129068
4h	DT_L_CPT	14.49462365591398	0.006853319946038259
4h	DT_L_CPT	14.516129032258066	0.0067961255737490475
4h	DT_L_CPT	14.537634408602152	0.006738041806183561
4h	DT_L_CPT	14.559139784946238	0.0066783377302603196
4h	DT_L_CPT	14.580645161290324	0.006616506433738129
4h	DT_L_CPT	14.60215053763441	0.006552034349545706
4h	DT_L_CPT	14.623655913978496	0.006484558941510454
4h	DT_L_CPT	14.645161290322582	0.006413958678432163
4h	DT_L_CPT	14.666666666666668	0.006340147044890105
4h	DT_L_CPT	14.688172043010754	0.006263318129298153
4h	DT_L_CPT	14.70967741935484	0.0061838722878104465
4h	DT_L_CPT	14.731182795698926	0.006102013011464814
4h	DT_L_CPT	14.752688172043012	0.006018062636062938
4h	DT_L_CPT	14.774193548387098	0.005932567816952283
4h	DT_L_CPT	14.795698924731184	0.0058460572958376825
4h	DT_L_CPT	14.81720430107527	0.005759008332908962
4h	DT_L_CPT	14.838709677419356	0.005671973377785584
4h	DT_L_CPT	14.860215053763442	0.005585359396694226
4h	DT_L_CPT	14.881720430107528	0.005499855755005368
4h	DT_L_CPT	14.903225806451614	0.005415669405844396
4h	DT_L_CPT	14.9247311827957	0.0053333042829622635
4h	DT_L_CPT	14.946236559139786	0.005252984157521823
4h	DT_L_CPT	14.967741935483872	0.005174755048513836
4h	DT_L_CPT	14.989247311827958	0.00509888502720833
4h	DT_L_CPT	15.010752688172044	0.005025268529438492
4h	DT_L_CPT	15.03225806451613	0.004953864647597493
4h	DT_L_CPT	15.053763440860216	0.004884499992159115
4h	DT_L_CPT	15.075268817204302	0.004816770487534476
4h	DT_L_CPT	15.096774193548388	0.0047505307452200135
4h	DT_L_CPT	15.118279569892474	0.0046851432618069955
4h	DT_L_CPT	15.13978494623656	0.004620492057273113
4h	DT_L_CPT	15.161290322580646	0.00455589616891967
4h	DT_L_CPT	15.182795698924732	0.004490997913262683
4h	DT_L_CPT	15.204301075268818	0.00442523421483337
4h	DT_L_CPT	15.225806451612904	0.004358225428639981
4h	DT_L_CPT	15.24731182795699	0.004289674074874818
4h	DT_L_CPT	15.268817204301076	0.004219256582935441
4h	DT_L_CPT	15.290322580645162	0.00414664290601926
4h	DT_L_CPT	15.311827956989248	0.0040717330225489385
4h	DT_L_CPT	15.333333333333334	0.003994334911354116
4h	DT_L_CPT	15.35483870967742	0.003914498382435666
4h	DT_L_CPT	15.376344086021506	0.00383234794231537
4h	DT_L_CPT	15.397849462365592	0.0037478140925339414
4h	DT_L_CPT	15.419354838709678	0.003661094853395137
4h	DT_L_CPT	15.440860215053764	0.0035726941411874163
4h	DT_L_CPT	15.46236559139785	0.0034826669879561385
4h	DT_L_CPT	15.483870967741936	0.003391480575601374
4h	DT_L_CPT	15.505376344086022	0.00329936591439295
4h	DT_L_CPT	15.526881720430108	0.003206657579383552
4h	DT_L_CPT	15.548387096774194	0.0031136299022175478
4h	DT_L_CPT	15.56989247311828	0.0030207733424042387
4h	DT_L_CPT	15.591397849462366	0.0029283836742728235
4h	DT_L_CPT	15.612903225806454	0.0028369644701481712
4h	DT_L_CPT	15.63440860215054	0.0027466811930221976
4h	DT_L_CPT	15.655913978494626	0.002657950093031864
4h	DT_L_CPT	15.677419354838712	0.0025710978172806677
4h	DT_L_CPT	15.698924731182798	0.002486573251584945
4h	DT_L_CPT	15.720430107526884	0.0024046104329973395
4h	DT_L_CPT	15.74193548387097	0.002325678169954544
4h	DT_L_CPT	15.763440860215056	0.0022500648905351564
4h	DT_L_CPT	15.784946236559142	0.0021780507401029663
4h	DT_L_CPT	15.806451612903228	0.0021101378603423605
4h	DT_L_CPT	15.827956989247314	0.002046535342645668
4h	DT_L_CPT	15.8494623655914	0.0019876988292772146
4h	DT_L_CPT	15.870967741935486	0.0019337487322462327
4h	DT_L_CPT	15.892473118279572	0.0018850766311810413
4h	DT_L_CPT	15.913978494623658	0.0018417159280116715
4h	DT_L_CPT	15.935483870967744	0.0018038135052426357
4h	DT_L_CPT	15.95698924731183	0.0017714507595128711
4h	DT_L_CPT	15.978494623655916	0.0017445622157254152
4h	DT_L_CPT	16.0	0.0017229379577180914
4h	DT_L_CPT	16.021505376344088	0.0017064150486883365
4h	DT_L_CPT	16.043010752688172	0.0016945478352612107
4h	DT_L_CPT	16.06451612903226	0.0016869483746798817
4h	DT_L_CPT	16.086021505376344	0.0016830128341591742
4h	DT_L_CPT	16.107526881720432	0.00168214809976629
4h	DT_L_CPT	16.129032258064516	0.0016836270448556325
4h	DT_L_CPT	16.150537634408604	0.0016867109954686965
4h	DT_L_CPT	16.172043010752688	0.0016906638400883283
4h	DT_L_CPT	16.193548387096776	0.0016946020805789148
4h	DT_L_CPT	16.21505376344086	0.001697805242304249
4h	DT_L_CPT	16.236559139784948	0.0016993725478991538
4h	DT_L_CPT	16.258064516129032	0.0016986418630436984
4h	DT_L_CPT	16.27956989247312	0.0016950240088022947
4h	DT_L_CPT	16.301075268817204	0.0016878114454150239
4h	DT_L_CPT	16.322580645161292	0.0016765385374691575
4h	DT_L_CPT	16.344086021505376	0.0016609002425744855
4h	DT_L_CPT	16.365591397849464	0.0016406162420252131
4h	DT_L_CPT	16.387096774193548	0.001615489028046771
4h	DT_L_CPT	16.408602150537636	0.0015857272934737435
4h	DT_L_CPT	16.43010752688172	0.0015512993194826967
4h	DT_L_CPT	16.451612903225808	0.0015124545540224467
4h	DT_L_CPT	16.473118279569892	0.001469556767337327
4h	DT_L_CPT	16.49462365591398	0.001423057629905637
4h	DT_L_CPT	16.516129032258064	0.0013734468031463387
4h	DT_L_CPT	16.537634408602152	0.0013212180573556858
4h	DT_L_CPT	16.55913978494624	0.0012670208772853936
4h	DT_L_CPT	16.580645161290324	0.0012113731311618535
4h	DT_L_CPT	16.60215053763441	0.0011549716780715888
4h	DT_L_CPT	16.623655913978496	0.0010983634645830406
4h	DT_L_CPT	16.645161290322584	0.0010421247660226088
4h	DT_L_CPT	16.666666666666668	0.0009867008292991917
4h	DT_L_CPT	16.688172043010756	0.0009326390793504066
4h	DT_L_CPT	16.70967741935484	0.000880181577448189
4h	DT_L_CPT	16.731182795698928	0.0008297805221729994
4h	DT_L_CPT	16.752688172043012	0.0007816528284825742
4h	DT_L_CPT	16.7741935483871	0.0007359492682019916
4h	DT_L_CPT	16.795698924731184	0.0006928787245790589
4h	DT_L_CPT	16.81720430107527	0.0006524366894410621
4h	DT_L_CPT	16.838709677419356	0.0006145869730446569
4h	DT_L_CPT	16.860215053763444	0.0005794191173102996
4h	DT_L_CPT	16.881720430107528	0.0005467954737587916
4h	DT_L_CPT	16.903225806451616	0.000516597027350001
4h	DT_L_CPT	16.9247311827957	0.0004887699234999784
4h	DT_L_CPT	16.946236559139788	0.00046312660491030664
4h	DT_L_CPT	16.967741935483872	0.0004396321324269236
4h	DT_L_CPT	16.98924731182796	0.0004180612642076907
4h	DT_L_CPT	17.010752688172044	0.000398315489723005
4h	DT_L_CPT	17.03225806451613	0.00038027878291042763
4h	DT_L_CPT	17.053763440860216	0.0003638824893535757
4h	DT_L_CPT	17.075268817204304	0.0003489491791024262
4h	DT_L_CPT	17.096774193548388	0.0003354591002631627
4h	DT_L_CPT	17.118279569892476	0.00032336906282875414
4h	DT_L_CPT	17.13978494623656	0.0003126247070335638
4h	DT_L_CPT	17.161290322580648	0.00030309647967800986
4h	DT_L_CPT	17.182795698924732	0.00029480726627263687
4h	DT_L_CPT	17.20430107526882	0.00028772372589799334
4h	DT_L_CPT	17.225806451612904	0.0002818422935656896
4h	DT_L_CPT	17.24731182795699	0.00027710150809835866
4h	DT_L_CPT	17.268817204301076	0.00027344927494391935
4h	DT_L_CPT	17.290322580645164	0.0002708900734491712
4h	DT_L_CPT	17.311827956989248	0.0002693624003812286
4h	DT_L_CPT	17.333333333333336	0.0002689112516763548
4h	DT_L_CPT	17.35483870967742	0.00026936932337400334
4h	DT_L_CPT	17.376344086021508	0.0002707541303806491
4h	DT_L_CPT	17.397849462365592	0.00027305622600646884
4h	DT_L_CPT	17.41935483870968	0.00027614139666481795
4h	DT_L_CPT	17.440860215053764	0.0002799520499560627
4h	DT_L_CPT	17.46236559139785	0.00028438884231234184
4h	DT_L_CPT	17.483870967741936	0.0002893712482270767
4h	DT_L_CPT	17.505376344086024	0.000294911631643473
4h	DT_L_CPT	17.526881720430108	0.0003008558977441679
4h	DT_L_CPT	17.548387096774196	0.00030711151705099034
4h	DT_L_CPT	17.56989247311828	0.00031359609514427866
4h	DT_L_CPT	17.591397849462368	0.00032022800376314364
4h	DT_L_CPT	17.612903225806452	0.0003269015673260517
4h	DT_L_CPT	17.63440860215054	0.0003335992633196266
4h	DT_L_CPT	17.655913978494624	0.00034021173511501393
4h	DT_L_CPT	17.67741935483871	0.0003466698666718819
4h	DT_L_CPT	17.698924731182796	0.00035288263035019256
4h	DT_L_CPT	17.720430107526884	0.00035884852489622115
4h	DT_L_CPT	17.741935483870968	0.000364474914389171
4h	DT_L_CPT	17.763440860215056	0.0003697095728831023
4h	DT_L_CPT	17.78494623655914	0.00037450409784492856
4h	DT_L_CPT	17.806451612903228	0.0003788139118065487
4h	DT_L_CPT	17.827956989247312	0.0003825983566949705
4h	DT_L_CPT	17.8494623655914	0.00038582091890969236
4h	DT_L_CPT	17.870967741935484	0.0003884861514220164
4h	DT_L_CPT	17.89247311827957	0.00039048272090499357
4h	DT_L_CPT	17.913978494623656	0.00039185016544308356
4h	DT_L_CPT	17.935483870967744	0.0003925989979636562
4h	DT_L_CPT	17.956989247311828	0.00039268832981271656
4h	DT_L_CPT	17.978494623655916	0.00039212165208285315
4h	DT_L_CPT	18.0	0.000390910850872033
4h	DT_L_CPT	18.021505376344088	0.00038907647971793906
4h	DT_L_CPT	18.043010752688172	0.0003866476674827222
4h	DT_L_CPT	18.06451612903226	0.00038366161103092067
4h	DT_L_CPT	18.086021505376344	0.0003801626325452335
4h	DT_L_CPT	18.107526881720432	0.00037620081681502207
4h	DT_L_CPT	18.129032258064516	0.00037183028103586724
4h	DT_L_CPT	18.150537634408604	0.0003670812571262269
4h	DT_L_CPT	18.172043010752688	0.0003620692289182792
4h	DT_L_CPT	18.193548387096776	0.00035681207473392984
4h	DT_L_CPT	18.21505376344086	0.0003513596116817529
4h	DT_L_CPT	18.236559139784948	0.0003457552887221116
4h	DT_L_CPT	18.258064516129032	0.0003400348173278068
4h	DT_L_CPT	18.27956989247312	0.00033422529371455903
4h	DT_L_CPT	18.301075268817204	0.00032834487701330627
4h	DT_L_CPT	18.322580645161292	0.0003224030436288758
4h	DT_L_CPT	18.344086021505376	0.0003164379396513002
4h	DT_L_CPT	18.365591397849464	0.00031038610176324996
4h	DT_L_CPT	18.38709677419355	0.00030426483635529806
4h	DT_L_CPT	18.408602150537636	0.0002980628713272461
4h	DT_L_CPT	18.430107526881724	0.00029174240657229205
4h	DT_L_CPT	18.451612903225808	0.00028535240580196473
4h	DT_L_CPT	18.473118279569896	0.00027884970283236464
4h	DT_L_CPT	18.49462365591398	0.0002722320470349371
4h	DT_L_CPT	18.516129032258068	0.0002655025998660511
4h	DT_L_CPT	18.537634408602152	0.0002586704924589088
4h	DT_L_CPT	18.55913978494624	0.00025175089044970607
4h	DT_L_CPT	18.580645161290324	0.0002447646019557063
4h	DT_L_CPT	18.60215053763441	0.00023773730092503103
4h	DT_L_CPT	18.623655913978496	0.00023069846577145316
4h	DT_L_CPT	18.645161290322584	0.00022368014992376614
4h	DT_L_CPT	18.666666666666668	0.0002167157054505801
4h	DT_L_CPT	18.688172043010756	0.0002098126655100472
4h	DT_L_CPT	18.70967741935484	0.00020306300554676679
4h	DT_L_CPT	18.731182795698928	0.00019643575560436219
4h	DT_L_CPT	18.752688172043012	0.00019001937258749423
4h	DT_L_CPT	18.7741935483871	0.00018380428820834343
4h	DT_L_CPT	18.795698924731184	0.00017781451012196912
4h	DT_L_CPT	18.81720430107527	0.0001720712736637579
4h	DT_L_CPT	18.838709677419356	0.00016659332840210427
4h	DT_L_CPT	18.860215053763444	0.0001613972274304772
4h	DT_L_CPT	18.881720430107528	0.0001564975364948312
4h	DT_L_CPT	18.903225806451616	0.0001519068913088821
4h	DT_L_CPT	18.9247311827957	0.00014763585153497236
4h	DT_L_CPT	18.946236559139788	0.00014369252664794182
4h	DT_L_CPT	18.967741935483872	0.00014005607154641048
4h	DT_L_CPT	18.98924731182796	0.00013678721334401834
4h	DT_L_CPT	19.010752688172044	0.0001338466861721191
4h	DT_L_CPT	19.03225806451613	0.0001312259094707255
4h	DT_L_CPT	19.053763440860216	0.00012888370564123156
4h	DT_L_CPT	19.075268817204304	0.00012685694819402555
4h	DT_L_CPT	19.096774193548388	0.00012507950643200817
4h	DT_L_CPT	19.118279569892476	0.00012351382159999933
4h	DT_L_CPT	19.13978494623656	0.00012208887138866992
4h	DT_L_CPT	19.161290322580648	0.00012081233959807673
4h	DT_L_CPT	19.182795698924732	0.0001195912536934729
4h	DT_L_CPT	19.20430107526882	0.00011836530186792402
4h	DT_L_CPT	19.225806451612904	0.0001170723616909877
4h	DT_L_CPT	19.24731182795699	0.00011565080182833048
4h	DT_L_CPT	19.268817204301076	0.000114041890238238
4h	DT_L_CPT	19.290322580645164	0.00011219217797691714
4h	DT_L_CPT	19.311827956989248	0.00011005572511495322
4h	DT_L_CPT	19.333333333333336	0.00010759604250274853
4h	DT_L_CPT	19.35483870967742	0.00010478763948643002
4h	DT_L_CPT	19.376344086021508	0.00010161709171182372
4h	DT_L_CPT	19.397849462365592	9.808357284106319e-05
4h	DT_L_CPT	19.41935483870968	9.419882695147539e-05
4h	DT_L_CPT	19.440860215053764	8.996068423509533e-05
4h	DT_L_CPT	19.46236559139785	8.546328714058123e-05
4h	DT_L_CPT	19.483870967741936	8.07149092399329e-05
4h	DT_L_CPT	19.505376344086024	7.57417996222699e-05
4h	DT_L_CPT	19.526881720430108	7.066088719512538e-05
4h	DT_L_CPT	19.548387096774196	6.549693184816493e-05
4h	DT_L_CPT	19.56989247311828	6.031193858875998e-05
4h	DT_L_CPT	19.591397849462368	5.516654533217843e-05
4h	DT_L_CPT	19.612903225806452	5.011813941654025e-05
4h	DT_L_CPT	19.63440860215054	4.5219232913282785e-05
4h	DT_L_CPT	19.655913978494624	4.0516153659541406e-05
4h	DT_L_CPT	19.67741935483871	3.60480862899257e-05
4h	DT_L_CPT	19.698924731182796	3.184647517316647e-05
4h	DT_L_CPT	19.720430107526884	2.793478050573414e-05
4h	DT_L_CPT	19.741935483870968	2.4328561036038978e-05
4h	DT_L_CPT	19.763440860215056	2.1035842804536377e-05
4h	DT_L_CPT	19.78494623655914	1.805772334038234e-05
4h	DT_L_CPT	19.806451612903228	1.5389155056954426e-05
4h	DT_L_CPT	19.827956989247312	1.3019849927119517e-05
4h	DT_L_CPT	19.8494623655914	1.0935249431733314e-05
4h	DT_L_CPT	19.870967741935484	9.09160080915845e-06
4h	DT_L_CPT	19.89247311827957	7.528220292418733e-06
4h	DT_L_CPT	19.913978494623656	6.187719680399341e-06
4h	DT_L_CPT	19.935483870967744	5.048417854287848e-06
4h	DT_L_CPT	19.956989247311828	4.088521713523874e-06
4h	DT_L_CPT	19.978494623655916	3.2867273181055776e-06
4h	DT_L_CPT	20.0	2.622692605996735e-06
4h	DT_L_CPT	20.021505376344088	2.077387244267362e-06
4h	DT_L_CPT	20.043010752688172	1.669877924138902e-06
4h	DT_L_CPT	20.06451612903226	1.3259037930815383e-06
4h	DT_L_CPT	20.086021505376344	1.05865641255596e-06
4h	DT_L_CPT	20.107526881720432	8.575330080984864e-07
4h	DT_L_CPT	20.129032258064516	7.14067418519878e-07
4h	DT_L_CPT	20.150537634408604	6.219289098014908e-07
4h	DT_L_CPT	20.172043010752688	5.769094461785e-07
4h	DT_L_CPT	20.193548387096776	5.769094461785e-07
4h	DT_L_CPT	20.215053763440864	6.219289098014908e-07
4h	DT_L_CPT	20.236559139784948	7.14067418519878e-07
4h	DT_L_CPT	20.258064516129036	8.575330080984864e-07
4h	DT_L_CPT	20.27956989247312	1.05865641255596e-06
4h	DT_L_CPT	20.301075268817208	1.3259037930815383e-06
4h	DT_L_CPT	20.322580645161292	1.669877924138902e-06
4h	DT_L_CPT	20.34408602150538	2.077387244267362e-06
4h	DT_L_CPT	20.365591397849464	2.622692605996735e-06
4h	DT_L_CPT	20.38709677419355	3.2867273181055776e-06
4h	DT_L_CPT	20.408602150537636	4.088521713523874e-06
4h	DT_L_CPT	20.430107526881724	5.048417854287848e-06
4h	DT_L_CPT	20.451612903225808	6.187719680399341e-06
4h	DT_L_CPT	20.473118279569896	7.528220292418733e-06
4h	DT_L_CPT	20.49462365591398	9.09160080915845e-06
4h	DT_L_CPT	20.516129032258068	1.0898701288465551e-05
4h	DT_L_CPT	20.537634408602152	1.296867157117362e-05
4h	DT_L_CPT	20.55913978494624	1.5318018360374132e-05
4h	DT_L_CPT	20.580645161290324	1.7959573994786623e-05
4h	DT_L_CPT	20.60215053763441	2.0901421695469297e-05
4h	DT_L_CPT	20.623655913978496	2.4145820921960563e-05
4h	DT_L_CPT	20.645161290322584	2.7688184146438552e-05
4h	DT_L_CPT	20.666666666666668	3.151616208628357e-05
4h	DT_L_CPT	20.688172043010756	3.560889749420263e-05
4h	DT_L_CPT	20.70967741935484	3.993650735008861e-05
4h	DT_L_CPT	20.731182795698928	4.445984925078002e-05
4h	DT_L_CPT	20.752688172043012	4.9130619700564585e-05
4h	DT_L_CPT	20.7741935483871	5.3891819895042785e-05
4h	DT_L_CPT	20.795698924731184	5.8678608807888844e-05
4h	DT_L_CPT	20.81720430107527	6.341954460389757e-05
4h	DT_L_CPT	20.838709677419356	6.803819458912864e-05
4h	DT_L_CPT	20.860215053763444	7.245507230416433e-05
4h	DT_L_CPT	20.881720430107528	7.658983938314126e-05
4h	DT_L_CPT	20.903225806451616	8.036369093034748e-05
4h	DT_L_CPT	20.9247311827957	8.370182785811571e-05
4h	DT_L_CPT	20.946236559139788	8.653590917019318e-05
4h	DT_L_CPT	20.967741935483872	8.880637256689176e-05
4h	DT_L_CPT	20.98924731182796	9.046451361269946e-05
4h	DT_L_CPT	21.010752688172044	9.14742222103651e-05
4h	DT_L_CPT	21.03225806451613	9.18132899464244e-05
4h	DT_L_CPT	21.053763440860216	9.14742222103651e-05
4h	DT_L_CPT	21.075268817204304	9.046451361269946e-05
4h	DT_L_CPT	21.096774193548388	8.880637256689176e-05
4h	DT_L_CPT	21.118279569892476	8.653590917019318e-05
4h	DT_L_CPT	21.13978494623656	8.370182785811571e-05
4h	DT_L_CPT	21.161290322580648	8.036369093034748e-05
4h	DT_L_CPT	21.182795698924732	7.658983938314126e-05
4h	DT_L_CPT	21.20430107526882	7.245507230416433e-05
4h	DT_L_CPT	21.225806451612904	6.803819458912864e-05
4h	DT_L_CPT	21.24731182795699	6.341954460389757e-05
4h	DT_L_CPT	21.268817204301076	5.8678608807888844e-05
4h	DT_L_CPT	21.290322580645164	5.3891819895042785e-05
4h	DT_L_CPT	21.311827956989248	4.9130619700564585e-05
4h	DT_L_CPT	21.333333333333336	4.445984925078002e-05
4h	DT_L_CPT	21.35483870967742	3.993650735008861e-05
4h	DT_L_CPT	21.376344086021508	3.560889749420263e-05
4h	DT_L_CPT	21.397849462365592	3.151616208628357e-05
4h	DT_L_CPT	21.41935483870968	2.7688184146438552e-05
4h	DT_L_CPT	21.440860215053764	2.4145820921960563e-05
4h	DT_L_CPT	21.46236559139785	2.0901421695469297e-05
4h	DT_L_CPT	21.483870967741936	1.7959573994786623e-05
4h	DT_L_CPT	21.505376344086024	1.5318018360374132e-05
4h	DT_L_CPT	21.526881720430108	1.296867157117362e-05
4h	DT_L_CPT	21.548387096774196	1.0898701288465551e-05
4h	DT_L_CPT	21.56989247311828	9.09160080915845e-06
4h	DT_L_CPT	21.591397849462368	7.528220292418733e-06
4h	DT_L_CPT	21.612903225806452	6.187719680399341e-06
4h	DT_L_CPT	21.63440860215054	5.048417854287848e-06
4h	DT_L_CPT	21.655913978494624	4.088521713523874e-06
4h	DT_L_CPT	21.67741935483871	3.2867273181055776e-06
4h	DT_L_CPT	21.698924731182796	2.622692605996735e-06
4h	DT_L_CPT	21.720430107526884	2.077387244267362e-06
4h	DT_L_CPT	21.741935483870968	1.6333297808711392e-06
4h	DT_L_CPT	21.763440860215056	1.2747254371356393e-06
4h	DT_L_CPT	21.78494623655914	9.875197159756667e-07
4h	DT_L_CPT	21.806451612903228	7.59383662502772e-07
4h	DT_L_CPT	21.827956989247312	5.796463094527962e-07
4h	DT_L_CPT	21.8494623655914	4.39188795723078e-07
4h	DT_L_CPT	21.870967741935484	3.303130868829108e-07
4h	DT_L_CPT	21.89247311827957	2.465963592955893e-07
4h	DT_L_CPT	21.913978494623656	1.8274011407841285e-07
4h	DT_L_CPT	21.935483870967744	1.344211090670817e-07
4h	DT_L_CPT	21.956989247311828	9.814934559571432e-08
4h	DT_L_CPT	21.978494623655916	7.113669658029362e-08
4h	DT_L_CPT	22.0	5.117835594589892e-08
4h	D_H_CPT	0.0	0.013488908032380247
4h	D_H_CPT	0.021505376344086023	0.013483941718355229
4h	D_H_CPT	0.043010752688172046	0.013391245923912332
4h	D_H_CPT	0.06451612903225806	0.01321585434047429
4h	D_H_CPT	0.08602150537634409	0.012965150238248922
4h	D_H_CPT	0.10752688172043012	0.012648635241282884
4h	D_H_CPT	0.12903225806451613	0.012277568366811558
4h	D_H_CPT	0.15053763440860216	0.011864828800780053
4h	D_H_CPT	0.17204301075268819	0.011424435305625109
4h	D_H_CPT	0.19354838709677422	0.010971165615114799
4h	D_H_CPT	0.21505376344086025	0.010520126803883832
4h	D_H_CPT	0.23655913978494625	0.010086353591703805
4h	D_H_CPT	0.25806451612903225	0.009684316716454209
4h	D_H_CPT	0.2795698924731183	0.009332110142640168
4h	D_H_CPT	0.3010752688172043	0.009036904772567626
4h	D_H_CPT	0.32258064516129037	0.00880878080441517
4h	D_H_CPT	0.34408602150537637	0.008658254762769544
4h	D_H_CPT	0.3655913978494624	0.008591955259511614
4h	D_H_CPT	0.38709677419354843	0.00861430409138852
4h	D_H_CPT	0.40860215053763443	0.008727202629505772
4h	D_H_CPT	0.4301075268817205	0.008930211944339324
4h	D_H_CPT	0.4516129032258065	0.009220485470014556
4h	D_H_CPT	0.4731182795698925	0.009592983008407665
4h	D_H_CPT	0.49462365591397855	0.010040391104642221
4h	D_H_CPT	0.5161290322580645	0.010553734358880636
4h	D_H_CPT	0.5376344086021506	0.011122498518476097
4h	D_H_CPT	0.5591397849462366	0.011734912157425656
4h	D_H_CPT	0.5806451612903226	0.012378531065940362
4h	D_H_CPT	0.6021505376344086	0.013040559456241748
4h	D_H_CPT	0.6236559139784946	0.013708322785284138
4h	D_H_CPT	0.6451612903225807	0.01437044388428934
4h	D_H_CPT	0.6666666666666667	0.015021328785061615
4h	D_H_CPT	0.6881720430107527	0.015641059705579684
4h	D_H_CPT	0.7096774193548387	0.016226647691300958
4h	D_H_CPT	0.7311827956989247	0.01677228636030669
4h	D_H_CPT	0.7526881720430109	0.017274457977907217
4h	D_H_CPT	0.7741935483870969	0.017731974434030812
4h	D_H_CPT	0.7956989247311829	0.018145714667413597
4h	D_H_CPT	0.8172043010752689	0.018518893072554946
4h	D_H_CPT	0.8387096774193549	0.018856474522376467
4h	D_H_CPT	0.860215053763441	0.0191650871975998
4h	D_H_CPT	0.881720430107527	0.019452517302837938
4h	D_H_CPT	0.903225806451613	0.019727287804023014
4h	D_H_CPT	0.924731182795699	0.019998218325478174
4h	D_H_CPT	0.946236559139785	0.020276301856164074
4h	D_H_CPT	0.967741935483871	0.020570227203484854
4h	D_H_CPT	0.9892473118279571	0.020881037007769308
4h	D_H_CPT	1.010752688172043	0.021214139848059494
4h	D_H_CPT	1.032258064516129	0.021582038546776632
4h	D_H_CPT	1.0537634408602152	0.021981962096211827
4h	D_H_CPT	1.0752688172043012	0.022414565753157308
4h	D_H_CPT	1.0967741935483872	0.022878756217469168
4h	D_H_CPT	1.1182795698924732	0.023371935297738688
4h	D_H_CPT	1.1397849462365592	0.023890389354651414
4h	D_H_CPT	1.1612903225806452	0.024429089083738913
4h	D_H_CPT	1.1827956989247312	0.024982875017261104
4h	D_H_CPT	1.2043010752688172	0.02555223572030003
4h	D_H_CPT	1.2258064516129032	0.026121237586034043
4h	D_H_CPT	1.2473118279569892	0.026689453989075615
4h	D_H_CPT	1.2688172043010755	0.027252687186991476
4h	D_H_CPT	1.2903225806451615	0.027807577558560073
4h	D_H_CPT	1.3118279569892475	0.02835180854636497
4h	D_H_CPT	1.3333333333333335	0.028884266607212092
4h	D_H_CPT	1.3548387096774195	0.029404797619063488
4h	D_H_CPT	1.3763440860215055	0.02991412338109495
4h	D_H_CPT	1.3978494623655915	0.03041447847156681
4h	D_H_CPT	1.4193548387096775	0.030912263791394372
4h	D_H_CPT	1.4408602150537635	0.03140186486101007
4h	D_H_CPT	1.4623655913978495	0.03188990734572571
4h	D_H_CPT	1.4838709677419355	0.03237897454500451
4h	D_H_CPT	1.5053763440860217	0.03287164490834649
4h	D_H_CPT	1.5268817204301077	0.03336989359878769
4h	D_H_CPT	1.5483870967741937	0.033875378503890684
4h	D_H_CPT	1.5698924731182797	0.03438905151712365
4h	D_H_CPT	1.5913978494623657	0.034916314827610255
4h	D_H_CPT	1.6129032258064517	0.035449179636925565
4h	D_H_CPT	1.6344086021505377	0.0359904577181258
4h	D_H_CPT	1.6559139784946237	0.03653944782629144
4h	D_H_CPT	1.6774193548387097	0.03709487604321021
4h	D_H_CPT	1.6989247311827957	0.03765538793776995
4h	D_H_CPT	1.720430107526882	0.03821950319796481
4h	D_H_CPT	1.741935483870968	0.038786346791476335
4h	D_H_CPT	1.763440860215054	0.03935827538936894
4h	D_H_CPT	1.78494623655914	0.0399216211243435
4h	D_H_CPT	1.806451612903226	0.04048812292724589
4h	D_H_CPT	1.827956989247312	0.04105065524859707
4h	D_H_CPT	1.849462365591398	0.04160809942355903
4h	D_H_CPT	1.870967741935484	0.04215913970874254
4h	D_H_CPT	1.89247311827957	0.04270497450950093
4h	D_H_CPT	1.913978494623656	0.04324397327439326
4h	D_H_CPT	1.935483870967742	0.043771311579492114
4h	D_H_CPT	1.9569892473118282	0.044288199338589705
4h	D_H_CPT	1.9784946236559142	0.044793655505206184
4h	D_H_CPT	2.0	0.04528683678973508
4h	D_H_CPT	2.021505376344086	0.045767567613788564
4h	D_H_CPT	2.043010752688172	0.04623850966415289
4h	D_H_CPT	2.064516129032258	0.0466924858400194
4h	D_H_CPT	2.0860215053763445	0.04713249058090639
4h	D_H_CPT	2.1075268817204305	0.04755856185750538
4h	D_H_CPT	2.1290322580645165	0.047971201021502825
4h	D_H_CPT	2.1505376344086025	0.048374937927173546
4h	D_H_CPT	2.1720430107526885	0.04876484086251728
4h	D_H_CPT	2.1935483870967745	0.0491444844760044
4h	D_H_CPT	2.2150537634408605	0.049515772400394766
4h	D_H_CPT	2.2365591397849465	0.04988063116535712
4h	D_H_CPT	2.2580645161290325	0.0502433532902122
4h	D_H_CPT	2.2795698924731185	0.05060174242332798
4h	D_H_CPT	2.3010752688172045	0.050961982204594705
4h	D_H_CPT	2.3225806451612905	0.05132757276245861
4h	D_H_CPT	2.3440860215053765	0.05169865181056071
4h	D_H_CPT	2.3655913978494625	0.052081362053991005
4h	D_H_CPT	2.3870967741935485	0.0524721383053361
4h	D_H_CPT	2.4086021505376345	0.05287525596020654
4h	D_H_CPT	2.4301075268817205	0.05329264055602606
4h	D_H_CPT	2.4516129032258065	0.05372556639074993
4h	D_H_CPT	2.4731182795698925	0.05417882406446821
4h	D_H_CPT	2.4946236559139785	0.05464636609838512
4h	D_H_CPT	2.5161290322580645	0.05513098022893646
4h	D_H_CPT	2.537634408602151	0.055632038444810974
4h	D_H_CPT	2.559139784946237	0.05615152870018381
4h	D_H_CPT	2.580645161290323	0.05668306076707137
4h	D_H_CPT	2.602150537634409	0.05722672389675045
4h	D_H_CPT	2.623655913978495	0.05778005311493524
4h	D_H_CPT	2.645161290322581	0.058343131151061677
4h	D_H_CPT	2.666666666666667	0.058903532731555915
4h	D_H_CPT	2.688172043010753	0.05947051099105009
4h	D_H_CPT	2.709677419354839	0.06003387071652631
4h	D_H_CPT	2.731182795698925	0.06059321860682762
4h	D_H_CPT	2.752688172043011	0.06113959899586868
4h	D_H_CPT	2.774193548387097	0.06167176107706254
4h	D_H_CPT	2.795698924731183	0.06218892005888879
4h	D_H_CPT	2.817204301075269	0.06268354057263444
4h	D_H_CPT	2.838709677419355	0.06315456865526894
4h	D_H_CPT	2.860215053763441	0.06359953294238559
4h	D_H_CPT	2.881720430107527	0.0640179929587709
4h	D_H_CPT	2.903225806451613	0.06440507602890083
4h	D_H_CPT	2.924731182795699	0.06476088114456369
4h	D_H_CPT	2.946236559139785	0.0650856703453262
4h	D_H_CPT	2.967741935483871	0.06537567173357266
4h	D_H_CPT	2.9892473118279574	0.06563825850460567
4h	D_H_CPT	3.0107526881720434	0.06587226856143388
4h	D_H_CPT	3.0322580645161294	0.06607459702200287
4h	D_H_CPT	3.0537634408602155	0.06624888018164375
4h	D_H_CPT	3.0752688172043015	0.0663990779699524
4h	D_H_CPT	3.0967741935483875	0.06652402026385
4h	D_H_CPT	3.1182795698924735	0.06662758547014312
4h	D_H_CPT	3.1397849462365595	0.06671403994520744
4h	D_H_CPT	3.1612903225806455	0.06678293772977788
4h	D_H_CPT	3.1827956989247315	0.06683938707443393
4h	D_H_CPT	3.2043010752688175	0.06687955702164489
4h	D_H_CPT	3.2258064516129035	0.06691619489312217
4h	D_H_CPT	3.2473118279569895	0.06694766152398629
4h	D_H_CPT	3.2688172043010755	0.06697215472848977
4h	D_H_CPT	3.2903225806451615	0.06699369805085514
4h	D_H_CPT	3.3118279569892475	0.0670131433129466
4h	D_H_CPT	3.3333333333333335	0.06703017128947436
4h	D_H_CPT	3.3548387096774195	0.06704813370307618
4h	D_H_CPT	3.3763440860215055	0.06706375783583209
4h	D_H_CPT	3.3978494623655915	0.06707982065631236
4h	D_H_CPT	3.4193548387096775	0.06708999063194489
4h	D_H_CPT	3.440860215053764	0.06710384252102342
4h	D_H_CPT	3.46236559139785	0.06711421457105778
4h	D_H_CPT	3.483870967741936	0.06712014564400055
4h	D_H_CPT	3.505376344086022	0.0671223157297382
4h	D_H_CPT	3.526881720430108	0.06711669600441014
4h	D_H_CPT	3.548387096774194	0.06710527017054611
4h	D_H_CPT	3.56989247311828	0.06708387138341773
4h	D_H_CPT	3.591397849462366	0.06705089686584592
4h	D_H_CPT	3.612903225806452	0.06701127586379832
4h	D_H_CPT	3.634408602150538	0.06696246865759259
4h	D_H_CPT	3.655913978494624	0.06690187270387785
4h	D_H_CPT	3.67741935483871	0.06683210770506177
4h	D_H_CPT	3.698924731182796	0.0667517038677
4h	D_H_CPT	3.720430107526882	0.06666343191241618
4h	D_H_CPT	3.741935483870968	0.06656698568422477
4h	D_H_CPT	3.763440860215054	0.06646039541475542
4h	D_H_CPT	3.78494623655914	0.06635543303460711
4h	D_H_CPT	3.806451612903226	0.0662464009658891
4h	D_H_CPT	3.827956989247312	0.06613800769004904
4h	D_H_CPT	3.849462365591398	0.06603001176746288
4h	D_H_CPT	3.870967741935484	0.06592619848631638
4h	D_H_CPT	3.89247311827957	0.0658270751862875
4h	D_H_CPT	3.9139784946236564	0.06573402702308204
4h	D_H_CPT	3.9354838709677424	0.06565408167779106
4h	D_H_CPT	3.9569892473118284	0.06558524399682701
4h	D_H_CPT	3.9784946236559144	0.06552715183124103
4h	D_H_CPT	4.0	0.06548274354676138
4h	D_H_CPT	4.021505376344086	0.0654517069540434
4h	D_H_CPT	4.043010752688172	0.06543137082805735
4h	D_H_CPT	4.064516129032258	0.06543016327683981
4h	D_H_CPT	4.086021505376344	0.06544270046260732
4h	D_H_CPT	4.10752688172043	0.06546798028209866
4h	D_H_CPT	4.129032258064516	0.06550691447923802
4h	D_H_CPT	4.150537634408603	0.06555547944110762
4h	D_H_CPT	4.172043010752689	0.06561866887343355
4h	D_H_CPT	4.193548387096775	0.0656916153573507
4h	D_H_CPT	4.215053763440861	0.06577442594749246
4h	D_H_CPT	4.236559139784947	0.0658653298882936
4h	D_H_CPT	4.258064516129033	0.06596130219514372
4h	D_H_CPT	4.279569892473119	0.06606316527121514
4h	D_H_CPT	4.301075268817205	0.06617131358288633
4h	D_H_CPT	4.322580645161291	0.06628283806492047
4h	D_H_CPT	4.344086021505377	0.06639688758989618
4h	D_H_CPT	4.365591397849463	0.06650922837543821
4h	D_H_CPT	4.387096774193549	0.06662459023030405
4h	D_H_CPT	4.408602150537635	0.06673905312537451
4h	D_H_CPT	4.430107526881721	0.06685122523095964
4h	D_H_CPT	4.451612903225807	0.06696001623500893
4h	D_H_CPT	4.473118279569893	0.06706227178962884
4h	D_H_CPT	4.494623655913979	0.06716341415862037
4h	D_H_CPT	4.516129032258065	0.06725856217479001
4h	D_H_CPT	4.537634408602151	0.06734704279493847
4h	D_H_CPT	4.559139784946237	0.06742590546284224
4h	D_H_CPT	4.580645161290323	0.06749922268026026
4h	D_H_CPT	4.602150537634409	0.06756323028494987
4h	D_H_CPT	4.623655913978495	0.06761790916587612
4h	D_H_CPT	4.645161290322581	0.06765974852381951
4h	D_H_CPT	4.666666666666667	0.06769444749952482
4h	D_H_CPT	4.688172043010753	0.06771844525197525
4h	D_H_CPT	4.709677419354839	0.06773167825144616
4h	D_H_CPT	4.731182795698925	0.06773220767710969
4h	D_H_CPT	4.752688172043011	0.06772555286855715
4h	D_H_CPT	4.774193548387097	0.06770859540957598
4h	D_H_CPT	4.795698924731183	0.06768065833737312
4h	D_H_CPT	4.817204301075269	0.0676466835437921
4h	D_H_CPT	4.838709677419355	0.06760545073459245
4h	D_H_CPT	4.860215053763441	0.06755845515054558
4h	D_H_CPT	4.881720430107527	0.06750619806358038
4h	D_H_CPT	4.903225806451613	0.06745242007634436
4h	D_H_CPT	4.924731182795699	0.06739705107137028
4h	D_H_CPT	4.946236559139785	0.0673405896250202
4h	D_H_CPT	4.967741935483871	0.06728840370002093
4h	D_H_CPT	4.989247311827957	0.06723965905857994
4h	D_H_CPT	5.010752688172043	0.06719394647329688
4h	D_H_CPT	5.032258064516129	0.06715825755099115
4h	D_H_CPT	5.053763440860216	0.06712989836719156
4h	D_H_CPT	5.075268817204302	0.06710972456422368
4h	D_H_CPT	5.096774193548388	0.0671013061846698
4h	D_H_CPT	5.118279569892474	0.06710381054849718
4h	D_H_CPT	5.13978494623656	0.06711627693063656
4h	D_H_CPT	5.161290322580646	0.06714174085017843
4h	D_H_CPT	5.182795698924732	0.06717793590989747
4h	D_H_CPT	5.204301075268818	0.06722566039108631
4h	D_H_CPT	5.225806451612904	0.06728394826486962
4h	D_H_CPT	5.24731182795699	0.06734954773100023
4h	D_H_CPT	5.268817204301076	0.0674242547060498
4h	D_H_CPT	5.290322580645162	0.0675042780471939
4h	D_H_CPT	5.311827956989248	0.06758740183526459
4h	D_H_CPT	5.333333333333334	0.06767341648590597
4h	D_H_CPT	5.35483870967742	0.06775698184140451
4h	D_H_CPT	5.376344086021506	0.06783920225537199
4h	D_H_CPT	5.397849462365592	0.06791421852108517
4h	D_H_CPT	5.419354838709678	0.06798291533104393
4h	D_H_CPT	5.440860215053764	0.06804006350302583
4h	D_H_CPT	5.46236559139785	0.0680849446263169
4h	D_H_CPT	5.483870967741936	0.0681149369397625
4h	D_H_CPT	5.505376344086022	0.06812662356459262
4h	D_H_CPT	5.526881720430108	0.06812220539947723
4h	D_H_CPT	5.548387096774194	0.068096968558968
4h	D_H_CPT	5.56989247311828	0.06805319407268423
4h	D_H_CPT	5.591397849462366	0.06798834175625326
4h	D_H_CPT	5.612903225806452	0.06790458052379185
4h	D_H_CPT	5.634408602150538	0.06780085105954517
4h	D_H_CPT	5.655913978494624	0.06768065106185593
4h	D_H_CPT	5.67741935483871	0.06754329093713582
4h	D_H_CPT	5.698924731182796	0.06739302405182325
4h	D_H_CPT	5.720430107526882	0.06723058018297821
4h	D_H_CPT	5.741935483870968	0.06706047187592308
4h	D_H_CPT	5.763440860215054	0.0668863271078125
4h	D_H_CPT	5.78494623655914	0.06670997909083215
4h	D_H_CPT	5.806451612903226	0.06653699719520638
4h	D_H_CPT	5.827956989247312	0.06636883947152902
4h	D_H_CPT	5.849462365591398	0.06621156441469477
4h	D_H_CPT	5.870967741935484	0.0660667133703353
4h	D_H_CPT	5.89247311827957	0.06593799866579542
4h	D_H_CPT	5.913978494623656	0.06583084618108907
4h	D_H_CPT	5.935483870967742	0.0657459259509586
4h	D_H_CPT	5.956989247311828	0.065686435081441
4h	D_H_CPT	5.978494623655915	0.06565590904343824
4h	D_H_CPT	6.000000000000001	0.06565471454649367
4h	D_H_CPT	6.021505376344087	0.06568459676007833
4h	D_H_CPT	6.043010752688173	0.06574766776234098
4h	D_H_CPT	6.064516129032259	0.06584300716958132
4h	D_H_CPT	6.086021505376345	0.06597133025635045
4h	D_H_CPT	6.107526881720431	0.06613343142349747
4h	D_H_CPT	6.129032258064517	0.06632680462948663
4h	D_H_CPT	6.150537634408603	0.06655200014027962
4h	D_H_CPT	6.172043010752689	0.06680737318678548
4h	D_H_CPT	6.193548387096775	0.06709264459082598
4h	D_H_CPT	6.215053763440861	0.06740385580679287
4h	D_H_CPT	6.236559139784947	0.06774055353393857
4h	D_H_CPT	6.258064516129033	0.06810100258138671
4h	D_H_CPT	6.279569892473119	0.06848254601361163
4h	D_H_CPT	6.301075268817205	0.06888264265770619
4h	D_H_CPT	6.322580645161291	0.06929893558202167
4h	D_H_CPT	6.344086021505377	0.06972877162616381
4h	D_H_CPT	6.365591397849463	0.07017013427823507
4h	D_H_CPT	6.387096774193549	0.0706207472052897
4h	D_H_CPT	6.408602150537635	0.0710773012273429
4h	D_H_CPT	6.430107526881721	0.07153809480137825
4h	D_H_CPT	6.451612903225807	0.07200017974773254
4h	D_H_CPT	6.473118279569893	0.07246078736044625
4h	D_H_CPT	6.494623655913979	0.07291835111291838
4h	D_H_CPT	6.516129032258065	0.07337052496630972
4h	D_H_CPT	6.537634408602151	0.07381562769899856
4h	D_H_CPT	6.559139784946237	0.07425224607565008
4h	D_H_CPT	6.580645161290323	0.07467962776666327
4h	D_H_CPT	6.602150537634409	0.07509624527488663
4h	D_H_CPT	6.623655913978495	0.07550184487870393
4h	D_H_CPT	6.645161290322581	0.07589635526928022
4h	D_H_CPT	6.666666666666667	0.07627959468916165
4h	D_H_CPT	6.688172043010753	0.07665212723834688
4h	D_H_CPT	6.709677419354839	0.07701474942227074
4h	D_H_CPT	6.731182795698925	0.07736823487340785
4h	D_H_CPT	6.752688172043011	0.07771390091421054
4h	D_H_CPT	6.774193548387097	0.07805292545220809
4h	D_H_CPT	6.795698924731183	0.07838554519994001
4h	D_H_CPT	6.817204301075269	0.07871411595752933
4h	D_H_CPT	6.838709677419355	0.07903821874702871
4h	D_H_CPT	6.860215053763441	0.07935864351822462
4h	D_H_CPT	6.881720430107528	0.07967590284440097
4h	D_H_CPT	6.903225806451614	0.07999133330025318
4h	D_H_CPT	6.9247311827957	0.08030391556015615
4h	D_H_CPT	6.946236559139786	0.0806137242561566
4h	D_H_CPT	6.967741935483872	0.08092058687696306
4h	D_H_CPT	6.989247311827958	0.08122419202608773
4h	D_H_CPT	7.010752688172044	0.08152400934955138
4h	D_H_CPT	7.03225806451613	0.08181973577176643
4h	D_H_CPT	7.053763440860216	0.08211220488380484
4h	D_H_CPT	7.075268817204302	0.08240037247624689
4h	D_H_CPT	7.096774193548388	0.08268633050595628
4h	D_H_CPT	7.118279569892474	0.08296988570345135
4h	D_H_CPT	7.13978494623656	0.08325266722722152
4h	D_H_CPT	7.161290322580646	0.08353702695385712
4h	D_H_CPT	7.182795698924732	0.08382417431325649
4h	D_H_CPT	7.204301075268818	0.08411740667427876
4h	D_H_CPT	7.225806451612904	0.0844196987268193
4h	D_H_CPT	7.24731182795699	0.08473376058956335
4h	D_H_CPT	7.268817204301076	0.08506304176921435
4h	D_H_CPT	7.290322580645162	0.08540991626172328
4h	D_H_CPT	7.311827956989248	0.08577868217001341
4h	D_H_CPT	7.333333333333334	0.08617073232161793
4h	D_H_CPT	7.35483870967742	0.08658876185741302
4h	D_H_CPT	7.376344086021506	0.08703559399799858
4h	D_H_CPT	7.397849462365592	0.08751238841413027
4h	D_H_CPT	7.419354838709678	0.08801944460064876
4h	D_H_CPT	7.440860215053764	0.08855807325420743
4h	D_H_CPT	7.46236559139785	0.0891281709299113
4h	D_H_CPT	7.483870967741936	0.08972911610931303
4h	D_H_CPT	7.505376344086022	0.09035982718007828
4h	D_H_CPT	7.526881720430108	0.09101830137622555
4h	D_H_CPT	7.548387096774194	0.09170395398428623
4h	D_H_CPT	7.56989247311828	0.0924141103788203
4h	D_H_CPT	7.591397849462366	0.09314692116866526
4h	D_H_CPT	7.612903225806452	0.09390027448798599
4h	D_H_CPT	7.634408602150538	0.094671581590861
4h	D_H_CPT	7.655913978494624	0.0954595298747894
4h	D_H_CPT	7.67741935483871	0.09626188167746978
4h	D_H_CPT	7.698924731182796	0.09707670826889286
4h	D_H_CPT	7.720430107526882	0.09790278312282534
4h	D_H_CPT	7.741935483870968	0.09873817506248454
4h	D_H_CPT	7.763440860215054	0.09958189689328958
4h	D_H_CPT	7.78494623655914	0.10043224668347069
4h	D_H_CPT	7.806451612903227	0.10128834891433458
4h	D_H_CPT	7.827956989247313	0.10214899825927853
4h	D_H_CPT	7.849462365591399	0.10301231317120012
4h	D_H_CPT	7.870967741935485	0.10387696432302267
4h	D_H_CPT	7.892473118279571	0.10474134106704405
4h	D_H_CPT	7.913978494623657	0.10560246396728182
4h	D_H_CPT	7.935483870967743	0.10645817935128622
4h	D_H_CPT	7.956989247311829	0.10730669823832638
4h	D_H_CPT	7.978494623655915	0.10814411516251413
4h	D_H_CPT	8.0	0.10896655626512948
4h	D_H_CPT	8.021505376344086	0.10977102480464404
4h	D_H_CPT	8.043010752688172	0.11055377658611176
4h	D_H_CPT	8.064516129032258	0.11131147679506899
4h	D_H_CPT	8.086021505376344	0.11204052361332839
4h	D_H_CPT	8.10752688172043	0.112737404919982
4h	D_H_CPT	8.129032258064516	0.11340005648352726
4h	D_H_CPT	8.150537634408602	0.11402553058486363
4h	D_H_CPT	8.172043010752688	0.11461353550347048
4h	D_H_CPT	8.193548387096774	0.11516203746356748
4h	D_H_CPT	8.21505376344086	0.11567199904865855
4h	D_H_CPT	8.236559139784946	0.11614459494919888
4h	D_H_CPT	8.258064516129032	0.11658149808916941
4h	D_H_CPT	8.27956989247312	0.11698564790890281
4h	D_H_CPT	8.301075268817206	0.11736044820650758
4h	D_H_CPT	8.322580645161292	0.11771027757137269
4h	D_H_CPT	8.344086021505378	0.11803978143850673
4h	D_H_CPT	8.365591397849464	0.11835438081344189
4h	D_H_CPT	8.38709677419355	0.1186591442849498
4h	D_H_CPT	8.408602150537636	0.11895958284449991
4h	D_H_CPT	8.430107526881722	0.11925992742964453
4h	D_H_CPT	8.451612903225808	0.11956663225099261
4h	D_H_CPT	8.473118279569894	0.11988320567849065
4h	D_H_CPT	8.49462365591398	0.12021307159533094
4h	D_H_CPT	8.516129032258066	0.12055900044215999
4h	D_H_CPT	8.537634408602152	0.12092308559562388
4h	D_H_CPT	8.559139784946238	0.12130643941277332
4h	D_H_CPT	8.580645161290324	0.12170914271303804
4h	D_H_CPT	8.60215053763441	0.12213045093942454
4h	D_H_CPT	8.623655913978496	0.12256817844957742
4h	D_H_CPT	8.645161290322582	0.12301992500307048
4h	D_H_CPT	8.666666666666668	0.12348352964922324
4h	D_H_CPT	8.688172043010754	0.12395392912389187
4h	D_H_CPT	8.70967741935484	0.12442785359622757
4h	D_H_CPT	8.731182795698926	0.12490084531683282
4h	D_H_CPT	8.752688172043012	0.12536848290199068
4h	D_H_CPT	8.774193548387098	0.1258265128934329
4h	D_H_CPT	8.795698924731184	0.1262713634339676
4h	D_H_CPT	8.81720430107527	0.12669834146259584
4h	D_H_CPT	8.838709677419356	0.12710549573202684
4h	D_H_CPT	8.860215053763442	0.1274901021252359
4h	D_H_CPT	8.881720430107528	0.12785021381082695
4h	D_H_CPT	8.903225806451614	0.12818436596639654
4h	D_H_CPT	8.9247311827957	0.12849301080611664
4h	D_H_CPT	8.946236559139786	0.128776398919859
4h	D_H_CPT	8.967741935483872	0.12903629703114466
4h	D_H_CPT	8.989247311827958	0.12927417221579152
4h	D_H_CPT	9.010752688172044	0.12949293546361645
4h	D_H_CPT	9.03225806451613	0.12969568568567566
4h	D_H_CPT	9.053763440860216	0.12988574042231674
4h	D_H_CPT	9.075268817204302	0.1300668540715004
4h	D_H_CPT	9.096774193548388	0.1302430357230077
4h	D_H_CPT	9.118279569892474	0.1304182784239666
4h	D_H_CPT	9.13978494623656	0.1305959471803447
4h	D_H_CPT	9.161290322580646	0.13077857134943463
4h	D_H_CPT	9.182795698924732	0.1309694628884979
4h	D_H_CPT	9.204301075268818	0.1311705123382804
4h	D_H_CPT	9.225806451612904	0.13138278756650337
4h	D_H_CPT	9.24731182795699	0.1316066001600894
4h	D_H_CPT	9.268817204301076	0.13184284265034726
4h	D_H_CPT	9.290322580645162	0.13208971426757846
4h	D_H_CPT	9.311827956989248	0.132345048361215
4h	D_H_CPT	9.333333333333334	0.1326071577356114
4h	D_H_CPT	9.35483870967742	0.13287322905481383
4h	D_H_CPT	9.376344086021506	0.13313958768876338
4h	D_H_CPT	9.397849462365592	0.13340299691387333
4h	D_H_CPT	9.419354838709678	0.13366036384711227
4h	D_H_CPT	9.440860215053764	0.13390743676019765
4h	D_H_CPT	9.46236559139785	0.13414031982206967
4h	D_H_CPT	9.483870967741936	0.13435679617083457
4h	D_H_CPT	9.505376344086022	0.1345543304208592
4h	D_H_CPT	9.526881720430108	0.13473010480329178
4h	D_H_CPT	9.548387096774194	0.13488219762255985
4h	D_H_CPT	9.56989247311828	0.13501024961355584
4h	D_H_CPT	9.591397849462366	0.1351128836550241
4h	D_H_CPT	9.612903225806452	0.1351915654507147
4h	D_H_CPT	9.634408602150538	0.13524598876878902
4h	D_H_CPT	9.655913978494624	0.1352772436732962
4h	D_H_CPT	9.67741935483871	0.13528700811474137
4h	D_H_CPT	9.698924731182796	0.135276128232124
4h	D_H_CPT	9.720430107526882	0.13524660504983002
4h	D_H_CPT	9.741935483870968	0.13520034121890703
4h	D_H_CPT	9.763440860215054	0.13513841376951657
4h	D_H_CPT	9.78494623655914	0.13506255291093622
4h	D_H_CPT	9.806451612903226	0.13497374155533723
4h	D_H_CPT	9.827956989247312	0.1348711661045842
4h	D_H_CPT	9.849462365591398	0.13475677195723382
4h	D_H_CPT	9.870967741935484	0.1346299426998539
4h	D_H_CPT	9.89247311827957	0.13448915553914317
4h	D_H_CPT	9.913978494623656	0.1343353381079155
4h	D_H_CPT	9.935483870967742	0.13416576874364103
4h	D_H_CPT	9.956989247311828	0.13397936239618566
4h	D_H_CPT	9.978494623655914	0.13377544330944116
4h	D_H_CPT	10.0	0.1335525675896522
4h	D_H_CPT	10.021505376344086	0.1333090330067132
4h	D_H_CPT	10.043010752688172	0.13304360002251442
4h	D_H_CPT	10.064516129032258	0.1327546686078106
4h	D_H_CPT	10.086021505376344	0.13244283059614154
4h	D_H_CPT	10.107526881720432	0.13210708385344871
4h	D_H_CPT	10.129032258064518	0.13174711013728732
4h	D_H_CPT	10.150537634408604	0.13136359538017325
4h	D_H_CPT	10.17204301075269	0.13095700193258944
4h	D_H_CPT	10.193548387096776	0.13052912184811
4h	D_H_CPT	10.215053763440862	0.1300810217128082
4h	D_H_CPT	10.236559139784948	0.12961436856558975
4h	D_H_CPT	10.258064516129034	0.12913010891408938
4h	D_H_CPT	10.27956989247312	0.1286312410960792
4h	D_H_CPT	10.301075268817206	0.12811887504579547
4h	D_H_CPT	10.322580645161292	0.1275942758022611
4h	D_H_CPT	10.344086021505378	0.12705896968082936
4h	D_H_CPT	10.365591397849464	0.12651400435266996
4h	D_H_CPT	10.38709677419355	0.12595999569266136
4h	D_H_CPT	10.408602150537636	0.12539745041838488
4h	D_H_CPT	10.430107526881722	0.12482578805158401
4h	D_H_CPT	10.451612903225808	0.12424430718235091
4h	D_H_CPT	10.473118279569894	0.12365247014556116
4h	D_H_CPT	10.49462365591398	0.12304916744469947
4h	D_H_CPT	10.516129032258066	0.1224328406164497
4h	D_H_CPT	10.537634408602152	0.12180182714338035
4h	D_H_CPT	10.559139784946238	0.12115400484733588
4h	D_H_CPT	10.580645161290324	0.12048801374723155
4h	D_H_CPT	10.60215053763441	0.11980265917501007
4h	D_H_CPT	10.623655913978496	0.1190961482504165
4h	D_H_CPT	10.645161290322582	0.11836799077170185
4h	D_H_CPT	10.666666666666668	0.1176164713477699
4h	D_H_CPT	10.688172043010754	0.11684219390473437
4h	D_H_CPT	10.70967741935484	0.11604511051934349
4h	D_H_CPT	10.731182795698926	0.11522548556414777
4h	D_H_CPT	10.752688172043012	0.11438466690186955
4h	D_H_CPT	10.774193548387098	0.11352365370364588
4h	D_H_CPT	10.795698924731184	0.11264433329461482
4h	D_H_CPT	10.81720430107527	0.11174845504234138
4h	D_H_CPT	10.838709677419356	0.11083716486187747
4h	D_H_CPT	10.860215053763442	0.10991283464953809
4h	D_H_CPT	10.881720430107528	0.10897709082794188
4h	D_H_CPT	10.903225806451614	0.10803235050640607
4h	D_H_CPT	10.9247311827957	0.10707967330216098
4h	D_H_CPT	10.946236559139786	0.10611999287267307
4h	D_H_CPT	10.967741935483872	0.10515517243700699
4h	D_H_CPT	10.989247311827958	0.10418621532673018
4h	D_H_CPT	11.010752688172044	0.10321321890226105
4h	D_H_CPT	11.03225806451613	0.10223619157644291
4h	D_H_CPT	11.053763440860216	0.101256138773976
4h	D_H_CPT	11.075268817204302	0.10027324794809071
4h	D_H_CPT	11.096774193548388	0.09928712887890728
4h	D_H_CPT	11.118279569892474	0.0982977718806152
4h	D_H_CPT	11.13978494623656	0.09730603641111885
4h	D_H_CPT	11.161290322580646	0.09631196208855436
4h	D_H_CPT	11.182795698924732	0.09531641153755754
4h	D_H_CPT	11.204301075268818	0.09431966143052864
4h	D_H_CPT	11.225806451612904	0.0933226020234631
4h	D_H_CPT	11.24731182795699	0.09232715702612963
4h	D_H_CPT	11.268817204301076	0.09133339614481725
4h	D_H_CPT	11.290322580645162	0.09034413566796659
4h	D_H_CPT	11.311827956989248	0.089360348458374
4h	D_H_CPT	11.333333333333334	0.08838371986519483
4h	D_H_CPT	11.35483870967742	0.0874157302031701
4h	D_H_CPT	11.376344086021506	0.08645733836166003
4h	D_H_CPT	11.397849462365592	0.08551014135448248
4h	D_H_CPT	11.419354838709678	0.08457500927163653
4h	D_H_CPT	11.440860215053764	0.08365256633651436
4h	D_H_CPT	11.46236559139785	0.08274300838464319
4h	D_H_CPT	11.483870967741936	0.0818458505482971
4h	D_H_CPT	11.505376344086022	0.08096030809268474
4h	D_H_CPT	11.526881720430108	0.0800857124874342
4h	D_H_CPT	11.548387096774194	0.07922038745050158
4h	D_H_CPT	11.56989247311828	0.07836223593262194
4h	D_H_CPT	11.591397849462366	0.07750923217449694
4h	D_H_CPT	11.612903225806452	0.07665770708132708
4h	D_H_CPT	11.634408602150538	0.07580574748283604
4h	D_H_CPT	11.655913978494624	0.07495002183592601
4h	D_H_CPT	11.67741935483871	0.07408726672730541
4h	D_H_CPT	11.698924731182796	0.0732151239100872
4h	D_H_CPT	11.720430107526882	0.07232987181466746
4h	D_H_CPT	11.741935483870968	0.07142887424553786
4h	D_H_CPT	11.763440860215054	0.07050996077263699
4h	D_H_CPT	11.78494623655914	0.06957117135967528
4h	D_H_CPT	11.806451612903226	0.06861063021442923
4h	D_H_CPT	11.827956989247312	0.06762846298826196
4h	D_H_CPT	11.849462365591398	0.06662339197059557
4h	D_H_CPT	11.870967741935484	0.0655959471107569
4h	D_H_CPT	11.89247311827957	0.06454750903750173
4h	D_H_CPT	11.913978494623656	0.06347855066026971
4h	D_H_CPT	11.935483870967744	0.062392653827258455
4h	D_H_CPT	11.95698924731183	0.06129221992858675
4h	D_H_CPT	11.978494623655916	0.06018055698494655
4h	D_H_CPT	12.000000000000002	0.05906167543379256
4h	D_H_CPT	12.021505376344088	0.05793976634578954
4h	D_H_CPT	12.043010752688174	0.056819111441311826
4h	D_H_CPT	12.06451612903226	0.055704823136093304
4h	D_H_CPT	12.086021505376346	0.05460114738081874
4h	D_H_CPT	12.107526881720432	0.053512765317494104
4h	D_H_CPT	12.129032258064518	0.052444627913327706
4h	D_H_CPT	12.150537634408604	0.051400602489162735
4h	D_H_CPT	12.17204301075269	0.050384408150236044
4h	D_H_CPT	12.193548387096776	0.04939923467299198
4h	D_H_CPT	12.215053763440862	0.04844827908167644
4h	D_H_CPT	12.236559139784948	0.04753313129056936
4h	D_H_CPT	12.258064516129034	0.04665654555402314
4h	D_H_CPT	12.27956989247312	0.04581830674962457
4h	D_H_CPT	12.301075268817206	0.04501943398796729
4h	D_H_CPT	12.322580645161292	0.044259602945575134
4h	D_H_CPT	12.344086021505378	0.04353853024318236
4h	D_H_CPT	12.365591397849464	0.042854043534881724
4h	D_H_CPT	12.38709677419355	0.04220497994468125
4h	D_H_CPT	12.408602150537636	0.04158883057309033
4h	D_H_CPT	12.430107526881722	0.04100352451615051
4h	D_H_CPT	12.451612903225808	0.04044565974768993
4h	D_H_CPT	12.473118279569894	0.03991260668067045
4h	D_H_CPT	12.49462365591398	0.039401322536069996
4h	D_H_CPT	12.516129032258066	0.03890875342529465
4h	D_H_CPT	12.537634408602152	0.03843128338707441
4h	D_H_CPT	12.559139784946238	0.037966564891170264
4h	D_H_CPT	12.580645161290324	0.03751115330057183
4h	D_H_CPT	12.60215053763441	0.03706262891280074
4h	D_H_CPT	12.623655913978496	0.03661865953415112
4h	D_H_CPT	12.645161290322582	0.036176819802180855
4h	D_H_CPT	12.666666666666668	0.03573514016284544
4h	D_H_CPT	12.688172043010754	0.0352924470928026
4h	D_H_CPT	12.70967741935484	0.03484677538391275
4h	D_H_CPT	12.731182795698926	0.034397404886631656
4h	D_H_CPT	12.752688172043012	0.03394383486036448
4h	D_H_CPT	12.774193548387098	0.033485545876417784
4h	D_H_CPT	12.795698924731184	0.03302213514648437
4h	D_H_CPT	12.81720430107527	0.03255385894629619
4h	D_H_CPT	12.838709677419356	0.03208191401046715
4h	D_H_CPT	12.860215053763442	0.03160611509629258
4h	D_H_CPT	12.881720430107528	0.031127568829724055
4h	D_H_CPT	12.903225806451614	0.03064696845604661
4h	D_H_CPT	12.9247311827957	0.03016532279862633
4h	D_H_CPT	12.946236559139786	0.029683468675813528
4h	D_H_CPT	12.967741935483872	0.029202441181574914
4h	D_H_CPT	12.989247311827958	0.028723080503529345
4h	D_H_CPT	13.010752688172044	0.028246558248342293
4h	D_H_CPT	13.03225806451613	0.027773517899094883
4h	D_H_CPT	13.053763440860216	0.027304381513254965
4h	D_H_CPT	13.075268817204302	0.026839556243946253
4h	D_H_CPT	13.096774193548388	0.02637888600842662
4h	D_H_CPT	13.118279569892474	0.02592342530540887
4h	D_H_CPT	13.13978494623656	0.02547235812154158
4h	D_H_CPT	13.161290322580646	0.025025841971866688
4h	D_H_CPT	13.182795698924732	0.024582988791581394
4h	D_H_CPT	13.204301075268818	0.024143989403141095
4h	D_H_CPT	13.225806451612904	0.023708131073747696
4h	D_H_CPT	13.24731182795699	0.023274889451627607
4h	D_H_CPT	13.268817204301076	0.022843863465835685
4h	D_H_CPT	13.290322580645162	0.0224143702437098
4h	D_H_CPT	13.311827956989248	0.021986556700381195
4h	D_H_CPT	13.333333333333334	0.0215599377036885
4h	D_H_CPT	13.35483870967742	0.02113447329501026
4h	D_H_CPT	13.376344086021506	0.02071033225590725
4h	D_H_CPT	13.397849462365592	0.02028783451121344
4h	D_H_CPT	13.419354838709678	0.01986751302227166
4h	D_H_CPT	13.440860215053764	0.019450173725188053
4h	D_H_CPT	13.46236559139785	0.019036649294193495
4h	D_H_CPT	13.483870967741936	0.018627975970374678
4h	D_H_CPT	13.505376344086022	0.018224914168699823
4h	D_H_CPT	13.526881720430108	0.01782897936218707
4h	D_H_CPT	13.548387096774194	0.017441026199739067
4h	D_H_CPT	13.56989247311828	0.01706252057660005
4h	D_H_CPT	13.591397849462366	0.016694364934683785
4h	D_H_CPT	13.612903225806452	0.016337900506360303
4h	D_H_CPT	13.634408602150538	0.015993611690944435
4h	D_H_CPT	13.655913978494624	0.015662396007857217
4h	D_H_CPT	13.67741935483871	0.015345099916724007
4h	D_H_CPT	13.698924731182796	0.015041978272992864
4h	D_H_CPT	13.720430107526882	0.014753193379393978
4h	D_H_CPT	13.741935483870968	0.014478865402032944
4h	D_H_CPT	13.763440860215056	0.014219073752507945
4h	D_H_CPT	13.784946236559142	0.013973427847501654
4h	D_H_CPT	13.806451612903228	0.013741938596985701
4h	D_H_CPT	13.827956989247314	0.013523750289753143
4h	D_H_CPT	13.8494623655914	0.013317886258754928
4h	D_H_CPT	13.870967741935486	0.013124026686691834
4h	D_H_CPT	13.892473118279572	0.01294145585424621
4h	D_H_CPT	13.913978494623658	0.012769335177444727
4h	D_H_CPT	13.935483870967744	0.012606942972569134
4h	D_H_CPT	13.95698924731183	0.012452934311964568
4h	D_H_CPT	13.978494623655916	0.012307048350523158
4h	D_H_CPT	14.000000000000002	0.01216783963814495
4h	D_H_CPT	14.021505376344088	0.01203493626334156
4h	D_H_CPT	14.043010752688174	0.011907300555599078
4h	D_H_CPT	14.06451612903226	0.011783749522460113
4h	D_H_CPT	14.086021505376346	0.011663436389773709
4h	D_H_CPT	14.107526881720432	0.011545893270742659
4h	D_H_CPT	14.129032258064518	0.011429887970739338
4h	D_H_CPT	14.150537634408604	0.011314773357823426
4h	D_H_CPT	14.17204301075269	0.011199757312100595
4h	D_H_CPT	14.193548387096776	0.011084266026583335
4h	D_H_CPT	14.215053763440862	0.01096729933325588
4h	D_H_CPT	14.236559139784948	0.010848416460779163
4h	D_H_CPT	14.258064516129034	0.010727265331910126
4h	D_H_CPT	14.27956989247312	0.01060341423570912
4h	D_H_CPT	14.301075268817206	0.010476432742395826
4h	D_H_CPT	14.322580645161292	0.010346003654508475
4h	D_H_CPT	14.344086021505378	0.010212033767973243
4h	D_H_CPT	14.365591397849464	0.010074937139341088
4h	D_H_CPT	14.38709677419355	0.009934457308072927
4h	D_H_CPT	14.408602150537636	0.009791253929257575
4h	D_H_CPT	14.430107526881722	0.009645724871989666
4h	D_H_CPT	14.451612903225808	0.009498068459916097
4h	D_H_CPT	14.473118279569894	0.009348988342892958
4h	D_H_CPT	14.49462365591398	0.009199031414949524
4h	D_H_CPT	14.516129032258066	0.009049147674966609
4h	D_H_CPT	14.537634408602152	0.008900006093972138
4h	D_H_CPT	14.559139784946238	0.008752098653512947
4h	D_H_CPT	14.580645161290324	0.008606233782889886
4h	D_H_CPT	14.60215053763441	0.008463089017406175
4h	D_H_CPT	14.623655913978496	0.008323058074636477
4h	D_H_CPT	14.645161290322582	0.008186554655788202
4h	D_H_CPT	14.666666666666668	0.008054003086072715
4h	D_H_CPT	14.688172043010754	0.007925604431460188
4h	D_H_CPT	14.70967741935484	0.007801490526472908
4h	D_H_CPT	14.731182795698926	0.007681881221776734
4h	D_H_CPT	14.752688172043012	0.007565935847718614
4h	D_H_CPT	14.774193548387098	0.007454164558221752
4h	D_H_CPT	14.795698924731184	0.007345800080603304
4h	D_H_CPT	14.81720430107527	0.007240631205118544
4h	D_H_CPT	14.838709677419356	0.007137848664375833
4h	D_H_CPT	14.860215053763442	0.007037032421947455
4h	D_H_CPT	14.881720430107528	0.006937676703197726
4h	D_H_CPT	14.903225806451614	0.006839011420807641
4h	D_H_CPT	14.9247311827957	0.006740723250863925
4h	D_H_CPT	14.946236559139786	0.006642348277136046
4h	D_H_CPT	14.967741935483872	0.006543208788131166
4h	D_H_CPT	14.989247311827958	0.006443150456613869
4h	D_H_CPT	15.010752688172044	0.006341769247284681
4h	D_H_CPT	15.03225806451613	0.006238819389924219
4h	D_H_CPT	15.053763440860216	0.006134309123127378
4h	D_H_CPT	15.075268817204302	0.006028081469186743
4h	D_H_CPT	15.096774193548388	0.0059205125259194835
4h	D_H_CPT	15.118279569892474	0.005811370775627378
4h	D_H_CPT	15.13978494623656	0.005701082327556494
4h	D_H_CPT	15.161290322580646	0.005590028740413606
4h	D_H_CPT	15.182795698924732	0.005478449392294371
4h	D_H_CPT	15.204301075268818	0.005366873593782146
4h	D_H_CPT	15.225806451612904	0.005255537329199597
4h	D_H_CPT	15.24731182795699	0.00514480382980654
4h	D_H_CPT	15.268817204301076	0.005035189644724048
4h	D_H_CPT	15.290322580645162	0.004927004884517972
4h	D_H_CPT	15.311827956989248	0.004820628013947886
4h	D_H_CPT	15.333333333333334	0.0047161369892463785
4h	D_H_CPT	15.35483870967742	0.004613986773632168
4h	D_H_CPT	15.376344086021506	0.004514248236455905
4h	D_H_CPT	15.397849462365592	0.004416958475232398
4h	D_H_CPT	15.419354838709678	0.004322032140932474
4h	D_H_CPT	15.440860215053764	0.004229367987162038
4h	D_H_CPT	15.46236559139785	0.004139074231329773
4h	D_H_CPT	15.483870967741936	0.00405061695072244
4h	D_H_CPT	15.505376344086022	0.003964083941614154
4h	D_H_CPT	15.526881720430108	0.0038789010896459314
4h	D_H_CPT	15.548387096774194	0.0037949289310908857
4h	D_H_CPT	15.56989247311828	0.003711714675823762
4h	D_H_CPT	15.591397849462366	0.0036288557136695755
4h	D_H_CPT	15.612903225806454	0.0035460787588071684
4h	D_H_CPT	15.63440860215054	0.003463269217995981
4h	D_H_CPT	15.655913978494626	0.003379970189746195
4h	D_H_CPT	15.677419354838712	0.003296217252210706
4h	D_H_CPT	15.698924731182798	0.0032115314183632365
4h	D_H_CPT	15.720430107526884	0.0031260138300807233
4h	D_H_CPT	15.74193548387097	0.0030397589288188517
4h	D_H_CPT	15.763440860215056	0.002952787857158888
4h	D_H_CPT	15.784946236559142	0.0028651551385102066
4h	D_H_CPT	15.806451612903228	0.0027773151260897483
4h	D_H_CPT	15.827956989247314	0.00268960516190076
4h	D_H_CPT	15.8494623655914	0.0026023948688815588
4h	D_H_CPT	15.870967741935486	0.002516057376817852
4h	D_H_CPT	15.892473118279572	0.002431073567214386
4h	D_H_CPT	15.913978494623658	0.0023478926179537328
4h	D_H_CPT	15.935483870967744	0.002267061791947187
4h	D_H_CPT	15.95698924731183	0.0021891833488036938
4h	D_H_CPT	15.978494623655916	0.0021145162172869383
4h	D_H_CPT	16.0	0.0020437661501220895
4h	D_H_CPT	16.021505376344088	0.0019770921583363962
4h	D_H_CPT	16.043010752688172	0.0019148639514567408
4h	D_H_CPT	16.06451612903226	0.0018573706374939334
4h	D_H_CPT	16.086021505376344	0.0018047160178154122
4h	D_H_CPT	16.107526881720432	0.0017570236059305496
4h	D_H_CPT	16.129032258064516	0.0017141994419762848
4h	D_H_CPT	16.150537634408604	0.001676251786044702
4h	D_H_CPT	16.172043010752688	0.001642937347419901
4h	D_H_CPT	16.193548387096776	0.001613994523853026
4h	D_H_CPT	16.21505376344086	0.0015891955196047755
4h	D_H_CPT	16.236559139784948	0.0015681262781774093
4h	D_H_CPT	16.258064516129032	0.001550235368087466
4h	D_H_CPT	16.27956989247312	0.0015351477892420373
4h	D_H_CPT	16.301075268817204	0.001522554580849775
4h	D_H_CPT	16.322580645161292	0.0015118535108012657
4h	D_H_CPT	16.344086021505376	0.0015024258685401917
4h	D_H_CPT	16.365591397849464	0.0014940536654597942
4h	D_H_CPT	16.387096774193548	0.0014861241651511006
4h	D_H_CPT	16.408602150537636	0.0014782525659740417
4h	D_H_CPT	16.43010752688172	0.0014700175147588062
4h	D_H_CPT	16.451612903225808	0.0014612172439335985
4h	D_H_CPT	16.473118279569892	0.0014515760282232768
4h	D_H_CPT	16.49462365591398	0.0014407687024071776
4h	D_H_CPT	16.516129032258064	0.0014286859386433374
4h	D_H_CPT	16.537634408602152	0.0014153032817334397
4h	D_H_CPT	16.55913978494624	0.0014005358366689803
4h	D_H_CPT	16.580645161290324	0.0013844787495996397
4h	D_H_CPT	16.60215053763441	0.0013671851908443257
4h	D_H_CPT	16.623655913978496	0.0013487660112520266
4h	D_H_CPT	16.645161290322584	0.001329456884762717
4h	D_H_CPT	16.666666666666668	0.0013094542338072123
4h	D_H_CPT	16.688172043010756	0.0012888994030815471
4h	D_H_CPT	16.70967741935484	0.0012680716025776308
4h	D_H_CPT	16.731182795698928	0.0012472349019167206
4h	D_H_CPT	16.752688172043012	0.0012266823703000946
4h	D_H_CPT	16.7741935483871	0.0012064531441764936
4h	D_H_CPT	16.795698924731184	0.0011868315975903977
4h	D_H_CPT	16.81720430107527	0.0011678160551373991
4h	D_H_CPT	16.838709677419356	0.001149599419821066
4h	D_H_CPT	16.860215053763444	0.001132130544651358
4h	D_H_CPT	16.881720430107528	0.0011153873283619566
4h	D_H_CPT	16.903225806451616	0.0010992328239633313
4h	D_H_CPT	16.9247311827957	0.0010836162691209834
4h	D_H_CPT	16.946236559139788	0.0010683494414861138
4h	D_H_CPT	16.967741935483872	0.0010531352624746045
4h	D_H_CPT	16.98924731182796	0.0010378594766537951
4h	D_H_CPT	17.010752688172044	0.001022177534512914
4h	D_H_CPT	17.03225806451613	0.0010059014018905163
4h	D_H_CPT	17.053763440860216	0.000988757174377858
4h	D_H_CPT	17.075268817204304	0.0009705279154257866
4h	D_H_CPT	17.096774193548388	0.000951000988667917
4h	D_H_CPT	17.118279569892476	0.0009300877546135686
4h	D_H_CPT	17.13978494623656	0.0009076595762399631
4h	D_H_CPT	17.161290322580648	0.0008836634381122647
4h	D_H_CPT	17.182795698924732	0.0008580873187990381
4h	D_H_CPT	17.20430107526882	0.0008309543721676787
4h	D_H_CPT	17.225806451612904	0.0008024581535855314
4h	D_H_CPT	17.24731182795699	0.0007726200593969587
4h	D_H_CPT	17.268817204301076	0.0007417081690569057
4h	D_H_CPT	17.290322580645164	0.0007099018955517059
4h	D_H_CPT	17.311827956989248	0.000677416708490777
4h	D_H_CPT	17.333333333333336	0.0006445822794770949
4h	D_H_CPT	17.35483870967742	0.0006116079479664532
4h	D_H_CPT	17.376344086021508	0.0005788555268147333
4h	D_H_CPT	17.397849462365592	0.0005464519822453676
4h	D_H_CPT	17.41935483870968	0.0005148452973882835
4h	D_H_CPT	17.440860215053764	0.0004841579305381566
4h	D_H_CPT	17.46236559139785	0.0004546013815803915
4h	D_H_CPT	17.483870967741936	0.0004265113917587253
4h	D_H_CPT	17.505376344086024	0.00040000979685766064
4h	D_H_CPT	17.526881720430108	0.0003752406749088512
4h	D_H_CPT	17.548387096774196	0.00035240787009950563
4h	D_H_CPT	17.56989247311828	0.0003315939135789052
4h	D_H_CPT	17.591397849462368	0.0003128662085245678
4h	D_H_CPT	17.612903225806452	0.00029635267536426115
4h	D_H_CPT	17.63440860215054	0.0002820619299390702
4h	D_H_CPT	17.655913978494624	0.00027001641044486303
4h	D_H_CPT	17.67741935483871	0.00026011352673778666
4h	D_H_CPT	17.698924731182796	0.0002525837727475062
4h	D_H_CPT	17.720430107526884	0.00024722243413691274
4h	D_H_CPT	17.741935483870968	0.00024402984130497153
4h	D_H_CPT	17.763440860215056	0.00024290602723568239
4h	D_H_CPT	17.78494623655914	0.00024377333588317397
4h	D_H_CPT	17.806451612903228	0.00024657766432338937
4h	D_H_CPT	17.827956989247312	0.00025115766051925383
4h	D_H_CPT	17.8494623655914	0.00025742634599585485
4h	D_H_CPT	17.870967741935484	0.00026526008643584147
4h	D_H_CPT	17.89247311827957	0.00027452474265893115
4h	D_H_CPT	17.913978494623656	0.00028507571492357594
4h	D_H_CPT	17.935483870967744	0.000296757913342664
4h	D_H_CPT	17.956989247311828	0.0003094057609135029
4h	D_H_CPT	17.978494623655916	0.0003228433470536808
4h	D_H_CPT	18.0	0.0003368589084155821
4h	D_H_CPT	18.021505376344088	0.0003512911607036863
4h	D_H_CPT	18.043010752688172	0.00036590925421645185
4h	D_H_CPT	18.06451612903226	0.0003805884365871938
4h	D_H_CPT	18.086021505376344	0.00039504590162970466
4h	D_H_CPT	18.107526881720432	0.00040905559448802605
4h	D_H_CPT	18.129032258064516	0.0004224698860254122
4h	D_H_CPT	18.150537634408604	0.00043504280579534236
4h	D_H_CPT	18.172043010752688	0.0004465865918809875
4h	D_H_CPT	18.193548387096776	0.000456903083696722
4h	D_H_CPT	18.21505376344086	0.0004658996478735725
4h	D_H_CPT	18.236559139784948	0.0004733864321603511
4h	D_H_CPT	18.258064516129032	0.00047932317979629854
4h	D_H_CPT	18.27956989247312	0.00048360454056886094
4h	D_H_CPT	18.301075268817204	0.0004861937489416608
4h	D_H_CPT	18.322580645161292	0.0004870868702427367
4h	D_H_CPT	18.344086021505376	0.0004863124879784224
4h	D_H_CPT	18.365591397849464	0.0004839042771781966
4h	D_H_CPT	18.38709677419355	0.00048000986985303844
4h	D_H_CPT	18.408602150537636	0.0004747063374759027
4h	D_H_CPT	18.430107526881724	0.00046812755723287615
4h	D_H_CPT	18.451612903225808	0.0004604226071366117
4h	D_H_CPT	18.473118279569896	0.0004517244417406844
4h	D_H_CPT	18.49462365591398	0.0004422558687746368
4h	D_H_CPT	18.516129032258068	0.00043214330157066776
4h	D_H_CPT	18.537634408602152	0.00042154362954396267
4h	D_H_CPT	18.55913978494624	0.00041060334787174524
4h	D_H_CPT	18.580645161290324	0.00039945506004212384
4h	D_H_CPT	18.60215053763441	0.00038821486679065705
4h	D_H_CPT	18.623655913978496	0.00037698069483445366
4h	D_H_CPT	18.645161290322584	0.0003658315594690737
4h	D_H_CPT	18.666666666666668	0.0003548277003687806
4h	D_H_CPT	18.688172043010756	0.0003440114837120709
4h	D_H_CPT	18.70967741935484	0.0003334089290365788
4h	D_H_CPT	18.731182795698928	0.0003230316978775408
4h	D_H_CPT	18.752688172043012	0.0003128793738783647
4h	D_H_CPT	18.7741935483871	0.00030294187004620423
4h	D_H_CPT	18.795698924731184	0.00029320181639588496
4h	D_H_CPT	18.81720430107527	0.0002836734071199986
4h	D_H_CPT	18.838709677419356	0.0002742726734646528
4h	D_H_CPT	18.860215053763444	0.00026500020148861625
4h	D_H_CPT	18.881720430107528	0.0002558052351835749
4h	D_H_CPT	18.903225806451616	0.0002467243174496952
4h	D_H_CPT	18.9247311827957	0.0002377013562893891
4h	D_H_CPT	18.946236559139788	0.00022872020090329085
4h	D_H_CPT	18.967741935483872	0.00021976870611882396
4h	D_H_CPT	18.98924731182796	0.0002108392796363673
4h	D_H_CPT	19.010752688172044	0.0002019293519968481
4h	D_H_CPT	19.03225806451613	0.00019304179419339133
4h	D_H_CPT	19.053763440860216	0.00018418529082779128
4h	D_H_CPT	19.075268817204304	0.00017537465941715408
4h	D_H_CPT	19.096774193548388	0.0001666310910857272
4h	D_H_CPT	19.118279569892476	0.00015798227625179407
4h	D_H_CPT	19.13978494623656	0.00014943642817983777
4h	D_H_CPT	19.161290322580648	0.000141093514142867
4h	D_H_CPT	19.182795698924732	0.00013296386525107188
4h	D_H_CPT	19.20430107526882	0.0001250992317118022
4h	D_H_CPT	19.225806451612904	0.00011752925287220586
4h	D_H_CPT	19.24731182795699	0.00011037164493329796
4h	D_H_CPT	19.268817204301076	0.00010364973892586289
4h	D_H_CPT	19.290322580645164	9.742250475422764e-05
4h	D_H_CPT	19.311827956989248	9.174604621608006e-05
4h	D_H_CPT	19.333333333333336	8.66456403710337e-05
4h	D_H_CPT	19.35483870967742	8.222515759786605e-05
4h	D_H_CPT	19.376344086021508	7.845821660408291e-05
4h	D_H_CPT	19.397849462365592	7.542961396566494e-05
4h	D_H_CPT	19.41935483870968	7.309031019259026e-05
4h	D_H_CPT	19.440860215053764	7.149944997379026e-05
4h	D_H_CPT	19.46236559139785	7.060602786583978e-05
4h	D_H_CPT	19.483870967741936	7.038030091004524e-05
4h	D_H_CPT	19.505376344086024	7.077732068185274e-05
4h	D_H_CPT	19.526881720430108	7.173755677575684e-05
4h	D_H_CPT	19.548387096774196	7.318801836224699e-05
4h	D_H_CPT	19.56989247311828	7.504385866383211e-05
4h	D_H_CPT	19.591397849462368	7.721042584383018e-05
4h	D_H_CPT	19.612903225806452	7.95857031233579e-05
4h	D_H_CPT	19.63440860215054	8.206306183244245e-05
4h	D_H_CPT	19.655913978494624	8.453423449338409e-05
4h	D_H_CPT	19.67741935483871	8.689240186044377e-05
4h	D_H_CPT	19.698924731182796	8.9009334826539e-05
4h	D_H_CPT	19.720430107526884	9.084982605805126e-05
4h	D_H_CPT	19.741935483870968	9.229350445110065e-05
4h	D_H_CPT	19.763440860215056	9.326901876629107e-05
4h	D_H_CPT	19.78494623655914	9.371942263295052e-05
4h	D_H_CPT	19.806451612903228	9.357768624392189e-05
4h	D_H_CPT	19.827956989247312	9.287903562205126e-05
4h	D_H_CPT	19.8494623655914	9.158030227496516e-05
4h	D_H_CPT	19.870967741935484	8.9691379517987e-05
4h	D_H_CPT	19.89247311827957	8.723774216156137e-05
4h	D_H_CPT	19.913978494623656	8.425903130209895e-05
4h	D_H_CPT	19.935483870967744	8.080718394872537e-05
4h	D_H_CPT	19.956989247311828	7.694420511935102e-05
4h	D_H_CPT	19.978494623655916	7.273969288301291e-05
4h	D_H_CPT	20.0	6.826823335986122e-05
4h	D_H_CPT	20.021505376344088	6.360678270320523e-05
4h	D_H_CPT	20.043010752688172	5.883214682105423e-05
4h	D_H_CPT	20.06451612903226	5.401865771194908e-05
4h	D_H_CPT	20.086021505376344	4.923612881257023e-05
4h	D_H_CPT	20.107526881720432	4.452220782071051e-05
4h	D_H_CPT	20.129032258064516	3.9992521563549456e-05
4h	D_H_CPT	20.150537634408604	3.565884188137351e-05
4h	D_H_CPT	20.172043010752688	3.156036607776165e-05
4h	D_H_CPT	20.193548387096776	2.7727019086197457e-05
4h	D_H_CPT	20.215053763440864	2.4179687407966805e-05
4h	D_H_CPT	20.236559139784948	2.093073764656692e-05
4h	D_H_CPT	20.258064516129036	1.798476376420214e-05
4h	D_H_CPT	20.27956989247312	1.5339503132257502e-05
4h	D_H_CPT	20.301075268817208	1.2986861192297051e-05
4h	D_H_CPT	20.322580645161292	1.0913987607198098e-05
4h	D_H_CPT	20.34408602150538	9.104352521869847e-06
4h	D_H_CPT	20.365591397849464	7.5387792362628515e-06
4h	D_H_CPT	20.38709677419355	6.1963984626467565e-06
4h	D_H_CPT	20.408602150537636	5.055498672669152e-06
4h	D_H_CPT	20.430107526881724	4.094256199166122e-06
4h	D_H_CPT	20.451612903225808	3.2913372216199256e-06
4h	D_H_CPT	20.473118279569896	2.62637114659085e-06
4h	D_H_CPT	20.49462365591398	2.0803009495526333e-06
4h	D_H_CPT	20.516129032258068	1.6356206592946243e-06
4h	D_H_CPT	20.537634408602152	1.2765133436772344e-06
4h	D_H_CPT	20.55913978494624	9.88904793035174e-07
4h	D_H_CPT	20.580645161290324	7.604487601137681e-07
4h	D_H_CPT	20.60215053763441	5.804593107456949e-07
4h	D_H_CPT	20.623655913978496	4.7640419890463954e-07
4h	D_H_CPT	20.645161290322584	3.820265157365323e-07
4h	D_H_CPT	20.666666666666668	3.1817870243829716e-07
4h	D_H_CPT	20.688172043010756	2.812834300835864e-07
4h	D_H_CPT	20.70967741935484	2.6921929130337787e-07
4h	D_H_CPT	20.731182795698928	2.812834300835864e-07
4h	D_H_CPT	20.752688172043012	3.1817870243829716e-07
4h	D_H_CPT	20.7741935483871	3.820265157365323e-07
4h	D_H_CPT	20.795698924731184	4.7640419890463954e-07
4h	D_H_CPT	20.81720430107527	5.804593107456949e-07
4h	D_H_CPT	20.838709677419356	7.604487601137681e-07
4h	D_H_CPT	20.860215053763444	9.88904793035174e-07
4h	D_H_CPT	20.881720430107528	1.2765133436772344e-06
4h	D_H_CPT	20.903225806451616	1.6356206592946243e-06
4h	D_H_CPT	20.9247311827957	2.0803009495526333e-06
4h	D_H_CPT	20.946236559139788	2.62637114659085e-06
4h	D_H_CPT	20.967741935483872	3.2913372216199256e-06
4h	D_H_CPT	20.98924731182796	4.094256199166122e-06
4h	D_H_CPT	21.010752688172044	5.055498672669152e-06
4h	D_H_CPT	21.03225806451613	6.1963984626467565e-06
4h	D_H_CPT	21.053763440860216	7.5387792362628515e-06
4h	D_H_CPT	21.075268817204304	9.104352521869847e-06
4h	D_H_CPT	21.096774193548388	1.0913987607198098e-05
4h	D_H_CPT	21.118279569892476	1.2986861192297051e-05
4h	D_H_CPT	21.13978494623656	1.5339503132257502e-05
4h	D_H_CPT	21.161290322580648	1.798476376420214e-05
4h	D_H_CPT	21.182795698924732	2.093073764656692e-05
4h	D_H_CPT	21.20430107526882	2.4179687407966805e-05
4h	D_H_CPT	21.225806451612904	2.7727019086197457e-05
4h	D_H_CPT	21.24731182795699	3.156036607776165e-05
4h	D_H_CPT	21.268817204301076	3.565884188137351e-05
4h	D_H_CPT	21.290322580645164	3.9992521563549456e-05
4h	D_H_CPT	21.311827956989248	4.452220782071051e-05
4h	D_H_CPT	21.333333333333336	4.919952940754638e-05
4h	D_H_CPT	21.35483870967742	5.396740757417887e-05
4h	D_H_CPT	21.376344086021508	5.876091034944674e-05
4h	D_H_CPT	21.397849462365592	6.350849569513575e-05
4h	D_H_CPT	21.41935483870968	6.813362371420953e-05
4h	D_H_CPT	21.440860215053764	7.25566964609988e-05
4h	D_H_CPT	21.46236559139785	7.669726288852021e-05
4h	D_H_CPT	21.483870967741936	8.047640757075905e-05
4h	D_H_CPT	21.505376344086024	8.381922650821817e-05
4h	D_H_CPT	21.526881720430108	8.665728285081567e-05
4h	D_H_CPT	21.548387096774196	8.893093075787323e-05
4h	D_H_CPT	21.56989247311828	9.059139748193e-05
4h	D_H_CPT	21.591397849462368	9.160252227837404e-05
4h	D_H_CPT	21.612903225806452	9.194206558462727e-05
4h	D_H_CPT	21.63440860215054	9.160252227837404e-05
4h	D_H_CPT	21.655913978494624	9.059139748193e-05
4h	D_H_CPT	21.67741935483871	8.893093075787323e-05
4h	D_H_CPT	21.698924731182796	8.665728285081567e-05
4h	D_H_CPT	21.720430107526884	8.381922650821817e-05
4h	D_H_CPT	21.741935483870968	8.047640757075905e-05
4h	D_H_CPT	21.763440860215056	7.669726288852021e-05
4h	D_H_CPT	21.78494623655914	7.25566964609988e-05
4h	D_H_CPT	21.806451612903228	6.813362371420953e-05
4h	D_H_CPT	21.827956989247312	6.350849569513575e-05
4h	D_H_CPT	21.8494623655914	5.876091034944674e-05
4h	D_H_CPT	21.870967741935484	5.396740757417887e-05
4h	D_H_CPT	21.89247311827957	4.919952940754638e-05
4h	D_H_CPT	21.913978494623656	4.452220782071051e-05
4h	D_H_CPT	21.935483870967744	3.9992521563549456e-05
4h	D_H_CPT	21.956989247311828	3.565884188137351e-05
4h	D_H_CPT	21.978494623655916	3.156036607776165e-05
4h	D_H_CPT	22.0	2.7727019086197457e-05
4h	DT_H_CPT	0.0	0.007012645074293139
4h	DT_H_CPT	0.021505376344086023	0.007070677177551262
4h	DT_H_CPT	0.043010752688172046	0.00709454883037062
4h	DT_H_CPT	0.06451612903225806	0.007088910705411041
4h	DT_H_CPT	0.08602150537634409	0.007056248671601367
4h	DT_H_CPT	0.10752688172043012	0.007005257740825645
4h	DT_H_CPT	0.12903225806451613	0.006938333505674011
4h	DT_H_CPT	0.15053763440860216	0.006865363311088465
4h	DT_H_CPT	0.17204301075268819	0.0067912612491658605
4h	DT_H_CPT	0.19354838709677422	0.006724258667688731
4h	DT_H_CPT	0.21505376344086025	0.006671455330897585
4h	DT_H_CPT	0.23655913978494625	0.006639455573091866
4h	DT_H_CPT	0.25806451612903225	0.0066342179869340965
4h	DT_H_CPT	0.2795698924731183	0.006660784623990849
4h	DT_H_CPT	0.3010752688172043	0.0067232041230430644
4h	DT_H_CPT	0.32258064516129037	0.006824318487021616
4h	DT_H_CPT	0.34408602150537637	0.00696574749895732
4h	DT_H_CPT	0.3655913978494624	0.007147732522035928
4h	DT_H_CPT	0.38709677419354843	0.007369784821334963
4h	DT_H_CPT	0.40860215053763443	0.007629078566168823
4h	DT_H_CPT	0.4301075268817205	0.0079244906470352
4h	DT_H_CPT	0.4516129032258065	0.008249295350914298
4h	DT_H_CPT	0.4731182795698925	0.008602191712394111
4h	DT_H_CPT	0.49462365591397855	0.008975897920289813
4h	DT_H_CPT	0.5161290322580645	0.00936494589878323
4h	DT_H_CPT	0.5376344086021506	0.009765166174990205
4h	DT_H_CPT	0.5591397849462366	0.010171886321617246
4h	DT_H_CPT	0.5806451612903226	0.010580963717861054
4h	DT_H_CPT	0.6021505376344086	0.01098895294849787
4h	DT_H_CPT	0.6236559139784946	0.011393227633263933
4h	DT_H_CPT	0.6451612903225807	0.011792488832793492
4h	DT_H_CPT	0.6666666666666667	0.012185239139907881
4h	DT_H_CPT	0.6881720430107527	0.012573020774741678
4h	DT_H_CPT	0.7096774193548387	0.01295689266682951
4h	DT_H_CPT	0.7311827956989247	0.01333578383692955
4h	DT_H_CPT	0.7526881720430109	0.013714516247849393
4h	DT_H_CPT	0.7741935483870969	0.014094374427801655
4h	DT_H_CPT	0.7956989247311829	0.014477466734988568
4h	DT_H_CPT	0.8172043010752689	0.014866967095656287
4h	DT_H_CPT	0.8387096774193549	0.015265202854394075
4h	DT_H_CPT	0.860215053763441	0.01567401885681565
4h	DT_H_CPT	0.881720430107527	0.01609520588959265
4h	DT_H_CPT	0.903225806451613	0.01652976416494904
4h	DT_H_CPT	0.924731182795699	0.016977267371980794
4h	DT_H_CPT	0.946236559139785	0.017439885455926993
4h	DT_H_CPT	0.967741935483871	0.017915132033812835
4h	DT_H_CPT	0.9892473118279571	0.018401892570338228
4h	DT_H_CPT	1.010752688172043	0.01889686178921087
4h	DT_H_CPT	1.032258064516129	0.019402796288754236
4h	DT_H_CPT	1.0537634408602152	0.019915945099315744
4h	DT_H_CPT	1.0752688172043012	0.020435026034465273
4h	DT_H_CPT	1.0967741935483872	0.020959386978487576
4h	DT_H_CPT	1.1182795698924732	0.021488207912670157
4h	DT_H_CPT	1.1397849462365592	0.022021298151467795
4h	DT_H_CPT	1.1612903225806452	0.022557596161859098
4h	DT_H_CPT	1.1827956989247312	0.02309656931264469
4h	DT_H_CPT	1.2043010752688172	0.02364004951171057
4h	DT_H_CPT	1.2258064516129032	0.024187916825888774
4h	DT_H_CPT	1.2473118279569892	0.02474113270848819
4h	DT_H_CPT	1.2688172043010755	0.025300867780444783
4h	DT_H_CPT	1.2903225806451615	0.02586833093858456
4h	DT_H_CPT	1.3118279569892475	0.02644439005555091
4h	DT_H_CPT	1.3333333333333335	0.027028757988953444
4h	DT_H_CPT	1.3548387096774195	0.027621541113154034
4h	DT_H_CPT	1.3763440860215055	0.028222943077373563
4h	DT_H_CPT	1.3978494623655915	0.028832357953671544
4h	DT_H_CPT	1.4193548387096775	0.02944973183852498
4h	DT_H_CPT	1.4408602150537635	0.030074416424759314
4h	DT_H_CPT	1.4623655913978495	0.03070535702373297
4h	DT_H_CPT	1.4838709677419355	0.03134160250209848
4h	DT_H_CPT	1.5053763440860217	0.03198303702373351
4h	DT_H_CPT	1.5268817204301077	0.0326260777462864
4h	DT_H_CPT	1.5483870967741937	0.03327093593218719
4h	DT_H_CPT	1.5698924731182797	0.03391744260646141
4h	DT_H_CPT	1.5913978494623657	0.03456475444715328
4h	DT_H_CPT	1.6129032258064517	0.03521220658736876
4h	DT_H_CPT	1.6344086021505377	0.035859060096052005
4h	DT_H_CPT	1.6559139784946237	0.03650627462239479
4h	DT_H_CPT	1.6774193548387097	0.037152608810231906
4h	DT_H_CPT	1.6989247311827957	0.03779729826799353
4h	DT_H_CPT	1.720430107526882	0.03844337210227455
4h	DT_H_CPT	1.741935483870968	0.039090160321464056
4h	DT_H_CPT	1.763440860215054	0.03973648698591388
4h	DT_H_CPT	1.78494623655914	0.04038243828937928
4h	DT_H_CPT	1.806451612903226	0.04102750737580509
4h	DT_H_CPT	1.827956989247312	0.04167191959804821
4h	DT_H_CPT	1.849462365591398	0.042316549013010615
4h	DT_H_CPT	1.870967741935484	0.04295915964824117
4h	DT_H_CPT	1.89247311827957	0.04359974000085229
4h	DT_H_CPT	1.913978494623656	0.04423780106481774
4h	DT_H_CPT	1.935483870967742	0.04487256491424991
4h	DT_H_CPT	1.9569892473118282	0.04550451509199041
4h	DT_H_CPT	1.9784946236559142	0.04613301660009823
4h	DT_H_CPT	2.0	0.046756544335297946
4h	DT_H_CPT	2.021505376344086	0.047375545260291814
4h	DT_H_CPT	2.043010752688172	0.04799002317176132
4h	DT_H_CPT	2.064516129032258	0.048600528599547124
4h	DT_H_CPT	2.0860215053763445	0.04920837420525663
4h	DT_H_CPT	2.1075268817204305	0.04981147997071918
4h	DT_H_CPT	2.1290322580645165	0.050414216828667056
4h	DT_H_CPT	2.1505376344086025	0.05101488369653495
4h	DT_H_CPT	2.1720430107526885	0.05161667491388777
4h	DT_H_CPT	2.1935483870967745	0.05221858362038609
4h	DT_H_CPT	2.2150537634408605	0.052822019686327416
4h	DT_H_CPT	2.2365591397849465	0.05342786719594967
4h	DT_H_CPT	2.2580645161290325	0.05403652057605421
4h	DT_H_CPT	2.2795698924731185	0.05464729205666883
4h	DT_H_CPT	2.3010752688172045	0.05526106283930843
4h	DT_H_CPT	2.3225806451612905	0.05587684209641695
4h	DT_H_CPT	2.3440860215053765	0.05649318822990273
4h	DT_H_CPT	2.3655913978494625	0.05710832240040651
4h	DT_H_CPT	2.3870967741935485	0.057720465187695184
4h	DT_H_CPT	2.4086021505376345	0.058328138344751986
4h	DT_H_CPT	2.4301075268817205	0.058926787995148285
4h	DT_H_CPT	2.4516129032258065	0.059515988904908015
4h	DT_H_CPT	2.4731182795698925	0.060089616235290244
4h	DT_H_CPT	2.4946236559139785	0.060646998429533375
4h	DT_H_CPT	2.5161290322580645	0.061185217698923225
4h	DT_H_CPT	2.537634408602151	0.06169943376514591
4h	DT_H_CPT	2.559139784946237	0.06218696495342062
4h	DT_H_CPT	2.580645161290323	0.06264534758673165
4h	DT_H_CPT	2.602150537634409	0.06307214769476892
4h	DT_H_CPT	2.623655913978495	0.06346508816792094
4h	DT_H_CPT	2.645161290322581	0.06382297049887325
4h	DT_H_CPT	2.666666666666667	0.0641453853490406
4h	DT_H_CPT	2.688172043010753	0.06443110737409229
4h	DT_H_CPT	2.709677419354839	0.06468053149067754
4h	DT_H_CPT	2.731182795698925	0.06489695594598281
4h	DT_H_CPT	2.752688172043011	0.06507931413524486
4h	DT_H_CPT	2.774193548387097	0.0652302163347121
4h	DT_H_CPT	2.795698924731183	0.06535279569462618
4h	DT_H_CPT	2.817204301075269	0.0654489546178014
4h	DT_H_CPT	2.838709677419355	0.06552168156875011
4h	DT_H_CPT	2.860215053763441	0.06557421726317716
4h	DT_H_CPT	2.881720430107527	0.0656098545125131
4h	DT_H_CPT	2.903225806451613	0.06563176592807486
4h	DT_H_CPT	2.924731182795699	0.06564404974064417
4h	DT_H_CPT	2.946236559139785	0.06564797047697829
4h	DT_H_CPT	2.967741935483871	0.065648240086417
4h	DT_H_CPT	2.9892473118279574	0.06564759252239273
4h	DT_H_CPT	3.0107526881720434	0.06564766352432434
4h	DT_H_CPT	3.0322580645161294	0.06565066824953061
4h	DT_H_CPT	3.0537634408602155	0.0656571415123701
4h	DT_H_CPT	3.0752688172043015	0.0656689816018866
4h	DT_H_CPT	3.0967741935483875	0.06568542096873994
4h	DT_H_CPT	3.1182795698924735	0.0657077867059257
4h	DT_H_CPT	3.1397849462365595	0.06573609199871172
4h	DT_H_CPT	3.1612903225806455	0.0657706593056102
4h	DT_H_CPT	3.1827956989247315	0.06581197011262112
4h	DT_H_CPT	3.2043010752688175	0.06585726981238259
4h	DT_H_CPT	3.2258064516129035	0.06590728268946022
4h	DT_H_CPT	3.2473118279569895	0.06596044284098561
4h	DT_H_CPT	3.2688172043010755	0.06601604398308902
4h	DT_H_CPT	3.2903225806451615	0.06607305271544346
4h	DT_H_CPT	3.3118279569892475	0.06613092063301824
4h	DT_H_CPT	3.3333333333333335	0.0661894134941187
4h	DT_H_CPT	3.3548387096774195	0.06624821410735861
4h	DT_H_CPT	3.3763440860215055	0.06630595164447453
4h	DT_H_CPT	3.3978494623655915	0.066362206203385
4h	DT_H_CPT	3.4193548387096775	0.06641591531692585
4h	DT_H_CPT	3.440860215053764	0.06646670239974165
4h	DT_H_CPT	3.46236559139785	0.066514241517527
4h	DT_H_CPT	3.483870967741936	0.06655752118534977
4h	DT_H_CPT	3.505376344086022	0.06659596811097322
4h	DT_H_CPT	3.526881720430108	0.0666317007952908
4h	DT_H_CPT	3.548387096774194	0.06666191065650047
4h	DT_H_CPT	3.56989247311828	0.06668602930346401
4h	DT_H_CPT	3.591397849462366	0.06670375939226811
4h	DT_H_CPT	3.612903225806452	0.06671527526497333
4h	DT_H_CPT	3.634408602150538	0.06672017263295267
4h	DT_H_CPT	3.655913978494624	0.06671980944229632
4h	DT_H_CPT	3.67741935483871	0.06671360414159438
4h	DT_H_CPT	3.698924731182796	0.06670132359375315
4h	DT_H_CPT	3.720430107526882	0.06668323318122939
4h	DT_H_CPT	3.741935483870968	0.06665979803031671
4h	DT_H_CPT	3.763440860215054	0.06663372454257666
4h	DT_H_CPT	3.78494623655914	0.06660465269722843
4h	DT_H_CPT	3.806451612903226	0.06657451921668474
4h	DT_H_CPT	3.827956989247312	0.0665435675983781
4h	DT_H_CPT	3.849462365591398	0.06651248480484592
4h	DT_H_CPT	3.870967741935484	0.06648404949196746
4h	DT_H_CPT	3.89247311827957	0.06645880911712379
4h	DT_H_CPT	3.9139784946236564	0.06643763859422915
4h	DT_H_CPT	3.9354838709677424	0.06642208501097716
4h	DT_H_CPT	3.9569892473118284	0.0664120667236234
4h	DT_H_CPT	3.9784946236559144	0.06640829058343117
4h	DT_H_CPT	4.0	0.06641288956247085
4h	DT_H_CPT	4.021505376344086	0.06642511701733028
4h	DT_H_CPT	4.043010752688172	0.0664452887373224
4h	DT_H_CPT	4.064516129032258	0.06647215916158071
4h	DT_H_CPT	4.086021505376344	0.06650663406836331
4h	DT_H_CPT	4.10752688172043	0.06654827175058611
4h	DT_H_CPT	4.129032258064516	0.06659660321582195
4h	DT_H_CPT	4.150537634408603	0.06664994011446938
4h	DT_H_CPT	4.172043010752689	0.0667071673355648
4h	DT_H_CPT	4.193548387096775	0.06676781931104485
4h	DT_H_CPT	4.215053763440861	0.06682978704798614
4h	DT_H_CPT	4.236559139784947	0.06689201631376383
4h	DT_H_CPT	4.258064516129033	0.06695299218841548
4h	DT_H_CPT	4.279569892473119	0.06701150030331808
4h	DT_H_CPT	4.301075268817205	0.06706524081079367
4h	DT_H_CPT	4.322580645161291	0.0671132126648886
4h	DT_H_CPT	4.344086021505377	0.06715405348026779
4h	DT_H_CPT	4.365591397849463	0.0671865662946477
4h	DT_H_CPT	4.387096774193549	0.06720894629608078
4h	DT_H_CPT	4.408602150537635	0.06722009578471377
4h	DT_H_CPT	4.430107526881721	0.06721975761520196
4h	DT_H_CPT	4.451612903225807	0.0672078470838308
4h	DT_H_CPT	4.473118279569893	0.06718338638299917
4h	DT_H_CPT	4.494623655913979	0.06714668007556397
4h	DT_H_CPT	4.516129032258065	0.06709825991766448
4h	DT_H_CPT	4.537634408602151	0.06703926251085217
4h	DT_H_CPT	4.559139784946237	0.06697030773380246
4h	DT_H_CPT	4.580645161290323	0.06689264676539522
4h	DT_H_CPT	4.602150537634409	0.06680845719153396
4h	DT_H_CPT	4.623655913978495	0.06671990912429622
4h	DT_H_CPT	4.645161290322581	0.06662862745796061
4h	DT_H_CPT	4.666666666666667	0.06653709857103839
4h	DT_H_CPT	4.688172043010753	0.0664469704018335
4h	DT_H_CPT	4.709677419354839	0.06636101147464653
4h	DT_H_CPT	4.731182795698925	0.06628120614863205
4h	DT_H_CPT	4.752688172043011	0.0662092850712283
4h	DT_H_CPT	4.774193548387097	0.06614739354500622
4h	DT_H_CPT	4.795698924731183	0.06609626599068509
4h	DT_H_CPT	4.817204301075269	0.06605774616755244
4h	DT_H_CPT	4.838709677419355	0.06603231516599169
4h	DT_H_CPT	4.860215053763441	0.06602073201021931
4h	DT_H_CPT	4.881720430107527	0.06602288944191809
4h	DT_H_CPT	4.903225806451613	0.06603907221953842
4h	DT_H_CPT	4.924731182795699	0.06606872688583397
4h	DT_H_CPT	4.946236559139785	0.06611051451047598
4h	DT_H_CPT	4.967741935483871	0.06616432687793421
4h	DT_H_CPT	4.989247311827957	0.0662286543108605
4h	DT_H_CPT	5.010752688172043	0.06630250969804188
4h	DT_H_CPT	5.032258064516129	0.0663842034893693
4h	DT_H_CPT	5.053763440860216	0.06647261387033872
4h	DT_H_CPT	5.075268817204302	0.06656588344923206
4h	DT_H_CPT	5.096774193548388	0.06666340305561448
4h	DT_H_CPT	5.118279569892474	0.06676334583341395
4h	DT_H_CPT	5.13978494623656	0.06686472637018497
4h	DT_H_CPT	5.161290322580646	0.0669668269109679
4h	DT_H_CPT	5.182795698924732	0.067068047342389
4h	DT_H_CPT	5.204301075268818	0.067168369619119
4h	DT_H_CPT	5.225806451612904	0.06726665043927417
4h	DT_H_CPT	5.24731182795699	0.0673630688224268
4h	DT_H_CPT	5.268817204301076	0.06745657363652384
4h	DT_H_CPT	5.290322580645162	0.06754728543374099
4h	DT_H_CPT	5.311827956989248	0.06763503700545201
4h	DT_H_CPT	5.333333333333334	0.06771989579383217
4h	DT_H_CPT	5.35483870967742	0.06780136320544163
4h	DT_H_CPT	5.376344086021506	0.0678800504168661
4h	DT_H_CPT	5.397849462365592	0.06795562363215343
4h	DT_H_CPT	5.419354838709678	0.06802778523804746
4h	DT_H_CPT	5.440860215053764	0.06809609964407497
4h	DT_H_CPT	5.46236559139785	0.06816084422150671
4h	DT_H_CPT	5.483870967741936	0.06822138049813008
4h	DT_H_CPT	5.505376344086022	0.06827719393036856
4h	DT_H_CPT	5.526881720430108	0.06832740868912936
4h	DT_H_CPT	5.548387096774194	0.06837265207096355
4h	DT_H_CPT	5.56989247311828	0.0684113817762105
4h	DT_H_CPT	5.591397849462366	0.06844388843062739
4h	DT_H_CPT	5.612903225806452	0.06846928930699026
4h	DT_H_CPT	5.634408602150538	0.06848640127499761
4h	DT_H_CPT	5.655913978494624	0.06849599855955861
4h	DT_H_CPT	5.67741935483871	0.06849758200652467
4h	DT_H_CPT	5.698924731182796	0.06849071099524734
4h	DT_H_CPT	5.720430107526882	0.06847640177350324
4h	DT_H_CPT	5.741935483870968	0.06845414750423322
4h	DT_H_CPT	5.763440860215054	0.06842428335895691
4h	DT_H_CPT	5.78494623655914	0.06838889570329501
4h	DT_H_CPT	5.806451612903226	0.0683472668105967
4h	DT_H_CPT	5.827956989247312	0.06830093528088685
4h	DT_H_CPT	5.849462365591398	0.06825056447343052
4h	DT_H_CPT	5.870967741935484	0.06819771388776623
4h	DT_H_CPT	5.89247311827957	0.06814317755594486
4h	DT_H_CPT	5.913978494623656	0.06808846839849517
4h	DT_H_CPT	5.935483870967742	0.06803395113014249
4h	DT_H_CPT	5.956989247311828	0.06798200393308589
4h	DT_H_CPT	5.978494623655915	0.06793397771090029
4h	DT_H_CPT	6.000000000000001	0.06789062205557084
4h	DT_H_CPT	6.021505376344087	0.06785354704680742
4h	DT_H_CPT	6.043010752688173	0.0678239536375682
4h	DT_H_CPT	6.064516129032259	0.06780338932987065
4h	DT_H_CPT	6.086021505376345	0.06779364258923044
4h	DT_H_CPT	6.107526881720431	0.06779582174451354
4h	DT_H_CPT	6.129032258064517	0.06781111036522215
4h	DT_H_CPT	6.150537634408603	0.06784122213753997
4h	DT_H_CPT	6.172043010752689	0.06788785847827321
4h	DT_H_CPT	6.193548387096775	0.0679521454347208
4h	DT_H_CPT	6.215053763440861	0.06803535686743509
4h	DT_H_CPT	6.236559139784947	0.06813787612326556
4h	DT_H_CPT	6.258064516129033	0.06826106090477554
4h	DT_H_CPT	6.279569892473119	0.06840511252377364
4h	DT_H_CPT	6.301075268817205	0.06856990342373322
4h	DT_H_CPT	6.322580645161291	0.06875561665632919
4h	DT_H_CPT	6.344086021505377	0.06896151564720046
4h	DT_H_CPT	6.365591397849463	0.06918686759264839
4h	DT_H_CPT	6.387096774193549	0.06943082924103307
4h	DT_H_CPT	6.408602150537635	0.06969065202617523
4h	DT_H_CPT	6.430107526881721	0.06996503472662215
4h	DT_H_CPT	6.451612903225807	0.0702515160144526
4h	DT_H_CPT	6.473118279569893	0.07054859142528784
4h	DT_H_CPT	6.494623655913979	0.0708539847962895
4h	DT_H_CPT	6.516129032258065	0.07116464169204391
4h	DT_H_CPT	6.537634408602151	0.07147910276582965
4h	DT_H_CPT	6.559139784946237	0.07179577054917381
4h	DT_H_CPT	6.580645161290323	0.07211212205063348
4h	DT_H_CPT	6.602150537634409	0.07242684179526411
4h	DT_H_CPT	6.623655913978495	0.07273896167266189
4h	DT_H_CPT	6.645161290322581	0.07304883352236603
4h	DT_H_CPT	6.666666666666667	0.07335444365042601
4h	DT_H_CPT	6.688172043010753	0.07365666875253876
4h	DT_H_CPT	6.709677419354839	0.07395592839498645
4h	DT_H_CPT	6.731182795698925	0.07425219764757672
4h	DT_H_CPT	6.752688172043011	0.07454633205249148
4h	DT_H_CPT	6.774193548387097	0.07483956169179144
4h	DT_H_CPT	6.795698924731183	0.07513292437132724
4h	DT_H_CPT	6.817204301075269	0.07542705966237993
4h	DT_H_CPT	6.838709677419355	0.07572313849335072
4h	DT_H_CPT	6.860215053763441	0.07602232463292873
4h	DT_H_CPT	6.881720430107528	0.07632475635509944
4h	DT_H_CPT	6.903225806451614	0.07663142380321648
4h	DT_H_CPT	6.9247311827957	0.07694261019374427
4h	DT_H_CPT	6.946236559139786	0.07725904760250016
4h	DT_H_CPT	6.967741935483872	0.07758061329502308
4h	DT_H_CPT	6.989247311827958	0.07790757436832883
4h	DT_H_CPT	7.010752688172044	0.07823993669838962
4h	DT_H_CPT	7.03225806451613	0.07857743414309623
4h	DT_H_CPT	7.053763440860216	0.07892073093847735
4h	DT_H_CPT	7.075268817204302	0.07926978213938884
4h	DT_H_CPT	7.096774193548388	0.07962495205608405
4h	DT_H_CPT	7.118279569892474	0.07998619577260686
4h	DT_H_CPT	7.13978494623656	0.08035404698153407
4h	DT_H_CPT	7.161290322580646	0.0807293331496714
4h	DT_H_CPT	7.182795698924732	0.08111332025624485
4h	DT_H_CPT	7.204301075268818	0.08150646255939678
4h	DT_H_CPT	7.225806451612904	0.08191059561225546
4h	DT_H_CPT	7.24731182795699	0.08232723265387912
4h	DT_H_CPT	7.268817204301076	0.08275791059407178
4h	DT_H_CPT	7.290322580645162	0.08320392885302455
4h	DT_H_CPT	7.311827956989248	0.08366708442418691
4h	DT_H_CPT	7.333333333333334	0.08414983286016864
4h	DT_H_CPT	7.35483870967742	0.0846529474015224
4h	DT_H_CPT	7.376344086021506	0.08517792646282678
4h	DT_H_CPT	7.397849462365592	0.08572587076816239
4h	DT_H_CPT	7.419354838709678	0.08629852045919903
4h	DT_H_CPT	7.440860215053764	0.08689664654371726
4h	DT_H_CPT	7.46236559139785	0.08751942933665251
4h	DT_H_CPT	7.483870967741936	0.08816854296148902
4h	DT_H_CPT	7.505376344086022	0.08884233764324256
4h	DT_H_CPT	7.526881720430108	0.0895411862267302
4h	DT_H_CPT	7.548387096774194	0.09026318273258002
4h	DT_H_CPT	7.56989247311828	0.0910075752958435
4h	DT_H_CPT	7.591397849462366	0.09177204571886789
4h	DT_H_CPT	7.612903225806452	0.09255532781676745
4h	DT_H_CPT	7.634408602150538	0.09335484371607021
4h	DT_H_CPT	7.655913978494624	0.09416807823434953
4h	DT_H_CPT	7.67741935483871	0.09499219074114577
4h	DT_H_CPT	7.698924731182796	0.09582585534230717
4h	DT_H_CPT	7.720430107526882	0.09666486465274121
4h	DT_H_CPT	7.741935483870968	0.09750742816250814
4h	DT_H_CPT	7.763440860215054	0.09835097646940505
4h	DT_H_CPT	7.78494623655914	0.09919316303046803
4h	DT_H_CPT	7.806451612903227	0.10003188104603573
4h	DT_H_CPT	7.827956989247313	0.10086534411060781
4h	DT_H_CPT	7.849462365591399	0.1016913504118865
4h	DT_H_CPT	7.870967741935485	0.10250805737005474
4h	DT_H_CPT	7.892473118279571	0.10331468459743742
4h	DT_H_CPT	7.913978494623657	0.10410981562252147
4h	DT_H_CPT	7.935483870967743	0.10489276518369076
4h	DT_H_CPT	7.956989247311829	0.10566211439610115
4h	DT_H_CPT	7.978494623655915	0.1064170084259455
4h	DT_H_CPT	8.0	0.10715731233824317
4h	DT_H_CPT	8.021505376344086	0.1078817159462228
4h	DT_H_CPT	8.043010752688172	0.10858924113629538
4h	DT_H_CPT	8.064516129032258	0.10927965317546834
4h	DT_H_CPT	8.086021505376344	0.1099516272909253
4h	DT_H_CPT	8.10752688172043	0.11060492687310519
4h	DT_H_CPT	8.129032258064516	0.11123911076156504
4h	DT_H_CPT	8.150537634408602	0.11185307600176513
4h	DT_H_CPT	8.172043010752688	0.11244668752516222
4h	DT_H_CPT	8.193548387096774	0.11301879474076677
4h	DT_H_CPT	8.21505376344086	0.11356984904876499
4h	DT_H_CPT	8.236559139784946	0.114100429967169
4h	DT_H_CPT	8.258064516129032	0.11461037032032637
4h	DT_H_CPT	8.27956989247312	0.11510148024377785
4h	DT_H_CPT	8.301075268817206	0.11557446427132273
4h	DT_H_CPT	8.322580645161292	0.1160304245676979
4h	DT_H_CPT	8.344086021505378	0.11647185135487334
4h	DT_H_CPT	8.365591397849464	0.1169015108245286
4h	DT_H_CPT	8.38709677419355	0.11732114980132712
4h	DT_H_CPT	8.408602150537636	0.11773541084603306
4h	DT_H_CPT	8.430107526881722	0.11814689377520853
4h	DT_H_CPT	8.451612903225808	0.11855906644545598
4h	DT_H_CPT	8.473118279569894	0.11897535152471986
4h	DT_H_CPT	8.49462365591398	0.11939894201893388
4h	DT_H_CPT	8.516129032258066	0.11983384004248694
4h	DT_H_CPT	8.537634408602152	0.12028185765248678
4h	DT_H_CPT	8.559139784946238	0.12074565349981811
4h	DT_H_CPT	8.580645161290324	0.12122900797008489
4h	DT_H_CPT	8.60215053763441	0.12173166110461646
4h	DT_H_CPT	8.623655913978496	0.1222548049640405
4h	DT_H_CPT	8.645161290322582	0.12279771171899376
4h	DT_H_CPT	8.666666666666668	0.12336199795683617
4h	DT_H_CPT	8.688172043010754	0.12394494509058936
4h	DT_H_CPT	8.70967741935484	0.12454469423980352
4h	DT_H_CPT	8.731182795698926	0.12515924288391572
4h	DT_H_CPT	8.752688172043012	0.12578514699447985
4h	DT_H_CPT	8.774193548387098	0.12641906748836595
4h	DT_H_CPT	8.795698924731184	0.12705653130285238
4h	DT_H_CPT	8.81720430107527	0.1276932088362887
4h	DT_H_CPT	8.838709677419356	0.12832570292499978
4h	DT_H_CPT	8.860215053763442	0.12894783364254855
4h	DT_H_CPT	8.881720430107528	0.12955605301111267
4h	DT_H_CPT	8.903225806451614	0.1301454075217918
4h	DT_H_CPT	8.9247311827957	0.13071185392636778
4h	DT_H_CPT	8.946236559139786	0.13125219514369627
4h	DT_H_CPT	8.967741935483872	0.1317626982223092
4h	DT_H_CPT	8.989247311827958	0.13224023930311407
4h	DT_H_CPT	9.010752688172044	0.13268349217823336
4h	DT_H_CPT	9.03225806451613	0.13309051609675016
4h	DT_H_CPT	9.053763440860216	0.13346056573148712
4h	DT_H_CPT	9.075268817204302	0.1337939515623606
4h	DT_H_CPT	9.096774193548388	0.13409114173343037
4h	DT_H_CPT	9.118279569892474	0.13435392166497515
4h	DT_H_CPT	9.13978494623656	0.134584099058253
4h	DT_H_CPT	9.161290322580646	0.1347851140291967
4h	DT_H_CPT	9.182795698924732	0.13495991157383752
4h	DT_H_CPT	9.204301075268818	0.1351123682815135
4h	DT_H_CPT	9.225806451612904	0.1352460320336298
4h	DT_H_CPT	9.24731182795699	0.13536560953898238
4h	DT_H_CPT	9.268817204301076	0.1354752935795855
4h	DT_H_CPT	9.290322580645162	0.13557992796915855
4h	DT_H_CPT	9.311827956989248	0.13568336521993704
4h	DT_H_CPT	9.333333333333334	0.13578955903725903
4h	DT_H_CPT	9.35483870967742	0.13590299305935827
4h	DT_H_CPT	9.376344086021506	0.13602659630699393
4h	DT_H_CPT	9.397849462365592	0.13616291092589386
4h	DT_H_CPT	9.419354838709678	0.13631413892890323
4h	DT_H_CPT	9.440860215053764	0.13648177047891752
4h	DT_H_CPT	9.46236559139785	0.13666762072448846
4h	DT_H_CPT	9.483870967741936	0.13687026034933106
4h	DT_H_CPT	9.505376344086022	0.13709076238265608
4h	DT_H_CPT	9.526881720430108	0.13732578975313864
4h	DT_H_CPT	9.548387096774194	0.1375744879862448
4h	DT_H_CPT	9.56989247311828	0.13783404189935608
4h	DT_H_CPT	9.591397849462366	0.13810234786909134
4h	DT_H_CPT	9.612903225806452	0.13837432347001286
4h	DT_H_CPT	9.634408602150538	0.1386467038414311
4h	DT_H_CPT	9.655913978494624	0.1389142239886538
4h	DT_H_CPT	9.67741935483871	0.1391734253010653
4h	DT_H_CPT	9.698924731182796	0.13941780121569408
4h	DT_H_CPT	9.720430107526882	0.13964419311784995
4h	DT_H_CPT	9.741935483870968	0.13984634272920388
4h	DT_H_CPT	9.763440860215054	0.14001977308855817
4h	DT_H_CPT	9.78494623655914	0.14016022209117462
4h	DT_H_CPT	9.806451612903226	0.14026366128833276
4h	DT_H_CPT	9.827956989247312	0.1403263291161043
4h	DT_H_CPT	9.849462365591398	0.14034433617097336
4h	DT_H_CPT	9.870967741935484	0.14031564629351484
4h	DT_H_CPT	9.89247311827957	0.14023704606669554
4h	DT_H_CPT	9.913978494623656	0.14010734024288507
4h	DT_H_CPT	9.935483870967742	0.13992546711092343
4h	DT_H_CPT	9.956989247311828	0.13969115963561546
4h	DT_H_CPT	9.978494623655914	0.13940499808806045
4h	DT_H_CPT	10.0	0.13906722037581332
4h	DT_H_CPT	10.021505376344086	0.13868048831256116
4h	DT_H_CPT	10.043010752688172	0.1382465928347986
4h	DT_H_CPT	10.064516129032258	0.13776860495841267
4h	DT_H_CPT	10.086021505376344	0.137250190850862
4h	DT_H_CPT	10.107526881720432	0.13669433130802633
4h	DT_H_CPT	10.129032258064518	0.13610576662617763
4h	DT_H_CPT	10.150537634408604	0.1354894243580623
4h	DT_H_CPT	10.17204301075269	0.13484961989483624
4h	DT_H_CPT	10.193548387096776	0.13419194364329354
4h	DT_H_CPT	10.215053763440862	0.13352118057670836
4h	DT_H_CPT	10.236559139784948	0.13284226760640053
4h	DT_H_CPT	10.258064516129034	0.13216019616105268
4h	DT_H_CPT	10.27956989247312	0.13147838309560553
4h	DT_H_CPT	10.301075268817206	0.13080177763889728
4h	DT_H_CPT	10.322580645161292	0.1301339433982215
4h	DT_H_CPT	10.344086021505378	0.12947771336224714
4h	DT_H_CPT	10.365591397849464	0.12883466505321675
4h	DT_H_CPT	10.38709677419355	0.12820686496034706
4h	DT_H_CPT	10.408602150537636	0.1275947082277002
4h	DT_H_CPT	10.430107526881722	0.12699766077263763
4h	DT_H_CPT	10.451612903225808	0.12641510739546724
4h	DT_H_CPT	10.473118279569894	0.12584525748141048
4h	DT_H_CPT	10.49462365591398	0.12528561006520075
4h	DT_H_CPT	10.516129032258066	0.1247332042964707
4h	DT_H_CPT	10.537634408602152	0.12418466841005302
4h	DT_H_CPT	10.559139784946238	0.12363540335756748
4h	DT_H_CPT	10.580645161290324	0.12308062058929976
4h	DT_H_CPT	10.60215053763441	0.12251677253965654
4h	DT_H_CPT	10.623655913978496	0.12193923195207826
4h	DT_H_CPT	10.645161290322582	0.12134358685424572
4h	DT_H_CPT	10.666666666666668	0.12072555066338476
4h	DT_H_CPT	10.688172043010754	0.12008173727183492
4h	DT_H_CPT	10.70967741935484	0.11940898895291642
4h	DT_H_CPT	10.731182795698926	0.11870429362534865
4h	DT_H_CPT	10.752688172043012	0.1179663334748428
4h	DT_H_CPT	10.774193548387098	0.11719319762415978
4h	DT_H_CPT	10.795698924731184	0.11638495060316059
4h	DT_H_CPT	10.81720430107527	0.11554172008093533
4h	DT_H_CPT	10.838709677419356	0.11466385538446214
4h	DT_H_CPT	10.860215053763442	0.11375368713388681
4h	DT_H_CPT	10.881720430107528	0.11281320063093678
4h	DT_H_CPT	10.903225806451614	0.1118444844302136
4h	DT_H_CPT	10.9247311827957	0.11085035492478879
4h	DT_H_CPT	10.946236559139786	0.10983386919082712
4h	DT_H_CPT	10.967741935483872	0.10879871988556476
4h	DT_H_CPT	10.989247311827958	0.10774852373383995
4h	DT_H_CPT	11.010752688172044	0.10668558357791913
4h	DT_H_CPT	11.03225806451613	0.10561379209827218
4h	DT_H_CPT	11.053763440860216	0.10453595295754413
4h	DT_H_CPT	11.075268817204302	0.1034544324596803
4h	DT_H_CPT	11.096774193548388	0.10237185692855451
4h	DT_H_CPT	11.118279569892474	0.10128964505247891
4h	DT_H_CPT	11.13978494623656	0.10020949845274245
4h	DT_H_CPT	11.161290322580646	0.09913147830369663
4h	DT_H_CPT	11.182795698924732	0.09805654047723811
4h	DT_H_CPT	11.204301075268818	0.09698531186657997
4h	DT_H_CPT	11.225806451612904	0.09591718056474688
4h	DT_H_CPT	11.24731182795699	0.09485106539668317
4h	DT_H_CPT	11.268817204301076	0.09378643431226415
4h	DT_H_CPT	11.290322580645162	0.09272202439463845
4h	DT_H_CPT	11.311827956989248	0.0916568090711072
4h	DT_H_CPT	11.333333333333334	0.09058921838000222
4h	DT_H_CPT	11.35483870967742	0.08951821760733608
4h	DT_H_CPT	11.376344086021506	0.08844262911971214
4h	DT_H_CPT	11.397849462365592	0.08736183157421594
4h	DT_H_CPT	11.419354838709678	0.0862745336411158
4h	DT_H_CPT	11.440860215053764	0.08518079244408264
4h	DT_H_CPT	11.46236559139785	0.08407957799734435
4h	DT_H_CPT	11.483870967741936	0.08297187677063275
4h	DT_H_CPT	11.505376344086022	0.0818570933093403
4h	DT_H_CPT	11.526881720430108	0.08073709386926455
4h	DT_H_CPT	11.548387096774194	0.07961188200377904
4h	DT_H_CPT	11.56989247311828	0.07848258473683113
4h	DT_H_CPT	11.591397849462366	0.07734979073002202
4h	DT_H_CPT	11.612903225806452	0.0762157720435934
4h	DT_H_CPT	11.634408602150538	0.07508150060460496
4h	DT_H_CPT	11.655913978494624	0.07394815230269976
4h	DT_H_CPT	11.67741935483871	0.07281689176165178
4h	DT_H_CPT	11.698924731182796	0.07168920192141894
4h	DT_H_CPT	11.720430107526882	0.07056528847577737
4h	DT_H_CPT	11.741935483870968	0.06944714640395648
4h	DT_H_CPT	11.763440860215054	0.06833429130799784
4h	DT_H_CPT	11.78494623655914	0.06722728980175713
4h	DT_H_CPT	11.806451612903226	0.066126320420675
4h	DT_H_CPT	11.827956989247312	0.06503145390843554
4h	DT_H_CPT	11.849462365591398	0.06394351116660861
4h	DT_H_CPT	11.870967741935484	0.0628618517550273
4h	DT_H_CPT	11.89247311827957	0.06178669917722998
4h	DT_H_CPT	11.913978494623656	0.060717929657252236
4h	DT_H_CPT	11.935483870967744	0.05965616249048153
4h	DT_H_CPT	11.95698924731183	0.058601384758813865
4h	DT_H_CPT	11.978494623655916	0.05755473716178286
4h	DT_H_CPT	12.000000000000002	0.05651718785868574
4h	DT_H_CPT	12.021505376344088	0.05548941590858933
4h	DT_H_CPT	12.043010752688174	0.05447328865925128
4h	DT_H_CPT	12.06451612903226	0.053470057889204205
4h	DT_H_CPT	12.086021505376346	0.052481641100861655
4h	DT_H_CPT	12.107526881720432	0.051510716257245966
4h	DT_H_CPT	12.129032258064518	0.050558863108024175
4h	DT_H_CPT	12.150537634408604	0.04962843806769922
4h	DT_H_CPT	12.17204301075269	0.048721470825823614
4h	DT_H_CPT	12.193548387096776	0.04783998527390815
4h	DT_H_CPT	12.215053763440862	0.046985278485204514
4h	DT_H_CPT	12.236559139784948	0.04615906903482145
4h	DT_H_CPT	12.258064516129034	0.045362753187492375
4h	DT_H_CPT	12.27956989247312	0.044597349334349445
4h	DT_H_CPT	12.301075268817206	0.043862847691122794
4h	DT_H_CPT	12.322580645161292	0.043159276262825064
4h	DT_H_CPT	12.344086021505378	0.042486009038269275
4h	DT_H_CPT	12.365591397849464	0.04184214605272758
4h	DT_H_CPT	12.38709677419355	0.04122670965351698
4h	DT_H_CPT	12.408602150537636	0.04063766270703275
4h	DT_H_CPT	12.430107526881722	0.04007344389959255
4h	DT_H_CPT	12.451612903225808	0.039531860226019906
4h	DT_H_CPT	12.473118279569894	0.039010562192341565
4h	DT_H_CPT	12.49462365591398	0.03850721063208461
4h	DT_H_CPT	12.516129032258066	0.03801909850965655
4h	DT_H_CPT	12.537634408602152	0.03754462593624522
4h	DT_H_CPT	12.559139784946238	0.03708122395992644
4h	DT_H_CPT	12.580645161290324	0.036626402604176114
4h	DT_H_CPT	12.60215053763441	0.03617869083408472
4h	DT_H_CPT	12.623655913978496	0.03573583581502872
4h	DT_H_CPT	12.645161290322582	0.03529642060452971
4h	DT_H_CPT	12.666666666666668	0.034858989307425696
4h	DT_H_CPT	12.688172043010754	0.03442262025267633
4h	DT_H_CPT	12.70967741935484	0.03398601936239277
4h	DT_H_CPT	12.731182795698926	0.03354852402700785
4h	DT_H_CPT	12.752688172043012	0.03310908584821639
4h	DT_H_CPT	12.774193548387098	0.03266747781182566
4h	DT_H_CPT	12.795698924731184	0.03222289967275754
4h	DT_H_CPT	12.81720430107527	0.031775066332559665
4h	DT_H_CPT	12.838709677419356	0.03132359226541044
4h	DT_H_CPT	12.860215053763442	0.030868181166852336
4h	DT_H_CPT	12.881720430107528	0.03040840517543595
4h	DT_H_CPT	12.903225806451614	0.029944313122997498
4h	DT_H_CPT	12.9247311827957	0.02947592712912324
4h	DT_H_CPT	12.946236559139786	0.02900281791187166
4h	DT_H_CPT	12.967741935483872	0.0285251362776333
4h	DT_H_CPT	12.989247311827958	0.028043104936686936
4h	DT_H_CPT	13.010752688172044	0.027557604197296106
4h	DT_H_CPT	13.03225806451613	0.02706837121170404
4h	DT_H_CPT	13.053763440860216	0.026576046364080345
4h	DT_H_CPT	13.075268817204302	0.02608150283230689
4h	DT_H_CPT	13.096774193548388	0.02558586768940737
4h	DT_H_CPT	13.118279569892474	0.025090017880873804
4h	DT_H_CPT	13.13978494623656	0.024595276955171167
4h	DT_H_CPT	13.161290322580646	0.024102801616822413
4h	DT_H_CPT	13.182795698924732	0.02361390115357101
4h	DT_H_CPT	13.204301075268818	0.023129631686486914
4h	DT_H_CPT	13.225806451612904	0.02265170457255746
4h	DT_H_CPT	13.24731182795699	0.022181216305900912
4h	DT_H_CPT	13.268817204301076	0.02171959849927569
4h	DT_H_CPT	13.290322580645162	0.02126723528470831
4h	DT_H_CPT	13.311827956989248	0.020825280197252296
4h	DT_H_CPT	13.333333333333334	0.020394126602015922
4h	DT_H_CPT	13.35483870967742	0.01997415638410325
4h	DT_H_CPT	13.376344086021506	0.019565499676468263
4h	DT_H_CPT	13.397849462365592	0.019168170807950892
4h	DT_H_CPT	13.419354838709678	0.01878136092726519
4h	DT_H_CPT	13.440860215053764	0.018404376061348558
4h	DT_H_CPT	13.46236559139785	0.01803709632304383
4h	DT_H_CPT	13.483870967741936	0.017677994066932483
4h	DT_H_CPT	13.505376344086022	0.017326315267189214
4h	DT_H_CPT	13.526881720430108	0.016980708474116455
4h	DT_H_CPT	13.548387096774194	0.01664013345425922
4h	DT_H_CPT	13.56989247311828	0.0163034830233259
4h	DT_H_CPT	13.591397849462366	0.015969739150427237
4h	DT_H_CPT	13.612903225806452	0.01563817167389119
4h	DT_H_CPT	13.634408602150538	0.015308331760989311
4h	DT_H_CPT	13.655913978494624	0.014979924615104973
4h	DT_H_CPT	13.67741935483871	0.014652402508972482
4h	DT_H_CPT	13.698924731182796	0.01432648775017745
4h	DT_H_CPT	13.720430107526882	0.014002350536838185
4h	DT_H_CPT	13.741935483870968	0.013680573081918723
4h	DT_H_CPT	13.763440860215056	0.013362313406418322
4h	DT_H_CPT	13.784946236559142	0.013048313130913529
4h	DT_H_CPT	13.806451612903228	0.01274031308549426
4h	DT_H_CPT	13.827956989247314	0.012439286182133557
4h	DT_H_CPT	13.8494623655914	0.012146746655385827
4h	DT_H_CPT	13.870967741935486	0.011863952002136397
4h	DT_H_CPT	13.892473118279572	0.011592493100665341
4h	DT_H_CPT	13.913978494623658	0.01133346857992464
4h	DT_H_CPT	13.935483870967744	0.011087868674940835
4h	DT_H_CPT	13.95698924731183	0.010856639572164251
4h	DT_H_CPT	13.978494623655916	0.010640224629913306
4h	DT_H_CPT	14.000000000000002	0.010438976072288107
4h	DT_H_CPT	14.021505376344088	0.010253188020609181
4h	DT_H_CPT	14.043010752688174	0.010082645575617534
4h	DT_H_CPT	14.06451612903226	0.009926596733471701
4h	DT_H_CPT	14.086021505376346	0.009784502862167806
4h	DT_H_CPT	14.107526881720432	0.009655326326773305
4h	DT_H_CPT	14.129032258064518	0.00953803271510381
4h	DT_H_CPT	14.150537634408604	0.009431081411684965
4h	DT_H_CPT	14.17204301075269	0.009333296729291576
4h	DT_H_CPT	14.193548387096776	0.009243024235817274
4h	DT_H_CPT	14.215053763440862	0.00915888097855174
4h	DT_H_CPT	14.236559139784948	0.009079112553160391
4h	DT_H_CPT	14.258064516129034	0.009002375342082505
4h	DT_H_CPT	14.27956989247312	0.008927480675366363
4h	DT_H_CPT	14.301075268817206	0.008852924587217707
4h	DT_H_CPT	14.322580645161292	0.008777755009520334
4h	DT_H_CPT	14.344086021505378	0.00870097855531848
4h	DT_H_CPT	14.365591397849464	0.008621981279908207
4h	DT_H_CPT	14.38709677419355	0.008539957225774669
4h	DT_H_CPT	14.408602150537636	0.008454682598775281
4h	DT_H_CPT	14.430107526881722	0.008365723152226556
4h	DT_H_CPT	14.451612903225808	0.008272974638137554
4h	DT_H_CPT	14.473118279569894	0.008176497043863444
4h	DT_H_CPT	14.49462365591398	0.00807655238493358
4h	DT_H_CPT	14.516129032258066	0.007973312822327298
4h	DT_H_CPT	14.537634408602152	0.007866876034696886
4h	DT_H_CPT	14.559139784946238	0.007757963896767535
4h	DT_H_CPT	14.580645161290324	0.007646850009725199
4h	DT_H_CPT	14.60215053763441	0.007533927027787633
4h	DT_H_CPT	14.623655913978496	0.007419789993821621
4h	DT_H_CPT	14.645161290322582	0.0073047755946131
4h	DT_H_CPT	14.666666666666668	0.007189393278226115
4h	DT_H_CPT	14.688172043010754	0.007074009006411573
4h	DT_H_CPT	14.70967741935484	0.0069589582540934
4h	DT_H_CPT	14.731182795698926	0.006844809159540697
4h	DT_H_CPT	14.752688172043012	0.006731764750807761
4h	DT_H_CPT	14.774193548387098	0.0066201521207455375
4h	DT_H_CPT	14.795698924731184	0.0065102611563320565
4h	DT_H_CPT	14.81720430107527	0.006402233461428381
4h	DT_H_CPT	14.838709677419356	0.0062963626110790075
4h	DT_H_CPT	14.860215053763442	0.006193068977629233
4h	DT_H_CPT	14.881720430107528	0.006092193537167372
4h	DT_H_CPT	14.903225806451614	0.005994044155356105
4h	DT_H_CPT	14.9247311827957	0.005898644449990122
4h	DT_H_CPT	14.946236559139786	0.005806068224295813
4h	DT_H_CPT	14.967741935483872	0.005716354884118197
4h	DT_H_CPT	14.989247311827958	0.005629560135120123
4h	DT_H_CPT	15.010752688172044	0.005545491306027981
4h	DT_H_CPT	15.03225806451613	0.005464347508568626
4h	DT_H_CPT	15.053763440860216	0.00538591218127316
4h	DT_H_CPT	15.075268817204302	0.005309953573563904
4h	DT_H_CPT	15.096774193548388	0.005236260913550002
4h	DT_H_CPT	15.118279569892474	0.005164797382290023
4h	DT_H_CPT	15.13978494623656	0.005095114841348983
4h	DT_H_CPT	15.161290322580646	0.005027222913828372
4h	DT_H_CPT	15.182795698924732	0.004960739551504938
4h	DT_H_CPT	15.204301075268818	0.0048953325884509066
4h	DT_H_CPT	15.225806451612904	0.004830570680673432
4h	DT_H_CPT	15.24731182795699	0.004766378058719082
4h	DT_H_CPT	15.268817204301076	0.004702219202163344
4h	DT_H_CPT	15.290322580645162	0.004638063147773747
4h	DT_H_CPT	15.311827956989248	0.004573249301001846
4h	DT_H_CPT	15.333333333333334	0.004507710622952997
4h	DT_H_CPT	15.35483870967742	0.004441143832369997
4h	DT_H_CPT	15.376344086021506	0.0043733578251790185
4h	DT_H_CPT	15.397849462365592	0.004303976923225522
4h	DT_H_CPT	15.419354838709678	0.004233106101866046
4h	DT_H_CPT	15.440860215053764	0.004160412978855081
4h	DT_H_CPT	15.46236559139785	0.004085720318464914
4h	DT_H_CPT	15.483870967741936	0.004009052600735589
4h	DT_H_CPT	15.505376344086022	0.003930263550838641
4h	DT_H_CPT	15.526881720430108	0.0038496488995329718
4h	DT_H_CPT	15.548387096774194	0.003766948810041313
4h	DT_H_CPT	15.56989247311828	0.003682406359771424
4h	DT_H_CPT	15.591397849462366	0.0035960821422700837
4h	DT_H_CPT	15.612903225806454	0.0035082647260776287
4h	DT_H_CPT	15.63440860215054	0.0034191539912284304
4h	DT_H_CPT	15.655913978494626	0.0033288625790029334
4h	DT_H_CPT	15.677419354838712	0.0032378010941169805
4h	DT_H_CPT	15.698924731182798	0.0031462245317810176
4h	DT_H_CPT	15.720430107526884	0.003054516915791103
4h	DT_H_CPT	15.74193548387097	0.00296298159653958
4h	DT_H_CPT	15.763440860215056	0.002872145375495807
4h	DT_H_CPT	15.784946236559142	0.0027822400747040325
4h	DT_H_CPT	15.806451612903228	0.0026936642505651824
4h	DT_H_CPT	15.827956989247314	0.0026066676953167326
4h	DT_H_CPT	15.8494623655914	0.002521748311104206
4h	DT_H_CPT	15.870967741935486	0.0024391385736839454
4h	DT_H_CPT	15.892473118279572	0.002359175785735154
4h	DT_H_CPT	15.913978494623658	0.0022821200991471917
4h	DT_H_CPT	15.935483870967744	0.002208110019341761
4h	DT_H_CPT	15.95698924731183	0.002137477514268302
4h	DT_H_CPT	15.978494623655916	0.0020703258514176946
4h	DT_H_CPT	16.0	0.0020068207120219174
4h	DT_H_CPT	16.021505376344088	0.0019468842836500586
4h	DT_H_CPT	16.043010752688172	0.0018906158061355739
4h	DT_H_CPT	16.06451612903226	0.00183801362212432
4h	DT_H_CPT	16.086021505376344	0.0017890755907782566
4h	DT_H_CPT	16.107526881720432	0.0017436174028425443
4h	DT_H_CPT	16.129032258064516	0.0017016513703430052
4h	DT_H_CPT	16.150537634408604	0.0016630270404215184
4h	DT_H_CPT	16.172043010752688	0.0016274895691244285
4h	DT_H_CPT	16.193548387096776	0.0015949732614799392
4h	DT_H_CPT	16.21505376344086	0.0015651706694133584
4h	DT_H_CPT	16.236559139784948	0.0015378892201613514
4h	DT_H_CPT	16.258064516129032	0.0015128317280173652
4h	DT_H_CPT	16.27956989247312	0.00148969521632349
4h	DT_H_CPT	16.301075268817204	0.0014681877429393846
4h	DT_H_CPT	16.322580645161292	0.0014481064165862256
4h	DT_H_CPT	16.344086021505376	0.0014291086633774074
4h	DT_H_CPT	16.365591397849464	0.00141083392182447
4h	DT_H_CPT	16.387096774193548	0.001393038233491812
4h	DT_H_CPT	16.408602150537636	0.0013754072196054175
4h	DT_H_CPT	16.43010752688172	0.0013577958452228437
4h	DT_H_CPT	16.451612903225808	0.0013399847199678078
4h	DT_H_CPT	16.473118279569892	0.0013217679312462149
4h	DT_H_CPT	16.49462365591398	0.0013029899087924045
4h	DT_H_CPT	16.516129032258064	0.0012835971546002873
4h	DT_H_CPT	16.537634408602152	0.0012635702318961892
4h	DT_H_CPT	16.55913978494624	0.0012428484261032963
4h	DT_H_CPT	16.580645161290324	0.0012215338357883419
4h	DT_H_CPT	16.60215053763441	0.0011996446167959088
4h	DT_H_CPT	16.623655913978496	0.0011773006231730605
4h	DT_H_CPT	16.645161290322584	0.0011547481128759702
4h	DT_H_CPT	16.666666666666668	0.0011320113839984585
4h	DT_H_CPT	16.688172043010756	0.0011092916982604077
4h	DT_H_CPT	16.70967741935484	0.001086728515298408
4h	DT_H_CPT	16.731182795698928	0.001064564938651782
4h	DT_H_CPT	16.752688172043012	0.0010428223689550296
4h	DT_H_CPT	16.7741935483871	0.0010217169831651385
4h	DT_H_CPT	16.795698924731184	0.0010013313806096335
4h	DT_H_CPT	16.81720430107527	0.0009816670327716464
4h	DT_H_CPT	16.838709677419356	0.0009627595575985584
4h	DT_H_CPT	16.860215053763444	0.0009446312049986222
4h	DT_H_CPT	16.881720430107528	0.0009272947362964483
4h	DT_H_CPT	16.903225806451616	0.0009106004153100718
4h	DT_H_CPT	16.9247311827957	0.0008944292323768327
4h	DT_H_CPT	16.946236559139788	0.0008786445759407751
4h	DT_H_CPT	16.967741935483872	0.0008630869942901706
4h	DT_H_CPT	16.98924731182796	0.0008475803090500594
4h	DT_H_CPT	17.010752688172044	0.0008319123483579503
4h	DT_H_CPT	17.03225806451613	0.0008159531029162285
4h	DT_H_CPT	17.053763440860216	0.0007994294097688717
4h	DT_H_CPT	17.075268817204304	0.0007822340516787815
4h	DT_H_CPT	17.096774193548388	0.0007642678545797055
4h	DT_H_CPT	17.118279569892476	0.0007453274944001272
4h	DT_H_CPT	17.13978494623656	0.0007253010212789398
4h	DT_H_CPT	17.161290322580648	0.0007041563512721132
4h	DT_H_CPT	17.182795698924732	0.0006817511007365826
4h	DT_H_CPT	17.20430107526882	0.000658238214049276
4h	DT_H_CPT	17.225806451612904	0.000633595012928262
4h	DT_H_CPT	17.24731182795699	0.0006079122031935558
4h	DT_H_CPT	17.268817204301076	0.0005813196501685535
4h	DT_H_CPT	17.290322580645164	0.0005539321044517379
4h	DT_H_CPT	17.311827956989248	0.0005261044598144024
4h	DT_H_CPT	17.333333333333336	0.0004979343368379761
4h	DT_H_CPT	17.35483870967742	0.0004696999241894071
4h	DT_H_CPT	17.376344086021508	0.0004416692790617513
4h	DT_H_CPT	17.397849462365592	0.0004140933768763355
4h	DT_H_CPT	17.41935483870968	0.00038729485986723226
4h	DT_H_CPT	17.440860215053764	0.00036157124576043857
4h	DT_H_CPT	17.46236559139785	0.0003371389751967435
4h	DT_H_CPT	17.483870967741936	0.0003142788316484747
4h	DT_H_CPT	17.505376344086024	0.0002931516954877925
4h	DT_H_CPT	17.526881720430108	0.00027389672326492254
4h	DT_H_CPT	17.548387096774196	0.0002568501327543251
4h	DT_H_CPT	17.56989247311828	0.00024200098404322866
4h	DT_H_CPT	17.591397849462368	0.00022946963412442088
4h	DT_H_CPT	17.612903225806452	0.00021932861886332557
4h	DT_H_CPT	17.63440860215054	0.00021152852108739922
4h	DT_H_CPT	17.655913978494624	0.00020610593663176623
4h	DT_H_CPT	17.67741935483871	0.0002029689502501951
4h	DT_H_CPT	17.698924731182796	0.00020203181296313814
4h	DT_H_CPT	17.720430107526884	0.0002031561642269728
4h	DT_H_CPT	17.741935483870968	0.00020626617048830436
4h	DT_H_CPT	17.763440860215056	0.00021120851739081398
4h	DT_H_CPT	17.78494623655914	0.00021775643090769244
4h	DT_H_CPT	17.806451612903228	0.00022575760009335677
4h	DT_H_CPT	17.827956989247312	0.00023502657582389832
4h	DT_H_CPT	17.8494623655914	0.0002453739468399917
4h	DT_H_CPT	17.870967741935484	0.0002565833364794582
4h	DT_H_CPT	17.89247311827957	0.0002684992118344731
4h	DT_H_CPT	17.913978494623656	0.0002809337284724655
4h	DT_H_CPT	17.935483870967744	0.0002937305902201699
4h	DT_H_CPT	17.956989247311828	0.0003066808267239517
4h	DT_H_CPT	17.978494623655916	0.00031961882928334634
4h	DT_H_CPT	18.0	0.00033236073544304167
4h	DT_H_CPT	18.021505376344088	0.00034485276596393544
4h	DT_H_CPT	18.043010752688172	0.0003568961556631045
4h	DT_H_CPT	18.06451612903226	0.0003683281417704064
4h	DT_H_CPT	18.086021505376344	0.000379029331461943
4h	DT_H_CPT	18.107526881720432	0.0003889500923746285
4h	DT_H_CPT	18.129032258064516	0.00039795646355028706
4h	DT_H_CPT	18.150537634408604	0.00040596233008128566
4h	DT_H_CPT	18.172043010752688	0.00041289368291807426
4h	DT_H_CPT	18.193548387096776	0.00041866358948433943
4h	DT_H_CPT	18.21505376344086	0.0004232584549753635
4h	DT_H_CPT	18.236559139784948	0.0004266696515276702
4h	DT_H_CPT	18.258064516129032	0.0004288195172837211
4h	DT_H_CPT	18.27956989247312	0.0004297684464939413
4h	DT_H_CPT	18.301075268817204	0.000429498543722365
4h	DT_H_CPT	18.322580645161292	0.00042801972207016594
4h	DT_H_CPT	18.344086021505376	0.0004254445867437029
4h	DT_H_CPT	18.365591397849464	0.00042180765713609636
4h	DT_H_CPT	18.38709677419355	0.0004171961916678413
4h	DT_H_CPT	18.408602150537636	0.00041171249572986574
4h	DT_H_CPT	18.430107526881724	0.0004054722138714965
4h	DT_H_CPT	18.451612903225808	0.000398602085031004
4h	DT_H_CPT	18.473118279569896	0.000391237189578402
4h	DT_H_CPT	18.49462365591398	0.00038351774433598374
4h	DT_H_CPT	18.516129032258068	0.00037558552871610123
4h	DT_H_CPT	18.537634408602152	0.0003675800499846032
4h	DT_H_CPT	18.55913978494624	0.00035963457679368595
4h	DT_H_CPT	18.580645161290324	0.00035187218607519506
4h	DT_H_CPT	18.60215053763441	0.0003444019779671351
4h	DT_H_CPT	18.623655913978496	0.0003373156158399989
4h	DT_H_CPT	18.645161290322584	0.00033068434327669687
4h	DT_H_CPT	18.666666666666668	0.00032455661704202163
4h	DT_H_CPT	18.688172043010756	0.0003189564750651423
4h	DT_H_CPT	18.70967741935484	0.0003138827320355169
4h	DT_H_CPT	18.731182795698928	0.0003093090634843475
4h	DT_H_CPT	18.752688172043012	0.0003051850035558746
4h	DT_H_CPT	18.7741935483871	0.00030143784362585976
4h	DT_H_CPT	18.795698924731184	0.0002980119039576219
4h	DT_H_CPT	18.81720430107527	0.0002947405669917293
4h	DT_H_CPT	18.838709677419356	0.00029153102701188723
4h	DT_H_CPT	18.860215053763444	0.0002882577576995196
4h	DT_H_CPT	18.881720430107528	0.00028476753108220095
4h	DT_H_CPT	18.903225806451616	0.00028099579303903676
4h	DT_H_CPT	18.9247311827957	0.000276791180541771
4h	DT_H_CPT	18.946236559139788	0.00027205182252331014
4h	DT_H_CPT	18.967741935483872	0.0002666931530650558
4h	DT_H_CPT	18.98924731182796	0.00026065158534640116
4h	DT_H_CPT	19.010752688172044	0.00025388737601180785
4h	DT_H_CPT	19.03225806451613	0.0002463865677021337
4h	DT_H_CPT	19.053763440860216	0.0002381619373410092
4h	DT_H_CPT	19.075268817204304	0.0002292529210788281
4h	DT_H_CPT	19.096774193548388	0.00021969864072445447
4h	DT_H_CPT	19.118279569892476	0.00020964710623144365
4h	DT_H_CPT	19.13978494623656	0.00019917179057551596
4h	DT_H_CPT	19.161290322580648	0.0001883736635376145
4h	DT_H_CPT	19.182795698924732	0.00017745178087284164
4h	DT_H_CPT	19.20430107526882	0.00016651822610116253
4h	DT_H_CPT	19.225806451612904	0.0001557249113884735
4h	DT_H_CPT	19.24731182795699	0.00014522234389919883
4h	DT_H_CPT	19.268817204301076	0.0001351550554543357
4h	DT_H_CPT	19.290322580645164	0.00012565733056447672
4h	DT_H_CPT	19.311827956989248	0.00011682347868007381
4h	DT_H_CPT	19.333333333333336	0.00010881577686732989
4h	DT_H_CPT	19.35483870967742	0.00010168126336800623
4h	DT_H_CPT	19.376344086021508	9.548128145377292e-05
4h	DT_H_CPT	19.397849462365592	9.025372361311693e-05
4h	DT_H_CPT	19.41935483870968	8.59866125762831e-05
4h	DT_H_CPT	19.440860215053764	8.272949549503981e-05
4h	DT_H_CPT	19.46236559139785	8.041371620224683e-05
4h	DT_H_CPT	19.483870967741936	7.895947278227977e-05
4h	DT_H_CPT	19.505376344086024	7.835254012884494e-05
4h	DT_H_CPT	19.526881720430108	7.846621133851459e-05
4h	DT_H_CPT	19.548387096774196	7.919570530243213e-05
4h	DT_H_CPT	19.56989247311828	8.042488228718159e-05
4h	DT_H_CPT	19.591397849462368	8.202970444340154e-05
4h	DT_H_CPT	19.612903225806452	8.38818269633529e-05
4h	DT_H_CPT	19.63440860215054	8.585222486880895e-05
4h	DT_H_CPT	19.655913978494624	8.78147571625747e-05
4h	DT_H_CPT	19.67741935483871	8.9649568742578e-05
4h	DT_H_CPT	19.698924731182796	9.124623178544217e-05
4h	DT_H_CPT	19.720430107526884	9.250653294392185e-05
4h	DT_H_CPT	19.741935483870968	9.334682119656637e-05
4h	DT_H_CPT	19.763440860215056	9.367395327175793e-05
4h	DT_H_CPT	19.78494623655914	9.34977967926756e-05
4h	DT_H_CPT	19.806451612903228	9.27513537950354e-05
4h	DT_H_CPT	19.827956989247312	9.142233726082642e-05
4h	DT_H_CPT	19.8494623655914	8.951613511230484e-05
4h	DT_H_CPT	19.870967741935484	8.705472192373954e-05
4h	DT_H_CPT	19.89247311827957	8.407505614359515e-05
4h	DT_H_CPT	19.913978494623656	8.062704502449279e-05
4h	DT_H_CPT	19.935483870967744	7.677117595509315e-05
4h	DT_H_CPT	19.956989247311828	7.25759241997765e-05
4h	DT_H_CPT	19.978494623655916	6.811505249492031e-05
4h	DT_H_CPT	20.0	6.346491726279488e-05
4h	DT_H_CPT	20.021505376344088	5.867599903524457e-05
4h	DT_H_CPT	20.043010752688172	5.3855878726503425e-05
4h	DT_H_CPT	20.06451612903226	4.909785383950181e-05
4h	DT_H_CPT	20.086021505376344	4.4430198388399255e-05
4h	DT_H_CPT	20.107526881720432	3.9909873164337634e-05
4h	DT_H_CPT	20.129032258064516	3.558514944878808e-05
4h	DT_H_CPT	20.150537634408604	3.149514354032496e-05
4h	DT_H_CPT	20.172043010752688	2.7669718529673446e-05
4h	DT_H_CPT	20.193548387096776	2.4129717754152024e-05
4h	DT_H_CPT	20.215053763440864	2.0887482260480236e-05
4h	DT_H_CPT	20.236559139784948	1.794759651699688e-05
4h	DT_H_CPT	20.258064516129036	1.530780257102704e-05
4h	DT_H_CPT	20.27956989247312	1.2960022592319704e-05
4h	DT_H_CPT	20.301075268817208	1.0891432800212015e-05
4h	DT_H_CPT	20.322580645161292	9.085537500151425e-06
4h	DT_H_CPT	20.34408602150538	7.52319962258687e-06
4h	DT_H_CPT	20.365591397849464	6.183593008181912e-06
4h	DT_H_CPT	20.38709677419355	5.045050997549451e-06
4h	DT_H_CPT	20.408602150537636	4.085795024236543e-06
4h	DT_H_CPT	20.430107526881724	3.284535356121124e-06
4h	DT_H_CPT	20.451612903225808	2.6209434975575945e-06
4h	DT_H_CPT	20.473118279569896	2.112525576023977e-06
4h	DT_H_CPT	20.49462365591398	1.6833847160275905e-06
4h	DT_H_CPT	20.516129032258068	1.3449645604316603e-06
4h	DT_H_CPT	20.537634408602152	1.0849450144934403e-06
4h	DT_H_CPT	20.55913978494624	8.932086813283506e-07
4h	DT_H_CPT	20.580645161290324	7.618779779267811e-07
4h	DT_H_CPT	20.60215053763441	6.853277958148713e-07
4h	DT_H_CPT	20.623655913978496	6.601855934198791e-07
4h	DT_H_CPT	20.645161290322584	6.853277958148713e-07
4h	DT_H_CPT	20.666666666666668	7.618779779267811e-07
4h	DT_H_CPT	20.688172043010756	8.932086813283506e-07
4h	DT_H_CPT	20.70967741935484	1.0849450144934403e-06
4h	DT_H_CPT	20.731182795698928	1.3449645604316603e-06
4h	DT_H_CPT	20.752688172043012	1.6833847160275905e-06
4h	DT_H_CPT	20.7741935483871	2.112525576023977e-06
4h	DT_H_CPT	20.795698924731184	2.6209434975575945e-06
4h	DT_H_CPT	20.81720430107527	3.284535356121124e-06
4h	DT_H_CPT	20.838709677419356	4.085795024236543e-06
4h	DT_H_CPT	20.860215053763444	5.045050997549451e-06
4h	DT_H_CPT	20.881720430107528	6.183593008181912e-06
4h	DT_H_CPT	20.903225806451616	7.52319962258687e-06
4h	DT_H_CPT	20.9247311827957	9.085537500151425e-06
4h	DT_H_CPT	20.946236559139788	1.0891432800212015e-05
4h	DT_H_CPT	20.967741935483872	1.2960022592319704e-05
4h	DT_H_CPT	20.98924731182796	1.530780257102704e-05
4h	DT_H_CPT	21.010752688172044	1.794759651699688e-05
4h	DT_H_CPT	21.03225806451613	2.0887482260480236e-05
4h	DT_H_CPT	21.053763440860216	2.4129717754152024e-05
4h	DT_H_CPT	21.075268817204304	2.7669718529673446e-05
4h	DT_H_CPT	21.096774193548388	3.149514354032496e-05
4h	DT_H_CPT	21.118279569892476	3.558514944878808e-05
4h	DT_H_CPT	21.13978494623656	3.9909873164337634e-05
4h	DT_H_CPT	21.161290322580648	4.4430198388399255e-05
4h	DT_H_CPT	21.182795698924732	4.909785383950181e-05
4h	DT_H_CPT	21.20430107526882	5.3855878726503425e-05
4h	DT_H_CPT	21.225806451612904	5.863947526641767e-05
4h	DT_H_CPT	21.24731182795699	6.337724926954558e-05
4h	DT_H_CPT	21.268817204301076	6.799281901592283e-05
4h	DT_H_CPT	21.290322580645164	7.240675105670438e-05
4h	DT_H_CPT	21.311827956989248	7.653876060474719e-05
4h	DT_H_CPT	21.333333333333336	8.031009532036813e-05
4h	DT_H_CPT	21.35483870967742	8.364600600040223e-05
4h	DT_H_CPT	21.376344086021508	8.647819722611243e-05
4h	DT_H_CPT	21.397849462365592	8.874714642069718e-05
4h	DT_H_CPT	21.41935483870968	9.040418163027768e-05
4h	DT_H_CPT	21.440860215053764	9.141321683990493e-05
4h	DT_H_CPT	21.46236559139785	9.175205844719976e-05
4h	DT_H_CPT	21.483870967741936	9.141321683990493e-05
4h	DT_H_CPT	21.505376344086024	9.040418163027768e-05
4h	DT_H_CPT	21.526881720430108	8.874714642069718e-05
4h	DT_H_CPT	21.548387096774196	8.647819722611243e-05
4h	DT_H_CPT	21.56989247311828	8.364600600040223e-05
4h	DT_H_CPT	21.591397849462368	8.031009532036813e-05
4h	DT_H_CPT	21.612903225806452	7.653876060474719e-05
4h	DT_H_CPT	21.63440860215054	7.240675105670438e-05
4h	DT_H_CPT	21.655913978494624	6.799281901592283e-05
4h	DT_H_CPT	21.67741935483871	6.337724926954558e-05
4h	DT_H_CPT	21.698924731182796	5.863947526641767e-05
4h	DT_H_CPT	21.720430107526884	5.3855878726503425e-05
4h	DT_H_CPT	21.741935483870968	4.909785383950181e-05
4h	DT_H_CPT	21.763440860215056	4.4430198388399255e-05
4h	DT_H_CPT	21.78494623655914	3.9909873164337634e-05
4h	DT_H_CPT	21.806451612903228	3.558514944878808e-05
4h	DT_H_CPT	21.827956989247312	3.149514354032496e-05
4h	DT_H_CPT	21.8494623655914	2.7669718529673446e-05
4h	DT_H_CPT	21.870967741935484	2.4129717754152024e-05
4h	DT_H_CPT	21.89247311827957	2.0887482260480236e-05
4h	DT_H_CPT	21.913978494623656	1.794759651699688e-05
4h	DT_H_CPT	21.935483870967744	1.530780257102704e-05
4h	DT_H_CPT	21.956989247311828	1.2960022592319704e-05
4h	DT_H_CPT	21.978494623655916	1.0891432800212015e-05
4h	DT_H_CPT	22.0	9.085537500151425e-06
24h	Ctrl	0.0	0.014750493733991397
24h	Ctrl	0.021505376344086023	0.014920938961773099
24h	Ctrl	0.043010752688172046	0.015025552746394189
24h	Ctrl	0.06451612903225806	0.015071606057703841
24h	Ctrl	0.08602150537634409	0.015067403029127003
24h	Ctrl	0.10752688172043012	0.01502258609737859
24h	Ctrl	0.12903225806451613	0.014948007764360022
24h	Ctrl	0.15053763440860216	0.014855109425111616
24h	Ctrl	0.17204301075268819	0.014755564574087268
24h	Ctrl	0.19354838709677422	0.01466070791448364
24h	Ctrl	0.21505376344086025	0.014581093086627271
24h	Ctrl	0.23655913978494625	0.014526065171392686
24h	Ctrl	0.25806451612903225	0.014503468599545061
24h	Ctrl	0.2795698924731183	0.014519940510908642
24h	Ctrl	0.3010752688172043	0.014580173956037801
24h	Ctrl	0.32258064516129037	0.014685542474121837
24h	Ctrl	0.34408602150537637	0.014834212339766372
24h	Ctrl	0.3655913978494624	0.015024480939553227
24h	Ctrl	0.38709677419354843	0.015252995387229915
24h	Ctrl	0.40860215053763443	0.015514495794888266
24h	Ctrl	0.4301075268817205	0.015802638242379246
24h	Ctrl	0.4516129032258065	0.016110533543823295
24h	Ctrl	0.4731182795698925	0.01643077076648512
24h	Ctrl	0.49462365591397855	0.01675637099504743
24h	Ctrl	0.5161290322580645	0.01708083278084538
24h	Ctrl	0.5376344086021506	0.01739927059118129
24h	Ctrl	0.5591397849462366	0.017707979688455132
24h	Ctrl	0.5806451612903226	0.018005095858070964
24h	Ctrl	0.6021505376344086	0.018284729451414822
24h	Ctrl	0.6236559139784946	0.018548856184129516
24h	Ctrl	0.6451612903225807	0.01879909438173551
24h	Ctrl	0.6666666666666667	0.019038139592109975
24h	Ctrl	0.6881720430107527	0.01926977282612486
24h	Ctrl	0.7096774193548387	0.019498616432678386
24h	Ctrl	0.7311827956989247	0.019729789627735462
24h	Ctrl	0.7526881720430109	0.019969074765615383
24h	Ctrl	0.7741935483870969	0.02022466270833416
24h	Ctrl	0.7956989247311829	0.020498485997026437
24h	Ctrl	0.8172043010752689	0.020795780280602052
24h	Ctrl	0.8387096774193549	0.021120335734028387
24h	Ctrl	0.860215053763441	0.021476526782839872
24h	Ctrl	0.881720430107527	0.02186710135829847
24h	Ctrl	0.903225806451613	0.022293914760711967
24h	Ctrl	0.924731182795699	0.022758138061051418
24h	Ctrl	0.946236559139785	0.02326021115210357
24h	Ctrl	0.967741935483871	0.023802561387338727
24h	Ctrl	0.9892473118279571	0.024382961226520262
24h	Ctrl	1.010752688172043	0.02499383614676549
24h	Ctrl	1.032258064516129	0.025643479955481722
24h	Ctrl	1.0537634408602152	0.026325415424091912
24h	Ctrl	1.0752688172043012	0.02703782137144171
24h	Ctrl	1.0967741935483872	0.02777849121895039
24h	Ctrl	1.1182795698924732	0.028545938591686453
24h	Ctrl	1.1397849462365592	0.029340229736980306
24h	Ctrl	1.1612903225806452	0.030156860830257506
24h	Ctrl	1.1827956989247312	0.030992560901890776
24h	Ctrl	1.2043010752688172	0.03184646685433329
24h	Ctrl	1.2258064516129032	0.03271677538612398
24h	Ctrl	1.2473118279569892	0.033601515539366036
24h	Ctrl	1.2688172043010755	0.03449876263443152
24h	Ctrl	1.2903225806451615	0.0354082972191115
24h	Ctrl	1.3118279569892475	0.036328183733160595
24h	Ctrl	1.3333333333333335	0.03725306936092564
24h	Ctrl	1.3548387096774195	0.03818277538454348
24h	Ctrl	1.3763440860215055	0.03911574318089807
24h	Ctrl	1.3978494623655915	0.04005007459288451
24h	Ctrl	1.4193548387096775	0.04098619091476278
24h	Ctrl	1.4408602150537635	0.04192231738503914
24h	Ctrl	1.4623655913978495	0.04285341000381518
24h	Ctrl	1.4838709677419355	0.04377956452040776
24h	Ctrl	1.5053763440860217	0.044699531824263984
24h	Ctrl	1.5268817204301077	0.04561222160109692
24h	Ctrl	1.5483870967741937	0.046518328064030126
24h	Ctrl	1.5698924731182797	0.0474141547294168
24h	Ctrl	1.5913978494623657	0.04829812959350357
24h	Ctrl	1.6129032258064517	0.049172619433663765
24h	Ctrl	1.6344086021505377	0.05003433401693894
24h	Ctrl	1.6559139784946237	0.05088324581667526
24h	Ctrl	1.6774193548387097	0.051719441929337494
24h	Ctrl	1.6989247311827957	0.05253982177953036
24h	Ctrl	1.720430107526882	0.05334353712495273
24h	Ctrl	1.741935483870968	0.054130611122733846
24h	Ctrl	1.763440860215054	0.05490131273487024
24h	Ctrl	1.78494623655914	0.05565619755632029
24h	Ctrl	1.806451612903226	0.056391523420652616
24h	Ctrl	1.827956989247312	0.05710747675881343
24h	Ctrl	1.849462365591398	0.057804404648457416
24h	Ctrl	1.870967741935484	0.0584829692897141
24h	Ctrl	1.89247311827957	0.05914384878425336
24h	Ctrl	1.913978494623656	0.05978410009220824
24h	Ctrl	1.935483870967742	0.060405562365478685
24h	Ctrl	1.9569892473118282	0.061010260501725665
24h	Ctrl	1.9784946236559142	0.06159854266293017
24h	Ctrl	2.0	0.062168701442098774
24h	Ctrl	2.021505376344086	0.06272499821820207
24h	Ctrl	2.043010752688172	0.06326946392436446
24h	Ctrl	2.064516129032258	0.06380272478685337
24h	Ctrl	2.0860215053763445	0.06432426620698019
24h	Ctrl	2.1075268817204305	0.06483600203574338
24h	Ctrl	2.1290322580645165	0.06533989992193091
24h	Ctrl	2.1505376344086025	0.065837693951488
24h	Ctrl	2.1720430107526885	0.06632737005552394
24h	Ctrl	2.1935483870967745	0.06681044152047778
24h	Ctrl	2.2150537634408605	0.06728813657492297
24h	Ctrl	2.2365591397849465	0.06775855358847678
24h	Ctrl	2.2580645161290325	0.06821993245916111
24h	Ctrl	2.2795698924731185	0.06867180332947533
24h	Ctrl	2.3010752688172045	0.06911321293522908
24h	Ctrl	2.3225806451612905	0.0695398402897085
24h	Ctrl	2.3440860215053765	0.0699525364568275
24h	Ctrl	2.3655913978494625	0.07034964774840309
24h	Ctrl	2.3870967741935485	0.07072484932217549
24h	Ctrl	2.4086021505376345	0.0710764337952695
24h	Ctrl	2.4301075268817205	0.07140379280814017
24h	Ctrl	2.4516129032258065	0.07170304792549435
24h	Ctrl	2.4731182795698925	0.07197234733237166
24h	Ctrl	2.4946236559139785	0.07221193544176964
24h	Ctrl	2.5161290322580645	0.07241850639455655
24h	Ctrl	2.537634408602151	0.07259109817587787
24h	Ctrl	2.559139784946237	0.07273048733707443
24h	Ctrl	2.580645161290323	0.07283443177606219
24h	Ctrl	2.602150537634409	0.07290835381079655
24h	Ctrl	2.623655913978495	0.07295066650134532
24h	Ctrl	2.645161290322581	0.07295965718225483
24h	Ctrl	2.666666666666667	0.07293927542071912
24h	Ctrl	2.688172043010753	0.07288948961751568
24h	Ctrl	2.709677419354839	0.07281203481476548
24h	Ctrl	2.731182795698925	0.07271019437008078
24h	Ctrl	2.752688172043011	0.07258382158891613
24h	Ctrl	2.774193548387097	0.07243520452097556
24h	Ctrl	2.795698924731183	0.07226928368890788
24h	Ctrl	2.817204301075269	0.07208769130358993
24h	Ctrl	2.838709677419355	0.07189387383650525
24h	Ctrl	2.860215053763441	0.07168723014209148
24h	Ctrl	2.881720430107527	0.0714722062460441
24h	Ctrl	2.903225806451613	0.07124984526964039
24h	Ctrl	2.924731182795699	0.0710235268266149
24h	Ctrl	2.946236559139785	0.07079465549394512
24h	Ctrl	2.967741935483871	0.07056471308083793
24h	Ctrl	2.9892473118279574	0.07033610744745773
24h	Ctrl	3.0107526881720434	0.07011394071548428
24h	Ctrl	3.0322580645161294	0.0698964445264426
24h	Ctrl	3.0537634408602155	0.06968478422801527
24h	Ctrl	3.0752688172043015	0.06947941271362762
24h	Ctrl	3.0967741935483875	0.06928123609952377
24h	Ctrl	3.1182795698924735	0.0690894441839022
24h	Ctrl	3.1397849462365595	0.06890384894352909
24h	Ctrl	3.1612903225806455	0.06872520647221267
24h	Ctrl	3.1827956989247315	0.06855504771807269
24h	Ctrl	3.2043010752688175	0.06838950012695508
24h	Ctrl	3.2258064516129035	0.06822866803443361
24h	Ctrl	3.2473118279569895	0.06807042829875348
24h	Ctrl	3.2688172043010755	0.06791420826192328
24h	Ctrl	3.2903225806451615	0.06775797384931054
24h	Ctrl	3.3118279569892475	0.06760086410595825
24h	Ctrl	3.3333333333333335	0.06744564521948802
24h	Ctrl	3.3548387096774195	0.06728864308451991
24h	Ctrl	3.3763440860215055	0.06712858481097343
24h	Ctrl	3.3978494623655915	0.0669661048088912
24h	Ctrl	3.4193548387096775	0.06679738939735974
24h	Ctrl	3.440860215053764	0.06662416583441996
24h	Ctrl	3.46236559139785	0.06644887421000199
24h	Ctrl	3.483870967741936	0.06626851968341523
24h	Ctrl	3.505376344086022	0.06608278760528724
24h	Ctrl	3.526881720430108	0.06589146498989752
24h	Ctrl	3.548387096774194	0.06569292665707428
24h	Ctrl	3.56989247311828	0.06548863180412148
24h	Ctrl	3.591397849462366	0.06528134779667939
24h	Ctrl	3.612903225806452	0.06506856925634474
24h	Ctrl	3.634408602150538	0.0648497117053763
24h	Ctrl	3.655913978494624	0.06462456307252937
24h	Ctrl	3.67741935483871	0.06439420506675096
24h	Ctrl	3.698924731182796	0.06416122597265159
24h	Ctrl	3.720430107526882	0.06392537673601587
24h	Ctrl	3.741935483870968	0.06368687250028024
24h	Ctrl	3.763440860215054	0.06344582965596704
24h	Ctrl	3.78494623655914	0.06320295938104506
24h	Ctrl	3.806451612903226	0.06296335860265243
24h	Ctrl	3.827956989247312	0.06272635280418783
24h	Ctrl	3.849462365591398	0.0624928709301528
24h	Ctrl	3.870967741935484	0.06226391317429979
24h	Ctrl	3.89247311827957	0.06204104217296019
24h	Ctrl	3.9139784946236564	0.061828557625176965
24h	Ctrl	3.9354838709677424	0.06162588852037696
24h	Ctrl	3.9569892473118284	0.06143262146884908
24h	Ctrl	3.9784946236559144	0.06125079361571228
24h	Ctrl	4.0	0.06108323789364666
24h	Ctrl	4.021505376344086	0.06092893889421621
24h	Ctrl	4.043010752688172	0.060786986004729836
24h	Ctrl	4.064516129032258	0.0606577653688476
24h	Ctrl	4.086021505376344	0.06054243202450507
24h	Ctrl	4.10752688172043	0.06044012725705306
24h	Ctrl	4.129032258064516	0.060348097552388055
24h	Ctrl	4.150537634408603	0.060265398283738815
24h	Ctrl	4.172043010752689	0.06019310843548528
24h	Ctrl	4.193548387096775	0.06012735983499715
24h	Ctrl	4.215053763440861	0.06006543744112419
24h	Ctrl	4.236559139784947	0.060007322579771795
24h	Ctrl	4.258064516129033	0.059950974149761346
24h	Ctrl	4.279569892473119	0.05989341376230555
24h	Ctrl	4.301075268817205	0.05983157584366548
24h	Ctrl	4.322580645161291	0.05976688729537492
24h	Ctrl	4.344086021505377	0.05969493064743417
24h	Ctrl	4.365591397849463	0.059613208977535734
24h	Ctrl	4.387096774193549	0.05952347088596693
24h	Ctrl	4.408602150537635	0.059423550817920674
24h	Ctrl	4.430107526881721	0.05931088025364597
24h	Ctrl	4.451612903225807	0.05918679152656399
24h	Ctrl	4.473118279569893	0.05905118968424667
24h	Ctrl	4.494623655913979	0.058902479399193554
24h	Ctrl	4.516129032258065	0.058743749505641756
24h	Ctrl	4.537634408602151	0.05857511600533051
24h	Ctrl	4.559139784946237	0.0583963021391626
24h	Ctrl	4.580645161290323	0.05821073998276622
24h	Ctrl	4.602150537634409	0.05801889812988487
24h	Ctrl	4.623655913978495	0.05782236864618479
24h	Ctrl	4.645161290322581	0.057625248552349975
24h	Ctrl	4.666666666666667	0.05742725306035364
24h	Ctrl	4.688172043010753	0.057232075074026514
24h	Ctrl	4.709677419354839	0.05704158582854715
24h	Ctrl	4.731182795698925	0.05685684314375728
24h	Ctrl	4.752688172043011	0.05668161085796861
24h	Ctrl	4.774193548387097	0.05651585348588194
24h	Ctrl	4.795698924731183	0.056362266148845847
24h	Ctrl	4.817204301075269	0.056222140484765024
24h	Ctrl	4.838709677419355	0.056095520190052844
24h	Ctrl	4.860215053763441	0.05598501669584458
24h	Ctrl	4.881720430107527	0.055889378397554736
24h	Ctrl	4.903225806451613	0.055810120410143986
24h	Ctrl	4.924731182795699	0.05574619191229754
24h	Ctrl	4.946236559139785	0.055697599275464076
24h	Ctrl	4.967741935483871	0.05566248726751206
24h	Ctrl	4.989247311827957	0.055641587751901055
24h	Ctrl	5.010752688172043	0.05563249942458279
24h	Ctrl	5.032258064516129	0.055634141107893345
24h	Ctrl	5.053763440860216	0.055644022872653326
24h	Ctrl	5.075268817204302	0.05566083450015068
24h	Ctrl	5.096774193548388	0.05568175053234532
24h	Ctrl	5.118279569892474	0.05570504556355781
24h	Ctrl	5.13978494623656	0.05572736884963959
24h	Ctrl	5.161290322580646	0.05574811776074171
24h	Ctrl	5.182795698924732	0.05576319670386822
24h	Ctrl	5.204301075268818	0.05577131988092787
24h	Ctrl	5.225806451612904	0.05576912007906325
24h	Ctrl	5.24731182795699	0.05575599739223105
24h	Ctrl	5.268817204301076	0.055729594495467945
24h	Ctrl	5.290322580645162	0.05568827224846394
24h	Ctrl	5.311827956989248	0.055631532935592906
24h	Ctrl	5.333333333333334	0.055557601278605505
24h	Ctrl	5.35483870967742	0.05546663782270673
24h	Ctrl	5.376344086021506	0.05535881487312076
24h	Ctrl	5.397849462365592	0.05523314311883999
24h	Ctrl	5.419354838709678	0.055092536801668215
24h	Ctrl	5.440860215053764	0.05493657949770103
24h	Ctrl	5.46236559139785	0.054767453901409045
24h	Ctrl	5.483870967741936	0.05458683376387646
24h	Ctrl	5.505376344086022	0.05439630063833546
24h	Ctrl	5.526881720430108	0.054198246507009086
24h	Ctrl	5.548387096774194	0.053995290853691494
24h	Ctrl	5.56989247311828	0.05378955634687623
24h	Ctrl	5.591397849462366	0.05358353818222246
24h	Ctrl	5.612903225806452	0.05338003164499105
24h	Ctrl	5.634408602150538	0.053181996815041176
24h	Ctrl	5.655913978494624	0.052991408862129344
24h	Ctrl	5.67741935483871	0.05280928913264745
24h	Ctrl	5.698924731182796	0.05263867739346012
24h	Ctrl	5.720430107526882	0.052481353246339194
24h	Ctrl	5.741935483870968	0.05233867257409956
24h	Ctrl	5.763440860215054	0.05221198431674779
24h	Ctrl	5.78494623655914	0.052102415781976
24h	Ctrl	5.806451612903226	0.05201062411584947
24h	Ctrl	5.827956989247312	0.05193753659972557
24h	Ctrl	5.849462365591398	0.051884073238706856
24h	Ctrl	5.870967741935484	0.05184992093943192
24h	Ctrl	5.89247311827957	0.05183521924286876
24h	Ctrl	5.913978494623656	0.05184064796881655
24h	Ctrl	5.935483870967742	0.05186481937902922
24h	Ctrl	5.956989247311828	0.051908834120232554
24h	Ctrl	5.978494623655915	0.051971189713912104
24h	Ctrl	6.000000000000001	0.05205150637950188
24h	Ctrl	6.021505376344087	0.052148796517402465
24h	Ctrl	6.043010752688173	0.052262414389745805
24h	Ctrl	6.064516129032259	0.052390271217074874
24h	Ctrl	6.086021505376345	0.052531365519665675
24h	Ctrl	6.107526881720431	0.052683793530838165
24h	Ctrl	6.129032258064517	0.05284679069644348
24h	Ctrl	6.150537634408603	0.053017556150205196
24h	Ctrl	6.172043010752689	0.05319411729674674
24h	Ctrl	6.193548387096775	0.05337511546517803
24h	Ctrl	6.215053763440861	0.05355851186586217
24h	Ctrl	6.236559139784947	0.05374171166301301
24h	Ctrl	6.258064516129033	0.05392363339215894
24h	Ctrl	6.279569892473119	0.05410150204013364
24h	Ctrl	6.301075268817205	0.054274877994275
24h	Ctrl	6.322580645161291	0.05444136082239596
24h	Ctrl	6.344086021505377	0.05460061722705087
24h	Ctrl	6.365591397849463	0.05475133699043159
24h	Ctrl	6.387096774193549	0.05489307818015386
24h	Ctrl	6.408602150537635	0.05502545160621187
24h	Ctrl	6.430107526881721	0.055148412575439426
24h	Ctrl	6.451612903225807	0.05526221934130616
24h	Ctrl	6.473118279569893	0.05536707197285543
24h	Ctrl	6.494623655913979	0.05546380045770719
24h	Ctrl	6.516129032258065	0.05555289100796697
24h	Ctrl	6.537634408602151	0.05563569025478716
24h	Ctrl	6.559139784946237	0.05571304167151085
24h	Ctrl	6.580645161290323	0.05578623499818899
24h	Ctrl	6.602150537634409	0.055856061492797385
24h	Ctrl	6.623655913978495	0.05592381907125495
24h	Ctrl	6.645161290322581	0.05599020147784613
24h	Ctrl	6.666666666666667	0.05605645076593949
24h	Ctrl	6.688172043010753	0.05612355398910928
24h	Ctrl	6.709677419354839	0.05619216736553292
24h	Ctrl	6.731182795698925	0.05626288057538468
24h	Ctrl	6.752688172043011	0.05633682444979095
24h	Ctrl	6.774193548387097	0.05641431466589782
24h	Ctrl	6.795698924731183	0.056496241970170745
24h	Ctrl	6.817204301075269	0.05658309010949089
24h	Ctrl	6.838709677419355	0.056676016323801474
24h	Ctrl	6.860215053763441	0.056775665263636796
24h	Ctrl	6.881720430107528	0.05688270988045199
24h	Ctrl	6.903225806451614	0.056997899264480574
24h	Ctrl	6.9247311827957	0.05712240557391087
24h	Ctrl	6.946236559139786	0.057257397549209235
24h	Ctrl	6.967741935483872	0.057404994362671456
24h	Ctrl	6.989247311827958	0.057565512670227734
24h	Ctrl	7.010752688172044	0.05774078052314488
24h	Ctrl	7.03225806451613	0.05793266361313545
24h	Ctrl	7.053763440860216	0.05814321725278352
24h	Ctrl	7.075268817204302	0.05837340705084136
24h	Ctrl	7.096774193548388	0.058625130151759346
24h	Ctrl	7.118279569892474	0.058900658428844385
24h	Ctrl	7.13978494623656	0.05920147759353202
24h	Ctrl	7.161290322580646	0.05952976042298327
24h	Ctrl	7.182795698924732	0.05988642400400633
24h	Ctrl	7.204301075268818	0.06027364121959032
24h	Ctrl	7.225806451612904	0.060693054875905705
24h	Ctrl	7.24731182795699	0.061144798072073125
24h	Ctrl	7.268817204301076	0.06162941315488773
24h	Ctrl	7.290322580645162	0.06214799398015129
24h	Ctrl	7.311827956989248	0.06270088383167922
24h	Ctrl	7.333333333333334	0.06328845061715936
24h	Ctrl	7.35483870967742	0.06390959756820028
24h	Ctrl	7.376344086021506	0.06456363317029376
24h	Ctrl	7.397849462365592	0.06525023858360268
24h	Ctrl	7.419354838709678	0.0659669636658684
24h	Ctrl	7.440860215053764	0.06671319703780805
24h	Ctrl	7.46236559139785	0.06748522004227463
24h	Ctrl	7.483870967741936	0.0682818483355415
24h	Ctrl	7.505376344086022	0.06910051415277994
24h	Ctrl	7.526881720430108	0.06993764964206448
24h	Ctrl	7.548387096774194	0.07079056638536708
24h	Ctrl	7.56989247311828	0.07165695056411393
24h	Ctrl	7.591397849462366	0.07253262825050656
24h	Ctrl	7.612903225806452	0.0734154630408473
24h	Ctrl	7.634408602150538	0.07430292719170747
24h	Ctrl	7.655913978494624	0.07519234594292154
24h	Ctrl	7.67741935483871	0.07608275924913542
24h	Ctrl	7.698924731182796	0.07697088807419847
24h	Ctrl	7.720430107526882	0.07785702714780739
24h	Ctrl	7.741935483870968	0.07873992295170647
24h	Ctrl	7.763440860215054	0.0796193003505153
24h	Ctrl	7.78494623655914	0.08049634906820091
24h	Ctrl	7.806451612903227	0.0813711930636795
24h	Ctrl	7.827956989247313	0.08224565837727212
24h	Ctrl	7.849462365591399	0.0831206858328823
24h	Ctrl	7.870967741935485	0.08399914167942436
24h	Ctrl	7.892473118279571	0.08488363854075934
24h	Ctrl	7.913978494623657	0.08577518732824382
24h	Ctrl	7.935483870967743	0.08667841480969027
24h	Ctrl	7.956989247311829	0.0875943425228603
24h	Ctrl	7.978494623655915	0.08852583716152657
24h	Ctrl	8.0	0.08947514246902244
24h	Ctrl	8.021505376344086	0.09044431113097827
24h	Ctrl	8.043010752688172	0.09143472429586563
24h	Ctrl	8.064516129032258	0.09244816495225239
24h	Ctrl	8.086021505376344	0.09348504099178498
24h	Ctrl	8.10752688172043	0.09454552017094087
24h	Ctrl	8.129032258064516	0.09562949740016428
24h	Ctrl	8.150537634408602	0.09673708102095224
24h	Ctrl	8.172043010752688	0.09786663795121746
24h	Ctrl	8.193548387096774	0.09901720115633236
24h	Ctrl	8.21505376344086	0.10018670326940858
24h	Ctrl	8.236559139784946	0.10137304645031354
24h	Ctrl	8.258064516129032	0.10257310067768025
24h	Ctrl	8.27956989247312	0.10378542727604217
24h	Ctrl	8.301075268817206	0.10500675024971032
24h	Ctrl	8.322580645161292	0.1062340552904872
24h	Ctrl	8.344086021505378	0.10746409975664863
24h	Ctrl	8.365591397849464	0.10869399085129147
24h	Ctrl	8.38709677419355	0.10992014692061873
24h	Ctrl	8.408602150537636	0.1111405262751589
24h	Ctrl	8.430107526881722	0.11235146330270895
24h	Ctrl	8.451612903225808	0.11355085948151893
24h	Ctrl	8.473118279569894	0.11473658114445079
24h	Ctrl	8.49462365591398	0.11590602978124996
24h	Ctrl	8.516129032258066	0.11705786810034673
24h	Ctrl	8.537634408602152	0.11819050490089922
24h	Ctrl	8.559139784946238	0.119303377741848
24h	Ctrl	8.580645161290324	0.12039593211627735
24h	Ctrl	8.60215053763441	0.12146743407654012
24h	Ctrl	8.623655913978496	0.12251856544623126
24h	Ctrl	8.645161290322582	0.12355001064750709
24h	Ctrl	8.666666666666668	0.12456124158638028
24h	Ctrl	8.688172043010754	0.12555547790315844
24h	Ctrl	8.70967741935484	0.12653296815785256
24h	Ctrl	8.731182795698926	0.12749581160427395
24h	Ctrl	8.752688172043012	0.12844566039838273
24h	Ctrl	8.774193548387098	0.12938450640797355
24h	Ctrl	8.795698924731184	0.1303135821099256
24h	Ctrl	8.81720430107527	0.13123457663561894
24h	Ctrl	8.838709677419356	0.132148985084388
24h	Ctrl	8.860215053763442	0.13305804677285019
24h	Ctrl	8.881720430107528	0.13396283455345204
24h	Ctrl	8.903225806451614	0.13486342248534128
24h	Ctrl	8.9247311827957	0.1357601587049586
24h	Ctrl	8.946236559139786	0.1366534988870749
24h	Ctrl	8.967741935483872	0.13754185170304253
24h	Ctrl	8.989247311827958	0.13842519421278587
24h	Ctrl	9.010752688172044	0.1393016052991843
24h	Ctrl	9.03225806451613	0.14017011299338983
24h	Ctrl	9.053763440860216	0.14102860445501494
24h	Ctrl	9.075268817204302	0.14187531327671188
24h	Ctrl	9.096774193548388	0.14270832405907635
24h	Ctrl	9.118279569892474	0.1435252360305593
24h	Ctrl	9.13978494623656	0.1443240144432896
24h	Ctrl	9.161290322580646	0.1451028009967507
24h	Ctrl	9.182795698924732	0.1458597099752537
24h	Ctrl	9.204301075268818	0.14659345515133496
24h	Ctrl	9.225806451612904	0.1473014784313661
24h	Ctrl	9.24731182795699	0.14798367985514538
24h	Ctrl	9.268817204301076	0.1486391024617487
24h	Ctrl	9.290322580645162	0.14926714470441807
24h	Ctrl	9.311827956989248	0.1498670080360466
24h	Ctrl	9.333333333333334	0.1504385187714344
24h	Ctrl	9.35483870967742	0.15098213817357292
24h	Ctrl	9.376344086021506	0.15149859682705227
24h	Ctrl	9.397849462365592	0.151987962374782
24h	Ctrl	9.419354838709678	0.15245120021888386
24h	Ctrl	9.440860215053764	0.15288950777356514
24h	Ctrl	9.46236559139785	0.1533049338197023
24h	Ctrl	9.483870967741936	0.15369727556031487
24h	Ctrl	9.505376344086022	0.15406897734317693
24h	Ctrl	9.526881720430108	0.15442200437297476
24h	Ctrl	9.548387096774194	0.1547575674238551
24h	Ctrl	9.56989247311828	0.15507689845771772
24h	Ctrl	9.591397849462366	0.1553824837265396
24h	Ctrl	9.612903225806452	0.1556758029598657
24h	Ctrl	9.634408602150538	0.15595804724184686
24h	Ctrl	9.655913978494624	0.15623048984607438
24h	Ctrl	9.67741935483871	0.15649412455501696
24h	Ctrl	9.698924731182796	0.15675004109852705
24h	Ctrl	9.720430107526882	0.15699828884273137
24h	Ctrl	9.741935483870968	0.15723863173772626
24h	Ctrl	9.763440860215054	0.15747153010342904
24h	Ctrl	9.78494623655914	0.15769536236180387
24h	Ctrl	9.806451612903226	0.15790942082791617
24h	Ctrl	9.827956989247312	0.15811189205328105
24h	Ctrl	9.849462365591398	0.15830148610694283
24h	Ctrl	9.870967741935484	0.15847487915262085
24h	Ctrl	9.89247311827957	0.15863041888715818
24h	Ctrl	9.913978494623656	0.15876547758222312
24h	Ctrl	9.935483870967742	0.15887695351065043
24h	Ctrl	9.956989247311828	0.15896324634834819
24h	Ctrl	9.978494623655914	0.1590211414416181
24h	Ctrl	10.0	0.15904911297318355
24h	Ctrl	10.021505376344086	0.15904468431856528
24h	Ctrl	10.043010752688172	0.15900705094206397
24h	Ctrl	10.064516129032258	0.15893493565520803
24h	Ctrl	10.086021505376344	0.15882778206445008
24h	Ctrl	10.107526881720432	0.15868539767395404
24h	Ctrl	10.129032258064518	0.15850840869951807
24h	Ctrl	10.150537634408604	0.15829681182530167
24h	Ctrl	10.17204301075269	0.1580525311236759
24h	Ctrl	10.193548387096776	0.15777543488368687
24h	Ctrl	10.215053763440862	0.15746792465035625
24h	Ctrl	10.236559139784948	0.15713165856700098
24h	Ctrl	10.258064516129034	0.15676805307692934
24h	Ctrl	10.27956989247312	0.15637815328492843
24h	Ctrl	10.301075268817206	0.1559627776287925
24h	Ctrl	10.322580645161292	0.1555239118927696
24h	Ctrl	10.344086021505378	0.155062236833412
24h	Ctrl	10.365591397849464	0.1545780879508178
24h	Ctrl	10.38709677419355	0.15407300564224585
24h	Ctrl	10.408602150537636	0.1535458087476944
24h	Ctrl	10.430107526881722	0.15299765189211786
24h	Ctrl	10.451612903225808	0.15242674705621273
24h	Ctrl	10.473118279569894	0.151832532716262
24h	Ctrl	10.49462365591398	0.15121401628655992
24h	Ctrl	10.516129032258066	0.15057030307580196
24h	Ctrl	10.537634408602152	0.14989906766547373
24h	Ctrl	10.559139784946238	0.1491985133969199
24h	Ctrl	10.580645161290324	0.14846679565715803
24h	Ctrl	10.60215053763441	0.14770233030062577
24h	Ctrl	10.623655913978496	0.14690227497345928
24h	Ctrl	10.645161290322582	0.14606411349637416
24h	Ctrl	10.666666666666668	0.14518682727149523
24h	Ctrl	10.688172043010754	0.1442667194111307
24h	Ctrl	10.70967741935484	0.14330202958481197
24h	Ctrl	10.731182795698926	0.14229095109303055
24h	Ctrl	10.752688172043012	0.14123164234796498
24h	Ctrl	10.774193548387098	0.14012319103408466
24h	Ctrl	10.795698924731184	0.13896477049795034
24h	Ctrl	10.81720430107527	0.137755674802259
24h	Ctrl	10.838709677419356	0.13649640875816094
24h	Ctrl	10.860215053763442	0.1351874856888026
24h	Ctrl	10.881720430107528	0.1338297682148734
24h	Ctrl	10.903225806451614	0.13242612359525077
24h	Ctrl	10.9247311827957	0.13097821236454285
24h	Ctrl	10.946236559139786	0.12948880808723903
24h	Ctrl	10.967741935483872	0.1279613183850019
24h	Ctrl	10.989247311827958	0.12640034598304553
24h	Ctrl	11.010752688172044	0.12480980983267445
24h	Ctrl	11.03225806451613	0.12319391523058378
24h	Ctrl	11.053763440860216	0.12155675194087014
24h	Ctrl	11.075268817204302	0.11990384084029493
24h	Ctrl	11.096774193548388	0.11823893876599047
24h	Ctrl	11.118279569892474	0.11656626200874051
24h	Ctrl	11.13978494623656	0.11489001008914125
24h	Ctrl	11.161290322580646	0.11321360511189811
24h	Ctrl	11.182795698924732	0.11154096549241459
24h	Ctrl	11.204301075268818	0.1098742501684661
24h	Ctrl	11.225806451612904	0.10821683113331629
24h	Ctrl	11.24731182795699	0.10657040923108542
24h	Ctrl	11.268817204301076	0.10493657478187753
24h	Ctrl	11.290322580645162	0.10331625254066655
24h	Ctrl	11.311827956989248	0.10171102693006591
24h	Ctrl	11.333333333333334	0.10012175141309022
24h	Ctrl	11.35483870967742	0.0985490255715506
24h	Ctrl	11.376344086021506	0.09699293768297544
24h	Ctrl	11.397849462365592	0.09545407617946701
24h	Ctrl	11.419354838709678	0.09393255508761324
24h	Ctrl	11.440860215053764	0.0924281267776698
24h	Ctrl	11.46236559139785	0.09094129651394912
24h	Ctrl	11.483870967741936	0.08947213939214588
24h	Ctrl	11.505376344086022	0.08802039033468835
24h	Ctrl	11.526881720430108	0.0865860509088763
24h	Ctrl	11.548387096774194	0.0851691995307829
24h	Ctrl	11.56989247311828	0.08377008766273558
24h	Ctrl	11.591397849462366	0.08238779476575693
24h	Ctrl	11.612903225806452	0.0810219451838418
24h	Ctrl	11.634408602150538	0.07967243783937063
24h	Ctrl	11.655913978494624	0.07833911623158929
24h	Ctrl	11.67741935483871	0.07702012899074505
24h	Ctrl	11.698924731182796	0.07571561172897741
24h	Ctrl	11.720430107526882	0.07442387481180263
24h	Ctrl	11.741935483870968	0.07314437902775499
24h	Ctrl	11.763440860215054	0.07187529367659885
24h	Ctrl	11.78494623655914	0.0706157249935569
24h	Ctrl	11.806451612903226	0.06936479375352148
24h	Ctrl	11.827956989247312	0.06812167217762301
24h	Ctrl	11.849462365591398	0.06688514288282331
24h	Ctrl	11.870967741935484	0.06565568291617964
24h	Ctrl	11.89247311827957	0.06443183906138217
24h	Ctrl	11.913978494623656	0.06321468499645441
24h	Ctrl	11.935483870967744	0.062004121292550396
24h	Ctrl	11.95698924731183	0.06080133362097285
24h	Ctrl	11.978494623655916	0.05960784995571635
24h	Ctrl	12.000000000000002	0.05842469562506465
24h	Ctrl	12.021505376344088	0.05725410972919759
24h	Ctrl	12.043010752688174	0.05609777952566145
24h	Ctrl	12.06451612903226	0.05495824715035139
24h	Ctrl	12.086021505376346	0.053837858592570564
24h	Ctrl	12.107526881720432	0.05273897379326453
24h	Ctrl	12.129032258064518	0.05166341851930151
24h	Ctrl	12.150537634408604	0.0506139210240787
24h	Ctrl	12.17204301075269	0.04959125169279143
24h	Ctrl	12.193548387096776	0.048597748529816936
24h	Ctrl	12.215053763440862	0.047633375112879184
24h	Ctrl	12.236559139784948	0.04669893374079654
24h	Ctrl	12.258064516129034	0.04579428851555137
24h	Ctrl	12.27956989247312	0.04491843671553019
24h	Ctrl	12.301075268817206	0.04407072310903415
24h	Ctrl	12.322580645161292	0.04324874333133765
24h	Ctrl	12.344086021505378	0.042450117737574664
24h	Ctrl	12.365591397849464	0.0416725132339973
24h	Ctrl	12.38709677419355	0.040912074086385995
24h	Ctrl	12.408602150537636	0.04016614650129314
24h	Ctrl	12.430107526881722	0.03943108522910409
24h	Ctrl	12.451612903225808	0.038703968273590364
24h	Ctrl	12.473118279569894	0.03798094009465832
24h	Ctrl	12.49462365591398	0.037259530912619854
24h	Ctrl	12.516129032258066	0.03653603796065929
24h	Ctrl	12.537634408602152	0.03580894132120893
24h	Ctrl	12.559139784946238	0.03507618714538677
24h	Ctrl	12.580645161290324	0.034335961965747536
24h	Ctrl	12.60215053763441	0.03358767375240298
24h	Ctrl	12.623655913978496	0.03283083198667411
24h	Ctrl	12.645161290322582	0.03206638493578382
24h	Ctrl	12.666666666666668	0.031294344509112254
24h	Ctrl	12.688172043010754	0.030516294100514745
24h	Ctrl	12.70967741935484	0.029734774046316234
24h	Ctrl	12.731182795698926	0.028950989369355418
24h	Ctrl	12.752688172043012	0.02816755492593292
24h	Ctrl	12.774193548387098	0.027386937897055062
24h	Ctrl	12.795698924731184	0.026612151290337147
24h	Ctrl	12.81720430107527	0.025845796052340594
24h	Ctrl	12.838709677419356	0.025090118977138823
24h	Ctrl	12.860215053763442	0.024347885876366247
24h	Ctrl	12.881720430107528	0.02362170343244311
24h	Ctrl	12.903225806451614	0.022913088408392904
24h	Ctrl	12.9247311827957	0.022223721110790684
24h	Ctrl	12.946236559139786	0.02155502376512272
24h	Ctrl	12.967741935483872	0.020908422582725867
24h	Ctrl	12.989247311827958	0.02028393187554907
24h	Ctrl	13.010752688172044	0.019682202397743674
24h	Ctrl	13.03225806451613	0.019103821949481396
24h	Ctrl	13.053763440860216	0.0185483259084144
24h	Ctrl	13.075268817204302	0.018014921675111303
24h	Ctrl	13.096774193548388	0.017503718405796405
24h	Ctrl	13.118279569892474	0.01701364786529591
24h	Ctrl	13.13978494623656	0.01654411736986021
24h	Ctrl	13.161290322580646	0.01609404635565884
24h	Ctrl	13.182795698924732	0.0156627616867662
24h	Ctrl	13.204301075268818	0.015249415732468347
24h	Ctrl	13.225806451612904	0.014853086215485062
24h	Ctrl	13.24731182795699	0.014472944545365752
24h	Ctrl	13.268817204301076	0.014108528179714634
24h	Ctrl	13.290322580645162	0.013759155930482655
24h	Ctrl	13.311827956989248	0.013424283660175845
24h	Ctrl	13.333333333333334	0.013103484959616357
24h	Ctrl	13.35483870967742	0.012796560093692596
24h	Ctrl	13.376344086021506	0.01250306176233283
24h	Ctrl	13.397849462365592	0.012222882884761413
24h	Ctrl	13.419354838709678	0.011956213508719811
24h	Ctrl	13.440860215053764	0.011702667473438975
24h	Ctrl	13.46236559139785	0.01146212305989312
24h	Ctrl	13.483870967741936	0.0112348726406442
24h	Ctrl	13.505376344086022	0.011020262581945921
24h	Ctrl	13.526881720430108	0.010818487142663952
24h	Ctrl	13.548387096774194	0.010629486270812278
24h	Ctrl	13.56989247311828	0.010452790902923805
24h	Ctrl	13.591397849462366	0.010288709035508494
24h	Ctrl	13.612903225806452	0.01013624128907209
24h	Ctrl	13.634408602150538	0.009995277185125459
24h	Ctrl	13.655913978494624	0.009864904687997497
24h	Ctrl	13.67741935483871	0.009744974124752857
24h	Ctrl	13.698924731182796	0.009634377575568039
24h	Ctrl	13.720430107526882	0.009532059254071778
24h	Ctrl	13.741935483870968	0.009437380124893886
24h	Ctrl	13.763440860215056	0.009349336149388064
24h	Ctrl	13.784946236559142	0.00926671785975209
24h	Ctrl	13.806451612903228	0.009188207462270729
24h	Ctrl	13.827956989247314	0.009112779719268629
24h	Ctrl	13.8494623655914	0.009039109726085997
24h	Ctrl	13.870967741935486	0.008966220502407706
24h	Ctrl	13.892473118279572	0.008892974531034407
24h	Ctrl	13.913978494623658	0.008818207752291925
24h	Ctrl	13.935483870967744	0.008740870626769568
24h	Ctrl	13.95698924731183	0.008659921250839548
24h	Ctrl	13.978494623655916	0.008574789770433655
24h	Ctrl	14.000000000000002	0.008484839685060596
24h	Ctrl	14.021505376344088	0.008389507117651828
24h	Ctrl	14.043010752688174	0.008288603643599868
24h	Ctrl	14.06451612903226	0.008181805350502726
24h	Ctrl	14.086021505376346	0.008069251961169893
24h	Ctrl	14.107526881720432	0.007951041263872001
24h	Ctrl	14.129032258064518	0.007827719631922657
24h	Ctrl	14.150537634408604	0.00769946756229844
24h	Ctrl	14.17204301075269	0.007567445340282999
24h	Ctrl	14.193548387096776	0.007431941668626481
24h	Ctrl	14.215053763440862	0.007294070419873518
24h	Ctrl	14.236559139784948	0.007154526007828265
24h	Ctrl	14.258064516129034	0.007014452726960371
24h	Ctrl	14.27956989247312	0.00687463314793067
24h	Ctrl	14.301075268817206	0.006735973217773374
24h	Ctrl	14.322580645161292	0.0065994738121586
24h	Ctrl	14.344086021505378	0.0064657477795993686
24h	Ctrl	14.365591397849464	0.006335481609001691
24h	Ctrl	14.38709677419355	0.006209337661562594
24h	Ctrl	14.408602150537636	0.006087462669556593
24h	Ctrl	14.430107526881722	0.005970318731157424
24h	Ctrl	14.451612903225808	0.005857846028232248
24h	Ctrl	14.473118279569894	0.0057501744291353135
24h	Ctrl	14.49462365591398	0.00564689752532129
24h	Ctrl	14.516129032258066	0.0055478788368609365
24h	Ctrl	14.537634408602152	0.005452739907141463
24h	Ctrl	14.559139784946238	0.005360941206849452
24h	Ctrl	14.580645161290324	0.00527195915510649
24h	Ctrl	14.60215053763441	0.005185184816787921
24h	Ctrl	14.623655913978496	0.005100222009510031
24h	Ctrl	14.645161290322582	0.005016334716758393
24h	Ctrl	14.666666666666668	0.0049330974715821735
24h	Ctrl	14.688172043010754	0.0048498333890930915
24h	Ctrl	14.70967741935484	0.0047663699939601975
24h	Ctrl	14.731182795698926	0.0046823293165568014
24h	Ctrl	14.752688172043012	0.004597360190550137
24h	Ctrl	14.774193548387098	0.004511292900922375
24h	Ctrl	14.795698924731184	0.004423931776268145
24h	Ctrl	14.81720430107527	0.004335330186509283
24h	Ctrl	14.838709677419356	0.004245296838917505
24h	Ctrl	14.860215053763442	0.004154008116736441
24h	Ctrl	14.881720430107528	0.004061453356802262
24h	Ctrl	14.903225806451614	0.003967737739748314
24h	Ctrl	14.9247311827957	0.003873145220069743
24h	Ctrl	14.946236559139786	0.00377774910997007
24h	Ctrl	14.967741935483872	0.003681633074389258
24h	Ctrl	14.989247311827958	0.0035851329800866134
24h	Ctrl	15.010752688172044	0.003488330967389916
24h	Ctrl	15.03225806451613	0.0033912066936868943
24h	Ctrl	15.053763440860216	0.00329438890681914
24h	Ctrl	15.075268817204302	0.0031979217738257303
24h	Ctrl	15.096774193548388	0.00310193336816574
24h	Ctrl	15.118279569892474	0.0030067150515317403
24h	Ctrl	15.13978494623656	0.002912409486408107
24h	Ctrl	15.161290322580646	0.0028195036632858664
24h	Ctrl	15.182795698924732	0.002728124016984755
24h	Ctrl	15.204301075268818	0.0026384984873845004
24h	Ctrl	15.225806451612904	0.0025509880026353257
24h	Ctrl	15.24731182795699	0.00246591158910226
24h	Ctrl	15.268817204301076	0.0023834884612772573
24h	Ctrl	15.290322580645162	0.002303946136128872
24h	Ctrl	15.311827956989248	0.002227587898061901
24h	Ctrl	15.333333333333334	0.0021544806243688104
24h	Ctrl	15.35483870967742	0.0020848810835135158
24h	Ctrl	15.376344086021506	0.0020189833718024194
24h	Ctrl	15.397849462365592	0.001956833034780608
24h	Ctrl	15.419354838709678	0.0018985024986907855
24h	Ctrl	15.440860215053764	0.0018438274501554417
24h	Ctrl	15.46236559139785	0.0017930967704913175
24h	Ctrl	15.483870967741936	0.0017459815490618123
24h	Ctrl	15.505376344086022	0.001702404658816085
24h	Ctrl	15.526881720430108	0.0016621396427473653
24h	Ctrl	15.548387096774194	0.0016250233800612762
24h	Ctrl	15.56989247311828	0.0015908306304683476
24h	Ctrl	15.591397849462366	0.0015593539078073261
24h	Ctrl	15.612903225806454	0.001530263137314169
24h	Ctrl	15.63440860215054	0.0015032286996521178
24h	Ctrl	15.655913978494626	0.0014782781902032663
24h	Ctrl	15.677419354838712	0.0014549799532339036
24h	Ctrl	15.698924731182798	0.0014330703031206309
24h	Ctrl	15.720430107526884	0.0014124378893623187
24h	Ctrl	15.74193548387097	0.001392774652609115
24h	Ctrl	15.763440860215056	0.0013738485052163466
24h	Ctrl	15.784946236559142	0.0013555139947765582
24h	Ctrl	15.806451612903228	0.0013377706204231422
24h	Ctrl	15.827956989247314	0.0013203615123415428
24h	Ctrl	15.8494623655914	0.0013032421102715027
24h	Ctrl	15.870967741935486	0.0012862353172062519
24h	Ctrl	15.892473118279572	0.0012693836758435606
24h	Ctrl	15.913978494623658	0.00125257397860742
24h	Ctrl	15.935483870967744	0.0012357125144622134
24h	Ctrl	15.95698924731183	0.0012187140645472383
24h	Ctrl	15.978494623655916	0.001201645601495997
24h	Ctrl	16.0	0.001184362854493768
24h	Ctrl	16.021505376344088	0.0011667617990320466
24h	Ctrl	16.043010752688172	0.0011488550962183792
24h	Ctrl	16.06451612903226	0.001130670310931942
24h	Ctrl	16.086021505376344	0.0011119951008334832
24h	Ctrl	16.107526881720432	0.001092810060047484
24h	Ctrl	16.129032258064516	0.0010730965149456564
24h	Ctrl	16.150537634408604	0.0010527801578233441
24h	Ctrl	16.172043010752688	0.0010318815291749167
24h	Ctrl	16.193548387096776	0.0010103893550170477
24h	Ctrl	16.21505376344086	0.000988223510150521
24h	Ctrl	16.236559139784948	0.0009654277648393213
24h	Ctrl	16.258064516129032	0.0009419147283106524
24h	Ctrl	16.27956989247312	0.0009178710183802123
24h	Ctrl	16.301075268817204	0.000893284432377094
24h	Ctrl	16.322580645161292	0.00086820748951273
24h	Ctrl	16.344086021505376	0.000842769086439911
24h	Ctrl	16.365591397849464	0.0008171037600722986
24h	Ctrl	16.387096774193548	0.0007912748131294281
24h	Ctrl	16.408602150537636	0.0007654788245552499
24h	Ctrl	16.43010752688172	0.0007397996217380542
24h	Ctrl	16.451612903225808	0.0007144487860327002
24h	Ctrl	16.473118279569892	0.0006895557669753261
24h	Ctrl	16.49462365591398	0.0006652503272013523
24h	Ctrl	16.516129032258064	0.000641770882722383
24h	Ctrl	16.537634408602152	0.0006191429614288158
24h	Ctrl	16.55913978494624	0.0005975897087590195
24h	Ctrl	16.580645161290324	0.0005771738778734939
24h	Ctrl	16.60215053763441	0.0005581007922163243
24h	Ctrl	16.623655913978496	0.000540340376984958
24h	Ctrl	16.645161290322584	0.0005240597247629477
24h	Ctrl	16.666666666666668	0.0005092458733685783
24h	Ctrl	16.688172043010756	0.0004959736755368547
24h	Ctrl	16.70967741935484	0.00048420783113592946
24h	Ctrl	16.731182795698928	0.000473924052481872
24h	Ctrl	16.752688172043012	0.0004650732723338382
24h	Ctrl	16.7741935483871	0.0004575573320729856
24h	Ctrl	16.795698924731184	0.0004513429458689986
24h	Ctrl	16.81720430107527	0.0004462321304833921
24h	Ctrl	16.838709677419356	0.00044222100917301024
24h	Ctrl	16.860215053763444	0.0004391059232612417
24h	Ctrl	16.881720430107528	0.00043667424396300796
24h	Ctrl	16.903225806451616	0.000434970870154333
24h	Ctrl	16.9247311827957	0.0004337604994914416
24h	Ctrl	16.946236559139788	0.00043292785305196413
24h	Ctrl	16.967741935483872	0.0004323720797148896
24h	Ctrl	16.98924731182796	0.00043198411879364176
24h	Ctrl	17.010752688172044	0.00043176039166270314
24h	Ctrl	17.03225806451613	0.00043162280350956194
24h	Ctrl	17.053763440860216	0.0004315502018676865
24h	Ctrl	17.075268817204304	0.0004315401228069665
24h	Ctrl	17.096774193548388	0.00043160589337940745
24h	Ctrl	17.118279569892476	0.0004317207409953698
24h	Ctrl	17.13978494623656	0.0004320359092616202
24h	Ctrl	17.161290322580648	0.0004324873561638365
24h	Ctrl	17.182795698924732	0.00043316518505864604
24h	Ctrl	17.20430107526882	0.00043406459198293274
24h	Ctrl	17.225806451612904	0.00043516632546967965
24h	Ctrl	17.24731182795699	0.0004365072873514068
24h	Ctrl	17.268817204301076	0.00043801668047704673
24h	Ctrl	17.290322580645164	0.0004396352643135849
24h	Ctrl	17.311827956989248	0.0004412523693724354
24h	Ctrl	17.333333333333336	0.0004428184780013814
24h	Ctrl	17.35483870967742	0.0004441409390227963
24h	Ctrl	17.376344086021508	0.00044513133694091064
24h	Ctrl	17.397849462365592	0.00044559329566151685
24h	Ctrl	17.41935483870968	0.0004453972863101869
24h	Ctrl	17.440860215053764	0.0004443193665049375
24h	Ctrl	17.46236559139785	0.0004422037104828967
24h	Ctrl	17.483870967741936	0.00043897011532742687
24h	Ctrl	17.505376344086024	0.0004344661040889422
24h	Ctrl	17.526881720430108	0.0004286050963790328
24h	Ctrl	17.548387096774196	0.0004213350998450537
24h	Ctrl	17.56989247311828	0.00041264264084686517
24h	Ctrl	17.591397849462368	0.0004025291774158243
24h	Ctrl	17.612903225806452	0.00039109731087240163
24h	Ctrl	17.63440860215054	0.00037848026833291616
24h	Ctrl	17.655913978494624	0.0003647900464384389
24h	Ctrl	17.67741935483871	0.0003502083951083784
24h	Ctrl	17.698924731182796	0.00033494466112836223
24h	Ctrl	17.720430107526884	0.00031922913577565903
24h	Ctrl	17.741935483870968	0.0003033056067743578
24h	Ctrl	17.763440860215056	0.00028742344848562947
24h	Ctrl	17.78494623655914	0.0002718295930811428
24h	Ctrl	17.806451612903228	0.00025676071693520237
24h	Ctrl	17.827956989247312	0.0002424359520895776
24h	Ctrl	17.8494623655914	0.00022905039471617024
24h	Ctrl	17.870967741935484	0.000216769633971654
24h	Ctrl	17.89247311827957	0.00020572546883244284
24h	Ctrl	17.913978494623656	0.00019601292088005642
24h	Ctrl	17.935483870967744	0.0001876885909389546
24h	Ctrl	17.956989247311828	0.0001807184510541399
24h	Ctrl	17.978494623655916	0.00017523839134338752
24h	Ctrl	18.0	0.00017106267058371444
24h	Ctrl	18.021505376344088	0.00016813173956917627
24h	Ctrl	18.043010752688172	0.000166331706911892
24h	Ctrl	18.06451612903226	0.00016553577457003793
24h	Ctrl	18.086021505376344	0.00016558924847218706
24h	Ctrl	18.107526881720432	0.0001663151736137414
24h	Ctrl	18.129032258064516	0.000167540407251726
24h	Ctrl	18.150537634408604	0.00016909066312246053
24h	Ctrl	18.172043010752688	0.00017079596970223266
24h	Ctrl	18.193548387096776	0.00017249574602922803
24h	Ctrl	18.21505376344086	0.00017404337617111986
24h	Ctrl	18.236559139784948	0.0001752842345888252
24h	Ctrl	18.258064516129032	0.00017617047171616145
24h	Ctrl	18.27956989247312	0.00017658262321219544
24h	Ctrl	18.301075268817204	0.00017646322326730606
24h	Ctrl	18.322580645161292	0.0001757812289576219
24h	Ctrl	18.344086021505376	0.00017453223871682628
24h	Ctrl	18.365591397849464	0.00017273790873342175
24h	Ctrl	18.38709677419355	0.0001704445930001992
24h	Ctrl	18.408602150537636	0.00016772124756999414
24h	Ctrl	18.430107526881724	0.00016465665450768704
24h	Ctrl	18.451612903225808	0.00016135603621674957
24h	Ctrl	18.473118279569896	0.00015791119675228328
24h	Ctrl	18.49462365591398	0.00015450767882288494
24h	Ctrl	18.516129032258068	0.00015121322521137546
24h	Ctrl	18.537634408602152	0.00014821628231329116
24h	Ctrl	18.55913978494624	0.00014560363925071105
24h	Ctrl	18.580645161290324	0.0001434875632835362
24h	Ctrl	18.60215053763441	0.00014193886245333565
24h	Ctrl	18.623655913978496	0.00014109441007378458
24h	Ctrl	18.645161290322584	0.0001409468505577716
24h	Ctrl	18.666666666666668	0.0001415852362873296
24h	Ctrl	18.688172043010756	0.00014297567052192918
24h	Ctrl	18.70967741935484	0.00014509226432373633
24h	Ctrl	18.731182795698928	0.00014788069851918786
24h	Ctrl	18.752688172043012	0.00015125941154917587
24h	Ctrl	18.7741935483871	0.00015512179837767794
24h	Ctrl	18.795698924731184	0.00015933936930700583
24h	Ctrl	18.81720430107527	0.00016376577407515238
24h	Ctrl	18.838709677419356	0.00016824155522908647
24h	Ctrl	18.860215053763444	0.0001725994578667217
24h	Ctrl	18.881720430107528	0.0001766700927261934
24h	Ctrl	18.903225806451616	0.00018028772832897057
24h	Ctrl	18.9247311827957	0.000183295977091455
24h	Ctrl	18.946236559139788	0.00018555314108294654
24h	Ctrl	18.967741935483872	0.00018693699582384023
24h	Ctrl	18.98924731182796	0.0001873488148389261
24h	Ctrl	19.010752688172044	0.00018671647250035847
24h	Ctrl	19.03225806451613	0.0001849965061949272
24h	Ctrl	19.053763440860216	0.00018217506860606893
24h	Ctrl	19.075268817204304	0.00017826775403997927
24h	Ctrl	19.096774193548388	0.00017331833612564118
24h	Ctrl	19.118279569892476	0.00016739650473352957
24h	Ctrl	19.13978494623656	0.00016059473464342052
24h	Ctrl	19.161290322580648	0.0001530244548215699
24h	Ctrl	19.182795698924732	0.00014481171321229232
24h	Ctrl	19.20430107526882	0.00013606659702898653
24h	Ctrl	19.225806451612904	0.0001269900078838448
24h	Ctrl	19.24731182795699	0.00011768811682485039
24h	Ctrl	19.268817204301076	0.00010833651052966877
24h	Ctrl	19.290322580645164	9.900802665572053e-05
24h	Ctrl	19.311827956989248	8.985056170862565e-05
24h	Ctrl	19.333333333333336	8.097311113884074e-05
24h	Ctrl	19.35483870967742	7.246996709081841e-05
24h	Ctrl	19.376344086021508	6.441969510171873e-05
24h	Ctrl	19.397849462365592	5.6884812161014784e-05
24h	Ctrl	19.41935483870968	4.988615885015358e-05
24h	Ctrl	19.440860215053764	4.351527029411338e-05
24h	Ctrl	19.46236559139785	3.7754767291108794e-05
24h	Ctrl	19.483870967741936	3.2611876424278356e-05
24h	Ctrl	19.505376344086024	2.808379287533803e-05
24h	Ctrl	19.526881720430108	2.4159761039292976e-05
24h	Ctrl	19.548387096774196	2.082315990127165e-05
24h	Ctrl	19.56989247311828	1.8053497593964633e-05
24h	Ctrl	19.591397849462368	1.5828232894572563e-05
24h	Ctrl	19.612903225806452	1.4124356524859647e-05
24h	Ctrl	19.63440860215054	1.2919681068212277e-05
24h	Ctrl	19.655913978494624	1.2193804372130127e-05
24h	Ctrl	19.67741935483871	1.1928726919485919e-05
24h	Ctrl	19.698924731182796	1.2109118474107847e-05
24h	Ctrl	19.720430107526884	1.2722243143755895e-05
24h	Ctrl	19.741935483870968	1.3757564778984367e-05
24h	Ctrl	19.763440860215056	1.520606632127402e-05
24h	Ctrl	19.78494623655914	1.70593273119487e-05
24h	Ctrl	19.806451612903228	1.930841321068152e-05
24h	Ctrl	19.827956989247312	2.1942638300347966e-05
24h	Ctrl	19.8494623655914	2.4948270522715532e-05
24h	Ctrl	19.870967741935484	2.83072512472457e-05
24h	Ctrl	19.89247311827957	3.1996005300032e-05
24h	Ctrl	19.913978494623656	3.598441612038535e-05
24h	Ctrl	19.935483870967744	4.0235037249850214e-05
24h	Ctrl	19.956989247311828	4.4702604174662014e-05
24h	Ctrl	19.978494623655916	4.930795021208876e-05
24h	Ctrl	20.0	5.40497523799936e-05
24h	Ctrl	20.021505376344088	5.8824250078761625e-05
24h	Ctrl	20.043010752688172	6.3558157606928e-05
24h	Ctrl	20.06451612903226	6.814762945170225e-05
24h	Ctrl	20.086021505376344	7.257161141764684e-05
24h	Ctrl	20.107526881720432	7.671302899153761e-05
24h	Ctrl	20.129032258064516	8.0492950525285e-05
24h	Ctrl	20.150537634408604	8.38364566219171e-05
24h	Ctrl	20.172043010752688	8.667509636328246e-05
24h	Ctrl	20.193548387096776	8.894921164773756e-05
24h	Ctrl	20.215053763440864	9.061001970195975e-05
24h	Ctrl	20.236559139784948	9.162135234803367e-05
24h	Ctrl	20.258064516129036	9.19609654517548e-05
24h	Ctrl	20.27956989247312	9.162135234803367e-05
24h	Ctrl	20.301075268817208	9.061001970195975e-05
24h	Ctrl	20.322580645161292	8.894921164773756e-05
24h	Ctrl	20.34408602150538	8.667509636328246e-05
24h	Ctrl	20.365591397849464	8.38364566219171e-05
24h	Ctrl	20.38709677419355	8.0492950525285e-05
24h	Ctrl	20.408602150537636	7.671302899153761e-05
24h	Ctrl	20.430107526881724	7.257161141764684e-05
24h	Ctrl	20.451612903225808	6.814762945170225e-05
24h	Ctrl	20.473118279569896	6.35215506784285e-05
24h	Ctrl	20.49462365591398	5.877298940587032e-05
24h	Ctrl	20.516129032258068	5.397850126481856e-05
24h	Ctrl	20.537634408602152	4.920964299986811e-05
24h	Ctrl	20.55913978494624	4.4531359929777075e-05
24h	Ctrl	20.580645161290324	4.000074253769051e-05
24h	Ctrl	20.60215053763441	3.5666172012246623e-05
24h	Ctrl	20.623655913978496	3.1566853714531315e-05
24h	Ctrl	20.645161290322584	2.7732718729480863e-05
24h	Ctrl	20.666666666666668	2.4184657851868517e-05
24h	Ctrl	20.688172043010756	2.0935040227304976e-05
24h	Ctrl	20.70967741935484	1.7988460762342242e-05
24h	Ctrl	20.731182795698928	1.5342656363253113e-05
24h	Ctrl	20.752688172043012	1.2989530807661655e-05
24h	Ctrl	20.7741935483871	1.0916231116894078e-05
24h	Ctrl	20.795698924731184	9.10622403793653e-06
24h	Ctrl	20.81720430107527	7.5403289287236765e-06
24h	Ctrl	20.838709677419356	6.197672211576244e-06
24h	Ctrl	20.860215053763444	5.0565378950595715e-06
24h	Ctrl	20.881720430107528	4.0950978258759236e-06
24h	Ctrl	20.903225806451616	3.2920137980679853e-06
24h	Ctrl	20.9247311827957	2.6269110307601098e-06
24h	Ctrl	20.946236559139788	2.0807285820109843e-06
24h	Ctrl	20.967741935483872	1.6359568820337498e-06
24h	Ctrl	20.98924731182796	1.276775747316185e-06
24h	Ctrl	21.010752688172044	9.89108075059254e-07
24h	Ctrl	21.03225806451613	7.606050800793035e-07
24h	Ctrl	21.053763440860216	5.805786315786159e-07
24h	Ctrl	21.075268817204304	4.398952013794019e-07
24h	Ctrl	21.096774193548388	3.3084437328002327e-07
24h	Ctrl	21.118279569892476	2.469929929636875e-07
24h	Ctrl	21.13978494623656	1.83034039268398e-07
24h	Ctrl	21.161290322580648	1.346373163854355e-07
24h	Ctrl	21.182795698924732	9.830721222065668e-08
24h	Ctrl	21.20430107526882	7.125111517504348e-08
24h	Ctrl	21.225806451612904	5.126067289130737e-08
24h	Ctrl	21.24731182795699	3.6606928499498964e-08
24h	Ctrl	21.268817204301076	0.0
24h	Ctrl	21.290322580645164	0.0
24h	Ctrl	21.311827956989248	0.0
24h	Ctrl	21.333333333333336	0.0
24h	Ctrl	21.35483870967742	0.0
24h	Ctrl	21.376344086021508	0.0
24h	Ctrl	21.397849462365592	0.0
24h	Ctrl	21.41935483870968	0.0
24h	Ctrl	21.440860215053764	0.0
24h	Ctrl	21.46236559139785	0.0
24h	Ctrl	21.483870967741936	0.0
24h	Ctrl	21.505376344086024	0.0
24h	Ctrl	21.526881720430108	0.0
24h	Ctrl	21.548387096774196	0.0
24h	Ctrl	21.56989247311828	0.0
24h	Ctrl	21.591397849462368	0.0
24h	Ctrl	21.612903225806452	0.0
24h	Ctrl	21.63440860215054	0.0
24h	Ctrl	21.655913978494624	0.0
24h	Ctrl	21.67741935483871	0.0
24h	Ctrl	21.698924731182796	0.0
24h	Ctrl	21.720430107526884	0.0
24h	Ctrl	21.741935483870968	0.0
24h	Ctrl	21.763440860215056	0.0
24h	Ctrl	21.78494623655914	0.0
24h	Ctrl	21.806451612903228	0.0
24h	Ctrl	21.827956989247312	0.0
24h	Ctrl	21.8494623655914	0.0
24h	Ctrl	21.870967741935484	0.0
24h	Ctrl	21.89247311827957	0.0
24h	Ctrl	21.913978494623656	0.0
24h	Ctrl	21.935483870967744	0.0
24h	Ctrl	21.956989247311828	0.0
24h	Ctrl	21.978494623655916	0.0
24h	Ctrl	22.0	0.0
24h	Tam	0.0	0.015316120019909896
24h	Tam	0.021505376344086023	0.015502084258492246
24h	Tam	0.043010752688172046	0.01562002180623427
24h	Tam	0.06451612903225806	0.015677614389754683
24h	Tam	0.08602150537634409	0.015683324986293087
24h	Tam	0.10752688172043012	0.015646980441177332
24h	Tam	0.12903225806451613	0.015579632927378816
24h	Tam	0.15053763440860216	0.015493072127897788
24h	Tam	0.17204301075268819	0.015399290681122776
24h	Tam	0.19354838709677422	0.01531002984722585
24h	Tam	0.21505376344086025	0.015236354751236377
24h	Tam	0.23655913978494625	0.01518813994220078
24h	Tam	0.25806451612903225	0.015174787367284412
24h	Tam	0.2795698924731183	0.015203306200742521
24h	Tam	0.3010752688172043	0.015276031798239173
24h	Tam	0.32258064516129037	0.015399580147129357
24h	Tam	0.34408602150537637	0.015571927602323255
24h	Tam	0.3655913978494624	0.015792042038794595
24h	Tam	0.38709677419354843	0.01605821771232478
24h	Tam	0.40860215053763443	0.016366507795589038
24h	Tam	0.4301075268817205	0.01671182497315455
24h	Tam	0.4516129032258065	0.017088657091318998
24h	Tam	0.4731182795698925	0.01749101847346887
24h	Tam	0.49462365591397855	0.01791305867634329
24h	Tam	0.5161290322580645	0.018349850213510623
24h	Tam	0.5376344086021506	0.018797212826064894
24h	Tam	0.5591397849462366	0.019251947143704085
24h	Tam	0.5806451612903226	0.019709002236715494
24h	Tam	0.6021505376344086	0.020166383722073175
24h	Tam	0.6236559139784946	0.020623547634518576
24h	Tam	0.6451612903225807	0.021080941059962964
24h	Tam	0.6666666666666667	0.021539407549790602
24h	Tam	0.6881720430107527	0.02200039487528501
24h	Tam	0.7096774193548387	0.022465713532809333
24h	Tam	0.7311827956989247	0.022937896467464716
24h	Tam	0.7526881720430109	0.0234195524388538
24h	Tam	0.7741935483870969	0.023912996269906
24h	Tam	0.7956989247311829	0.024418953738273016
24h	Tam	0.8172043010752689	0.02493828578960408
24h	Tam	0.8387096774193549	0.02547171914326793
24h	Tam	0.860215053763441	0.02602000428988471
24h	Tam	0.881720430107527	0.02658336948368537
24h	Tam	0.903225806451613	0.027161829153116247
24h	Tam	0.924731182795699	0.027754988183634345
24h	Tam	0.946236559139785	0.028362984624978167
24h	Tam	0.967741935483871	0.028984730861794115
24h	Tam	0.9892473118279571	0.029619160221977234
24h	Tam	1.010752688172043	0.03026153133544471
24h	Tam	1.032258064516129	0.030920675112965573
24h	Tam	1.0537634408602152	0.03159149241173968
24h	Tam	1.0752688172043012	0.032274619628462294
24h	Tam	1.0967741935483872	0.032970452921445424
24h	Tam	1.1182795698924732	0.03368222001067732
24h	Tam	1.1397849462365592	0.03440717936131442
24h	Tam	1.1612903225806452	0.03514640353325142
24h	Tam	1.1827956989247312	0.03590056651957533
24h	Tam	1.2043010752688172	0.036670006913413204
24h	Tam	1.2258064516129032	0.0374551878586758
24h	Tam	1.2473118279569892	0.03825661345172369
24h	Tam	1.2688172043010755	0.03907412029370893
24h	Tam	1.2903225806451615	0.039905762570540404
24h	Tam	1.3118279569892475	0.04075181304746764
24h	Tam	1.3333333333333335	0.04160908440891313
24h	Tam	1.3548387096774195	0.04247707253338284
24h	Tam	1.3763440860215055	0.04335423644062593
24h	Tam	1.3978494623655915	0.04424009715372883
24h	Tam	1.4193548387096775	0.04513125932467596
24h	Tam	1.4408602150537635	0.046027074393918135
24h	Tam	1.4623655913978495	0.046923702277717576
24h	Tam	1.4838709677419355	0.04782016176930117
24h	Tam	1.5053763440860217	0.048715103708917976
24h	Tam	1.5268817204301077	0.049608026612084896
24h	Tam	1.5483870967741937	0.050494292901336175
24h	Tam	1.5698924731182797	0.051377121006475415
24h	Tam	1.5913978494623657	0.0522493371632212
24h	Tam	1.6129032258064517	0.05311455658023044
24h	Tam	1.6344086021505377	0.053969172985385935
24h	Tam	1.6559139784946237	0.05481282695653549
24h	Tam	1.6774193548387097	0.05564265169734127
24h	Tam	1.6989247311827957	0.056456048558970164
24h	Tam	1.720430107526882	0.05725185546876152
24h	Tam	1.741935483870968	0.058029043310028346
24h	Tam	1.763440860215054	0.05878618134283172
24h	Tam	1.78494623655914	0.059519919600418185
24h	Tam	1.806451612903226	0.060227907698564814
24h	Tam	1.827956989247312	0.060908740136001484
24h	Tam	1.849462365591398	0.061561242369277784
24h	Tam	1.870967741935484	0.06218348572704442
24h	Tam	1.89247311827957	0.06277361220870067
24h	Tam	1.913978494623656	0.06332987110270386
24h	Tam	1.935483870967742	0.06385178793903738
24h	Tam	1.9569892473118282	0.06434145941721374
24h	Tam	1.9784946236559142	0.06479517410195834
24h	Tam	2.0	0.06521756904017824
24h	Tam	2.021505376344086	0.06560672914078729
24h	Tam	2.043010752688172	0.0659685427721673
24h	Tam	2.064516129032258	0.06630169904590127
24h	Tam	2.0860215053763445	0.06660911314147587
24h	Tam	2.1075268817204305	0.06689451844783557
24h	Tam	2.1290322580645165	0.06716239455631752
24h	Tam	2.1505376344086025	0.06741419056047739
24h	Tam	2.1720430107526885	0.0676543827711587
24h	Tam	2.1935483870967745	0.06788804061756672
24h	Tam	2.2150537634408605	0.0681166479244509
24h	Tam	2.2365591397849465	0.06834419817561885
24h	Tam	2.2580645161290325	0.06857326384180823
24h	Tam	2.2795698924731185	0.0688066572168187
24h	Tam	2.3010752688172045	0.06904757611346388
24h	Tam	2.3225806451612905	0.06929449788347312
24h	Tam	2.3440860215053765	0.0695519860463078
24h	Tam	2.3655913978494625	0.06981865508615238
24h	Tam	2.3870967741935485	0.07009305309672524
24h	Tam	2.4086021505376345	0.0703750060218676
24h	Tam	2.4301075268817205	0.0706626115773138
24h	Tam	2.4516129032258065	0.07095347580302469
24h	Tam	2.4731182795698925	0.07124598878407128
24h	Tam	2.4946236559139785	0.07153682100279633
24h	Tam	2.5161290322580645	0.0718223677796614
24h	Tam	2.537634408602151	0.07210018943960943
24h	Tam	2.559139784946237	0.0723663431900203
24h	Tam	2.580645161290323	0.07261997891546565
24h	Tam	2.602150537634409	0.07285846703673368
24h	Tam	2.623655913978495	0.0730775649068179
24h	Tam	2.645161290322581	0.0732754970256045
24h	Tam	2.666666666666667	0.0734502644678841
24h	Tam	2.688172043010753	0.07359959200689353
24h	Tam	2.709677419354839	0.07372312814347358
24h	Tam	2.731182795698925	0.0738198148354482
24h	Tam	2.752688172043011	0.07388908061327185
24h	Tam	2.774193548387097	0.0739313164921318
24h	Tam	2.795698924731183	0.07394825196502755
24h	Tam	2.817204301075269	0.07394074372821945
24h	Tam	2.838709677419355	0.07390902094079044
24h	Tam	2.860215053763441	0.07385449836754356
24h	Tam	2.881720430107527	0.0737779868624408
24h	Tam	2.903225806451613	0.07368120146614227
24h	Tam	2.924731182795699	0.07356484002526135
24h	Tam	2.946236559139785	0.0734309094021581
24h	Tam	2.967741935483871	0.07328157717246242
24h	Tam	2.9892473118279574	0.0731187612902231
24h	Tam	3.0107526881720434	0.07294392340519479
24h	Tam	3.0322580645161294	0.07275859483208678
24h	Tam	3.0537634408602155	0.07256342891008385
24h	Tam	3.0752688172043015	0.0723599509288347
24h	Tam	3.0967741935483875	0.07214906121542868
24h	Tam	3.1182795698924735	0.07193087428224057
24h	Tam	3.1397849462365595	0.07171059265005543
24h	Tam	3.1612903225806455	0.07148854700109397
24h	Tam	3.1827956989247315	0.07126577233090226
24h	Tam	3.2043010752688175	0.07104299727161073
24h	Tam	3.2258064516129035	0.07082147821062504
24h	Tam	3.2473118279569895	0.0706022471301077
24h	Tam	3.2688172043010755	0.0703862402962011
24h	Tam	3.2903225806451615	0.07017612925757363
24h	Tam	3.3118279569892475	0.0699709397247469
24h	Tam	3.3333333333333335	0.06977327775776906
24h	Tam	3.3548387096774195	0.06958215211723655
24h	Tam	3.3763440860215055	0.06939766054319056
24h	Tam	3.3978494623655915	0.06921901797797143
24h	Tam	3.4193548387096775	0.06904715850291321
24h	Tam	3.440860215053764	0.06888075855792493
24h	Tam	3.46236559139785	0.06872088482085391
24h	Tam	3.483870967741936	0.06856416224541052
24h	Tam	3.505376344086022	0.06840960620322413
24h	Tam	3.526881720430108	0.0682547530906995
24h	Tam	3.548387096774194	0.06809963243174982
24h	Tam	3.56989247311828	0.0679417553182593
24h	Tam	3.591397849462366	0.06778081599476747
24h	Tam	3.612903225806452	0.06761375636319629
24h	Tam	3.634408602150538	0.06743907828843992
24h	Tam	3.655913978494624	0.06725403514330881
24h	Tam	3.67741935483871	0.06705914716906432
24h	Tam	3.698924731182796	0.06685349202281744
24h	Tam	3.720430107526882	0.06663516519113256
24h	Tam	3.741935483870968	0.06640256174239734
24h	Tam	3.763440860215054	0.06615503419219819
24h	Tam	3.78494623655914	0.06589401683337162
24h	Tam	3.806451612903226	0.06561937616939187
24h	Tam	3.827956989247312	0.06533029138787926
24h	Tam	3.849462365591398	0.0650271015850383
24h	Tam	3.870967741935484	0.06471058358756585
24h	Tam	3.89247311827957	0.06438256081907805
24h	Tam	3.9139784946236564	0.06404493559124645
24h	Tam	3.9354838709677424	0.06369785307843195
24h	Tam	3.9569892473118284	0.0633433096744438
24h	Tam	3.9784946236559144	0.06298408106170977
24h	Tam	4.0	0.06262324149513296
24h	Tam	4.021505376344086	0.06226172521207627
24h	Tam	4.043010752688172	0.06190115737541257
24h	Tam	4.064516129032258	0.06154603572706815
24h	Tam	4.086021505376344	0.061198530182089234
24h	Tam	4.10752688172043	0.06086000660214941
24h	Tam	4.129032258064516	0.06053262460076633
24h	Tam	4.150537634408603	0.06021994516548318
24h	Tam	4.172043010752689	0.059923081398326805
24h	Tam	4.193548387096775	0.05964156247962929
24h	Tam	4.215053763440861	0.059379236945655146
24h	Tam	4.236559139784947	0.05913518170092547
24h	Tam	4.258064516129033	0.05891001975889047
24h	Tam	4.279569892473119	0.05870235503497447
24h	Tam	4.301075268817205	0.05851288841470622
24h	Tam	4.322580645161291	0.0583392810410977
24h	Tam	4.344086021505377	0.058179549539308685
24h	Tam	4.365591397849463	0.05803264886607408
24h	Tam	4.387096774193549	0.05789612650832535
24h	Tam	4.408602150537635	0.05776644860704788
24h	Tam	4.430107526881721	0.05764168172897404
24h	Tam	4.451612903225807	0.0575193591996904
24h	Tam	4.473118279569893	0.05739587847263679
24h	Tam	4.494623655913979	0.057269550879153565
24h	Tam	4.516129032258065	0.057138414062046214
24h	Tam	4.537634408602151	0.0569994730082702
24h	Tam	4.559139784946237	0.0568522146955095
24h	Tam	4.580645161290323	0.05669555998833728
24h	Tam	4.602150537634409	0.05652842448087043
24h	Tam	4.623655913978495	0.056351050849177325
24h	Tam	4.645161290322581	0.056163486214485206
24h	Tam	4.666666666666667	0.05596689521647553
24h	Tam	4.688172043010753	0.05576365769959619
24h	Tam	4.709677419354839	0.055554277677671265
24h	Tam	4.731182795698925	0.05534073530145557
24h	Tam	4.752688172043011	0.05512565781811603
24h	Tam	4.774193548387097	0.054911133532568546
24h	Tam	4.795698924731183	0.0546992506342416
24h	Tam	4.817204301075269	0.054492870044265215
24h	Tam	4.838709677419355	0.05429438568294781
24h	Tam	4.860215053763441	0.054104705232813355
24h	Tam	4.881720430107527	0.05392603197441158
24h	Tam	4.903225806451613	0.053759422678473834
24h	Tam	4.924731182795699	0.053606751414573266
24h	Tam	4.946236559139785	0.05346771214871583
24h	Tam	4.967741935483871	0.0533427046043611
24h	Tam	4.989247311827957	0.05323156097928836
24h	Tam	5.010752688172043	0.05313370664327352
24h	Tam	5.032258064516129	0.05304764110131597
24h	Tam	5.053763440860216	0.05297270426920146
24h	Tam	5.075268817204302	0.0529071511137471
24h	Tam	5.096774193548388	0.05284983069026379
24h	Tam	5.118279569892474	0.05279761143039725
24h	Tam	5.13978494623656	0.05274957566087171
24h	Tam	5.161290322580646	0.05270344143227151
24h	Tam	5.182795698924732	0.05265694759215163
24h	Tam	5.204301075268818	0.05260919112788417
24h	Tam	5.225806451612904	0.052557842778946665
24h	Tam	5.24731182795699	0.052501331384927415
24h	Tam	5.268817204301076	0.05243880008843526
24h	Tam	5.290322580645162	0.052369145021455656
24h	Tam	5.311827956989248	0.05229194517697703
24h	Tam	5.333333333333334	0.05220674454504849
24h	Tam	5.35483870967742	0.05211362560482354
24h	Tam	5.376344086021506	0.05201274005859048
24h	Tam	5.397849462365592	0.05190491156249275
24h	Tam	5.419354838709678	0.051791531023216174
24h	Tam	5.440860215053764	0.0516736083801264
24h	Tam	5.46236559139785	0.051553019251020946
24h	Tam	5.483870967741936	0.051432474232525296
24h	Tam	5.505376344086022	0.051313164769021556
24h	Tam	5.526881720430108	0.0511979596683692
24h	Tam	5.548387096774194	0.051088594682959995
24h	Tam	5.56989247311828	0.05098828722738469
24h	Tam	5.591397849462366	0.050898259173231555
24h	Tam	5.612903225806452	0.05082092341570897
24h	Tam	5.634408602150538	0.050757517014055384
24h	Tam	5.655913978494624	0.05070990887902149
24h	Tam	5.67741935483871	0.050678672346077994
24h	Tam	5.698924731182796	0.0506639777006886
24h	Tam	5.720430107526882	0.05066603507767613
24h	Tam	5.741935483870968	0.05068403087294329
24h	Tam	5.763440860215054	0.05071644723581547
24h	Tam	5.78494623655914	0.05076152345720329
24h	Tam	5.806451612903226	0.0508171712301206
24h	Tam	5.827956989247312	0.050881319658533805
24h	Tam	5.849462365591398	0.05095102205568687
24h	Tam	5.870967741935484	0.05102395674803496
24h	Tam	5.89247311827957	0.051096974494562554
24h	Tam	5.913978494623656	0.05116745772813786
24h	Tam	5.935483870967742	0.05123343085152429
24h	Tam	5.956989247311828	0.05129300875892333
24h	Tam	5.978494623655915	0.05134481773150898
24h	Tam	6.000000000000001	0.05138844118914384
24h	Tam	6.021505376344087	0.051423846206406706
24h	Tam	6.043010752688173	0.05145190809634734
24h	Tam	6.064516129032259	0.051473639169660065
24h	Tam	6.086021505376345	0.05149072805435136
24h	Tam	6.107526881720431	0.05150605985954363
24h	Tam	6.129032258064517	0.05152167321241844
24h	Tam	6.150537634408603	0.05154149369563804
24h	Tam	6.172043010752689	0.05156777285875828
24h	Tam	6.193548387096775	0.05160471260210871
24h	Tam	6.215053763440861	0.0516542137627377
24h	Tam	6.236559139784947	0.05171969671422794
24h	Tam	6.258064516129033	0.0518019839085658
24h	Tam	6.279569892473119	0.05190398209683453
24h	Tam	6.301075268817205	0.05202589273119455
24h	Tam	6.322580645161291	0.052167945904987224
24h	Tam	6.344086021505377	0.05232973234967676
24h	Tam	6.365591397849463	0.052509631254733034
24h	Tam	6.387096774193549	0.05270550357130198
24h	Tam	6.408602150537635	0.05291503503329142
24h	Tam	6.430107526881721	0.05313505028183302
24h	Tam	6.451612903225807	0.05336207745068856
24h	Tam	6.473118279569893	0.05359313679544842
24h	Tam	6.494623655913979	0.053823905863764065
24h	Tam	6.516129032258065	0.05405073587590498
24h	Tam	6.537634408602151	0.054270823170270044
24h	Tam	6.559139784946237	0.05448066600005506
24h	Tam	6.580645161290323	0.054678190472425094
24h	Tam	6.602150537634409	0.05486125619779257
24h	Tam	6.623655913978495	0.055028986594178715
24h	Tam	6.645161290322581	0.05517976171904548
24h	Tam	6.666666666666667	0.05531374466430074
24h	Tam	6.688172043010753	0.055431411244596
24h	Tam	6.709677419354839	0.055533792271540025
24h	Tam	6.731182795698925	0.05562313315723713
24h	Tam	6.752688172043011	0.05570096385064106
24h	Tam	6.774193548387097	0.05576941527586253
24h	Tam	6.795698924731183	0.05583189282610166
24h	Tam	6.817204301075269	0.05588972673354853
24h	Tam	6.838709677419355	0.05594733700205049
24h	Tam	6.860215053763441	0.05600708649678234
24h	Tam	6.881720430107528	0.05607197225135247
24h	Tam	6.903225806451614	0.056144836251033274
24h	Tam	6.9247311827957	0.05622795376757663
24h	Tam	6.946236559139786	0.05632422144564666
24h	Tam	6.967741935483872	0.05643530250166571
24h	Tam	6.989247311827958	0.056564224873499686
24h	Tam	7.010752688172044	0.056712460387647635
24h	Tam	7.03225806451613	0.056881983668628205
24h	Tam	7.053763440860216	0.057074425656929904
24h	Tam	7.075268817204302	0.057291451595961024
24h	Tam	7.096774193548388	0.057533934687858994
24h	Tam	7.118279569892474	0.057803899576347455
24h	Tam	7.13978494623656	0.05810138474171645
24h	Tam	7.161290322580646	0.05842797656909895
24h	Tam	7.182795698924732	0.058785107797704746
24h	Tam	7.204301075268818	0.059171961095423796
24h	Tam	7.225806451612904	0.059589786736782335
24h	Tam	7.24731182795699	0.0600381045161487
24h	Tam	7.268817204301076	0.06051724720915517
24h	Tam	7.290322580645162	0.06102660702560833
24h	Tam	7.311827956989248	0.06156573909259989
24h	Tam	7.333333333333334	0.06213378512930353
24h	Tam	7.35483870967742	0.0627292404309251
24h	Tam	7.376344086021506	0.0633507906679869
24h	Tam	7.397849462365592	0.06399685561757648
24h	Tam	7.419354838709678	0.06466550167978104
24h	Tam	7.440860215053764	0.06535413061246739
24h	Tam	7.46236559139785	0.06606111633404668
24h	Tam	7.483870967741936	0.06678386247002988
24h	Tam	7.505376344086022	0.06752025454029367
24h	Tam	7.526881720430108	0.06826762197718585
24h	Tam	7.548387096774194	0.06902413473595306
24h	Tam	7.56989247311828	0.06978741230403396
24h	Tam	7.591397849462366	0.07055646288352628
24h	Tam	7.612903225806452	0.07132946584530338
24h	Tam	7.634408602150538	0.0721058809005988
24h	Tam	7.655913978494624	0.07288449484809184
24h	Tam	7.67741935483871	0.07366505306189587
24h	Tam	7.698924731182796	0.07444784154284391
24h	Tam	7.720430107526882	0.07523303668590423
24h	Tam	7.741935483870968	0.07602160614135348
24h	Tam	7.763440860215054	0.07681530114632136
24h	Tam	7.78494623655914	0.07761583592267984
24h	Tam	7.806451612903227	0.07842381809364145
24h	Tam	7.827956989247313	0.07924233325448779
24h	Tam	7.849462365591399	0.08007266892129654
24h	Tam	7.870967741935485	0.08091755376819558
24h	Tam	7.892473118279571	0.08177889364668064
24h	Tam	7.913978494623657	0.08265812352470989
24h	Tam	7.935483870967743	0.08355712921778463
24h	Tam	7.956989247311829	0.08447755978600463
24h	Tam	7.978494623655915	0.0854196712426591
24h	Tam	8.0	0.08638436510130713
24h	Tam	8.021505376344086	0.0873717693301962
24h	Tam	8.043010752688172	0.0883806661933016
24h	Tam	8.064516129032258	0.08941126895644684
24h	Tam	8.086021505376344	0.0904617798852391
24h	Tam	8.10752688172043	0.09153038450338033
24h	Tam	8.129032258064516	0.09261502740003284
24h	Tam	8.150537634408602	0.09371291706079465
24h	Tam	8.172043010752688	0.09482217453151291
24h	Tam	8.193548387096774	0.09593991055413419
24h	Tam	8.21505376344086	0.09706350096805505
24h	Tam	8.236559139784946	0.09818999576061992
24h	Tam	8.258064516129032	0.0993171891416597
24h	Tam	8.27956989247312	0.100442160796336
24h	Tam	8.301075268817206	0.10156311439469823
24h	Tam	8.322580645161292	0.10267853826632617
24h	Tam	8.344086021505378	0.1037863886272288
24h	Tam	8.365591397849464	0.10488637875481041
24h	Tam	8.38709677419355	0.10597690418986233
24h	Tam	8.408602150537636	0.10705795609490638
24h	Tam	8.430107526881722	0.10812900569701794
24h	Tam	8.451612903225808	0.10919003276205078
24h	Tam	8.473118279569894	0.1102418487247601
24h	Tam	8.49462365591398	0.11128433030274053
24h	Tam	8.516129032258066	0.11231826314655602
24h	Tam	8.537634408602152	0.11334390957474583
24h	Tam	8.559139784946238	0.11436230423965861
24h	Tam	8.580645161290324	0.11537323508025067
24h	Tam	8.60215053763441	0.11637721242056558
24h	Tam	8.623655913978496	0.11737481965336687
24h	Tam	8.645161290322582	0.11836633429988856
24h	Tam	8.666666666666668	0.11935196912947237
24h	Tam	8.688172043010754	0.12033087582259501
24h	Tam	8.70967741935484	0.12130324062502866
24h	Tam	8.731182795698926	0.12226827923420372
24h	Tam	8.752688172043012	0.12322568372277379
24h	Tam	8.774193548387098	0.12417484624520493
24h	Tam	8.795698924731184	0.1251147352908497
24h	Tam	8.81720430107527	0.1260453355398544
24h	Tam	8.838709677419356	0.12696512553050426
24h	Tam	8.860215053763442	0.12787311494019934
24h	Tam	8.881720430107528	0.12876833106290655
24h	Tam	8.903225806451614	0.12965012564748257
24h	Tam	8.9247311827957	0.13051821863451693
24h	Tam	8.946236559139786	0.131371364255268
24h	Tam	8.967741935483872	0.13220995188120913
24h	Tam	8.989247311827958	0.1330323941103203
24h	Tam	9.010752688172044	0.13383966455714227
24h	Tam	9.03225806451613	0.134631230279878
24h	Tam	9.053763440860216	0.13540758507867903
24h	Tam	9.075268817204302	0.13616971155770827
24h	Tam	9.096774193548388	0.13691857269513558
24h	Tam	9.118279569892474	0.13765571909136365
24h	Tam	9.13978494623656	0.13838150760621168
24h	Tam	9.161290322580646	0.13909815596718778
24h	Tam	9.182795698924732	0.13980716445523123
24h	Tam	9.204301075268818	0.14051119063406659
24h	Tam	9.225806451612904	0.14121106169056813
24h	Tam	9.24731182795699	0.1419102837390396
24h	Tam	9.268817204301076	0.1426088761017008
24h	Tam	9.290322580645162	0.14330882855988084
24h	Tam	9.311827956989248	0.144011673488909
24h	Tam	9.333333333333334	0.14471726218565642
24h	Tam	9.35483870967742	0.1454264485932206
24h	Tam	9.376344086021506	0.14613907159580622
24h	Tam	9.397849462365592	0.1468544768766463
24h	Tam	9.419354838709678	0.147570740017578
24h	Tam	9.440860215053764	0.14828674661130947
24h	Tam	9.46236559139785	0.14899879611980907
24h	Tam	9.483870967741936	0.14970440969447338
24h	Tam	9.505376344086022	0.15040009699330487
24h	Tam	9.526881720430108	0.15108308653666694
24h	Tam	9.548387096774194	0.15174885208265476
24h	Tam	9.56989247311828	0.1523933501039329
24h	Tam	9.591397849462366	0.1530129813595118
24h	Tam	9.612903225806452	0.1536039162442101
24h	Tam	9.634408602150538	0.15416238201263688
24h	Tam	9.655913978494624	0.1546866264812923
24h	Tam	9.67741935483871	0.15517362748473296
24h	Tam	9.698924731182796	0.1556216185641812
24h	Tam	9.720430107526882	0.15602835725627254
24h	Tam	9.741935483870968	0.1563940601209653
24h	Tam	9.763440860215054	0.15671763427865895
24h	Tam	9.78494623655914	0.15700018310745167
24h	Tam	9.806451612903226	0.1572425973866522
24h	Tam	9.827956989247312	0.15744473194993455
24h	Tam	9.849462365591398	0.1576096391027645
24h	Tam	9.870967741935484	0.1577377794067642
24h	Tam	9.89247311827957	0.1578306792794954
24h	Tam	9.913978494623656	0.15789034808822958
24h	Tam	9.935483870967742	0.15791778912292923
24h	Tam	9.956989247311828	0.15791390807857691
24h	Tam	9.978494623655914	0.1578803585852994
24h	Tam	10.0	0.1578166645869513
24h	Tam	10.021505376344086	0.15772383280356306
24h	Tam	10.043010752688172	0.1576015912355588
24h	Tam	10.064516129032258	0.15744938505601105
24h	Tam	10.086021505376344	0.15726565292721428
24h	Tam	10.107526881720432	0.15705001945633573
24h	Tam	10.129032258064518	0.1568017301445251
24h	Tam	10.150537634408604	0.15651926513770098
24h	Tam	10.17204301075269	0.15620091274853398
24h	Tam	10.193548387096776	0.15584636587944317
24h	Tam	10.215053763440862	0.15545484318105568
24h	Tam	10.236559139784948	0.15502634796499212
24h	Tam	10.258064516129034	0.15456126743659346
24h	Tam	10.27956989247312	0.15406043781434092
24h	Tam	10.301075268817206	0.15352442153708779
24h	Tam	10.322580645161292	0.15295497054308974
24h	Tam	10.344086021505378	0.1523553888093616
24h	Tam	10.365591397849464	0.15172764912865805
24h	Tam	10.38709677419355	0.15107539889002763
24h	Tam	10.408602150537636	0.15040195486998154
24h	Tam	10.430107526881722	0.14971091322186914
24h	Tam	10.451612903225808	0.14900624631108822
24h	Tam	10.473118279569894	0.148290515407705
24h	Tam	10.49462365591398	0.14756864327094754
24h	Tam	10.516129032258066	0.14684289683265292
24h	Tam	10.537634408602152	0.14611615507166037
24h	Tam	10.559139784946238	0.14539005307430358
24h	Tam	10.580645161290324	0.14466657701237368
24h	Tam	10.60215053763441	0.1439458892167257
24h	Tam	10.623655913978496	0.14322841727239435
24h	Tam	10.645161290322582	0.1425126082000674
24h	Tam	10.666666666666668	0.14179717761956728
24h	Tam	10.688172043010754	0.1410799479810407
24h	Tam	10.70967741935484	0.14035794336050236
24h	Tam	10.731182795698926	0.13962748878029543
24h	Tam	10.752688172043012	0.13888464759298055
24h	Tam	10.774193548387098	0.13812584070989464
24h	Tam	10.795698924731184	0.13734567902096867
24h	Tam	10.81720430107527	0.13654085243143016
24h	Tam	10.838709677419356	0.13570611421082843
24h	Tam	10.860215053763442	0.13483798367124764
24h	Tam	10.881720430107528	0.13393217285968215
24h	Tam	10.903225806451614	0.13298556074507012
24h	Tam	10.9247311827957	0.1319947944584579
24h	Tam	10.946236559139786	0.13095775493202236
24h	Tam	10.967741935483872	0.1298725581366511
24h	Tam	10.989247311827958	0.1287378621459494
24h	Tam	11.010752688172044	0.1275530147775
24h	Tam	11.03225806451613	0.1263184351160333
24h	Tam	11.053763440860216	0.1250342335088055
24h	Tam	11.075268817204302	0.12370194922253308
24h	Tam	11.096774193548388	0.12232385016639108
24h	Tam	11.118279569892474	0.12090141009490411
24h	Tam	11.13978494623656	0.11943881160469133
24h	Tam	11.161290322580646	0.11793847253574764
24h	Tam	11.182795698924732	0.11640445331720979
24h	Tam	11.204301075268818	0.11484001173637313
24h	Tam	11.225806451612904	0.11324983660678511
24h	Tam	11.24731182795699	0.11163738155649557
24h	Tam	11.268817204301076	0.11000780078449761
24h	Tam	11.290322580645162	0.10836484069455568
24h	Tam	11.311827956989248	0.10671282846622984
24h	Tam	11.333333333333334	0.10505609841819509
24h	Tam	11.35483870967742	0.10339747570893709
24h	Tam	11.376344086021506	0.1017407549989153
24h	Tam	11.397849462365592	0.10008872575370788
24h	Tam	11.419354838709678	0.09844462231325789
24h	Tam	11.440860215053764	0.09681034996324943
24h	Tam	11.46236559139785	0.09518833113948633
24h	Tam	11.483870967741936	0.09358015614392996
24h	Tam	11.505376344086022	0.09198661838797052
24h	Tam	11.526881720430108	0.09040781155644124
24h	Tam	11.548387096774194	0.08884527340440353
24h	Tam	11.56989247311828	0.0872988754125354
24h	Tam	11.591397849462366	0.08576830255550187
24h	Tam	11.612903225806452	0.08425391666900499
24h	Tam	11.634408602150538	0.08275553289410387
24h	Tam	11.655913978494624	0.08127181476271077
24h	Tam	11.67741935483871	0.07980334733529258
24h	Tam	11.698924731182796	0.07834932492226798
24h	Tam	11.720430107526882	0.07691060637024835
24h	Tam	11.741935483870968	0.07548636968484604
24h	Tam	11.763440860215054	0.07407652403215582
24h	Tam	11.78494623655914	0.07268131188654285
24h	Tam	11.806451612903226	0.07130184153049215
24h	Tam	11.827956989247312	0.06993858903093654
24h	Tam	11.849462365591398	0.06859178713076118
24h	Tam	11.870967741935484	0.0672631900824676
24h	Tam	11.89247311827957	0.06595370977342432
24h	Tam	11.913978494623656	0.06466470345248584
24h	Tam	11.935483870967744	0.06339700923305118
24h	Tam	11.95698924731183	0.06215214885732816
24h	Tam	11.978494623655916	0.06093080596021313
24h	Tam	12.000000000000002	0.05973485055843616
24h	Tam	12.021505376344088	0.05856427158918075
24h	Tam	12.043010752688174	0.057420974267078866
24h	Tam	12.06451612903226	0.05630447963582971
24h	Tam	12.086021505376346	0.05521655963695863
24h	Tam	12.107526881720432	0.05415648877321993
24h	Tam	12.129032258064518	0.05312385843059587
24h	Tam	12.150537634408604	0.05211913420550241
24h	Tam	12.17204301075269	0.05114166342160788
24h	Tam	12.193548387096776	0.05018999585567261
24h	Tam	12.215053763440862	0.04926352047342895
24h	Tam	12.236559139784948	0.04836107634449333
24h	Tam	12.258064516129034	0.04748103556525769
24h	Tam	12.27956989247312	0.046621906159881835
24h	Tam	12.301075268817206	0.04578225520518291
24h	Tam	12.322580645161292	0.0449605780161919
24h	Tam	12.344086021505378	0.044154349839685025
24h	Tam	12.365591397849464	0.043362480467401085
24h	Tam	12.38709677419355	0.042583207764720646
24h	Tam	12.408602150537636	0.041814830749159725
24h	Tam	12.430107526881722	0.04105594384250609
24h	Tam	12.451612903225808	0.04030490705477644
24h	Tam	12.473118279569894	0.03956080861202202
24h	Tam	12.49462365591398	0.03882217551560138
24h	Tam	12.516129032258066	0.03808827997058003
24h	Tam	12.537634408602152	0.03735807059672233
24h	Tam	12.559139784946238	0.036631269295442415
24h	Tam	12.580645161290324	0.035906821645623414
24h	Tam	12.60215053763441	0.03518498116644663
24h	Tam	12.623655913978496	0.034464932308967286
24h	Tam	12.645161290322582	0.03374727517638717
24h	Tam	12.666666666666668	0.0330315534457801
24h	Tam	12.688172043010754	0.032318421565266896
24h	Tam	12.70967741935484	0.03160805963106969
24h	Tam	12.731182795698926	0.030900893731119174
24h	Tam	12.752688172043012	0.030197362928139005
24h	Tam	12.774193548387098	0.02949767645692878
24h	Tam	12.795698924731184	0.028803339107199434
24h	Tam	12.81720430107527	0.028113962339625088
24h	Tam	12.838709677419356	0.027431056622779868
24h	Tam	12.860215053763442	0.026755411483881476
24h	Tam	12.881720430107528	0.02608762260641193
24h	Tam	12.903225806451614	0.025427847070887424
24h	Tam	12.9247311827957	0.024777438297490413
24h	Tam	12.946236559139786	0.024136858941910245
24h	Tam	12.967741935483872	0.023506720785251397
24h	Tam	12.989247311827958	0.02288793245208175
24h	Tam	13.010752688172044	0.02228052016819943
24h	Tam	13.03225806451613	0.021685159101877214
24h	Tam	13.053763440860216	0.02110226063493763
24h	Tam	13.075268817204302	0.020531786079885487
24h	Tam	13.096774193548388	0.01997422774802159
24h	Tam	13.118279569892474	0.01942990096709415
24h	Tam	13.13978494623656	0.018898742727626348
24h	Tam	13.161290322580646	0.01838094599670555
24h	Tam	13.182795698924732	0.017876020357402555
24h	Tam	13.204301075268818	0.01738481462721219
24h	Tam	13.225806451612904	0.01690699469212328
24h	Tam	13.24731182795699	0.016442335996101634
24h	Tam	13.268817204301076	0.015990953406097363
24h	Tam	13.290322580645162	0.015552866783435013
24h	Tam	13.311827956989248	0.015127924645282419
24h	Tam	13.333333333333334	0.01471673256376975
24h	Tam	13.35483870967742	0.014319498354059393
24h	Tam	13.376344086021506	0.013935850412451775
24h	Tam	13.397849462365592	0.013566211192954262
24h	Tam	13.419354838709678	0.013210926925564555
24h	Tam	13.440860215053764	0.012870005922183701
24h	Tam	13.46236559139785	0.012543648831212091
24h	Tam	13.483870967741936	0.012231814992293843
24h	Tam	13.505376344086022	0.011934882103050866
24h	Tam	13.526881720430108	0.011652811780865809
24h	Tam	13.548387096774194	0.011385272071647225
24h	Tam	13.56989247311828	0.011132362618544622
24h	Tam	13.591397849462366	0.010893751569251407
24h	Tam	13.612903225806452	0.010669043184072288
24h	Tam	13.634408602150538	0.010457593178585694
24h	Tam	13.655913978494624	0.010259462624839486
24h	Tam	13.67741935483871	0.010073626485112508
24h	Tam	13.698924731182796	0.009899852923222202
24h	Tam	13.720430107526882	0.009736957059162768
24h	Tam	13.741935483870968	0.009584442599648217
24h	Tam	13.763440860215056	0.009442161251919408
24h	Tam	13.784946236559142	0.009308696846968592
24h	Tam	13.806451612903228	0.00918371560784867
24h	Tam	13.827956989247314	0.00906658638608034
24h	Tam	13.8494623655914	0.0089565592482279
24h	Tam	13.870967741935486	0.00885280708087983
24h	Tam	13.892473118279572	0.008755139358640926
24h	Tam	13.913978494623658	0.008662591243753999
24h	Tam	13.935483870967744	0.008575115129612773
24h	Tam	13.95698924731183	0.008491861822118765
24h	Tam	13.978494623655916	0.008412421979368305
24h	Tam	14.000000000000002	0.008336077512044005
24h	Tam	14.021505376344088	0.008262493147358125
24h	Tam	14.043010752688174	0.008190942270565034
24h	Tam	14.06451612903226	0.008121138184139837
24h	Tam	14.086021505376346	0.008052439381438235
24h	Tam	14.107526881720432	0.007984249603127842
24h	Tam	14.129032258064518	0.00791632922475749
24h	Tam	14.150537634408604	0.007847671223834543
24h	Tam	14.17204301075269	0.007778087923492693
24h	Tam	14.193548387096776	0.007707025402656915
24h	Tam	14.215053763440862	0.007634061374956737
24h	Tam	14.236559139784948	0.0075585321872443725
24h	Tam	14.258064516129034	0.0074806043016400585
24h	Tam	14.27956989247312	0.007399708175620742
24h	Tam	14.301075268817206	0.007315729323321945
24h	Tam	14.322580645161292	0.007228494172444898
24h	Tam	14.344086021505378	0.0071381519745955975
24h	Tam	14.365591397849464	0.007044567233287905
24h	Tam	14.38709677419355	0.006948088830300147
24h	Tam	14.408602150537636	0.006848532068295617
24h	Tam	14.430107526881722	0.006746406771578927
24h	Tam	14.451612903225808	0.006641905616141129
24h	Tam	14.473118279569894	0.0065353285344558615
24h	Tam	14.49462365591398	0.0064269198313604775
24h	Tam	14.516129032258066	0.006317098007957859
24h	Tam	14.537634408602152	0.0062061979404039215
24h	Tam	14.559139784946238	0.0060945299459451594
24h	Tam	14.580645161290324	0.005982488759020598
24h	Tam	14.60215053763441	0.005870358249973871
24h	Tam	14.623655913978496	0.005758256141043108
24h	Tam	14.645161290322582	0.00564653599508832
24h	Tam	14.666666666666668	0.0055352624244946
24h	Tam	14.688172043010754	0.005424629638106634
24h	Tam	14.70967741935484	0.005314741679553864
24h	Tam	14.731182795698926	0.0052056740408381345
24h	Tam	14.752688172043012	0.0050976813585714474
24h	Tam	14.774193548387098	0.0049907213462169805
24h	Tam	14.795698924731184	0.00488462341383752
24h	Tam	14.81720430107527	0.004779518647675649
24h	Tam	14.838709677419356	0.00467527039142922
24h	Tam	14.860215053763442	0.00457198842674377
24h	Tam	14.881720430107528	0.00446936149750841
24h	Tam	14.903225806451614	0.0043673813149172624
24h	Tam	14.9247311827957	0.004265784602398697
24h	Tam	14.946236559139786	0.004164634372198997
24h	Tam	14.967741935483872	0.004063699086020586
24h	Tam	14.989247311827958	0.0039629067094183335
24h	Tam	15.010752688172044	0.003862123078793564
24h	Tam	15.03225806451613	0.003761205583078357
24h	Tam	15.053763440860216	0.003660106561275087
24h	Tam	15.075268817204302	0.003558786482655137
24h	Tam	15.096774193548388	0.0034571501613695236
24h	Tam	15.118279569892474	0.0033552844927766876
24h	Tam	15.13978494623656	0.003253215922975281
24h	Tam	15.161290322580646	0.0031510806936840634
24h	Tam	15.182795698924732	0.003049338371288932
24h	Tam	15.204301075268818	0.002948045258606721
24h	Tam	15.225806451612904	0.002847429536820842
24h	Tam	15.24731182795699	0.002747956952728895
24h	Tam	15.268817204301076	0.0026502680988320475
24h	Tam	15.290322580645162	0.0025546353802840737
24h	Tam	15.311827956989248	0.002461483536780017
24h	Tam	15.333333333333334	0.002371207018211083
24h	Tam	15.35483870967742	0.0022845649580915633
24h	Tam	15.376344086021506	0.0022018880862426917
24h	Tam	15.397849462365592	0.0021234633435576124
24h	Tam	15.419354838709678	0.002049807551492316
24h	Tam	15.440860215053764	0.0019811034201479174
24h	Tam	15.46236559139785	0.0019175742638591184
24h	Tam	15.483870967741936	0.0018593531969170135
24h	Tam	15.505376344086022	0.001806428540002882
24h	Tam	15.526881720430108	0.0017587531099717368
24h	Tam	15.548387096774194	0.0017161028226786977
24h	Tam	15.56989247311828	0.0016781448422413991
24h	Tam	15.591397849462366	0.0016446411829888967
24h	Tam	15.612903225806454	0.0016150344042912632
24h	Tam	15.63440860215054	0.001588946815901554
24h	Tam	15.655913978494626	0.0015657337572617125
24h	Tam	15.677419354838712	0.0015448226265130768
24h	Tam	15.698924731182798	0.0015256723406241151
24h	Tam	15.720430107526884	0.0015076715601174573
24h	Tam	15.74193548387097	0.0014901753984575537
24h	Tam	15.763440860215056	0.0014726913541034479
24h	Tam	15.784946236559142	0.001454660927708257
24h	Tam	15.806451612903228	0.0014356694547836815
24h	Tam	15.827956989247314	0.0014153354028552756
24h	Tam	15.8494623655914	0.0013933031728663393
24h	Tam	15.870967741935486	0.0013695235549483337
24h	Tam	15.892473118279572	0.0013437235131287355
24h	Tam	15.913978494623658	0.001315850203160496
24h	Tam	15.935483870967744	0.0012858908386995313
24h	Tam	15.95698924731183	0.0012540283946403318
24h	Tam	15.978494623655916	0.0012204695507455703
24h	Tam	16.0	0.0011854334140718363
24h	Tam	16.021505376344088	0.0011492414252044702
24h	Tam	16.043010752688172	0.0011121312209390192
24h	Tam	16.06451612903226	0.0010745826576193137
24h	Tam	16.086021505376344	0.0010368180055038087
24h	Tam	16.107526881720432	0.0009993876989098645
24h	Tam	16.129032258064516	0.000962464663060478
24h	Tam	16.150537634408604	0.0009265745248703588
24h	Tam	16.172043010752688	0.0008918617626724217
24h	Tam	16.193548387096776	0.0008586752518873345
24h	Tam	16.21505376344086	0.0008271973947260786
24h	Tam	16.236559139784948	0.0007976247809774206
24h	Tam	16.258064516129032	0.0007699412057857071
24h	Tam	16.27956989247312	0.0007444340836719558
24h	Tam	16.301075268817204	0.0007210482465285003
24h	Tam	16.322580645161292	0.0006996846648835293
24h	Tam	16.344086021505376	0.000680414309548454
24h	Tam	16.365591397849464	0.000663085737069092
24h	Tam	16.387096774193548	0.000647569270178224
24h	Tam	16.408602150537636	0.0006338017223150294
24h	Tam	16.43010752688172	0.0006216114361002553
24h	Tam	16.451612903225808	0.000610855453555026
24h	Tam	16.473118279569892	0.0006013873717310688
24h	Tam	16.49462365591398	0.0005930973954983298
24h	Tam	16.516129032258064	0.0005857935779886199
24h	Tam	16.537634408602152	0.0005793639330670646
24h	Tam	16.55913978494624	0.0005736136204446768
24h	Tam	16.580645161290324	0.0005685341534765549
24h	Tam	16.60215053763441	0.0005639042958478592
24h	Tam	16.623655913978496	0.0005596751504939146
24h	Tam	16.645161290322584	0.0005556690294375558
24h	Tam	16.666666666666668	0.0005518590079031456
24h	Tam	16.688172043010756	0.0005480399137949005
24h	Tam	16.70967741935484	0.0005441311642935418
24h	Tam	16.731182795698928	0.0005400299568048871
24h	Tam	16.752688172043012	0.0005356391243411365
24h	Tam	16.7741935483871	0.0005308695689334349
24h	Tam	16.795698924731184	0.0005256171520093042
24h	Tam	16.81720430107527	0.0005198772843670436
24h	Tam	16.838709677419356	0.0005135151596285026
24h	Tam	16.860215053763444	0.000506519732796079
24h	Tam	16.881720430107528	0.0004990277808467216
24h	Tam	16.903225806451616	0.0004909771160768823
24h	Tam	16.9247311827957	0.0004823809778143873
24h	Tam	16.946236559139788	0.00047331383536880224
24h	Tam	16.967741935483872	0.00046391073562660645
24h	Tam	16.98924731182796	0.0004542337116400279
24h	Tam	17.010752688172044	0.00044444990676716843
24h	Tam	17.03225806451613	0.0004347161758652619
24h	Tam	17.053763440860216	0.00042517427942735723
24h	Tam	17.075268817204304	0.00041600493232429896
24h	Tam	17.096774193548388	0.000407437792914284
24h	Tam	17.118279569892476	0.00039962646352991826
24h	Tam	17.13978494623656	0.0003926881939731156
24h	Tam	17.161290322580648	0.00038675639646309557
24h	Tam	17.182795698924732	0.0003819384210632414
24h	Tam	17.20430107526882	0.00037831064396882415
24h	Tam	17.225806451612904	0.000375914492602591
24h	Tam	17.24731182795699	0.00037475361210186845
24h	Tam	17.268817204301076	0.0003747923359636854
24h	Tam	17.290322580645164	0.00037595557292242573
24h	Tam	17.311827956989248	0.00037813016406978983
24h	Tam	17.333333333333336	0.0003811677008552986
24h	Tam	17.35483870967742	0.00038486277506770937
24h	Tam	17.376344086021508	0.0003891065448342226
24h	Tam	17.397849462365592	0.0003935804497617111
24h	Tam	17.41935483870968	0.00039805042494281954
24h	Tam	17.440860215053764	0.00040233816903224883
24h	Tam	17.46236559139785	0.0004061741595634093
24h	Tam	17.483870967741936	0.0004093373651276345
24h	Tam	17.505376344086024	0.00041160007555660094
24h	Tam	17.526881720430108	0.00041282001932473956
24h	Tam	17.548387096774196	0.0004128763545989511
24h	Tam	17.56989247311828	0.00041162468976947627
24h	Tam	17.591397849462368	0.0004089950563839342
24h	Tam	17.612903225806452	0.000404956539468758
24h	Tam	17.63440860215054	0.0003995169815625703
24h	Tam	17.655913978494624	0.0003927212325388471
24h	Tam	17.67741935483871	0.0003846480979312405
24h	Tam	17.698924731182796	0.0003754061950402986
24h	Tam	17.720430107526884	0.00036512896781680195
24h	Tam	17.741935483870968	0.00035396913619791843
24h	Tam	17.763440860215056	0.0003420928623764683
24h	Tam	17.78494623655914	0.0003296479524710214
24h	Tam	17.806451612903228	0.0003169063646101726
24h	Tam	17.827956989247312	0.00030392031322633664
24h	Tam	17.8494623655914	0.000290942102310664
24h	Tam	17.870967741935484	0.00027806534065656597
24h	Tam	17.89247311827957	0.00026549128861680816
24h	Tam	17.913978494623656	0.00025330913235528825
24h	Tam	17.935483870967744	0.00024162644269001525
24h	Tam	17.956989247311828	0.00023053189892046798
24h	Tam	17.978494623655916	0.00022009521442469893
24h	Tam	18.0	0.00021037821639595963
24h	Tam	18.021505376344088	0.0002014153768201787
24h	Tam	18.043010752688172	0.00019321500669605026
24h	Tam	18.06451612903226	0.0001857810370004568
24h	Tam	18.086021505376344	0.00017910402419571485
24h	Tam	18.107526881720432	0.00017316294136882494
24h	Tam	18.129032258064516	0.0001679270622566577
24h	Tam	18.150537634408604	0.00016333195922746215
24h	Tam	18.172043010752688	0.00015939300534307293
24h	Tam	18.193548387096776	0.0001560264113190013
24h	Tam	18.21505376344086	0.0001531830798491965
24h	Tam	18.236559139784948	0.00015081399111884983
24h	Tam	18.258064516129032	0.00014887208781438788
24h	Tam	18.27956989247312	0.00014731398530887067
24h	Tam	18.301075268817204	0.00014610143771678024
24h	Tam	18.322580645161292	0.00014520248782871038
24h	Tam	18.344086021505376	0.00014459223255565795
24h	Tam	18.365591397849464	0.00014425314616602503
24h	Tam	18.38709677419355	0.00014417492123636443
24h	Tam	18.408602150537636	0.0001443538110172021
24h	Tam	18.430107526881724	0.00014479148527769334
24h	Tam	18.451612903225808	0.00014549344250881766
24h	Tam	18.473118279569896	0.0001464670521451144
24h	Tam	18.49462365591398	0.00014769337511312322
24h	Tam	18.516129032258068	0.00014921034649625944
24h	Tam	18.537634408602152	0.0001510409287087978
24h	Tam	18.55913978494624	0.0001531417518727413
24h	Tam	18.580645161290324	0.00015549645527582017
24h	Tam	18.60215053763441	0.00015807763867988894
24h	Tam	18.623655913978496	0.00016081999115372678
24h	Tam	18.645161290322584	0.00016373148250787786
24h	Tam	18.666666666666668	0.00016668676957730898
24h	Tam	18.688172043010756	0.0001696715558068188
24h	Tam	18.70967741935484	0.00017256668783304717
24h	Tam	18.731182795698928	0.00017528225975308777
24h	Tam	18.752688172043012	0.00017772377182504842
24h	Tam	18.7741935483871	0.00017979524155992135
24h	Tam	18.795698924731184	0.0001814025133713559
24h	Tam	18.81720430107527	0.000182456614288608
24h	Tam	18.838709677419356	0.00018287700082999787
24h	Tam	18.860215053763444	0.00018259454838096724
24h	Tam	18.881720430107528	0.00018155414861527428
24h	Tam	18.903225806451616	0.0001797168014964283
24h	Tam	18.9247311827957	0.00017706111472404968
24h	Tam	18.946236559139788	0.00017358415345486853
24h	Tam	18.967741935483872	0.0001692756614495123
24h	Tam	18.98924731182796	0.00016422907262041248
24h	Tam	19.010752688172044	0.00015845940507363933
24h	Tam	19.03225806451613	0.0001520334153179738
24h	Tam	19.053763440860216	0.00014503085450117843
24h	Tam	19.075268817204304	0.00013754195191997378
24h	Tam	19.096774193548388	0.00012966463061591364
24h	Tam	19.118279569892476	0.00012150157794024713
24h	Tam	19.13978494623656	0.00011315729336388409
24h	Tam	19.161290322580648	0.00010473522950160773
24h	Tam	19.182795698924732	9.637174355935024e-05
24h	Tam	19.20430107526882	8.810192881110035e-05
24h	Tam	19.225806451612904	8.003864287916529e-05
24h	Tam	19.24731182795699	7.22594702264658e-05
24h	Tam	19.268817204301076	6.483159304272517e-05
24h	Tam	19.290322580645164	5.781116610196537e-05
24h	Tam	19.311827956989248	5.124313685531277e-05
24h	Tam	19.333333333333336	4.5161480332329795e-05
24h	Tam	19.35483870967742	3.958980296445694e-05
24h	Tam	19.376344086021508	3.451630370754002e-05
24h	Tam	19.397849462365592	3.0006438009183526e-05
24h	Tam	19.41935483870968	2.6023267752977882e-05
24h	Tam	19.440860215053764	2.256073683440768e-05
24h	Tam	19.46236559139785	1.9608554573736464e-05
24h	Tam	19.483870967741936	1.7153638887746428e-05
24h	Tam	19.505376344086024	1.518144516377089e-05
24h	Tam	19.526881720430108	1.367712724075122e-05
24h	Tam	19.548387096774196	1.2626486121457357e-05
24h	Tam	19.56989247311828	1.2016672238135285e-05
24h	Tam	19.591397849462368	1.1836617964123622e-05
24h	Tam	19.612903225806452	1.2077188359534848e-05
24h	Tam	19.63440860215054	1.2731049660287888e-05
24h	Tam	19.655913978494624	1.379226659163474e-05
24h	Tam	19.67741935483871	1.5255651030767136e-05
24h	Tam	19.698924731182796	1.7115895644910398e-05
24h	Tam	19.720430107526884	1.9366536618216592e-05
24h	Tam	19.741935483870968	2.1998799102602315e-05
24h	Tam	19.763440860215056	2.5000387154043858e-05
24h	Tam	19.78494623655914	2.835428614888884e-05
24h	Tam	19.806451612903228	3.201169598980287e-05
24h	Tam	19.827956989247312	3.6002580208969755e-05
24h	Tam	19.8494623655914	4.025395635996069e-05
24h	Tam	19.870967741935484	4.472130518053992e-05
24h	Tam	19.89247311827957	4.935190713900648e-05
24h	Tam	19.913978494623656	5.40851667757246e-05
24h	Tam	19.935483870967744	5.8853335690528205e-05
24h	Tam	19.956989247311828	6.35826373850764e-05
24h	Tam	19.978494623655916	6.819477517177157e-05
24h	Tam	20.0	7.258282833708775e-05
24h	Tam	20.021505376344088	7.672488602281276e-05
24h	Tam	20.043010752688172	8.050539179431523e-05
24h	Tam	20.06451612903226	8.384941467482195e-05
24h	Tam	20.086021505376344	8.668849316617066e-05
24h	Tam	20.107526881720432	8.896295994575515e-05
24h	Tam	20.129032258064516	9.062402470021847e-05
24h	Tam	20.150537634408604	9.163551366136653e-05
24h	Tam	20.172043010752688	9.197517925686442e-05
24h	Tam	20.193548387096776	9.163551366136653e-05
24h	Tam	20.215053763440864	9.062402470021847e-05
24h	Tam	20.236559139784948	8.896295994575515e-05
24h	Tam	20.258064516129036	8.668849316617066e-05
24h	Tam	20.27956989247312	8.384941467482195e-05
24h	Tam	20.301075268817208	8.050539179431523e-05
24h	Tam	20.322580645161292	7.672488602281276e-05
24h	Tam	20.34408602150538	7.258282833708775e-05
24h	Tam	20.365591397849464	6.815816258517851e-05
24h	Tam	20.38709677419355	6.353136878915808e-05
24h	Tam	20.408602150537636	5.878207356253419e-05
24h	Tam	20.430107526881724	5.3986844368800974e-05
24h	Tam	20.451612903225808	4.921724901261143e-05
24h	Tam	20.473118279569896	4.453824285089691e-05
24h	Tam	20.49462365591398	4.000692519090514e-05
24h	Tam	20.516129032258068	3.5671684699238304e-05
24h	Tam	20.537634408602152	3.1571732796698606e-05
24h	Tam	20.55913978494624	2.7737005194474397e-05
24h	Tam	20.580645161290324	2.418839591629249e-05
24h	Tam	20.60215053763441	2.0938276019581525e-05
24h	Tam	20.623655913978496	1.7991241121098176e-05
24h	Tam	20.645161290322584	1.5345027777323637e-05
24h	Tam	20.666666666666668	1.2991538514501819e-05
24h	Tam	20.688172043010756	1.0917918367358064e-05
24h	Tam	20.70967741935484	9.107631527441711e-06
24h	Tam	20.731182795698928	7.5414943880610026e-06
24h	Tam	20.752688172043012	6.198630145244251e-06
24h	Tam	20.7741935483871	5.0573194510579965e-06
24h	Tam	20.795698924731184	4.095730778369581e-06
24h	Tam	20.81720430107527	3.2925226231147215e-06
24h	Tam	20.838709677419356	2.62731705522112e-06
24h	Tam	20.860215053763444	2.0810501866223043e-06
24h	Tam	20.881720430107528	1.636209741191706e-06
24h	Tam	20.903225806451616	1.2769730901947843e-06
24h	Tam	20.9247311827957	9.892609550267725e-07
24h	Tam	20.946236559139788	7.607226418330381e-07
24h	Tam	20.967741935483872	5.806683678213742e-07
24h	Tam	20.98924731182796	4.3996319310426416e-07
24h	Tam	21.010752688172044	3.3089550973145477e-07
24h	Tam	21.03225806451613	2.4703116905555627e-07
24h	Tam	21.053763440860216	1.8306232964301302e-07
24h	Tam	21.075268817204304	1.3465812639505407e-07
24h	Tam	21.096774193548388	9.832240692363212e-08
24h	Tam	21.118279569892476	7.126212799401471e-08
24h	Tam	21.13978494623656	5.1268595918329604e-08
24h	Tam	21.161290322580648	3.6612586593069393e-08
24h	Tam	21.182795698924732	0.0
24h	Tam	21.20430107526882	0.0
24h	Tam	21.225806451612904	0.0
24h	Tam	21.24731182795699	0.0
24h	Tam	21.268817204301076	0.0
24h	Tam	21.290322580645164	0.0
24h	Tam	21.311827956989248	0.0
24h	Tam	21.333333333333336	0.0
24h	Tam	21.35483870967742	0.0
24h	Tam	21.376344086021508	0.0
24h	Tam	21.397849462365592	0.0
24h	Tam	21.41935483870968	0.0
24h	Tam	21.440860215053764	0.0
24h	Tam	21.46236559139785	0.0
24h	Tam	21.483870967741936	0.0
24h	Tam	21.505376344086024	0.0
24h	Tam	21.526881720430108	0.0
24h	Tam	21.548387096774196	0.0
24h	Tam	21.56989247311828	0.0
24h	Tam	21.591397849462368	0.0
24h	Tam	21.612903225806452	0.0
24h	Tam	21.63440860215054	0.0
24h	Tam	21.655913978494624	0.0
24h	Tam	21.67741935483871	0.0
24h	Tam	21.698924731182796	0.0
24h	Tam	21.720430107526884	0.0
24h	Tam	21.741935483870968	0.0
24h	Tam	21.763440860215056	0.0
24h	Tam	21.78494623655914	0.0
24h	Tam	21.806451612903228	0.0
24h	Tam	21.827956989247312	0.0
24h	Tam	21.8494623655914	0.0
24h	Tam	21.870967741935484	0.0
24h	Tam	21.89247311827957	0.0
24h	Tam	21.913978494623656	0.0
24h	Tam	21.935483870967744	0.0
24h	Tam	21.956989247311828	0.0
24h	Tam	21.978494623655916	0.0
24h	Tam	22.0	0.0
24h	D	0.0	0.01266455586621483
24h	D	0.021505376344086023	0.012837474080837043
24h	D	0.043010752688172046	0.012956811819735688
24h	D	0.06451612903225806	0.013028359853343545
24h	D	0.08602150537634409	0.013058574314613092
24h	D	0.10752688172043012	0.013055200154897834
24h	D	0.12903225806451613	0.01302670665354713
24h	D	0.15053763440860216	0.012982172227194314
24h	D	0.17204301075268819	0.012930663832449191
24h	D	0.19354838709677422	0.012881066794923852
24h	D	0.21505376344086025	0.012842494391323725
24h	D	0.23655913978494625	0.012820871019851233
24h	D	0.25806451612903225	0.012824999081620022
24h	D	0.2795698924731183	0.012856231544770898
24h	D	0.3010752688172043	0.01292162199101477
24h	D	0.32258064516129037	0.013019285998638183
24h	D	0.34408602150537637	0.013152076338005324
24h	D	0.3655913978494624	0.013317574590678212
24h	D	0.38709677419354843	0.013514176655318547
24h	D	0.40860215053763443	0.013738771426517702
24h	D	0.4301075268817205	0.013987652011723372
24h	D	0.4516129032258065	0.014256975107070084
24h	D	0.4731182795698925	0.014541934150591147
24h	D	0.49462365591397855	0.014840477376900352
24h	D	0.5161290322580645	0.015146239563902162
24h	D	0.5376344086021506	0.015459688889350304
24h	D	0.5591397849462366	0.015775934528135745
24h	D	0.5806451612903226	0.016093437035372523
24h	D	0.6021505376344086	0.01641290702930653
24h	D	0.6236559139784946	0.016734174022832702
24h	D	0.6451612903225807	0.017058479302665824
24h	D	0.6666666666666667	0.017387785080289674
24h	D	0.6881720430107527	0.017724039425811612
24h	D	0.7096774193548387	0.01807107844427026
24h	D	0.7311827956989247	0.018431577264055376
24h	D	0.7526881720430109	0.018805979044677183
24h	D	0.7741935483870969	0.019199831039531292
24h	D	0.7956989247311829	0.019613608707771145
24h	D	0.8172043010752689	0.02004962117124013
24h	D	0.8387096774193549	0.020509693167446396
24h	D	0.860215053763441	0.020995167756044427
24h	D	0.881720430107527	0.021507424659556393
24h	D	0.903225806451613	0.022047203753070198
24h	D	0.924731182795699	0.022612344343057433
24h	D	0.946236559139785	0.023205447586545438
24h	D	0.967741935483871	0.02382396087292135
24h	D	0.9892473118279571	0.024466370935813025
24h	D	1.010752688172043	0.025128390482472226
24h	D	1.032258064516129	0.025816238347618748
24h	D	1.0537634408602152	0.02652382853845186
24h	D	1.0752688172043012	0.02724994144037055
24h	D	1.0967741935483872	0.027992362065433853
24h	D	1.1182795698924732	0.028748669620994594
24h	D	1.1397849462365592	0.029516246627309083
24h	D	1.1612903225806452	0.030292505892740254
24h	D	1.1827956989247312	0.031075276637876063
24h	D	1.2043010752688172	0.03186205586162658
24h	D	1.2258064516129032	0.032650954724762184
24h	D	1.2473118279569892	0.03343970685598289
24h	D	1.2688172043010755	0.03422549530985233
24h	D	1.2903225806451615	0.03500644601088198
24h	D	1.3118279569892475	0.0357808470121793
24h	D	1.3333333333333335	0.03654780998880341
24h	D	1.3548387096774195	0.037306447960824406
24h	D	1.3763440860215055	0.03805644374666551
24h	D	1.3978494623655915	0.03879718741059503
24h	D	1.4193548387096775	0.039529288974655914
24h	D	1.4408602150537635	0.04025316997577804
24h	D	1.4623655913978495	0.04097016635308051
24h	D	1.4838709677419355	0.041681954476679536
24h	D	1.5053763440860217	0.04239122586017297
24h	D	1.5268817204301077	0.04309835690294161
24h	D	1.5483870967741937	0.04380745774738914
24h	D	1.5698924731182797	0.04451939407820047
24h	D	1.5913978494623657	0.04523585981431913
24h	D	1.6129032258064517	0.045962698716333635
24h	D	1.6344086021505377	0.04669926032340039
24h	D	1.6559139784946237	0.047448274817762065
24h	D	1.6774193548387097	0.04821107190153732
24h	D	1.6989247311827957	0.04899016830408211
24h	D	1.720430107526882	0.049786343086628014
24h	D	1.741935483870968	0.05060150545955544
24h	D	1.763440860215054	0.05143466116468067
24h	D	1.78494623655914	0.05228694513676543
24h	D	1.806451612903226	0.05315915023848131
24h	D	1.827956989247312	0.0540497013579223
24h	D	1.849462365591398	0.05495877275916092
24h	D	1.870967741935484	0.05588369272908533
24h	D	1.89247311827957	0.05682421007613213
24h	D	1.913978494623656	0.05777646037705672
24h	D	1.935483870967742	0.058741165751909
24h	D	1.9569892473118282	0.05971160923806535
24h	D	1.9784946236559142	0.060688623492821045
24h	D	2.0	0.06166674035583428
24h	D	2.021505376344086	0.06264091412043118
24h	D	2.043010752688172	0.06360930461371167
24h	D	2.064516129032258	0.06456635126530695
24h	D	2.0860215053763445	0.06550831892744163
24h	D	2.1075268817204305	0.06643046156160846
24h	D	2.1290322580645165	0.06732879368558597
24h	D	2.1505376344086025	0.06819867670424129
24h	D	2.1720430107526885	0.06903631204240657
24h	D	2.1935483870967745	0.06983790816895533
24h	D	2.2150537634408605	0.07059880037587338
24h	D	2.2365591397849465	0.0713181183428463
24h	D	2.2580645161290325	0.07199001830614557
24h	D	2.2795698924731185	0.07261570527708006
24h	D	2.3010752688172045	0.0731897690549102
24h	D	2.3225806451612905	0.07371512205717767
24h	D	2.3440860215053765	0.07418718103864222
24h	D	2.3655913978494625	0.07460747833809395
24h	D	2.3870967741935485	0.07497582491568645
24h	D	2.4086021505376345	0.07529261255578908
24h	D	2.4301075268817205	0.07555910987835657
24h	D	2.4516129032258065	0.07577716949082867
24h	D	2.4731182795698925	0.07594834044601007
24h	D	2.4946236559139785	0.07607423357149848
24h	D	2.5161290322580645	0.07616002459925493
24h	D	2.537634408602151	0.07620465985036175
24h	D	2.559139784946237	0.07621480448736505
24h	D	2.580645161290323	0.0761927980408712
24h	D	2.602150537634409	0.07614027733894188
24h	D	2.623655913978495	0.0760616081890031
24h	D	2.645161290322581	0.07595851010512542
24h	D	2.666666666666667	0.07583432534112294
24h	D	2.688172043010753	0.07569170690122438
24h	D	2.709677419354839	0.07553230526396988
24h	D	2.731182795698925	0.0753583844022074
24h	D	2.752688172043011	0.0751739514094071
24h	D	2.774193548387097	0.07497774583464915
24h	D	2.795698924731183	0.07477330353445338
24h	D	2.817204301075269	0.07456101725236725
24h	D	2.838709677419355	0.0743411717733142
24h	D	2.860215053763441	0.07411403530817329
24h	D	2.881720430107527	0.07387985041944081
24h	D	2.903225806451613	0.07363866133874525
24h	D	2.924731182795699	0.07339276336265596
24h	D	2.946236559139785	0.0731392863425994
24h	D	2.967741935483871	0.07288024447352506
24h	D	2.9892473118279574	0.07261615444451087
24h	D	3.0107526881720434	0.07234662976653164
24h	D	3.0322580645161294	0.0720723687684613
24h	D	3.0537634408602155	0.07179344487688723
24h	D	3.0752688172043015	0.07151064935071817
24h	D	3.0967741935483875	0.07122553227388313
24h	D	3.1182795698924735	0.07093942318129072
24h	D	3.1397849462365595	0.07065376907604938
24h	D	3.1612903225806455	0.07037060492864405
24h	D	3.1827956989247315	0.07009152999068412
24h	D	3.2043010752688175	0.06981757024145645
24h	D	3.2258064516129035	0.06955000729177958
24h	D	3.2473118279569895	0.06929101466023183
24h	D	3.2688172043010755	0.06904307260955976
24h	D	3.2903225806451615	0.06880713536645722
24h	D	3.3118279569892475	0.0685848081250297
24h	D	3.3333333333333335	0.06837655903321169
24h	D	3.3548387096774195	0.0681831453269152
24h	D	3.3763440860215055	0.06800601501895234
24h	D	3.3978494623655915	0.06784552017551518
24h	D	3.4193548387096775	0.06770161763933434
24h	D	3.440860215053764	0.06757485524169486
24h	D	3.46236559139785	0.06746438141026471
24h	D	3.483870967741936	0.06736964939539941
24h	D	3.505376344086022	0.06728934151276629
24h	D	3.526881720430108	0.06722276295251742
24h	D	3.548387096774194	0.06717093652874796
24h	D	3.56989247311828	0.06713122181425313
24h	D	3.591397849462366	0.06710146552316139
24h	D	3.612903225806452	0.0670799219466682
24h	D	3.634408602150538	0.06706630818299159
24h	D	3.655913978494624	0.0670582719565835
24h	D	3.67741935483871	0.06705419124149327
24h	D	3.698924731182796	0.06705174161149487
24h	D	3.720430107526882	0.06704970380934007
24h	D	3.741935483870968	0.06704482245313174
24h	D	3.763440860215054	0.06703703571096363
24h	D	3.78494623655914	0.06702317253264005
24h	D	3.806451612903226	0.06700062315853675
24h	D	3.827956989247312	0.0669686937029554
24h	D	3.849462365591398	0.06692459594381148
24h	D	3.870967741935484	0.06686747131574465
24h	D	3.89247311827957	0.06679410064435376
24h	D	3.9139784946236564	0.06670390554205105
24h	D	3.9354838709677424	0.06659529292731008
24h	D	3.9569892473118284	0.06646707336032344
24h	D	3.9784946236559144	0.06631810235439577
24h	D	4.0	0.06614769845268893
24h	D	4.021505376344086	0.06595549670708034
24h	D	4.043010752688172	0.06574081616925369
24h	D	4.064516129032258	0.06550422860633098
24h	D	4.086021505376344	0.06524533841541985
24h	D	4.10752688172043	0.06496510914260974
24h	D	4.129032258064516	0.06466412804450303
24h	D	4.150537634408603	0.06434429414499382
24h	D	4.172043010752689	0.06400636654113841
24h	D	4.193548387096775	0.063652300893585
24h	D	4.215053763440861	0.06328426964585353
24h	D	4.236559139784947	0.06290386132955678
24h	D	4.258064516129033	0.0625141790994099
24h	D	4.279569892473119	0.06211763551361105
24h	D	4.301075268817205	0.061716885762213305
24h	D	4.322580645161291	0.06131451938030555
24h	D	4.344086021505377	0.06091347154624645
24h	D	4.365591397849463	0.06051625378616595
24h	D	4.387096774193549	0.06012534619960325
24h	D	4.408602150537635	0.05974337637294943
24h	D	4.430107526881721	0.059372766581409636
24h	D	4.451612903225807	0.059015013678325325
24h	D	4.473118279569893	0.058672521917613865
24h	D	4.494623655913979	0.05834604715952298
24h	D	4.516129032258065	0.058036285376897055
24h	D	4.537634408602151	0.05774438238299685
24h	D	4.559139784946237	0.0574698041822135
24h	D	4.580645161290323	0.05721226560864608
24h	D	4.602150537634409	0.056971370646072016
24h	D	4.623655913978495	0.056745274195430954
24h	D	4.645161290322581	0.056533458181622594
24h	D	4.666666666666667	0.056334033215904494
24h	D	4.688172043010753	0.056145436793780916
24h	D	4.709677419354839	0.055965482383097995
24h	D	4.731182795698925	0.05579285950588414
24h	D	4.752688172043011	0.0556256971366991
24h	D	4.774193548387097	0.055462595298239645
24h	D	4.795698924731183	0.055302223893829626
24h	D	4.817204301075269	0.05514341089028257
24h	D	4.838709677419355	0.054986348844884604
24h	D	4.860215053763441	0.05483037764753137
24h	D	4.881720430107527	0.05467576946170894
24h	D	4.903225806451613	0.05452331589120396
24h	D	4.924731182795699	0.05437359186491956
24h	D	4.946236559139785	0.0542279949321057
24h	D	4.967741935483871	0.054088069265057444
24h	D	4.989247311827957	0.05395474493533651
24h	D	5.010752688172043	0.05382976408909875
24h	D	5.032258064516129	0.05371458553026216
24h	D	5.053763440860216	0.05361037282806327
24h	D	5.075268817204302	0.05351813089545569
24h	D	5.096774193548388	0.05343843746399602
24h	D	5.118279569892474	0.05337201279086624
24h	D	5.13978494623656	0.0533190698241653
24h	D	5.161290322580646	0.05327845490202531
24h	D	5.182795698924732	0.053249399675034864
24h	D	5.204301075268818	0.05323165124295935
24h	D	5.225806451612904	0.053223707521044994
24h	D	5.24731182795699	0.05322385124124318
24h	D	5.268817204301076	0.053230067756281065
24h	D	5.290322580645162	0.0532411050876934
24h	D	5.311827956989248	0.05325474095532064
24h	D	5.333333333333334	0.05327007336526956
24h	D	5.35483870967742	0.05328501868269311
24h	D	5.376344086021506	0.053297753352919246
24h	D	5.397849462365592	0.05330812551686816
24h	D	5.419354838709678	0.053314765159037075
24h	D	5.440860215053764	0.05331689334513108
24h	D	5.46236559139785	0.0533146522082472
24h	D	5.483870967741936	0.053308054113407
24h	D	5.505376344086022	0.053297241736225624
24h	D	5.526881720430108	0.05328266838066044
24h	D	5.548387096774194	0.05326481649180556
24h	D	5.56989247311828	0.05324421051945464
24h	D	5.591397849462366	0.05322222738914065
24h	D	5.612903225806452	0.053199357535584
24h	D	5.634408602150538	0.053176502240020775
24h	D	5.655913978494624	0.05315391057204792
24h	D	5.67741935483871	0.05313271576296722
24h	D	5.698924731182796	0.0531133670564864
24h	D	5.720430107526882	0.05309647991766219
24h	D	5.741935483870968	0.05308286942908984
24h	D	5.763440860215054	0.053072711355415976
24h	D	5.78494623655914	0.05306611022509539
24h	D	5.806451612903226	0.053063510854945775
24h	D	5.827956989247312	0.053065334346514934
24h	D	5.849462365591398	0.05307163127170273
24h	D	5.870967741935484	0.05308349466585674
24h	D	5.89247311827957	0.053100810369641545
24h	D	5.913978494623656	0.05312392795885496
24h	D	5.935483870967742	0.053152188440777764
24h	D	5.956989247311828	0.05318748557398132
24h	D	5.978494623655915	0.053229161046873114
24h	D	6.000000000000001	0.053277510935085974
24h	D	6.021505376344087	0.05333323348558882
24h	D	6.043010752688173	0.05339608137798437
24h	D	6.064516129032259	0.053466097480381794
24h	D	6.086021505376345	0.0535433866406265
24h	D	6.107526881720431	0.05362767973387232
24h	D	6.129032258064517	0.053719276792206505
24h	D	6.150537634408603	0.05381691338900873
24h	D	6.172043010752689	0.05392070229563942
24h	D	6.193548387096775	0.0540299168127441
24h	D	6.215053763440861	0.05414365560562548
24h	D	6.236559139784947	0.0542607069249087
24h	D	6.258064516129033	0.05438027778905379
24h	D	6.279569892473119	0.054500927117069026
24h	D	6.301075268817205	0.0546213434758383
24h	D	6.322580645161291	0.05473983518614228
24h	D	6.344086021505377	0.05485605651074963
24h	D	6.365591397849463	0.05496749538478331
24h	D	6.387096774193549	0.055073142378117466
24h	D	6.408602150537635	0.05517128867420847
24h	D	6.430107526881721	0.05526086995717006
24h	D	6.451612903225807	0.05534025524823053
24h	D	6.473118279569893	0.05540909035756609
24h	D	6.494623655913979	0.055465938948476824
24h	D	6.516129032258065	0.05551101496216349
24h	D	6.537634408602151	0.05554423951732984
24h	D	6.559139784946237	0.055565550298742696
24h	D	6.580645161290323	0.05557598305671818
24h	D	6.602150537634409	0.05557589018230022
24h	D	6.623655913978495	0.05556686921208924
24h	D	6.645161290322581	0.0555509131489396
24h	D	6.666666666666667	0.05552987941816859
24h	D	6.688172043010753	0.05550629407753379
24h	D	6.709677419354839	0.05548238970036736
24h	D	6.731182795698925	0.05546158520380229
24h	D	6.752688172043011	0.0554468784421336
24h	D	6.774193548387097	0.055440785572580704
24h	D	6.795698924731183	0.05544683288436856
24h	D	6.817204301075269	0.05546802209522919
24h	D	6.838709677419355	0.05550694832037874
24h	D	6.860215053763441	0.055566881933505015
24h	D	6.881720430107528	0.05565057617010537
24h	D	6.903225806451614	0.05575930732468715
24h	D	6.9247311827957	0.055895138839409414
24h	D	6.946236559139786	0.056059874080269814
24h	D	6.967741935483872	0.05625460218974763
24h	D	6.989247311827958	0.0564801183557285
24h	D	7.010752688172044	0.05673642038342714
24h	D	7.03225806451613	0.057023347152161535
24h	D	7.053763440860216	0.05734040528503073
24h	D	7.075268817204302	0.05768697071417796
24h	D	7.096774193548388	0.058061684890317704
24h	D	7.118279569892474	0.05846328703282367
24h	D	7.13978494623656	0.058889194107210656
24h	D	7.161290322580646	0.059338442779416425
24h	D	7.182795698924732	0.05980826683670837
24h	D	7.204301075268818	0.060297546356820796
24h	D	7.225806451612904	0.06080365214515543
24h	D	7.24731182795699	0.061324920905760694
24h	D	7.268817204301076	0.06185945318104884
24h	D	7.290322580645162	0.062406450382970685
24h	D	7.311827956989248	0.06296393335592862
24h	D	7.333333333333334	0.0635307964679226
24h	D	7.35483870967742	0.06410714429285334
24h	D	7.376344086021506	0.06469191720097135
24h	D	7.397849462365592	0.06528488168776682
24h	D	7.419354838709678	0.06588641467453728
24h	D	7.440860215053764	0.06649670697177566
24h	D	7.46236559139785	0.06711615839938366
24h	D	7.483870967741936	0.0677446112525043
24h	D	7.505376344086022	0.06838385332913223
24h	D	7.526881720430108	0.06903366014603214
24h	D	7.548387096774194	0.0696945755300711
24h	D	7.56989247311828	0.070367160058318
24h	D	7.591397849462366	0.07105182907529936
24h	D	7.612903225806452	0.07174866052386376
24h	D	7.634408602150538	0.07245763951396257
24h	D	7.655913978494624	0.07317962589609829
24h	D	7.67741935483871	0.0739144541896871
24h	D	7.698924731182796	0.07466101338899764
24h	D	7.720430107526882	0.07542025080403414
24h	D	7.741935483870968	0.0761915287971048
24h	D	7.763440860215054	0.07697443416057863
24h	D	7.78494623655914	0.07776896745216655
24h	D	7.806451612903227	0.07857582548962909
24h	D	7.827956989247313	0.07939416036476729
24h	D	7.849462365591399	0.08022485094187287
24h	D	7.870967741935485	0.08106773449902029
24h	D	7.892473118279571	0.0819239351606611
24h	D	7.913978494623657	0.08279422854926753
24h	D	7.935483870967743	0.08367957813983631
24h	D	7.956989247311829	0.08457971352216272
24h	D	7.978494623655915	0.08549644291183384
24h	D	8.0	0.08643038657778782
24h	D	8.021505376344086	0.08738255071638189
24h	D	8.043010752688172	0.08835254835908718
24h	D	8.064516129032258	0.08934178959854726
24h	D	8.086021505376344	0.09035013236733319
24h	D	8.10752688172043	0.09137774854879369
24h	D	8.129032258064516	0.09242302556729358
24h	D	8.150537634408602	0.09348595968616227
24h	D	8.172043010752688	0.09456514524358621
24h	D	8.193548387096774	0.09565906559174145
24h	D	8.21505376344086	0.09676583493891543
24h	D	8.236559139784946	0.09788361119902764
24h	D	8.258064516129032	0.09900936324765633
24h	D	8.27956989247312	0.10014070235223846
24h	D	8.301075268817206	0.10127498486694937
24h	D	8.322580645161292	0.10241026174882416
24h	D	8.344086021505378	0.10354266289858703
24h	D	8.365591397849464	0.10467082042039885
24h	D	8.38709677419355	0.105791484754307
24h	D	8.408602150537636	0.10690370702834699
24h	D	8.430107526881722	0.10800441866166878
24h	D	8.451612903225808	0.10909403517514947
24h	D	8.473118279569894	0.11017092240539302
24h	D	8.49462365591398	0.11123444663540057
24h	D	8.516129032258066	0.1122851613738607
24h	D	8.537634408602152	0.11332207645783712
24h	D	8.559139784946238	0.11434679020272291
24h	D	8.580645161290324	0.11535987494802558
24h	D	8.60215053763441	0.11636209871978316
24h	D	8.623655913978496	0.11735506432703705
24h	D	8.645161290322582	0.11834002575665835
24h	D	8.666666666666668	0.11931785101599064
24h	D	8.688172043010754	0.12029056943174771
24h	D	8.70967741935484	0.12125954158494133
24h	D	8.731182795698926	0.12222563145198119
24h	D	8.752688172043012	0.12318996282257809
24h	D	8.774193548387098	0.12415363760139318
24h	D	8.795698924731184	0.12511758243077853
24h	D	8.81720430107527	0.12608280621976958
24h	D	8.838709677419356	0.12704958350322257
24h	D	8.860215053763442	0.12801806087948855
24h	D	8.881720430107528	0.12898811914897013
24h	D	8.903225806451614	0.12996110617392187
24h	D	8.9247311827957	0.13093629886172642
24h	D	8.946236559139786	0.1319133213681291
24h	D	8.967741935483872	0.13289211521190192
24h	D	8.989247311827958	0.13387075401519666
24h	D	9.010752688172044	0.1348491148878542
24h	D	9.03225806451613	0.13582593205014434
24h	D	9.053763440860216	0.13680056978433466
24h	D	9.075268817204302	0.13776996009818668
24h	D	9.096774193548388	0.13873381719585293
24h	D	9.118279569892474	0.1396892231412375
24h	D	9.13978494623656	0.14063523367848216
24h	D	9.161290322580646	0.14156857675812035
24h	D	9.182795698924732	0.1424880876117637
24h	D	9.204301075268818	0.1433896394458748
24h	D	9.225806451612904	0.1442726574043978
24h	D	9.24731182795699	0.14513415839053287
24h	D	9.268817204301076	0.14597214083693916
24h	D	9.290322580645162	0.14678400303928396
24h	D	9.311827956989248	0.14756882445916258
24h	D	9.333333333333334	0.1483244134907232
24h	D	9.35483870967742	0.1490491417183617
24h	D	9.376344086021506	0.14974253700556112
24h	D	9.397849462365592	0.15040331002645702
24h	D	9.419354838709678	0.15103183928783992
24h	D	9.440860215053764	0.15162649237021764
24h	D	9.46236559139785	0.1521882984530166
24h	D	9.483870967741936	0.15271875007351463
24h	D	9.505376344086022	0.15321646459465207
24h	D	9.526881720430108	0.15368415897311619
24h	D	9.548387096774194	0.15412305047238167
24h	D	9.56989247311828	0.15453448588174426
24h	D	9.591397849462366	0.1549200031653019
24h	D	9.612903225806452	0.1552813425224564
24h	D	9.634408602150538	0.15562066055665386
24h	D	9.655913978494624	0.15593889405270106
24h	D	9.67741935483871	0.1562374331891578
24h	D	9.698924731182796	0.1565189324146012
24h	D	9.720430107526882	0.15678374748447818
24h	D	9.741935483870968	0.15703324504675845
24h	D	9.763440860215054	0.15726743967154305
24h	D	9.78494623655914	0.1574870859489684
24h	D	9.806451612903226	0.1576917174452159
24h	D	9.827956989247312	0.15788107091833897
24h	D	9.849462365591398	0.15805447598104205
24h	D	9.870967741935484	0.1582108440850373
24h	D	9.89247311827957	0.1583483596775184
24h	D	9.913978494623656	0.15846551804806214
24h	D	9.935483870967742	0.15856182356371445
24h	D	9.956989247311828	0.15863501784111106
24h	D	9.978494623655914	0.15868280943098953
24h	D	10.0	0.15870440453682502
24h	D	10.021505376344086	0.1586977209694963
24h	D	10.043010752688172	0.15866271897883877
24h	D	10.064516129032258	0.15859750628648278
24h	D	10.086021505376344	0.15850162301450046
24h	D	10.107526881720432	0.1583752785813309
24h	D	10.129032258064518	0.15821905445225942
24h	D	10.150537634408604	0.1580332954543916
24h	D	10.17204301075269	0.15781749078966403
24h	D	10.193548387096776	0.15757351790889737
24h	D	10.215053763440862	0.15730245400376267
24h	D	10.236559139784948	0.15700579988693913
24h	D	10.258064516129034	0.15668510489097578
24h	D	10.27956989247312	0.1563417030005366
24h	D	10.301075268817206	0.15597714140929253
24h	D	10.322580645161292	0.15559192187443852
24h	D	10.344086021505378	0.1551878589141217
24h	D	10.365591397849464	0.15476576647575663
24h	D	10.38709677419355	0.15432643164137205
24h	D	10.408602150537636	0.15386970577877107
24h	D	10.430107526881722	0.15339587201532176
24h	D	10.451612903225808	0.15290403384732928
24h	D	10.473118279569894	0.1523938146057261
24h	D	10.49462365591398	0.15186453696941624
24h	D	10.516129032258066	0.15131446795189576
24h	D	10.537634408602152	0.15074277432753927
24h	D	10.559139784946238	0.15014730436584298
24h	D	10.580645161290324	0.14952665026604078
24h	D	10.60215053763441	0.14887953959788675
24h	D	10.623655913978496	0.1482034043473373
24h	D	10.645161290322582	0.14749634550645857
24h	D	10.666666666666668	0.14675707640264912
24h	D	10.688172043010754	0.14598350558055578
24h	D	10.70967741935484	0.1451744831970083
24h	D	10.731182795698926	0.14432800999834597
24h	D	10.752688172043012	0.14344301434079745
24h	D	10.774193548387098	0.1425186650596446
24h	D	10.795698924731184	0.1415529728816484
24h	D	10.81720430107527	0.1405449640432207
24h	D	10.838709677419356	0.13949382033483818
24h	D	10.860215053763442	0.1383989792065712
24h	D	10.881720430107528	0.13725911923186312
24h	D	10.903225806451614	0.13607356377557847
24h	D	10.9247311827957	0.13484245059674946
24h	D	10.946236559139786	0.13356524186094124
24h	D	10.967741935483872	0.13224165599948698
24h	D	10.989247311827958	0.13087227382848438
24h	D	11.010752688172044	0.1294571430156672
24h	D	11.03225806451613	0.12799690326624447
24h	D	11.053763440860216	0.12649282499384928
24h	D	11.075268817204302	0.12494666252557116
24h	D	11.096774193548388	0.12335936560242275
24h	D	11.118279569892474	0.12173410066597136
24h	D	11.13978494623656	0.12007348342206094
24h	D	11.161290322580646	0.11838062589455355
24h	D	11.182795698924732	0.11665899975400047
24h	D	11.204301075268818	0.11491326193690077
24h	D	11.225806451612904	0.11314676635405432
24h	D	11.24731182795699	0.11136504401274888
24h	D	11.268817204301076	0.10957284618637043
24h	D	11.290322580645162	0.10777472190136997
24h	D	11.311827956989248	0.10597574238436887
24h	D	11.333333333333334	0.10418093612404647
24h	D	11.35483870967742	0.1023953905323201
24h	D	11.376344086021506	0.100622782180156
24h	D	11.397849462365592	0.09886773598608012
24h	D	11.419354838709678	0.09713341595625874
24h	D	11.440860215053764	0.09542444729903456
24h	D	11.46236559139785	0.09374207972072554
24h	D	11.483870967741936	0.09208843549041325
24h	D	11.505376344086022	0.09046624705696614
24h	D	11.526881720430108	0.08887538471809224
24h	D	11.548387096774194	0.08731616582358141
24h	D	11.56989247311828	0.08578866933186999
24h	D	11.591397849462366	0.08429210702880732
24h	D	11.612903225806452	0.08282541937932807
24h	D	11.634408602150538	0.08138670849519387
24h	D	11.655913978494624	0.07997490628154352
24h	D	11.67741935483871	0.07858757194293635
24h	D	11.698924731182796	0.07722243210437287
24h	D	11.720430107526882	0.07587687482148292
24h	D	11.741935483870968	0.07454951641795615
24h	D	11.763440860215054	0.073238346375716
24h	D	11.78494623655914	0.07194131622318972
24h	D	11.806451612903226	0.07065607047897812
24h	D	11.827956989247312	0.0693819849572792
24h	D	11.849462365591398	0.06811713040401633
24h	D	11.870967741935484	0.06686102224414685
24h	D	11.89247311827957	0.06561324851215307
24h	D	11.913978494623656	0.0643731306952345
24h	D	11.935483870967744	0.0631403629598189
24h	D	11.95698924731183	0.06191590382146818
24h	D	11.978494623655916	0.06070022449684485
24h	D	12.000000000000002	0.059493614427266805
24h	D	12.021505376344088	0.058297649013686455
24h	D	12.043010752688174	0.05711295922543838
24h	D	12.06451612903226	0.05594091185432117
24h	D	12.086021505376346	0.05478287165179278
24h	D	12.107526881720432	0.053639850109531345
24h	D	12.129032258064518	0.05251352995684631
24h	D	12.150537634408604	0.05140491941526235
24h	D	12.17204301075269	0.050316453718480175
24h	D	12.193548387096776	0.049248070454321446
24h	D	12.215053763440862	0.04820147027307196
24h	D	12.236559139784948	0.04717690603001224
24h	D	12.258064516129034	0.04617581489842825
24h	D	12.27956989247312	0.04519838942359394
24h	D	12.301075268817206	0.044244795877246196
24h	D	12.322580645161292	0.043315466820563586
24h	D	12.344086021505378	0.04241049087090323
24h	D	12.365591397849464	0.04152867690134934
24h	D	12.38709677419355	0.040669861581176324
24h	D	12.408602150537636	0.03983340988589177
24h	D	12.430107526881722	0.03901862500839434
24h	D	12.451612903225808	0.038223598185044935
24h	D	12.473118279569894	0.037447277281219514
24h	D	12.49462365591398	0.03668841824241121
24h	D	12.516129032258066	0.0359451540645183
24h	D	12.537634408602152	0.0352164633825798
24h	D	12.559139784946238	0.034500538111321435
24h	D	12.580645161290324	0.033795780843781334
24h	D	12.60215053763441	0.033100853650997505
24h	D	12.623655913978496	0.032414635060843446
24h	D	12.645161290322582	0.03173591568229465
24h	D	12.666666666666668	0.03106380217495534
24h	D	12.688172043010754	0.030397745594156516
24h	D	12.70967741935484	0.029737316521654393
24h	D	12.731182795698926	0.029082405532020756
24h	D	12.752688172043012	0.028432882622786974
24h	D	12.774193548387098	0.027789083226331033
24h	D	12.795698924731184	0.0271519051296287
24h	D	12.81720430107527	0.02652192296949306
24h	D	12.838709677419356	0.025899781369234605
24h	D	12.860215053763442	0.025286331909608065
24h	D	12.881720430107528	0.024682840492680505
24h	D	12.903225806451614	0.02409004051138732
24h	D	12.9247311827957	0.02350868815836929
24h	D	12.946236559139786	0.02293974482250759
24h	D	12.967741935483872	0.022383867173765733
24h	D	12.989247311827958	0.021842264080053252
24h	D	13.010752688172044	0.021314337131217585
24h	D	13.03225806451613	0.020800443894103925
24h	D	13.053763440860216	0.020300534832108467
24h	D	13.075268817204302	0.019814751038372595
24h	D	13.096774193548388	0.019342434260187915
24h	D	13.118279569892474	0.018882971389528498
24h	D	13.13978494623656	0.01843553122312487
24h	D	13.161290322580646	0.018000019065842348
24h	D	13.182795698924732	0.017575281133166983
24h	D	13.204301075268818	0.017160798758751025
24h	D	13.225806451612904	0.016755885204214276
24h	D	13.24731182795699	0.016359403052071474
24h	D	13.268817204301076	0.01597138367606114
24h	D	13.290322580645162	0.01559138342032969
24h	D	13.311827956989248	0.015219120370688018
24h	D	13.333333333333334	0.014854515486877905
24h	D	13.35483870967742	0.014497306599965423
24h	D	13.376344086021506	0.014147941883293717
24h	D	13.397849462365592	0.013806479999236098
24h	D	13.419354838709678	0.013473309556170899
24h	D	13.440860215053764	0.013148563559123526
24h	D	13.46236559139785	0.012833146405399403
24h	D	13.483870967741936	0.012527261137002336
24h	D	13.505376344086022	0.012231290074697672
24h	D	13.526881720430108	0.01194603498173057
24h	D	13.548387096774194	0.011671814886496963
24h	D	13.56989247311828	0.01140915988755121
24h	D	13.591397849462366	0.011158406880909168
24h	D	13.612903225806452	0.010920081509037617
24h	D	13.634408602150538	0.01069416916279368
24h	D	13.655913978494624	0.010480618558314688
24h	D	13.67741935483871	0.01027997213588812
24h	D	13.698924731182796	0.010091722139293505
24h	D	13.720430107526882	0.009916091581175195
24h	D	13.741935483870968	0.009752230059134568
24h	D	13.763440860215056	0.009599990628521335
24h	D	13.784946236559142	0.009458375931752153
24h	D	13.806451612903228	0.009327035746990236
24h	D	13.827956989247314	0.009204917016103677
24h	D	13.8494623655914	0.009091263055217418
24h	D	13.870967741935486	0.008984881283045221
24h	D	13.892473118279572	0.008884661393301208
24h	D	13.913978494623658	0.008789576040114227
24h	D	13.935483870967744	0.008698199238710243
24h	D	13.95698924731183	0.008609432056672093
24h	D	13.978494623655916	0.008522171715392554
24h	D	14.000000000000002	0.008435388316611836
24h	D	14.021505376344088	0.008347748014737992
24h	D	14.043010752688174	0.00825856280360087
24h	D	14.06451612903226	0.0081668165291208
24h	D	14.086021505376346	0.008071991644637639
24h	D	14.107526881720432	0.007973212405626044
24h	D	14.129032258064518	0.0078700866445856
24h	D	14.150537634408604	0.007762485440930659
24h	D	14.17204301075269	0.007650171305276681
24h	D	14.193548387096776	0.007533025705192342
24h	D	14.215053763440862	0.007411099710887702
24h	D	14.236559139784948	0.007284718542279514
24h	D	14.258064516129034	0.007153971209803983
24h	D	14.27956989247312	0.0070195858724543285
24h	D	14.301075268817206	0.006881934318950751
24h	D	14.322580645161292	0.006741720961690736
24h	D	14.344086021505378	0.006599546742322659
24h	D	14.365591397849464	0.006456319093799016
24h	D	14.38709677419355	0.006312741667944418
24h	D	14.408602150537636	0.0061696169199977596
24h	D	14.430107526881722	0.006027749428456178
24h	D	14.451612903225808	0.005888108538685902
24h	D	14.473118279569894	0.005751399550073224
24h	D	14.49462365591398	0.005618243063009445
24h	D	14.516129032258066	0.00548950051118829
24h	D	14.537634408602152	0.005365512699900366
24h	D	14.559139784946238	0.0052467409982350326
24h	D	14.580645161290324	0.005133649022316043
24h	D	14.60215053763441	0.005026332836003706
24h	D	14.623655913978496	0.004924849619476379
24h	D	14.645161290322582	0.00482918653777417
24h	D	14.666666666666668	0.004738848912044251
24h	D	14.688172043010754	0.004653448469436292
24h	D	14.70967741935484	0.0045724262790590355
24h	D	14.731182795698926	0.004495261038004999
24h	D	14.752688172043012	0.004421252051252626
24h	D	14.774193548387098	0.004349409894116798
24h	D	14.795698924731184	0.004278964390111338
24h	D	14.81720430107527	0.0042090530038911955
24h	D	14.838709677419356	0.004138936170712361
24h	D	14.860215053763442	0.004067825807888301
24h	D	14.881720430107528	0.003995070285416992
24h	D	14.903225806451614	0.0039200764899590505
24h	D	14.9247311827957	0.0038423360256212456
24h	D	14.946236559139786	0.0037615554878449465
24h	D	14.967741935483872	0.003677860856337536
24h	D	14.989247311827958	0.0035910383703707666
24h	D	15.010752688172044	0.003501354877097569
24h	D	15.03225806451613	0.003409086275375444
24h	D	15.053763440860216	0.003314532576771259
24h	D	15.075268817204302	0.0032182765334478397
24h	D	15.096774193548388	0.003120954390365214
24h	D	15.118279569892474	0.003023198245638433
24h	D	15.13978494623656	0.002925684998384919
24h	D	15.161290322580646	0.002829042397099697
24h	D	15.182795698924732	0.002734030957556518
24h	D	15.204301075268818	0.0026412712312395862
24h	D	15.225806451612904	0.0025512088837087643
24h	D	15.24731182795699	0.0024645177407335702
24h	D	15.268817204301076	0.0023813661674896265
24h	D	15.290322580645162	0.0023022605927815083
24h	D	15.311827956989248	0.0022272223949762466
24h	D	15.333333333333334	0.0021563136330181518
24h	D	15.35483870967742	0.002089566316378863
24h	D	15.376344086021506	0.002026963603772639
24h	D	15.397849462365592	0.0019682940961654218
24h	D	15.419354838709678	0.001913156420094385
24h	D	15.440860215053764	0.0018615270980193214
24h	D	15.46236559139785	0.0018129409121554283
24h	D	15.483870967741936	0.0017670328898713814
24h	D	15.505376344086022	0.0017235697347410246
24h	D	15.526881720430108	0.001682085293435447
24h	D	15.548387096774194	0.0016423258915066862
24h	D	15.56989247311828	0.0016038917979836556
24h	D	15.591397849462366	0.0015666328765821112
24h	D	15.612903225806454	0.0015303828339038414
24h	D	15.63440860215054	0.0014948999559180305
24h	D	15.655913978494626	0.0014600575131902516
24h	D	15.677419354838712	0.0014257686065576966
24h	D	15.698924731182798	0.001392018857189751
24h	D	15.720430107526884	0.0013587033358096834
24h	D	15.74193548387097	0.001325912268913483
24h	D	15.763440860215056	0.001293631533079296
24h	D	15.784946236559142	0.0012618409418542025
24h	D	15.806451612903228	0.0012306931875169967
24h	D	15.827956989247314	0.0012001713714453392
24h	D	15.8494623655914	0.0011702093375831684
24h	D	15.870967741935486	0.0011408544021939888
24h	D	15.892473118279572	0.0011121851912828263
24h	D	15.913978494623658	0.0010840811741514105
24h	D	15.935483870967744	0.0010565148949288027
24h	D	15.95698924731183	0.0010294574380922126
24h	D	15.978494623655916	0.001002704862106322
24h	D	16.0	0.0009762181618111556
24h	D	16.021505376344088	0.0009499819680777942
24h	D	16.043010752688172	0.0009238170357913686
24h	D	16.06451612903226	0.0008976076080824935
24h	D	16.086021505376344	0.0008713350677895191
24h	D	16.107526881720432	0.0008449026655268019
24h	D	16.129032258064516	0.0008182720571799577
24h	D	16.150537634408604	0.0007914564997421187
24h	D	16.172043010752688	0.0007643861783481485
24h	D	16.193548387096776	0.0007372277866134149
24h	D	16.21505376344086	0.0007099606143217955
24h	D	16.236559139784948	0.000682750371993136
24h	D	16.258064516129032	0.0006557295221901134
24h	D	16.27956989247312	0.0006290045755814024
24h	D	16.301075268817204	0.0006027757776795348
24h	D	16.322580645161292	0.0005772206681931188
24h	D	16.344086021505376	0.0005524828732514164
24h	D	16.365591397849464	0.0005289149536343939
24h	D	16.387096774193548	0.0005065789853280308
24h	D	16.408602150537636	0.0004856071456306647
24h	D	16.43010752688172	0.00046631987828565404
24h	D	16.451612903225808	0.0004488522028454047
24h	D	16.473118279569892	0.0004332059817055968
24h	D	16.49462365591398	0.00041956061703717784
24h	D	16.516129032258064	0.00040791565279573453
24h	D	16.537634408602152	0.00039835818751049836
24h	D	16.55913978494624	0.0003908448456375661
24h	D	16.580645161290324	0.00038533395181089526
24h	D	16.60215053763441	0.00038175046443047637
24h	D	16.623655913978496	0.0003799625492504217
24h	D	16.645161290322584	0.0003798445457216848
24h	D	16.666666666666668	0.00038129723909167577
24h	D	16.688172043010756	0.0003840823297067008
24h	D	16.70967741935484	0.0003880966711842645
24h	D	16.731182795698928	0.00039307483847321245
24h	D	16.752688172043012	0.00039879578766729225
24h	D	16.7741935483871	0.00040519979860059166
24h	D	16.795698924731184	0.00041194929560181066
24h	D	16.81720430107527	0.0004189267134523298
24h	D	16.838709677419356	0.00042595279245930304
24h	D	16.860215053763444	0.00043295249730470004
24h	D	16.881720430107528	0.00043977573256908503
24h	D	16.903225806451616	0.00044632951749339425
24h	D	16.9247311827957	0.00045254079756095443
24h	D	16.946236559139788	0.0004583548444858501
24h	D	16.967741935483872	0.0004637068846248876
24h	D	16.98924731182796	0.0004686045091190607
24h	D	17.010752688172044	0.00047305479127824517
24h	D	17.03225806451613	0.00047698567048632464
24h	D	17.053763440860216	0.00048044911996584366
24h	D	17.075268817204304	0.0004834007526146262
24h	D	17.096774193548388	0.00048580325066934686
24h	D	17.118279569892476	0.0004876736996334254
24h	D	17.13978494623656	0.0004890134734216359
24h	D	17.161290322580648	0.000489795936376738
24h	D	17.182795698924732	0.0004899310400029292
24h	D	17.20430107526882	0.0004893856297491329
24h	D	17.225806451612904	0.00048818601983708157
24h	D	17.24731182795699	0.00048626603475682487
24h	D	17.268817204301076	0.00048360181159827216
24h	D	17.290322580645164	0.0004801522447682875
24h	D	17.311827956989248	0.00047597295724152803
24h	D	17.333333333333336	0.00047103739805620415
24h	D	17.35483870967742	0.0004653697207190957
24h	D	17.376344086021508	0.0004590084786324942
24h	D	17.397849462365592	0.0004519800248757724
24h	D	17.41935483870968	0.0004444083541242235
24h	D	17.440860215053764	0.00043633189996129774
24h	D	17.46236559139785	0.00042783228470283103
24h	D	17.483870967741936	0.0004190309664969801
24h	D	17.505376344086024	0.00040995403113772247
24h	D	17.526881720430108	0.00040070965808174796
24h	D	17.548387096774196	0.00039137367775463836
24h	D	17.56989247311828	0.00038201302690363823
24h	D	17.591397849462368	0.00037268398112321437
24h	D	17.612903225806452	0.00036343119574203944
24h	D	17.63440860215054	0.00035428758647514954
24h	D	17.655913978494624	0.00034527501367690166
24h	D	17.67741935483871	0.00033640567187091374
24h	D	17.698924731182796	0.00032769468506068186
24h	D	17.720430107526884	0.00031914214717938106
24h	D	17.741935483870968	0.00031073566056034224
24h	D	17.763440860215056	0.000302473164232875
24h	D	17.78494623655914	0.00029435459996916737
24h	D	17.806451612903228	0.00028638382761536537
24h	D	17.827956989247312	0.00027857001867852066
24h	D	17.8494623655914	0.00027092845619485325
24h	D	17.870967741935484	0.000263480719922576
24h	D	17.89247311827957	0.0002562283521944191
24h	D	17.913978494623656	0.00024923742284339097
24h	D	17.935483870967744	0.00024256777940192411
24h	D	17.956989247311828	0.0002362223345789126
24h	D	17.978494623655916	0.0002302404928116612
24h	D	18.0	0.000224633911857383
24h	D	18.021505376344088	0.00021949626917747912
24h	D	18.043010752688172	0.00021482094819972827
24h	D	18.06451612903226	0.00021063153789125077
24h	D	18.086021505376344	0.00020694432801839164
24h	D	18.107526881720432	0.00020376766633937318
24h	D	18.129032258064516	0.00020110158283479244
24h	D	18.150537634408604	0.00019893765103255314
24h	D	18.172043010752688	0.00019725904554270253
24h	D	18.193548387096776	0.00019604075136947068
24h	D	18.21505376344086	0.00019524988380344039
24h	D	18.236559139784948	0.00019484608639042767
24h	D	18.258064516129032	0.0001947560542490306
24h	D	18.27956989247312	0.00019495952442244308
24h	D	18.301075268817204	0.0001954204230860435
24h	D	18.322580645161292	0.0001960384148489306
24h	D	18.344086021505376	0.00019674484744479335
24h	D	18.365591397849464	0.00019744118485293585
24h	D	18.38709677419355	0.00019811150669410933
24h	D	18.408602150537636	0.00019864291135161105
24h	D	18.430107526881724	0.00019895865391671632
24h	D	18.451612903225808	0.0001989572207437523
24h	D	18.473118279569896	0.00019862545100537778
24h	D	18.49462365591398	0.0001978594841297188
24h	D	18.516129032258068	0.00019659830347901135
24h	D	18.537634408602152	0.00019478895370221585
24h	D	18.55913978494624	0.00019238821408959532
24h	D	18.580645161290324	0.0001893640710147172
24h	D	18.60215053763441	0.00018569691853977577
24h	D	18.623655913978496	0.00018138042421461412
24h	D	18.645161290322584	0.00017642200955122404
24h	D	18.666666666666668	0.00017084291078019786
24h	D	18.688172043010756	0.00016467780422789406
24h	D	18.70967741935484	0.0001579740007734732
24h	D	18.731182795698928	0.00015079023407172472
24h	D	18.752688172043012	0.0001431950863055453
24h	D	18.7741935483871	0.00013521324692973474
24h	D	18.795698924731184	0.0001270462396057825
24h	D	18.81720430107527	0.0001187085055545965
24h	D	18.838709677419356	0.00011028858229000381
24h	D	18.860215053763444	0.00010187375371938182
24h	D	18.881720430107528	9.354796727637373e-05
24h	D	18.903225806451616	8.53899311845141e-05
24h	D	18.9247311827957	7.747145897210997e-05
24h	D	18.946236559139788	6.985611353277521e-05
24h	D	18.967741935483872	6.259818640298236e-05
24h	D	18.98924731182796	5.5742030539888824e-05
24h	D	19.010752688172044	4.9321747747567604e-05
24h	D	19.03225806451613	4.336121595685583e-05
24h	D	19.053763440860216	3.7874427616943106e-05
24h	D	19.075268817204304	3.286609912897561e-05
24h	D	19.096774193548388	2.8332502957267362e-05
24h	D	19.118279569892476	2.4262468984270102e-05
24h	D	19.13978494623656	2.0675082842545325e-05
24h	D	19.161290322580648	1.746324045103174e-05
24h	D	19.182795698924732	1.4687146692623648e-05
24h	D	19.20430107526882	1.228329191138824e-05
24h	D	19.225806451612904	1.0223292640989536e-05
24h	D	19.24731182795699	8.478430821418864e-06
24h	D	19.268817204301076	7.020658674176712e-06
24h	D	19.290322580645164	5.823474183811494e-06
24h	D	19.311827956989248	4.862661617176856e-06
24h	D	19.333333333333336	4.116896695110357e-06
24h	D	19.35483870967742	3.5682197611502746e-06
24h	D	19.376344086021508	3.202382511230384e-06
24h	D	19.397849462365592	3.0090746278913252e-06
24h	D	19.41935483870968	2.9820361895333473e-06
24h	D	19.440860215053764	3.119060285123254e-06
24h	D	19.46236559139785	3.4218882188813755e-06
24h	D	19.483870967741936	3.8700649069244195e-06
24h	D	19.505376344086024	4.5320331759077954e-06
24h	D	19.526881720430108	5.383866088585674e-06
24h	D	19.548387096774196	6.440458968526911e-06
24h	D	19.56989247311828	7.718322165029229e-06
24h	D	19.591397849462368	9.234830126541119e-06
24h	D	19.612903225806452	1.1007349476580692e-05
24h	D	19.63440860215054	1.305225754964764e-05
24h	D	19.655913978494624	1.5383869896973677e-05
24h	D	19.67741935483871	1.8013303280053582e-05
24h	D	19.698924731182796	2.092137656637871e-05
24h	D	19.720430107526884	2.4168873264835596e-05
24h	D	19.741935483870968	2.771461843155123e-05
24h	D	19.763440860215056	3.154625099387823e-05
24h	D	19.78494623655914	3.5642893791826604e-05
24h	D	19.806451612903228	3.9974635275564454e-05
24h	D	19.827956989247312	4.4502295672146836e-05
24h	D	19.8494623655914	4.9177525369858695e-05
24h	D	19.870967741935484	5.394327114676851e-05
24h	D	19.89247311827957	5.873463007194283e-05
24h	D	19.913978494623656	6.348009210368698e-05
24h	D	19.935483870967744	6.810315157673059e-05
24h	D	19.956989247311828	7.252424614485458e-05
24h	D	19.978494623655916	7.666296074206752e-05
24h	D	20.0	8.044041523655423e-05
24h	D	20.021505376344088	8.378173912894342e-05
24h	D	20.043010752688172	8.661852617690591e-05
24h	D	20.06451612903226	8.889115721581782e-05
24h	D	20.086021505376344	9.05508813113817e-05
24h	D	20.107526881720432	9.156155389154652e-05
24h	D	20.129032258064516	9.190094534017433e-05
24h	D	20.150537634408604	9.156155389154652e-05
24h	D	20.172043010752688	9.05508813113817e-05
24h	D	20.193548387096776	8.889115721581782e-05
24h	D	20.215053763440864	8.661852617690591e-05
24h	D	20.236559139784948	8.378173912894342e-05
24h	D	20.258064516129036	8.044041523655423e-05
24h	D	20.27956989247312	7.666296074206752e-05
24h	D	20.301075268817208	7.252424614485458e-05
24h	D	20.322580645161292	6.810315157673059e-05
24h	D	20.34408602150538	6.348009210368698e-05
24h	D	20.365591397849464	5.873463007194283e-05
24h	D	20.38709677419355	5.394327114676851e-05
24h	D	20.408602150537636	4.9177525369858695e-05
24h	D	20.430107526881724	4.4502295672146836e-05
24h	D	20.451612903225808	3.9974635275564454e-05
24h	D	20.473118279569896	3.5642893791826604e-05
24h	D	20.49462365591398	3.154625099387823e-05
24h	D	20.516129032258068	2.771461843155123e-05
24h	D	20.537634408602152	2.4168873264835596e-05
24h	D	20.55913978494624	2.092137656637871e-05
24h	D	20.580645161290324	1.7976720243777514e-05
24h	D	20.60215053763441	1.5332642680356902e-05
24h	D	20.623655913978496	1.298105293789785e-05
24h	D	20.645161290322584	1.0909106426472924e-05
24h	D	20.666666666666668	9.100280683817217e-06
24h	D	20.688172043010756	7.535407586484257e-06
24h	D	20.70967741935484	6.193627180340973e-06
24h	D	20.731182795698928	5.053237647316613e-06
24h	D	20.752688172043012	4.092425080681975e-06
24h	D	20.7741935483871	3.289865201274619e-06
24h	D	20.795698924731184	2.6251965262156687e-06
24h	D	20.81720430107527	2.0793705540580646e-06
24h	D	20.838709677419356	1.6348891429760077e-06
24h	D	20.860215053763444	1.2759424348075493e-06
24h	D	20.881720430107528	9.884625144484168e-07
24h	D	20.903225806451616	7.60108656389635e-07
24h	D	20.9247311827957	5.801997056498002e-07
24h	D	20.946236559139788	4.396080952258203e-07
24h	D	20.967741935483872	3.306284412690609e-07
24h	D	20.98924731182796	2.4683178818593805e-07
24h	D	21.010752688172044	1.82914578544971e-07
24h	D	21.03225806451613	1.3454944272390256e-07
24h	D	21.053763440860216	9.824305010776821e-08
24h	D	21.075268817204304	7.12046117497909e-08
24h	D	21.096774193548388	5.122721661677271e-08
24h	D	21.118279569892476	3.658303627607172e-08
24h	D	21.13978494623656	0.0
24h	D	21.161290322580648	0.0
24h	D	21.182795698924732	0.0
24h	D	21.20430107526882	0.0
24h	D	21.225806451612904	0.0
24h	D	21.24731182795699	0.0
24h	D	21.268817204301076	0.0
24h	D	21.290322580645164	0.0
24h	D	21.311827956989248	0.0
24h	D	21.333333333333336	0.0
24h	D	21.35483870967742	0.0
24h	D	21.376344086021508	0.0
24h	D	21.397849462365592	0.0
24h	D	21.41935483870968	0.0
24h	D	21.440860215053764	0.0
24h	D	21.46236559139785	0.0
24h	D	21.483870967741936	0.0
24h	D	21.505376344086024	0.0
24h	D	21.526881720430108	0.0
24h	D	21.548387096774196	0.0
24h	D	21.56989247311828	0.0
24h	D	21.591397849462368	0.0
24h	D	21.612903225806452	0.0
24h	D	21.63440860215054	0.0
24h	D	21.655913978494624	0.0
24h	D	21.67741935483871	0.0
24h	D	21.698924731182796	0.0
24h	D	21.720430107526884	0.0
24h	D	21.741935483870968	0.0
24h	D	21.763440860215056	0.0
24h	D	21.78494623655914	0.0
24h	D	21.806451612903228	0.0
24h	D	21.827956989247312	0.0
24h	D	21.8494623655914	0.0
24h	D	21.870967741935484	0.0
24h	D	21.89247311827957	0.0
24h	D	21.913978494623656	0.0
24h	D	21.935483870967744	0.0
24h	D	21.956989247311828	0.0
24h	D	21.978494623655916	0.0
24h	D	22.0	0.0
24h	DT	0.0	0.01085898220220097
24h	DT	0.021505376344086023	0.010933106223657911
24h	DT	0.043010752688172046	0.010952407335178613
24h	DT	0.06451612903225806	0.01092545429318842
24h	DT	0.08602150537634409	0.010854562615570364
24h	DT	0.10752688172043012	0.01074829010550188
24h	DT	0.12903225806451613	0.010616716895824664
24h	DT	0.15053763440860216	0.010469786540788397
24h	DT	0.17204301075268819	0.010317817718060167
24h	DT	0.19354838709677422	0.010171116421627277
24h	DT	0.21505376344086025	0.010039624133445573
24h	DT	0.23655913978494625	0.009932451612551971
24h	DT	0.25806451612903225	0.009857591329731052
24h	DT	0.2795698924731183	0.009821700199946826
24h	DT	0.3010752688172043	0.00982979062878906
24h	DT	0.32258064516129037	0.009885106139043323
24h	DT	0.34408602150537637	0.009989050708187116
24h	DT	0.3655913978494624	0.010141200141462511
24h	DT	0.38709677419354843	0.010339393704933596
24h	DT	0.40860215053763443	0.010584178443355878
24h	DT	0.4301075268817205	0.010863712194124662
24h	DT	0.4516129032258065	0.01117493820372913
24h	DT	0.4731182795698925	0.011511243582708096
24h	DT	0.49462365591397855	0.011865652244591575
24h	DT	0.5161290322580645	0.012231165596861023
24h	DT	0.5376344086021506	0.012601010043738524
24h	DT	0.5591397849462366	0.012969182615957255
24h	DT	0.5806451612903226	0.013330499916947864
24h	DT	0.6021505376344086	0.01368083394468172
24h	DT	0.6236559139784946	0.014017226021958333
24h	DT	0.6451612903225807	0.014337926681572766
24h	DT	0.6666666666666667	0.014642362013469738
24h	DT	0.6881720430107527	0.014937467192860298
24h	DT	0.7096774193548387	0.015214430911863988
24h	DT	0.7311827956989247	0.01548008386707773
24h	DT	0.7526881720430109	0.015737300687875592
24h	DT	0.7741935483870969	0.015989352430991647
24h	DT	0.7956989247311829	0.01623934647800599
24h	DT	0.8172043010752689	0.01649039607523933
24h	DT	0.8387096774193549	0.01674521276984249
24h	DT	0.860215053763441	0.017006053722905833
24h	DT	0.881720430107527	0.01727449962391742
24h	DT	0.903225806451613	0.017556900624162573
24h	DT	0.924731182795699	0.017845230027848106
24h	DT	0.946236559139785	0.018143258527758936
24h	DT	0.967741935483871	0.018450696656212368
24h	DT	0.9892473118279571	0.01876705275105836
24h	DT	1.010752688172043	0.019088618915513694
24h	DT	1.032258064516129	0.01942157052752721
24h	DT	1.0537634408602152	0.01976145977033022
24h	DT	1.0752688172043012	0.020108265375599475
24h	DT	1.0967741935483872	0.02046852962444699
24h	DT	1.1182795698924732	0.020833307409912048
24h	DT	1.1397849462365592	0.021208238566000327
24h	DT	1.1612903225806452	0.02159529084652361
24h	DT	1.1827956989247312	0.021996808877271765
24h	DT	1.2043010752688172	0.022415478429877393
24h	DT	1.2258064516129032	0.022853961026464396
24h	DT	1.2473118279569892	0.02331510915519138
24h	DT	1.2688172043010755	0.02380582968968428
24h	DT	1.2903225806451615	0.024323429250642768
24h	DT	1.3118279569892475	0.024870254265168815
24h	DT	1.3333333333333335	0.025449219360041415
24h	DT	1.3548387096774195	0.02606125388386343
24h	DT	1.3763440860215055	0.02670667702057307
24h	DT	1.3978494623655915	0.027385111261434676
24h	DT	1.4193548387096775	0.02809548042874513
24h	DT	1.4408602150537635	0.028842257028647175
24h	DT	1.4623655913978495	0.029612673008345806
24h	DT	1.4838709677419355	0.03040827699388032
24h	DT	1.5053763440860217	0.031225623182953424
24h	DT	1.5268817204301077	0.03206085307675404
24h	DT	1.5483870967741937	0.03290990881669467
24h	DT	1.5698924731182797	0.033774969670553046
24h	DT	1.5913978494623657	0.034641527964114745
24h	DT	1.6129032258064517	0.035510242885564175
24h	DT	1.6344086021505377	0.036374486629372135
24h	DT	1.6559139784946237	0.03723787088807122
24h	DT	1.6774193548387097	0.03809356858588592
24h	DT	1.6989247311827957	0.038944347610560474
24h	DT	1.720430107526882	0.03978044352988182
24h	DT	1.741935483870968	0.04060451121067198
24h	DT	1.763440860215054	0.04141626720183855
24h	DT	1.78494623655914	0.04221602049217646
24h	DT	1.806451612903226	0.04300576385418682
24h	DT	1.827956989247312	0.043788542418483706
24h	DT	1.849462365591398	0.044560943276468715
24h	DT	1.870967741935484	0.045327851052534375
24h	DT	1.89247311827957	0.04609152268224644
24h	DT	1.913978494623656	0.046854843726129455
24h	DT	1.935483870967742	0.04762384694881833
24h	DT	1.9569892473118282	0.04839478453681264
24h	DT	1.9784946236559142	0.0491729212893563
24h	DT	2.0	0.04996049680116743
24h	DT	2.021505376344086	0.050763429800765786
24h	DT	2.043010752688172	0.051576531953935495
24h	DT	2.064516129032258	0.052401265047979345
24h	DT	2.0860215053763445	0.05324314891807549
24h	DT	2.1075268817204305	0.05410057772599984
24h	DT	2.1290322580645165	0.05497521659071485
24h	DT	2.1505376344086025	0.05586040474393689
24h	DT	2.1720430107526885	0.056756649789415275
24h	DT	2.1935483870967745	0.05766148060214176
24h	DT	2.2150537634408605	0.058575471012183536
24h	DT	2.2365591397849465	0.05948856343360033
24h	DT	2.2580645161290325	0.06039922378144056
24h	DT	2.2795698924731185	0.06130249524972869
24h	DT	2.3010752688172045	0.06219614177904391
24h	DT	2.3225806451612905	0.0630695324054279
24h	DT	2.3440860215053765	0.06391899349393079
24h	DT	2.3655913978494625	0.06474161812543891
24h	DT	2.3870967741935485	0.06552691052573098
24h	DT	2.4086021505376345	0.0662682700965757
24h	DT	2.4301075268817205	0.06696755269234972
24h	DT	2.4516129032258065	0.06761921928090757
24h	DT	2.4731182795698925	0.06821429771302918
24h	DT	2.4946236559139785	0.06875190228173983
24h	DT	2.5161290322580645	0.06923335838144377
24h	DT	2.537634408602151	0.0696517312645487
24h	DT	2.559139784946237	0.07000911625219104
24h	DT	2.580645161290323	0.07030878004570791
24h	DT	2.602150537634409	0.07054799450148497
24h	DT	2.623655913978495	0.07073111523538882
24h	DT	2.645161290322581	0.07086373968020554
24h	DT	2.666666666666667	0.07094538705432485
24h	DT	2.688172043010753	0.07097770287365039
24h	DT	2.709677419354839	0.07097776836898345
24h	DT	2.731182795698925	0.07094091183081354
24h	DT	2.752688172043011	0.07087372657716876
24h	DT	2.774193548387097	0.07078379783438205
24h	DT	2.795698924731183	0.0706718284172949
24h	DT	2.817204301075269	0.0705465854627717
24h	DT	2.838709677419355	0.07040890681711207
24h	DT	2.860215053763441	0.07026421354370542
24h	DT	2.881720430107527	0.07011847105460693
24h	DT	2.903225806451613	0.0699676441880395
24h	DT	2.924731182795699	0.06982649872603995
24h	DT	2.946236559139785	0.06968969843048128
24h	DT	2.967741935483871	0.06956033409760985
24h	DT	2.9892473118279574	0.06944226423576098
24h	DT	3.0107526881720434	0.06933347680579527
24h	DT	3.0322580645161294	0.06923826461254338
24h	DT	3.0537634408602155	0.0691541695988734
24h	DT	3.0752688172043015	0.06908501654846673
24h	DT	3.0967741935483875	0.06902306960405497
24h	DT	3.1182795698924735	0.06898091561340569
24h	DT	3.1397849462365595	0.06894957328307327
24h	DT	3.1612903225806455	0.06892965762740978
24h	DT	3.1827956989247315	0.06892117834388688
24h	DT	3.2043010752688175	0.06892048543935475
24h	DT	3.2258064516129035	0.06892876976812971
24h	DT	3.2473118279569895	0.06894253631455698
24h	DT	3.2688172043010755	0.06895799563571277
24h	DT	3.2903225806451615	0.06897900757586584
24h	DT	3.3118279569892475	0.06900082277803922
24h	DT	3.3333333333333335	0.0690227574854201
24h	DT	3.3548387096774195	0.06904038630559266
24h	DT	3.3763440860215055	0.06905478875413226
24h	DT	3.3978494623655915	0.06906197382605608
24h	DT	3.4193548387096775	0.06906324311611872
24h	DT	3.440860215053764	0.06905170273959206
24h	DT	3.46236559139785	0.06903781166743467
24h	DT	3.483870967741936	0.0690155660713095
24h	DT	3.505376344086022	0.0689835506625142
24h	DT	3.526881720430108	0.06894475001223353
24h	DT	3.548387096774194	0.06889859547302139
24h	DT	3.56989247311828	0.06884040682230809
24h	DT	3.591397849462366	0.06878408559427243
24h	DT	3.612903225806452	0.06872375843021006
24h	DT	3.634408602150538	0.06865952359702097
24h	DT	3.655913978494624	0.06859482957067642
24h	DT	3.67741935483871	0.06853052304383934
24h	DT	3.698924731182796	0.06846331980112111
24h	DT	3.720430107526882	0.06840436127108478
24h	DT	3.741935483870968	0.06834915793588382
24h	DT	3.763440860215054	0.06829730610733319
24h	DT	3.78494623655914	0.06825091821290676
24h	DT	3.806451612903226	0.06820955812082075
24h	DT	3.827956989247312	0.06817227238239185
24h	DT	3.849462365591398	0.06814378334131602
24h	DT	3.870967741935484	0.06811979268130408
24h	DT	3.89247311827957	0.06810128868846964
24h	DT	3.9139784946236564	0.06808714701985474
24h	DT	3.9354838709677424	0.06807400677713815
24h	DT	3.9569892473118284	0.06806777219807693
24h	DT	3.9784946236559144	0.06806309062946538
24h	DT	4.0	0.06806067638635771
24h	DT	4.021505376344086	0.06805612045856471
24h	DT	4.043010752688172	0.06805528233881943
24h	DT	4.064516129032258	0.06805329246493814
24h	DT	4.086021505376344	0.0680494465806919
24h	DT	4.10752688172043	0.06804302779388674
24h	DT	4.129032258064516	0.06803051938428267
24h	DT	4.150537634408603	0.06801651142837509
24h	DT	4.172043010752689	0.06799640346800274
24h	DT	4.193548387096775	0.06796918955467351
24h	DT	4.215053763440861	0.06793078216913855
24h	DT	4.236559139784947	0.06788615290434388
24h	DT	4.258064516129033	0.06783035140885349
24h	DT	4.279569892473119	0.06776147428228897
24h	DT	4.301075268817205	0.0676769212866669
24h	DT	4.322580645161291	0.06757967200353249
24h	DT	4.344086021505377	0.06746535592747
24h	DT	4.365591397849463	0.06733094620330099
24h	DT	4.387096774193549	0.06718034990776023
24h	DT	4.408602150537635	0.06701044783391086
24h	DT	4.430107526881721	0.06681978840161075
24h	DT	4.451612903225807	0.06660649259208644
24h	DT	4.473118279569893	0.06637607109637012
24h	DT	4.494623655913979	0.06612602681244738
24h	DT	4.516129032258065	0.06585507729587231
24h	DT	4.537634408602151	0.06556920949045997
24h	DT	4.559139784946237	0.06526694288961882
24h	DT	4.580645161290323	0.06494811857190896
24h	DT	4.602150537634409	0.0646196311565332
24h	DT	4.623655913978495	0.0642805060681451
24h	DT	4.645161290322581	0.06393122566195923
24h	DT	4.666666666666667	0.06357951194337685
24h	DT	4.688172043010753	0.06322392360529087
24h	DT	4.709677419354839	0.06286620617958567
24h	DT	4.731182795698925	0.06251105622719588
24h	DT	4.752688172043011	0.06215987610044956
24h	DT	4.774193548387097	0.06181119268273337
24h	DT	4.795698924731183	0.061471840539525396
24h	DT	4.817204301075269	0.06113838893587044
24h	DT	4.838709677419355	0.06081632004522253
24h	DT	4.860215053763441	0.060503760459393124
24h	DT	4.881720430107527	0.06020024172139657
24h	DT	4.903225806451613	0.05990911715818181
24h	DT	4.924731182795699	0.05962805564674886
24h	DT	4.946236559139785	0.05935900400154712
24h	DT	4.967741935483871	0.05910052483149834
24h	DT	4.989247311827957	0.05885107583547301
24h	DT	5.010752688172043	0.05861423351820345
24h	DT	5.032258064516129	0.058385704866574774
24h	DT	5.053763440860216	0.05816824026561686
24h	DT	5.075268817204302	0.057958315383431616
24h	DT	5.096774193548388	0.057759180754106146
24h	DT	5.118279569892474	0.05756739962949001
24h	DT	5.13978494623656	0.05738568736659681
24h	DT	5.161290322580646	0.057212019513120105
24h	DT	5.182795698924732	0.05704553113447579
24h	DT	5.204301075268818	0.05688856118667954
24h	DT	5.225806451612904	0.056738525880284496
24h	DT	5.24731182795699	0.05659742760448905
24h	DT	5.268817204301076	0.05646462108021512
24h	DT	5.290322580645162	0.05634007500041412
24h	DT	5.311827956989248	0.05622512466363351
24h	DT	5.333333333333334	0.056118114242308725
24h	DT	5.35483870967742	0.05602087475396767
24h	DT	5.376344086021506	0.05593178187680648
24h	DT	5.397849462365592	0.05585366116344261
24h	DT	5.419354838709678	0.055784267084537854
24h	DT	5.440860215053764	0.055725868593421095
24h	DT	5.46236559139785	0.05567752611682023
24h	DT	5.483870967741936	0.05564045562411635
24h	DT	5.505376344086022	0.055615401549482614
24h	DT	5.526881720430108	0.055601285554032855
24h	DT	5.548387096774194	0.05559931079284563
24h	DT	5.56989247311828	0.05561129838524107
24h	DT	5.591397849462366	0.055634565169382186
24h	DT	5.612903225806452	0.05567082675724132
24h	DT	5.634408602150538	0.055721148296178684
24h	DT	5.655913978494624	0.05578270736677493
24h	DT	5.67741935483871	0.0558565423623156
24h	DT	5.698924731182796	0.05594276637624672
24h	DT	5.720430107526882	0.05603897602545724
24h	DT	5.741935483870968	0.05614495813619791
24h	DT	5.763440860215054	0.05626070796309906
24h	DT	5.78494623655914	0.05638299315983148
24h	DT	5.806451612903226	0.05651057381520001
24h	DT	5.827956989247312	0.05664285837847659
24h	DT	5.849462365591398	0.05677786484481574
24h	DT	5.870967741935484	0.056914240831168125
24h	DT	5.89247311827957	0.057049322648044735
24h	DT	5.913978494623656	0.057182008523313885
24h	DT	5.935483870967742	0.05731150517615389
24h	DT	5.956989247311828	0.05743635118294135
24h	DT	5.978494623655915	0.05755536083909469
24h	DT	6.000000000000001	0.05766685916488717
24h	DT	6.021505376344087	0.0577714095436184
24h	DT	6.043010752688173	0.05786855876636947
24h	DT	6.064516129032259	0.05795749620689077
24h	DT	6.086021505376345	0.058038697634073426
24h	DT	6.107526881720431	0.05811213787331694
24h	DT	6.129032258064517	0.058177803043158303
24h	DT	6.150537634408603	0.05823668460517542
24h	DT	6.172043010752689	0.05828882855871015
24h	DT	6.193548387096775	0.05833485419800798
24h	DT	6.215053763440861	0.05837533028399232
24h	DT	6.236559139784947	0.05841026070431842
24h	DT	6.258064516129033	0.058440552413318025
24h	DT	6.279569892473119	0.05846669214544997
24h	DT	6.301075268817205	0.05848827505120625
24h	DT	6.322580645161291	0.05850668174654014
24h	DT	6.344086021505377	0.05852209993540313
24h	DT	6.365591397849463	0.05853482792675205
24h	DT	6.387096774193549	0.05854591575331459
24h	DT	6.408602150537635	0.05855545419013479
24h	DT	6.430107526881721	0.058565405224860284
24h	DT	6.451612903225807	0.05857611376956363
24h	DT	6.473118279569893	0.05858834875356321
24h	DT	6.494623655913979	0.0586039368919755
24h	DT	6.516129032258065	0.05862438469285204
24h	DT	6.537634408602151	0.05865188721867811
24h	DT	6.559139784946237	0.05868747076768624
24h	DT	6.580645161290323	0.05873278505985715
24h	DT	6.602150537634409	0.05878933885009335
24h	DT	6.623655913978495	0.05885897680051433
24h	DT	6.645161290322581	0.05894336558149309
24h	DT	6.666666666666667	0.05904233035754657
24h	DT	6.688172043010753	0.059157939223489886
24h	DT	6.709677419354839	0.05929027083032176
24h	DT	6.731182795698925	0.05944003329937482
24h	DT	6.752688172043011	0.059605873881661636
24h	DT	6.774193548387097	0.05978898626462958
24h	DT	6.795698924731183	0.059987265275055074
24h	DT	6.817204301075269	0.0602002008236153
24h	DT	6.838709677419355	0.06042616284525182
24h	DT	6.860215053763441	0.060663884903314064
24h	DT	6.881720430107528	0.06091087993325936
24h	DT	6.903225806451614	0.06116688521120639
24h	DT	6.9247311827957	0.0614283603614849
24h	DT	6.946236559139786	0.0616949050374418
24h	DT	6.967741935483872	0.0619646975684337
24h	DT	6.989247311827958	0.062235715066382404
24h	DT	7.010752688172044	0.06250723935058734
24h	DT	7.03225806451613	0.06277904830654737
24h	DT	7.053763440860216	0.06305005328799541
24h	DT	7.075268817204302	0.06331979674724243
24h	DT	7.096774193548388	0.06358900360695292
24h	DT	7.118279569892474	0.06385762233381173
24h	DT	7.13978494623656	0.0641267996638766
24h	DT	7.161290322580646	0.06439687262780577
24h	DT	7.182795698924732	0.06466996485662363
24h	DT	7.204301075268818	0.06494680012191895
24h	DT	7.225806451612904	0.06522917399568681
24h	DT	7.24731182795699	0.065518768880626
24h	DT	7.268817204301076	0.06581726498357568
24h	DT	7.290322580645162	0.06612611593217232
24h	DT	7.311827956989248	0.06644737772065866
24h	DT	7.333333333333334	0.06678177126466087
24h	DT	7.35483870967742	0.06713151114324373
24h	DT	7.376344086021506	0.0674978451764086
24h	DT	7.397849462365592	0.06788202326863804
24h	DT	7.419354838709678	0.06828518780258026
24h	DT	7.440860215053764	0.06870818173252492
24h	DT	7.46236559139785	0.06915216471193857
24h	DT	7.483870967741936	0.06961749023773725
24h	DT	7.505376344086022	0.07010601003595038
24h	DT	7.526881720430108	0.07061748020985814
24h	DT	7.548387096774194	0.07115439623728141
24h	DT	7.56989247311828	0.07171696021012722
24h	DT	7.591397849462366	0.07230655014658127
24h	DT	7.612903225806452	0.0729247043673937
24h	DT	7.634408602150538	0.07357237538427229
24h	DT	7.655913978494624	0.07425142834046711
24h	DT	7.67741935483871	0.07496300609249652
24h	DT	7.698924731182796	0.07570909698192645
24h	DT	7.720430107526882	0.07649116593906441
24h	DT	7.741935483870968	0.07731091083297337
24h	DT	7.763440860215054	0.07816951917083417
24h	DT	7.78494623655914	0.07906899578088374
24h	DT	7.806451612903227	0.08000950090142867
24h	DT	7.827956989247313	0.08099169250558211
24h	DT	7.849462365591399	0.08201720562585603
24h	DT	7.870967741935485	0.08308473058010653
24h	DT	7.892473118279571	0.08419469158038381
24h	DT	7.913978494623657	0.08534565827384853
24h	DT	7.935483870967743	0.0865366647219118
24h	DT	7.956989247311829	0.08776509917967822
24h	DT	7.978494623655915	0.08902922697889919
24h	DT	8.0	0.09032550392017076
24h	DT	8.021505376344086	0.09165076383194289
24h	DT	8.043010752688172	0.09300067713601873
24h	DT	8.064516129032258	0.09437220310054728
24h	DT	8.086021505376344	0.09575932619213952
24h	DT	8.10752688172043	0.0971581599069203
24h	DT	8.129032258064516	0.09856356021214777
24h	DT	8.150537634408602	0.09996988080091088
24h	DT	8.172043010752688	0.10137264226989423
24h	DT	8.193548387096774	0.10276580486727771
24h	DT	8.21505376344086	0.1041455685851315
24h	DT	8.236559139784946	0.10550785158732236
24h	DT	8.258064516129032	0.10684744486820888
24h	DT	8.27956989247312	0.10816136902271711
24h	DT	8.301075268817206	0.109446359838498
24h	DT	8.322580645161292	0.11070027610827696
24h	DT	8.344086021505378	0.11192052351127059
24h	DT	8.365591397849464	0.11310719412007432
24h	DT	8.38709677419355	0.11425860942145565
24h	DT	8.408602150537636	0.11537585790362602
24h	DT	8.430107526881722	0.11645873099935321
24h	DT	8.451612903225808	0.11750990070857165
24h	DT	8.473118279569894	0.11853016281836055
24h	DT	8.49462365591398	0.1195214262667635
24h	DT	8.516129032258066	0.12048701496577673
24h	DT	8.537634408602152	0.12142914747107332
24h	DT	8.559139784946238	0.1223502462559148
24h	DT	8.580645161290324	0.12325374511873512
24h	DT	8.60215053763441	0.12414132561270923
24h	DT	8.623655913978496	0.12501650538944198
24h	DT	8.645161290322582	0.1258805887876308
24h	DT	8.666666666666668	0.12673607368223444
24h	DT	8.688172043010754	0.12758469187763172
24h	DT	8.70967741935484	0.12842762750559478
24h	DT	8.731182795698926	0.12926648554541775
24h	DT	8.752688172043012	0.1301027883396875
24h	DT	8.774193548387098	0.13093662883998927
24h	DT	8.795698924731184	0.13176938885198633
24h	DT	8.81720430107527	0.13260190676273928
24h	DT	8.838709677419356	0.13343467678597304
24h	DT	8.860215053763442	0.1342682931308032
24h	DT	8.881720430107528	0.1351041536186879
24h	DT	8.903225806451614	0.1359414683301942
24h	DT	8.9247311827957	0.1367817639673196
24h	DT	8.946236559139786	0.13762525935464454
24h	DT	8.967741935483872	0.13847185246894628
24h	DT	8.989247311827958	0.13932242065186806
24h	DT	9.010752688172044	0.1401763538170997
24h	DT	9.03225806451613	0.14103240515334806
24h	DT	9.053763440860216	0.1418905732529799
24h	DT	9.075268817204302	0.14275007395428388
24h	DT	9.096774193548388	0.14360782602430192
24h	DT	9.118279569892474	0.14446344179464551
24h	DT	9.13978494623656	0.145314105839794
24h	DT	9.161290322580646	0.146157345033422
24h	DT	9.182795698924732	0.14698939726145055
24h	DT	9.204301075268818	0.14780925656860797
24h	DT	9.225806451612904	0.1486126099886695
24h	DT	9.24731182795699	0.1493966646584862
24h	DT	9.268817204301076	0.15015849021455044
24h	DT	9.290322580645162	0.1508965575272057
24h	DT	9.311827956989248	0.1516082709196212
24h	DT	9.333333333333334	0.15229300497918025
24h	DT	9.35483870967742	0.1529492278609595
24h	DT	9.376344086021506	0.15357543543329738
24h	DT	9.397849462365592	0.15417268500527603
24h	DT	9.419354838709678	0.15474179015540798
24h	DT	9.440860215053764	0.15528376173563707
24h	DT	9.46236559139785	0.1557999041734632
24h	DT	9.483870967741936	0.15629239289357622
24h	DT	9.505376344086022	0.15676315999197757
24h	DT	9.526881720430108	0.15721454315261973
24h	DT	9.548387096774194	0.15764831423678613
24h	DT	9.56989247311828	0.15806665342247048
24h	DT	9.591397849462366	0.1584717404674643
24h	DT	9.612903225806452	0.15886478053863365
24h	DT	9.634408602150538	0.15924795271999062
24h	DT	9.655913978494624	0.15962120261737792
24h	DT	9.67741935483871	0.15998452182389353
24h	DT	9.698924731182796	0.1603382781688039
24h	DT	9.720430107526882	0.16068151891369786
24h	DT	9.741935483870968	0.16101282126152786
24h	DT	9.763440860215054	0.16133079331547195
24h	DT	9.78494623655914	0.16163307988236805
24h	DT	9.806451612903226	0.16191814947955246
24h	DT	9.827956989247312	0.1621827892542022
24h	DT	9.849462365591398	0.16242367267791105
24h	DT	9.870967741935484	0.16263914162901882
24h	DT	9.89247311827957	0.16282534145052646
24h	DT	9.913978494623656	0.16298073876368552
24h	DT	9.935483870967742	0.16310141137646395
24h	DT	9.956989247311828	0.1631853501152721
24h	DT	9.978494623655914	0.16323017223515524
24h	DT	10.0	0.16323435087018942
24h	DT	10.021505376344086	0.1631954209570229
24h	DT	10.043010752688172	0.16311301184889307
24h	DT	10.064516129032258	0.16298498118169816
24h	DT	10.086021505376344	0.1628116178602656
24h	DT	10.107526881720432	0.1625921790799586
24h	DT	10.129032258064518	0.1623268511101606
24h	DT	10.150537634408604	0.16201605509440506
24h	DT	10.17204301075269	0.16166094637400222
24h	DT	10.193548387096776	0.16126259555770123
24h	DT	10.215053763440862	0.160822439046728
24h	DT	10.236559139784948	0.16034272212606065
24h	DT	10.258064516129034	0.15982531255393756
24h	DT	10.27956989247312	0.15927308222928369
24h	DT	10.301075268817206	0.158688637672631
24h	DT	10.322580645161292	0.15807491796999046
24h	DT	10.344086021505378	0.15743561857470986
24h	DT	10.365591397849464	0.15677279535771355
24h	DT	10.38709677419355	0.15609044108245249
24h	DT	10.408602150537636	0.15539078737938544
24h	DT	10.430107526881722	0.1546780700443473
24h	DT	10.451612903225808	0.15395397806095945
24h	DT	10.473118279569894	0.15322207042909597
24h	DT	10.49462365591398	0.15248389414813882
24h	DT	10.516129032258066	0.15174021905853077
24h	DT	10.537634408602152	0.15099363583268358
24h	DT	10.559139784946238	0.1502443759393127
24h	DT	10.580645161290324	0.14949231790399906
24h	DT	10.60215053763441	0.14873718660785948
24h	DT	10.623655913978496	0.14797681512284117
24h	DT	10.645161290322582	0.14721034076082448
24h	DT	10.666666666666668	0.14643524880605352
24h	DT	10.688172043010754	0.1456476539187858
24h	DT	10.70967741935484	0.1448450007909472
24h	DT	10.731182795698926	0.14402284691297748
24h	DT	10.752688172043012	0.14317698532602377
24h	DT	10.774193548387098	0.14230342555206069
24h	DT	10.795698924731184	0.14139742702136374
24h	DT	10.81720430107527	0.14045414287333371
24h	DT	10.838709677419356	0.13946885722341612
24h	DT	10.860215053763442	0.1384384999031572
24h	DT	10.881720430107528	0.13735789463076145
24h	DT	10.903225806451614	0.1362244025917386
24h	DT	10.9247311827957	0.13503517063590267
24h	DT	10.946236559139786	0.13378706817227007
24h	DT	10.967741935483872	0.13247882004705316
24h	DT	10.989247311827958	0.1311082163396612
24h	DT	11.010752688172044	0.12967495597246392
24h	DT	11.03225806451613	0.12818050026336508
24h	DT	11.053763440860216	0.1266245976256609
24h	DT	11.075268817204302	0.12500834913700698
24h	DT	11.096774193548388	0.12333437667131761
24h	DT	11.118279569892474	0.121604818111405
24h	DT	11.13978494623656	0.11982249212112063
24h	DT	11.161290322580646	0.11799258254458188
24h	DT	11.182795698924732	0.11611884983909063
24h	DT	11.204301075268818	0.11420498786757648
24h	DT	11.225806451612904	0.1122570774174864
24h	DT	11.24731182795699	0.11028091568409279
24h	DT	11.268817204301076	0.10828170815521627
24h	DT	11.290322580645162	0.1062653728003352
24h	DT	11.311827956989248	0.1042384994406242
24h	DT	11.333333333333334	0.10220647890840284
24h	DT	11.35483870967742	0.10017675887282328
24h	DT	11.376344086021506	0.09815559038647324
24h	DT	11.397849462365592	0.09614822815306384
24h	DT	11.419354838709678	0.09416096559660318
24h	DT	11.440860215053764	0.09219910989458278
24h	DT	11.46236559139785	0.09026843919034867
24h	DT	11.483870967741936	0.08837258543284196
24h	DT	11.505376344086022	0.08651636132649423
24h	DT	11.526881720430108	0.08470310543914054
24h	DT	11.548387096774194	0.08293532856084058
24h	DT	11.56989247311828	0.08121535062303224
24h	DT	11.591397849462366	0.07954466645419937
24h	DT	11.612903225806452	0.07792372424876168
24h	DT	11.634408602150538	0.07635186394998407
24h	DT	11.655913978494624	0.07482909421726926
24h	DT	11.67741935483871	0.0733542477695762
24h	DT	11.698924731182796	0.07192459143357847
24h	DT	11.720430107526882	0.07053818816048221
24h	DT	11.741935483870968	0.06919253125801864
24h	DT	11.763440860215054	0.0678842287701103
24h	DT	11.78494623655914	0.06660995320959145
24h	DT	11.806451612903226	0.06536631830461906
24h	DT	11.827956989247312	0.06415010451780927
24h	DT	11.849462365591398	0.06295804238223274
24h	DT	11.870967741935484	0.06178694531071461
24h	DT	11.89247311827957	0.06063429431535698
24h	DT	11.913978494623656	0.059497101649456666
24h	DT	11.935483870967744	0.05837378188874574
24h	DT	11.95698924731183	0.057262863317280234
24h	DT	11.978494623655916	0.056162896162256254
24h	DT	12.000000000000002	0.055072570008965344
24h	DT	12.021505376344088	0.053992518602075275
24h	DT	12.043010752688174	0.05292231545793018
24h	DT	12.06451612903226	0.05186296049158978
24h	DT	12.086021505376346	0.050814754397268895
24h	DT	12.107526881720432	0.04977907910546322
24h	DT	12.129032258064518	0.04875711638859789
24h	DT	12.150537634408604	0.047750031762590704
24h	DT	12.17204301075269	0.04675900328495367
24h	DT	12.193548387096776	0.04578569052578789
24h	DT	12.215053763440862	0.04483039545990932
24h	DT	12.236559139784948	0.043893784447973094
24h	DT	12.258064516129034	0.042977653236217474
24h	DT	12.27956989247312	0.04208161604443807
24h	DT	12.301075268817206	0.04120584259996501
24h	DT	12.322580645161292	0.04034987688243405
24h	DT	12.344086021505378	0.03951333632920495
24h	DT	12.365591397849464	0.03869564829299316
24h	DT	12.38709677419355	0.03789574844797981
24h	DT	12.408602150537636	0.03711289066593906
24h	DT	12.430107526881722	0.03634543144427072
24h	DT	12.451612903225808	0.03559206082276788
24h	DT	12.473118279569894	0.03485190067909705
24h	DT	12.49462365591398	0.03412384364754639
24h	DT	12.516129032258066	0.03340713706862354
24h	DT	12.537634408602152	0.03270026837080245
24h	DT	12.559139784946238	0.032002935880113444
24h	DT	12.580645161290324	0.03131439659579846
24h	DT	12.60215053763441	0.030634698603922133
24h	DT	12.623655913978496	0.029963664538441556
24h	DT	12.645161290322582	0.02930139817427539
24h	DT	12.666666666666668	0.028647796051641077
24h	DT	12.688172043010754	0.028003946977920517
24h	DT	12.70967741935484	0.027369335592054664
24h	DT	12.731182795698926	0.026744990753745902
24h	DT	12.752688172043012	0.026131309204429957
24h	DT	12.774193548387098	0.0255289644765027
24h	DT	12.795698924731184	0.02493829086869867
24h	DT	12.81720430107527	0.024359995547675893
24h	DT	12.838709677419356	0.023794680030891382
24h	DT	12.860215053763442	0.023241946159941542
24h	DT	12.881720430107528	0.022702729003872
24h	DT	12.903225806451614	0.022176661097391106
24h	DT	12.9247311827957	0.021663711598152852
24h	DT	12.946236559139786	0.02116437337830683
24h	DT	12.967741935483872	0.020678021449896354
24h	DT	12.989247311827958	0.020204974938523433
24h	DT	13.010752688172044	0.019744707782109412
24h	DT	13.03225806451613	0.01929663178457201
24h	DT	13.053763440860216	0.018860756294031458
24h	DT	13.075268817204302	0.018436789321379432
24h	DT	13.096774193548388	0.018024685157691307
24h	DT	13.118279569892474	0.017623908056971324
24h	DT	13.13978494623656	0.017234575566395603
24h	DT	13.161290322580646	0.016855744642438667
24h	DT	13.182795698924732	0.01648780705259924
24h	DT	13.204301075268818	0.016130329231875448
24h	DT	13.225806451612904	0.015783449603120978
24h	DT	13.24731182795699	0.01544644350619613
24h	DT	13.268817204301076	0.01511967593348246
24h	DT	13.290322580645162	0.01480281002514493
24h	DT	13.311827956989248	0.014495360501623502
24h	DT	13.333333333333334	0.014197383891182965
24h	DT	13.35483870967742	0.013908334409696016
24h	DT	13.376344086021506	0.013627804855005237
24h	DT	13.397849462365592	0.013355473708990633
24h	DT	13.419354838709678	0.013090724164409413
24h	DT	13.440860215053764	0.012833542291888335
24h	DT	13.46236559139785	0.012583002320559403
24h	DT	13.483870967741936	0.012338810833926739
24h	DT	13.505376344086022	0.012100141365326897
24h	DT	13.526881720430108	0.011866828571141052
24h	DT	13.548387096774194	0.011638272074461093
24h	DT	13.56989247311828	0.011413982186961274
24h	DT	13.591397849462366	0.011193559946531826
24h	DT	13.612903225806452	0.010976692051422154
24h	DT	13.634408602150538	0.010763404190908136
24h	DT	13.655913978494624	0.010553462295254782
24h	DT	13.67741935483871	0.010346378185769823
24h	DT	13.698924731182796	0.010142380831854753
24h	DT	13.720430107526882	0.00994144165699187
24h	DT	13.741935483870968	0.009743543424775321
24h	DT	13.763440860215056	0.00954882644375723
24h	DT	13.784946236559142	0.009357352101994868
24h	DT	13.806451612903228	0.009169232808358435
24h	DT	13.827956989247314	0.008984430392426067
24h	DT	13.8494623655914	0.008802905012044318
24h	DT	13.870967741935486	0.00862488796066399
24h	DT	13.892473118279572	0.008450015311283712
24h	DT	13.913978494623658	0.00827840264950903
24h	DT	13.935483870967744	0.008110048319841748
24h	DT	13.95698924731183	0.007944593897981076
24h	DT	13.978494623655916	0.007781613485000032
24h	DT	14.000000000000002	0.007621110181383806
24h	DT	14.021505376344088	0.007462467126607927
24h	DT	14.043010752688174	0.007305517373818776
24h	DT	14.06451612903226	0.007149829076482646
24h	DT	14.086021505376346	0.006995306660427428
24h	DT	14.107526881720432	0.006841204432773576
24h	DT	14.129032258064518	0.006687762486009501
24h	DT	14.150537634408604	0.006534448224385403
24h	DT	14.17204301075269	0.006380878018655488
24h	DT	14.193548387096776	0.006227091715790206
24h	DT	14.215053763440862	0.006073054449261027
24h	DT	14.236559139784948	0.005918889483855805
24h	DT	14.258064516129034	0.005764361805864793
24h	DT	14.27956989247312	0.005609679632482079
24h	DT	14.301075268817206	0.005455176647592967
24h	DT	14.322580645161292	0.005301089642924539
24h	DT	14.344086021505378	0.005147990039008563
24h	DT	14.365591397849464	0.0049959427550230655
24h	DT	14.38709677419355	0.004845788583505064
24h	DT	14.408602150537636	0.004698042287924589
24h	DT	14.430107526881722	0.004553036316772546
24h	DT	14.451612903225808	0.004411586124515126
24h	DT	14.473118279569894	0.004274289346764903
24h	DT	14.49462365591398	0.004141855861266172
24h	DT	14.516129032258066	0.004014706019804256
24h	DT	14.537634408602152	0.003893561774686542
24h	DT	14.559139784946238	0.0037789918368268988
24h	DT	14.580645161290324	0.0036712980744328153
24h	DT	14.60215053763441	0.003570975795959772
24h	DT	14.623655913978496	0.003478512810292348
24h	DT	14.645161290322582	0.0033937204881956274
24h	DT	14.666666666666668	0.0033169215437584064
24h	DT	14.688172043010754	0.003247991537920651
24h	DT	14.70967741935484	0.003186639702308889
24h	DT	14.731182795698926	0.003132728025886474
24h	DT	14.752688172043012	0.003085585931901851
24h	DT	14.774193548387098	0.003044931685409851
24h	DT	14.795698924731184	0.0030100056519872047
24h	DT	14.81720430107527	0.0029800222364339437
24h	DT	14.838709677419356	0.0029539999399341857
24h	DT	14.860215053763442	0.0029311955280078737
24h	DT	14.881720430107528	0.0029105612491914876
24h	DT	14.903225806451614	0.002891198771529574
24h	DT	14.9247311827957	0.002872042658863297
24h	DT	14.946236559139786	0.0028520012031245014
24h	DT	14.967741935483872	0.00283042662425165
24h	DT	14.989247311827958	0.0028063187462330514
24h	DT	15.010752688172044	0.0027788565609830917
24h	DT	15.03225806451613	0.0027473631059213785
24h	DT	15.053763440860216	0.0027115159608901867
24h	DT	15.075268817204302	0.002670718713108026
24h	DT	15.096774193548388	0.0026247204578540117
24h	DT	15.118279569892474	0.002573274350728136
24h	DT	15.13978494623656	0.002516515697091752
24h	DT	15.161290322580646	0.0024546025274694086
24h	DT	15.182795698924732	0.0023877159657689
24h	DT	15.204301075268818	0.0023163145142082136
24h	DT	15.225806451612904	0.0022408403470958863
24h	DT	15.24731182795699	0.0021619563771174575
24h	DT	15.268817204301076	0.002080326525132259
24h	DT	15.290322580645162	0.0019965178929899183
24h	DT	15.311827956989248	0.0019113749170207616
24h	DT	15.333333333333334	0.0018257645168462016
24h	DT	15.35483870967742	0.0017403191042234384
24h	DT	15.376344086021506	0.0016557762297944245
24h	DT	15.397849462365592	0.001572792602554984
24h	DT	15.419354838709678	0.0014919030440923753
24h	DT	15.440860215053764	0.0014136735922616358
24h	DT	15.46236559139785	0.0013385248732403405
24h	DT	15.483870967741936	0.0012668488236360401
24h	DT	15.505376344086022	0.0011989631089019146
24h	DT	15.526881720430108	0.0011348738954535407
24h	DT	15.548387096774194	0.0010748897223210937
24h	DT	15.56989247311828	0.001018943425136207
24h	DT	15.591397849462366	0.0009669469518825459
24h	DT	15.612903225806454	0.0009187981105523354
24h	DT	15.63440860215054	0.0008742837630921093
24h	DT	15.655913978494626	0.0008333257339132917
24h	DT	15.677419354838712	0.0007956166823036075
24h	DT	15.698924731182798	0.0007609868323640265
24h	DT	15.720430107526884	0.0007291616127979079
24h	DT	15.74193548387097	0.0006998872972982369
24h	DT	15.763440860215056	0.0006729981182118237
24h	DT	15.784946236559142	0.0006483428250473809
24h	DT	15.806451612903228	0.0006257765819116542
24h	DT	15.827956989247314	0.0006051266488387712
24h	DT	15.8494623655914	0.0005863732294567186
24h	DT	15.870967741935486	0.0005693267548745045
24h	DT	15.892473118279572	0.000554139051657046
24h	DT	15.913978494623658	0.0005407300291083373
24h	DT	15.935483870967744	0.0005290812528407146
24h	DT	15.95698924731183	0.0005191895891821647
24h	DT	15.978494623655916	0.000511239526503388
24h	DT	16.0	0.0005051005251269822
24h	DT	16.021505376344088	0.0005007855931323535
24h	DT	16.043010752688172	0.0004982802608231804
24h	DT	16.06451612903226	0.0004975134553480059
24h	DT	16.086021505376344	0.0004984721036883368
24h	DT	16.107526881720432	0.0005011005248607304
24h	DT	16.129032258064516	0.0005051488126697252
24h	DT	16.150537634408604	0.0005106583899105428
24h	DT	16.172043010752688	0.0005175293654268143
24h	DT	16.193548387096776	0.0005255091493486446
24h	DT	16.21505376344086	0.0005343940247510955
24h	DT	16.236559139784948	0.000544120945284487
24h	DT	16.258064516129032	0.0005544698086737906
24h	DT	16.27956989247312	0.000565408922122728
24h	DT	16.301075268817204	0.0005766631419695385
24h	DT	16.322580645161292	0.0005881232154939538
24h	DT	16.344086021505376	0.0005996361643428299
24h	DT	16.365591397849464	0.0006111164409101449
24h	DT	16.387096774193548	0.0006224754755313207
24h	DT	16.408602150537636	0.0006335449939348986
24h	DT	16.43010752688172	0.0006442815040264212
24h	DT	16.451612903225808	0.000654546962178595
24h	DT	16.473118279569892	0.0006642386694907545
24h	DT	16.49462365591398	0.0006732514494833519
24h	DT	16.516129032258064	0.0006814511592252989
24h	DT	16.537634408602152	0.0006888228792740034
24h	DT	16.55913978494624	0.0006951596637778104
24h	DT	16.580645161290324	0.0007003511012553766
24h	DT	16.60215053763441	0.0007043495780779797
24h	DT	16.623655913978496	0.0007070188262826608
24h	DT	16.645161290322584	0.0007082693039864105
24h	DT	16.666666666666668	0.0007080254188536506
24h	DT	16.688172043010756	0.0007062031647279074
24h	DT	16.70967741935484	0.0007028245559193141
24h	DT	16.731182795698928	0.0006978392298146505
24h	DT	16.752688172043012	0.0006912576085321234
24h	DT	16.7741935483871	0.000683114871804608
24h	DT	16.795698924731184	0.0006734704731877276
24h	DT	16.81720430107527	0.0006623548282951334
24h	DT	16.838709677419356	0.0006499896931925892
24h	DT	16.860215053763444	0.0006364235690492294
24h	DT	16.881720430107528	0.0006217655191686724
24h	DT	16.903225806451616	0.000606219528467908
24h	DT	16.9247311827957	0.0005898997416837027
24h	DT	16.946236559139788	0.0005729582101302189
24h	DT	16.967741935483872	0.000555544682016477
24h	DT	16.98924731182796	0.0005378033456861566
24h	DT	17.010752688172044	0.0005198700630986213
24h	DT	17.03225806451613	0.0005019067213850853
24h	DT	17.053763440860216	0.00048396795821735103
24h	DT	17.075268817204304	0.000466180890089888
24h	DT	17.096774193548388	0.00044863324042649646
24h	DT	17.118279569892476	0.0004313992111267608
24h	DT	17.13978494623656	0.00041453981303425153
24h	DT	17.161290322580648	0.00039810349784668344
24h	DT	17.182795698924732	0.0003821270173356757
24h	DT	17.20430107526882	0.00036663644544236587
24h	DT	17.225806451612904	0.0003516483115466928
24h	DT	17.24731182795699	0.00033718145253081684
24h	DT	17.268817204301076	0.000323212081473495
24h	DT	17.290322580645164	0.00030978650267373135
24h	DT	17.311827956989248	0.0002968620548255549
24h	DT	17.333333333333336	0.0002844036745490469
24h	DT	17.35483870967742	0.0002724601881517348
24h	DT	17.376344086021508	0.0002609956698042058
24h	DT	17.397849462365592	0.00025000227562894885
24h	DT	17.41935483870968	0.00023946510885687196
24h	DT	17.440860215053764	0.00022938383452481017
24h	DT	17.46236559139785	0.0002197631873787061
24h	DT	17.483870967741936	0.00021061387210392015
24h	DT	17.505376344086024	0.00020195315453533914
24h	DT	17.526881720430108	0.00019380509406323677
24h	DT	17.548387096774196	0.000186200378560358
24h	DT	17.56989247311828	0.00017917573911792076
24h	DT	17.591397849462368	0.00017277294169112825
24h	DT	17.612903225806452	0.00016701145389125109
24h	DT	17.63440860215054	0.0001619980378781619
24h	DT	17.655913978494624	0.0001577180041727063
24h	DT	17.67741935483871	0.0001542500558889355
24h	DT	17.698924731182796	0.00015163205608291204
24h	DT	17.720430107526884	0.0001499209495564715
24h	DT	17.741935483870968	0.00014910488945960875
24h	DT	17.763440860215056	0.00014919635576280193
24h	DT	17.78494623655914	0.0001501939186252663
24h	DT	17.806451612903228	0.0001520550092037786
24h	DT	17.827956989247312	0.00015480640684970836
24h	DT	17.8494623655914	0.0001583371582351609
24h	DT	17.870967741935484	0.0001626417173655051
24h	DT	17.89247311827957	0.00016760325262884672
24h	DT	17.913978494623656	0.00017312642311979792
24h	DT	17.935483870967744	0.00017910237514680812
24h	DT	17.956989247311828	0.0001854106728763113
24h	DT	17.978494623655916	0.00019192153695051956
24h	DT	18.0	0.00019849832640618406
24h	DT	18.021505376344088	0.00020497427624072045
24h	DT	18.043010752688172	0.00021126663362553916
24h	DT	18.06451612903226	0.00021719872162373949
24h	DT	18.086021505376344	0.00022260850885371424
24h	DT	18.107526881720432	0.0002274261938641047
24h	DT	18.129032258064516	0.00023149610898428257
24h	DT	18.150537634408604	0.0002347108869699008
24h	DT	18.172043010752688	0.00023697719873426944
24h	DT	18.193548387096776	0.0002382177807489554
24h	DT	18.21505376344086	0.00023837314044816162
24h	DT	18.236559139784948	0.00023740289590183474
24h	DT	18.258064516129032	0.00023528670847200345
24h	DT	18.27956989247312	0.00023199885070496843
24h	DT	18.301075268817204	0.00022761958887049837
24h	DT	18.322580645161292	0.00022215395312817873
24h	DT	18.344086021505376	0.00021566244881781905
24h	DT	18.365591397849464	0.0002082230753251192
24h	DT	18.38709677419355	0.00019992944666875228
24h	DT	18.408602150537636	0.00019088849595840895
24h	DT	18.430107526881724	0.00018121783087809165
24h	DT	18.451612903225808	0.00017104282353015278
24h	DT	18.473118279569896	0.0001604935309703972
24h	DT	18.49462365591398	0.0001497015514781092
24h	DT	18.516129032258068	0.00013879692523473917
24h	DT	18.537634408602152	0.00012787926508970774
24h	DT	18.55913978494624	0.00011712642540906892
24h	DT	18.580645161290324	0.00010661138753265721
24h	DT	18.60215053763441	9.643199048736935e-05
24h	DT	18.623655913978496	8.667291233489429e-05
24h	DT	18.645161290322584	7.74046952674808e-05
24h	DT	18.666666666666668	6.868325435607402e-05
24h	DT	18.688172043010756	6.054985505300294e-05
24h	DT	18.70967741935484	5.303152493515121e-05
24h	DT	18.731182795698928	4.614184870579728e-05
24h	DT	18.752688172043012	3.9882082912660145e-05
24h	DT	18.7741935483871	3.424251861912079e-05
24h	DT	18.795698924731184	2.9204016487582577e-05
24h	DT	18.81720430107527	2.4739639193444164e-05
24h	DT	18.838709677419356	2.0816310318656034e-05
24h	DT	18.860215053763444	1.7396436209811704e-05
24h	DT	18.881720430107528	1.44394369342963e-05
24h	DT	18.903225806451616	1.1903143582197953e-05
24h	DT	18.9247311827957	9.745030908775607e-06
24h	DT	18.946236559139788	7.923265932005106e-06
24h	DT	18.967741935483872	6.434130862190994e-06
24h	DT	18.98924731182796	5.181057652002675e-06
24h	DT	19.010752688172044	4.155929118005224e-06
24h	DT	19.03225806451613	3.3021833187277904e-06
24h	DT	19.053763440860216	2.6523586424877367e-06
24h	DT	19.075268817204304	2.147485316600921e-06
24h	DT	19.096774193548388	1.7688261193415793e-06
24h	DT	19.118279569892476	1.5013435779573894e-06
24h	DT	19.13978494623656	1.3336781632703485e-06
24h	DT	19.161290322580648	1.2580877588485976e-06
24h	DT	19.182795698924732	1.2703612493107214e-06
24h	DT	19.20430107526882	1.3697142526192946e-06
24h	DT	19.225806451612904	1.558670027201456e-06
24h	DT	19.24731182795699	1.8170025882312722e-06
24h	DT	19.268817204301076	2.2129442891248802e-06
24h	DT	19.290322580645164	2.7222393157665538e-06
24h	DT	19.311827956989248	3.3595885392849173e-06
24h	DT	19.333333333333336	4.1418261277530296e-06
24h	DT	19.35483870967742	5.087577523486901e-06
24h	DT	19.376344086021508	6.190897556201987e-06
24h	DT	19.397849462365592	7.532086619650726e-06
24h	DT	19.41935483870968	9.096270054003245e-06
24h	DT	19.440860215053764	1.0904298620098819e-05
24h	DT	19.46236559139785	1.297533199370521e-05
24h	DT	19.483870967741936	1.5325885355391075e-05
24h	DT	19.505376344086024	1.7968797634280936e-05
24h	DT	19.526881720430108	2.091215620279634e-05
24h	DT	19.548387096774196	2.415822168088408e-05
24h	DT	19.56989247311828	2.7702404184669586e-05
24h	DT	19.591397849462368	3.1532348089215074e-05
24h	DT	19.612903225806452	3.562718543540724e-05
24h	DT	19.63440860215054	3.995701785588157e-05
24h	DT	19.655913978494624	4.448268284480512e-05
24h	DT	19.67741935483871	4.915585209885988e-05
24h	DT	19.698924731182796	5.3919497540322605e-05
24h	DT	19.720430107526884	5.870874484195229e-05
24h	DT	19.741935483870968	6.345211547759923e-05
24h	DT	19.763440860215056	6.807313749918409e-05
24h	DT	19.78494623655914	7.249228362480379e-05
24h	DT	19.806451612903228	7.66291742285893e-05
24h	DT	19.827956989247312	8.040496394237935e-05
24h	DT	19.8494623655914	8.374481526335162e-05
24h	DT	19.870967741935484	8.65803520968311e-05
24h	DT	19.89247311827957	8.885198155325149e-05
24h	DT	19.913978494623656	9.051097418358127e-05
24h	DT	19.935483870967744	9.152120134522299e-05
24h	DT	19.956989247311828	9.186044321896296e-05
24h	DT	19.978494623655916	9.152120134522299e-05
24h	DT	20.0	9.051097418358127e-05
24h	DT	20.021505376344088	8.885198155325149e-05
24h	DT	20.043010752688172	8.65803520968311e-05
24h	DT	20.06451612903226	8.374481526335162e-05
24h	DT	20.086021505376344	8.040496394237935e-05
24h	DT	20.107526881720432	7.66291742285893e-05
24h	DT	20.129032258064516	7.249228362480379e-05
24h	DT	20.150537634408604	6.807313749918409e-05
24h	DT	20.172043010752688	6.345211547759923e-05
24h	DT	20.193548387096776	5.870874484195229e-05
24h	DT	20.215053763440864	5.3919497540322605e-05
24h	DT	20.236559139784948	4.915585209885988e-05
24h	DT	20.258064516129036	4.448268284480512e-05
24h	DT	20.27956989247312	3.995701785588157e-05
24h	DT	20.301075268817208	3.562718543540724e-05
24h	DT	20.322580645161292	3.1532348089215074e-05
24h	DT	20.34408602150538	2.7702404184669586e-05
24h	DT	20.365591397849464	2.415822168088408e-05
24h	DT	20.38709677419355	2.091215620279634e-05
24h	DT	20.408602150537636	1.7968797634280936e-05
24h	DT	20.430107526881724	1.5325885355391075e-05
24h	DT	20.451612903225808	1.297533199370521e-05
24h	DT	20.473118279569896	1.0904298620098819e-05
24h	DT	20.49462365591398	9.096270054003245e-06
24h	DT	20.516129032258068	7.532086619650726e-06
24h	DT	20.537634408602152	6.190897556201987e-06
24h	DT	20.55913978494624	5.051010609902103e-06
24h	DT	20.580645161290324	4.090621487736846e-06
24h	DT	20.60215053763441	3.2884153084725607e-06
24h	DT	20.623655913978496	2.6240395628404294e-06
24h	DT	20.645161290322584	2.078454144352897e-06
24h	DT	20.666666666666668	1.6341686228769938e-06
24h	DT	20.688172043010756	1.2753801078917377e-06
24h	DT	20.70967741935484	9.880268842334622e-07
24h	DT	20.731182795698928	7.597736651355087e-07
24h	DT	20.752688172043012	5.799440029612366e-07
24h	DT	20.7741935483871	4.3941435336285653e-07
24h	DT	20.795698924731184	3.3048272836964907e-07
24h	DT	20.81720430107527	2.4672300572492073e-07
24h	DT	20.838709677419356	1.8283396535427821e-07
24h	DT	20.860215053763444	1.344901447719832e-07
24h	DT	20.881720430107528	9.819975292612431e-08
24h	DT	20.903225806451616	7.117323081235633e-08
24h	DT	20.9247311827957	5.1204640016183304e-08
24h	DT	20.946236559139788	3.6566913584797444e-08
24h	DT	20.967741935483872	0.0
24h	DT	20.98924731182796	0.0
24h	DT	21.010752688172044	0.0
24h	DT	21.03225806451613	0.0
24h	DT	21.053763440860216	0.0
24h	DT	21.075268817204304	0.0
24h	DT	21.096774193548388	0.0
24h	DT	21.118279569892476	0.0
24h	DT	21.13978494623656	0.0
24h	DT	21.161290322580648	0.0
24h	DT	21.182795698924732	0.0
24h	DT	21.20430107526882	0.0
24h	DT	21.225806451612904	0.0
24h	DT	21.24731182795699	0.0
24h	DT	21.268817204301076	0.0
24h	DT	21.290322580645164	0.0
24h	DT	21.311827956989248	0.0
24h	DT	21.333333333333336	0.0
24h	DT	21.35483870967742	0.0
24h	DT	21.376344086021508	0.0
24h	DT	21.397849462365592	0.0
24h	DT	21.41935483870968	0.0
24h	DT	21.440860215053764	0.0
24h	DT	21.46236559139785	0.0
24h	DT	21.483870967741936	0.0
24h	DT	21.505376344086024	0.0
24h	DT	21.526881720430108	0.0
24h	DT	21.548387096774196	0.0
24h	DT	21.56989247311828	0.0
24h	DT	21.591397849462368	0.0
24h	DT	21.612903225806452	0.0
24h	DT	21.63440860215054	0.0
24h	DT	21.655913978494624	0.0
24h	DT	21.67741935483871	0.0
24h	DT	21.698924731182796	0.0
24h	DT	21.720430107526884	0.0
24h	DT	21.741935483870968	0.0
24h	DT	21.763440860215056	0.0
24h	DT	21.78494623655914	0.0
24h	DT	21.806451612903228	0.0
24h	DT	21.827956989247312	0.0
24h	DT	21.8494623655914	0.0
24h	DT	21.870967741935484	0.0
24h	DT	21.89247311827957	0.0
24h	DT	21.913978494623656	0.0
24h	DT	21.935483870967744	0.0
24h	DT	21.956989247311828	0.0
24h	DT	21.978494623655916	0.0
24h	DT	22.0	0.0
24h	D_L_CPT	0.0	0.008533451629042694
24h	D_L_CPT	0.021505376344086023	0.008755664047897077
24h	D_L_CPT	0.043010752688172046	0.008957446727892539
24h	D_L_CPT	0.06451612903225806	0.00914188421926528
24h	D_L_CPT	0.08602150537634409	0.009312788012740478
24h	D_L_CPT	0.10752688172043012	0.009474401638349146
24h	D_L_CPT	0.12903225806451613	0.009631767050107575
24h	D_L_CPT	0.15053763440860216	0.009790321968680063
24h	D_L_CPT	0.17204301075268819	0.009953406393506255
24h	D_L_CPT	0.19354838709677422	0.010124854381574228
24h	D_L_CPT	0.21505376344086025	0.010307856401717138
24h	D_L_CPT	0.23655913978494625	0.010505838341115422
24h	D_L_CPT	0.25806451612903225	0.010720908059255211
24h	D_L_CPT	0.2795698924731183	0.010954313370297194
24h	D_L_CPT	0.3010752688172043	0.011206501102023727
24h	D_L_CPT	0.32258064516129037	0.011477066028321591
24h	D_L_CPT	0.34408602150537637	0.01176488640471785
24h	D_L_CPT	0.3655913978494624	0.012068314724651696
24h	D_L_CPT	0.38709677419354843	0.012386554151006701
24h	D_L_CPT	0.40860215053763443	0.012716973738893326
24h	D_L_CPT	0.4301075268817205	0.013056346262182366
24h	D_L_CPT	0.4516129032258065	0.013401901380421867
24h	D_L_CPT	0.4731182795698925	0.0137520311996494
24h	D_L_CPT	0.49462365591397855	0.014105146226544504
24h	D_L_CPT	0.5161290322580645	0.014459955578967176
24h	D_L_CPT	0.5376344086021506	0.014815609745605128
24h	D_L_CPT	0.5591397849462366	0.015171736120113674
24h	D_L_CPT	0.5806451612903226	0.015528632552829219
24h	D_L_CPT	0.6021505376344086	0.015887371451844788
24h	D_L_CPT	0.6236559139784946	0.016250488064593997
24h	D_L_CPT	0.6451612903225807	0.016615572653551652
24h	D_L_CPT	0.6666666666666667	0.01698490298030922
24h	D_L_CPT	0.6881720430107527	0.01736018638322579
24h	D_L_CPT	0.7096774193548387	0.017742866042344138
24h	D_L_CPT	0.7311827956989247	0.018134093586698923
24h	D_L_CPT	0.7526881720430109	0.018535033889400056
24h	D_L_CPT	0.7741935483870969	0.01894690016482533
24h	D_L_CPT	0.7956989247311829	0.01937206127799733
24h	D_L_CPT	0.8172043010752689	0.019807396479785296
24h	D_L_CPT	0.8387096774193549	0.020254276507226655
24h	D_L_CPT	0.860215053763441	0.02071219217761656
24h	D_L_CPT	0.881720430107527	0.021181286993535355
24h	D_L_CPT	0.903225806451613	0.02166116452007115
24h	D_L_CPT	0.924731182795699	0.022151824221461544
24h	D_L_CPT	0.946236559139785	0.022652801685733772
24h	D_L_CPT	0.967741935483871	0.023164859167342667
24h	D_L_CPT	0.9892473118279571	0.02368546622732336
24h	D_L_CPT	1.010752688172043	0.024211956371630143
24h	D_L_CPT	1.032258064516129	0.02474951184991714
24h	D_L_CPT	1.0537634408602152	0.025295340755074263
24h	D_L_CPT	1.0752688172043012	0.02584984049229377
24h	D_L_CPT	1.0967741935483872	0.026414644128888564
24h	D_L_CPT	1.1182795698924732	0.02698966020828154
24h	D_L_CPT	1.1397849462365592	0.027573652809361103
24h	D_L_CPT	1.1612903225806452	0.028167736141470917
24h	D_L_CPT	1.1827956989247312	0.02877330751482956
24h	D_L_CPT	1.2043010752688172	0.029391394625207647
24h	D_L_CPT	1.2258064516129032	0.030024042726311498
24h	D_L_CPT	1.2473118279569892	0.030673380870604755
24h	D_L_CPT	1.2688172043010755	0.031336983717094424
24h	D_L_CPT	1.2903225806451615	0.03201720037187196
24h	D_L_CPT	1.3118279569892475	0.032715437920440765
24h	D_L_CPT	1.3333333333333335	0.033432969929461785
24h	D_L_CPT	1.3548387096774195	0.03417264299706953
24h	D_L_CPT	1.3763440860215055	0.03493272723266058
24h	D_L_CPT	1.3978494623655915	0.03571300534569914
24h	D_L_CPT	1.4193548387096775	0.036514454956608676
24h	D_L_CPT	1.4408602150537635	0.03733743455820859
24h	D_L_CPT	1.4623655913978495	0.03818287082436346
24h	D_L_CPT	1.4838709677419355	0.039047843535216044
24h	D_L_CPT	1.5053763440860217	0.03993299257333812
24h	D_L_CPT	1.5268817204301077	0.0408346064780625
24h	D_L_CPT	1.5483870967741937	0.041754749706116076
24h	D_L_CPT	1.5698924731182797	0.042691247992133585
24h	D_L_CPT	1.5913978494623657	0.043639445187570305
24h	D_L_CPT	1.6129032258064517	0.044597757037972446
24h	D_L_CPT	1.6344086021505377	0.04556394869603236
24h	D_L_CPT	1.6559139784946237	0.04653632244115221
24h	D_L_CPT	1.6774193548387097	0.047512553521152
24h	D_L_CPT	1.6989247311827957	0.048488094192108325
24h	D_L_CPT	1.720430107526882	0.049460574292949
24h	D_L_CPT	1.741935483870968	0.05042875281734778
24h	D_L_CPT	1.763440860215054	0.05139008107771735
24h	D_L_CPT	1.78494623655914	0.05234070837918091
24h	D_L_CPT	1.806451612903226	0.053277661174254164
24h	D_L_CPT	1.827956989247312	0.05419999381278931
24h	D_L_CPT	1.849462365591398	0.05510546440999472
24h	D_L_CPT	1.870967741935484	0.05599122588782478
24h	D_L_CPT	1.89247311827957	0.05685585344792229
24h	D_L_CPT	1.913978494623656	0.05769948396896795
24h	D_L_CPT	1.935483870967742	0.05851986674269775
24h	D_L_CPT	1.9569892473118282	0.059313583425275096
24h	D_L_CPT	1.9784946236559142	0.06008051315668189
24h	D_L_CPT	2.0	0.060820662308654905
24h	D_L_CPT	2.021505376344086	0.0615324290568213
24h	D_L_CPT	2.043010752688172	0.06221383404633569
24h	D_L_CPT	2.064516129032258	0.06286587379805168
24h	D_L_CPT	2.0860215053763445	0.06348808654383307
24h	D_L_CPT	2.1075268817204305	0.0640789061402725
24h	D_L_CPT	2.1290322580645165	0.06463841453348544
24h	D_L_CPT	2.1505376344086025	0.06516703582318667
24h	D_L_CPT	2.1720430107526885	0.06566439560976103
24h	D_L_CPT	2.1935483870967745	0.0661315250578054
24h	D_L_CPT	2.2150537634408605	0.06656984954130829
24h	D_L_CPT	2.2365591397849465	0.06697667196554992
24h	D_L_CPT	2.2580645161290325	0.06735350048444431
24h	D_L_CPT	2.2795698924731185	0.06770191620409648
24h	D_L_CPT	2.3010752688172045	0.06802066488909457
24h	D_L_CPT	2.3225806451612905	0.06831209218501047
24h	D_L_CPT	2.3440860215053765	0.06857719287107303
24h	D_L_CPT	2.3655913978494625	0.06881526218521286
24h	D_L_CPT	2.3870967741935485	0.06902754991414987
24h	D_L_CPT	2.4086021505376345	0.06921533686440114
24h	D_L_CPT	2.4301075268817205	0.06938013682507121
24h	D_L_CPT	2.4516129032258065	0.0695241832299024
24h	D_L_CPT	2.4731182795698925	0.0696462755109972
24h	D_L_CPT	2.4946236559139785	0.0697485891219051
24h	D_L_CPT	2.5161290322580645	0.06983079316673095
24h	D_L_CPT	2.537634408602151	0.06989403096471482
24h	D_L_CPT	2.559139784946237	0.06993992491440375
24h	D_L_CPT	2.580645161290323	0.0699676802056613
24h	D_L_CPT	2.602150537634409	0.06997889607041287
24h	D_L_CPT	2.623655913978495	0.06997204063757453
24h	D_L_CPT	2.645161290322581	0.06995268410155203
24h	D_L_CPT	2.666666666666667	0.0699180370674962
24h	D_L_CPT	2.688172043010753	0.06986858714630931
24h	D_L_CPT	2.709677419354839	0.06980511082523193
24h	D_L_CPT	2.731182795698925	0.0697277242701183
24h	D_L_CPT	2.752688172043011	0.06963741196967697
24h	D_L_CPT	2.774193548387097	0.06953387110163015
24h	D_L_CPT	2.795698924731183	0.06941839098240787
24h	D_L_CPT	2.817204301075269	0.06929392541967747
24h	D_L_CPT	2.838709677419355	0.0691606516351524
24h	D_L_CPT	2.860215053763441	0.06902010405506939
24h	D_L_CPT	2.881720430107527	0.06887312709098357
24h	D_L_CPT	2.903225806451613	0.06872126638325264
24h	D_L_CPT	2.924731182795699	0.06856639470598881
24h	D_L_CPT	2.946236559139785	0.06841063876998436
24h	D_L_CPT	2.967741935483871	0.06825476340581058
24h	D_L_CPT	2.9892473118279574	0.0681037398739731
24h	D_L_CPT	3.0107526881720434	0.0679582297419342
24h	D_L_CPT	3.0322580645161294	0.06782004259735813
24h	D_L_CPT	3.0537634408602155	0.0676893965270331
24h	D_L_CPT	3.0752688172043015	0.06756791102430171
24h	D_L_CPT	3.0967741935483875	0.0674560040408724
24h	D_L_CPT	3.1182795698924735	0.0673548389864748
24h	D_L_CPT	3.1397849462365595	0.06726726514531783
24h	D_L_CPT	3.1612903225806455	0.06719150758242481
24h	D_L_CPT	3.1827956989247315	0.06712683858089692
24h	D_L_CPT	3.2043010752688175	0.06707281709750475
24h	D_L_CPT	3.2258064516129035	0.06702731480319277
24h	D_L_CPT	3.2473118279569895	0.06698942814344873
24h	D_L_CPT	3.2688172043010755	0.06696185874153279
24h	D_L_CPT	3.2903225806451615	0.0669410352630119
24h	D_L_CPT	3.3118279569892475	0.06692536243438811
24h	D_L_CPT	3.3333333333333335	0.0669135869002972
24h	D_L_CPT	3.3548387096774195	0.0669039472978779
24h	D_L_CPT	3.3763440860215055	0.0668982819696665
24h	D_L_CPT	3.3978494623655915	0.0668961134672275
24h	D_L_CPT	3.4193548387096775	0.0668965089705632
24h	D_L_CPT	3.440860215053764	0.06689938771418225
24h	D_L_CPT	3.46236559139785	0.06690384700986375
24h	D_L_CPT	3.483870967741936	0.06691172381155729
24h	D_L_CPT	3.505376344086022	0.06692470615162956
24h	D_L_CPT	3.526881720430108	0.06694288473899769
24h	D_L_CPT	3.548387096774194	0.06696589287780089
24h	D_L_CPT	3.56989247311828	0.06699310656081203
24h	D_L_CPT	3.591397849462366	0.06702793461109251
24h	D_L_CPT	3.612903225806452	0.06706933799561307
24h	D_L_CPT	3.634408602150538	0.06711668909313032
24h	D_L_CPT	3.655913978494624	0.06716877214342772
24h	D_L_CPT	3.67741935483871	0.06722505663251165
24h	D_L_CPT	3.698924731182796	0.06728595118534862
24h	D_L_CPT	3.720430107526882	0.06734913697885858
24h	D_L_CPT	3.741935483870968	0.0674115090280446
24h	D_L_CPT	3.763440860215054	0.0674717478461545
24h	D_L_CPT	3.78494623655914	0.0675292808074615
24h	D_L_CPT	3.806451612903226	0.06758197487432915
24h	D_L_CPT	3.827956989247312	0.06762634819160018
24h	D_L_CPT	3.849462365591398	0.06766093752541202
24h	D_L_CPT	3.870967741935484	0.06768540041345308
24h	D_L_CPT	3.89247311827957	0.06769867332449706
24h	D_L_CPT	3.9139784946236564	0.06769880802679043
24h	D_L_CPT	3.9354838709677424	0.06768536753953026
24h	D_L_CPT	3.9569892473118284	0.06766014925010513
24h	D_L_CPT	3.9784946236559144	0.06762212736979557
24h	D_L_CPT	4.0	0.06757168100639899
24h	D_L_CPT	4.021505376344086	0.06751043593951482
24h	D_L_CPT	4.043010752688172	0.06744035631354003
24h	D_L_CPT	4.064516129032258	0.06736107440605964
24h	D_L_CPT	4.086021505376344	0.06727393985171938
24h	D_L_CPT	4.10752688172043	0.06718128757314647
24h	D_L_CPT	4.129032258064516	0.06708359599476083
24h	D_L_CPT	4.150537634408603	0.06698034796307065
24h	D_L_CPT	4.172043010752689	0.06687393416434502
24h	D_L_CPT	4.193548387096775	0.06676303963512463
24h	D_L_CPT	4.215053763440861	0.06664640631372011
24h	D_L_CPT	4.236559139784947	0.06652582214237505
24h	D_L_CPT	4.258064516129033	0.0663986013999856
24h	D_L_CPT	4.279569892473119	0.06626307962110106
24h	D_L_CPT	4.301075268817205	0.06611918654203772
24h	D_L_CPT	4.322580645161291	0.06596368852659998
24h	D_L_CPT	4.344086021505377	0.06579500783112845
24h	D_L_CPT	4.365591397849463	0.06561346365347341
24h	D_L_CPT	4.387096774193549	0.0654157098900423
24h	D_L_CPT	4.408602150537635	0.06520142756354247
24h	D_L_CPT	4.430107526881721	0.06497026966890716
24h	D_L_CPT	4.451612903225807	0.06472079173821386
24h	D_L_CPT	4.473118279569893	0.06445492936176109
24h	D_L_CPT	4.494623655913979	0.0641717337518881
24h	D_L_CPT	4.516129032258065	0.06387433376145783
24h	D_L_CPT	4.537634408602151	0.06356367514765092
24h	D_L_CPT	4.559139784946237	0.06324240988094106
24h	D_L_CPT	4.580645161290323	0.06291471373070776
24h	D_L_CPT	4.602150537634409	0.06258221921763084
24h	D_L_CPT	4.623655913978495	0.06224989393089505
24h	D_L_CPT	4.645161290322581	0.061920424494890894
24h	D_L_CPT	4.666666666666667	0.061599126399941175
24h	D_L_CPT	4.688172043010753	0.061289076741388324
24h	D_L_CPT	4.709677419354839	0.060993287876090284
24h	D_L_CPT	4.731182795698925	0.060715934464304615
24h	D_L_CPT	4.752688172043011	0.060459331595693847
24h	D_L_CPT	4.774193548387097	0.0602262584275323
24h	D_L_CPT	4.795698924731183	0.060017292110659766
24h	D_L_CPT	4.817204301075269	0.05983499883648857
24h	D_L_CPT	4.838709677419355	0.059678534321633094
24h	D_L_CPT	4.860215053763441	0.059547436885949045
24h	D_L_CPT	4.881720430107527	0.05944108211235109
24h	D_L_CPT	4.903225806451613	0.059357795867957926
24h	D_L_CPT	4.924731182795699	0.059294534988801245
24h	D_L_CPT	4.946236559139785	0.05924898809496951
24h	D_L_CPT	4.967741935483871	0.059218210016916246
24h	D_L_CPT	4.989247311827957	0.059197132203922226
24h	D_L_CPT	5.010752688172043	0.05918345451286058
24h	D_L_CPT	5.032258064516129	0.05917154172378563
24h	D_L_CPT	5.053763440860216	0.05915870173885814
24h	D_L_CPT	5.075268817204302	0.05914027667401168
24h	D_L_CPT	5.096774193548388	0.05911209640179677
24h	D_L_CPT	5.118279569892474	0.05907123324265245
24h	D_L_CPT	5.13978494623656	0.059013647869119466
24h	D_L_CPT	5.161290322580646	0.05893692007856222
24h	D_L_CPT	5.182795698924732	0.05883886721843191
24h	D_L_CPT	5.204301075268818	0.0587173736717395
24h	D_L_CPT	5.225806451612904	0.05857175709443732
24h	D_L_CPT	5.24731182795699	0.058401471916349125
24h	D_L_CPT	5.268817204301076	0.05820549129254771
24h	D_L_CPT	5.290322580645162	0.05798568101919921
24h	D_L_CPT	5.311827956989248	0.057743562762008906
24h	D_L_CPT	5.333333333333334	0.05748055933228221
24h	D_L_CPT	5.35483870967742	0.057199723885411016
24h	D_L_CPT	5.376344086021506	0.056904320475211254
24h	D_L_CPT	5.397849462365592	0.0565986592406315
24h	D_L_CPT	5.419354838709678	0.05628592405003099
24h	D_L_CPT	5.440860215053764	0.05597119237475545
24h	D_L_CPT	5.46236559139785	0.05565976302001848
24h	D_L_CPT	5.483870967741936	0.055356102766923876
24h	D_L_CPT	5.505376344086022	0.05506529425313031
24h	D_L_CPT	5.526881720430108	0.054791616508025436
24h	D_L_CPT	5.548387096774194	0.054539871040081504
24h	D_L_CPT	5.56989247311828	0.05431425418764468
24h	D_L_CPT	5.591397849462366	0.05411745549292343
24h	D_L_CPT	5.612903225806452	0.05395212458067393
24h	D_L_CPT	5.634408602150538	0.05382037366414611
24h	D_L_CPT	5.655913978494624	0.05372286515066559
24h	D_L_CPT	5.67741935483871	0.0536597905173258
24h	D_L_CPT	5.698924731182796	0.053630070117327504
24h	D_L_CPT	5.720430107526882	0.05363237792098781
24h	D_L_CPT	5.741935483870968	0.05366378037416546
24h	D_L_CPT	5.763440860215054	0.053721054551493404
24h	D_L_CPT	5.78494623655914	0.053799762947598626
24h	D_L_CPT	5.806451612903226	0.05389564858784996
24h	D_L_CPT	5.827956989247312	0.0540037608794079
24h	D_L_CPT	5.849462365591398	0.054118594405740614
24h	D_L_CPT	5.870967741935484	0.054235122996219715
24h	D_L_CPT	5.89247311827957	0.05434839182684554
24h	D_L_CPT	5.913978494623656	0.054453060771295234
24h	D_L_CPT	5.935483870967742	0.05454523506452016
24h	D_L_CPT	5.956989247311828	0.05462177847419604
24h	D_L_CPT	5.978494623655915	0.054678728797593175
24h	D_L_CPT	6.000000000000001	0.05471378025205506
24h	D_L_CPT	6.021505376344087	0.05472505853843844
24h	D_L_CPT	6.043010752688173	0.05471252301305881
24h	D_L_CPT	6.064516129032259	0.054675966301956536
24h	D_L_CPT	6.086021505376345	0.05461651280735864
24h	D_L_CPT	6.107526881720431	0.05453520953082743
24h	D_L_CPT	6.129032258064517	0.05443452556833639
24h	D_L_CPT	6.150537634408603	0.0543176943204037
24h	D_L_CPT	6.172043010752689	0.05418763736383997
24h	D_L_CPT	6.193548387096775	0.054048479207984175
24h	D_L_CPT	6.215053763440861	0.05390421322631227
24h	D_L_CPT	6.236559139784947	0.0537579632682038
24h	D_L_CPT	6.258064516129033	0.053614157562042866
24h	D_L_CPT	6.279569892473119	0.05347652501438741
24h	D_L_CPT	6.301075268817205	0.05334870252617171
24h	D_L_CPT	6.322580645161291	0.05323375874306886
24h	D_L_CPT	6.344086021505377	0.05313499441089711
24h	D_L_CPT	6.365591397849463	0.05305383442311817
24h	D_L_CPT	6.387096774193549	0.052993196948587125
24h	D_L_CPT	6.408602150537635	0.05295430491698357
24h	D_L_CPT	6.430107526881721	0.0529376952845032
24h	D_L_CPT	6.451612903225807	0.05294471402308287
24h	D_L_CPT	6.473118279569893	0.052974734707539786
24h	D_L_CPT	6.494623655913979	0.05302804789098073
24h	D_L_CPT	6.516129032258065	0.05310373566732148
24h	D_L_CPT	6.537634408602151	0.05320184451801508
24h	D_L_CPT	6.559139784946237	0.053320421350237554
24h	D_L_CPT	6.580645161290323	0.05345945409225749
24h	D_L_CPT	6.602150537634409	0.053617768620791345
24h	D_L_CPT	6.623655913978495	0.05379404995134398
24h	D_L_CPT	6.645161290322581	0.05398750431771772
24h	D_L_CPT	6.666666666666667	0.054197112752776624
24h	D_L_CPT	6.688172043010753	0.05442194343624944
24h	D_L_CPT	6.709677419354839	0.054661657845879175
24h	D_L_CPT	6.731182795698925	0.05491520676615489
24h	D_L_CPT	6.752688172043011	0.05518228340012987
24h	D_L_CPT	6.774193548387097	0.05546275063404695
24h	D_L_CPT	6.795698924731183	0.05575554159750816
24h	D_L_CPT	6.817204301075269	0.05606065562531943
24h	D_L_CPT	6.838709677419355	0.056377224985066754
24h	D_L_CPT	6.860215053763441	0.056705510799507475
24h	D_L_CPT	6.881720430107528	0.05704461599363606
24h	D_L_CPT	6.903225806451614	0.05739386586124576
24h	D_L_CPT	6.9247311827957	0.05775324677646854
24h	D_L_CPT	6.946236559139786	0.058121315690806426
24h	D_L_CPT	6.967741935483872	0.058497531488492294
24h	D_L_CPT	6.989247311827958	0.058882133420638146
24h	D_L_CPT	7.010752688172044	0.05927292045436287
24h	D_L_CPT	7.03225806451613	0.05966958391872467
24h	D_L_CPT	7.053763440860216	0.06007131366084706
24h	D_L_CPT	7.075268817204302	0.06047708730266832
24h	D_L_CPT	7.096774193548388	0.060885951339387664
24h	D_L_CPT	7.118279569892474	0.061297058713042876
24h	D_L_CPT	7.13978494623656	0.061708688660434316
24h	D_L_CPT	7.161290322580646	0.062120629991174056
24h	D_L_CPT	7.182795698924732	0.06253149599572873
24h	D_L_CPT	7.204301075268818	0.06294054790969805
24h	D_L_CPT	7.225806451612904	0.0633472490690826
24h	D_L_CPT	7.24731182795699	0.06375052067895551
24h	D_L_CPT	7.268817204301076	0.06415063636655254
24h	D_L_CPT	7.290322580645162	0.0645468352598001
24h	D_L_CPT	7.311827956989248	0.06493922957878177
24h	D_L_CPT	7.333333333333334	0.06532819317728955
24h	D_L_CPT	7.35483870967742	0.065714301183909
24h	D_L_CPT	7.376344086021506	0.06609895303820161
24h	D_L_CPT	7.397849462365592	0.0664826665058741
24h	D_L_CPT	7.419354838709678	0.06686783862388249
24h	D_L_CPT	7.440860215053764	0.06725592698722128
24h	D_L_CPT	7.46236559139785	0.0676497969121261
24h	D_L_CPT	7.483870967741936	0.06805200750309853
24h	D_L_CPT	7.505376344086022	0.06846550892114091
24h	D_L_CPT	7.526881720430108	0.06889362279425451
24h	D_L_CPT	7.548387096774194	0.0693392977644498
24h	D_L_CPT	7.56989247311828	0.06980666500292769
24h	D_L_CPT	7.591397849462366	0.07029979379165208
24h	D_L_CPT	7.612903225806452	0.07082146291386032
24h	D_L_CPT	7.634408602150538	0.07137535199660099
24h	D_L_CPT	7.655913978494624	0.07196472382623188
24h	D_L_CPT	7.67741935483871	0.07259262440485496
24h	D_L_CPT	7.698924731182796	0.07326207617904229
24h	D_L_CPT	7.720430107526882	0.07397367887268907
24h	D_L_CPT	7.741935483870968	0.0747292770543447
24h	D_L_CPT	7.763440860215054	0.07552993193677034
24h	D_L_CPT	7.78494623655914	0.07637628302447878
24h	D_L_CPT	7.806451612903227	0.07726758754230516
24h	D_L_CPT	7.827956989247313	0.07820195119459875
24h	D_L_CPT	7.849462365591399	0.07917777554774269
24h	D_L_CPT	7.870967741935485	0.08019181976655987
24h	D_L_CPT	7.892473118279571	0.08124121315818629
24h	D_L_CPT	7.913978494623657	0.08232194000276342
24h	D_L_CPT	7.935483870967743	0.08342903814504839
24h	D_L_CPT	7.956989247311829	0.08455759635446512
24h	D_L_CPT	7.978494623655915	0.08570269614247918
24h	D_L_CPT	8.0	0.08685911697626994
24h	D_L_CPT	8.021505376344086	0.08802192581666005
24h	D_L_CPT	8.043010752688172	0.08918539521058327
24h	D_L_CPT	8.064516129032258	0.0903451915717127
24h	D_L_CPT	8.086021505376344	0.0914969419502095
24h	D_L_CPT	8.10752688172043	0.0926373029492855
24h	D_L_CPT	8.129032258064516	0.09376315475572025
24h	D_L_CPT	8.150537634408602	0.09487255863026549
24h	D_L_CPT	8.172043010752688	0.09596467611956377
24h	D_L_CPT	8.193548387096774	0.0970385817695154
24h	D_L_CPT	8.21505376344086	0.09809471798824129
24h	D_L_CPT	8.236559139784946	0.09913536282752307
24h	D_L_CPT	8.258064516129032	0.10016139697691526
24h	D_L_CPT	8.27956989247312	0.10117508732430826
24h	D_L_CPT	8.301075268817206	0.10217997233358557
24h	D_L_CPT	8.322580645161292	0.10317908602842302
24h	D_L_CPT	8.344086021505378	0.1041754825000868
24h	D_L_CPT	8.365591397849464	0.10517252110372084
24h	D_L_CPT	8.38709677419355	0.10617281210734422
24h	D_L_CPT	8.408602150537636	0.10717839376291065
24h	D_L_CPT	8.430107526881722	0.10819220507226457
24h	D_L_CPT	8.451612903225808	0.10921441941434872
24h	D_L_CPT	8.473118279569894	0.11024690602219438
24h	D_L_CPT	8.49462365591398	0.11128973888856389
24h	D_L_CPT	8.516129032258066	0.11234213222574287
24h	D_L_CPT	8.537634408602152	0.1134030568824414
24h	D_L_CPT	8.559139784946238	0.11447052575574379
24h	D_L_CPT	8.580645161290324	0.11554289564742919
24h	D_L_CPT	8.60215053763441	0.11661794217089677
24h	D_L_CPT	8.623655913978496	0.1176935718772009
24h	D_L_CPT	8.645161290322582	0.11876653713002339
24h	D_L_CPT	8.666666666666668	0.11983508404572282
24h	D_L_CPT	8.688172043010754	0.12089697708148697
24h	D_L_CPT	8.70967741935484	0.12194925832065343
24h	D_L_CPT	8.731182795698926	0.12299021164665859
24h	D_L_CPT	8.752688172043012	0.12401858373621039
24h	D_L_CPT	8.774193548387098	0.12503278987834696
24h	D_L_CPT	8.795698924731184	0.12603276143225572
24h	D_L_CPT	8.81720430107527	0.12701712399062742
24h	D_L_CPT	8.838709677419356	0.1279865984245796
24h	D_L_CPT	8.860215053763442	0.1289402490128039
24h	D_L_CPT	8.881720430107528	0.12987832194797236
24h	D_L_CPT	8.903225806451614	0.13080210616355148
24h	D_L_CPT	8.9247311827957	0.13171103486651803
24h	D_L_CPT	8.946236559139786	0.13260682752934255
24h	D_L_CPT	8.967741935483872	0.13349028662751378
24h	D_L_CPT	8.989247311827958	0.13436135824332937
24h	D_L_CPT	9.010752688172044	0.13522112721271962
24h	D_L_CPT	9.03225806451613	0.13607064068230026
24h	D_L_CPT	9.053763440860216	0.1369105014906912
24h	D_L_CPT	9.075268817204302	0.13774112215389356
24h	D_L_CPT	9.096774193548388	0.13856443736024385
24h	D_L_CPT	9.118279569892474	0.13937977146685893
24h	D_L_CPT	9.13978494623656	0.1401904044560059
24h	D_L_CPT	9.161290322580646	0.14099626041322671
24h	D_L_CPT	9.182795698924732	0.1417981394972054
24h	D_L_CPT	9.204301075268818	0.1425995466568072
24h	D_L_CPT	9.225806451612904	0.1433998689592932
24h	D_L_CPT	9.24731182795699	0.14420151924260838
24h	D_L_CPT	9.268817204301076	0.14500615749945964
24h	D_L_CPT	9.290322580645162	0.14581567482151686
24h	D_L_CPT	9.311827956989248	0.1466313179386
24h	D_L_CPT	9.333333333333334	0.14745605616434346
24h	D_L_CPT	9.35483870967742	0.14829010496978276
24h	D_L_CPT	9.376344086021506	0.14913620600205574
24h	D_L_CPT	9.397849462365592	0.14999528097177553
24h	D_L_CPT	9.419354838709678	0.15086835966250403
24h	D_L_CPT	9.440860215053764	0.1517564438026378
24h	D_L_CPT	9.46236559139785	0.15265963016500708
24h	D_L_CPT	9.483870967741936	0.15357837781930542
24h	D_L_CPT	9.505376344086022	0.15451128140744513
24h	D_L_CPT	9.526881720430108	0.15545800695370496
24h	D_L_CPT	9.548387096774194	0.15641635502415632
24h	D_L_CPT	9.56989247311828	0.1573837421490583
24h	D_L_CPT	9.591397849462366	0.15835753116447826
24h	D_L_CPT	9.612903225806452	0.15933434375901687
24h	D_L_CPT	9.634408602150538	0.16031029986570955
24h	D_L_CPT	9.655913978494624	0.16127996802308228
24h	D_L_CPT	9.67741935483871	0.1622388423441042
24h	D_L_CPT	9.698924731182796	0.16318063577385636
24h	D_L_CPT	9.720430107526882	0.1641010147802647
24h	D_L_CPT	9.741935483870968	0.1649938046667573
24h	D_L_CPT	9.763440860215054	0.16585256446410918
24h	D_L_CPT	9.78494623655914	0.16667109989611842
24h	D_L_CPT	9.806451612903226	0.1674443305562306
24h	D_L_CPT	9.827956989247312	0.16816692996855
24h	D_L_CPT	9.849462365591398	0.16883295629461487
24h	D_L_CPT	9.870967741935484	0.16943851468888485
24h	D_L_CPT	9.89247311827957	0.16997900478271524
24h	D_L_CPT	9.913978494623656	0.17045120497801725
24h	D_L_CPT	9.935483870967742	0.17085218450674447
24h	D_L_CPT	9.956989247311828	0.17117959272181488
24h	D_L_CPT	9.978494623655914	0.17143281151018222
24h	D_L_CPT	10.0	0.17160960089657884
24h	D_L_CPT	10.021505376344086	0.1717101889283846
24h	D_L_CPT	10.043010752688172	0.17173487353667283
24h	D_L_CPT	10.064516129032258	0.17168438477751244
24h	D_L_CPT	10.086021505376344	0.17155976747645846
24h	D_L_CPT	10.107526881720432	0.17136319558244506
24h	D_L_CPT	10.129032258064518	0.17109618910250335
24h	D_L_CPT	10.150537634408604	0.1707618336651796
24h	D_L_CPT	10.17204301075269	0.1703615427362106
24h	D_L_CPT	10.193548387096776	0.1698985907906761
24h	D_L_CPT	10.215053763440862	0.16937613152813258
24h	D_L_CPT	10.236559139784948	0.16879638063642233
24h	D_L_CPT	10.258064516129034	0.16816316588595004
24h	D_L_CPT	10.27956989247312	0.1674791181779392
24h	D_L_CPT	10.301075268817206	0.16674702171107975
24h	D_L_CPT	10.322580645161292	0.16596988177989624
24h	D_L_CPT	10.344086021505378	0.1651509111208944
24h	D_L_CPT	10.365591397849464	0.16429352699193378
24h	D_L_CPT	10.38709677419355	0.1634004211485037
24h	D_L_CPT	10.408602150537636	0.16247535606877767
24h	D_L_CPT	10.430107526881722	0.1615206679413138
24h	D_L_CPT	10.451612903225808	0.1605400699286203
24h	D_L_CPT	10.473118279569894	0.15953669736171555
24h	D_L_CPT	10.49462365591398	0.15851252924135995
24h	D_L_CPT	10.516129032258066	0.1574708407673839
24h	D_L_CPT	10.537634408602152	0.15641320427036542
24h	D_L_CPT	10.559139784946238	0.15534326115680883
24h	D_L_CPT	10.580645161290324	0.15426102280389734
24h	D_L_CPT	10.60215053763441	0.15316940688789185
24h	D_L_CPT	10.623655913978496	0.1520685024769826
24h	D_L_CPT	10.645161290322582	0.1509598055370962
24h	D_L_CPT	10.666666666666668	0.14984230453067793
24h	D_L_CPT	10.688172043010754	0.14871656362260552
24h	D_L_CPT	10.70967741935484	0.1475818500045871
24h	D_L_CPT	10.731182795698926	0.14643671415879936
24h	D_L_CPT	10.752688172043012	0.14527847342753653
24h	D_L_CPT	10.774193548387098	0.1441061568472966
24h	D_L_CPT	10.795698924731184	0.14291635451021104
24h	D_L_CPT	10.81720430107527	0.14170704636825368
24h	D_L_CPT	10.838709677419356	0.14047453844979432
24h	D_L_CPT	10.860215053763442	0.1392161137992701
24h	D_L_CPT	10.881720430107528	0.13792877299660886
24h	D_L_CPT	10.903225806451614	0.13660874850000018
24h	D_L_CPT	10.9247311827957	0.1352541623733066
24h	D_L_CPT	10.946236559139786	0.133861642379466
24h	D_L_CPT	10.967741935483872	0.13242877860914898
24h	D_L_CPT	10.989247311827958	0.13095465404959925
24h	D_L_CPT	11.010752688172044	0.12943823681912353
24h	D_L_CPT	11.03225806451613	0.12787807312818983
24h	D_L_CPT	11.053763440860216	0.12627443912844524
24h	D_L_CPT	11.075268817204302	0.12462850460728919
24h	D_L_CPT	11.096774193548388	0.12294077366232924
24h	D_L_CPT	11.118279569892474	0.12121424320303709
24h	D_L_CPT	11.13978494623656	0.11944988534435665
24h	D_L_CPT	11.161290322580646	0.11765182171989094
24h	D_L_CPT	11.182795698924732	0.115824092131912
24h	D_L_CPT	11.204301075268818	0.11396883958484386
24h	D_L_CPT	11.225806451612904	0.11209324196385499
24h	D_L_CPT	11.24731182795699	0.11020072244645282
24h	D_L_CPT	11.268817204301076	0.10829658779635605
24h	D_L_CPT	11.290322580645162	0.10638549255277595
24h	D_L_CPT	11.311827956989248	0.10447330574868059
24h	D_L_CPT	11.333333333333334	0.10256421222174947
24h	D_L_CPT	11.35483870967742	0.10066412026684339
24h	D_L_CPT	11.376344086021506	0.09877630707415062
24h	D_L_CPT	11.397849462365592	0.09690619880134099
24h	D_L_CPT	11.419354838709678	0.09505744980019296
24h	D_L_CPT	11.440860215053764	0.09323332097945002
24h	D_L_CPT	11.46236559139785	0.09143675205766673
24h	D_L_CPT	11.483870967741936	0.08967031363862972
24h	D_L_CPT	11.505376344086022	0.0879363300223688
24h	D_L_CPT	11.526881720430108	0.08623509146884466
24h	D_L_CPT	11.548387096774194	0.08456825979981165
24h	D_L_CPT	11.56989247311828	0.08293576510874029
24h	D_L_CPT	11.591397849462366	0.08133646028699477
24h	D_L_CPT	11.612903225806452	0.07977000381743579
24h	D_L_CPT	11.634408602150538	0.0782343482614571
24h	D_L_CPT	11.655913978494624	0.0767289212407887
24h	D_L_CPT	11.67741935483871	0.07525008614368944
24h	D_L_CPT	11.698924731182796	0.07379636185569038
24h	D_L_CPT	11.720430107526882	0.07236465836030011
24h	D_L_CPT	11.741935483870968	0.07095187039800424
24h	D_L_CPT	11.763440860215054	0.06955535581677957
24h	D_L_CPT	11.78494623655914	0.06817267098916094
24h	D_L_CPT	11.806451612903226	0.06680083926034426
24h	D_L_CPT	11.827956989247312	0.06543795533070507
24h	D_L_CPT	11.849462365591398	0.06408245881185978
24h	D_L_CPT	11.870967741935484	0.06273233440225148
24h	D_L_CPT	11.89247311827957	0.06138673564418767
24h	D_L_CPT	11.913978494623656	0.060044725047138106
24h	D_L_CPT	11.935483870967744	0.05870685748587358
24h	D_L_CPT	11.95698924731183	0.05737351559382945
24h	D_L_CPT	11.978494623655916	0.05604576210488804
24h	D_L_CPT	12.000000000000002	0.054725978108104076
24h	D_L_CPT	12.021505376344088	0.05341590434857505
24h	D_L_CPT	12.043010752688174	0.05211817696112682
24h	D_L_CPT	12.06451612903226	0.050835320278611776
24h	D_L_CPT	12.086021505376346	0.04957082485244533
24h	D_L_CPT	12.107526881720432	0.04832764004075228
24h	D_L_CPT	12.129032258064518	0.0471091351015813
24h	D_L_CPT	12.150537634408604	0.04591797944699733
24h	D_L_CPT	12.17204301075269	0.044758080770340276
24h	D_L_CPT	12.193548387096776	0.043631984831869274
24h	D_L_CPT	12.215053763440862	0.04254180040540975
24h	D_L_CPT	12.236559139784948	0.041489772404104994
24h	D_L_CPT	12.258064516129034	0.04047730902835513
24h	D_L_CPT	12.27956989247312	0.0395059344051282
24h	D_L_CPT	12.301075268817206	0.03857577469424676
24h	D_L_CPT	12.322580645161292	0.037687202716071816
24h	D_L_CPT	12.344086021505378	0.03683933066448561
24h	D_L_CPT	12.365591397849464	0.036031073557544965
24h	D_L_CPT	12.38709677419355	0.03526095346990929
24h	D_L_CPT	12.408602150537636	0.034526869745404476
24h	D_L_CPT	12.430107526881722	0.033826191507352124
24h	D_L_CPT	12.451612903225808	0.03315632236532659
24h	D_L_CPT	12.473118279569894	0.03251378879011599
24h	D_L_CPT	12.49462365591398	0.031896041279510116
24h	D_L_CPT	12.516129032258066	0.03129957810449368
24h	D_L_CPT	12.537634408602152	0.03072176936281885
24h	D_L_CPT	12.559139784946238	0.030158237118530024
24h	D_L_CPT	12.580645161290324	0.02960703779379359
24h	D_L_CPT	12.60215053763441	0.029064329330323317
24h	D_L_CPT	12.623655913978496	0.028528158067555286
24h	D_L_CPT	12.645161290322582	0.02799567208653322
24h	D_L_CPT	12.666666666666668	0.02746568552398077
24h	D_L_CPT	12.688172043010754	0.026935861995997422
24h	D_L_CPT	12.70967741935484	0.026405431061070996
24h	D_L_CPT	12.731182795698926	0.025873443923742467
24h	D_L_CPT	12.752688172043012	0.025339994890148914
24h	D_L_CPT	12.774193548387098	0.024804092492216562
24h	D_L_CPT	12.795698924731184	0.024266555563767753
24h	D_L_CPT	12.81720430107527	0.02372756513319589
24h	D_L_CPT	12.838709677419356	0.023188089679262863
24h	D_L_CPT	12.860215053763442	0.022648881152895074
24h	D_L_CPT	12.881720430107528	0.022110895234413647
24h	D_L_CPT	12.903225806451614	0.021575427547145948
24h	D_L_CPT	12.9247311827957	0.02104347869903016
24h	D_L_CPT	12.946236559139786	0.020516467377599903
24h	D_L_CPT	12.967741935483872	0.019995772298883708
24h	D_L_CPT	12.989247311827958	0.019482205436577738
24h	D_L_CPT	13.010752688172044	0.018976891770784297
24h	D_L_CPT	13.03225806451613	0.01848118213495226
24h	D_L_CPT	13.053763440860216	0.01799578647419101
24h	D_L_CPT	13.075268817204302	0.017521600423375836
24h	D_L_CPT	13.096774193548388	0.01705933939010898
24h	D_L_CPT	13.118279569892474	0.016610129701540424
24h	D_L_CPT	13.13978494623656	0.0161743287768059
24h	D_L_CPT	13.161290322580646	0.01575228443348567
24h	D_L_CPT	13.182795698924732	0.015344278418776449
24h	D_L_CPT	13.204301075268818	0.014950910457236545
24h	D_L_CPT	13.225806451612904	0.01457180088239985
24h	D_L_CPT	13.24731182795699	0.014207423982655907
24h	D_L_CPT	13.268817204301076	0.013857601447884655
24h	D_L_CPT	13.290322580645162	0.01352224779775235
24h	D_L_CPT	13.311827956989248	0.01320079049964095
24h	D_L_CPT	13.333333333333334	0.012893070411432747
24h	D_L_CPT	13.35483870967742	0.012598463915113317
24h	D_L_CPT	13.376344086021506	0.012316649745636902
24h	D_L_CPT	13.397849462365592	0.012046956932366355
24h	D_L_CPT	13.419354838709678	0.011788641326173807
24h	D_L_CPT	13.440860215053764	0.011540940573993737
24h	D_L_CPT	13.46236559139785	0.011303222371932743
24h	D_L_CPT	13.483870967741936	0.011074760080512782
24h	D_L_CPT	13.505376344086022	0.01085475111082808
24h	D_L_CPT	13.526881720430108	0.010642784096926585
24h	D_L_CPT	13.548387096774194	0.01043827431217021
24h	D_L_CPT	13.56989247311828	0.010240467689770678
24h	D_L_CPT	13.591397849462366	0.01004935652784535
24h	D_L_CPT	13.612903225806452	0.009864474519884777
24h	D_L_CPT	13.634408602150538	0.009685655700250984
24h	D_L_CPT	13.655913978494624	0.009512539999089895
24h	D_L_CPT	13.67741935483871	0.00934563454150365
24h	D_L_CPT	13.698924731182796	0.00918476983683614
24h	D_L_CPT	13.720430107526882	0.009029888073939708
24h	D_L_CPT	13.741935483870968	0.00888155905305698
24h	D_L_CPT	13.763440860215056	0.008739693136879995
24h	D_L_CPT	13.784946236559142	0.008604422264507795
24h	D_L_CPT	13.806451612903228	0.008475933795971433
24h	D_L_CPT	13.827956989247314	0.008354482763909227
24h	D_L_CPT	13.8494623655914	0.00823966394527521
24h	D_L_CPT	13.870967741935486	0.008131501609274738
24h	D_L_CPT	13.892473118279572	0.008029477956300548
24h	D_L_CPT	13.913978494623658	0.007933631620353026
24h	D_L_CPT	13.935483870967744	0.007843109610977545
24h	D_L_CPT	13.95698924731183	0.0077572653963185285
24h	D_L_CPT	13.978494623655916	0.0076750412991508634
24h	D_L_CPT	14.000000000000002	0.007595625370983003
24h	D_L_CPT	14.021505376344088	0.00751803015544652
24h	D_L_CPT	14.043010752688174	0.007440939027800783
24h	D_L_CPT	14.06451612903226	0.007363708846408368
24h	D_L_CPT	14.086021505376346	0.0072848898078103855
24h	D_L_CPT	14.107526881720432	0.007203265680600215
24h	D_L_CPT	14.129032258064518	0.00711800181531175
24h	D_L_CPT	14.150537634408604	0.00702813395502637
24h	D_L_CPT	14.17204301075269	0.006932760157108208
24h	D_L_CPT	14.193548387096776	0.006831159640581592
24h	D_L_CPT	14.215053763440862	0.006722997603801603
24h	D_L_CPT	14.236559139784948	0.006607784111284757
24h	D_L_CPT	14.258064516129034	0.006485396749745858
24h	D_L_CPT	14.27956989247312	0.006355673550597514
24h	D_L_CPT	14.301075268817206	0.006219100965355369
24h	D_L_CPT	14.322580645161292	0.0060757000457506705
24h	D_L_CPT	14.344086021505378	0.005926110901208315
24h	D_L_CPT	14.365591397849464	0.0057710494419076505
24h	D_L_CPT	14.38709677419355	0.005611219422759948
24h	D_L_CPT	14.408602150537636	0.0054473543203509035
24h	D_L_CPT	14.430107526881722	0.005280649501340677
24h	D_L_CPT	14.451612903225808	0.005111812522327083
24h	D_L_CPT	14.473118279569894	0.004941787976202348
24h	D_L_CPT	14.49462365591398	0.0047718276686307855
24h	D_L_CPT	14.516129032258066	0.0046027088726219405
24h	D_L_CPT	14.537634408602152	0.0044352826174307355
24h	D_L_CPT	14.559139784946238	0.00427077266509851
24h	D_L_CPT	14.580645161290324	0.004109685955408013
24h	D_L_CPT	14.60215053763441	0.003952958182929095
24h	D_L_CPT	14.623655913978496	0.003801122846343947
24h	D_L_CPT	14.645161290322582	0.003654837938833857
24h	D_L_CPT	14.666666666666668	0.0035146432168656995
24h	D_L_CPT	14.688172043010754	0.0033806701407388664
24h	D_L_CPT	14.70967741935484	0.0032534430324368106
24h	D_L_CPT	14.731182795698926	0.0031330578700413197
24h	D_L_CPT	14.752688172043012	0.003019496090268653
24h	D_L_CPT	14.774193548387098	0.002912820659286192
24h	D_L_CPT	14.795698924731184	0.0028130167989593854
24h	D_L_CPT	14.81720430107527	0.002719968579055318
24h	D_L_CPT	14.838709677419356	0.0026334319167907643
24h	D_L_CPT	14.860215053763442	0.0025532859983257504
24h	D_L_CPT	14.881720430107528	0.00247924193440595
24h	D_L_CPT	14.903225806451614	0.0024109324427888717
24h	D_L_CPT	14.9247311827957	0.002348062452857256
24h	D_L_CPT	14.946236559139786	0.002290179873619416
24h	D_L_CPT	14.967741935483872	0.002237006968629453
24h	D_L_CPT	14.989247311827958	0.002188208729545859
24h	D_L_CPT	15.010752688172044	0.0021434627805976512
24h	D_L_CPT	15.03225806451613	0.0021023539548301103
24h	D_L_CPT	15.053763440860216	0.002064455850411973
24h	D_L_CPT	15.075268817204302	0.0020294148214577788
24h	D_L_CPT	15.096774193548388	0.001996957566100729
24h	D_L_CPT	15.118279569892474	0.0019665597890713656
24h	D_L_CPT	15.13978494623656	0.001937990071096035
24h	D_L_CPT	15.161290322580646	0.0019109946941047301
24h	D_L_CPT	15.182795698924732	0.001885204418522864
24h	D_L_CPT	15.204301075268818	0.0018603131722864524
24h	D_L_CPT	15.225806451612904	0.001836006184146662
24h	D_L_CPT	15.24731182795699	0.0018120254158522963
24h	D_L_CPT	15.268817204301076	0.0017880644880396556
24h	D_L_CPT	15.290322580645162	0.0017638935024997145
24h	D_L_CPT	15.311827956989248	0.0017393914286364094
24h	D_L_CPT	15.333333333333334	0.001714200522690833
24h	D_L_CPT	15.35483870967742	0.0016881725933763669
24h	D_L_CPT	15.376344086021506	0.0016612274874112391
24h	D_L_CPT	15.397849462365592	0.0016331090882021882
24h	D_L_CPT	15.419354838709678	0.0016037634339590894
24h	D_L_CPT	15.440860215053764	0.0015731024842136577
24h	D_L_CPT	15.46236559139785	0.001541039285809588
24h	D_L_CPT	15.483870967741936	0.0015074371113698746
24h	D_L_CPT	15.505376344086022	0.0014723929589777324
24h	D_L_CPT	15.526881720430108	0.0014359049903777976
24h	D_L_CPT	15.548387096774194	0.0013979063287459564
24h	D_L_CPT	15.56989247311828	0.0013585358049136393
24h	D_L_CPT	15.591397849462366	0.00131784596203746
24h	D_L_CPT	15.612903225806454	0.0012761103529895757
24h	D_L_CPT	15.63440860215054	0.0012334270841859597
24h	D_L_CPT	15.655913978494626	0.0011901192679208946
24h	D_L_CPT	15.677419354838712	0.0011463689904373938
24h	D_L_CPT	15.698924731182798	0.0011025267859001715
24h	D_L_CPT	15.720430107526884	0.001058965084490363
24h	D_L_CPT	15.74193548387097	0.0010159714147213123
24h	D_L_CPT	15.763440860215056	0.0009740948057940429
24h	D_L_CPT	15.784946236559142	0.0009336072946009136
24h	D_L_CPT	15.806451612903228	0.0008949370851359865
24h	D_L_CPT	15.827956989247314	0.0008583950565183956
24h	D_L_CPT	15.8494623655914	0.0008244965301970341
24h	D_L_CPT	15.870967741935486	0.000793492772835332
24h	D_L_CPT	15.892473118279572	0.0007656847561268193
24h	D_L_CPT	15.913978494623658	0.0007412281842392532
24h	D_L_CPT	15.935483870967744	0.0007203050237209171
24h	D_L_CPT	15.95698924731183	0.000702959025858598
24h	D_L_CPT	15.978494623655916	0.0006892389031638733
24h	D_L_CPT	16.0	0.0006790417400167333
24h	D_L_CPT	16.021505376344088	0.00067216018056455
24h	D_L_CPT	16.043010752688172	0.0006683450641302383
24h	D_L_CPT	16.06451612903226	0.0006672240219847349
24h	D_L_CPT	16.086021505376344	0.0006685334310566445
24h	D_L_CPT	16.107526881720432	0.0006717687852978387
24h	D_L_CPT	16.129032258064516	0.0006764716807376396
24h	D_L_CPT	16.150537634408604	0.0006821509274321368
24h	D_L_CPT	16.172043010752688	0.00068829754540717
24h	D_L_CPT	16.193548387096776	0.0006943940711360461
24h	D_L_CPT	16.21505376344086	0.000699925863507717
24h	D_L_CPT	16.236559139784948	0.0007046586090224283
24h	D_L_CPT	16.258064516129032	0.0007080588509164003
24h	D_L_CPT	16.27956989247312	0.0007097930147953547
24h	D_L_CPT	16.301075268817204	0.0007095625101544709
24h	D_L_CPT	16.322580645161292	0.0007071937235390474
24h	D_L_CPT	16.344086021505376	0.0007025707978874422
24h	D_L_CPT	16.365591397849464	0.0006955603966668123
24h	D_L_CPT	16.387096774193548	0.0006862155211197354
24h	D_L_CPT	16.408602150537636	0.0006745646514098872
24h	D_L_CPT	16.43010752688172	0.0006606653067928995
24h	D_L_CPT	16.451612903225808	0.0006447570817995369
24h	D_L_CPT	16.473118279569892	0.0006270241570042601
24h	D_L_CPT	16.49462365591398	0.0006076589563437637
24h	D_L_CPT	16.516129032258064	0.0005869124208641524
24h	D_L_CPT	16.537634408602152	0.0005650860617620624
24h	D_L_CPT	16.55913978494624	0.0005423670895767702
24h	D_L_CPT	16.580645161290324	0.0005191135590641429
24h	D_L_CPT	16.60215053763441	0.0004955307331244865
24h	D_L_CPT	16.623655913978496	0.00047197137036050513
24h	D_L_CPT	16.645161290322584	0.00044855718419341414
24h	D_L_CPT	16.666666666666668	0.0004255945869153738
24h	D_L_CPT	16.688172043010756	0.0004033149041650286
24h	D_L_CPT	16.70967741935484	0.00038184995153848805
24h	D_L_CPT	16.731182795698928	0.0003613670844404285
24h	D_L_CPT	16.752688172043012	0.0003420115067007431
24h	D_L_CPT	16.7741935483871	0.0003239068242851966
24h	D_L_CPT	16.795698924731184	0.0003071300521247301
24h	D_L_CPT	16.81720430107527	0.0002917981589125319
24h	D_L_CPT	16.838709677419356	0.00027800012074458516
24h	D_L_CPT	16.860215053763444	0.0002657494150390023
24h	D_L_CPT	16.881720430107528	0.00025508070217427893
24h	D_L_CPT	16.903225806451616	0.000246015012293345
24h	D_L_CPT	16.9247311827957	0.00023856143356507933
24h	D_L_CPT	16.946236559139788	0.00023271871668573233
24h	D_L_CPT	16.967741935483872	0.00022847674068939618
24h	D_L_CPT	16.98924731182796	0.00022585431558145498
24h	D_L_CPT	17.010752688172044	0.00022476868248467652
24h	D_L_CPT	17.03225806451613	0.00022521686553292867
24h	D_L_CPT	17.053763440860216	0.00022716481114921601
24h	D_L_CPT	17.075268817204304	0.0002305732971863719
24h	D_L_CPT	17.096774193548388	0.00023539752952040326
24h	D_L_CPT	17.118279569892476	0.00024158632636037936
24h	D_L_CPT	17.13978494623656	0.00024908092079982413
24h	D_L_CPT	17.161290322580648	0.00025781344303616404
24h	D_L_CPT	17.182795698924732	0.00026770517526192116
24h	D_L_CPT	17.20430107526882	0.00027863880414171616
24h	D_L_CPT	17.225806451612904	0.00029054198225475405
24h	D_L_CPT	17.24731182795699	0.00030335293795025805
24h	D_L_CPT	17.268817204301076	0.00031678692454027105
24h	D_L_CPT	17.290322580645164	0.00033083381647235906
24h	D_L_CPT	17.311827956989248	0.0003452234227284478
24h	D_L_CPT	17.333333333333336	0.00035982680155446055
24h	D_L_CPT	17.35483870967742	0.00037440462537380006
24h	D_L_CPT	17.376344086021508	0.00038874170591693185
24h	D_L_CPT	17.397849462365592	0.00040258848507462023
24h	D_L_CPT	17.41935483870968	0.00041577705452719405
24h	D_L_CPT	17.440860215053764	0.00042804601033838
24h	D_L_CPT	17.46236559139785	0.00043917796132992426
24h	D_L_CPT	17.483870967741936	0.0004489692378633003
24h	D_L_CPT	17.505376344086024	0.00045723610504107466
24h	D_L_CPT	17.526881720430108	0.0004637947547141153
24h	D_L_CPT	17.548387096774196	0.00046855194506427276
24h	D_L_CPT	17.56989247311828	0.00047144005046824287
24h	D_L_CPT	17.591397849462368	0.0004723712719334705
24h	D_L_CPT	17.612903225806452	0.00047133461991338577
24h	D_L_CPT	17.63440860215054	0.00046835991289124345
24h	D_L_CPT	17.655913978494624	0.00046351678756662316
24h	D_L_CPT	17.67741935483871	0.00045691221526539857
24h	D_L_CPT	17.698924731182796	0.0004486866303024755
24h	D_L_CPT	17.720430107526884	0.0004390088473882966
24h	D_L_CPT	17.741935483870968	0.00042810654010941654
24h	D_L_CPT	17.763440860215056	0.0004161020884493367
24h	D_L_CPT	17.78494623655914	0.00040329738424619237
24h	D_L_CPT	17.806451612903228	0.00038987488705518583
24h	D_L_CPT	17.827956989247312	0.0003760482851611334
24h	D_L_CPT	17.8494623655914	0.0003620197835199567
24h	D_L_CPT	17.870967741935484	0.0003479747507133191
24h	D_L_CPT	17.89247311827957	0.0003340773929307307
24h	D_L_CPT	17.913978494623656	0.0003204675951374864
24h	D_L_CPT	17.935483870967744	0.0003072590033275782
24h	D_L_CPT	17.956989247311828	0.0002945383552025716
24h	D_L_CPT	17.978494623655916	0.0002823660036182943
24h	D_L_CPT	18.0	0.00027077752102038584
24h	D_L_CPT	18.021505376344088	0.0002597862264547289
24h	D_L_CPT	18.043010752688172	0.0002493864413893596
24h	D_L_CPT	18.06451612903226	0.00023955725749339024
24h	D_L_CPT	18.086021505376344	0.00023026658887901475
24h	D_L_CPT	18.107526881720432	0.0002214752826374198
24h	D_L_CPT	18.129032258064516	0.0002131151760050809
24h	D_L_CPT	18.150537634408604	0.00020520396946818265
24h	D_L_CPT	18.172043010752688	0.00019766773188744204
24h	D_L_CPT	18.193548387096776	0.0001904749240709501
24h	D_L_CPT	18.21505376344086	0.00018360164173047958
24h	D_L_CPT	18.236559139784948	0.00017703261221768454
24h	D_L_CPT	18.258064516129032	0.00017076140817729474
24h	D_L_CPT	18.27956989247312	0.0001647899155930811
24h	D_L_CPT	18.301075268817204	0.0001591271309990307
24h	D_L_CPT	18.322580645161292	0.0001537873953344683
24h	D_L_CPT	18.344086021505376	0.00014878819868302745
24h	D_L_CPT	18.365591397849464	0.0001441477097820597
24h	D_L_CPT	18.38709677419355	0.0001398821957921016
24h	D_L_CPT	18.408602150537636	0.00013597760300401582
24h	D_L_CPT	18.430107526881724	0.00013249852240686036
24h	D_L_CPT	18.451612903225808	0.0001294056665626299
24h	D_L_CPT	18.473118279569896	0.00012668599629778033
24h	D_L_CPT	18.49462365591398	0.00012431538094160346
24h	D_L_CPT	18.516129032258068	0.00012225843246858715
24h	D_L_CPT	18.537634408602152	0.00012044310430375919
24h	D_L_CPT	18.55913978494624	0.00011887309875843555
24h	D_L_CPT	18.580645161290324	0.00011744900551562177
24h	D_L_CPT	18.60215053763441	0.00011610209324816914
24h	D_L_CPT	18.623655913978496	0.00011473452428552618
24h	D_L_CPT	18.645161290322584	0.0001133334915049802
24h	D_L_CPT	18.666666666666668	0.0001117417723735457
24h	D_L_CPT	18.688172043010756	0.00011001467919163239
24h	D_L_CPT	18.70967741935484	0.00010802500075589732
24h	D_L_CPT	18.731182795698928	0.00010572840815550487
24h	D_L_CPT	18.752688172043012	0.00010309225816748329
24h	D_L_CPT	18.7741935483871	0.00010009687537544029
24h	D_L_CPT	18.795698924731184	9.673620184427367e-05
24h	D_L_CPT	18.81720430107527	9.301780663854769e-05
24h	D_L_CPT	18.838709677419356	8.896228225161061e-05
24h	D_L_CPT	18.860215053763444	8.46020867744786e-05
24h	D_L_CPT	18.881720430107528	7.997991743433808e-05
24h	D_L_CPT	18.903225806451616	7.514672146631403e-05
24h	D_L_CPT	18.9247311827957	7.015946317676898e-05
24h	D_L_CPT	18.946236559139788	6.507877112063263e-05
24h	D_L_CPT	18.967741935483872	5.996658673538806e-05
24h	D_L_CPT	18.98924731182796	5.485802851660899e-05
24h	D_L_CPT	19.010752688172044	4.98706297594618e-05
24h	D_L_CPT	19.03225806451613	4.5022005536685846e-05
24h	D_L_CPT	19.053763440860216	4.0360017198533714e-05
24h	D_L_CPT	19.075268817204304	3.592525443811582e-05
24h	D_L_CPT	19.096774193548388	3.1750424129081606e-05
24h	D_L_CPT	19.118279569892476	2.7860101245837768e-05
24h	D_L_CPT	19.13978494623656	2.4270813372922878e-05
24h	D_L_CPT	19.161290322580648	2.099141635399723e-05
24h	D_L_CPT	19.182795698924732	1.8023708891043936e-05
24h	D_L_CPT	19.20430107526882	1.5399762402701876e-05
24h	D_L_CPT	19.225806451612904	1.3051327926797768e-05
24h	D_L_CPT	19.24731182795699	1.0965578107747524e-05
24h	D_L_CPT	19.268817204301076	9.186181532490567e-06
24h	D_L_CPT	19.290322580645164	7.659665795811797e-06
24h	D_L_CPT	19.311827956989248	6.367985976988803e-06
24h	D_L_CPT	19.333333333333336	5.292958019966587e-06
24h	D_L_CPT	19.35483870967742	4.417118850355659e-06
24h	D_L_CPT	19.376344086021508	3.7244692423716316e-06
24h	D_L_CPT	19.397849462365592	3.2010953628222226e-06
24h	D_L_CPT	19.41935483870968	2.835669313838428e-06
24h	D_L_CPT	19.440860215053764	2.6198317518911235e-06
24h	D_L_CPT	19.46236559139785	2.548460855283095e-06
24h	D_L_CPT	19.483870967741936	2.6198317518911235e-06
24h	D_L_CPT	19.505376344086024	2.835669313838428e-06
24h	D_L_CPT	19.526881720430108	3.2010953628222226e-06
24h	D_L_CPT	19.548387096774196	3.7244692423716316e-06
24h	D_L_CPT	19.56989247311828	4.417118850355659e-06
24h	D_L_CPT	19.591397849462368	5.292958019966587e-06
24h	D_L_CPT	19.612903225806452	6.367985976988803e-06
24h	D_L_CPT	19.63440860215054	7.659665795811797e-06
24h	D_L_CPT	19.655913978494624	9.186181532490567e-06
24h	D_L_CPT	19.67741935483871	1.0965578107747524e-05
24h	D_L_CPT	19.698924731182796	1.301479397613759e-05
24h	D_L_CPT	19.720430107526884	1.5348603920660855e-05
24h	D_L_CPT	19.741935483870968	1.7952599818718373e-05
24h	D_L_CPT	19.763440860215056	2.0893305122380017e-05
24h	D_L_CPT	19.78494623655914	2.4136444463116323e-05
24h	D_L_CPT	19.806451612903228	2.767743209456341e-05
24h	D_L_CPT	19.827956989247312	3.15039235296536e-05
24h	D_L_CPT	19.8494623655914	3.559506962051292e-05
24h	D_L_CPT	19.870967741935484	3.992099895139879e-05
24h	D_L_CPT	19.89247311827957	4.4442584319176804e-05
24h	D_L_CPT	19.913978494623656	4.911154098565556e-05
24h	D_L_CPT	19.935483870967744	5.3870892280574e-05
24h	D_L_CPT	19.956989247311828	5.865582235708633e-05
24h	D_L_CPT	19.978494623655916	6.339491712273547e-05
24h	D_L_CPT	20.0	6.801177356441121e-05
24h	D_L_CPT	20.021505376344088	7.242693608938363e-05
24h	D_L_CPT	20.043010752688172	7.656009752929483e-05
24h	D_L_CPT	20.06451612903226	8.033248359045149e-05
24h	D_L_CPT	20.086021505376344	8.366932423164403e-05
24h	D_L_CPT	20.107526881720432	8.650230499523033e-05
24h	D_L_CPT	20.129032258064516	8.87718867111335e-05
24h	D_L_CPT	20.150537634408604	9.042938385705789e-05
24h	D_L_CPT	20.172043010752688	9.14387003582551e-05
24h	D_L_CPT	20.193548387096776	9.177763642537331e-05
24h	D_L_CPT	20.215053763440864	9.14387003582551e-05
24h	D_L_CPT	20.236559139784948	9.042938385705789e-05
24h	D_L_CPT	20.258064516129036	8.87718867111335e-05
24h	D_L_CPT	20.27956989247312	8.650230499523033e-05
24h	D_L_CPT	20.301075268817208	8.366932423164403e-05
24h	D_L_CPT	20.322580645161292	8.033248359045149e-05
24h	D_L_CPT	20.34408602150538	7.656009752929483e-05
24h	D_L_CPT	20.365591397849464	7.242693608938363e-05
24h	D_L_CPT	20.38709677419355	6.801177356441121e-05
24h	D_L_CPT	20.408602150537636	6.339491712273547e-05
24h	D_L_CPT	20.430107526881724	5.865582235708633e-05
24h	D_L_CPT	20.451612903225808	5.3870892280574e-05
24h	D_L_CPT	20.473118279569896	4.911154098565556e-05
24h	D_L_CPT	20.49462365591398	4.4442584319176804e-05
24h	D_L_CPT	20.516129032258068	3.992099895139879e-05
24h	D_L_CPT	20.537634408602152	3.559506962051292e-05
24h	D_L_CPT	20.55913978494624	3.15039235296536e-05
24h	D_L_CPT	20.580645161290324	2.767743209456341e-05
24h	D_L_CPT	20.60215053763441	2.4136444463116323e-05
24h	D_L_CPT	20.623655913978496	2.0893305122380017e-05
24h	D_L_CPT	20.645161290322584	1.7952599818718373e-05
24h	D_L_CPT	20.666666666666668	1.5312069970000678e-05
24h	D_L_CPT	20.688172043010756	1.2963635494096571e-05
24h	D_L_CPT	20.70967741935484	1.0894469035421961e-05
24h	D_L_CPT	20.731182795698928	9.088070300873357e-06
24h	D_L_CPT	20.752688172043012	7.525296886005243e-06
24h	D_L_CPT	20.7741935483871	6.1853168257144454e-06
24h	D_L_CPT	20.795698924731184	5.0464574205385774e-06
24h	D_L_CPT	20.81720430107527	4.086934032752757e-06
24h	D_L_CPT	20.838709677419356	3.285450995236703e-06
24h	D_L_CPT	20.860215053763444	2.621674145313178e-06
24h	D_L_CPT	20.881720430107528	2.076580540032191e-06
24h	D_L_CPT	20.903225806451616	1.6326955158561328e-06
24h	D_L_CPT	20.9247311827957	1.2742304276415476e-06
24h	D_L_CPT	20.946236559139788	9.871362360349907e-07
24h	D_L_CPT	20.967741935483872	7.590887738062369e-07
24h	D_L_CPT	20.98924731182796	5.794212175090447e-07
24h	D_L_CPT	21.010752688172044	4.390182471349286e-07
24h	D_L_CPT	21.03225806451613	3.301848176029024e-07
24h	D_L_CPT	21.053763440860216	2.4650059942801024e-07
24h	D_L_CPT	21.075268817204304	1.826691512743572e-07
24h	D_L_CPT	21.096774193548388	1.3436890980655384e-07
24h	D_L_CPT	21.118279569892476	9.81112316172109e-08
24h	D_L_CPT	21.13978494623656	7.110907232556416e-08
24h	D_L_CPT	21.161290322580648	5.115848204101933e-08
24h	D_L_CPT	21.182795698924732	3.6533950660177e-08
24h	D_L_CPT	21.20430107526882	0.0
24h	D_L_CPT	21.225806451612904	0.0
24h	D_L_CPT	21.24731182795699	0.0
24h	D_L_CPT	21.268817204301076	0.0
24h	D_L_CPT	21.290322580645164	0.0
24h	D_L_CPT	21.311827956989248	0.0
24h	D_L_CPT	21.333333333333336	0.0
24h	D_L_CPT	21.35483870967742	0.0
24h	D_L_CPT	21.376344086021508	0.0
24h	D_L_CPT	21.397849462365592	0.0
24h	D_L_CPT	21.41935483870968	0.0
24h	D_L_CPT	21.440860215053764	0.0
24h	D_L_CPT	21.46236559139785	0.0
24h	D_L_CPT	21.483870967741936	0.0
24h	D_L_CPT	21.505376344086024	0.0
24h	D_L_CPT	21.526881720430108	0.0
24h	D_L_CPT	21.548387096774196	0.0
24h	D_L_CPT	21.56989247311828	0.0
24h	D_L_CPT	21.591397849462368	0.0
24h	D_L_CPT	21.612903225806452	0.0
24h	D_L_CPT	21.63440860215054	0.0
24h	D_L_CPT	21.655913978494624	0.0
24h	D_L_CPT	21.67741935483871	0.0
24h	D_L_CPT	21.698924731182796	0.0
24h	D_L_CPT	21.720430107526884	0.0
24h	D_L_CPT	21.741935483870968	0.0
24h	D_L_CPT	21.763440860215056	0.0
24h	D_L_CPT	21.78494623655914	0.0
24h	D_L_CPT	21.806451612903228	0.0
24h	D_L_CPT	21.827956989247312	0.0
24h	D_L_CPT	21.8494623655914	0.0
24h	D_L_CPT	21.870967741935484	0.0
24h	D_L_CPT	21.89247311827957	0.0
24h	D_L_CPT	21.913978494623656	0.0
24h	D_L_CPT	21.935483870967744	0.0
24h	D_L_CPT	21.956989247311828	0.0
24h	D_L_CPT	21.978494623655916	0.0
24h	D_L_CPT	22.0	0.0
24h	DT_L_CPT	0.0	0.006178206572343923
24h	DT_L_CPT	0.021505376344086023	0.0062610975400150615
24h	DT_L_CPT	0.043010752688172046	0.006318823279940269
24h	DT_L_CPT	0.06451612903225806	0.006354360148734253
24h	DT_L_CPT	0.08602150537634409	0.006372036267501196
24h	DT_L_CPT	0.10752688172043012	0.006376233918693517
24h	DT_L_CPT	0.12903225806451613	0.006371889881091396
24h	DT_L_CPT	0.15053763440860216	0.006364188273557379
24h	DT_L_CPT	0.17204301075268819	0.006358412057635234
24h	DT_L_CPT	0.19354838709677422	0.006359668876056179
24h	DT_L_CPT	0.21505376344086025	0.006372598675243838
24h	DT_L_CPT	0.23655913978494625	0.00640142975254503
24h	DT_L_CPT	0.25806451612903225	0.006449650883666543
24h	DT_L_CPT	0.2795698924731183	0.006519798086212518
24h	DT_L_CPT	0.3010752688172043	0.006613542546850094
24h	DT_L_CPT	0.32258064516129037	0.0067320069244195205
24h	DT_L_CPT	0.34408602150537637	0.006876894271683447
24h	DT_L_CPT	0.3655913978494624	0.0070431630694305905
24h	DT_L_CPT	0.38709677419354843	0.007230166301570537
24h	DT_L_CPT	0.40860215053763443	0.007435414954409581
24h	DT_L_CPT	0.4301075268817205	0.0076556952144679336
24h	DT_L_CPT	0.4516129032258065	0.00788746704722615
24h	DT_L_CPT	0.4731182795698925	0.008126994633605335
24h	DT_L_CPT	0.49462365591397855	0.008370594654094232
24h	DT_L_CPT	0.5161290322580645	0.008614893466567757
24h	DT_L_CPT	0.5376344086021506	0.008856907977760979
24h	DT_L_CPT	0.5591397849462366	0.009094207136590076
24h	DT_L_CPT	0.5806451612903226	0.00932533865784948
24h	DT_L_CPT	0.6021505376344086	0.009551258059987609
24h	DT_L_CPT	0.6236559139784946	0.00976940813323106
24h	DT_L_CPT	0.6451612903225807	0.009979484700423077
24h	DT_L_CPT	0.6666666666666667	0.01018368232940264
24h	DT_L_CPT	0.6881720430107527	0.010383804641600203
24h	DT_L_CPT	0.7096774193548387	0.01058195507214876
24h	DT_L_CPT	0.7311827956989247	0.010780705456848077
24h	DT_L_CPT	0.7526881720430109	0.010982577860521347
24h	DT_L_CPT	0.7741935483870969	0.011190289146556362
24h	DT_L_CPT	0.7956989247311829	0.011406432741233723
24h	DT_L_CPT	0.8172043010752689	0.011634415385013188
24h	DT_L_CPT	0.8387096774193549	0.011878851170681078
24h	DT_L_CPT	0.860215053763441	0.012135352505896107
24h	DT_L_CPT	0.881720430107527	0.012408209139839543
24h	DT_L_CPT	0.903225806451613	0.01269856207716747
24h	DT_L_CPT	0.924731182795699	0.013007082310288031
24h	DT_L_CPT	0.946236559139785	0.013334110997562315
24h	DT_L_CPT	0.967741935483871	0.013679709735934305
24h	DT_L_CPT	0.9892473118279571	0.014043791515143256
24h	DT_L_CPT	1.010752688172043	0.01442617487981157
24h	DT_L_CPT	1.032258064516129	0.01482960202969094
24h	DT_L_CPT	1.0537634408602152	0.015249746680848776
24h	DT_L_CPT	1.0752688172043012	0.015686679819129
24h	DT_L_CPT	1.0967741935483872	0.01614080921752323
24h	DT_L_CPT	1.1182795698924732	0.01661199253573234
24h	DT_L_CPT	1.1397849462365592	0.017100093879746835
24h	DT_L_CPT	1.1612903225806452	0.017605206166968312
24h	DT_L_CPT	1.1827956989247312	0.01813010884123124
24h	DT_L_CPT	1.2043010752688172	0.0186720936098341
24h	DT_L_CPT	1.2258064516129032	0.01923127298278723
24h	DT_L_CPT	1.2473118279569892	0.01980801079651966
24h	DT_L_CPT	1.2688172043010755	0.020403029578450048
24h	DT_L_CPT	1.2903225806451615	0.02101654714183105
24h	DT_L_CPT	1.3118279569892475	0.021648680751165928
24h	DT_L_CPT	1.3333333333333335	0.022301902691550256
24h	DT_L_CPT	1.3548387096774195	0.022975071755649314
24h	DT_L_CPT	1.3763440860215055	0.023665376624383373
24h	DT_L_CPT	1.3978494623655915	0.024374046419228343
24h	DT_L_CPT	1.4193548387096775	0.02510098862701297
24h	DT_L_CPT	1.4408602150537635	0.025845618391435517
24h	DT_L_CPT	1.4623655913978495	0.02660788393226512
24h	DT_L_CPT	1.4838709677419355	0.027389002346478137
24h	DT_L_CPT	1.5053763440860217	0.028184596329573465
24h	DT_L_CPT	1.5268817204301077	0.028993701254581908
24h	DT_L_CPT	1.5483870967741937	0.029816002942946885
24h	DT_L_CPT	1.5698924731182797	0.030650088454033105
24h	DT_L_CPT	1.5913978494623657	0.03149425344842974
24h	DT_L_CPT	1.6129032258064517	0.03235160768628808
24h	DT_L_CPT	1.6344086021505377	0.033215196750444674
24h	DT_L_CPT	1.6559139784946237	0.034084225108319315
24h	DT_L_CPT	1.6774193548387097	0.034957794268073605
24h	DT_L_CPT	1.6989247311827957	0.03583468718864108
24h	DT_L_CPT	1.720430107526882	0.036715841305790496
24h	DT_L_CPT	1.741935483870968	0.03759851533766211
24h	DT_L_CPT	1.763440860215054	0.038480046466787626
24h	DT_L_CPT	1.78494623655914	0.0393612082211463
24h	DT_L_CPT	1.806451612903226	0.040241611799813726
24h	DT_L_CPT	1.827956989247312	0.041124055794371756
24h	DT_L_CPT	1.849462365591398	0.04200494517046328
24h	DT_L_CPT	1.870967741935484	0.04288426863305317
24h	DT_L_CPT	1.89247311827957	0.04376335514368441
24h	DT_L_CPT	1.913978494623656	0.04464332882999239
24h	DT_L_CPT	1.935483870967742	0.04552656193767534
24h	DT_L_CPT	1.9569892473118282	0.04640979467437978
24h	DT_L_CPT	1.9784946236559142	0.047294865525395885
24h	DT_L_CPT	2.0	0.04818224299110907
24h	DT_L_CPT	2.021505376344086	0.04907481868289607
24h	DT_L_CPT	2.043010752688172	0.04997097559197596
24h	DT_L_CPT	2.064516129032258	0.0508702255563739
24h	DT_L_CPT	2.0860215053763445	0.051772600249024366
24h	DT_L_CPT	2.1075268817204305	0.05267933862871083
24h	DT_L_CPT	2.1290322580645165	0.05358855185203129
24h	DT_L_CPT	2.1505376344086025	0.05449748225225277
24h	DT_L_CPT	2.1720430107526885	0.055406081611774786
24h	DT_L_CPT	2.1935483870967745	0.05631546818704382
24h	DT_L_CPT	2.2150537634408605	0.057220250278365234
24h	DT_L_CPT	2.2365591397849465	0.058118857663561334
24h	DT_L_CPT	2.2580645161290325	0.05901012612815336
24h	DT_L_CPT	2.2795698924731185	0.05989303764060313
24h	DT_L_CPT	2.3010752688172045	0.06076237673827327
24h	DT_L_CPT	2.3225806451612905	0.061616257118878595
24h	DT_L_CPT	2.3440860215053765	0.062452706875362356
24h	DT_L_CPT	2.3655913978494625	0.06327110377047487
24h	DT_L_CPT	2.3870967741935485	0.0640667591996003
24h	DT_L_CPT	2.4086021505376345	0.06483845981341485
24h	DT_L_CPT	2.4301075268817205	0.06558433490596915
24h	DT_L_CPT	2.4516129032258065	0.06629979764671373
24h	DT_L_CPT	2.4731182795698925	0.06698541400619548
24h	DT_L_CPT	2.4946236559139785	0.06763940382856932
24h	DT_L_CPT	2.5161290322580645	0.06825832390168676
24h	DT_L_CPT	2.537634408602151	0.06884261913737598
24h	DT_L_CPT	2.559139784946237	0.06939222806567004
24h	DT_L_CPT	2.580645161290323	0.06990329862959471
24h	DT_L_CPT	2.602150537634409	0.07037683005372566
24h	DT_L_CPT	2.623655913978495	0.07081427466943896
24h	DT_L_CPT	2.645161290322581	0.0712146116816911
24h	DT_L_CPT	2.666666666666667	0.07157908976155514
24h	DT_L_CPT	2.688172043010753	0.07190601371748981
24h	DT_L_CPT	2.709677419354839	0.07219600689272758
24h	DT_L_CPT	2.731182795698925	0.07245174574926788
24h	DT_L_CPT	2.752688172043011	0.07267134634596015
24h	DT_L_CPT	2.774193548387097	0.07285779870196606
24h	DT_L_CPT	2.795698924731183	0.07301131728848693
24h	DT_L_CPT	2.817204301075269	0.07313150704879391
24h	DT_L_CPT	2.838709677419355	0.0732202468435151
24h	DT_L_CPT	2.860215053763441	0.07328178969512844
24h	DT_L_CPT	2.881720430107527	0.07331573240608448
24h	DT_L_CPT	2.903225806451613	0.07332122353246569
24h	DT_L_CPT	2.924731182795699	0.07330051348223866
24h	DT_L_CPT	2.946236559139785	0.07325495148703229
24h	DT_L_CPT	2.967741935483871	0.07318469335571198
24h	DT_L_CPT	2.9892473118279574	0.07309276917558628
24h	DT_L_CPT	3.0107526881720434	0.0729778945278602
24h	DT_L_CPT	3.0322580645161294	0.07284494153614178
24h	DT_L_CPT	3.0537634408602155	0.07269486042673552
24h	DT_L_CPT	3.0752688172043015	0.07253113151182161
24h	DT_L_CPT	3.0967741935483875	0.07235269251793247
24h	DT_L_CPT	3.1182795698924735	0.07216395005898626
24h	DT_L_CPT	3.1397849462365595	0.0719652107509075
24h	DT_L_CPT	3.1612903225806455	0.07176110289158437
24h	DT_L_CPT	3.1827956989247315	0.0715499985237027
24h	DT_L_CPT	3.2043010752688175	0.07134005094308608
24h	DT_L_CPT	3.2258064516129035	0.07113145259976081
24h	DT_L_CPT	3.2473118279569895	0.0709270912800962
24h	DT_L_CPT	3.2688172043010755	0.07072797181102615
24h	DT_L_CPT	3.2903225806451615	0.07053646340429078
24h	DT_L_CPT	3.3118279569892475	0.07035493821750045
24h	DT_L_CPT	3.3333333333333335	0.07018194741542674
24h	DT_L_CPT	3.3548387096774195	0.07002258490826688
24h	DT_L_CPT	3.3763440860215055	0.06987828417561255
24h	DT_L_CPT	3.3978494623655915	0.06974798968527324
24h	DT_L_CPT	3.4193548387096775	0.06963180067873907
24h	DT_L_CPT	3.440860215053764	0.06952901259337546
24h	DT_L_CPT	3.46236559139785	0.06944023546248353
24h	DT_L_CPT	3.483870967741936	0.0693629111243768
24h	DT_L_CPT	3.505376344086022	0.06929968751934387
24h	DT_L_CPT	3.526881720430108	0.06924955326123647
24h	DT_L_CPT	3.548387096774194	0.0692105093309547
24h	DT_L_CPT	3.56989247311828	0.06918067462019
24h	DT_L_CPT	3.591397849462366	0.06915960631172641
24h	DT_L_CPT	3.612903225806452	0.06914501789504876
24h	DT_L_CPT	3.634408602150538	0.06914070716390451
24h	DT_L_CPT	3.655913978494624	0.06914392580869609
24h	DT_L_CPT	3.67741935483871	0.06915380083703487
24h	DT_L_CPT	3.698924731182796	0.06916989220908479
24h	DT_L_CPT	3.720430107526882	0.06918982600607518
24h	DT_L_CPT	3.741935483870968	0.06921572853238195
24h	DT_L_CPT	3.763440860215054	0.06924931226959484
24h	DT_L_CPT	3.78494623655914	0.06928800325819937
24h	DT_L_CPT	3.806451612903226	0.06933236562539886
24h	DT_L_CPT	3.827956989247312	0.06937909390704919
24h	DT_L_CPT	3.849462365591398	0.06943288658112544
24h	DT_L_CPT	3.870967741935484	0.06949280239810214
24h	DT_L_CPT	3.89247311827957	0.06955708442858322
24h	DT_L_CPT	3.9139784946236564	0.06962439117651949
24h	DT_L_CPT	3.9354838709677424	0.06969366908214748
24h	DT_L_CPT	3.9569892473118284	0.06976769676394005
24h	DT_L_CPT	3.9784946236559144	0.06984386813074771
24h	DT_L_CPT	4.0	0.06992018823147421
24h	DT_L_CPT	4.021505376344086	0.06999365828636249
24h	DT_L_CPT	4.043010752688172	0.07006696818893705
24h	DT_L_CPT	4.064516129032258	0.0701379826877688
24h	DT_L_CPT	4.086021505376344	0.07020449752523769
24h	DT_L_CPT	4.10752688172043	0.07026406567436873
24h	DT_L_CPT	4.129032258064516	0.0703168094699534
24h	DT_L_CPT	4.150537634408603	0.07036280584112836
24h	DT_L_CPT	4.172043010752689	0.07039947300931108
24h	DT_L_CPT	4.193548387096775	0.07042333155013955
24h	DT_L_CPT	4.215053763440861	0.07043820274844523
24h	DT_L_CPT	4.236559139784947	0.0704411534257802
24h	DT_L_CPT	4.258064516129033	0.07043119695090298
24h	DT_L_CPT	4.279569892473119	0.07040671713480423
24h	DT_L_CPT	4.301075268817205	0.0703705768805055
24h	DT_L_CPT	4.322580645161291	0.07032125727287579
24h	DT_L_CPT	4.344086021505377	0.07025717727444436
24h	DT_L_CPT	4.365591397849463	0.07018003744543964
24h	DT_L_CPT	4.387096774193549	0.07008996873690695
24h	DT_L_CPT	4.408602150537635	0.06998596180327352
24h	DT_L_CPT	4.430107526881721	0.06986839351815277
24h	DT_L_CPT	4.451612903225807	0.06974003063003718
24h	DT_L_CPT	4.473118279569893	0.06959840684968469
24h	DT_L_CPT	4.494623655913979	0.06944453599652858
24h	DT_L_CPT	4.516129032258065	0.06928006739756488
24h	DT_L_CPT	4.537634408602151	0.06910377192609579
24h	DT_L_CPT	4.559139784946237	0.06891523918884905
24h	DT_L_CPT	4.580645161290323	0.06871741212664866
24h	DT_L_CPT	4.602150537634409	0.06850747676089543
24h	DT_L_CPT	4.623655913978495	0.06828691884887524
24h	DT_L_CPT	4.645161290322581	0.06805647026719115
24h	DT_L_CPT	4.666666666666667	0.06781441684775576
24h	DT_L_CPT	4.688172043010753	0.06756253099278166
24h	DT_L_CPT	4.709677419354839	0.06730107956155125
24h	DT_L_CPT	4.731182795698925	0.06702790210514084
24h	DT_L_CPT	4.752688172043011	0.06674615987397665
24h	DT_L_CPT	4.774193548387097	0.06645363557896729
24h	DT_L_CPT	4.795698924731183	0.06615168780352434
24h	DT_L_CPT	4.817204301075269	0.06584075854583257
24h	DT_L_CPT	4.838709677419355	0.06551903789438877
24h	DT_L_CPT	4.860215053763441	0.06518983330256453
24h	DT_L_CPT	4.881720430107527	0.06485063946373232
24h	DT_L_CPT	4.903225806451613	0.06450404782083623
24h	DT_L_CPT	4.924731182795699	0.0641486444042229
24h	DT_L_CPT	4.946236559139785	0.06378546940380618
24h	DT_L_CPT	4.967741935483871	0.06341588748868289
24h	DT_L_CPT	4.989247311827957	0.06303845394227461
24h	DT_L_CPT	5.010752688172043	0.06265510262549978
24h	DT_L_CPT	5.032258064516129	0.06226492607147126
24h	DT_L_CPT	5.053763440860216	0.061870396328674124
24h	DT_L_CPT	5.075268817204302	0.06146963655820423
24h	DT_L_CPT	5.096774193548388	0.061065703832755405
24h	DT_L_CPT	5.118279569892474	0.06065738134651094
24h	DT_L_CPT	5.13978494623656	0.06024715339435771
24h	DT_L_CPT	5.161290322580646	0.059833562113263905
24h	DT_L_CPT	5.182795698924732	0.059420369613038385
24h	DT_L_CPT	5.204301075268818	0.05900595263323503
24h	DT_L_CPT	5.225806451612904	0.05859309707009729
24h	DT_L_CPT	5.24731182795699	0.05818256399435242
24h	DT_L_CPT	5.268817204301076	0.057775975937088296
24h	DT_L_CPT	5.290322580645162	0.057375024237850215
24h	DT_L_CPT	5.311827956989248	0.056980350808326474
24h	DT_L_CPT	5.333333333333334	0.05659503980173894
24h	DT_L_CPT	5.35483870967742	0.056219627696415427
24h	DT_L_CPT	5.376344086021506	0.05585764024019289
24h	DT_L_CPT	5.397849462365592	0.05551046803708316
24h	DT_L_CPT	5.419354838709678	0.05518013454173482
24h	DT_L_CPT	5.440860215053764	0.054869662958088296
24h	DT_L_CPT	5.46236559139785	0.054579703528546006
24h	DT_L_CPT	5.483870967741936	0.054313833097279995
24h	DT_L_CPT	5.505376344086022	0.05407406959182102
24h	DT_L_CPT	5.526881720430108	0.05386106146587904
24h	DT_L_CPT	5.548387096774194	0.053677163352213106
24h	DT_L_CPT	5.56989247311828	0.05352447349746758
24h	DT_L_CPT	5.591397849462366	0.053403332542010816
24h	DT_L_CPT	5.612903225806452	0.05331451138376625
24h	DT_L_CPT	5.634408602150538	0.053259411021062866
24h	DT_L_CPT	5.655913978494624	0.053237013377023835
24h	DT_L_CPT	5.67741935483871	0.05324658829786061
24h	DT_L_CPT	5.698924731182796	0.053287523360978514
24h	DT_L_CPT	5.720430107526882	0.053359093030435165
24h	DT_L_CPT	5.741935483870968	0.053458660272945054
24h	DT_L_CPT	5.763440860215054	0.05358411996490157
24h	DT_L_CPT	5.78494623655914	0.053732998465918676
24h	DT_L_CPT	5.806451612903226	0.05390141887619052
24h	DT_L_CPT	5.827956989247312	0.0540870651288546
24h	DT_L_CPT	5.849462365591398	0.05428618207579706
24h	DT_L_CPT	5.870967741935484	0.054494526390766726
24h	DT_L_CPT	5.89247311827957	0.054708756249904074
24h	DT_L_CPT	5.913978494623656	0.05492516416995454
24h	DT_L_CPT	5.935483870967742	0.05514011688584362
24h	DT_L_CPT	5.956989247311828	0.05534998567752706
24h	DT_L_CPT	5.978494623655915	0.055551566353194116
24h	DT_L_CPT	6.000000000000001	0.055742400303086276
24h	DT_L_CPT	6.021505376344087	0.055920067622098925
24h	DT_L_CPT	6.043010752688173	0.056082164238296754
24h	DT_L_CPT	6.064516129032259	0.05622773038334213
24h	DT_L_CPT	6.086021505376345	0.056355029513714724
24h	DT_L_CPT	6.107526881720431	0.05646447416773765
24h	DT_L_CPT	6.129032258064517	0.05655605927233473
24h	DT_L_CPT	6.150537634408603	0.05663014521445588
24h	DT_L_CPT	6.172043010752689	0.05668836382646086
24h	DT_L_CPT	6.193548387096775	0.05673223442562309
24h	DT_L_CPT	6.215053763440861	0.05676377540072384
24h	DT_L_CPT	6.236559139784947	0.056785447028002034
24h	DT_L_CPT	6.258064516129033	0.056799638219656716
24h	DT_L_CPT	6.279569892473119	0.056809807040774034
24h	DT_L_CPT	6.301075268817205	0.05681801461731906
24h	DT_L_CPT	6.322580645161291	0.0568276624188299
24h	DT_L_CPT	6.344086021505377	0.056841939299919375
24h	DT_L_CPT	6.365591397849463	0.056863963507449114
24h	DT_L_CPT	6.387096774193549	0.056895838004564915
24h	DT_L_CPT	6.408602150537635	0.05693986208900222
24h	DT_L_CPT	6.430107526881721	0.05699867767532432
24h	DT_L_CPT	6.451612903225807	0.057073594204085545
24h	DT_L_CPT	6.473118279569893	0.05716637482760197
24h	DT_L_CPT	6.494623655913979	0.05727797110121221
24h	DT_L_CPT	6.516129032258065	0.057409615256065125
24h	DT_L_CPT	6.537634408602151	0.05756159637507918
24h	DT_L_CPT	6.559139784946237	0.05773405958178553
24h	DT_L_CPT	6.580645161290323	0.05792643213485725
24h	DT_L_CPT	6.602150537634409	0.05813875998229905
24h	DT_L_CPT	6.623655913978495	0.058370142755508184
24h	DT_L_CPT	6.645161290322581	0.05861959178409037
24h	DT_L_CPT	6.666666666666667	0.05888508199895671
24h	DT_L_CPT	6.688172043010753	0.059165421964894944
24h	DT_L_CPT	6.709677419354839	0.05945867618394936
24h	DT_L_CPT	6.731182795698925	0.05976303820204638
24h	DT_L_CPT	6.752688172043011	0.0600770232205425
24h	DT_L_CPT	6.774193548387097	0.060397523075517684
24h	DT_L_CPT	6.795698924731183	0.06072272699970327
24h	DT_L_CPT	6.817204301075269	0.061051372828963946
24h	DT_L_CPT	6.838709677419355	0.061380831335349134
24h	DT_L_CPT	6.860215053763441	0.061709719923238884
24h	DT_L_CPT	6.881720430107528	0.062036561624615766
24h	DT_L_CPT	6.903225806451614	0.062360023847693305
24h	DT_L_CPT	6.9247311827957	0.0626795308641174
24h	DT_L_CPT	6.946236559139786	0.06299370616170975
24h	DT_L_CPT	6.967741935483872	0.06330265759382467
24h	DT_L_CPT	6.989247311827958	0.06360677211615388
24h	DT_L_CPT	7.010752688172044	0.06390694735456237
24h	DT_L_CPT	7.03225806451613	0.06420415525014471
24h	DT_L_CPT	7.053763440860216	0.06449935265929861
24h	DT_L_CPT	7.075268817204302	0.06479417699010973
24h	DT_L_CPT	7.096774193548388	0.06509051198438641
24h	DT_L_CPT	7.118279569892474	0.0653897783205827
24h	DT_L_CPT	7.13978494623656	0.06569423329053259
24h	DT_L_CPT	7.161290322580646	0.06600588934267242
24h	DT_L_CPT	7.182795698924732	0.06632581123956141
24h	DT_L_CPT	7.204301075268818	0.06665596770084187
24h	DT_L_CPT	7.225806451612904	0.06699779678274283
24h	DT_L_CPT	7.24731182795699	0.06735208530979485
24h	DT_L_CPT	7.268817204301076	0.06771936932918711
24h	DT_L_CPT	7.290322580645162	0.06809972187132343
24h	DT_L_CPT	7.311827956989248	0.06849419694852088
24h	DT_L_CPT	7.333333333333334	0.0689019524980928
24h	DT_L_CPT	7.35483870967742	0.06932184686597703
24h	DT_L_CPT	7.376344086021506	0.06975370250262616
24h	DT_L_CPT	7.397849462365592	0.07019712040468513
24h	DT_L_CPT	7.419354838709678	0.07065053873056279
24h	DT_L_CPT	7.440860215053764	0.07111314189645133
24h	DT_L_CPT	7.46236559139785	0.07158429618225465
24h	DT_L_CPT	7.483870967741936	0.07206271808001002
24h	DT_L_CPT	7.505376344086022	0.07254877404247177
24h	DT_L_CPT	7.526881720430108	0.0730420946117727
24h	DT_L_CPT	7.548387096774194	0.07354254189118005
24h	DT_L_CPT	7.56989247311828	0.07405078012363409
24h	DT_L_CPT	7.591397849462366	0.07456655783077366
24h	DT_L_CPT	7.612903225806452	0.07509132081965537
24h	DT_L_CPT	7.634408602150538	0.07562678068496699
24h	DT_L_CPT	7.655913978494624	0.07617357493815252
24h	DT_L_CPT	7.67741935483871	0.07673354313995441
24h	DT_L_CPT	7.698924731182796	0.07730907813288719
24h	DT_L_CPT	7.720430107526882	0.07790158536972855
24h	DT_L_CPT	7.741935483870968	0.078514440494701
24h	DT_L_CPT	7.763440860215054	0.07914779633169763
24h	DT_L_CPT	7.78494623655914	0.07980462900106232
24h	DT_L_CPT	7.806451612903227	0.08048732978971808
24h	DT_L_CPT	7.827956989247313	0.08119784595118465
24h	DT_L_CPT	7.849462365591399	0.08193732368527208
24h	DT_L_CPT	7.870967741935485	0.08270900549996796
24h	DT_L_CPT	7.892473118279571	0.08351341076440467
24h	DT_L_CPT	7.913978494623657	0.08435191284800612
24h	DT_L_CPT	7.935483870967743	0.08522565423088399
24h	DT_L_CPT	7.956989247311829	0.08613512830773214
24h	DT_L_CPT	7.978494623655915	0.08708067936095061
24h	DT_L_CPT	8.0	0.08806359380675756
24h	DT_L_CPT	8.021505376344086	0.08908226380692627
24h	DT_L_CPT	8.043010752688172	0.09013680792561109
24h	DT_L_CPT	8.064516129032258	0.0912258148208271
24h	DT_L_CPT	8.086021505376344	0.09234871712168179
24h	DT_L_CPT	8.10752688172043	0.09350274093105013
24h	DT_L_CPT	8.129032258064516	0.09468711929375359
24h	DT_L_CPT	8.150537634408602	0.09589973730807626
24h	DT_L_CPT	8.172043010752688	0.09713697228077837
24h	DT_L_CPT	8.193548387096774	0.09839743468733349
24h	DT_L_CPT	8.21505376344086	0.09967677925005909
24h	DT_L_CPT	8.236559139784946	0.10097315525626929
24h	DT_L_CPT	8.258064516129032	0.10228305164589785
24h	DT_L_CPT	8.27956989247312	0.10360223080141655
24h	DT_L_CPT	8.301075268817206	0.10492814475044146
24h	DT_L_CPT	8.322580645161292	0.1062570773621472
24h	DT_L_CPT	8.344086021505378	0.10758540704220579
24h	DT_L_CPT	8.365591397849464	0.10891076021137543
24h	DT_L_CPT	8.38709677419355	0.11022978284979032
24h	DT_L_CPT	8.408602150537636	0.11153799367395918
24h	DT_L_CPT	8.430107526881722	0.11283365600895738
24h	DT_L_CPT	8.451612903225808	0.1141141015133163
24h	DT_L_CPT	8.473118279569894	0.11537606505026587
24h	DT_L_CPT	8.49462365591398	0.11661758165130959
24h	DT_L_CPT	8.516129032258066	0.117836697491732
24h	DT_L_CPT	8.537634408602152	0.11903200930519474
24h	DT_L_CPT	8.559139784946238	0.12020284223737485
24h	DT_L_CPT	8.580645161290324	0.12134825107730214
24h	DT_L_CPT	8.60215053763441	0.12246721298997693
24h	DT_L_CPT	8.623655913978496	0.12356023707863942
24h	DT_L_CPT	8.645161290322582	0.12462837215110525
24h	DT_L_CPT	8.666666666666668	0.12567306858455352
24h	DT_L_CPT	8.688172043010754	0.1266958410046094
24h	DT_L_CPT	8.70967741935484	0.12769869245530696
24h	DT_L_CPT	8.731182795698926	0.12868462737189348
24h	DT_L_CPT	8.752688172043012	0.12965579821294476
24h	DT_L_CPT	8.774193548387098	0.13061592053635576
24h	DT_L_CPT	8.795698924731184	0.13156845993423769
24h	DT_L_CPT	8.81720430107527	0.1325165188928232
24h	DT_L_CPT	8.838709677419356	0.13346308524101044
24h	DT_L_CPT	8.860215053763442	0.1344115903262411
24h	DT_L_CPT	8.881720430107528	0.13536447883582864
24h	DT_L_CPT	8.903225806451614	0.1363245182561263
24h	DT_L_CPT	8.9247311827957	0.13729453333926947
24h	DT_L_CPT	8.946236559139786	0.13827574828468328
24h	DT_L_CPT	8.967741935483872	0.13926971512795594
24h	DT_L_CPT	8.989247311827958	0.140276267628438
24h	DT_L_CPT	9.010752688172044	0.1412952311520107
24h	DT_L_CPT	9.03225806451613	0.14232560026220203
24h	DT_L_CPT	9.053763440860216	0.14336752498828673
24h	DT_L_CPT	9.075268817204302	0.1444189094334159
24h	DT_L_CPT	9.096774193548388	0.14547821570171865
24h	DT_L_CPT	9.118279569892474	0.14654254642934333
24h	DT_L_CPT	9.13978494623656	0.14760876285758673
24h	DT_L_CPT	9.161290322580646	0.14867384978945108
24h	DT_L_CPT	9.182795698924732	0.1497356542861648
24h	DT_L_CPT	9.204301075268818	0.15079110628742753
24h	DT_L_CPT	9.225806451612904	0.15183674354913193
24h	DT_L_CPT	9.24731182795699	0.15286972370451646
24h	DT_L_CPT	9.268817204301076	0.1538877593282036
24h	DT_L_CPT	9.290322580645162	0.1548880600257159
24h	DT_L_CPT	9.311827956989248	0.15586778895863088
24h	DT_L_CPT	9.333333333333334	0.15682557303819597
24h	DT_L_CPT	9.35483870967742	0.1577598172556255
24h	DT_L_CPT	9.376344086021506	0.15866889579925444
24h	DT_L_CPT	9.397849462365592	0.15955202565152168
24h	DT_L_CPT	9.419354838709678	0.16040852966617444
24h	DT_L_CPT	9.440860215053764	0.16123872786360327
24h	DT_L_CPT	9.46236559139785	0.1620422668035774
24h	DT_L_CPT	9.483870967741936	0.16281995769676916
24h	DT_L_CPT	9.505376344086022	0.16357181341989993
24h	DT_L_CPT	9.526881720430108	0.16429891901803265
24h	DT_L_CPT	9.548387096774194	0.1650028853850661
24h	DT_L_CPT	9.56989247311828	0.16568362821616323
24h	DT_L_CPT	9.591397849462366	0.16634281796184186
24h	DT_L_CPT	9.612903225806452	0.16698153819606504
24h	DT_L_CPT	9.634408602150538	0.16759921032865266
24h	DT_L_CPT	9.655913978494624	0.16819712816412702
24h	DT_L_CPT	9.67741935483871	0.16877485271103837
24h	DT_L_CPT	9.698924731182796	0.16933179323980982
24h	DT_L_CPT	9.720430107526882	0.16986628678074628
24h	DT_L_CPT	9.741935483870968	0.17037657395819056
24h	DT_L_CPT	9.763440860215054	0.17086069077309307
24h	DT_L_CPT	9.78494623655914	0.1713159042993676
24h	DT_L_CPT	9.806451612903226	0.171738534717408
24h	DT_L_CPT	9.827956989247312	0.1721250819165322
24h	DT_L_CPT	9.849462365591398	0.17247198028342994
24h	DT_L_CPT	9.870967741935484	0.17277546565674337
24h	DT_L_CPT	9.89247311827957	0.17303299412844625
24h	DT_L_CPT	9.913978494623656	0.17323996859492402
24h	DT_L_CPT	9.935483870967742	0.17339429092272196
24h	DT_L_CPT	9.956989247311828	0.17349293364068072
24h	DT_L_CPT	9.978494623655914	0.17353519998077718
24h	DT_L_CPT	10.0	0.17351852789263814
24h	DT_L_CPT	10.021505376344086	0.17344446941254435
24h	DT_L_CPT	10.043010752688172	0.17331274331902372
24h	DT_L_CPT	10.064516129032258	0.17312507782737613
24h	DT_L_CPT	10.086021505376344	0.1728838456574443
24h	DT_L_CPT	10.107526881720432	0.17259161990104419
24h	DT_L_CPT	10.129032258064518	0.17225131618627584
24h	DT_L_CPT	10.150537634408604	0.17186682649194476
24h	DT_L_CPT	10.17204301075269	0.1714424583399622
24h	DT_L_CPT	10.193548387096776	0.17098092527994221
24h	DT_L_CPT	10.215053763440862	0.17048642145476542
24h	DT_L_CPT	10.236559139784948	0.16996176074191144
24h	DT_L_CPT	10.258064516129034	0.16940899927386613
24h	DT_L_CPT	10.27956989247312	0.16883144527605873
24h	DT_L_CPT	10.301075268817206	0.16822964531563528
24h	DT_L_CPT	10.322580645161292	0.16760429600450102
24h	DT_L_CPT	10.344086021505378	0.16695534375844887
24h	DT_L_CPT	10.365591397849464	0.16628134598697109
24h	DT_L_CPT	10.38709677419355	0.16558102499568417
24h	DT_L_CPT	10.408602150537636	0.1648539670579896
24h	DT_L_CPT	10.430107526881722	0.16409578966879132
24h	DT_L_CPT	10.451612903225808	0.16330447784517954
24h	DT_L_CPT	10.473118279569894	0.16247719001087707
24h	DT_L_CPT	10.49462365591398	0.1616100440031138
24h	DT_L_CPT	10.516129032258066	0.16070032331343084
24h	DT_L_CPT	10.537634408602152	0.15974468573819856
24h	DT_L_CPT	10.559139784946238	0.15874046924956445
24h	DT_L_CPT	10.580645161290324	0.15768570905834003
24h	DT_L_CPT	10.60215053763441	0.15657887673545762
24h	DT_L_CPT	10.623655913978496	0.1554181056489629
24h	DT_L_CPT	10.645161290322582	0.15420263012972832
24h	DT_L_CPT	10.666666666666668	0.15293241280336542
24h	DT_L_CPT	10.688172043010754	0.1516079562236797
24h	DT_L_CPT	10.70967741935484	0.15022977049290673
24h	DT_L_CPT	10.731182795698926	0.1487991791149058
24h	DT_L_CPT	10.752688172043012	0.14731794538107743
24h	DT_L_CPT	10.774193548387098	0.1457887447095912
24h	DT_L_CPT	10.795698924731184	0.14421377035577898
24h	DT_L_CPT	10.81720430107527	0.14259560319205858
24h	DT_L_CPT	10.838709677419356	0.14093825855971445
24h	DT_L_CPT	10.860215053763442	0.13924389816711713
24h	DT_L_CPT	10.881720430107528	0.1375156283756612
24h	DT_L_CPT	10.903225806451614	0.13575676207466905
24h	DT_L_CPT	10.9247311827957	0.13396925352383382
24h	DT_L_CPT	10.946236559139786	0.1321567407543677
24h	DT_L_CPT	10.967741935483872	0.13032095305943633
24h	DT_L_CPT	10.989247311827958	0.12846501846670588
24h	DT_L_CPT	11.010752688172044	0.12659090434756234
24h	DT_L_CPT	11.03225806451613	0.12470047474779919
24h	DT_L_CPT	11.053763440860216	0.12279554975616368
24h	DT_L_CPT	11.075268817204302	0.12087782976804178
24h	DT_L_CPT	11.096774193548388	0.11894874667688936
24h	DT_L_CPT	11.118279569892474	0.11701064019492903
24h	DT_L_CPT	11.13978494623656	0.11506564946792278
24h	DT_L_CPT	11.161290322580646	0.1131151380531089
24h	DT_L_CPT	11.182795698924732	0.11116072581587874
24h	DT_L_CPT	11.204301075268818	0.1092045530792343
24h	DT_L_CPT	11.225806451612904	0.10724975734238577
24h	DT_L_CPT	11.24731182795699	0.10529924912007957
24h	DT_L_CPT	11.268817204301076	0.10335554605323068
24h	DT_L_CPT	11.290322580645162	0.10142225607497844
24h	DT_L_CPT	11.311827956989248	0.09950275522951563
24h	DT_L_CPT	11.333333333333334	0.09760029368547236
24h	DT_L_CPT	11.35483870967742	0.0957186400513745
24h	DT_L_CPT	11.376344086021506	0.09386128156189764
24h	DT_L_CPT	11.397849462365592	0.09203125229624076
24h	DT_L_CPT	11.419354838709678	0.09023254765965281
24h	DT_L_CPT	11.440860215053764	0.08846717611012687
24h	DT_L_CPT	11.46236559139785	0.08673805995309658
24h	DT_L_CPT	11.483870967741936	0.08504722361238576
24h	DT_L_CPT	11.505376344086022	0.083395975151286
24h	DT_L_CPT	11.526881720430108	0.08178521108959942
24h	DT_L_CPT	11.548387096774194	0.08021428556910912
24h	DT_L_CPT	11.56989247311828	0.07868395510876829
24h	DT_L_CPT	11.591397849462366	0.0771927185398131
24h	DT_L_CPT	11.612903225806452	0.07573816509069806
24h	DT_L_CPT	11.634408602150538	0.0743192400210528
24h	DT_L_CPT	11.655913978494624	0.07293281557326961
24h	DT_L_CPT	11.67741935483871	0.07157555689322795
24h	DT_L_CPT	11.698924731182796	0.07024374534373991
24h	DT_L_CPT	11.720430107526882	0.0689356182438883
24h	DT_L_CPT	11.741935483870968	0.06764675436344049
24h	DT_L_CPT	11.763440860215054	0.06637470627772188
24h	DT_L_CPT	11.78494623655914	0.06511574775607412
24h	DT_L_CPT	11.806451612903226	0.06386735235560495
24h	DT_L_CPT	11.827956989247312	0.06262714297668875
24h	DT_L_CPT	11.849462365591398	0.061392888424327184
24h	DT_L_CPT	11.870967741935484	0.06016306607348054
24h	DT_L_CPT	11.89247311827957	0.05893642914090806
24h	DT_L_CPT	11.913978494623656	0.05771377724944266
24h	DT_L_CPT	11.935483870967744	0.05649357130143245
24h	DT_L_CPT	11.95698924731183	0.05527786659210861
24h	DT_L_CPT	11.978494623655916	0.05406566190214428
24h	DT_L_CPT	12.000000000000002	0.052859090868490846
24h	DT_L_CPT	12.021505376344088	0.05165897887378822
24h	DT_L_CPT	12.043010752688174	0.050467083078129055
24h	DT_L_CPT	12.06451612903226	0.04928472437132069
24h	DT_L_CPT	12.086021505376346	0.04811323562882002
24h	DT_L_CPT	12.107526881720432	0.04695472257346821
24h	DT_L_CPT	12.129032258064518	0.04581025275411527
24h	DT_L_CPT	12.150537634408604	0.04468128310917263
24h	DT_L_CPT	12.17204301075269	0.04356884088025775
24h	DT_L_CPT	12.193548387096776	0.042474692542629124
24h	DT_L_CPT	12.215053763440862	0.04139982926092892
24h	DT_L_CPT	12.236559139784948	0.040345002623391135
24h	DT_L_CPT	12.258064516129034	0.03931127761165425
24h	DT_L_CPT	12.27956989247312	0.0382991616679844
24h	DT_L_CPT	12.301075268817206	0.037309458800965714
24h	DT_L_CPT	12.322580645161292	0.036342778478515046
24h	DT_L_CPT	12.344086021505378	0.03539996408183588
24h	DT_L_CPT	12.365591397849464	0.03448126311779437
24h	DT_L_CPT	12.38709677419355	0.033587377608378516
24h	DT_L_CPT	12.408602150537636	0.03271824316031957
24h	DT_L_CPT	12.430107526881722	0.0318747248057701
24h	DT_L_CPT	12.451612903225808	0.031056996391707985
24h	DT_L_CPT	12.473118279569894	0.03026563523313937
24h	DT_L_CPT	12.49462365591398	0.02950083378325602
24h	DT_L_CPT	12.516129032258066	0.028762225544274024
24h	DT_L_CPT	12.537634408602152	0.028050064602936374
24h	DT_L_CPT	12.559139784946238	0.027364045156551265
24h	DT_L_CPT	12.580645161290324	0.026704079638376406
24h	DT_L_CPT	12.60215053763441	0.026069442564336732
24h	DT_L_CPT	12.623655913978496	0.025459678591519097
24h	DT_L_CPT	12.645161290322582	0.02487389127977998
24h	DT_L_CPT	12.666666666666668	0.024311095931476033
24h	DT_L_CPT	12.688172043010754	0.023770233566507384
24h	DT_L_CPT	12.70967741935484	0.02325039240961052
24h	DT_L_CPT	12.731182795698926	0.022750226246701474
24h	DT_L_CPT	12.752688172043012	0.02226845997724246
24h	DT_L_CPT	12.774193548387098	0.021803720577120225
24h	DT_L_CPT	12.795698924731184	0.021354072139989654
24h	DT_L_CPT	12.81720430107527	0.020918646389734927
24h	DT_L_CPT	12.838709677419356	0.02049592713775284
24h	DT_L_CPT	12.860215053763442	0.020084290591684692
24h	DT_L_CPT	12.881720430107528	0.019683188356382348
24h	DT_L_CPT	12.903225806451614	0.01929071196720294
24h	DT_L_CPT	12.9247311827957	0.018906425689404673
24h	DT_L_CPT	12.946236559139786	0.018529155003378824
24h	DT_L_CPT	12.967741935483872	0.01815841844469512
24h	DT_L_CPT	12.989247311827958	0.017793524566675118
24h	DT_L_CPT	13.010752688172044	0.017434132062315616
24h	DT_L_CPT	13.03225806451613	0.01708013996236065
24h	DT_L_CPT	13.053763440860216	0.01673119072887211
24h	DT_L_CPT	13.075268817204302	0.016387832662790716
24h	DT_L_CPT	13.096774193548388	0.016050170365682584
24h	DT_L_CPT	13.118279569892474	0.01571879188057452
24h	DT_L_CPT	13.13978494623656	0.01539406961731128
24h	DT_L_CPT	13.161290322580646	0.015076760010269502
24h	DT_L_CPT	13.182795698924732	0.014767247843000627
24h	DT_L_CPT	13.204301075268818	0.014466455790309737
24h	DT_L_CPT	13.225806451612904	0.014174612371365823
24h	DT_L_CPT	13.24731182795699	0.01389170924028655
24h	DT_L_CPT	13.268817204301076	0.013619042898118657
24h	DT_L_CPT	13.290322580645162	0.013356341530144622
24h	DT_L_CPT	13.311827956989248	0.013103901046252156
24h	DT_L_CPT	13.333333333333334	0.01286169013402287
24h	DT_L_CPT	13.35483870967742	0.012629349733433088
24h	DT_L_CPT	13.376344086021506	0.012406447847715905
24h	DT_L_CPT	13.397849462365592	0.012192517736615675
24h	DT_L_CPT	13.419354838709678	0.011987001185539092
24h	DT_L_CPT	13.440860215053764	0.01178904515501623
24h	DT_L_CPT	13.46236559139785	0.01159780752182256
24h	DT_L_CPT	13.483870967741936	0.011412139681698895
24h	DT_L_CPT	13.505376344086022	0.01123128129956398
24h	DT_L_CPT	13.526881720430108	0.01105440077997856
24h	DT_L_CPT	13.548387096774194	0.010880453672225676
24h	DT_L_CPT	13.56989247311828	0.010708494725113898
24h	DT_L_CPT	13.591397849462366	0.010537632935483222
24h	DT_L_CPT	13.612903225806452	0.010367146572053459
24h	DT_L_CPT	13.634408602150538	0.010196157054013137
24h	DT_L_CPT	13.655913978494624	0.010024282812103812
24h	DT_L_CPT	13.67741935483871	0.009851320316001952
24h	DT_L_CPT	13.698924731182796	0.00967699030112327
24h	DT_L_CPT	13.720430107526882	0.009500370637010109
24h	DT_L_CPT	13.741935483870968	0.009321915905668235
24h	DT_L_CPT	13.763440860215056	0.009141391381303146
24h	DT_L_CPT	13.784946236559142	0.008958608454331935
24h	DT_L_CPT	13.806451612903228	0.008773865131188639
24h	DT_L_CPT	13.827956989247314	0.008587114559810522
24h	DT_L_CPT	13.8494623655914	0.008398692273638608
24h	DT_L_CPT	13.870967741935486	0.00820846363749309
24h	DT_L_CPT	13.892473118279572	0.008016845790092441
24h	DT_L_CPT	13.913978494623658	0.00782394031661175
24h	DT_L_CPT	13.935483870967744	0.007630088908658176
24h	DT_L_CPT	13.95698924731183	0.007435285365067164
24h	DT_L_CPT	13.978494623655916	0.0072400800452229325
24h	DT_L_CPT	14.000000000000002	0.007044642804054006
24h	DT_L_CPT	14.021505376344088	0.006849460552957014
24h	DT_L_CPT	14.043010752688174	0.006654671925272562
24h	DT_L_CPT	14.06451612903226	0.006460979594739253
24h	DT_L_CPT	14.086021505376346	0.006268648468434713
24h	DT_L_CPT	14.107526881720432	0.006078220427508708
24h	DT_L_CPT	14.129032258064518	0.0058903014636074984
24h	DT_L_CPT	14.150537634408604	0.005705344018674004
24h	DT_L_CPT	14.17204301075269	0.005524281671790509
24h	DT_L_CPT	14.193548387096776	0.005347451467262644
24h	DT_L_CPT	14.215053763440862	0.005175598501876031
24h	DT_L_CPT	14.236559139784948	0.005009267908523231
24h	DT_L_CPT	14.258064516129034	0.004849147241621648
24h	DT_L_CPT	14.27956989247312	0.004695676378638674
24h	DT_L_CPT	14.301075268817206	0.004549419150123924
24h	DT_L_CPT	14.322580645161292	0.004410599166657302
24h	DT_L_CPT	14.344086021505378	0.004279535928885827
24h	DT_L_CPT	14.365591397849464	0.004156532067393262
24h	DT_L_CPT	14.38709677419355	0.004041542409706082
24h	DT_L_CPT	14.408602150537636	0.003934467304989607
24h	DT_L_CPT	14.430107526881722	0.0038350005232806314
24h	DT_L_CPT	14.451612903225808	0.0037428733704238473
24h	DT_L_CPT	14.473118279569894	0.003657590707723382
24h	DT_L_CPT	14.49462365591398	0.003578705858288312
24h	DT_L_CPT	14.516129032258066	0.003505343833141115
24h	DT_L_CPT	14.537634408602152	0.0034368064364436123
24h	DT_L_CPT	14.559139784946238	0.003372523703190237
24h	DT_L_CPT	14.580645161290324	0.0033115456388087394
24h	DT_L_CPT	14.60215053763441	0.0032530697942814504
24h	DT_L_CPT	14.623655913978496	0.0031964725595901695
24h	DT_L_CPT	14.645161290322582	0.0031408641107159856
24h	DT_L_CPT	14.666666666666668	0.003085685260386546
24h	DT_L_CPT	14.688172043010754	0.003030542923496961
24h	DT_L_CPT	14.70967741935484	0.0029747568668576406
24h	DT_L_CPT	14.731182795698926	0.0029181368417879727
24h	DT_L_CPT	14.752688172043012	0.0028603354833833445
24h	DT_L_CPT	14.774193548387098	0.0028011000994370453
24h	DT_L_CPT	14.795698924731184	0.0027406683776452635
24h	DT_L_CPT	14.81720430107527	0.0026787956781150826
24h	DT_L_CPT	14.838709677419356	0.0026157038068444693
24h	DT_L_CPT	14.860215053763442	0.002551620759226295
24h	DT_L_CPT	14.881720430107528	0.0024866067830276576
24h	DT_L_CPT	14.903225806451614	0.0024208827003208825
24h	DT_L_CPT	14.9247311827957	0.002354669815151769
24h	DT_L_CPT	14.946236559139786	0.0022881776220454895
24h	DT_L_CPT	14.967741935483872	0.0022216198747929583
24h	DT_L_CPT	14.989247311827958	0.002155262476940029
24h	DT_L_CPT	15.010752688172044	0.0020890682128049953
24h	DT_L_CPT	15.03225806451613	0.0020231877432955953
24h	DT_L_CPT	15.053763440860216	0.001957630516015999
24h	DT_L_CPT	15.075268817204302	0.0018924506833569046
24h	DT_L_CPT	15.096774193548388	0.0018277083281857058
24h	DT_L_CPT	15.118279569892474	0.0017634711843788915
24h	DT_L_CPT	15.13978494623656	0.0016996635437050434
24h	DT_L_CPT	15.161290322580646	0.0016363977540454753
24h	DT_L_CPT	15.182795698924732	0.0015736366009696254
24h	DT_L_CPT	15.204301075268818	0.0015115020522209314
24h	DT_L_CPT	15.225806451612904	0.0014501924571104646
24h	DT_L_CPT	15.24731182795699	0.00138973975968614
24h	DT_L_CPT	15.268817204301076	0.0013302428020650467
24h	DT_L_CPT	15.290322580645162	0.0012719667546879068
24h	DT_L_CPT	15.311827956989248	0.001215178817750649
24h	DT_L_CPT	15.333333333333334	0.0011599920405844246
24h	DT_L_CPT	15.35483870967742	0.0011067546346610797
24h	DT_L_CPT	15.376344086021506	0.00105569829188203
24h	DT_L_CPT	15.397849462365592	0.0010070117325809073
24h	DT_L_CPT	15.419354838709678	0.0009608590610042649
24h	DT_L_CPT	15.440860215053764	0.0009174954664609558
24h	DT_L_CPT	15.46236559139785	0.0008770961614333555
24h	DT_L_CPT	15.483870967741936	0.0008397751650850464
24h	DT_L_CPT	15.505376344086022	0.0008055713654835443
24h	DT_L_CPT	15.526881720430108	0.0007745058607017941
24h	DT_L_CPT	15.548387096774194	0.0007465406480632305
24h	DT_L_CPT	15.56989247311828	0.0007216924115137909
24h	DT_L_CPT	15.591397849462366	0.0006998571405975806
24h	DT_L_CPT	15.612903225806454	0.0006808805995742261
24h	DT_L_CPT	15.63440860215054	0.000664633739172568
24h	DT_L_CPT	15.655913978494626	0.0006509283702289514
24h	DT_L_CPT	15.677419354838712	0.0006396502992137828
24h	DT_L_CPT	15.698924731182798	0.0006305440203261608
24h	DT_L_CPT	15.720430107526884	0.0006235778760021258
24h	DT_L_CPT	15.74193548387097	0.0006183883277808846
24h	DT_L_CPT	15.763440860215056	0.000614943801597186
24h	DT_L_CPT	15.784946236559142	0.0006131445752829731
24h	DT_L_CPT	15.806451612903228	0.0006127002096475991
24h	DT_L_CPT	15.827956989247314	0.0006135490038598649
24h	DT_L_CPT	15.8494623655914	0.0006155777926351006
24h	DT_L_CPT	15.870967741935486	0.0006186824799441685
24h	DT_L_CPT	15.892473118279572	0.0006228021464194918
24h	DT_L_CPT	15.913978494623658	0.0006278108361686109
24h	DT_L_CPT	15.935483870967744	0.0006335842817331769
24h	DT_L_CPT	15.95698924731183	0.0006400928136590183
24h	DT_L_CPT	15.978494623655916	0.0006472086825848634
24h	DT_L_CPT	16.0	0.0006548366068347555
24h	DT_L_CPT	16.021505376344088	0.0006628876839908288
24h	DT_L_CPT	16.043010752688172	0.0006712596418534326
24h	DT_L_CPT	16.06451612903226	0.0006797862423899516
24h	DT_L_CPT	16.086021505376344	0.0006884298806600954
24h	DT_L_CPT	16.107526881720432	0.0006971344136695004
24h	DT_L_CPT	16.129032258064516	0.0007057034095999832
24h	DT_L_CPT	16.150537634408604	0.0007141034053353136
24h	DT_L_CPT	16.172043010752688	0.000722186348853111
24h	DT_L_CPT	16.193548387096776	0.0007299336088869799
24h	DT_L_CPT	16.21505376344086	0.0007371879167488627
24h	DT_L_CPT	16.236559139784948	0.0007439813838264513
24h	DT_L_CPT	16.258064516129032	0.0007502850708048382
24h	DT_L_CPT	16.27956989247312	0.0007559328743959891
24h	DT_L_CPT	16.301075268817204	0.0007609441763348535
24h	DT_L_CPT	16.322580645161292	0.0007653049406139208
24h	DT_L_CPT	16.344086021505376	0.0007689425891823058
24h	DT_L_CPT	16.365591397849464	0.0007718191307888599
24h	DT_L_CPT	16.387096774193548	0.0007738931637406549
24h	DT_L_CPT	16.408602150537636	0.0007751188905949176
24h	DT_L_CPT	16.43010752688172	0.0007754822851445472
24h	DT_L_CPT	16.451612903225808	0.0007748441458758614
24h	DT_L_CPT	16.473118279569892	0.0007732329683696012
24h	DT_L_CPT	16.49462365591398	0.0007705551331661697
24h	DT_L_CPT	16.516129032258064	0.0007667547604697612
24h	DT_L_CPT	16.537634408602152	0.0007617801619095773
24h	DT_L_CPT	16.55913978494624	0.0007555870457123264
24h	DT_L_CPT	16.580645161290324	0.0007481158662724953
24h	DT_L_CPT	16.60215053763441	0.0007394060728859974
24h	DT_L_CPT	16.623655913978496	0.0007294182736986918
24h	DT_L_CPT	16.645161290322584	0.0007181678160722896
24h	DT_L_CPT	16.666666666666668	0.000705689704609841
24h	DT_L_CPT	16.688172043010756	0.0006920392338058196
24h	DT_L_CPT	16.70967741935484	0.0006772917838855265
24h	DT_L_CPT	16.731182795698928	0.0006615159079265074
24h	DT_L_CPT	16.752688172043012	0.0006448827369642278
24h	DT_L_CPT	16.7741935483871	0.0006274830158178255
24h	DT_L_CPT	16.795698924731184	0.000609403802179171
24h	DT_L_CPT	16.81720430107527	0.0005909109686253813
24h	DT_L_CPT	16.838709677419356	0.0005720845616220316
24h	DT_L_CPT	16.860215053763444	0.0005530780081239736
24h	DT_L_CPT	16.881720430107528	0.0005340414281669424
24h	DT_L_CPT	16.903225806451616	0.0005151181165859597
24h	DT_L_CPT	16.9247311827957	0.0004964412829247257
24h	DT_L_CPT	16.946236559139788	0.00047813114637179925
24h	DT_L_CPT	16.967741935483872	0.0004602924629327418
24h	DT_L_CPT	16.98924731182796	0.0004429866599883769
24h	DT_L_CPT	17.010752688172044	0.00042634158974964935
24h	DT_L_CPT	17.03225806451613	0.00041040665929786466
24h	DT_L_CPT	17.053763440860216	0.0003951525600977663
24h	DT_L_CPT	17.075268817204304	0.00038061559712005333
24h	DT_L_CPT	17.096774193548388	0.00036678739538260105
24h	DT_L_CPT	17.118279569892476	0.00035364222821403815
24h	DT_L_CPT	17.13978494623656	0.00034117547348031657
24h	DT_L_CPT	17.161290322580648	0.0003292227986701341
24h	DT_L_CPT	17.182795698924732	0.0003178658941742374
24h	DT_L_CPT	17.20430107526882	0.00030699995014790466
24h	DT_L_CPT	17.225806451612904	0.00029644268577268615
24h	DT_L_CPT	17.24731182795699	0.00028626785354095486
24h	DT_L_CPT	17.268817204301076	0.0002763366801258242
24h	DT_L_CPT	17.290322580645164	0.00026659023107612626
24h	DT_L_CPT	17.311827956989248	0.00025697972115285223
24h	DT_L_CPT	17.333333333333336	0.000247469466199997
24h	DT_L_CPT	17.35483870967742	0.00023801345650350814
24h	DT_L_CPT	17.376344086021508	0.00022866842472859606
24h	DT_L_CPT	17.397849462365592	0.00021941454691961612
24h	DT_L_CPT	17.41935483870968	0.00021028739389016717
24h	DT_L_CPT	17.440860215053764	0.0002013411557867291
24h	DT_L_CPT	17.46236559139785	0.0001926475981667378
24h	DT_L_CPT	17.483870967741936	0.00018426837344872053
24h	DT_L_CPT	17.505376344086024	0.00017636370542216065
24h	DT_L_CPT	17.526881720430108	0.00016900873779614962
24h	DT_L_CPT	17.548387096774196	0.00016232131794699089
24h	DT_L_CPT	17.56989247311828	0.00015639550422945253
24h	DT_L_CPT	17.591397849462368	0.00015135659719886583
24h	DT_L_CPT	17.612903225806452	0.00014739848389802828
24h	DT_L_CPT	17.63440860215054	0.00014454955937565013
24h	DT_L_CPT	17.655913978494624	0.00014289478913828552
24h	DT_L_CPT	17.67741935483871	0.0001424986467447932
24h	DT_L_CPT	17.698924731182796	0.0001433756126226089
24h	DT_L_CPT	17.720430107526884	0.00014559832170695481
24h	DT_L_CPT	17.741935483870968	0.00014911470969694032
24h	DT_L_CPT	17.763440860215056	0.00015387794809637104
24h	DT_L_CPT	17.78494623655914	0.0001597834346890504
24h	DT_L_CPT	17.806451612903228	0.0001667803435574045
24h	DT_L_CPT	17.827956989247312	0.00017469247939686932
24h	DT_L_CPT	17.8494623655914	0.00018335211931441172
24h	DT_L_CPT	17.870967741935484	0.00019256687091340172
24h	DT_L_CPT	17.89247311827957	0.0002020980641492236
24h	DT_L_CPT	17.913978494623656	0.00021177703203289694
24h	DT_L_CPT	17.935483870967744	0.00022133036042804561
24h	DT_L_CPT	17.956989247311828	0.000230517611180576
24h	DT_L_CPT	17.978494623655916	0.00023910137527054196
24h	DT_L_CPT	18.0	0.00024685390016442515
24h	DT_L_CPT	18.021505376344088	0.00025353766092152733
24h	DT_L_CPT	18.043010752688172	0.00025902260884961626
24h	DT_L_CPT	18.06451612903226	0.00026311108777955067
24h	DT_L_CPT	18.086021505376344	0.0002656738849870904
24h	DT_L_CPT	18.107526881720432	0.0002666172951435673
24h	DT_L_CPT	18.129032258064516	0.00026588552490743874
24h	DT_L_CPT	18.150537634408604	0.00026346183537849093
24h	DT_L_CPT	18.172043010752688	0.00025936838656480897
24h	DT_L_CPT	18.193548387096776	0.0002536648039525357
24h	DT_L_CPT	18.21505376344086	0.00024644554261594033
24h	DT_L_CPT	18.236559139784948	0.00023783617589324951
24h	DT_L_CPT	18.258064516129032	0.00022796289724410403
24h	DT_L_CPT	18.27956989247312	0.00021705841312156032
24h	DT_L_CPT	18.301075268817204	0.00020527567725559093
24h	DT_L_CPT	18.322580645161292	0.00019281338627937308
24h	DT_L_CPT	18.344086021505376	0.00017987353688621457
24h	DT_L_CPT	18.365591397849464	0.00016665574077804213
24h	DT_L_CPT	18.38709677419355	0.000153351991149462
24h	DT_L_CPT	18.408602150537636	0.00014014205463875877
24h	DT_L_CPT	18.430107526881724	0.00012716373929089707
24h	DT_L_CPT	18.451612903225808	0.00011462109853655137
24h	DT_L_CPT	18.473118279569896	0.00010260183395804868
24h	DT_L_CPT	18.49462365591398	9.120757319155751e-05
24h	DT_L_CPT	18.516129032258068	8.051704021733412e-05
24h	DT_L_CPT	18.537634408602152	7.058651009601147e-05
24h	DT_L_CPT	18.55913978494624	6.145093467909457e-05
24h	DT_L_CPT	18.580645161290324	5.312562016479138e-05
24h	DT_L_CPT	18.60215053763441	4.5608326406465205e-05
24h	DT_L_CPT	18.623655913978496	3.8881654839126496e-05
24h	DT_L_CPT	18.645161290322584	3.291559599756804e-05
24h	DT_L_CPT	18.666666666666668	2.7670117726010436e-05
24h	DT_L_CPT	18.688172043010756	2.3097689954720292e-05
24h	DT_L_CPT	18.70967741935484	1.914565986429765e-05
24h	DT_L_CPT	18.731182795698928	1.5758410900240937e-05
24h	DT_L_CPT	18.752688172043012	1.287925907376329e-05
24h	DT_L_CPT	18.7741935483871	1.045205911055767e-05
24h	DT_L_CPT	18.795698924731184	8.422510346990455e-06
24h	DT_L_CPT	18.81720430107527	6.739167148102391e-06
24h	DT_L_CPT	18.838709677419356	5.35417062662647e-06
24h	DT_L_CPT	18.860215053763444	4.223727419558934e-06
24h	DT_L_CPT	18.881720430107528	3.308367287454517e-06
24h	DT_L_CPT	18.903225806451616	2.5730145730371106e-06
24h	DT_L_CPT	18.9247311827957	1.9869094457349635e-06
24h	DT_L_CPT	18.946236559139788	1.52341379920279e-06
24h	DT_L_CPT	18.967741935483872	1.1597341232174932e-06
24h	DT_L_CPT	18.98924731182796	8.765900967986454e-07
24h	DT_L_CPT	19.010752688172044	6.578534676562828e-07
24h	DT_L_CPT	19.03225806451613	4.642940872717137e-07
24h	DT_L_CPT	19.053763440860216	3.444192267069044e-07
24h	DT_L_CPT	19.075268817204304	2.5363638637196717e-07
24h	DT_L_CPT	19.096774193548388	1.8542370016514297e-07
24h	DT_L_CPT	19.118279569892476	1.7108346052976312e-07
24h	DT_L_CPT	19.13978494623656	1.2219921875159617e-07
24h	DT_L_CPT	19.161290322580648	1.2219921875159617e-07
24h	DT_L_CPT	19.182795698924732	1.3456992877793197e-07
24h	DT_L_CPT	19.20430107526882	1.3429381071641191e-07
24h	DT_L_CPT	19.225806451612904	1.8256705706910205e-07
24h	DT_L_CPT	19.24731182795699	2.463628296808036e-07
24h	DT_L_CPT	19.268817204301076	3.300002765553018e-07
24h	DT_L_CPT	19.290322580645164	4.3877287883534947e-07
24h	DT_L_CPT	19.311827956989248	5.790973776691108e-07
24h	DT_L_CPT	19.333333333333336	7.586645173593263e-07
24h	DT_L_CPT	19.35483870967742	9.865845233413395e-07
24h	DT_L_CPT	19.376344086021508	1.2735182573494407e-06
24h	DT_L_CPT	19.397849462365592	1.6317829986086825e-06
24h	DT_L_CPT	19.41935483870968	2.0754199344323736e-06
24h	DT_L_CPT	19.440860215053764	2.620208885654191e-06
24h	DT_L_CPT	19.46236559139785	3.283614749182438e-06
24h	DT_L_CPT	19.483870967741936	4.084649836000907e-06
24h	DT_L_CPT	19.505376344086024	5.043636943976938e-06
24h	DT_L_CPT	19.526881720430108	6.181859838033893e-06
24h	DT_L_CPT	19.548387096774196	7.521090980412942e-06
24h	DT_L_CPT	19.56989247311828	9.082990957655317e-06
24h	DT_L_CPT	19.591397849462368	1.0888380091831385e-05
24h	DT_L_CPT	19.612903225806452	1.2956390088653156e-05
24h	DT_L_CPT	19.63440860215054	1.530351201917268e-05
24h	DT_L_CPT	19.655913978494624	1.794256606973575e-05
24h	DT_L_CPT	19.67741935483871	2.0881627806496404e-05
24h	DT_L_CPT	19.698924731182796	2.412295454925864e-05
24h	DT_L_CPT	19.720430107526884	2.766196311464269e-05
24h	DT_L_CPT	19.741935483870968	3.148631591494285e-05
24h	DT_L_CPT	19.763440860215056	3.5575175454921436e-05
24h	DT_L_CPT	19.78494623655914	3.989868701403826e-05
24h	DT_L_CPT	19.806451612903228	4.4417745257441986e-05
24h	DT_L_CPT	19.827956989247312	4.908409243339151e-05
24h	DT_L_CPT	19.8494623655914	5.3840783716016705e-05
24h	DT_L_CPT	19.870967741935484	5.862303948419643e-05
24h	DT_L_CPT	19.89247311827957	6.335948555897274e-05
24h	DT_L_CPT	19.913978494623656	6.797376162905371e-05
24h	DT_L_CPT	19.935483870967744	7.23864565096214e-05
24h	DT_L_CPT	19.956989247311828	7.651730791617746e-05
24h	DT_L_CPT	19.978494623655916	8.028758558216097e-05
24h	DT_L_CPT	20.0	8.362256125550891e-05
24h	DT_L_CPT	20.021505376344088	8.645395865968535e-05
24h	DT_L_CPT	20.043010752688172	8.872227190119134e-05
24h	DT_L_CPT	20.06451612903226	9.037884266818066e-05
24h	DT_L_CPT	20.086021505376344	9.138759506008344e-05
24h	DT_L_CPT	20.107526881720432	9.172634169506074e-05
24h	DT_L_CPT	20.129032258064516	9.138759506008344e-05
24h	DT_L_CPT	20.150537634408604	9.037884266818066e-05
24h	DT_L_CPT	20.172043010752688	8.872227190119134e-05
24h	DT_L_CPT	20.193548387096776	8.645395865968535e-05
24h	DT_L_CPT	20.215053763440864	8.362256125550891e-05
24h	DT_L_CPT	20.236559139784948	8.028758558216097e-05
24h	DT_L_CPT	20.258064516129036	7.651730791617746e-05
24h	DT_L_CPT	20.27956989247312	7.23864565096214e-05
24h	DT_L_CPT	20.301075268817208	6.797376162905371e-05
24h	DT_L_CPT	20.322580645161292	6.335948555897274e-05
24h	DT_L_CPT	20.34408602150538	5.862303948419643e-05
24h	DT_L_CPT	20.365591397849464	5.3840783716016705e-05
24h	DT_L_CPT	20.38709677419355	4.908409243339151e-05
24h	DT_L_CPT	20.408602150537636	4.4417745257441986e-05
24h	DT_L_CPT	20.430107526881724	3.989868701403826e-05
24h	DT_L_CPT	20.451612903225808	3.5575175454921436e-05
24h	DT_L_CPT	20.473118279569896	3.148631591494285e-05
24h	DT_L_CPT	20.49462365591398	2.766196311464269e-05
24h	DT_L_CPT	20.516129032258068	2.412295454925864e-05
24h	DT_L_CPT	20.537634408602152	2.0881627806496404e-05
24h	DT_L_CPT	20.55913978494624	1.794256606973575e-05
24h	DT_L_CPT	20.580645161290324	1.530351201917268e-05
24h	DT_L_CPT	20.60215053763441	1.2956390088653156e-05
24h	DT_L_CPT	20.623655913978496	1.0888380091831385e-05
24h	DT_L_CPT	20.645161290322584	9.082990957655317e-06
24h	DT_L_CPT	20.666666666666668	7.521090980412942e-06
24h	DT_L_CPT	20.688172043010756	6.181859838033893e-06
24h	DT_L_CPT	20.70967741935484	5.043636943976938e-06
24h	DT_L_CPT	20.731182795698928	4.084649836000907e-06
24h	DT_L_CPT	20.752688172043012	3.283614749182438e-06
24h	DT_L_CPT	20.7741935483871	2.620208885654191e-06
24h	DT_L_CPT	20.795698924731184	2.0754199344323736e-06
24h	DT_L_CPT	20.81720430107527	1.6317829986086825e-06
24h	DT_L_CPT	20.838709677419356	1.2735182573494407e-06
24h	DT_L_CPT	20.860215053763444	9.865845233413395e-07
24h	DT_L_CPT	20.881720430107528	7.586645173593263e-07
24h	DT_L_CPT	20.903225806451616	5.790973776691108e-07
24h	DT_L_CPT	20.9247311827957	4.3877287883534947e-07
24h	DT_L_CPT	20.946236559139788	3.300002765553018e-07
24h	DT_L_CPT	20.967741935483872	2.463628296808036e-07
24h	DT_L_CPT	20.98924731182796	1.8256705706910205e-07
24h	DT_L_CPT	21.010752688172044	1.3429381071641191e-07
24h	DT_L_CPT	21.03225806451613	9.805639702610078e-08
24h	DT_L_CPT	21.053763440860216	7.106932930286513e-08
24h	DT_L_CPT	21.075268817204304	5.112988944873103e-08
24h	DT_L_CPT	21.096774193548388	3.6513531751831173e-08
24h	DT_L_CPT	21.118279569892476	0.0
24h	DT_L_CPT	21.13978494623656	0.0
24h	DT_L_CPT	21.161290322580648	0.0
24h	DT_L_CPT	21.182795698924732	0.0
24h	DT_L_CPT	21.20430107526882	0.0
24h	DT_L_CPT	21.225806451612904	0.0
24h	DT_L_CPT	21.24731182795699	0.0
24h	DT_L_CPT	21.268817204301076	0.0
24h	DT_L_CPT	21.290322580645164	0.0
24h	DT_L_CPT	21.311827956989248	0.0
24h	DT_L_CPT	21.333333333333336	0.0
24h	DT_L_CPT	21.35483870967742	0.0
24h	DT_L_CPT	21.376344086021508	0.0
24h	DT_L_CPT	21.397849462365592	0.0
24h	DT_L_CPT	21.41935483870968	0.0
24h	DT_L_CPT	21.440860215053764	0.0
24h	DT_L_CPT	21.46236559139785	0.0
24h	DT_L_CPT	21.483870967741936	0.0
24h	DT_L_CPT	21.505376344086024	0.0
24h	DT_L_CPT	21.526881720430108	0.0
24h	DT_L_CPT	21.548387096774196	0.0
24h	DT_L_CPT	21.56989247311828	0.0
24h	DT_L_CPT	21.591397849462368	0.0
24h	DT_L_CPT	21.612903225806452	0.0
24h	DT_L_CPT	21.63440860215054	0.0
24h	DT_L_CPT	21.655913978494624	0.0
24h	DT_L_CPT	21.67741935483871	0.0
24h	DT_L_CPT	21.698924731182796	0.0
24h	DT_L_CPT	21.720430107526884	0.0
24h	DT_L_CPT	21.741935483870968	0.0
24h	DT_L_CPT	21.763440860215056	0.0
24h	DT_L_CPT	21.78494623655914	0.0
24h	DT_L_CPT	21.806451612903228	0.0
24h	DT_L_CPT	21.827956989247312	0.0
24h	DT_L_CPT	21.8494623655914	0.0
24h	DT_L_CPT	21.870967741935484	0.0
24h	DT_L_CPT	21.89247311827957	0.0
24h	DT_L_CPT	21.913978494623656	0.0
24h	DT_L_CPT	21.935483870967744	0.0
24h	DT_L_CPT	21.956989247311828	0.0
24h	DT_L_CPT	21.978494623655916	0.0
24h	DT_L_CPT	22.0	0.0
24h	D_H_CPT	0.0	0.002131665979526491
24h	D_H_CPT	0.021505376344086023	0.002165357825525766
24h	D_H_CPT	0.043010752688172046	0.0021915290715370664
24h	D_H_CPT	0.06451612903225806	0.0022128228426776613
24h	D_H_CPT	0.08602150537634409	0.0022282711446107444
24h	D_H_CPT	0.10752688172043012	0.002240673899742826
24h	D_H_CPT	0.12903225806451613	0.002251889436326725
24h	D_H_CPT	0.15053763440860216	0.002263872843862007
24h	D_H_CPT	0.17204301075268819	0.002278667824626604
24h	D_H_CPT	0.19354838709677422	0.0022982407075343987
24h	D_H_CPT	0.21505376344086025	0.002324425819008068
24h	D_H_CPT	0.23655913978494625	0.002358849100020559
24h	D_H_CPT	0.25806451612903225	0.0024028595459859576
24h	D_H_CPT	0.2795698924731183	0.002457471909559464
24h	D_H_CPT	0.3010752688172043	0.002523323631040256
24h	D_H_CPT	0.32258064516129037	0.0026006483115138825
24h	D_H_CPT	0.34408602150537637	0.002689267246491096
24h	D_H_CPT	0.3655913978494624	0.0027885996281170724
24h	D_H_CPT	0.38709677419354843	0.002897691045771535
24h	D_H_CPT	0.40860215053763443	0.003018067078384077
24h	D_H_CPT	0.4301075268817205	0.003143794208570993
24h	D_H_CPT	0.4516129032258065	0.0032750434652033655
24h	D_H_CPT	0.4731182795698925	0.003410200415772155
24h	D_H_CPT	0.49462365591397855	0.00354748056133941
24h	D_H_CPT	0.5161290322580645	0.003685312512406795
24h	D_H_CPT	0.5376344086021506	0.0038221793990576556
24h	D_H_CPT	0.5591397849462366	0.003956935740894882
24h	D_H_CPT	0.5806451612903226	0.004088625906413424
24h	D_H_CPT	0.6021505376344086	0.004216734467129863
24h	D_H_CPT	0.6236559139784946	0.004341100491993796
24h	D_H_CPT	0.6451612903225807	0.004461948756922935
24h	D_H_CPT	0.6666666666666667	0.004581990342976898
24h	D_H_CPT	0.6881720430107527	0.004699650200508339
24h	D_H_CPT	0.7096774193548387	0.004816362368197543
24h	D_H_CPT	0.7311827956989247	0.004934301940777221
24h	D_H_CPT	0.7526881720430109	0.005055201320134434
24h	D_H_CPT	0.7741935483870969	0.005180968727372304
24h	D_H_CPT	0.7956989247311829	0.005313531228843005
24h	D_H_CPT	0.8172043010752689	0.005454792003973438
24h	D_H_CPT	0.8387096774193549	0.005606568125645294
24h	D_H_CPT	0.860215053763441	0.005770537082242173
24h	D_H_CPT	0.881720430107527	0.0059481934561079
24h	D_H_CPT	0.903225806451613	0.006145046629901258
24h	D_H_CPT	0.924731182795699	0.006355406020348008
24h	D_H_CPT	0.946236559139785	0.006583154755633535
24h	D_H_CPT	0.967741935483871	0.006829047053075232
24h	D_H_CPT	0.9892473118279571	0.00709363930578221
24h	D_H_CPT	1.010752688172043	0.007376651749777827
24h	D_H_CPT	1.032258064516129	0.007679528558973168
24h	D_H_CPT	1.0537634408602152	0.008001455994861578
24h	D_H_CPT	1.0752688172043012	0.0083422025790573
24h	D_H_CPT	1.0967741935483872	0.008706533265493022
24h	D_H_CPT	1.1182795698924732	0.00908581964570509
24h	D_H_CPT	1.1397849462365592	0.009483122268219225
24h	D_H_CPT	1.1612903225806452	0.009897746682736066
24h	D_H_CPT	1.1827956989247312	0.010329047014298686
24h	D_H_CPT	1.2043010752688172	0.010776136518150181
24h	D_H_CPT	1.2258064516129032	0.011238245341302654
24h	D_H_CPT	1.2473118279569892	0.011714236706295067
24h	D_H_CPT	1.2688172043010755	0.012207685332727928
24h	D_H_CPT	1.2903225806451615	0.012710473835055488
24h	D_H_CPT	1.3118279569892475	0.013224969068552077
24h	D_H_CPT	1.3333333333333335	0.013750451308694553
24h	D_H_CPT	1.3548387096774195	0.014286424090830824
24h	D_H_CPT	1.3763440860215055	0.01483255444786089
24h	D_H_CPT	1.3978494623655915	0.015388726893943439
24h	D_H_CPT	1.4193548387096775	0.015957540258017353
24h	D_H_CPT	1.4408602150537635	0.01653749866501522
24h	D_H_CPT	1.4623655913978495	0.017127693724879968
24h	D_H_CPT	1.4838709677419355	0.017730533576625324
24h	D_H_CPT	1.5053763440860217	0.018347199855765082
24h	D_H_CPT	1.5268817204301077	0.01897900099272462
24h	D_H_CPT	1.5483870967741937	0.019627354054854478
24h	D_H_CPT	1.5698924731182797	0.020297947744686642
24h	D_H_CPT	1.5913978494623657	0.020985114431255295
24h	D_H_CPT	1.6129032258064517	0.02169320457758249
24h	D_H_CPT	1.6344086021505377	0.02242227025215897
24h	D_H_CPT	1.6559139784946237	0.023174976722582362
24h	D_H_CPT	1.6774193548387097	0.02395041602659832
24h	D_H_CPT	1.6989247311827957	0.024753540803192167
24h	D_H_CPT	1.720430107526882	0.025575431801011978
24h	D_H_CPT	1.741935483870968	0.02641845074563379
24h	D_H_CPT	1.763440860215054	0.027281058523990934
24h	D_H_CPT	1.78494623655914	0.028161022957079732
24h	D_H_CPT	1.806451612903226	0.0290610684952509
24h	D_H_CPT	1.827956989247312	0.029969624924297868
24h	D_H_CPT	1.849462365591398	0.030887033073083367
24h	D_H_CPT	1.870967741935484	0.03180984651751608
24h	D_H_CPT	1.89247311827957	0.03273439794875975
24h	D_H_CPT	1.913978494623656	0.033662016019870074
24h	D_H_CPT	1.935483870967742	0.034581127407083696
24h	D_H_CPT	1.9569892473118282	0.03549189338658157
24h	D_H_CPT	1.9784946236559142	0.03639140305789749
24h	D_H_CPT	2.0	0.03727718973134179
24h	D_H_CPT	2.021505376344086	0.038151478970614223
24h	D_H_CPT	2.043010752688172	0.03900625939680326
24h	D_H_CPT	2.064516129032258	0.03984285551736041
24h	D_H_CPT	2.0860215053763445	0.04066366953165698
24h	D_H_CPT	2.1075268817204305	0.041471875435179516
24h	D_H_CPT	2.1290322580645165	0.042263509584508335
24h	D_H_CPT	2.1505376344086025	0.04304305598296435
24h	D_H_CPT	2.1720430107526885	0.043813565394580645
24h	D_H_CPT	2.1935483870967745	0.04457890724229451
24h	D_H_CPT	2.2150537634408605	0.04534503744172961
24h	D_H_CPT	2.2365591397849465	0.04611181765121356
24h	D_H_CPT	2.2580645161290325	0.04688564141180563
24h	D_H_CPT	2.2795698924731185	0.0476742680255731
24h	D_H_CPT	2.3010752688172045	0.048476108769003
24h	D_H_CPT	2.3225806451612905	0.04929702651554664
24h	D_H_CPT	2.3440860215053765	0.05014049363405644
24h	D_H_CPT	2.3655913978494625	0.05101236050860455
24h	D_H_CPT	2.3870967741935485	0.05190891885733167
24h	D_H_CPT	2.4086021505376345	0.05283152288399899
24h	D_H_CPT	2.4301075268817205	0.05378477145897582
24h	D_H_CPT	2.4516129032258065	0.05476682911523905
24h	D_H_CPT	2.4731182795698925	0.05577170305735944
24h	D_H_CPT	2.4946236559139785	0.05679782666756449
24h	D_H_CPT	2.5161290322580645	0.05784426988799904
24h	D_H_CPT	2.537634408602151	0.05890030972429966
24h	D_H_CPT	2.559139784946237	0.059962268319408464
24h	D_H_CPT	2.580645161290323	0.06102669718737637
24h	D_H_CPT	2.602150537634409	0.06208106627053229
24h	D_H_CPT	2.623655913978495	0.06312012216204368
24h	D_H_CPT	2.645161290322581	0.06413911475144066
24h	D_H_CPT	2.666666666666667	0.06512416381385308
24h	D_H_CPT	2.688172043010753	0.06607284728641188
24h	D_H_CPT	2.709677419354839	0.06698033693241076
24h	D_H_CPT	2.731182795698925	0.06783541012496506
24h	D_H_CPT	2.752688172043011	0.0686347022485531
24h	D_H_CPT	2.774193548387097	0.0693760918540738
24h	D_H_CPT	2.795698924731183	0.07005260385496223
24h	D_H_CPT	2.817204301075269	0.07066582429261517
24h	D_H_CPT	2.838709677419355	0.0712111584863011
24h	D_H_CPT	2.860215053763441	0.071690418294769
24h	D_H_CPT	2.881720430107527	0.0721074763089672
24h	D_H_CPT	2.903225806451613	0.07245728275541456
24h	D_H_CPT	2.924731182795699	0.07275425651568558
24h	D_H_CPT	2.946236559139785	0.07299438974981691
24h	D_H_CPT	2.967741935483871	0.07318421923096108
24h	D_H_CPT	2.9892473118279574	0.07333153944555795
24h	D_H_CPT	3.0107526881720434	0.07343798074074805
24h	D_H_CPT	3.0322580645161294	0.07351289287509462
24h	D_H_CPT	3.0537634408602155	0.07355945033186649
24h	D_H_CPT	3.0752688172043015	0.07358663833201898
24h	D_H_CPT	3.0967741935483875	0.07359344875318917
24h	D_H_CPT	3.1182795698924735	0.07359705052174541
24h	D_H_CPT	3.1397849462365595	0.07359381472174954
24h	D_H_CPT	3.1612903225806455	0.07359181325263267
24h	D_H_CPT	3.1827956989247315	0.07359177059779247
24h	D_H_CPT	3.2043010752688175	0.07360042430269922
24h	D_H_CPT	3.2258064516129035	0.07361711928762282
24h	D_H_CPT	3.2473118279569895	0.0736476731490224
24h	D_H_CPT	3.2688172043010755	0.07368683981971152
24h	D_H_CPT	3.2903225806451615	0.07374598552063286
24h	D_H_CPT	3.3118279569892475	0.07381843230991846
24h	D_H_CPT	3.3333333333333335	0.07390725358775449
24h	D_H_CPT	3.3548387096774195	0.07400844937673162
24h	D_H_CPT	3.3763440860215055	0.07412371738182223
24h	D_H_CPT	3.3978494623655915	0.07424957481343104
24h	D_H_CPT	3.4193548387096775	0.07438523029406716
24h	D_H_CPT	3.440860215053764	0.07453034328220066
24h	D_H_CPT	3.46236559139785	0.07468233368301716
24h	D_H_CPT	3.483870967741936	0.07483968438244781
24h	D_H_CPT	3.505376344086022	0.0749982344279933
24h	D_H_CPT	3.526881720430108	0.07515797207913351
24h	D_H_CPT	3.548387096774194	0.07531653819629033
24h	D_H_CPT	3.56989247311828	0.07546770111872182
24h	D_H_CPT	3.591397849462366	0.07561915755885587
24h	D_H_CPT	3.612903225806452	0.07576377708499482
24h	D_H_CPT	3.634408602150538	0.07589962530010874
24h	D_H_CPT	3.655913978494624	0.07602760091338105
24h	D_H_CPT	3.67741935483871	0.07614549220121711
24h	D_H_CPT	3.698924731182796	0.07624810410609638
24h	D_H_CPT	3.720430107526882	0.07634465831368499
24h	D_H_CPT	3.741935483870968	0.07642905596525901
24h	D_H_CPT	3.763440860215054	0.07650043491067629
24h	D_H_CPT	3.78494623655914	0.07655729414249426
24h	D_H_CPT	3.806451612903226	0.07659717426056184
24h	D_H_CPT	3.827956989247312	0.07662739847333906
24h	D_H_CPT	3.849462365591398	0.07664264909620128
24h	D_H_CPT	3.870967741935484	0.07664144077415279
24h	D_H_CPT	3.89247311827957	0.07662399685943704
24h	D_H_CPT	3.9139784946236564	0.07658655139552276
24h	D_H_CPT	3.9354838709677424	0.07653640937827742
24h	D_H_CPT	3.9569892473118284	0.07646849449788228
24h	D_H_CPT	3.9784946236559144	0.07638260381802527
24h	D_H_CPT	4.0	0.07627800172430646
24h	D_H_CPT	4.021505376344086	0.07615138339157052
24h	D_H_CPT	4.043010752688172	0.07601014162586246
24h	D_H_CPT	4.064516129032258	0.07585031838505275
24h	D_H_CPT	4.086021505376344	0.07567189730765815
24h	D_H_CPT	4.10752688172043	0.07547300667390677
24h	D_H_CPT	4.129032258064516	0.07525993834145904
24h	D_H_CPT	4.150537634408603	0.07503002527401269
24h	D_H_CPT	4.172043010752689	0.07478448464176372
24h	D_H_CPT	4.193548387096775	0.07452418509163285
24h	D_H_CPT	4.215053763440861	0.07424860405523508
24h	D_H_CPT	4.236559139784947	0.07396367530523579
24h	D_H_CPT	4.258064516129033	0.07366782464825558
24h	D_H_CPT	4.279569892473119	0.07336052194733614
24h	D_H_CPT	4.301075268817205	0.07304878308876255
24h	D_H_CPT	4.322580645161291	0.0727313886818587
24h	D_H_CPT	4.344086021505377	0.07240920808515178
24h	D_H_CPT	4.365591397849463	0.07208230695915631
24h	D_H_CPT	4.387096774193549	0.07175697609841056
24h	D_H_CPT	4.408602150537635	0.071430822838212
24h	D_H_CPT	4.430107526881721	0.07110499019685589
24h	D_H_CPT	4.451612903225807	0.07077933732385867
24h	D_H_CPT	4.473118279569893	0.0704580133325677
24h	D_H_CPT	4.494623655913979	0.07013986672388413
24h	D_H_CPT	4.516129032258065	0.06982145307185034
24h	D_H_CPT	4.537634408602151	0.06950917631724104
24h	D_H_CPT	4.559139784946237	0.06919929262654377
24h	D_H_CPT	4.580645161290323	0.06889019832136462
24h	D_H_CPT	4.602150537634409	0.06858543409726017
24h	D_H_CPT	4.623655913978495	0.06828214610793178
24h	D_H_CPT	4.645161290322581	0.06797860987518393
24h	D_H_CPT	4.666666666666667	0.06767856868288594
24h	D_H_CPT	4.688172043010753	0.06737960731170892
24h	D_H_CPT	4.709677419354839	0.06707929865439419
24h	D_H_CPT	4.731182795698925	0.06678265510823986
24h	D_H_CPT	4.752688172043011	0.06648812046846944
24h	D_H_CPT	4.774193548387097	0.06619400543022912
24h	D_H_CPT	4.795698924731183	0.0659056672871804
24h	D_H_CPT	4.817204301075269	0.06561995953141884
24h	D_H_CPT	4.838709677419355	0.06534256491651871
24h	D_H_CPT	4.860215053763441	0.06507236245104586
24h	D_H_CPT	4.881720430107527	0.06480861401696365
24h	D_H_CPT	4.903225806451613	0.06455777393807638
24h	D_H_CPT	4.924731182795699	0.06431608316460735
24h	D_H_CPT	4.946236559139785	0.0640896430763422
24h	D_H_CPT	4.967741935483871	0.06387663555860508
24h	D_H_CPT	4.989247311827957	0.06367559803018624
24h	D_H_CPT	5.010752688172043	0.06349129219429568
24h	D_H_CPT	5.032258064516129	0.06332023924998312
24h	D_H_CPT	5.053763440860216	0.06316474133950073
24h	D_H_CPT	5.075268817204302	0.06302121159867294
24h	D_H_CPT	5.096774193548388	0.06289186605728009
24h	D_H_CPT	5.118279569892474	0.0627719424710009
24h	D_H_CPT	5.13978494623656	0.06266473792640657
24h	D_H_CPT	5.161290322580646	0.06256543683916467
24h	D_H_CPT	5.182795698924732	0.06247554207009326
24h	D_H_CPT	5.204301075268818	0.06239116882446715
24h	D_H_CPT	5.225806451612904	0.06231501008695397
24h	D_H_CPT	5.24731182795699	0.062243123734612424
24h	D_H_CPT	5.268817204301076	0.062178533446375917
24h	D_H_CPT	5.290322580645162	0.06211848620946738
24h	D_H_CPT	5.311827956989248	0.0620659300774853
24h	D_H_CPT	5.333333333333334	0.06201866114244724
24h	D_H_CPT	5.35483870967742	0.061980890563515634
24h	D_H_CPT	5.376344086021506	0.06195086926055429
24h	D_H_CPT	5.397849462365592	0.061931978062724914
24h	D_H_CPT	5.419354838709678	0.061922383450668826
24h	D_H_CPT	5.440860215053764	0.06192526047998004
24h	D_H_CPT	5.46236559139785	0.06194233600612734
24h	D_H_CPT	5.483870967741936	0.06197138903856001
24h	D_H_CPT	5.505376344086022	0.062014987874536145
24h	D_H_CPT	5.526881720430108	0.062070868027814405
24h	D_H_CPT	5.548387096774194	0.06213930856184106
24h	D_H_CPT	5.56989247311828	0.062220168293522934
24h	D_H_CPT	5.591397849462366	0.06231047232418102
24h	D_H_CPT	5.612903225806452	0.06240973801114614
24h	D_H_CPT	5.634408602150538	0.06251580040918116
24h	D_H_CPT	5.655913978494624	0.06262605148128954
24h	D_H_CPT	5.67741935483871	0.06273823148049318
24h	D_H_CPT	5.698924731182796	0.06285100532323004
24h	D_H_CPT	5.720430107526882	0.0629602024870342
24h	D_H_CPT	5.741935483870968	0.0630646031619167
24h	D_H_CPT	5.763440860215054	0.06316245459971223
24h	D_H_CPT	5.78494623655914	0.06325309741871858
24h	D_H_CPT	5.806451612903226	0.06333335437749388
24h	D_H_CPT	5.827956989247312	0.06340338007050088
24h	D_H_CPT	5.849462365591398	0.06346219975973787
24h	D_H_CPT	5.870967741935484	0.06351037150796603
24h	D_H_CPT	5.89247311827957	0.0635475765931442
24h	D_H_CPT	5.913978494623656	0.06357359318367727
24h	D_H_CPT	5.935483870967742	0.06359000685411123
24h	D_H_CPT	5.956989247311828	0.06359699749318842
24h	D_H_CPT	5.978494623655915	0.06359644283680425
24h	D_H_CPT	6.000000000000001	0.06358934410107384
24h	D_H_CPT	6.021505376344087	0.06357729317494115
24h	D_H_CPT	6.043010752688173	0.06356039295520842
24h	D_H_CPT	6.064516129032259	0.06354060827583942
24h	D_H_CPT	6.086021505376345	0.06351926462409559
24h	D_H_CPT	6.107526881720431	0.06349725835334243
24h	D_H_CPT	6.129032258064517	0.06347566266564018
24h	D_H_CPT	6.150537634408603	0.0634557414070214
24h	D_H_CPT	6.172043010752689	0.06343769496045212
24h	D_H_CPT	6.193548387096775	0.06342283939179211
24h	D_H_CPT	6.215053763440861	0.06341201513621386
24h	D_H_CPT	6.236559139784947	0.06340561006759986
24h	D_H_CPT	6.258064516129033	0.063404241634775
24h	D_H_CPT	6.279569892473119	0.06340824100187042
24h	D_H_CPT	6.301075268817205	0.06341888604201977
24h	D_H_CPT	6.322580645161291	0.06343600277235692
24h	D_H_CPT	6.344086021505377	0.06346073838282378
24h	D_H_CPT	6.365591397849463	0.06349242824628551
24h	D_H_CPT	6.387096774193549	0.06353267100046757
24h	D_H_CPT	6.408602150537635	0.06358147294475795
24h	D_H_CPT	6.430107526881721	0.06363962351670682
24h	D_H_CPT	6.451612903225807	0.06370735507217158
24h	D_H_CPT	6.473118279569893	0.06378502320951528
24h	D_H_CPT	6.494623655913979	0.06387249089902584
24h	D_H_CPT	6.516129032258065	0.06397170723643923
24h	D_H_CPT	6.537634408602151	0.064081563991978
24h	D_H_CPT	6.559139784946237	0.0642030187953628
24h	D_H_CPT	6.580645161290323	0.06433576806059807
24h	D_H_CPT	6.602150537634409	0.06448078533610971
24h	D_H_CPT	6.623655913978495	0.06463755273775941
24h	D_H_CPT	6.645161290322581	0.06480628171053465
24h	D_H_CPT	6.666666666666667	0.06498670967539234
24h	D_H_CPT	6.688172043010753	0.06517901505684383
24h	D_H_CPT	6.709677419354839	0.06538326578097772
24h	D_H_CPT	6.731182795698925	0.06559860948502375
24h	D_H_CPT	6.752688172043011	0.06582415058002912
24h	D_H_CPT	6.774193548387097	0.06606040939185184
24h	D_H_CPT	6.795698924731183	0.06630554054391666
24h	D_H_CPT	6.817204301075269	0.06655981885988797
24h	D_H_CPT	6.838709677419355	0.0668211627734747
24h	D_H_CPT	6.860215053763441	0.06708949102149057
24h	D_H_CPT	6.881720430107528	0.06736385347772461
24h	D_H_CPT	6.903225806451614	0.06764278858911812
24h	D_H_CPT	6.9247311827957	0.06792584273814009
24h	D_H_CPT	6.946236559139786	0.06821180873077115
24h	D_H_CPT	6.967741935483872	0.06849924073834131
24h	D_H_CPT	6.989247311827958	0.06878882733695353
24h	D_H_CPT	7.010752688172044	0.06907923603485586
24h	D_H_CPT	7.03225806451613	0.06937007101387682
24h	D_H_CPT	7.053763440860216	0.06966102182099317
24h	D_H_CPT	7.075268817204302	0.06995227637839468
24h	D_H_CPT	7.096774193548388	0.07024408283939175
24h	D_H_CPT	7.118279569892474	0.0705369063380581
24h	D_H_CPT	7.13978494623656	0.07083109045620238
24h	D_H_CPT	7.161290322580646	0.07112754561061566
24h	D_H_CPT	7.182795698924732	0.07142851551766179
24h	D_H_CPT	7.204301075268818	0.07173411540999351
24h	D_H_CPT	7.225806451612904	0.07204534564617925
24h	D_H_CPT	7.24731182795699	0.07236535527590371
24h	D_H_CPT	7.268817204301076	0.07269559249794967
24h	D_H_CPT	7.290322580645162	0.07303812406670805
24h	D_H_CPT	7.311827956989248	0.07339511768465513
24h	D_H_CPT	7.333333333333334	0.0737692046232197
24h	D_H_CPT	7.35483870967742	0.07416279620074709
24h	D_H_CPT	7.376344086021506	0.07457833994081714
24h	D_H_CPT	7.397849462365592	0.07501859439850127
24h	D_H_CPT	7.419354838709678	0.07548616204190871
24h	D_H_CPT	7.440860215053764	0.07598360346841437
24h	D_H_CPT	7.46236559139785	0.07651355339204238
24h	D_H_CPT	7.483870967741936	0.07707883430995612
24h	D_H_CPT	7.505376344086022	0.07768056140237774
24h	D_H_CPT	7.526881720430108	0.07832093816996268
24h	D_H_CPT	7.548387096774194	0.07900175623971353
24h	D_H_CPT	7.56989247311828	0.07972401371560765
24h	D_H_CPT	7.591397849462366	0.0804875701017146
24h	D_H_CPT	7.612903225806452	0.08129315179125465
24h	D_H_CPT	7.634408602150538	0.08214066734372322
24h	D_H_CPT	7.655913978494624	0.08302712046361685
24h	D_H_CPT	7.67741935483871	0.08395323635432368
24h	D_H_CPT	7.698924731182796	0.08491585512410507
24h	D_H_CPT	7.720430107526882	0.08591311522324434
24h	D_H_CPT	7.741935483870968	0.08694111465449286
24h	D_H_CPT	7.763440860215054	0.08799718584014816
24h	D_H_CPT	7.78494623655914	0.08907719575057653
24h	D_H_CPT	7.806451612903227	0.09017774860580874
24h	D_H_CPT	7.827956989247313	0.09129443961457166
24h	D_H_CPT	7.849462365591399	0.09242442583601537
24h	D_H_CPT	7.870967741935485	0.09356381827039874
24h	D_H_CPT	7.892473118279571	0.09470849290429735
24h	D_H_CPT	7.913978494623657	0.09585581702667985
24h	D_H_CPT	7.935483870967743	0.09700247335713405
24h	D_H_CPT	7.956989247311829	0.09814736358172578
24h	D_H_CPT	7.978494623655915	0.09928704284374966
24h	D_H_CPT	8.0	0.10042112572992554
24h	D_H_CPT	8.021505376344086	0.10154854840844427
24h	D_H_CPT	8.043010752688172	0.10266903087024225
24h	D_H_CPT	8.064516129032258	0.10378254616191014
24h	D_H_CPT	8.086021505376344	0.10488882362143796
24h	D_H_CPT	8.10752688172043	0.10598945176582523
24h	D_H_CPT	8.129032258064516	0.10708461924675292
24h	D_H_CPT	8.150537634408602	0.10817530177356065
24h	D_H_CPT	8.172043010752688	0.10926224350314294
24h	D_H_CPT	8.193548387096774	0.11034629941116916
24h	D_H_CPT	8.21505376344086	0.11142837310779648
24h	D_H_CPT	8.236559139784946	0.11250885802682395
24h	D_H_CPT	8.258064516129032	0.11358707271328566
24h	D_H_CPT	8.27956989247312	0.11466423152711244
24h	D_H_CPT	8.301075268817206	0.11573911476939043
24h	D_H_CPT	8.322580645161292	0.11681157361025869
24h	D_H_CPT	8.344086021505378	0.11788046936313235
24h	D_H_CPT	8.365591397849464	0.11894516035335241
24h	D_H_CPT	8.38709677419355	0.12000468875516773
24h	D_H_CPT	8.408602150537636	0.1210581807559915
24h	D_H_CPT	8.430107526881722	0.1221042814893387
24h	D_H_CPT	8.451612903225808	0.12314220552696516
24h	D_H_CPT	8.473118279569894	0.12417156227215322
24h	D_H_CPT	8.49462365591398	0.12519231190518768
24h	D_H_CPT	8.516129032258066	0.12620364159789094
24h	D_H_CPT	8.537634408602152	0.12720653411634517
24h	D_H_CPT	8.559139784946238	0.12820207110811704
24h	D_H_CPT	8.580645161290324	0.12919050682698394
24h	D_H_CPT	8.60215053763441	0.13017494251995942
24h	D_H_CPT	8.623655913978496	0.13115581493758613
24h	D_H_CPT	8.645161290322582	0.13213526471269882
24h	D_H_CPT	8.666666666666668	0.13311630637320296
24h	D_H_CPT	8.688172043010754	0.1341001582907953
24h	D_H_CPT	8.70967741935484	0.13508894278590536
24h	D_H_CPT	8.731182795698926	0.13608531020558604
24h	D_H_CPT	8.752688172043012	0.1370902229829015
24h	D_H_CPT	8.774193548387098	0.1381054609836716
24h	D_H_CPT	8.795698924731184	0.1391325061314032
24h	D_H_CPT	8.81720430107527	0.14017154031698714
24h	D_H_CPT	8.838709677419356	0.1412219425737281
24h	D_H_CPT	8.860215053763442	0.14228394223670357
24h	D_H_CPT	8.881720430107528	0.14335667180143968
24h	D_H_CPT	8.903225806451614	0.14443770275935966
24h	D_H_CPT	8.9247311827957	0.14552609458029506
24h	D_H_CPT	8.946236559139786	0.14661891856816028
24h	D_H_CPT	8.967741935483872	0.14771476845492326
24h	D_H_CPT	8.989247311827958	0.1488092447699181
24h	D_H_CPT	9.010752688172044	0.1499007482532775
24h	D_H_CPT	9.03225806451613	0.15098652819254485
24h	D_H_CPT	9.053763440860216	0.15206406077778475
24h	D_H_CPT	9.075268817204302	0.15313050609283604
24h	D_H_CPT	9.096774193548388	0.1541843969079597
24h	D_H_CPT	9.118279569892474	0.15522348730761837
24h	D_H_CPT	9.13978494623656	0.15624635828396555
24h	D_H_CPT	9.161290322580646	0.157252354052069
24h	D_H_CPT	9.182795698924732	0.1582402868632582
24h	D_H_CPT	9.204301075268818	0.15921048039297375
24h	D_H_CPT	9.225806451612904	0.16016315088927424
24h	D_H_CPT	9.24731182795699	0.16109692383045446
24h	D_H_CPT	9.268817204301076	0.1620133439356237
24h	D_H_CPT	9.290322580645162	0.16291135514051458
24h	D_H_CPT	9.311827956989248	0.1637923427215153
24h	D_H_CPT	9.333333333333334	0.16465544941742352
24h	D_H_CPT	9.35483870967742	0.16549972589018372
24h	D_H_CPT	9.376344086021506	0.1663249516255575
24h	D_H_CPT	9.397849462365592	0.16712948212005607
24h	D_H_CPT	9.419354838709678	0.16791229598987684
24h	D_H_CPT	9.440860215053764	0.16867046667684063
24h	D_H_CPT	9.46236559139785	0.16940135785169674
24h	D_H_CPT	9.483870967741936	0.17010189127668224
24h	D_H_CPT	9.505376344086022	0.17076949944473682
24h	D_H_CPT	9.526881720430108	0.17140055769250648
24h	D_H_CPT	9.548387096774194	0.17199095897190328
24h	D_H_CPT	9.56989247311828	0.1725371642207313
24h	D_H_CPT	9.591397849462366	0.1730366355666246
24h	D_H_CPT	9.612903225806452	0.1734857984962586
24h	D_H_CPT	9.634408602150538	0.17388163377377985
24h	D_H_CPT	9.655913978494624	0.174222413525399
24h	D_H_CPT	9.67741935483871	0.17450520316211043
24h	D_H_CPT	9.698924731182796	0.17472927209082476
24h	D_H_CPT	9.720430107526882	0.17489306028767498
24h	D_H_CPT	9.741935483870968	0.1749968978805214
24h	D_H_CPT	9.763440860215054	0.17504016518629412
24h	D_H_CPT	9.78494623655914	0.1750233419893393
24h	D_H_CPT	9.806451612903226	0.1749468403687289
24h	D_H_CPT	9.827956989247312	0.17481170436230417
24h	D_H_CPT	9.849462365591398	0.17461864830867133
24h	D_H_CPT	9.870967741935484	0.17436937473280398
24h	D_H_CPT	9.89247311827957	0.17406497870051993
24h	D_H_CPT	9.913978494623656	0.1737068774406967
24h	D_H_CPT	9.935483870967742	0.17329732186250923
24h	D_H_CPT	9.956989247311828	0.17283616292690887
24h	D_H_CPT	9.978494623655914	0.1723259522809575
24h	D_H_CPT	10.0	0.17176862840141913
24h	D_H_CPT	10.021505376344086	0.17116427559592282
24h	D_H_CPT	10.043010752688172	0.17051582181417063
24h	D_H_CPT	10.064516129032258	0.1698239511816792
24h	D_H_CPT	10.086021505376344	0.16909107890598118
24h	D_H_CPT	10.107526881720432	0.1683183896930953
24h	D_H_CPT	10.129032258064518	0.16750821205489294
24h	D_H_CPT	10.150537634408604	0.1666631951274631
24h	D_H_CPT	10.17204301075269	0.16578587150308954
24h	D_H_CPT	10.193548387096776	0.1648782275251812
24h	D_H_CPT	10.215053763440862	0.16394275969067987
24h	D_H_CPT	10.236559139784948	0.16298238800925946
24h	D_H_CPT	10.258064516129034	0.16200117426202215
24h	D_H_CPT	10.27956989247312	0.1609998932617012
24h	D_H_CPT	10.301075268817206	0.1599824782416553
24h	D_H_CPT	10.322580645161292	0.1589515173745509
24h	D_H_CPT	10.344086021505378	0.15790971835255022
24h	D_H_CPT	10.365591397849464	0.15685941822542504
24h	D_H_CPT	10.38709677419355	0.15580191336040466
24h	D_H_CPT	10.408602150537636	0.1547398645526277
24h	D_H_CPT	10.430107526881722	0.15367464921702356
24h	D_H_CPT	10.451612903225808	0.15260790470242475
24h	D_H_CPT	10.473118279569894	0.1515407030964273
24h	D_H_CPT	10.49462365591398	0.15047343356496107
24h	D_H_CPT	10.516129032258066	0.14940699301498067
24h	D_H_CPT	10.537634408602152	0.14834079678944737
24h	D_H_CPT	10.559139784946238	0.1472736926100088
24h	D_H_CPT	10.580645161290324	0.14620594109544652
24h	D_H_CPT	10.60215053763441	0.14513542932865808
24h	D_H_CPT	10.623655913978496	0.14406112959680487
24h	D_H_CPT	10.645161290322582	0.14298098318369526
24h	D_H_CPT	10.666666666666668	0.1418929190920992
24h	D_H_CPT	10.688172043010754	0.1407940414380092
24h	D_H_CPT	10.70967741935484	0.13968199724703845
24h	D_H_CPT	10.731182795698926	0.1385528300671808
24h	D_H_CPT	10.752688172043012	0.13740448672063904
24h	D_H_CPT	10.774193548387098	0.13623305392252769
24h	D_H_CPT	10.795698924731184	0.13503512659354727
24h	D_H_CPT	10.81720430107527	0.13380745949327005
24h	D_H_CPT	10.838709677419356	0.13254821945977807
24h	D_H_CPT	10.860215053763442	0.13125333855393848
24h	D_H_CPT	10.881720430107528	0.1299207888760715
24h	D_H_CPT	10.903225806451614	0.12854903959458494
24h	D_H_CPT	10.9247311827957	0.12713558963354704
24h	D_H_CPT	10.946236559139786	0.12567958211602584
24h	D_H_CPT	10.967741935483872	0.12418029054923128
24h	D_H_CPT	10.989247311827958	0.12263805828950988
24h	D_H_CPT	11.010752688172044	0.12105317393631619
24h	D_H_CPT	11.03225806451613	0.11942626682862645
24h	D_H_CPT	11.053763440860216	0.11775951635917756
24h	D_H_CPT	11.075268817204302	0.11605485820790198
24h	D_H_CPT	11.096774193548388	0.11431403456220823
24h	D_H_CPT	11.118279569892474	0.11254114218882892
24h	D_H_CPT	11.13978494623656	0.11073872832126695
24h	D_H_CPT	11.161290322580646	0.10891022294961988
24h	D_H_CPT	11.182795698924732	0.10705929153425203
24h	D_H_CPT	11.204301075268818	0.10518994880069225
24h	D_H_CPT	11.225806451612904	0.10330577823692577
24h	D_H_CPT	11.24731182795699	0.10141071144603103
24h	D_H_CPT	11.268817204301076	0.09950824293588977
24h	D_H_CPT	11.290322580645162	0.097602242176944
24h	D_H_CPT	11.311827956989248	0.0956954778317722
24h	D_H_CPT	11.333333333333334	0.09379165676846925
24h	D_H_CPT	11.35483870967742	0.09189411629537204
24h	D_H_CPT	11.376344086021506	0.09000516283669631
24h	D_H_CPT	11.397849462365592	0.0881272544406667
24h	D_H_CPT	11.419354838709678	0.08626235684469843
24h	D_H_CPT	11.440860215053764	0.08441312932572606
24h	D_H_CPT	11.46236559139785	0.08258186892038073
24h	D_H_CPT	11.483870967741936	0.08076994906619862
24h	D_H_CPT	11.505376344086022	0.07897899022725076
24h	D_H_CPT	11.526881720430108	0.07721031964111585
24h	D_H_CPT	11.548387096774194	0.07546579087851998
24h	D_H_CPT	11.56989247311828	0.07374625638388013
24h	D_H_CPT	11.591397849462366	0.07205228650013867
24h	D_H_CPT	11.612903225806452	0.07038527370315362
24h	D_H_CPT	11.634408602150538	0.06874617404839593
24h	D_H_CPT	11.655913978494624	0.06713566185021952
24h	D_H_CPT	11.67741935483871	0.06555450903736983
24h	D_H_CPT	11.698924731182796	0.06400287500624811
24h	D_H_CPT	11.720430107526882	0.062481606781298334
24h	D_H_CPT	11.741935483870968	0.060990927796222894
24h	D_H_CPT	11.763440860215054	0.05953106069634724
24h	D_H_CPT	11.78494623655914	0.05810235438778737
24h	D_H_CPT	11.806451612903226	0.05670486754461684
24h	D_H_CPT	11.827956989247312	0.05533905902197755
24h	D_H_CPT	11.849462365591398	0.05400443658415973
24h	D_H_CPT	11.870967741935484	0.0527007320753432
24h	D_H_CPT	11.89247311827957	0.05142852579797022
24h	D_H_CPT	11.913978494623656	0.050187455773168764
24h	D_H_CPT	11.935483870967744	0.04897667761332438
24h	D_H_CPT	11.95698924731183	0.047797205361201786
24h	D_H_CPT	11.978494623655916	0.046648306800161556
24h	D_H_CPT	12.000000000000002	0.045529349250482694
24h	D_H_CPT	12.021505376344088	0.04444137081929349
24h	D_H_CPT	12.043010752688174	0.04338348528210731
24h	D_H_CPT	12.06451612903226	0.04235605366939289
24h	D_H_CPT	12.086021505376346	0.041358966260678
24h	D_H_CPT	12.107526881720432	0.04039172474987465
24h	D_H_CPT	12.129032258064518	0.03945459745015037
24h	D_H_CPT	12.150537634408604	0.03854639305003393
24h	D_H_CPT	12.17204301075269	0.037667074800472315
24h	D_H_CPT	12.193548387096776	0.036816225157151154
24h	D_H_CPT	12.215053763440862	0.03599370294709659
24h	D_H_CPT	12.236559139784948	0.03519801955786817
24h	D_H_CPT	12.258064516129034	0.03442828459504307
24h	D_H_CPT	12.27956989247312	0.03368401435983893
24h	D_H_CPT	12.301075268817206	0.03296354254609435
24h	D_H_CPT	12.322580645161292	0.03226588529168694
24h	D_H_CPT	12.344086021505378	0.03158958930329441
24h	D_H_CPT	12.365591397849464	0.030933380470981646
24h	D_H_CPT	12.38709677419355	0.030296035935080512
24h	D_H_CPT	12.408602150537636	0.029675894716964534
24h	D_H_CPT	12.430107526881722	0.02907147212169757
24h	D_H_CPT	12.451612903225808	0.02848135805449345
24h	D_H_CPT	12.473118279569894	0.02790442984601956
24h	D_H_CPT	12.49462365591398	0.027339682925050984
24h	D_H_CPT	12.516129032258066	0.026785995242560673
24h	D_H_CPT	12.537634408602152	0.02624251648177883
24h	D_H_CPT	12.559139784946238	0.025708721012976235
24h	D_H_CPT	12.580645161290324	0.02518381100592843
24h	D_H_CPT	12.60215053763441	0.024667556526795368
24h	D_H_CPT	12.623655913978496	0.024159722063077593
24h	D_H_CPT	12.645161290322582	0.023659836362505727
24h	D_H_CPT	12.666666666666668	0.023168038723438762
24h	D_H_CPT	12.688172043010754	0.022684787653038607
24h	D_H_CPT	12.70967741935484	0.022209799324334163
24h	D_H_CPT	12.731182795698926	0.021743605654271938
24h	D_H_CPT	12.752688172043012	0.021286028320211876
24h	D_H_CPT	12.774193548387098	0.0208372367419756
24h	D_H_CPT	12.795698924731184	0.020397518264458535
24h	D_H_CPT	12.81720430107527	0.019966953606405036
24h	D_H_CPT	12.838709677419356	0.019545247753423145
24h	D_H_CPT	12.860215053763442	0.019132475493496778
24h	D_H_CPT	12.881720430107528	0.018728344339460846
24h	D_H_CPT	12.903225806451614	0.018332907031137786
24h	D_H_CPT	12.9247311827957	0.017945721582878455
24h	D_H_CPT	12.946236559139786	0.017566365029709808
24h	D_H_CPT	12.967741935483872	0.017194492756624477
24h	D_H_CPT	12.989247311827958	0.016829591504729628
24h	D_H_CPT	13.010752688172044	0.01647089017364021
24h	D_H_CPT	13.03225806451613	0.01611853007040302
24h	D_H_CPT	13.053763440860216	0.015771807605264646
24h	D_H_CPT	13.075268817204302	0.015430651565207973
24h	D_H_CPT	13.096774193548388	0.015094965452721642
24h	D_H_CPT	13.118279569892474	0.014764134434950504
24h	D_H_CPT	13.13978494623656	0.014438610264402475
24h	D_H_CPT	13.161290322580646	0.014118496502321116
24h	D_H_CPT	13.182795698924732	0.013803851999359037
24h	D_H_CPT	13.204301075268818	0.01349485449827283
24h	D_H_CPT	13.225806451612904	0.013191836435143926
24h	D_H_CPT	13.24731182795699	0.012895257523486978
24h	D_H_CPT	13.268817204301076	0.012605409490858147
24h	D_H_CPT	13.290322580645162	0.012323226641433323
24h	D_H_CPT	13.311827956989248	0.012048470369914115
24h	D_H_CPT	13.333333333333334	0.011781573865381407
24h	D_H_CPT	13.35483870967742	0.011523041966771208
24h	D_H_CPT	13.376344086021506	0.011272659749997594
24h	D_H_CPT	13.397849462365592	0.0110308365558216
24h	D_H_CPT	13.419354838709678	0.010797461796276636
24h	D_H_CPT	13.440860215053764	0.010572102678251673
24h	D_H_CPT	13.46236559139785	0.010354474299065363
24h	D_H_CPT	13.483870967741936	0.010144210248222173
24h	D_H_CPT	13.505376344086022	0.009940646691413832
24h	D_H_CPT	13.526881720430108	0.009743127107464791
24h	D_H_CPT	13.548387096774194	0.009550774598671461
24h	D_H_CPT	13.56989247311828	0.009363280982519737
24h	D_H_CPT	13.591397849462366	0.00917953333632775
24h	D_H_CPT	13.612903225806452	0.008998637379048094
24h	D_H_CPT	13.634408602150538	0.008819869548025034
24h	D_H_CPT	13.655913978494624	0.008642391311522236
24h	D_H_CPT	13.67741935483871	0.00846568408474982
24h	D_H_CPT	13.698924731182796	0.00828927599272956
24h	D_H_CPT	13.720430107526882	0.008112554116113
24h	D_H_CPT	13.741935483870968	0.007935142089268194
24h	D_H_CPT	13.763440860215056	0.007756788168473259
24h	D_H_CPT	13.784946236559142	0.007577503106145658
24h	D_H_CPT	13.806451612903228	0.007397309887612236
24h	D_H_CPT	13.827956989247314	0.007216269529647075
24h	D_H_CPT	13.8494623655914	0.007034587720838366
24h	D_H_CPT	13.870967741935486	0.006852696234732904
24h	D_H_CPT	13.892473118279572	0.006670868033933158
24h	D_H_CPT	13.913978494623658	0.006489422433129818
24h	D_H_CPT	13.935483870967744	0.006308938083856057
24h	D_H_CPT	13.95698924731183	0.006129807829306101
24h	D_H_CPT	13.978494623655916	0.005952643125026228
24h	D_H_CPT	14.000000000000002	0.005777724784141643
24h	D_H_CPT	14.021505376344088	0.005605667533034686
24h	D_H_CPT	14.043010752688174	0.005436492669870291
24h	D_H_CPT	14.06451612903226	0.005270791017988412
24h	D_H_CPT	14.086021505376346	0.005108874601405804
24h	D_H_CPT	14.107526881720432	0.0049507715683034725
24h	D_H_CPT	14.129032258064518	0.004796705991532722
24h	D_H_CPT	14.150537634408604	0.004646931947888053
24h	D_H_CPT	14.17204301075269	0.004501358655105023
24h	D_H_CPT	14.193548387096776	0.0043599668966524275
24h	D_H_CPT	14.215053763440862	0.004222713805439271
24h	D_H_CPT	14.236559139784948	0.004089894519381604
24h	D_H_CPT	14.258064516129034	0.0039611484933059484
24h	D_H_CPT	14.27956989247312	0.0038365538913457163
24h	D_H_CPT	14.301075268817206	0.0037161614307667057
24h	D_H_CPT	14.322580645161292	0.0035998012642647938
24h	D_H_CPT	14.344086021505378	0.003487541390869582
24h	D_H_CPT	14.365591397849464	0.003379363554364202
24h	D_H_CPT	14.38709677419355	0.003275423499187976
24h	D_H_CPT	14.408602150537636	0.003175534273772286
24h	D_H_CPT	14.430107526881722	0.0030798958871945704
24h	D_H_CPT	14.451612903225808	0.0029884682007963177
24h	D_H_CPT	14.473118279569894	0.002901211900025476
24h	D_H_CPT	14.49462365591398	0.0028181219652963154
24h	D_H_CPT	14.516129032258066	0.002739276014052982
24h	D_H_CPT	14.537634408602152	0.00266479661700098
24h	D_H_CPT	14.559139784946238	0.002594332354143978
24h	D_H_CPT	14.580645161290324	0.002527778040163622
24h	D_H_CPT	14.60215053763441	0.0024648893983048527
24h	D_H_CPT	14.623655913978496	0.002405759277584002
24h	D_H_CPT	14.645161290322582	0.00234992795739204
24h	D_H_CPT	14.666666666666668	0.0022971737408976024
24h	D_H_CPT	14.688172043010754	0.0022470664409785742
24h	D_H_CPT	14.70967741935484	0.0021994374049759536
24h	D_H_CPT	14.731182795698926	0.002153757039665425
24h	D_H_CPT	14.752688172043012	0.0021096806680441903
24h	D_H_CPT	14.774193548387098	0.0020668680005050664
24h	D_H_CPT	14.795698924731184	0.002024909444924732
24h	D_H_CPT	14.81720430107527	0.001983380136693469
24h	D_H_CPT	14.838709677419356	0.001941958090766561
24h	D_H_CPT	14.860215053763442	0.0019002721351112594
24h	D_H_CPT	14.881720430107528	0.0018579736164588126
24h	D_H_CPT	14.903225806451614	0.0018146986563390044
24h	D_H_CPT	14.9247311827957	0.0017702882095801769
24h	D_H_CPT	14.946236559139786	0.001724598289337633
24h	D_H_CPT	14.967741935483872	0.0016774897193952702
24h	D_H_CPT	14.989247311827958	0.0016288463077605525
24h	D_H_CPT	15.010752688172044	0.0015786352802614517
24h	D_H_CPT	15.03225806451613	0.0015268918929876273
24h	D_H_CPT	15.053763440860216	0.0014737342093293455
24h	D_H_CPT	15.075268817204302	0.0014192760744291696
24h	D_H_CPT	15.096774193548388	0.001363719024056273
24h	D_H_CPT	15.118279569892474	0.0013073374210060384
24h	D_H_CPT	15.13978494623656	0.0012503360392557093
24h	D_H_CPT	15.161290322580646	0.0011930830995382472
24h	D_H_CPT	15.182795698924732	0.0011360132656738878
24h	D_H_CPT	15.204301075268818	0.0010794372137377171
24h	D_H_CPT	15.225806451612904	0.0010237388807895326
24h	D_H_CPT	15.24731182795699	0.0009692678540834175
24h	D_H_CPT	15.268817204301076	0.0009164360551341588
24h	D_H_CPT	15.290322580645162	0.0008655518889026061
24h	D_H_CPT	15.311827956989248	0.0008171224014715266
24h	D_H_CPT	15.333333333333334	0.0007713149037704481
24h	D_H_CPT	15.35483870967742	0.0007283515768733248
24h	D_H_CPT	15.376344086021506	0.0006885549330628576
24h	D_H_CPT	15.397849462365592	0.0006520685602138535
24h	D_H_CPT	15.419354838709678	0.0006190477347004704
24h	D_H_CPT	15.440860215053764	0.0005895100182467538
24h	D_H_CPT	15.46236559139785	0.0005634630620787506
24h	D_H_CPT	15.483870967741936	0.0005410321664772151
24h	D_H_CPT	15.505376344086022	0.0005220319971983565
24h	D_H_CPT	15.526881720430108	0.000506300657563981
24h	D_H_CPT	15.548387096774194	0.0004936990962737174
24h	D_H_CPT	15.56989247311828	0.00048407185800046314
24h	D_H_CPT	15.591397849462366	0.0004770457719001265
24h	D_H_CPT	15.612903225806454	0.00047242163388936976
24h	D_H_CPT	15.63440860215054	0.00046988893819519467
24h	D_H_CPT	15.655913978494626	0.0004690583455520576
24h	D_H_CPT	15.677419354838712	0.00046962318976532125
24h	D_H_CPT	15.698924731182798	0.00047115805131067885
24h	D_H_CPT	15.720430107526884	0.00047347026592001965
24h	D_H_CPT	15.74193548387097	0.0004761521290815268
24h	D_H_CPT	15.763440860215056	0.00047893930341740226
24h	D_H_CPT	15.784946236559142	0.00048144904470867936
24h	D_H_CPT	15.806451612903228	0.0004834519246093041
24h	D_H_CPT	15.827956989247314	0.00048474138851941983
24h	D_H_CPT	15.8494623655914	0.0004851190342226692
24h	D_H_CPT	15.870967741935486	0.00048454651177572085
24h	D_H_CPT	15.892473118279572	0.00048280553579630126
24h	D_H_CPT	15.913978494623658	0.000480059112197306
24h	D_H_CPT	15.935483870967744	0.0004762228941262
24h	D_H_CPT	15.95698924731183	0.0004713864792231492
24h	D_H_CPT	15.978494623655916	0.0004657117812347964
24h	D_H_CPT	16.0	0.00045940563584702106
24h	D_H_CPT	16.021505376344088	0.0004526288072485366
24h	D_H_CPT	16.043010752688172	0.00044569524418639123
24h	D_H_CPT	16.06451612903226	0.00043882193219490015
24h	D_H_CPT	16.086021505376344	0.000432337215373201
24h	D_H_CPT	16.107526881720432	0.00042654067092273755
24h	D_H_CPT	16.129032258064516	0.0004217564753579471
24h	D_H_CPT	16.150537634408604	0.00041823936107440035
24h	D_H_CPT	16.172043010752688	0.00041620949327751596
24h	D_H_CPT	16.193548387096776	0.0004160304064106087
24h	D_H_CPT	16.21505376344086	0.0004178155451301972
24h	D_H_CPT	16.236559139784948	0.0004217957635152118
24h	D_H_CPT	16.258064516129032	0.00042806090570034254
24h	D_H_CPT	16.27956989247312	0.0004366869512013736
24h	D_H_CPT	16.301075268817204	0.00044769649143721365
24h	D_H_CPT	16.322580645161292	0.0004610568075240595
24h	D_H_CPT	16.344086021505376	0.0004766791119989559
24h	D_H_CPT	16.365591397849464	0.0004944189696460589
24h	D_H_CPT	16.387096774193548	0.0005140778964881113
24h	D_H_CPT	16.408602150537636	0.0005354061199700355
24h	D_H_CPT	16.43010752688172	0.0005580806144681849
24h	D_H_CPT	16.451612903225808	0.0005818211346521443
24h	D_H_CPT	16.473118279569892	0.0006062159096369382
24h	D_H_CPT	16.49462365591398	0.0006308598553047132
24h	D_H_CPT	16.516129032258064	0.000655325824516694
24h	D_H_CPT	16.537634408602152	0.0006791729781047087
24h	D_H_CPT	16.55913978494624	0.0007019556488006553
24h	D_H_CPT	16.580645161290324	0.0007232325190557596
24h	D_H_CPT	16.60215053763441	0.0007425500633124114
24h	D_H_CPT	16.623655913978496	0.0007595628171653375
24h	D_H_CPT	16.645161290322584	0.0007738619860468264
24h	D_H_CPT	16.666666666666668	0.0007851151174927581
24h	D_H_CPT	16.688172043010756	0.0007930372479758779
24h	D_H_CPT	16.70967741935484	0.0007973975306002158
24h	D_H_CPT	16.731182795698928	0.000798061148018301
24h	D_H_CPT	16.752688172043012	0.0007948621205807684
24h	D_H_CPT	16.7741935483871	0.0007877862374668068
24h	D_H_CPT	16.795698924731184	0.0007768610618301077
24h	D_H_CPT	16.81720430107527	0.0007621812211641901
24h	D_H_CPT	16.838709677419356	0.0007439062033059349
24h	D_H_CPT	16.860215053763444	0.0007222048527242931
24h	D_H_CPT	16.881720430107528	0.0006974722153558915
24h	D_H_CPT	16.903225806451616	0.000669936499503009
24h	D_H_CPT	16.9247311827957	0.0006400250251973647
24h	D_H_CPT	16.946236559139788	0.0006081024044324487
24h	D_H_CPT	16.967741935483872	0.0005745667617797998
24h	D_H_CPT	16.98924731182796	0.0005399147601205098
24h	D_H_CPT	17.010752688172044	0.0005045516901188955
24h	D_H_CPT	17.03225806451613	0.00046891340482981377
24h	D_H_CPT	17.053763440860216	0.0004334210175602719
24h	D_H_CPT	17.075268817204304	0.00039847283719544424
24h	D_H_CPT	17.096774193548388	0.00036443728626116506
24h	D_H_CPT	17.118279569892476	0.00033164696773632305
24h	D_H_CPT	17.13978494623656	0.0003003939922387327
24h	D_H_CPT	17.161290322580648	0.0002709266205212602
24h	D_H_CPT	17.182795698924732	0.00024344722056131738
24h	D_H_CPT	17.20430107526882	0.0002180856349536314
24h	D_H_CPT	17.225806451612904	0.0001950471059421326
24h	D_H_CPT	17.24731182795699	0.0001743021417542036
24h	D_H_CPT	17.268817204301076	0.00015593695429396903
24h	D_H_CPT	17.290322580645164	0.0001398777654493081
24h	D_H_CPT	17.311827956989248	0.0001261006638463135
24h	D_H_CPT	17.333333333333336	0.00011452465695838106
24h	D_H_CPT	17.35483870967742	0.00010504188981725932
24h	D_H_CPT	17.376344086021508	9.752212966790362e-05
24h	D_H_CPT	17.397849462365592	9.18172654558562e-05
24h	D_H_CPT	17.41935483870968	8.776574229497714e-05
24h	D_H_CPT	17.440860215053764	8.523334196511618e-05
24h	D_H_CPT	17.46236559139785	8.398604923586946e-05
24h	D_H_CPT	17.483870967741936	8.38484892646957e-05
24h	D_H_CPT	17.505376344086024	8.470773788846375e-05
24h	D_H_CPT	17.526881720430108	8.636248163684652e-05
24h	D_H_CPT	17.548387096774196	8.865767396367364e-05
24h	D_H_CPT	17.56989247311828	9.142528323430396e-05
24h	D_H_CPT	17.591397849462368	9.459807629706054e-05
24h	D_H_CPT	17.612903225806452	9.803164129454055e-05
24h	D_H_CPT	17.63440860215054	0.00010161167705962374
24h	D_H_CPT	17.655913978494624	0.00010532988261209747
24h	D_H_CPT	17.67741935483871	0.00010907847539706008
24h	D_H_CPT	17.698924731182796	0.0001128925292242433
24h	D_H_CPT	17.720430107526884	0.00011670660161952486
24h	D_H_CPT	17.741935483870968	0.00012059557248091596
24h	D_H_CPT	17.763440860215056	0.00012452975088583697
24h	D_H_CPT	17.78494623655914	0.00012861424023599758
24h	D_H_CPT	17.806451612903228	0.00013286854656281903
24h	D_H_CPT	17.827956989247312	0.00013732787214541174
24h	D_H_CPT	17.8494623655914	0.00014211319464914243
24h	D_H_CPT	17.870967741935484	0.00014722042506619618
24h	D_H_CPT	17.89247311827957	0.00015275811263271583
24h	D_H_CPT	17.913978494623656	0.0001587004378704314
24h	D_H_CPT	17.935483870967744	0.00016509980962588723
24h	D_H_CPT	17.956989247311828	0.00017197795100507539
24h	D_H_CPT	17.978494623655916	0.00017927456422340058
24h	D_H_CPT	18.0	0.00018694083880826053
24h	D_H_CPT	18.021505376344088	0.0001949027609101154
24h	D_H_CPT	18.043010752688172	0.00020306202520616886
24h	D_H_CPT	18.06451612903226	0.00021129807446325615
24h	D_H_CPT	18.086021505376344	0.0002194712033301097
24h	D_H_CPT	18.107526881720432	0.00022742660771552024
24h	D_H_CPT	18.129032258064516	0.00023499921205304803
24h	D_H_CPT	18.150537634408604	0.00024201906671965842
24h	D_H_CPT	18.172043010752688	0.00024831707913881856
24h	D_H_CPT	18.193548387096776	0.00025373082619720275
24h	D_H_CPT	18.21505376344086	0.0002581101932534135
24h	D_H_CPT	18.236559139784948	0.0002613225960800623
24h	D_H_CPT	18.258064516129032	0.00026325756560092843
24h	D_H_CPT	18.27956989247312	0.0002638305095771239
24h	D_H_CPT	18.301075268817204	0.0002629855081832031
24h	D_H_CPT	18.322580645161292	0.00026069704900128843
24h	D_H_CPT	18.344086021505376	0.00025697065843070105
24h	D_H_CPT	18.365591397849464	0.0002518424379209772
24h	D_H_CPT	18.38709677419355	0.00024537756201204207
24h	D_H_CPT	18.408602150537636	0.00023766783846258658
24h	D_H_CPT	18.430107526881724	0.0002288284667846501
24h	D_H_CPT	18.451612903225808	0.000218994158849376
24h	D_H_CPT	18.473118279569896	0.0002083148030533589
24h	D_H_CPT	18.49462365591398	0.00019695086160302774
24h	D_H_CPT	18.516129032258068	0.0001850686891128807
24h	D_H_CPT	18.537634408602152	0.0001728359507389958
24h	D_H_CPT	18.55913978494624	0.00016041730069463655
24h	D_H_CPT	18.580645161290324	0.00014797045871896682
24h	D_H_CPT	18.60215053763441	0.00013564279456372102
24h	D_H_CPT	18.623655913978496	0.0001235685005569082
24h	D_H_CPT	18.645161290322584	0.00011186640148563603
24h	D_H_CPT	18.666666666666668	0.00010063842097029403
24h	D_H_CPT	18.688172043010756	8.99686955383221e-05
24h	D_H_CPT	18.70967741935484	7.992330285654693e-05
24h	D_H_CPT	18.731182795698928	7.052469773925022e-05
24h	D_H_CPT	18.752688172043012	6.186355986670314e-05
24h	D_H_CPT	18.7741935483871	5.391970587558929e-05
24h	D_H_CPT	18.795698924731184	4.6694927549621336e-05
24h	D_H_CPT	18.81720430107527	4.0178300474401844e-05
24h	D_H_CPT	18.838709677419356	3.434809553130983e-05
24h	D_H_CPT	18.860215053763444	2.9173742774891422e-05
24h	D_H_CPT	18.881720430107528	2.4617775253446212e-05
24h	D_H_CPT	18.903225806451616	2.0637690760729353e-05
24h	D_H_CPT	18.9247311827957	1.718768120686886e-05
24h	D_H_CPT	18.946236559139788	1.4220191548781766e-05
24h	D_H_CPT	18.967741935483872	1.1687282369213228e-05
24h	D_H_CPT	18.98924731182796	9.541781676127845e-06
24h	D_H_CPT	19.010752688172044	7.738221859393076e-06
24h	D_H_CPT	19.03225806451613	6.233566660483761e-06
24h	D_H_CPT	19.053763440860216	4.9877402782366215e-06
24h	D_H_CPT	19.075268817204304	3.963976262492225e-06
24h	D_H_CPT	19.096774193548388	3.1290076565110152e-06
24h	D_H_CPT	19.118279569892476	2.453122045655987e-06
24h	D_H_CPT	19.13978494623656	1.910105929701384e-06
24h	D_H_CPT	19.161290322580648	1.4771023818943623e-06
24h	D_H_CPT	19.182795698924732	1.1344045380856736e-06
24h	D_H_CPT	19.20430107526882	8.652053290018381e-07
24h	D_H_CPT	19.225806451612904	6.294691373161158e-07
24h	D_H_CPT	19.24731182795699	4.7471466637517697e-07
24h	D_H_CPT	19.268817204301076	3.296033038165967e-07
24h	D_H_CPT	19.290322580645164	2.4606646833155144e-07
24h	D_H_CPT	19.311827956989248	1.8234743863302506e-07
24h	D_H_CPT	19.333333333333336	1.3413226242200526e-07
24h	D_H_CPT	19.35483870967742	9.793844040836296e-08
24h	D_H_CPT	19.376344086021508	7.09838366887807e-08
24h	D_H_CPT	19.397849462365592	5.106838291771832e-08
24h	D_H_CPT	19.41935483870968	3.6469607919855565e-08
24h	D_H_CPT	19.440860215053764	0.0
24h	D_H_CPT	19.46236559139785	0.0
24h	D_H_CPT	19.483870967741936	0.0
24h	D_H_CPT	19.505376344086024	0.0
24h	D_H_CPT	19.526881720430108	0.0
24h	D_H_CPT	19.548387096774196	0.0
24h	D_H_CPT	19.56989247311828	0.0
24h	D_H_CPT	19.591397849462368	0.0
24h	D_H_CPT	19.612903225806452	3.6469607919855565e-08
24h	D_H_CPT	19.63440860215054	5.106838291771832e-08
24h	D_H_CPT	19.655913978494624	7.09838366887807e-08
24h	D_H_CPT	19.67741935483871	9.793844040836296e-08
24h	D_H_CPT	19.698924731182796	1.3413226242200526e-07
24h	D_H_CPT	19.720430107526884	1.8234743863302506e-07
24h	D_H_CPT	19.741935483870968	2.4606646833155144e-07
24h	D_H_CPT	19.763440860215056	3.296033038165967e-07
24h	D_H_CPT	19.78494623655914	4.382450584553214e-07
24h	D_H_CPT	19.806451612903228	5.784007543983975e-07
24h	D_H_CPT	19.827956989247312	7.577518843932019e-07
24h	D_H_CPT	19.8494623655914	9.853977147595921e-07
24h	D_H_CPT	19.870967741935484	1.2719862827835763e-06
24h	D_H_CPT	19.89247311827957	1.6298200506599961e-06
24h	D_H_CPT	19.913978494623656	2.0729233149024303e-06
24h	D_H_CPT	19.935483870967744	2.617056914061394e-06
24h	D_H_CPT	19.956989247311828	3.2796647357053525e-06
24h	D_H_CPT	19.978494623655916	4.079736220021628e-06
24h	D_H_CPT	20.0	5.0375697176352374e-06
24h	D_H_CPT	20.021505376344088	6.174423390235086e-06
24h	D_H_CPT	20.043010752688172	7.512043508951067e-06
24h	D_H_CPT	20.06451612903226	9.07206460379364e-06
24h	D_H_CPT	20.086021505376344	1.087528195109576e-05
24h	D_H_CPT	20.107526881720432	1.2940804242147472e-05
24h	D_H_CPT	20.129032258064516	1.528510271012157e-05
24h	D_H_CPT	20.150537634408604	1.792098211936319e-05
24h	D_H_CPT	20.172043010752688	2.085650832155083e-05
24h	D_H_CPT	20.193548387096776	2.409393592105312e-05
24h	D_H_CPT	20.215053763440864	2.7628687247815535e-05
24h	D_H_CPT	20.236559139784948	3.14484395555926e-05
24h	D_H_CPT	20.258064516129036	3.553238041554247e-05
24h	D_H_CPT	20.27956989247312	3.9850691020762034e-05
24h	D_H_CPT	20.301075268817208	4.436431307803289e-05
24h	D_H_CPT	20.322580645161292	4.9025046887116415e-05
24h	D_H_CPT	20.34408602150538	5.3776016123731996e-05
24h	D_H_CPT	20.365591397849464	5.855251909318894e-05
24h	D_H_CPT	20.38709677419355	6.32832674758613e-05
24h	D_H_CPT	20.408602150537636	6.789199281784045e-05
24h	D_H_CPT	20.430107526881724	7.229937946172999e-05
24h	D_H_CPT	20.451612903225808	7.642526167428063e-05
24h	D_H_CPT	20.473118279569896	8.019100389724462e-05
24h	D_H_CPT	20.49462365591398	8.352196777266203e-05
24h	D_H_CPT	20.516129032258068	8.634995915671741e-05
24h	D_H_CPT	20.537634408602152	8.861554373832916e-05
24h	D_H_CPT	20.55913978494624	9.0270121739006e-05
24h	D_H_CPT	20.580645161290324	9.127766065556304e-05
24h	D_H_CPT	20.60215053763441	9.161599979639877e-05
24h	D_H_CPT	20.623655913978496	9.127766065556304e-05
24h	D_H_CPT	20.645161290322584	9.0270121739006e-05
24h	D_H_CPT	20.666666666666668	8.861554373832916e-05
24h	D_H_CPT	20.688172043010756	8.634995915671741e-05
24h	D_H_CPT	20.70967741935484	8.352196777266203e-05
24h	D_H_CPT	20.731182795698928	8.019100389724462e-05
24h	D_H_CPT	20.752688172043012	7.642526167428063e-05
24h	D_H_CPT	20.7741935483871	7.229937946172999e-05
24h	D_H_CPT	20.795698924731184	6.789199281784045e-05
24h	D_H_CPT	20.81720430107527	6.32832674758613e-05
24h	D_H_CPT	20.838709677419356	5.855251909318894e-05
24h	D_H_CPT	20.860215053763444	5.3776016123731996e-05
24h	D_H_CPT	20.881720430107528	4.9025046887116415e-05
24h	D_H_CPT	20.903225806451616	4.436431307803289e-05
24h	D_H_CPT	20.9247311827957	3.9850691020762034e-05
24h	D_H_CPT	20.946236559139788	3.553238041554247e-05
24h	D_H_CPT	20.967741935483872	3.14484395555926e-05
24h	D_H_CPT	20.98924731182796	2.7628687247815535e-05
24h	D_H_CPT	21.010752688172044	2.409393592105312e-05
24h	D_H_CPT	21.03225806451613	2.085650832155083e-05
24h	D_H_CPT	21.053763440860216	1.792098211936319e-05
24h	D_H_CPT	21.075268817204304	1.528510271012157e-05
24h	D_H_CPT	21.096774193548388	1.2940804242147472e-05
24h	D_H_CPT	21.118279569892476	1.087528195109576e-05
24h	D_H_CPT	21.13978494623656	9.07206460379364e-06
24h	D_H_CPT	21.161290322580648	7.512043508951067e-06
24h	D_H_CPT	21.182795698924732	6.174423390235086e-06
24h	D_H_CPT	21.20430107526882	5.0375697176352374e-06
24h	D_H_CPT	21.225806451612904	4.079736220021628e-06
24h	D_H_CPT	21.24731182795699	3.2796647357053525e-06
24h	D_H_CPT	21.268817204301076	2.617056914061394e-06
24h	D_H_CPT	21.290322580645164	2.0729233149024303e-06
24h	D_H_CPT	21.311827956989248	1.6298200506599961e-06
24h	D_H_CPT	21.333333333333336	1.2719862827835763e-06
24h	D_H_CPT	21.35483870967742	9.853977147595921e-07
24h	D_H_CPT	21.376344086021508	7.577518843932019e-07
24h	D_H_CPT	21.397849462365592	5.784007543983975e-07
24h	D_H_CPT	21.41935483870968	4.382450584553214e-07
24h	D_H_CPT	21.440860215053764	3.296033038165967e-07
24h	D_H_CPT	21.46236559139785	2.4606646833155144e-07
24h	D_H_CPT	21.483870967741936	1.8234743863302506e-07
24h	D_H_CPT	21.505376344086024	1.3413226242200526e-07
24h	D_H_CPT	21.526881720430108	9.793844040836296e-08
24h	D_H_CPT	21.548387096774196	7.09838366887807e-08
24h	D_H_CPT	21.56989247311828	5.106838291771832e-08
24h	D_H_CPT	21.591397849462368	3.6469607919855565e-08
24h	D_H_CPT	21.612903225806452	0.0
24h	D_H_CPT	21.63440860215054	0.0
24h	D_H_CPT	21.655913978494624	0.0
24h	D_H_CPT	21.67741935483871	0.0
24h	D_H_CPT	21.698924731182796	0.0
24h	D_H_CPT	21.720430107526884	0.0
24h	D_H_CPT	21.741935483870968	0.0
24h	D_H_CPT	21.763440860215056	0.0
24h	D_H_CPT	21.78494623655914	0.0
24h	D_H_CPT	21.806451612903228	0.0
24h	D_H_CPT	21.827956989247312	0.0
24h	D_H_CPT	21.8494623655914	0.0
24h	D_H_CPT	21.870967741935484	0.0
24h	D_H_CPT	21.89247311827957	0.0
24h	D_H_CPT	21.913978494623656	0.0
24h	D_H_CPT	21.935483870967744	0.0
24h	D_H_CPT	21.956989247311828	0.0
24h	D_H_CPT	21.978494623655916	0.0
24h	D_H_CPT	22.0	0.0
24h	DT_H_CPT	0.0	0.00608549885693825
24h	DT_H_CPT	0.021505376344086023	0.006118382507479365
24h	DT_H_CPT	0.043010752688172046	0.006119813470422561
24h	DT_H_CPT	0.06451612903225806	0.006092947868382829
24h	DT_H_CPT	0.08602150537634409	0.006043173362688885
24h	DT_H_CPT	0.10752688172043012	0.005973522053492007
24h	DT_H_CPT	0.12903225806451613	0.0058906534641452206
24h	DT_H_CPT	0.15053763440860216	0.005802676612579939
24h	DT_H_CPT	0.17204301075268819	0.0057134144165686416
24h	DT_H_CPT	0.19354838709677422	0.005631000253139854
24h	DT_H_CPT	0.21505376344086025	0.00556271147699963
24h	DT_H_CPT	0.23655913978494625	0.0055138067887479355
24h	DT_H_CPT	0.25806451612903225	0.005490607817254738
24h	DT_H_CPT	0.2795698924731183	0.005498188208781669
24h	DT_H_CPT	0.3010752688172043	0.005540586729604024
24h	DT_H_CPT	0.32258064516129037	0.005620849560877018
24h	DT_H_CPT	0.34408602150537637	0.005740821457691809
24h	DT_H_CPT	0.3655913978494624	0.005901118625272507
24h	DT_H_CPT	0.38709677419354843	0.006101159098058729
24h	DT_H_CPT	0.40860215053763443	0.006339072338976915
24h	DT_H_CPT	0.4301075268817205	0.006612842663972287
24h	DT_H_CPT	0.4516129032258065	0.00691720833015797
24h	DT_H_CPT	0.4731182795698925	0.007249624112246375
24h	DT_H_CPT	0.49462365591397855	0.007602316202339157
24h	DT_H_CPT	0.5161290322580645	0.007970772053673292
24h	DT_H_CPT	0.5376344086021506	0.008350345892783693
24h	DT_H_CPT	0.5591397849462366	0.008733527108597273
24h	DT_H_CPT	0.5806451612903226	0.009116451166286102
24h	DT_H_CPT	0.6021505376344086	0.009493156235528684
24h	DT_H_CPT	0.6236559139784946	0.009859987765385882
24h	DT_H_CPT	0.6451612903225807	0.010213620520577288
24h	DT_H_CPT	0.6666666666666667	0.010551641343013595
24h	DT_H_CPT	0.6881720430107527	0.010872592208924392
24h	DT_H_CPT	0.7096774193548387	0.011177059482494638
24h	DT_H_CPT	0.7311827956989247	0.011463676626551693
24h	DT_H_CPT	0.7526881720430109	0.0117362323310138
24h	DT_H_CPT	0.7741935483870969	0.011993760729668578
24h	DT_H_CPT	0.7956989247311829	0.012241756627774724
24h	DT_H_CPT	0.8172043010752689	0.012481080873882588
24h	DT_H_CPT	0.8387096774193549	0.012714689245553799
24h	DT_H_CPT	0.860215053763441	0.012946563950003421
24h	DT_H_CPT	0.881720430107527	0.013179260761510825
24h	DT_H_CPT	0.903225806451613	0.013415550846901683
24h	DT_H_CPT	0.924731182795699	0.013658226703583676
24h	DT_H_CPT	0.946236559139785	0.013908441240025335
24h	DT_H_CPT	0.967741935483871	0.014169026856256109
24h	DT_H_CPT	0.9892473118279571	0.014439091593144465
24h	DT_H_CPT	1.010752688172043	0.01471995108403251
24h	DT_H_CPT	1.032258064516129	0.015014300342498448
24h	DT_H_CPT	1.0537634408602152	0.015318847191523372
24h	DT_H_CPT	1.0752688172043012	0.015635356243580655
24h	DT_H_CPT	1.0967741935483872	0.015962134261264364
24h	DT_H_CPT	1.1182795698924732	0.016300483140707436
24h	DT_H_CPT	1.1397849462365592	0.016649262147435697
24h	DT_H_CPT	1.1612903225806452	0.01701021856123643
24h	DT_H_CPT	1.1827956989247312	0.017383382379625268
24h	DT_H_CPT	1.2043010752688172	0.017768391901936225
24h	DT_H_CPT	1.2258064516129032	0.018168457124317014
24h	DT_H_CPT	1.2473118279569892	0.018583449984404716
24h	DT_H_CPT	1.2688172043010755	0.01901431194310733
24h	DT_H_CPT	1.2903225806451615	0.019463651842214724
24h	DT_H_CPT	1.3118279569892475	0.019932579318167935
24h	DT_H_CPT	1.3333333333333335	0.02042289011391887
24h	DT_H_CPT	1.3548387096774195	0.02093601835343151
24h	DT_H_CPT	1.3763440860215055	0.021471675421966714
24h	DT_H_CPT	1.3978494623655915	0.022032451693853573
24h	DT_H_CPT	1.4193548387096775	0.022617432668798943
24h	DT_H_CPT	1.4408602150537635	0.023226804215639947
24h	DT_H_CPT	1.4623655913978495	0.02385986104096339
24h	DT_H_CPT	1.4838709677419355	0.024515620489488976
24h	DT_H_CPT	1.5053763440860217	0.02519370218999037
24h	DT_H_CPT	1.5268817204301077	0.025892351122827936
24h	DT_H_CPT	1.5483870967741937	0.02660937703939226
24h	DT_H_CPT	1.5698924731182797	0.027341570735754793
24h	DT_H_CPT	1.5913978494623657	0.028088289289884494
24h	DT_H_CPT	1.6129032258064517	0.02884598618433027
24h	DT_H_CPT	1.6344086021505377	0.029612687154751828
24h	DT_H_CPT	1.6559139784946237	0.03038392772350482
24h	DT_H_CPT	1.6774193548387097	0.031161178970049733
24h	DT_H_CPT	1.6989247311827957	0.03194020372317953
24h	DT_H_CPT	1.720430107526882	0.03271826135256819
24h	DT_H_CPT	1.741935483870968	0.03349239387261265
24h	DT_H_CPT	1.763440860215054	0.03426287836107231
24h	DT_H_CPT	1.78494623655914	0.03502669041878705
24h	DT_H_CPT	1.806451612903226	0.03578281188964396
24h	DT_H_CPT	1.827956989247312	0.036528980906558664
24h	DT_H_CPT	1.849462365591398	0.037264143160826865
24h	DT_H_CPT	1.870967741935484	0.03798718086517585
24h	DT_H_CPT	1.89247311827957	0.03869796448048393
24h	DT_H_CPT	1.913978494623656	0.03939548387996717
24h	DT_H_CPT	1.935483870967742	0.0400788924594472
24h	DT_H_CPT	1.9569892473118282	0.04074783828340101
24h	DT_H_CPT	1.9784946236559142	0.04140192470875247
24h	DT_H_CPT	2.0	0.042040977141708416
24h	DT_H_CPT	2.021505376344086	0.04266551276976417
24h	DT_H_CPT	2.043010752688172	0.043276033622117446
24h	DT_H_CPT	2.064516129032258	0.0438727174580574
24h	DT_H_CPT	2.0860215053763445	0.04445537501331864
24h	DT_H_CPT	2.1075268817204305	0.04502688390349544
24h	DT_H_CPT	2.1290322580645165	0.04558812517296614
24h	DT_H_CPT	2.1505376344086025	0.04613833761440259
24h	DT_H_CPT	2.1720430107526885	0.04668215780246672
24h	DT_H_CPT	2.1935483870967745	0.04722000965648027
24h	DT_H_CPT	2.2150537634408605	0.047752832210137125
24h	DT_H_CPT	2.2365591397849465	0.04828510684040564
24h	DT_H_CPT	2.2580645161290325	0.04881721167851202
24h	DT_H_CPT	2.2795698924731185	0.04935186394641051
24h	DT_H_CPT	2.3010752688172045	0.04989125954508689
24h	DT_H_CPT	2.3225806451612905	0.050436712441578255
24h	DT_H_CPT	2.3440860215053765	0.05099122877344098
24h	DT_H_CPT	2.3655913978494625	0.051554894230958236
24h	DT_H_CPT	2.3870967741935485	0.052129510698344574
24h	DT_H_CPT	2.4086021505376345	0.05271682954973649
24h	DT_H_CPT	2.4301075268817205	0.053315202554724314
24h	DT_H_CPT	2.4516129032258065	0.05392648327271802
24h	DT_H_CPT	2.4731182795698925	0.054548204756004984
24h	DT_H_CPT	2.4946236559139785	0.055181705620308184
24h	DT_H_CPT	2.5161290322580645	0.05582336501620406
24h	DT_H_CPT	2.537634408602151	0.0564712267659812
24h	DT_H_CPT	2.559139784946237	0.05712321812055641
24h	DT_H_CPT	2.580645161290323	0.05777603554303718
24h	DT_H_CPT	2.602150537634409	0.05842670562222243
24h	DT_H_CPT	2.623655913978495	0.05907131699221579
24h	DT_H_CPT	2.645161290322581	0.059706284830180735
24h	DT_H_CPT	2.666666666666667	0.06032785342523657
24h	DT_H_CPT	2.688172043010753	0.06093273088464365
24h	DT_H_CPT	2.709677419354839	0.06151683855786949
24h	DT_H_CPT	2.731182795698925	0.06207920206364451
24h	DT_H_CPT	2.752688172043011	0.06261482182580488
24h	DT_H_CPT	2.774193548387097	0.06312539047758652
24h	DT_H_CPT	2.795698924731183	0.06360586188514876
24h	DT_H_CPT	2.817204301075269	0.06405867015558891
24h	DT_H_CPT	2.838709677419355	0.06448334060594199
24h	DT_H_CPT	2.860215053763441	0.06487939015816409
24h	DT_H_CPT	2.881720430107527	0.06524873212000272
24h	DT_H_CPT	2.903225806451613	0.06559288890058335
24h	DT_H_CPT	2.924731182795699	0.06591370753581763
24h	DT_H_CPT	2.946236559139785	0.0662144270577161
24h	DT_H_CPT	2.967741935483871	0.06649673636086195
24h	DT_H_CPT	2.9892473118279574	0.06676455795356362
24h	DT_H_CPT	3.0107526881720434	0.06701906799991188
24h	DT_H_CPT	3.0322580645161294	0.06726349621452613
24h	DT_H_CPT	3.0537634408602155	0.06750120278626213
24h	DT_H_CPT	3.0752688172043015	0.06773175859810356
24h	DT_H_CPT	3.0967741935483875	0.06795793126416683
24h	DT_H_CPT	3.1182795698924735	0.0681790053370741
24h	DT_H_CPT	3.1397849462365595	0.06839683071253991
24h	DT_H_CPT	3.1612903225806455	0.06860937188494795
24h	DT_H_CPT	3.1827956989247315	0.06881698021279355
24h	DT_H_CPT	3.2043010752688175	0.06901960297545044
24h	DT_H_CPT	3.2258064516129035	0.06921394177901749
24h	DT_H_CPT	3.2473118279569895	0.06940089761104806
24h	DT_H_CPT	3.2688172043010755	0.0695780401075515
24h	DT_H_CPT	3.2903225806451615	0.06974345813812698
24h	DT_H_CPT	3.3118279569892475	0.06989668756969394
24h	DT_H_CPT	3.3333333333333335	0.0700361417373599
24h	DT_H_CPT	3.3548387096774195	0.0701611697480343
24h	DT_H_CPT	3.3763440860215055	0.07027236864000504
24h	DT_H_CPT	3.3978494623655915	0.07036817678675727
24h	DT_H_CPT	3.4193548387096775	0.07045049240031018
24h	DT_H_CPT	3.440860215053764	0.07051996766659033
24h	DT_H_CPT	3.46236559139785	0.07057712844317275
24h	DT_H_CPT	3.483870967741936	0.0706244106896215
24h	DT_H_CPT	3.505376344086022	0.07066143250684036
24h	DT_H_CPT	3.526881720430108	0.07069061167300657
24h	DT_H_CPT	3.548387096774194	0.07071366815529623
24h	DT_H_CPT	3.56989247311828	0.07073311261847565
24h	DT_H_CPT	3.591397849462366	0.0707481361265782
24h	DT_H_CPT	3.612903225806452	0.07076113719624554
24h	DT_H_CPT	3.634408602150538	0.07077178663666267
24h	DT_H_CPT	3.655913978494624	0.0707812350367616
24h	DT_H_CPT	3.67741935483871	0.0707878790812575
24h	DT_H_CPT	3.698924731182796	0.07079217507283567
24h	DT_H_CPT	3.720430107526882	0.0707935517867905
24h	DT_H_CPT	3.741935483870968	0.07079030547083423
24h	DT_H_CPT	3.763440860215054	0.07078160329184637
24h	DT_H_CPT	3.78494623655914	0.07076563660216267
24h	DT_H_CPT	3.806451612903226	0.07074009883239414
24h	DT_H_CPT	3.827956989247312	0.07070437419371631
24h	DT_H_CPT	3.849462365591398	0.07065642474764923
24h	DT_H_CPT	3.870967741935484	0.07059478579704405
24h	DT_H_CPT	3.89247311827957	0.0705176333236833
24h	DT_H_CPT	3.9139784946236564	0.07042420120031298
24h	DT_H_CPT	3.9354838709677424	0.07031487819567135
24h	DT_H_CPT	3.9569892473118284	0.07018900271501377
24h	DT_H_CPT	3.9784946236559144	0.07004676657216478
24h	DT_H_CPT	4.0	0.06988945622500767
24h	DT_H_CPT	4.021505376344086	0.06971684938581234
24h	DT_H_CPT	4.043010752688172	0.06953079215494039
24h	DT_H_CPT	4.064516129032258	0.06933342461257307
24h	DT_H_CPT	4.086021505376344	0.06912636705800027
24h	DT_H_CPT	4.10752688172043	0.06891153305373651
24h	DT_H_CPT	4.129032258064516	0.06869129459928734
24h	DT_H_CPT	4.150537634408603	0.06846867438040066
24h	DT_H_CPT	4.172043010752689	0.06824600374065136
24h	DT_H_CPT	4.193548387096775	0.06802553839125587
24h	DT_H_CPT	4.215053763440861	0.06780967609808554
24h	DT_H_CPT	4.236559139784947	0.067599618666808
24h	DT_H_CPT	4.258064516129033	0.06739877389654132
24h	DT_H_CPT	4.279569892473119	0.06720826840482677
24h	DT_H_CPT	4.301075268817205	0.06702977987464427
24h	DT_H_CPT	4.322580645161291	0.06686489084906583
24h	DT_H_CPT	4.344086021505377	0.06671338664946667
24h	DT_H_CPT	4.365591397849463	0.0665775706196412
24h	DT_H_CPT	4.387096774193549	0.06645637576349056
24h	DT_H_CPT	4.408602150537635	0.06634946943707953
24h	DT_H_CPT	4.430107526881721	0.06625760820183328
24h	DT_H_CPT	4.451612903225807	0.06617938190783784
24h	DT_H_CPT	4.473118279569893	0.06611402792586506
24h	DT_H_CPT	4.494623655913979	0.06606021312219035
24h	DT_H_CPT	4.516129032258065	0.06601663692613924
24h	DT_H_CPT	4.537634408602151	0.06598114702754636
24h	DT_H_CPT	4.559139784946237	0.06595342955716157
24h	DT_H_CPT	4.580645161290323	0.06593017673626696
24h	DT_H_CPT	4.602150537634409	0.06591098649514644
24h	DT_H_CPT	4.623655913978495	0.06589404192042823
24h	DT_H_CPT	4.645161290322581	0.06587735201454656
24h	DT_H_CPT	4.666666666666667	0.06586022806753251
24h	DT_H_CPT	4.688172043010753	0.06584104944041895
24h	DT_H_CPT	4.709677419354839	0.06581950932259276
24h	DT_H_CPT	4.731182795698925	0.06579403630079005
24h	DT_H_CPT	4.752688172043011	0.065764646615588
24h	DT_H_CPT	4.774193548387097	0.06573057733256393
24h	DT_H_CPT	4.795698924731183	0.06569218428655121
24h	DT_H_CPT	4.817204301075269	0.06564862018921543
24h	DT_H_CPT	4.838709677419355	0.06560033925230126
24h	DT_H_CPT	4.860215053763441	0.06554734394241597
24h	DT_H_CPT	4.881720430107527	0.06549000249162734
24h	DT_H_CPT	4.903225806451613	0.06542768043830786
24h	DT_H_CPT	4.924731182795699	0.06536034005937737
24h	DT_H_CPT	4.946236559139785	0.06528754336630774
24h	DT_H_CPT	4.967741935483871	0.065209325539415
24h	DT_H_CPT	4.989247311827957	0.06512490830241267
24h	DT_H_CPT	5.010752688172043	0.06503334984493093
24h	DT_H_CPT	5.032258064516129	0.06493465918422098
24h	DT_H_CPT	5.053763440860216	0.06482764077738784
24h	DT_H_CPT	5.075268817204302	0.06471107505466811
24h	DT_H_CPT	5.096774193548388	0.06458449656531345
24h	DT_H_CPT	5.118279569892474	0.06444665235046328
24h	DT_H_CPT	5.13978494623656	0.06429703309418767
24h	DT_H_CPT	5.161290322580646	0.06413548316475952
24h	DT_H_CPT	5.182795698924732	0.06396151791025963
24h	DT_H_CPT	5.204301075268818	0.06377499826037937
24h	DT_H_CPT	5.225806451612904	0.06357618029574054
24h	DT_H_CPT	5.24731182795699	0.06336540292058866
24h	DT_H_CPT	5.268817204301076	0.06314413484063806
24h	DT_H_CPT	5.290322580645162	0.06291283196324794
24h	DT_H_CPT	5.311827956989248	0.06267281026420896
24h	DT_H_CPT	5.333333333333334	0.06242611696757518
24h	DT_H_CPT	5.35483870967742	0.06217476095984663
24h	DT_H_CPT	5.376344086021506	0.06192064509733757
24h	DT_H_CPT	5.397849462365592	0.06166594508891793
24h	DT_H_CPT	5.419354838709678	0.06141307090768677
24h	DT_H_CPT	5.440860215053764	0.06116450515799629
24h	DT_H_CPT	5.46236559139785	0.06092356219488401
24h	DT_H_CPT	5.483870967741936	0.06069171434026874
24h	DT_H_CPT	5.505376344086022	0.060472394829590326
24h	DT_H_CPT	5.526881720430108	0.06026772077468493
24h	DT_H_CPT	5.548387096774194	0.06008030433441869
24h	DT_H_CPT	5.56989247311828	0.05991219490031009
24h	DT_H_CPT	5.591397849462366	0.05976590443916676
24h	DT_H_CPT	5.612903225806452	0.0596429285047068
24h	DT_H_CPT	5.634408602150538	0.05954513761831095
24h	DT_H_CPT	5.655913978494624	0.05947368961743006
24h	DT_H_CPT	5.67741935483871	0.05942985977029772
24h	DT_H_CPT	5.698924731182796	0.059413600097155364
24h	DT_H_CPT	5.720430107526882	0.05942575222294306
24h	DT_H_CPT	5.741935483870968	0.059466200134993014
24h	DT_H_CPT	5.763440860215054	0.059533582272722915
24h	DT_H_CPT	5.78494623655914	0.0596277091033206
24h	DT_H_CPT	5.806451612903226	0.05974635123308851
24h	DT_H_CPT	5.827956989247312	0.05988745185543743
24h	DT_H_CPT	5.849462365591398	0.06004874190857206
24h	DT_H_CPT	5.870967741935484	0.060227463704085674
24h	DT_H_CPT	5.89247311827957	0.06042060667683975
24h	DT_H_CPT	5.913978494623656	0.06062466076421988
24h	DT_H_CPT	5.935483870967742	0.06083556187548712
24h	DT_H_CPT	5.956989247311828	0.061050286298031754
24h	DT_H_CPT	5.978494623655915	0.06126472663164516
24h	DT_H_CPT	6.000000000000001	0.06147496057237106
24h	DT_H_CPT	6.021505376344087	0.061678537682841594
24h	DT_H_CPT	6.043010752688173	0.06187201091128374
24h	DT_H_CPT	6.064516129032259	0.06205244829545625
24h	DT_H_CPT	6.086021505376345	0.06221816853817392
24h	DT_H_CPT	6.107526881720431	0.06236736867349843
24h	DT_H_CPT	6.129032258064517	0.06249850079421205
24h	DT_H_CPT	6.150537634408603	0.06261123344620984
24h	DT_H_CPT	6.172043010752689	0.06270533551620561
24h	DT_H_CPT	6.193548387096775	0.06278171148843055
24h	DT_H_CPT	6.215053763440861	0.06284184699835073
24h	DT_H_CPT	6.236559139784947	0.06288687611173854
24h	DT_H_CPT	6.258064516129033	0.06291971052485197
24h	DT_H_CPT	6.279569892473119	0.06294266630042597
24h	DT_H_CPT	6.301075268817205	0.06295887946207981
24h	DT_H_CPT	6.322580645161291	0.0629717969986003
24h	DT_H_CPT	6.344086021505377	0.06298457803609354
24h	DT_H_CPT	6.365591397849463	0.06300042880485168
24h	DT_H_CPT	6.387096774193549	0.06302387637411377
24h	DT_H_CPT	6.408602150537635	0.06305745045152161
24h	DT_H_CPT	6.430107526881721	0.06310476826317052
24h	DT_H_CPT	6.451612903225807	0.0631690314667128
24h	DT_H_CPT	6.473118279569893	0.06325223457963072
24h	DT_H_CPT	6.494623655913979	0.06335712296800985
24h	DT_H_CPT	6.516129032258065	0.0634854739388298
24h	DT_H_CPT	6.537634408602151	0.06363884836090855
24h	DT_H_CPT	6.559139784946237	0.0638184144925129
24h	DT_H_CPT	6.580645161290323	0.06402453525119453
24h	DT_H_CPT	6.602150537634409	0.06425715154769795
24h	DT_H_CPT	6.623655913978495	0.06451622130048579
24h	DT_H_CPT	6.645161290322581	0.06480169061286503
24h	DT_H_CPT	6.666666666666667	0.06511184824788398
24h	DT_H_CPT	6.688172043010753	0.06544578690704891
24h	DT_H_CPT	6.709677419354839	0.06580163439883467
24h	DT_H_CPT	6.731182795698925	0.06617832711798506
24h	DT_H_CPT	6.752688172043011	0.06657417357420449
24h	DT_H_CPT	6.774193548387097	0.06698631775448902
24h	DT_H_CPT	6.795698924731183	0.06741397190579827
24h	DT_H_CPT	6.817204301075269	0.06785464081629103
24h	DT_H_CPT	6.838709677419355	0.06830643183341038
24h	DT_H_CPT	6.860215053763441	0.06876821473978617
24h	DT_H_CPT	6.881720430107528	0.06923804149975249
24h	DT_H_CPT	6.903225806451614	0.06971466082579388
24h	DT_H_CPT	6.9247311827957	0.07019702260303821
24h	DT_H_CPT	6.946236559139786	0.07068438874034583
24h	DT_H_CPT	6.967741935483872	0.0711756378835612
24h	DT_H_CPT	6.989247311827958	0.07167140563877751
24h	DT_H_CPT	7.010752688172044	0.07217078291943056
24h	DT_H_CPT	7.03225806451613	0.07267357439831815
24h	DT_H_CPT	7.053763440860216	0.07318008873947981
24h	DT_H_CPT	7.075268817204302	0.07369122396229914
24h	DT_H_CPT	7.096774193548388	0.0742078523334365
24h	DT_H_CPT	7.118279569892474	0.07473049538665913
24h	DT_H_CPT	7.13978494623656	0.07525954547130667
24h	DT_H_CPT	7.161290322580646	0.07579585244669268
24h	DT_H_CPT	7.182795698924732	0.07634049479328854
24h	DT_H_CPT	7.204301075268818	0.07689429004401117
24h	DT_H_CPT	7.225806451612904	0.07745793287571948
24h	DT_H_CPT	7.24731182795699	0.0780319389085704
24h	DT_H_CPT	7.268817204301076	0.07861723857081768
24h	DT_H_CPT	7.290322580645162	0.07921387119595524
24h	DT_H_CPT	7.311827956989248	0.07982206690800413
24h	DT_H_CPT	7.333333333333334	0.08044164039559742
24h	DT_H_CPT	7.35483870967742	0.08107259310630435
24h	DT_H_CPT	7.376344086021506	0.08171459664798791
24h	DT_H_CPT	7.397849462365592	0.08236771620454793
24h	DT_H_CPT	7.419354838709678	0.08303131408429268
24h	DT_H_CPT	7.440860215053764	0.08370522409854342
24h	DT_H_CPT	7.46236559139785	0.08438884068153925
24h	DT_H_CPT	7.483870967741936	0.08508237287184557
24h	DT_H_CPT	7.505376344086022	0.0857860785401104
24h	DT_H_CPT	7.526881720430108	0.08649943380000819
24h	DT_H_CPT	7.548387096774194	0.08722208195812185
24h	DT_H_CPT	7.56989247311828	0.08795425420147508
24h	DT_H_CPT	7.591397849462366	0.08869659870476387
24h	DT_H_CPT	7.612903225806452	0.0894499494209469
24h	DT_H_CPT	7.634408602150538	0.09021503033792305
24h	DT_H_CPT	7.655913978494624	0.09099201991322853
24h	DT_H_CPT	7.67741935483871	0.09178184495400994
24h	DT_H_CPT	7.698924731182796	0.09258502250335542
24h	DT_H_CPT	7.720430107526882	0.09340262137725358
24h	DT_H_CPT	7.741935483870968	0.09423558108601424
24h	DT_H_CPT	7.763440860215054	0.09508428603456061
24h	DT_H_CPT	7.78494623655914	0.09594812760502398
24h	DT_H_CPT	7.806451612903227	0.09682874901869876
24h	DT_H_CPT	7.827956989247313	0.09772655555602368
24h	DT_H_CPT	7.849462365591399	0.09864111224686517
24h	DT_H_CPT	7.870967741935485	0.09957196290781692
24h	DT_H_CPT	7.892473118279571	0.10051958099657761
24h	DT_H_CPT	7.913978494623657	0.10148401363217065
24h	DT_H_CPT	7.935483870967743	0.10246459635465086
24h	DT_H_CPT	7.956989247311829	0.10346099836543986
24h	DT_H_CPT	7.978494623655915	0.10447300942127961
24h	DT_H_CPT	8.0	0.10549977967977728
24h	DT_H_CPT	8.021505376344086	0.10654079924085959
24h	DT_H_CPT	8.043010752688172	0.10759607234312672
24h	DT_H_CPT	8.064516129032258	0.10866480176466513
24h	DT_H_CPT	8.086021505376344	0.109747169500904
24h	DT_H_CPT	8.10752688172043	0.11084204903280674
24h	DT_H_CPT	8.129032258064516	0.11194911467449352
24h	DT_H_CPT	8.150537634408602	0.11306802110025133
24h	DT_H_CPT	8.172043010752688	0.11419875854365356
24h	DT_H_CPT	8.193548387096774	0.11533970868307367
24h	DT_H_CPT	8.21505376344086	0.1164907009603784
24h	DT_H_CPT	8.236559139784946	0.11765104298942188
24h	DT_H_CPT	8.258064516129032	0.1188185737476696
24h	DT_H_CPT	8.27956989247312	0.11999296650522906
24h	DT_H_CPT	8.301075268817206	0.12117294467440475
24h	DT_H_CPT	8.322580645161292	0.12235622575288387
24h	DT_H_CPT	8.344086021505378	0.12354158920657535
24h	DT_H_CPT	8.365591397849464	0.12472684329899779
24h	DT_H_CPT	8.38709677419355	0.12590874117092016
24h	DT_H_CPT	8.408602150537636	0.12708572214932876
24h	DT_H_CPT	8.430107526881722	0.1282555847013862
24h	DT_H_CPT	8.451612903225808	0.12941529795014584
24h	DT_H_CPT	8.473118279569894	0.1305630095348025
24h	DT_H_CPT	8.49462365591398	0.13169537993794925
24h	DT_H_CPT	8.516129032258066	0.13281066161799202
24h	DT_H_CPT	8.537634408602152	0.13390567167796905
24h	DT_H_CPT	8.559139784946238	0.13497815064837002
24h	DT_H_CPT	8.580645161290324	0.13602598028185753
24h	DT_H_CPT	8.60215053763441	0.13704768847318224
24h	DT_H_CPT	8.623655913978496	0.13804130013236246
24h	DT_H_CPT	8.645161290322582	0.1390046862292839
24h	DT_H_CPT	8.666666666666668	0.13993688538228294
24h	DT_H_CPT	8.688172043010754	0.14083720813105247
24h	DT_H_CPT	8.70967741935484	0.14170413754265465
24h	DT_H_CPT	8.731182795698926	0.14253720248695756
24h	DT_H_CPT	8.752688172043012	0.1433356112834995
24h	DT_H_CPT	8.774193548387098	0.14409958139873047
24h	DT_H_CPT	8.795698924731184	0.14482849892707633
24h	DT_H_CPT	8.81720430107527	0.14552220740346583
24h	DT_H_CPT	8.838709677419356	0.14618175888326512
24h	DT_H_CPT	8.860215053763442	0.14680693201111422
24h	DT_H_CPT	8.881720430107528	0.14739787209278274
24h	DT_H_CPT	8.903225806451614	0.1479566292379868
24h	DT_H_CPT	8.9247311827957	0.14848337416671042
24h	DT_H_CPT	8.946236559139786	0.14897933831753438
24h	DT_H_CPT	8.967741935483872	0.14944569430680715
24h	DT_H_CPT	8.989247311827958	0.14988328924813113
24h	DT_H_CPT	9.010752688172044	0.15029467828869267
24h	DT_H_CPT	9.03225806451613	0.15068206721088045
24h	DT_H_CPT	9.053763440860216	0.1510469139881189
24h	DT_H_CPT	9.075268817204302	0.15139191258436305
24h	DT_H_CPT	9.096774193548388	0.15171891097925894
24h	DT_H_CPT	9.118279569892474	0.15203089259028857
24h	DT_H_CPT	9.13978494623656	0.15233138533481685
24h	DT_H_CPT	9.161290322580646	0.152622421558336
24h	DT_H_CPT	9.182795698924732	0.15290673210820407
24h	DT_H_CPT	9.204301075268818	0.1531869111727211
24h	DT_H_CPT	9.225806451612904	0.1534660366119468
24h	DT_H_CPT	9.24731182795699	0.15374661460703973
24h	DT_H_CPT	9.268817204301076	0.1540317858202489
24h	DT_H_CPT	9.290322580645162	0.15432291551659785
24h	DT_H_CPT	9.311827956989248	0.1546218014188549
24h	DT_H_CPT	9.333333333333334	0.15493114430707336
24h	DT_H_CPT	9.35483870967742	0.15525107356302206
24h	DT_H_CPT	9.376344086021506	0.15558229428063805
24h	DT_H_CPT	9.397849462365592	0.15592480370367967
24h	DT_H_CPT	9.419354838709678	0.1562784072874139
24h	DT_H_CPT	9.440860215053764	0.15664222511832807
24h	DT_H_CPT	9.46236559139785	0.15701500745255134
24h	DT_H_CPT	9.483870967741936	0.1573943958288742
24h	DT_H_CPT	9.505376344086022	0.15777842570132294
24h	DT_H_CPT	9.526881720430108	0.1581652534424688
24h	DT_H_CPT	9.548387096774194	0.15855115415136506
24h	DT_H_CPT	9.56989247311828	0.1589331112240321
24h	DT_H_CPT	9.591397849462366	0.15930678439632723
24h	DT_H_CPT	9.612903225806452	0.15967016173070725
24h	DT_H_CPT	9.634408602150538	0.1600188926550209
24h	DT_H_CPT	9.655913978494624	0.16034933979977048
24h	DT_H_CPT	9.67741935483871	0.16065815398766964
24h	DT_H_CPT	9.698924731182796	0.1609423937579925
24h	DT_H_CPT	9.720430107526882	0.16119816125927852
24h	DT_H_CPT	9.741935483870968	0.1614221604228277
24h	DT_H_CPT	9.763440860215054	0.16161250416041795
24h	DT_H_CPT	9.78494623655914	0.16176655878651794
24h	DT_H_CPT	9.806451612903226	0.16188170521396428
24h	DT_H_CPT	9.827956989247312	0.16195439283567106
24h	DT_H_CPT	9.849462365591398	0.16198331571757962
24h	DT_H_CPT	9.870967741935484	0.16196594263782105
24h	DT_H_CPT	9.89247311827957	0.16189950442554943
24h	DT_H_CPT	9.913978494623656	0.16178179863050718
24h	DT_H_CPT	9.935483870967742	0.16161081852547401
24h	DT_H_CPT	9.956989247311828	0.16138420951098528
24h	DT_H_CPT	9.978494623655914	0.1611003895563629
24h	DT_H_CPT	10.0	0.16075753846929217
24h	DT_H_CPT	10.021505376344086	0.16035380576149544
24h	DT_H_CPT	10.043010752688172	0.1598871806830516
24h	DT_H_CPT	10.064516129032258	0.15935817530890745
24h	DT_H_CPT	10.086021505376344	0.1587654670882223
24h	DT_H_CPT	10.107526881720432	0.15810980846657094
24h	DT_H_CPT	10.129032258064518	0.15739160207527123
24h	DT_H_CPT	10.150537634408604	0.15661283915970173
24h	DT_H_CPT	10.17204301075269	0.15577514503404075
24h	DT_H_CPT	10.193548387096776	0.15488259038681892
24h	DT_H_CPT	10.215053763440862	0.15393825220077975
24h	DT_H_CPT	10.236559139784948	0.15294687367240795
24h	DT_H_CPT	10.258064516129034	0.15191397966389455
24h	DT_H_CPT	10.27956989247312	0.15084337730492411
24h	DT_H_CPT	10.301075268817206	0.14974116974343948
24h	DT_H_CPT	10.322580645161292	0.14861442390992397
24h	DT_H_CPT	10.344086021505378	0.14746838375542562
24h	DT_H_CPT	10.365591397849464	0.1463088461018824
24h	DT_H_CPT	10.38709677419355	0.1451416745690069
24h	DT_H_CPT	10.408602150537636	0.14397273848819
24h	DT_H_CPT	10.430107526881722	0.14280569491407416
24h	DT_H_CPT	10.451612903225808	0.1416455086455114
24h	DT_H_CPT	10.473118279569894	0.1404959870172236
24h	DT_H_CPT	10.49462365591398	0.1393605656734132
24h	DT_H_CPT	10.516129032258066	0.13824086691254944
24h	DT_H_CPT	10.537634408602152	0.13713925333814447
24h	DT_H_CPT	10.559139784946238	0.1360569238993543
24h	DT_H_CPT	10.580645161290324	0.13499486616194
24h	DT_H_CPT	10.60215053763441	0.13395234158524164
24h	DT_H_CPT	10.623655913978496	0.13292912441699914
24h	DT_H_CPT	10.645161290322582	0.13192508679813825
24h	DT_H_CPT	10.666666666666668	0.13093879820617443
24h	DT_H_CPT	10.688172043010754	0.12996799273901327
24h	DT_H_CPT	10.70967741935484	0.1290116777112754
24h	DT_H_CPT	10.731182795698926	0.12806779513768313
24h	DT_H_CPT	10.752688172043012	0.12713387266062381
24h	DT_H_CPT	10.774193548387098	0.12620751941012012
24h	DT_H_CPT	10.795698924731184	0.12528574709017512
24h	DT_H_CPT	10.81720430107527	0.12436695459257227
24h	DT_H_CPT	10.838709677419356	0.12344655768833482
24h	DT_H_CPT	10.860215053763442	0.12252205302665295
24h	DT_H_CPT	10.881720430107528	0.12159072485449765
24h	DT_H_CPT	10.903225806451614	0.12064833893893837
24h	DT_H_CPT	10.9247311827957	0.1196920930572213
24h	DT_H_CPT	10.946236559139786	0.11871823483142957
24h	DT_H_CPT	10.967741935483872	0.11772330789649156
24h	DT_H_CPT	10.989247311827958	0.11670411545900793
24h	DT_H_CPT	11.010752688172044	0.1156565603299541
24h	DT_H_CPT	11.03225806451613	0.11457778450210962
24h	DT_H_CPT	11.053763440860216	0.11346462489760303
24h	DT_H_CPT	11.075268817204302	0.11231403150626178
24h	DT_H_CPT	11.096774193548388	0.11112403097167968
24h	DT_H_CPT	11.118279569892474	0.10989260781566022
24h	DT_H_CPT	11.13978494623656	0.10861777215944586
24h	DT_H_CPT	11.161290322580646	0.10729922768989811
24h	DT_H_CPT	11.182795698924732	0.1059366376313695
24h	DT_H_CPT	11.204301075268818	0.10453049836603664
24h	DT_H_CPT	11.225806451612904	0.10308116354913446
24h	DT_H_CPT	11.24731182795699	0.10159069391617187
24h	DT_H_CPT	11.268817204301076	0.10006056750254505
24h	DT_H_CPT	11.290322580645162	0.09849459109769397
24h	DT_H_CPT	11.311827956989248	0.09689604113901758
24h	DT_H_CPT	11.333333333333334	0.09526780662183483
24h	DT_H_CPT	11.35483870967742	0.09361523110623492
24h	DT_H_CPT	11.376344086021506	0.09194301598077301
24h	DT_H_CPT	11.397849462365592	0.0902557789509558
24h	DT_H_CPT	11.419354838709678	0.08855808542138023
24h	DT_H_CPT	11.440860215053764	0.08685482049286472
24h	DT_H_CPT	11.46236559139785	0.08515142239609158
24h	DT_H_CPT	11.483870967741936	0.08345255261666754
24h	DT_H_CPT	11.505376344086022	0.08176234998761446
24h	DT_H_CPT	11.526881720430108	0.08008482019961743
24h	DT_H_CPT	11.548387096774194	0.07842469225145551
24h	DT_H_CPT	11.56989247311828	0.0767847500986116
24h	DT_H_CPT	11.591397849462366	0.07516848167134038
24h	DT_H_CPT	11.612903225806452	0.07357686447956677
24h	DT_H_CPT	11.634408602150538	0.0720132778672578
24h	DT_H_CPT	11.655913978494624	0.07047948372047791
24h	DT_H_CPT	11.67741935483871	0.06897661040012079
24h	DT_H_CPT	11.698924731182796	0.06750539990026448
24h	DT_H_CPT	11.720430107526882	0.06606653983507456
24h	DT_H_CPT	11.741935483870968	0.06466064764134867
24h	DT_H_CPT	11.763440860215054	0.06328755281231557
24h	DT_H_CPT	11.78494623655914	0.06194736929089388
24h	DT_H_CPT	11.806451612903226	0.06063962618225635
24h	DT_H_CPT	11.827956989247312	0.05936467586033911
24h	DT_H_CPT	11.849462365591398	0.05812160216327412
24h	DT_H_CPT	11.870967741935484	0.056910577107216566
24h	DT_H_CPT	11.89247311827957	0.05573068280359027
24h	DT_H_CPT	11.913978494623656	0.05458129206747418
24h	DT_H_CPT	11.935483870967744	0.05346182229788807
24h	DT_H_CPT	11.95698924731183	0.052371642072672926
24h	DT_H_CPT	11.978494623655916	0.05130980196459288
24h	DT_H_CPT	12.000000000000002	0.050275181033152455
24h	DT_H_CPT	12.021505376344088	0.04926719308439378
24h	DT_H_CPT	12.043010752688174	0.04828500966522604
24h	DT_H_CPT	12.06451612903226	0.04732649109518023
24h	DT_H_CPT	12.086021505376346	0.04639081579059493
24h	DT_H_CPT	12.107526881720432	0.04547707935138716
24h	DT_H_CPT	12.129032258064518	0.04458386825905365
24h	DT_H_CPT	12.150537634408604	0.04370950706900899
24h	DT_H_CPT	12.17204301075269	0.04285324331554362
24h	DT_H_CPT	12.193548387096776	0.04201344006822409
24h	DT_H_CPT	12.215053763440862	0.04118922340487493
24h	DT_H_CPT	12.236559139784948	0.04037958151098558
24h	DT_H_CPT	12.258064516129034	0.03958365311968742
24h	DT_H_CPT	12.27956989247312	0.03880226311792535
24h	DT_H_CPT	12.301075268817206	0.03803436021371464
24h	DT_H_CPT	12.322580645161292	0.03727988136943035
24h	DT_H_CPT	12.344086021505378	0.03653935940825339
24h	DT_H_CPT	12.365591397849464	0.0358135148082815
24h	DT_H_CPT	12.38709677419355	0.03510320049480981
24h	DT_H_CPT	12.408602150537636	0.03440829957021894
24h	DT_H_CPT	12.430107526881722	0.03373084575276104
24h	DT_H_CPT	12.451612903225808	0.03307168744916165
24h	DT_H_CPT	12.473118279569894	0.032431508627563096
24h	DT_H_CPT	12.49462365591398	0.031811281718458685
24h	DT_H_CPT	12.516129032258066	0.031211757687264162
24h	DT_H_CPT	12.537634408602152	0.030633088740629148
24h	DT_H_CPT	12.559139784946238	0.030075385811371064
24h	DT_H_CPT	12.580645161290324	0.029538095664829834
24h	DT_H_CPT	12.60215053763441	0.029020604727251702
24h	DT_H_CPT	12.623655913978496	0.028521793128611167
24h	DT_H_CPT	12.645161290322582	0.02804004456280029
24h	DT_H_CPT	12.666666666666668	0.027573528727109792
24h	DT_H_CPT	12.688172043010754	0.027120287357843373
24h	DT_H_CPT	12.70967741935484	0.026677695643197982
24h	DT_H_CPT	12.731182795698926	0.026242872483573473
24h	DT_H_CPT	12.752688172043012	0.02581332523480795
24h	DT_H_CPT	12.774193548387098	0.025386659712105315
24h	DT_H_CPT	12.795698924731184	0.024960166105537876
24h	DT_H_CPT	12.81720430107527	0.024531134331721945
24h	DT_H_CPT	12.838709677419356	0.02409817611285768
24h	DT_H_CPT	12.860215053763442	0.023659246121192624
24h	DT_H_CPT	12.881720430107528	0.023213090332684785
24h	DT_H_CPT	12.903225806451614	0.02275902812347359
24h	DT_H_CPT	12.9247311827957	0.022296374528241455
24h	DT_H_CPT	12.946236559139786	0.02182544767743134
24h	DT_H_CPT	12.967741935483872	0.02134699903938056
24h	DT_H_CPT	12.989247311827958	0.02086208865142495
24h	DT_H_CPT	13.010752688172044	0.020371959184194852
24h	DT_H_CPT	13.03225806451613	0.019878034402709296
24h	DT_H_CPT	13.053763440860216	0.0193825749602357
24h	DT_H_CPT	13.075268817204302	0.018887501640214424
24h	DT_H_CPT	13.096774193548388	0.018394426724846084
24h	DT_H_CPT	13.118279569892474	0.017905742275020377
24h	DT_H_CPT	13.13978494623656	0.017422895030463834
24h	DT_H_CPT	13.161290322580646	0.01694807203571885
24h	DT_H_CPT	13.182795698924732	0.016482331043026745
24h	DT_H_CPT	13.204301075268818	0.01602701570434071
24h	DT_H_CPT	13.225806451612904	0.015583040384661859
24h	DT_H_CPT	13.24731182795699	0.015150773150606445
24h	DT_H_CPT	13.268817204301076	0.014730685118114659
24h	DT_H_CPT	13.290322580645162	0.014322722167244104
24h	DT_H_CPT	13.311827956989248	0.013926446612028576
24h	DT_H_CPT	13.333333333333334	0.013541551771034024
24h	DT_H_CPT	13.35483870967742	0.01316726853091647
24h	DT_H_CPT	13.376344086021506	0.012802932023993385
24h	DT_H_CPT	13.397849462365592	0.012447511544356084
24h	DT_H_CPT	13.419354838709678	0.01210090442297546
24h	DT_H_CPT	13.440860215053764	0.011762185717670095
24h	DT_H_CPT	13.46236559139785	0.011430447341927759
24h	DT_H_CPT	13.483870967741936	0.01110555737823761
24h	DT_H_CPT	13.505376344086022	0.010787179070030866
24h	DT_H_CPT	13.526881720430108	0.010475319385200669
24h	DT_H_CPT	13.548387096774194	0.010170052423373646
24h	DT_H_CPT	13.56989247311828	0.009871788899796322
24h	DT_H_CPT	13.591397849462366	0.009580903923050122
24h	DT_H_CPT	13.612903225806452	0.00929821020287007
24h	DT_H_CPT	13.634408602150538	0.009024285815997901
24h	DT_H_CPT	13.655913978494624	0.008759898205823303
24h	DT_H_CPT	13.67741935483871	0.008505556066202576
24h	DT_H_CPT	13.698924731182796	0.008261991523387762
24h	DT_H_CPT	13.720430107526882	0.008029888987464434
24h	DT_H_CPT	13.741935483870968	0.007809707326412094
24h	DT_H_CPT	13.763440860215056	0.007601307478936334
24h	DT_H_CPT	13.784946236559142	0.007404841975258213
24h	DT_H_CPT	13.806451612903228	0.007220193151333512
24h	DT_H_CPT	13.827956989247314	0.007046950179962856
24h	DT_H_CPT	13.8494623655914	0.006884477845881454
24h	DT_H_CPT	13.870967741935486	0.006731717365296574
24h	DT_H_CPT	13.892473118279572	0.006587991571125806
24h	DT_H_CPT	13.913978494623658	0.0064522341405437
24h	DT_H_CPT	13.935483870967744	0.006323138006850248
24h	DT_H_CPT	13.95698924731183	0.0061994348649286116
24h	DT_H_CPT	13.978494623655916	0.006079973552618313
24h	DT_H_CPT	14.000000000000002	0.005963642064052069
24h	DT_H_CPT	14.021505376344088	0.005849220286288616
24h	DT_H_CPT	14.043010752688174	0.005735659632841246
24h	DT_H_CPT	14.06451612903226	0.005622518828604998
24h	DT_H_CPT	14.086021505376346	0.0055089656746560986
24h	DT_H_CPT	14.107526881720432	0.0053944791162361585
24h	DT_H_CPT	14.129032258064518	0.005278614651274362
24h	DT_H_CPT	14.150537634408604	0.005161415740262307
24h	DT_H_CPT	14.17204301075269	0.00504265454494556
24h	DT_H_CPT	14.193548387096776	0.004922685951038585
24h	DT_H_CPT	14.215053763440862	0.004801971604841777
24h	DT_H_CPT	14.236559139784948	0.004680679589355624
24h	DT_H_CPT	14.258064516129034	0.004559453781164613
24h	DT_H_CPT	14.27956989247312	0.004438620316378452
24h	DT_H_CPT	14.301075268817206	0.004318861968212034
24h	DT_H_CPT	14.322580645161292	0.004200445116316834
24h	DT_H_CPT	14.344086021505378	0.0040840820309116874
24h	DT_H_CPT	14.365591397849464	0.003970290295135816
24h	DT_H_CPT	14.38709677419355	0.00385921971399077
24h	DT_H_CPT	14.408602150537636	0.003751379745362217
24h	DT_H_CPT	14.430107526881722	0.0036467681404098807
24h	DT_H_CPT	14.451612903225808	0.003545361254271698
24h	DT_H_CPT	14.473118279569894	0.0034473804743559103
24h	DT_H_CPT	14.49462365591398	0.003352731720239657
24h	DT_H_CPT	14.516129032258066	0.003261283500242055
24h	DT_H_CPT	14.537634408602152	0.0031727893771503583
24h	DT_H_CPT	14.559139784946238	0.0030867863738027555
24h	DT_H_CPT	14.580645161290324	0.003003146780147933
24h	DT_H_CPT	14.60215053763441	0.0029214318114154578
24h	DT_H_CPT	14.623655913978496	0.0028412700416013147
24h	DT_H_CPT	14.645161290322582	0.0027622751928198996
24h	DT_H_CPT	14.666666666666668	0.0026841322598043626
24h	DT_H_CPT	14.688172043010754	0.0026065562775431125
24h	DT_H_CPT	14.70967741935484	0.00252929052462944
24h	DT_H_CPT	14.731182795698926	0.00245232755028829
24h	DT_H_CPT	14.752688172043012	0.0023754401994891174
24h	DT_H_CPT	14.774193548387098	0.00229855170620984
24h	DT_H_CPT	14.795698924731184	0.0022217923175360593
24h	DT_H_CPT	14.81720430107527	0.002145280674002968
24h	DT_H_CPT	14.838709677419356	0.002069240418991179
24h	DT_H_CPT	14.860215053763442	0.0019940337800475813
24h	DT_H_CPT	14.881720430107528	0.0019198692537834197
24h	DT_H_CPT	14.903225806451614	0.0018471337480969127
24h	DT_H_CPT	14.9247311827957	0.0017763734062061732
24h	DT_H_CPT	14.946236559139786	0.0017079099060544095
24h	DT_H_CPT	14.967741935483872	0.0016420971446593031
24h	DT_H_CPT	14.989247311827958	0.0015792859450223348
24h	DT_H_CPT	15.010752688172044	0.0015198482906384632
24h	DT_H_CPT	15.03225806451613	0.0014640699047757861
24h	DT_H_CPT	15.053763440860216	0.0014121247609677535
24h	DT_H_CPT	15.075268817204302	0.00136421223877834
24h	DT_H_CPT	15.096774193548388	0.001320499122755892
24h	DT_H_CPT	15.118279569892474	0.0012808987345262085
24h	DT_H_CPT	15.13978494623656	0.0012454613301168833
24h	DT_H_CPT	15.161290322580646	0.0012139277536228636
24h	DT_H_CPT	15.182795698924732	0.00118619438617112
24h	DT_H_CPT	15.204301075268818	0.0011618943314177343
24h	DT_H_CPT	15.225806451612904	0.0011408560760400909
24h	DT_H_CPT	15.24731182795699	0.0011226023721176088
24h	DT_H_CPT	15.268817204301076	0.0011069057932037892
24h	DT_H_CPT	15.290322580645162	0.0010933553395238156
24h	DT_H_CPT	15.311827956989248	0.0010816220513932002
24h	DT_H_CPT	15.333333333333334	0.001071270825606462
24h	DT_H_CPT	15.35483870967742	0.001061885824523442
24h	DT_H_CPT	15.376344086021506	0.0010531483081001158
24h	DT_H_CPT	15.397849462365592	0.0010448082533151472
24h	DT_H_CPT	15.419354838709678	0.0010365096508206828
24h	DT_H_CPT	15.440860215053764	0.0010279076521968714
24h	DT_H_CPT	15.46236559139785	0.0010187770498550524
24h	DT_H_CPT	15.483870967741936	0.0010088917423499487
24h	DT_H_CPT	15.505376344086022	0.000998103314040646
24h	DT_H_CPT	15.526881720430108	0.0009860830046487556
24h	DT_H_CPT	15.548387096774194	0.0009728199360279284
24h	DT_H_CPT	15.56989247311828	0.0009580766218946889
24h	DT_H_CPT	15.591397849462366	0.0009418104775763262
24h	DT_H_CPT	15.612903225806454	0.0009238854847299593
24h	DT_H_CPT	15.63440860215054	0.0009042392925017314
24h	DT_H_CPT	15.655913978494626	0.0008830021391315977
24h	DT_H_CPT	15.677419354838712	0.0008600891841545193
24h	DT_H_CPT	15.698924731182798	0.0008355606210686056
24h	DT_H_CPT	15.720430107526884	0.0008094880316964581
24h	DT_H_CPT	15.74193548387097	0.0007819371827398926
24h	DT_H_CPT	15.763440860215056	0.0007533542057052759
24h	DT_H_CPT	15.784946236559142	0.0007237732090788335
24h	DT_H_CPT	15.806451612903228	0.0006934089874135495
24h	DT_H_CPT	15.827956989247314	0.0006626024439316432
24h	DT_H_CPT	15.8494623655914	0.0006315728740831682
24h	DT_H_CPT	15.870967741935486	0.0006007657850706697
24h	DT_H_CPT	15.892473118279572	0.0005703964889510363
24h	DT_H_CPT	15.913978494623658	0.0005409275121769501
24h	DT_H_CPT	15.935483870967744	0.0005126260911449495
24h	DT_H_CPT	15.95698924731183	0.00048581839379151025
24h	DT_H_CPT	15.978494623655916	0.00046079259990145925
24h	DT_H_CPT	16.0	0.00043788158719304483
24h	DT_H_CPT	16.021505376344088	0.0004172748750561334
24h	DT_H_CPT	16.043010752688172	0.0003992003145889626
24h	DT_H_CPT	16.06451612903226	0.0003837401777013738
24h	DT_H_CPT	16.086021505376344	0.00037100776635306046
24h	DT_H_CPT	16.107526881720432	0.00036100796717488927
24h	DT_H_CPT	16.129032258064516	0.0003537736109470981
24h	DT_H_CPT	16.150537634408604	0.0003491859040923526
24h	DT_H_CPT	16.172043010752688	0.0003471450022621215
24h	DT_H_CPT	16.193548387096776	0.0003474062243026401
24h	DT_H_CPT	16.21505376344086	0.0003497403247572993
24h	DT_H_CPT	16.236559139784948	0.0003539404202707679
24h	DT_H_CPT	16.258064516129032	0.00035964946995072994
24h	DT_H_CPT	16.27956989247312	0.0003666117483258171
24h	DT_H_CPT	16.301075268817204	0.00037443927690106996
24h	DT_H_CPT	16.322580645161292	0.000382864045817104
24h	DT_H_CPT	16.344086021505376	0.00039153044262203463
24h	DT_H_CPT	16.365591397849464	0.00040008396291955943
24h	DT_H_CPT	16.387096774193548	0.00040840188592261654
24h	DT_H_CPT	16.408602150537636	0.0004160821575979561
24h	DT_H_CPT	16.43010752688172	0.0004230040317168445
24h	DT_H_CPT	16.451612903225808	0.0004289678667761626
24h	DT_H_CPT	16.473118279569892	0.00043382947670358177
24h	DT_H_CPT	16.49462365591398	0.0004375759710576937
24h	DT_H_CPT	16.516129032258064	0.0004401446388595502
24h	DT_H_CPT	16.537634408602152	0.0004415627503454479
24h	DT_H_CPT	16.55913978494624	0.0004418869620293707
24h	DT_H_CPT	16.580645161290324	0.0004411981638697062
24h	DT_H_CPT	16.60215053763441	0.00043961551619423154
24h	DT_H_CPT	16.623655913978496	0.0004372788199163212
24h	DT_H_CPT	16.645161290322584	0.00043434105257698636
24h	DT_H_CPT	16.666666666666668	0.00043093490498833064
24h	DT_H_CPT	16.688172043010756	0.00042727663740292366
24h	DT_H_CPT	16.70967741935484	0.00042345289980829254
24h	DT_H_CPT	16.731182795698928	0.00041960569911832105
24h	DT_H_CPT	16.752688172043012	0.00041590706122350546
24h	DT_H_CPT	16.7741935483871	0.0004124371096919738
24h	DT_H_CPT	16.795698924731184	0.00040922778343300447
24h	DT_H_CPT	16.81720430107527	0.00040632047422325626
24h	DT_H_CPT	16.838709677419356	0.00040373001587533966
24h	DT_H_CPT	16.860215053763444	0.0004014463630480325
24h	DT_H_CPT	16.881720430107528	0.00039943728417354005
24h	DT_H_CPT	16.903225806451616	0.00039765186147325336
24h	DT_H_CPT	16.9247311827957	0.0003959986749317927
24h	DT_H_CPT	16.946236559139788	0.00039446138904061567
24h	DT_H_CPT	16.967741935483872	0.0003929226920849219
24h	DT_H_CPT	16.98924731182796	0.00039130003752433653
24h	DT_H_CPT	17.010752688172044	0.00038951301640767705
24h	DT_H_CPT	17.03225806451613	0.0003874866569556359
24h	DT_H_CPT	17.053763440860216	0.00038515401053203815
24h	DT_H_CPT	17.075268817204304	0.00038245795100488855
24h	DT_H_CPT	17.096774193548388	0.00037935216941068975
24h	DT_H_CPT	17.118279569892476	0.00037580139880740836
24h	DT_H_CPT	17.13978494623656	0.0003717809518514955
24h	DT_H_CPT	17.161290322580648	0.0003672756930193918
24h	DT_H_CPT	17.182795698924732	0.0003622785962019861
24h	DT_H_CPT	17.20430107526882	0.0003567890551008267
24h	DT_H_CPT	17.225806451612904	0.0003508111177936585
24h	DT_H_CPT	17.24731182795699	0.00034435180827040965
24h	DT_H_CPT	17.268817204301076	0.0003374196778025473
24h	DT_H_CPT	17.290322580645164	0.0003300236996119527
24h	DT_H_CPT	17.311827956989248	0.0003221725839877677
24h	DT_H_CPT	17.333333333333336	0.00031384866674456525
24h	DT_H_CPT	17.35483870967742	0.0003051193415983419
24h	DT_H_CPT	17.376344086021508	0.000295957200303375
24h	DT_H_CPT	17.397849462365592	0.0002863724963790793
24h	DT_H_CPT	17.41935483870968	0.0002763778735198718
24h	DT_H_CPT	17.440860215053764	0.00026598971042221395
24h	DT_H_CPT	17.46236559139785	0.00025522944167229384
24h	DT_H_CPT	17.483870967741936	0.00024413536232703316
24h	DT_H_CPT	17.505376344086024	0.00023271742602213618
24h	DT_H_CPT	17.526881720430108	0.00022104320145062276
24h	DT_H_CPT	17.548387096774196	0.00020918910650323476
24h	DT_H_CPT	17.56989247311828	0.0001971806244522577
24h	DT_H_CPT	17.591397849462368	0.00018508673500511626
24h	DT_H_CPT	17.612903225806452	0.0001730189908663753
24h	DT_H_CPT	17.63440860215054	0.00016099878549875237
24h	DT_H_CPT	17.655913978494624	0.0001491363362268927
24h	DT_H_CPT	17.67741935483871	0.0001375177870400205
24h	DT_H_CPT	17.698924731182796	0.0001262293276497478
24h	DT_H_CPT	17.720430107526884	0.00011535545616604923
24h	DT_H_CPT	17.741935483870968	0.00010497736293123821
24h	DT_H_CPT	17.763440860215056	9.514563013039153e-05
24h	DT_H_CPT	17.78494623655914	8.59902806110117e-05
24h	DT_H_CPT	17.806451612903228	7.753941814706159e-05
24h	DT_H_CPT	17.827956989247312	6.985016233938751e-05
24h	DT_H_CPT	17.8494623655914	6.297190855839625e-05
24h	DT_H_CPT	17.870967741935484	5.694634899571769e-05
24h	DT_H_CPT	17.89247311827957	5.1807687520108506e-05
24h	DT_H_CPT	17.913978494623656	4.7582982012491174e-05
24h	DT_H_CPT	17.935483870967744	4.429254007759947e-05
24h	DT_H_CPT	17.956989247311828	4.195029247846551e-05
24h	DT_H_CPT	17.978494623655916	4.053818936861998e-05
24h	DT_H_CPT	18.0	4.011753374817917e-05
24h	DT_H_CPT	18.021505376344088	4.0648414331577105e-05
24h	DT_H_CPT	18.043010752688172	4.209502145021931e-05
24h	DT_H_CPT	18.06451612903226	4.4499862344075334e-05
24h	DT_H_CPT	18.086021505376344	4.7802575679681104e-05
24h	DT_H_CPT	18.107526881720432	5.19705690576573e-05
24h	DT_H_CPT	18.129032258064516	5.6961590410959244e-05
24h	DT_H_CPT	18.150537634408604	6.27227894786231e-05
24h	DT_H_CPT	18.172043010752688	6.916396915219743e-05
24h	DT_H_CPT	18.193548387096776	7.626810621855291e-05
24h	DT_H_CPT	18.21505376344086	8.391045268338335e-05
24h	DT_H_CPT	18.236559139784948	9.1990006948617e-05
24h	DT_H_CPT	18.258064516129032	0.00010039348095222161
24h	DT_H_CPT	18.27956989247312	0.00010899629593363986
24h	DT_H_CPT	18.301075268817204	0.00011766412774151735
24h	DT_H_CPT	18.322580645161292	0.000126255006124049
24h	DT_H_CPT	18.344086021505376	0.0001346219390413457
24h	DT_H_CPT	18.365591397849464	0.0001426159992735714
24h	DT_H_CPT	18.38709677419355	0.00015006389464755624
24h	DT_H_CPT	18.408602150537636	0.00015688287392910758
24h	DT_H_CPT	18.430107526881724	0.00016290403034094415
24h	DT_H_CPT	18.451612903225808	0.00016800753574039524
24h	DT_H_CPT	18.473118279569896	0.00017208968416751295
24h	DT_H_CPT	18.49462365591398	0.00017506605483956454
24h	DT_H_CPT	18.516129032258068	0.0001768741327444813
24h	DT_H_CPT	18.537634408602152	0.0001774493773563678
24h	DT_H_CPT	18.55913978494624	0.00017683761821810814
24h	DT_H_CPT	18.580645161290324	0.00017501492355734784
24h	DT_H_CPT	18.60215053763441	0.00017201861290229572
24h	DT_H_CPT	18.623655913978496	0.00016790947667233243
24h	DT_H_CPT	18.645161290322584	0.0001627697328720911
24h	DT_H_CPT	18.666666666666668	0.00015670030189894826
24h	DT_H_CPT	18.688172043010756	0.0001498175251070011
24h	DT_H_CPT	18.70967741935484	0.00014224947548150123
24h	DT_H_CPT	18.731182795698928	0.0001341320229282079
24h	DT_H_CPT	18.752688172043012	0.0001256048217066656
24h	DT_H_CPT	18.7741935483871	0.00011680738349022506
24h	DT_H_CPT	18.795698924731184	0.00010787538706707982
24h	DT_H_CPT	18.81720430107527	9.893735597432951e-05
24h	DT_H_CPT	18.838709677419356	9.01118099600097e-05
24h	DT_H_CPT	18.860215053763444	8.154148147560199e-05
24h	DT_H_CPT	18.881720430107528	7.326017241022688e-05
24h	DT_H_CPT	18.903225806451616	6.537222307105511e-05
24h	DT_H_CPT	18.9247311827957	5.7940887736035436e-05
24h	DT_H_CPT	18.946236559139788	5.101437086824712e-05
24h	DT_H_CPT	18.967741935483872	4.4626488644203594e-05
24h	DT_H_CPT	18.98924731182796	3.8797762850690015e-05
24h	DT_H_CPT	19.010752688172044	3.3536859295944274e-05
24h	DT_H_CPT	19.03225806451613	2.8842277302225767e-05
24h	DT_H_CPT	19.053763440860216	2.4704196204486387e-05
24h	DT_H_CPT	19.075268817204304	2.1106388398658986e-05
24h	DT_H_CPT	19.096774193548388	1.802811551689009e-05
24h	DT_H_CPT	19.118279569892476	1.544593383105974e-05
24h	DT_H_CPT	19.13978494623656	1.3335346084191387e-05
24h	DT_H_CPT	19.161290322580648	1.1672248790346273e-05
24h	DT_H_CPT	19.182795698924732	1.0434135938336842e-05
24h	DT_H_CPT	19.20430107526882	9.60103147356757e-06
24h	DT_H_CPT	19.225806451612904	9.156133599802662e-06
24h	DT_H_CPT	19.24731182795699	9.086163709064258e-06
24h	DT_H_CPT	19.268817204301076	9.381421642450894e-06
24h	DT_H_CPT	19.290322580645164	1.0035557152809853e-05
24h	DT_H_CPT	19.311827956989248	1.1045075090266726e-05
24h	DT_H_CPT	19.333333333333336	1.2408599177421541e-05
24h	DT_H_CPT	19.35483870967742	1.4125926446001586e-05
24h	DT_H_CPT	19.376344086021508	1.619691153587059e-05
24h	DT_H_CPT	19.397849462365592	1.8620227041886164e-05
24h	DT_H_CPT	19.41935483870968	2.139205271401168e-05
24h	DT_H_CPT	19.440860215053764	2.450475220164343e-05
24h	DT_H_CPT	19.46236559139785	2.794560068792957e-05
24h	DT_H_CPT	19.483870967741936	3.166974562606833e-05
24h	DT_H_CPT	19.505376344086024	3.571044198445905e-05
24h	DT_H_CPT	19.526881720430108	3.999783291437826e-05
24h	DT_H_CPT	19.548387096774196	4.4490026453181716e-05
24h	DT_H_CPT	19.56989247311828	4.913656075649719e-05
24h	DT_H_CPT	19.591397849462368	5.387876485460073e-05
24h	DT_H_CPT	19.612903225806452	5.8624636364100697e-05
24h	DT_H_CPT	19.63440860215054	6.336121145872349e-05
24h	DT_H_CPT	19.655913978494624	6.797561322076437e-05
24h	DT_H_CPT	19.67741935483871	7.238842830226057e-05
24h	DT_H_CPT	19.698924731182796	7.651939223238512e-05
24h	DT_H_CPT	19.720430107526884	8.028977259998033e-05
24h	DT_H_CPT	19.741935483870968	8.362483911740053e-05
24h	DT_H_CPT	19.763440860215056	8.64563136482776e-05
24h	DT_H_CPT	19.78494623655914	8.87246886781839e-05
24h	DT_H_CPT	19.806451612903228	9.038130456983055e-05
24h	DT_H_CPT	19.827956989247312	9.139008443994731e-05
24h	DT_H_CPT	19.8494623655914	9.172884030231539e-05
24h	DT_H_CPT	19.870967741935484	9.139008443994731e-05
24h	DT_H_CPT	19.89247311827957	9.038130456983055e-05
24h	DT_H_CPT	19.913978494623656	8.87246886781839e-05
24h	DT_H_CPT	19.935483870967744	8.64563136482776e-05
24h	DT_H_CPT	19.956989247311828	8.362483911740053e-05
24h	DT_H_CPT	19.978494623655916	8.028977259998033e-05
24h	DT_H_CPT	20.0	7.651939223238512e-05
24h	DT_H_CPT	20.021505376344088	7.238842830226057e-05
24h	DT_H_CPT	20.043010752688172	6.797561322076437e-05
24h	DT_H_CPT	20.06451612903226	6.336121145872349e-05
24h	DT_H_CPT	20.086021505376344	5.8624636364100697e-05
24h	DT_H_CPT	20.107526881720432	5.384225032822758e-05
24h	DT_H_CPT	20.129032258064516	4.908542947428047e-05
24h	DT_H_CPT	20.150537634408604	4.441895518796449e-05
24h	DT_H_CPT	20.172043010752688	3.989977384631546e-05
24h	DT_H_CPT	20.193548387096776	3.557614451560602e-05
24h	DT_H_CPT	20.215053763440864	3.148717359590901e-05
24h	DT_H_CPT	20.236559139784948	2.7662716621001266e-05
24h	DT_H_CPT	20.258064516129036	2.4123611653729685e-05
24h	DT_H_CPT	20.27956989247312	2.0882196617873395e-05
24h	DT_H_CPT	20.301075268817208	1.7943054821657174e-05
24h	DT_H_CPT	20.322580645161292	1.5303928883788076e-05
24h	DT_H_CPT	20.34408602150538	1.2956743018135258e-05
24h	DT_H_CPT	20.365591397849464	1.08886766891336e-05
24h	DT_H_CPT	20.38709677419355	9.083238376517568e-06
24h	DT_H_CPT	20.408602150537636	7.521295853431305e-06
24h	DT_H_CPT	20.430107526881724	6.182028230663022e-06
24h	DT_H_CPT	20.451612903225808	5.043774331641432e-06
24h	DT_H_CPT	20.473118279569896	4.084761101047831e-06
24h	DT_H_CPT	20.49462365591398	3.2837041941933494e-06
24h	DT_H_CPT	20.516129032258068	2.620280259621684e-06
24h	DT_H_CPT	20.537634408602152	2.0754764684574834e-06
24h	DT_H_CPT	20.55913978494624	1.6318274480521353e-06
24h	DT_H_CPT	20.580645161290324	1.2735529477327911e-06
24h	DT_H_CPT	20.60215053763441	9.866113977069993e-07
24h	DT_H_CPT	20.623655913978496	7.586851832294774e-07
24h	DT_H_CPT	20.645161290322584	5.791131521661881e-07
24h	DT_H_CPT	20.666666666666668	4.387848309210638e-07
24h	DT_H_CPT	20.688172043010756	3.300092656970227e-07
24h	DT_H_CPT	20.70967741935484	2.4636954055515156e-07
24h	DT_H_CPT	20.731182795698928	1.8257203015932698e-07
24h	DT_H_CPT	20.752688172043012	1.342974688530334e-07
24h	DT_H_CPT	20.7741935483871	9.805906806280023e-08
24h	DT_H_CPT	20.795698924731184	7.107126521722186e-08
24h	DT_H_CPT	20.81720430107527	5.11312822167227e-08
24h	DT_H_CPT	20.838709677419356	3.651452637315414e-08
24h	DT_H_CPT	20.860215053763444	0.0
24h	DT_H_CPT	20.881720430107528	0.0
24h	DT_H_CPT	20.903225806451616	0.0
24h	DT_H_CPT	20.9247311827957	0.0
24h	DT_H_CPT	20.946236559139788	0.0
24h	DT_H_CPT	20.967741935483872	0.0
24h	DT_H_CPT	20.98924731182796	0.0
24h	DT_H_CPT	21.010752688172044	0.0
24h	DT_H_CPT	21.03225806451613	0.0
24h	DT_H_CPT	21.053763440860216	0.0
24h	DT_H_CPT	21.075268817204304	0.0
24h	DT_H_CPT	21.096774193548388	0.0
24h	DT_H_CPT	21.118279569892476	0.0
24h	DT_H_CPT	21.13978494623656	0.0
24h	DT_H_CPT	21.161290322580648	0.0
24h	DT_H_CPT	21.182795698924732	0.0
24h	DT_H_CPT	21.20430107526882	0.0
24h	DT_H_CPT	21.225806451612904	0.0
24h	DT_H_CPT	21.24731182795699	0.0
24h	DT_H_CPT	21.268817204301076	0.0
24h	DT_H_CPT	21.290322580645164	0.0
24h	DT_H_CPT	21.311827956989248	0.0
24h	DT_H_CPT	21.333333333333336	0.0
24h	DT_H_CPT	21.35483870967742	0.0
24h	DT_H_CPT	21.376344086021508	0.0
24h	DT_H_CPT	21.397849462365592	0.0
24h	DT_H_CPT	21.41935483870968	0.0
24h	DT_H_CPT	21.440860215053764	0.0
24h	DT_H_CPT	21.46236559139785	0.0
24h	DT_H_CPT	21.483870967741936	0.0
24h	DT_H_CPT	21.505376344086024	0.0
24h	DT_H_CPT	21.526881720430108	0.0
24h	DT_H_CPT	21.548387096774196	0.0
24h	DT_H_CPT	21.56989247311828	0.0
24h	DT_H_CPT	21.591397849462368	0.0
24h	DT_H_CPT	21.612903225806452	0.0
24h	DT_H_CPT	21.63440860215054	0.0
24h	DT_H_CPT	21.655913978494624	0.0
24h	DT_H_CPT	21.67741935483871	0.0
24h	DT_H_CPT	21.698924731182796	0.0
24h	DT_H_CPT	21.720430107526884	0.0
24h	DT_H_CPT	21.741935483870968	0.0
24h	DT_H_CPT	21.763440860215056	0.0
24h	DT_H_CPT	21.78494623655914	0.0
24h	DT_H_CPT	21.806451612903228	0.0
24h	DT_H_CPT	21.827956989247312	0.0
24h	DT_H_CPT	21.8494623655914	0.0
24h	DT_H_CPT	21.870967741935484	0.0
24h	DT_H_CPT	21.89247311827957	0.0
24h	DT_H_CPT	21.913978494623656	0.0
24h	DT_H_CPT	21.935483870967744	0.0
24h	DT_H_CPT	21.956989247311828	0.0
24h	DT_H_CPT	21.978494623655916	0.0
24h	DT_H_CPT	22.0	0.0
