pathway,pval,padj,ES,NES,nMoreExtreme,size,leadingEdge,Contrast,Time,Stress,Numerator,Denominator,N_num,N_den,RankStatistic,sig,LeadingEdgeSize,LeadingEdgeHeadFrac
GOBP_MITOCHONDRIAL_GENE_EXPRESSION,0.9404860307488841,1,0.17202816623455214,0.786294154914714,5688,167,FASTK;POLRMT;MRPL12;THAP11;MRPS34;SLC25A33;MRPL41;MTG1;MRPL23;MRPL55;RCC1L;GTPBP3;AURKAIP1;MRPS16;CHCHD10;TBRG4;MRPL4;GADD45GIP1;FASTKD5;TWNK;MRPL38;AARS2;MRPS26;MRPS12;MTG2;YARS2;TACO1;MRPL37;SUPV3L1;MRPL30;MRPS24;MRPL51;DARS2;GATC;MRPL2;HSD17B10;MRPL54;TRUB2;TUFM;MRPL52;MRPS18B;MRPL16;RPUSD4;KANSL3;TFB1M;MRPS2;MRPL28;MRPL53;MRPL1;TARS2;MTO1;MRPL57;MRPS30;MRPL44;EARS2,D_vs_Ctrl,4 hours,NoCPT,DOX,CTRL,2,2,vst_mean_diff,-0,55,0.01818181818181818
GOBP_MITOCHONDRIAL_RESPIRATORY_CHAIN_COMPLEX_ASSEMBLY,0.13705054715997916,0.3825994441549418,0.28861125500041296,1.2122119649909655,788,96,ATP5F1D;NDUFAF8;SDHAF4;NDUFS6;UQCC3;MT-ND6;SLC25A33;SDHAF1;COX17;SCO2;NDUFS7;SURF1;ECSIT;NDUFC2;NDUFS5;NDUFB2;HIGD2A;TMEM223;NDUFS8;TACO1;NDUFAF1;UQCRFS1;COX19;FXN,D_vs_Ctrl,4 hours,NoCPT,DOX,CTRL,2,2,vst_mean_diff,0.41725566525649327,24,0.125
GOBP_MITOCHONDRIAL_TRANSLATION,0.9998305946129087,1,0.12792578827106044,0.5627453381337029,5901,129,MRPL12;MRPS34;MRPL41;MTG1;MRPL23;MRPL55;RCC1L;AURKAIP1;MRPS16;MRPL4;GADD45GIP1;MRPL38;AARS2;MRPS26;MRPS12;MTG2;YARS2;TACO1;MRPL37;MRPL30;MRPS24;MRPL51;DARS2;GATC;MRPL2;MRPL54;TRUB2;TUFM;MRPL52;MRPS18B;MRPL16;RPUSD4;MRPS2;MRPL28;MRPL53;MRPL1;TARS2;MRPL57;MRPS30;MRPL44;EARS2,D_vs_Ctrl,4 hours,NoCPT,DOX,CTRL,2,2,vst_mean_diff,-0,41,0.024390243902439025
GOMF_HEAT_SHOCK_PROTEIN_BINDING,1,1,0.1198176516162815,0.5183217023268186,5836,115,ETFBKMT;TELO2;HSPA1B;ZFP36;USP19;CDK5;STUB1;HSPA6;HSF1;PDXP;UNC45A;IRAK1;DNAJB2;DNAJB1;TSC2;METTL23;EEF1D;EEF1AKMT3;ITGAM,D_vs_Ctrl,4 hours,NoCPT,DOX,CTRL,2,2,vst_mean_diff,-0,19,0.2631578947368421
GOMF_RNA_ENDONUCLEASE_ACTIVITY,0.46366906474820146,1,0.25302349902655163,0.9942168208418435,2577,66,NUDT16L1;ENDOG;PLD6;MBLAC1;RNASEK;RNASET2;ENDOV;TSEN34;RPP25;CWF19L1;KHNYN;ERN2;POP7;TMBIM6;INTS11;NYNRIN,D_vs_Ctrl,4 hours,NoCPT,DOX,CTRL,2,2,vst_mean_diff,-0,16,0.0625
HALLMARK_ADIPOGENESIS,0.03197389885807504,0.1260147778524134,0.2854687382041299,1.3226892108824686,195,186,LTC4S;HSPB8;PEMT;PIM3;TST;DGAT1;ECHS1;ESRRA;SLC19A1;PLIN2;SLC27A1;UQCR11;REEP6;UCK1;GPX4;ADCY6;CYC1;SORBS1;ABCB8;PFKL;OMD;SLC25A1;SLC25A10;MIGA2;CHCHD10;ETFB;RAB34;VEGFB;DDT;ACADS;SLC1A5;ALDOA;CD151;AGPAT3;EPHX2;ALDH2;DHRS7B;NDUFB7;SLC5A6;PREB;SNCG;ARAF;GADD45A;RTN3;RNF11;MTCH2;STAT5A;CS;SULT1A1;CYP4B1;COX8A,D_vs_Ctrl,4 hours,NoCPT,DOX,CTRL,2,2,vst_mean_diff,0.8995785218393864,51,0.19607843137254902
HALLMARK_ANDROGEN_RESPONSE,0.025821596244131457,0.10812793427230047,-0.32046938754212656,-1.400303472226511,109,95,NDRG1;HMGCS1;INPP4B;IDI1;ABCC4;MYL12A;FADS1;HMGCR;TNFAIP8;NKX3-1;FKBP5;PIAS1;IQGAP2;SRP19;CENPN;B2M;LMAN1;ELL2;UAP1;LIFR;ALDH1A3;SELENOP;ACSL3;ARID5B;PLPP1;SMS;PGM3;RPS6KA3;ABHD2;SEC24D;PTPN21;PDLIM5;XRCC6;ELOVL5;APPBP2;DNAJB9;TPD52;ELK4;PA2G4;STEAP4;GNAI3;RAB4A;XRCC5;UBE2J1;ANKH;INSIG1;ITGAV;CDK6;MAP7;HERC3;SCD;TMPRSS2;BMPR1B,D_vs_Ctrl,4 hours,NoCPT,DOX,CTRL,2,2,vst_mean_diff,0.9660620938995922,53,0.4339622641509434
HALLMARK_ANGIOGENESIS,0.4617363344051447,1,-0.3105272430337095,-0.9945439357080212,2153,23,STC1;VEGFA,D_vs_Ctrl,4 hours,NoCPT,DOX,CTRL,2,2,vst_mean_diff,-0,2,0.5
HALLMARK_APICAL_JUNCTION,0.6800200300450676,1,0.2006790375978872,0.9073591017653879,4073,156,AMH;PKD1;MAPK11;SPEG;ACTA1;PARD6G;CLDN4;TSPAN4;CLDN15;MDK;WNK4;NECTIN1;ADAM15;CRB3;NECTIN4;NECTIN2;GRB7;CLDN6;ICAM5;HRAS;FSCN1;SYMPK;NLGN2;VASP;INPPL1;SORBS3;TAOK2;TMEM8B;SRC;CLDN7;JUP;B4GALT1;ACTB;GAMT;ADRA1B;IKBKG;NLGN3;CD99;ZYX;CLDN8;SDC3;ACTG1;RHOF;CRAT;DHX16;MVD;COL16A1;AKT2;LDLRAP1;CD276;PIK3CB;LAMB3;NRTN;MAP4K2,D_vs_Ctrl,4 hours,NoCPT,DOX,CTRL,2,2,vst_mean_diff,-0,54,0.24074074074074073
HALLMARK_APICAL_SURFACE,0.7388717496694579,1,-0.24063040962121612,-0.834389310666648,3352,32,ATP6V0A4;AFAP1L2;BRCA1;SULF2;SHROOM2,D_vs_Ctrl,4 hours,NoCPT,DOX,CTRL,2,2,vst_mean_diff,-0,5,0.2
HALLMARK_APOPTOSIS,0.5400801603206413,1,0.21546693057639293,0.9613118804543788,3233,140,PLCB2;TSPO;AIFM3;TNF;GPX4;SMAD7;SQSTM1;BMF;BCAP31;RHOT2;ATF3;ERBB2;FDXR;BTG2;TAP1;BIK;GSR;IFITM3;BMP2;HSPB1;TIMP3;GSN;PSEN2;BCL2L1;CDKN1A;BCL10;TXNIP;EGR3;BCL2L2;GADD45A;DAP;PPP2R5B;GADD45B;MGMT;TIMP1;VDAC2;CASP2;IL6;SLC20A1;BID;RHOB;CLU;IGFBP6;ADD1,D_vs_Ctrl,4 hours,NoCPT,DOX,CTRL,2,2,vst_mean_diff,-0,44,0.25
HALLMARK_CHOLESTEROL_HOMEOSTASIS,0.43972109761583444,1,-0.24426538076392554,-1.0060691596394113,1954,69,HMGCS1;IDI1;HSD17B7;HMGCR;NSDHL;FABP5;ALDOC;SC5D;NFIL3;GSTM2;ATXN2;ERRFI1;FADS2;ACAT2;FDPS;STARD4;PPARG,D_vs_Ctrl,4 hours,NoCPT,DOX,CTRL,2,2,vst_mean_diff,-0,17,0.23529411764705882
HALLMARK_COAGULATION,0.8979377839916113,1,0.18682603774892312,0.774909877513617,5137,90,MMP15;HTRA1;ACOX2;DPP4;F12;CRIP2;HMGCS2;CFD;GNB2;MASP2;PDGFB;CAPN5;TIMP3;MST1;GSN;RAPGEF3;THBD;LRP1;FURIN,D_vs_Ctrl,4 hours,NoCPT,DOX,CTRL,2,2,vst_mean_diff,-0,19,0.15789473684210525
HALLMARK_COMPLEMENT,0.03931880791384924,0.14435591098343314,-0.27598413131849425,-1.307832499902193,156,157,CASP4;CXCL1;ZEB1;ERAP2;S100A9;FN1;SERPINC1;ADRA2B;PCLO;PLAT;LTF;SERPINE1;PLA2G7;F3;APOBEC3G;F8;SERPINA1;USP16;FYN;IRF2;USP8;FCER1G;DUSP6;GPD2;GMFB;DOCK10;RASGRP1;PPP2CB;DGKH;CFH;KYNU;PLA2G4A;CASP3;AKAP10;C1S;CASP7;CP;NOTCH4;CFB;SERPINB2;KIF2A;JAK2;ADAM9;LIPA;CASP1;PSMB9;DGKG;DYRK2;USP15;CTSV;PRDM4,D_vs_Ctrl,4 hours,NoCPT,DOX,CTRL,2,2,vst_mean_diff,0.8405654282368189,51,0.0784313725490196
HALLMARK_DNA_REPAIR,0.6482193613108176,1,0.20505565793171304,0.9205729722678386,3876,147,SAC3D1;ZNF707;NME3;GSDME;MPG;TAF1C;APRT;VPS37B;NELFB;GPX4;CCNO;ADCY6;COX17;BCAP31;TAF10;SURF1;POLD1;GUK1;SNAPC4;ADRM1;ELL;POLR2A;POLD4;POLR2G;POLR2I;ITPA;POLR2H;BCAM;BRF2;ERCC1;DUT;NT5C,D_vs_Ctrl,4 hours,NoCPT,DOX,CTRL,2,2,vst_mean_diff,-0,32,0.125
HALLMARK_E2F_TARGETS,2.5960539979231567e-4,0.004562789430672841,-0.3672216203726933,-1.7955696590536419,0,197,CKS2;MYC;CENPE;DLGAP5;BUB1B;CDKN3;MELK;PLK4;ATAD2;MKI67;DEPDC1;HMMR;SPAG5;BRCA2;ING3;RAD51C;BRCA1;RFC3;CDCA8;DSCC1;SPC25;TOP2A;AURKA;MAD2L1;USP1;BRMS1L;RACGAP1;MMS22L;SMC1A;CSE1L;PDS5B;ORC6;NOLC1;SMC6;HELLS;CHEK1;SYNCRIP;HNRNPD;MCM5;EXOSC8;SMC4;EZH2;KIF2C;RAD21;DEK;RAD50;RPA3;STAG1;NUP107;XPO1;TIPIN;CCNB2;KIF4A;IPO7;LYAR;LMNB1;CIT;PPP1R8;MRE11;NBN;PTTG1;CCNE1;NME1;TRIP13;RFC1;RPA1;PLK1;TUBB;CDKN1B;CDC20;KPNA2;PSIP1;SMC3;CBX5;RRM2;UBE2T;DIAPH3;XRCC6;PNN;EIF2S1;DNMT1;GINS3;CNOT9;TRA2B;PA2G4;MLH1;CCP110;TMPO;PRKDC;BARD1;MCM3;CDK1;PHF5A;PRIM2;AK2;ILF3;NAP1L1;ZW10;KIF18B;CDCA3;UBR7;SLBP;ANP32E;LUC7L3;CTCF;NUP205;SHMT1,D_vs_Ctrl,4 hours,NoCPT,DOX,CTRL,2,2,vst_mean_diff,2.340769573131123,107,0.27102803738317754
HALLMARK_EPITHELIAL_MESENCHYMAL_TRANSITION,0.012762762762762763,0.07125875875875876,-0.299562968185398,-1.4083032480329525,50,151,CXCL8;ECM2;FAP;EDIL3;CXCL1;IL15;SPOCK1;VEGFA;GLIPR1;FN1;ABI3BP;INHBA;SERPINE1;OXTR;LAMA2;CD44;DST;TNC;TNFRSF11B;VCAN;PLOD2;LOX;PTX3;DAB2;ITGA2;LAMA3;SLIT2;LOXL2;MYL9;THBS1;NT5E;LAMC2;CALD1,D_vs_Ctrl,4 hours,NoCPT,DOX,CTRL,2,2,vst_mean_diff,1.1471617468028068,33,0.2727272727272727
HALLMARK_ESTROGEN_RESPONSE_EARLY,0.48291721419185285,1,0.21401742773145876,0.9879006826533915,2939,181,HSPB8;KCNK15;HR;WFS1;SLC1A4;SEMA3B;KRT19;FASN;RHOD;SLC22A5;KDM4B;KAZN;NBL1;CLIC3;ITPK1;KRT13;SLC7A5;RAPGEFL1;CELSR1;INHBB;TJP3;RAB17;PTGES;BLVRB;CELSR2;PDZK1;ALDH3B1;TSKU;EGR3;KLK10;CLDN7;KCNK5;ABCA3;ELF3;TFAP2C;XBP1;RRP12;ANXA9;TPBG;SFN;B4GALT1;NXT1;GAB2;UNC119;PPIF;MINDY1;MYBBP1A;TGM2;SYNGR1;AMFR;RHOBTB3;SIAH2;FARP1;SYT12;BAG1;MLPH;IGFBP4;IL17RB,D_vs_Ctrl,4 hours,NoCPT,DOX,CTRL,2,2,vst_mean_diff,-0,58,0.27586206896551724
HALLMARK_ESTROGEN_RESPONSE_LATE,0.24735624586913418,0.6629147389292797,0.24043557628711998,1.1031920544802232,1496,173,HSPB8;TST;CKB;PLXNB1;PKP3;HR;DUSP2;WFS1;SLC1A4;ZFP36;MDK;ACOX2;SEMA3B;LLGL2;KRT19;HMGCS2;SLC2A8;SLC22A5;PRKAR2B;CACNA2D2;ETFB;NBL1;DCXR;CLIC3;ITPK1;KRT13;SLC7A5;ST14;RAPGEFL1;LSR;TJP3;PTGES;GAL;BLVRB;CELSR2;PDZK1;ALDH3B1;EGR3;KLK10;KCNK5;ABCA3;TFAP2C;XBP1;ANXA9;TPBG;SFN;SNX10;PERP;NXT1;GPER1;METTL3;PPIF;IMPA2;GALE;AMFR;SGK1;TSPAN13;SIAH2;TNNC1;FARP1;BAG1;IGFBP4;IL17RB,D_vs_Ctrl,4 hours,NoCPT,DOX,CTRL,2,2,vst_mean_diff,0.1785423249793079,63,0.25396825396825395
HALLMARK_FATTY_ACID_METABOLISM,0.9909819639278558,1,0.1547331221401918,0.6903462550622229,5933,140,LTC4S;D2HGDH;ACSS1;CBR3;ACOT2;ECHS1;REEP6;NCAPH2;ECI1;FASN;TP53INP2;HMGCS2;SLC22A5,D_vs_Ctrl,4 hours,NoCPT,DOX,CTRL,2,2,vst_mean_diff,-0,13,0.07692307692307693
HALLMARK_G2M_CHECKPOINT,2.584647195657793e-4,0.004562789430672841,-0.40859043555577906,-1.9952224837289945,0,194,CKS2;MYC;CENPE;BUB1;NUSAP1;STIL;KNL1;KIF20B;CDKN3;PLK4;MKI67;CASP8AP2;HMMR;FBXO5;BRCA2;NDC80;CENPF;SS18;EGF;DMD;MAP3K20;KIF23;CDC27;RBL1;TOP2A;CBX1;DBF4;AURKA;RASAL2;CDC7;MAD2L1;RACGAP1;SMC1A;ORC5;EXO1;MEIS1;PDS5B;NEK2;ORC6;NOLC1;SMC2;CHEK1;SYNCRIP;KIF11;HNRNPD;MCM5;HSPA8;LIG3;ATRX;PBK;KIF15;SMC4;EZH2;KIF2C;HMGN2;RAD21;SMARCC1;EWSR1;CCNA2;STAG1;ARID4A;XPO1;RAD23B;ODF2;CUL1;CCNB2;KIF4A;LMNB1;RPS6KA5;CDC6;TTK;POLQ;PTTG1;MTF2;HIF1A;SRSF10,D_vs_Ctrl,4 hours,NoCPT,DOX,CTRL,2,2,vst_mean_diff,2.340769573131123,76,0.25
HALLMARK_GLYCOLYSIS,0.5677056719468574,1,-0.19911532662179932,-0.9563360839273742,2221,175,EGLN3;STC1;CHST4;VEGFA;PPFIA4;ZNF292;GLRX;ANGPTL4;DEPDC1;HMMR;LHX9;CD44;NSDHL;GPR87;P4HA1;VCAN;PLOD2;VLDLR;TXN;AURKA;CASP6;KIF20A;NANP;NT5E;ECD;HDLBP;PPP2CB;ERO1A;PFKP;COPB2;GAL3ST1;PGK1;PAXIP1;EGFR;LDHA,D_vs_Ctrl,4 hours,NoCPT,DOX,CTRL,2,2,vst_mean_diff,-0,35,0.2857142857142857
HALLMARK_HEDGEHOG_SIGNALING,0.7279029462738301,1,-0.254405921326289,-0.8221719774336778,3359,24,VEGFA;HEY1;VLDLR;RASA1;NF1;DPYSL2,D_vs_Ctrl,4 hours,NoCPT,DOX,CTRL,2,2,vst_mean_diff,-0,6,0.5
HALLMARK_HEME_METABOLISM,0.8227408142999006,1,0.18724086568663373,0.852313983228022,4970,162,PGLS;DMTN;SLC66A2;PIGQ;PPOX;SLC25A38;SLC6A8;TENT5C;CCND3;BTG2;ABCG2;RNF123;TMCC2;LMO2;HAGH;SMOX;SIDT2;BLVRB;RANBP10;PRDX2;SEC14L1;SLC6A9;RBM38;UBAC1;KHNYN;ATP6V0A1;LRP10;MAP2K3;BCAM;FN3K;PPP2R5B;HTRA2;SLC22A4;ABCB6;EPOR;PC;HEBP1;SLC30A1,D_vs_Ctrl,4 hours,NoCPT,DOX,CTRL,2,2,vst_mean_diff,-0,38,0.07894736842105263
HALLMARK_HYPOXIA,0.26842238541402885,0.6917038393361513,-0.22364626068364687,-1.0741147937364832,1059,174,STC1;NDRG1;TMEM45A;VEGFA;PPFIA4;ZNF292;GLRX;ANGPTL4;PPP1R3C;SERPINE1;LXN;ADM;F3;P4HA1;ETS1;LOX;ALDOC;BHLHE40;NFIL3;TGFB3;VLDLR;RBPJ;CSRP2;HS3ST1;PYGM;ERRFI1;GCNT2;CASP6,D_vs_Ctrl,4 hours,NoCPT,DOX,CTRL,2,2,vst_mean_diff,0.16007981374176547,28,0.07142857142857142
HALLMARK_IL2_STAT5_SIGNALING,0.9955246146195923,1,-0.14682250245111472,-0.6894340245376241,4003,150,NDRG1;MYC;PTRH2;SERPINC1;CD44;PLAGL1;P4HA1;BHLHE40;NFIL3;IL4R;EMP1;NT5E;IKZF2;IFNGR1;SOCS2;PTGER2;MYO1E;PHTF2;SNX9;CASP3;LCLAT1;GUCY1B1;SPRY4;SWAP70;CDC42SE2;LRRC8C;IL18R1;RABGAP1L;CDC6;PLPP1;CCNE1;CXCL10;WLS;TNFSF10;IL1R2;ITGAE;PNP;ITGA6,D_vs_Ctrl,4 hours,NoCPT,DOX,CTRL,2,2,vst_mean_diff,-0,38,0.13157894736842105
HALLMARK_IL6_JAK_STAT3_SIGNALING,0.575976518401445,1,-0.23206653706736527,-0.9357754742415791,2550,62,CXCL11;CXCL1;PTPN2;CD44;OSMR;IL6ST;TLR2;IL4R;IFNGR1;IFNGR2;CXCL3;LEPR;STAM2;IL18R1;CXCL10;IL1R2;IL2RG;IL1R1;IFNAR1;TNFRSF12A;CSF3R;FAS;HMOX1,D_vs_Ctrl,4 hours,NoCPT,DOX,CTRL,2,2,vst_mean_diff,-0,23,0.08695652173913043
HALLMARK_INFLAMMATORY_RESPONSE,4.921259842519685e-4,0.006594488188976378,-0.36463928920008587,-1.688333025406878,1,135,CXCL8;CCL20;CXCL11;MYC;IL7R;FPR1;IL15;ICAM1;PDE4B;CSF3;NMI;INHBA;SERPINE1;TNFAIP6;EREG;IFITM1;ADM;F3;OSMR;HAS2;IRAK2;TLR2;IL4R;NAMPT;PTGER4;TLR3;IFNGR2;RASGRP1;PTGER2;KCNJ2;ABI1;EMP3;ROS1;PCDH7;P2RX7;MET;SGMS2;IL18R1;BST2;EIF2AK2;CXCL10;HIF1A;ATP2B1;TNFSF10,D_vs_Ctrl,4 hours,NoCPT,DOX,CTRL,2,2,vst_mean_diff,2.180818905247074,44,0.13636363636363635
HALLMARK_INTERFERON_ALPHA_RESPONSE,0.7953367875647669,1,-0.1958153812577638,-0.848605652647378,3376,91,CXCL11;IL15;SAMD9;NMI;IFITM1;NCOA7;SAMD9L;DDX60;IL4R;PARP9;EPSTI1;IRF2;TDRD7;B2M;CASP8;SLC25A28;IFI35;C1S;IFIT3;SP110;BST2;EIF2AK2;CXCL10;CASP1;PSMB9;IFIH1,D_vs_Ctrl,4 hours,NoCPT,DOX,CTRL,2,2,vst_mean_diff,-0,26,0.11538461538461539
HALLMARK_INTERFERON_GAMMA_RESPONSE,0.05848248046382657,0.1781057359580173,-0.26655885653241607,-1.2700652101037897,231,164,CXCL11;STAT4;CASP4;MX2;FPR1;IL15;KLRK1;CIITA;ICAM1;PDE4B;NMI;TNFAIP6;PTPN2;EIF4E3;HLA-DMA;SAMD9L;DDX60;IL4R;NAMPT;EPSTI1;IRF2;TDRD7;ZNFX1;B2M;CASP8;PSMA2;CFH;IFIT1;PLA2G4A;VAMP5;PFKP;AUTS2;SLC25A28;RAPGEF6;IDO1;CASP3;IFNAR2;IFI35;PELI1;C1S;GBP6;CASP7;IFIT3;SP110;CFB;BST2;JAK2;ARID5B;EIF2AK2;CXCL10;HIF1A;CASP1;TNFSF10;PSMB9;IFIH1;PNP,D_vs_Ctrl,4 hours,NoCPT,DOX,CTRL,2,2,vst_mean_diff,0.7493220937046307,56,0.10714285714285714
HALLMARK_KRAS_SIGNALING_DN,0.567786391042205,1,0.22056778590896442,0.9452320230794308,3295,109,MAGIX;IDUA;DLK2;RSAD2;LFNG;NR6A1;P2RY4;YPEL1;TENT5C;MAST3;BTG2;LYPD3;MTHFR;PRODH;GPRC5C;KRT4;SPTBN2;UPK3B;ABCG4;KRT13;SPHK2;MSH5;COQ8A;KMT2D;CPEB3;CELSR2;KCND1;MYO15A,D_vs_Ctrl,4 hours,NoCPT,DOX,CTRL,2,2,vst_mean_diff,-0,28,0.07142857142857142
HALLMARK_KRAS_SIGNALING_UP,0.0067147475752300425,0.04089891704912844,-0.3127884825397604,-1.4637421753473734,26,147,CCL20;LAPTM5;IL7R;IGF2;TFPI;SCG5;PLEK2;ADGRA2;GLRX;FBXO4;ANGPTL4;PLAT;INHBA;BIRC3;EREG;ETV1;ETS1;PTPRR;PRDM1;STRN;EMP1;ITGA2;FCER1G;DUSP6;PRELID3B;IL1RL2;WNT7A;USP12;SDCCAG8;ERO1A;CFH;CBR4;HDAC9;NIN;PECAM1;GPNMB;CROT;SERPINA3;ALDH1A3;MMD;MAP3K1;MALL;CFB;RABGAP1L;GYPC;CXCL10;ATG10;IL2RG;GALNT3;TPH1;SATB1,D_vs_Ctrl,4 hours,NoCPT,DOX,CTRL,2,2,vst_mean_diff,1.3882881914013225,51,0.1568627450980392
HALLMARK_MITOTIC_SPINDLE,0.0028578851649779164,0.027354043721931485,-0.30712130825720335,-1.5027960850937083,10,198,CENPE;BUB1;NUSAP1;SASS6;DLGAP5;KIF20B;ALMS1;PREX1;CENPJ;ANLN;EPB41L2;TUBGCP5;FBXO5;BRCA2;NDC80;DST;NCK1;CENPF;CCDC88A;KIF23;CDC27;APC;CDK5RAP2;UXT;TOP2A;CEP57;AURKA;RICTOR;RASAL2;SHROOM2;RACGAP1;SMC1A;PCM1;CLIP1;DLG1;ECT2;NEK2;KNTC1;RANBP9;KIF11;RASA1;NIN;RAPGEF5;KIF15;MYO1E;SOS1;FGD6;SMC4;KIF2C;ARHGEF3;RAPGEF6;ABI1;SORBS2;ARHGAP29;TLK1;CNTRL;EZR;WASL;CKAP5;CCNB2;KIF4A;ARHGAP5;NF1;LMNB1;CDC42;HOOK3;TTK;STAU1;PCGF5;RFC1;PLK1;ARFGEF1;TPX2;SMC3;EPB41;TUBGCP3;YWHAE;NET1;ITSN1;TUBGCP2;FGD4;SPTBN1;CEP192;INCENP;CD2AP;PDLIM5;SSH2;MID1,D_vs_Ctrl,4 hours,NoCPT,DOX,CTRL,2,2,vst_mean_diff,1.5629784632497963,88,0.22727272727272727
HALLMARK_MTORC1_SIGNALING,0.002325581395348837,0.025968992248062015,-0.31028060334970503,-1.5116358041521676,8,191,EGLN3;STC1;BCAT1;HMGCS1;BUB1;ELOVL6;IDI1;GLRX;FADS1;PSMA4;HMGCR;PSMD14;P4HA1;PSMC2;PLOD2;ATP5MC1;SC5D;BHLHE40;NFIL3;VLDLR;NAMPT;USO1;AURKA;SKAP2;TBK1;FADS2;EEF1E1;HSPE1;MLLT11;GTF2H1;PDAP1;PDK1;UCHL5;PSMD12;ERO1A;PITPNB;STARD4;PGK1;ACTR3;RDH11;LDHA;DAPP1;ACSL3;NMT1;PSMG1;HSPA9;GLA;GAPDH;RPA1;ADD3;TMEM97;PLK1;SLC7A11;PNP;GSK3B;PPIA;ACLY;PPP1R15A;LDLR;STIP1;RRM2;DDIT3;RRP9;POLR3G;CACYBP;EIF2S2;UFM1;RIT1;ELOVL5;TES;ACACA;CYP51A1;CCT6A;DHCR7;PSMC4;PSMC6;HSP90B1;TCEA1;SQLE;RAB1A;DHFR;ATP6V1D;INSIG1;MTHFD2L;GPI;ME1;SEC11A;PSMA3;M6PR;IFRD1;GMPS;NUP205;GCLC;IFI30;ETF1;SCD;SHMT2;CCNG1,D_vs_Ctrl,4 hours,NoCPT,DOX,CTRL,2,2,vst_mean_diff,1.5855449032624038,98,0.42857142857142855
HALLMARK_MYC_TARGETS_V1,0.014526588845654994,0.07486780405068344,-0.28003275321245974,-1.3677502290240335,55,195,MYC;SNRPG;UBE2E1;PSMA4;PSMA6;PSMD14;RPL14;PSMD7;SSBP1;PSMD8;MAD2L1;USP1;HDDC2;HSPE1;NOLC1;PRDX3;SSB;SYNCRIP;PSMA2;HNRNPD;UBA2;MCM5;RPL6;SNRPB2;GNL3;PRPS2;SMARCC1;PGK1;RFC4;CCNA2;DEK;NPM1;HNRNPC;LDHA;EEF1B2;RUVBL2;RSL1D1;HNRNPR;XPO1;RAD23B;CUL1;ACP1;NDUFAB1;NME1;PSMD3;DDX18;VDAC3;DDX21;SRPK1;ERH;PPIA;CCT7;PWP1;CDC20;EIF3J;KPNA2;CSTF2;NCBP2;IMPDH2;YWHAE;CCT3;GLO1;PPM1G;G3BP1;TYMS;RRP9;CBX3;CCT5;EIF3D;EIF2S2;MRPL9;XRCC6;PSMD1;EIF2S1;SNRPD2;SRSF7;EIF4E;U2AF1;TRA2B;ABCE1;PA2G4;HDAC2;PSMC4;PSMC6;AP3S1;APEX1;TOMM70;CCT2;HNRNPA1;TARDBP;ILF2;RPS5;NAP1L1,D_vs_Ctrl,4 hours,NoCPT,DOX,CTRL,2,2,vst_mean_diff,1.1257049049867855,93,0.5698924731182796
HALLMARK_MYC_TARGETS_V2,0.7579099620321822,1,0.21912876414753962,0.8359386403152419,4191,57,SLC19A1;SLC29A2;DUSP2;SRM;GRWD1;TBRG4;MRTO4;NOP16;DCTPP1;WDR74;IPO4;RRP12;MAP3K6;SUPV3L1;FARSA;MYBBP1A;CDK4;PPRC1,D_vs_Ctrl,4 hours,NoCPT,DOX,CTRL,2,2,vst_mean_diff,-0,18,0.1111111111111111
HALLMARK_NOTCH_SIGNALING,0.04093675087589895,0.14435591098343314,0.45664099284714993,1.4958216421832162,221,28,NOTCH3;LFNG;FZD7;NOTCH1;KAT2A;ARRB1;PSEN2;APH1A;FZD1;DTX2;PSENEN;DTX4,D_vs_Ctrl,4 hours,NoCPT,DOX,CTRL,2,2,vst_mean_diff,0.8405654282368189,12,0.16666666666666666
HALLMARK_OXIDATIVE_PHOSPHORYLATION,0.9947942085570197,1,0.15022541404940798,0.7015995364590386,6114,200,ATP5F1D;TCIRG1;NDUFS6;ECHS1;UQCR11;TIMM50;GPX4;ECI1;COX17;TIMM13;CYC1;RHOT2;NDUFS7;ATP6V0B;SURF1;ETFB;NDUFC2;PMPCA;ATP6V1H;NDUFB2;NDUFV1;MRPS12;SLC25A3;NDUFB7;NDUFS8;ATP6V0C;UQCRFS1;FDX1;FXN;SUPV3L1;HADHB;NDUFC1;HTRA2;ACADVL;VDAC2;CS;NDUFB8;HSD17B10;AFG3L2;COX8A;NDUFB1;SDHA;NDUFA2,D_vs_Ctrl,4 hours,NoCPT,DOX,CTRL,2,2,vst_mean_diff,-0,43,0.27906976744186046
HALLMARK_P53_PATHWAY,0.006523157208088715,0.04089891704912844,0.3113463131555263,1.4458920819631635,39,191,SOCS1;PIDD1;JAG2;TAX1BP3;TGFB1;PMM1;SLC3A2;WRAP73;CD81;RAB40C;LIF;NOTCH1;MXD4;TRIB3;CTSD;RPL18;ATF3;TRAF4;FDXR;PHLDA3;CCND3;BTG2;TAP1;CTSF;IER5;TNFSF9;HEXIM1;DCXR;BMP2;PLXNB2;HRAS;RXRA;BTG1;ST14;IRAK1;COQ8A;GLS2;INHBB;MKNK2;RHBDF2;SERTAD3;BLCAP;CDKN1A;TXNIP;SPHK1;CEBPA;AEN;GADD45A;CD82;SFN;DGKA;SDC1;RPL36;PERP,D_vs_Ctrl,4 hours,NoCPT,DOX,CTRL,2,2,vst_mean_diff,1.3882881914013225,54,0.3333333333333333
HALLMARK_PANCREAS_BETA_CELLS,0.8994127675696154,1,0.2352616393266661,0.6547956674556072,4747,15,DPP4;MAFB;LMO2,D_vs_Ctrl,4 hours,NoCPT,DOX,CTRL,2,2,vst_mean_diff,-0,3,0
HALLMARK_PEROXISOME,0.7959112353660668,1,0.2017658599309473,0.8334206310363849,4554,87,FABP6;PEX6;TSPO;CTBP1;CLN8;HSD3B7;ABCD1;PEX5;HRAS;PEX11B;EPHX2;BCL10;FIS1;ACOT8;ERCC1;SIAH1;NUDT19;ABCC5;CRABP2;CRAT;CTPS1;SLC35B2;MLYCD;ABCB9,D_vs_Ctrl,4 hours,NoCPT,DOX,CTRL,2,2,vst_mean_diff,-0,24,0.08333333333333333
HALLMARK_PI3K_AKT_MTOR_SIGNALING,0.990271021542738,1,0.15698622298469686,0.6531673982513441,5699,91,PAK4;SQSTM1;TRIB3;AKT1S1;GRK2;ECSIT;E2F1;PPP1CA;HRAS;CFL1;TRAF2;MKNK2;CDKN1A;NFKBIB;MAP2K3;TSC2;MAPK10;SFN;AKT1;RPS6KA1,D_vs_Ctrl,4 hours,NoCPT,DOX,CTRL,2,2,vst_mean_diff,-0,20,0.3
HALLMARK_PROTEIN_SECRETION,0.017136150234741784,0.08200871898054997,-0.33036974176848993,-1.4435634556707226,72,95,SNX2;DST;TSG101;CAV2;USO1;ICA1;DOP1A;RAB5A;NAPG;LMAN1;GOLGA4;SNAP23;RAB2A;COPB2;TOM1L1;EGFR;VAMP4;TMED2;SEC31A;ARFGAP3;CLCN3;GLA;AP3B1;RPS6KA3;SOD1;ARFGEF1;ARCN1;DNM1L;SCRN1;SEC24D;BNIP3;SEC22B;VPS45;LAMP2;CD63;SGMS1;VPS4B;ADAM10;RAB9A;VAMP7;TPD52;AP3S1;SCAMP1;TMX1;SSPN;AP1G1;ZW10;COPB1;MON2;STAM;ANP32E;M6PR;OCRL,D_vs_Ctrl,4 hours,NoCPT,DOX,CTRL,2,2,vst_mean_diff,1.0861399719596747,53,0.39622641509433965
HALLMARK_REACTIVE_OXYGEN_SPECIES_PATHWAY,0.5576573299381593,1,0.25785955845127334,0.942916078334795,3065,46,GPX4;SBNO2;PTPA;GSR;FTL;JUNB;TXNRD2;PRDX2;SELENOS;FES;EGLN2;PRDX4;STK25;ABCC1;PDLIM1;HHEX;ERCC2,D_vs_Ctrl,4 hours,NoCPT,DOX,CTRL,2,2,vst_mean_diff,-0,17,0.4117647058823529
HALLMARK_TGF_BETA_SIGNALING,0.859794557577942,1,0.20456130892753446,0.7699425759639049,4770,53,ID3;TGFB1;SMAD6;SMAD7;ID1;BMP2;PPP1CA;JUNB;RHOA;CDKN1C;FURIN,D_vs_Ctrl,4 hours,NoCPT,DOX,CTRL,2,2,vst_mean_diff,-0,11,0.2727272727272727
HALLMARK_TNFA_SIGNALING_VIA_NFKB,0.4876923076923077,1,-0.20330044414648893,-0.9836736838060182,1901,183,CCL20;CXCL11;MYC;IL7R;CXCL1;CLCF1;VEGFA;BCL2A1;ICAM1;PDE4B;INHBA;SERPINE1;TNFAIP6;BIRC3;CD44;F3;TNC;TNFAIP8;IL6ST;TLR2;BHLHE40;NFIL3;PTX3;NAMPT,D_vs_Ctrl,4 hours,NoCPT,DOX,CTRL,2,2,vst_mean_diff,-0,24,0.25
HALLMARK_UNFOLDED_PROTEIN_RESPONSE,0.810671256454389,1,0.19605689399111448,0.838478227020042,4709,107,CHAC1;CEBPB;WFS1;SLC1A4;ARFGAP1;EDC4;ATF3;EXOSC4;SLC7A5;NHP2;ATP6V0D1;EIF4EBP1;LSM4;ZBTB17;TATDN2;CXXC1;IMP3;PREB;EIF4A3;XBP1;GEMIN4,D_vs_Ctrl,4 hours,NoCPT,DOX,CTRL,2,2,vst_mean_diff,-0,21,0.14285714285714285
HALLMARK_UV_RESPONSE_DN,0.05528494885533366,0.17638531301463597,-0.28151845598335384,-1.2937258082074583,226,128,MYC;TFPI;INPP4B;SERPINE1;F3;ARHGEF9;GCNT1;PHF3;HAS2;MRPS31;BHLHE40;VLDLR;DAB2;FYN;ICA1;TJP1;MIOS;NIPBL;DLG1;MAP1B;PLCB4;CAV1;PLPP3;PIK3CD;ATRX;PPARG;AKT3;PRKCA;MT1E;AGGF1;DLC1;SFMBT1;ATXN1;MET;ANXA2;PEX14;APBB2;ATP2B1;ADD3;PRKCE;CDKN1B;RND3;SNAI2;TGFBR3;LDLR;ADGRL2;PRDM2;NFIB;ATP2B4;BCKDHB;ANXA4;ATRN;PTEN;DDAH1;PTPN21;PDLIM5,D_vs_Ctrl,4 hours,NoCPT,DOX,CTRL,2,2,vst_mean_diff,0.7535375798745432,56,0.2857142857142857
HALLMARK_UV_RESPONSE_UP,0.0722465476591445,0.21045733448533396,0.2871942341777579,1.2722540678878917,428,135,TST;DGAT1;NPTXR;AP2S1;GRINA;MRPL23;CLCN2;SQSTM1;MGAT1;STARD3;ATF3;SLC6A8;HYAL2;WIZ;SELENOW;CCND3;BTG2;TAP1;MARK2;BMP2;NKX2-5;SPR;JUNB;BTG1;NXF1;ALDOA;CDC34;GAL;DNAJB1;CDKN1C;FGF18;FURIN;CNP;NR4A1;POLR2H,D_vs_Ctrl,4 hours,NoCPT,DOX,CTRL,2,2,vst_mean_diff,0.676835934392068,35,0.17142857142857143
HALLMARK_WNT_BETA_CATENIN_SIGNALING,0.7726361814538167,1,0.23673936999449294,0.8067810903823344,4240,33,JAG2;NOTCH1;FRAT1;KAT2A;PSEN2;FZD8;FZD1;HDAC5;AXIN1,D_vs_Ctrl,4 hours,NoCPT,DOX,CTRL,2,2,vst_mean_diff,-0,9,0.1111111111111111
HALLMARK_XENOBIOTIC_METABOLISM,0.8270414102777316,1,0.1876035680245025,0.8465407197922791,4972,153,PEMT;RBP4;PMM1;BCAR1;PSMB10;ACOX2;SPINT2;GSTM4;DDAH2;GSR;ACP2;ACSM1;DCXR;ACOX3;HGFAC;FBP1;DDT;TKFC;FBLN1;SMOX;SLC1A5;PTGES;BLVRB;ALDH2;GSTO1;SERTAD1;PINK1;JUP;NDRG2;TMBIM6;SLC12A4;ARG2;COMT;LEAP2;MCCC2;PROS1;PC;HES6;CYP27A1;MAN1A1;ECH1;TPST1;IGFBP4;ASL,D_vs_Ctrl,4 hours,NoCPT,DOX,CTRL,2,2,vst_mean_diff,-0,44,0.1590909090909091
PID_MYC_ACTIV_PATHWAY,0.3962869585147834,0.9833787489070551,-0.24662042099832004,-1.0276981251240165,1728,74,MYC;BCAT1;TAF9;PDCD10;RPL11;PRDX3;KAT5;TAF4B;NPM1;LDHA;RUVBL2;NBN;FOSL1;NME1;DDX18;GAPDH;SERPINI1;RIOX2;ACTL6A;EIF2S1;RCC1;EIF4E;IREB2;TAF12;SUPT7L;PIM1;CCNB1;HSP90AA1;CREBBP;SHMT1;NME2;HUWE1;BMI1;HSPA4;CDCA7;NDUFAF2;SLC2A1,D_vs_Ctrl,4 hours,NoCPT,DOX,CTRL,2,2,vst_mean_diff,0.007279181171058445,37,0.43243243243243246
REACTOME_ACTIVATION_OF_ATR_IN_RESPONSE_TO_REPLICATION_STRESS,2.2202486678507994e-4,0.004562789430672841,-0.564356843003269,-2.0294126843230322,0,37,CLSPN;MCM10;RFC3;DBF4;CDC7;ORC5;ORC6;CHEK1;ATR;MCM8;MCM5;ORC3;RFC4;RFC5;RPA3;RAD17;ORC4;CDC6;RPA1,D_vs_Ctrl,4 hours,NoCPT,DOX,CTRL,2,2,vst_mean_diff,2.340769573131123,19,0
REACTOME_CELL_CYCLE_CHECKPOINTS,2.7240533914464724e-4,0.004562789430672841,-0.4141192159940002,-2.078274215828579,0,241,ITGB3BP;CENPE;BUB1;BUB1B;KNL1;NUF2;SGO1;CCNE2;ZWILCH;SGO2;ANAPC10;CENPK;UBE2E1;BRIP1;NDC80;PSMA4;CLSPN;CENPF;MCM10;PSMA6;PSMD14;PSMB7;BRCA1;CENPC;KIF18A;PSMC2;RFC3;CDCA8;PSMD6;RPS27;CDC27;PSMD7;SPC25;CENPN;ABRAXAS1;DBF4;PSMD8;CDC7;MAD2L1;NSL1;DNA2;SKA1;CLIP1;ORC5;EXO1;ANAPC16;ORC6;KNTC1;CENPI;BLM;CENPU;KAT5;ATM;PPP2CB;CHEK1;ATR;BRCC3;PSMA2;PSMD12;MCM8;MCM5;GTSE1;RBBP8;RANBP2;KIF2C;ORC3;TOPBP1;RFC4;UBE2V2;CCNA2;RFC5;RAD50;RPA3;ANAPC4;RAD17;NUP107;SPDL1;ORC4;XPO1;CCNA1;CKAP5;CCNB2;PSMC3;TAOK1;CDC6;KIF2A;UIMC1;MRE11;NBN;CCNE1;DYNLL1;PSMD3;SEM1;AHCTF1;RPA1;PLK1;ANAPC7;ZWINT;MIS12;CDKN1B;CDC20;CENPO;YWHAE;SKA2;DYNC1I2;NUP98;PPP2R5E;PSMD11;ORC1;INCENP;NUP37;UBA52;UBE2N;BABAM2;PSMD1;TP53BP1;CENPH;ANAPC15,D_vs_Ctrl,4 hours,NoCPT,DOX,CTRL,2,2,vst_mean_diff,2.340769573131123,118,0.13559322033898305
REACTOME_GLUCOSE_METABOLISM,0.9743589743589743,1,-0.16527962147289862,-0.6807462005492538,4331,69,ALDOC;NUP54;TPR;NUP35;NUP214;PPP2CB;NUP42;RANBP2;PFKP;PGK1;NUP107;NUP58;GAPDH;NUP98;NDC1;NUP37;PRKACA;GNPDA2;SEH1L;ENO2;BPGM;NUP88;NUP85;GPI;NUP160;NUP205;PGM2L1;PKM;SLC37A1,D_vs_Ctrl,4 hours,NoCPT,DOX,CTRL,2,2,vst_mean_diff,-0,29,0.27586206896551724
REACTOME_MITOCHONDRIAL_TRANSLATION,0.9998260869565218,1,0.12478506422174585,0.5213270448845843,5748,93,MRPL12;MRPS34;MRPL41;MRPL23;MRPL55;AURKAIP1;MRPS16;MRPL4;GADD45GIP1;MRPL38;MRPS26;MRPS12;MRPL37;MRPL30;MRPS24;MRPL51;MRPL2;MRPL54;TUFM;MRPL52;MRPS18B;MRPL16;MRPS2;MRPL28;MRPL53;MRPL1;MRPL57;MRPS30;MRPL44,D_vs_Ctrl,4 hours,NoCPT,DOX,CTRL,2,2,vst_mean_diff,-0,29,0.034482758620689655
REACTOME_MRNA_SPLICING,0.006612007405448294,0.04089891704912844,-0.28571220435488115,-1.4092114611514737,24,210,SRSF12;SNRPG;CWC22;POLR2K;MAGOHB;CWF19L2;DNAJC8;LSM3;PPIL4;CDC5L;UPF3B;NSRP1;YBX1;DDX41;RBM7;PPWD1;SF3B6;PRPF40A;SNW1;PPIL3;WBP4;ISY1;MFAP1;CWC27;ZCRB1;PLRG1;AQR;MAGOH;HNRNPD;BUD13;GCFC2;RBMX2;HSPA8;SNRPB2;PPIE;SRRM1;RBM5;PRPF3;RBM22;CWC15;HNRNPC;HNRNPR;SNRNP48;HNRNPF;IK;PPP1R8;PPIL1;SNRPE;SRSF10;MTREX;SRSF11;DDX46;SLU7;PPIG;HNRNPK;PPIL2;CCAR1;FAM32A;WBP11;U2SURP;HNRNPH2;LSM5;NCBP2;POLR2C;SF3B4;SUGP1;HNRNPH1;SAP18;DDX42;GTF2F1;SNRNP25;FUS;RBM39;PNN;SMU1;SNRPD2;SRSF7;U2AF1;TRA2B;SYF2;DHX9;SF3A3;TCERG1;PCBP2;PRPF19;CWC25;SNU13;CRNKL1;DHX8;SRRT;POLR2B;HNRNPA1;PHF5A,D_vs_Ctrl,4 hours,NoCPT,DOX,CTRL,2,2,vst_mean_diff,1.3882881914013225,93,0.24731182795698925
WP_ADIPOGENESIS,0.05316761608838253,0.17638531301463597,0.31324188183810153,1.3330277701592812,307,104,EGR2;SOCS1;ID3;TGFB1;CEBPB;TNF;PLIN2;SOCS3;AGPAT2;SREBF1;GATA2;LIF;TRIB3;BMP4;CEBPD;DVL1;CFD;E2F1;MEF2D;BMP2;RXRA;FOXC2;WNT10B;NR1H3;PCK2;FZD1;CDKN1A,D_vs_Ctrl,4 hours,NoCPT,DOX,CTRL,2,2,vst_mean_diff,0.7535375798745432,27,0.1111111111111111
WP_AMINO_ACID_METABOLISM,0.7895968322534197,1,0.20850063285929007,0.8258232289939491,4386,69,CBS;ACSS1;MPST;SRM;CAD;HMGCS2;GSR;MARS2;GOT1,D_vs_Ctrl,4 hours,NoCPT,DOX,CTRL,2,2,vst_mean_diff,-0,9,0.2222222222222222
WP_APOPTOSIS,0.856965834661002,1,0.19543697121518128,0.7911021867503127,4840,78,TNFRSF25;TNF;TRADD;BAD;BOK;TP73;DFFB;IRF3;NFKBIE;TRAF2;BCL2L1;TRAF3;IRF6;NFKBIB;BBC3;BCL2L2;MAPK10;AKT1;IKBKG;IRF7,D_vs_Ctrl,4 hours,NoCPT,DOX,CTRL,2,2,vst_mean_diff,-0,20,0.05
WP_APOPTOSIS_MODULATION_AND_SIGNALING,0.7215368346845259,1,0.21219690289348417,0.8658318896400273,4093,81,TNFRSF25;ENDOG;PIDD1;TRADD;BAD;BOK;TOLLIP;BMF;TNFRSF10C;BIK;DFFB;IRAK1;BCL2L1;TRAF3;BBC3;BCL2L2,D_vs_Ctrl,4 hours,NoCPT,DOX,CTRL,2,2,vst_mean_diff,-0,16,0.0625
WP_CELL_CYCLE,0.024729891956782712,0.10812793427230047,-0.30615580645479257,-1.3797676174425928,102,115,MYC;BUB1;CCNE2;ANAPC10;TGFB2;CCNH;TGFB3;RBX1;CDC27;RBL1;DBF4;CDC7;SMC1A;STAG2;ORC5;ORC6;ATM;CDKN2D;CHEK1;ATR;MCM5;SMAD2;RAD21;ORC3;CCNA2;ANAPC4;STAG1;ORC4;CCNA1;CUL1;CCNB2;CDC6;TTK;RB1;PTTG1;CCNE1;PLK1;GSK3B;ANAPC7;CDKN1B;CDC20;SMC3;YWHAE,D_vs_Ctrl,4 hours,NoCPT,DOX,CTRL,2,2,vst_mean_diff,0.9660620938995922,43,0.18604651162790697
WP_DNA_REPLICATION,0.006688963210702341,0.04089891704912844,-0.4560736866404117,-1.688979950451708,29,42,RPA4;PRIM1;MCM10;RFC3;DBF4;CDC7;POLE2;ORC5;ORC6;MCM5;POLA1;ORC3;RFC4;RFC5;RPA3;ORC4;CDC6;RFC1;RPA1,D_vs_Ctrl,4 hours,NoCPT,DOX,CTRL,2,2,vst_mean_diff,1.3882881914013225,19,0
WP_ELECTRON_TRANSPORT_CHAIN_OXPHOS_SYSTEM_IN_MITOCHONDRIA,0.9764787270840539,1,0.16333463659084357,0.6941522412818628,5645,103,ATP5F1D;NDUFS6;MT-ND6;UQCR11;COX17;NDUFS7;MT-ND3;SURF1;NDUFC2;NDUFS5;MT-ATP8;NDUFB2;NDUFV1;NDUFA11;NDUFB7;NDUFS8;UQCRFS1;NDUFB9;NDUFC1;NDUFB8;COX8A;NDUFB1;SDHA;NDUFA2;COX7A1;SCO1;COX4I1;NDUFS3;UQCRC1;MT-ND2;ATP5F1B;DMAC2L,D_vs_Ctrl,4 hours,NoCPT,DOX,CTRL,2,2,vst_mean_diff,-0,32,0.34375
WP_PROTEASOME_DEGRADATION,0.5520017893088794,1,-0.23888206293626071,-0.9466419838651623,2467,57,PSMA4;PSMA6;PSMB7;PSMC2;PSMD6;PSMD7;NEDD4;PSMD8;PSMA2;PSMD12;UBE2B;PSMC3;PSMD3;PSMB9,D_vs_Ctrl,4 hours,NoCPT,DOX,CTRL,2,2,vst_mean_diff,-0,14,0.07142857142857142
WP_PYRIMIDINE_METABOLISM,0.6964000709345629,1,0.2188095106523042,0.8776794853768296,3926,74,TYMP;NME3;CAD;UCK1;POLD1;POLR2A;POLR3H;POLR3K;POLD4;POLR2G;POLR2I;DCTPP1;POLR2H;DUT;NT5C;POLA2;POLE4;POLR2D;CTPS1;DTYMK;POLD2;DCTD;NME4,D_vs_Ctrl,4 hours,NoCPT,DOX,CTRL,2,2,vst_mean_diff,-0,23,0.13043478260869565
WP_RAS_SIGNALING,0.9530358939953036,1,0.16985497263251786,0.7594908253675209,5681,143,RAC3;PLA2G2A;MAP2K2;FGFR1;PLA2G6;RGL2;PAK4;BAD;CALML6;RASAL1;PAK6;PLCG2;PLA2G4B;RIN1;GNB2;RASA4;HRAS;RHOA;RASSF1;BCL2L1;MRAS;PIK3R2;RASSF5;GRIN1;MAPK10;ELK1;AKT1;IKBKG;GAB2,D_vs_Ctrl,4 hours,NoCPT,DOX,CTRL,2,2,vst_mean_diff,-0,29,0.13793103448275862
GOBP_MITOCHONDRIAL_GENE_EXPRESSION,1,1,-0.09445530052326165,-0.41602749148394746,3570,167,MTERF2;CHCHD10;CHCHD1;MRPL41;MRPS14;UQCC2;MRPS33;TRMT10C;MRPL36;MRPL46;GFM2;MRPL40;NSUN3;HSD17B10;MTRES1;MTIF3;PRKAA1;MRPS21;NGRN;WARS2;MRPL53;MRPS17;MRPL50;MRPL14;MPV17L2;MRPL12;MRPL30;MRPS28;MRPL19;GATC;TRUB2;MRPL57;MRPL16;MRPS27;OXA1L;MRPL54;MTERF4;DAP3;MRPL34;MRPL49;COA3;MRPL42;MRPS7;MRPL10,D_vs_Ctrl,24 hours,NoCPT,DOX,CTRL,2,2,vst_mean_diff,-0,44,0.045454545454545456
GOBP_MITOCHONDRIAL_RESPIRATORY_CHAIN_COMPLEX_ASSEMBLY,0.0036429872495446266,0.012204007285974499,-0.3872813629516152,-1.5686220358511587,13,96,SURF1;NDUFAF3;SDHAF4;HIGD2A;COX7A2L;COX14;MT-ND1;NDUFA13;COX16;UQCC2;IMMP2L;COA5;RAB5IF;DMAC1;SDHAF3;LYRM2;NDUFC2;MT-ND5;COA4;COX7A2;TTC19;MT-ND6;MT-ND2;PET100;SMIM20;TMEM186;ATPAF1;FXN;TMEM223;COX18;SDHAF1;NDUFAF8;SCO1;SDHAF2;NDUFS1;UQCRFS1;NDUFB2;HIGD2B;NDUFS5;OXA1L;STMP1;COA3;NDUFS7;CHCHD7;NDUFS3;NDUFA6;NDUFB3;UQCC3;NDUFS8;TFAM;HIGD1A,D_vs_Ctrl,24 hours,NoCPT,DOX,CTRL,2,2,vst_mean_diff,1.9134975417492655,51,0.1568627450980392
GOBP_MITOCHONDRIAL_TRANSLATION,1,1,-0.13408556761888124,-0.5705581604186793,3717,129,CHCHD1;MRPL41;MRPS14;UQCC2;MRPS33;TRMT10C;MRPL36;MRPL46;GFM2;MRPL40;NSUN3;MTIF3;MRPS21;NGRN;WARS2;MRPL53;MRPS17;MRPL50;MRPL14;MPV17L2;MRPL12;MRPL30;MRPS28;MRPL19;GATC;TRUB2;MRPL57;MRPL16;MRPS27;OXA1L;MRPL54;DAP3;MRPL34;MRPL49;COA3;MRPL42;MRPS7;MRPL10;MRPS18A,D_vs_Ctrl,24 hours,NoCPT,DOX,CTRL,2,2,vst_mean_diff,-0,39,0.05128205128205128
GOMF_HEAT_SHOCK_PROTEIN_BINDING,0.586380498145204,0.7015623817094405,-0.22612226752057157,-0.9447773760177068,2212,115,HSPA6;HSPA1A;SNCA;HSPA5;HSPA1B;DNAJB9;FICD;GUCY1B1;ADORA1;DNAJA1;GBP1;HSPA2;AHR;BCOR;HIF1A;PRKN;EEF1AKMT3;METTL23;DNAJC18;ST13;ETFBKMT;CDK5;ITGB2,D_vs_Ctrl,24 hours,NoCPT,DOX,CTRL,2,2,vst_mean_diff,0.1539337062070286,23,0.30434782608695654
GOMF_RNA_ENDONUCLEASE_ACTIVITY,0.9789267336437147,1,-0.17614892383408637,-0.6674116924477012,3994,66,ERN2;RNASEL;NYNRIN;RNASET2;SND1;NUDT12;TSEN34;RPP25;ZC3H12D;NUDT16;ZC3H12A;ELAC1;NUDT16L1;ENDOG;PIWIL2;LACTB2;RNASEK;ERN1,D_vs_Ctrl,24 hours,NoCPT,DOX,CTRL,2,2,vst_mean_diff,-0,18,0.05555555555555555
HALLMARK_ADIPOGENESIS,0.11382344592676696,0.20611272640792935,-0.26328941280324897,-1.1782507125233568,400,186,REEP6;SNCG;SLC66A3;SLC27A1;CD36;DNAJB9;ACADM;CMPK1;IDH1;RNF11;TST;BCKDHA;G3BP2;GPX4;UQCR11;PFKFB3;C3;PHYH;SSPN;CAT;CHCHD10;ALDH2;SORBS1;SDHC;RTN3;DBT;LTC4S;LIPE;CRAT;SCP2;ACOX1;ECH1;OMD;SUCLG1;CPT2;CD302;FZD4;ACADS;DRAM2;SLC25A1;RMDN3;IDH3G,D_vs_Ctrl,24 hours,NoCPT,DOX,CTRL,2,2,vst_mean_diff,0.6858951919272288,42,0.16666666666666666
HALLMARK_ANDROGEN_RESPONSE,2.6041666666666666e-4,0.0017447462305669123,-0.4431581332013449,-1.7905342638025297,0,95,STEAP4;SPDEF;HMGCS1;IDI1;KRT19;NDRG1;AZGP1;SEC24D;NKX3-1;SAT1;HPGD;INSIG1;DNAJB9;MAF;PMEPA1;HMGCR;GPD1L;SPCS3;DHCR24;PLPP1;B4GALT1;MAK;HOMER2;CDK6;PGM3;NCOA4;UBE2J1;SRP19;TNFAIP8;PDLIM5;RAB4A,D_vs_Ctrl,24 hours,NoCPT,DOX,CTRL,2,2,vst_mean_diff,2.7582677312715775,31,0.41935483870967744
HALLMARK_ANGIOGENESIS,0.47662384011420417,0.6261528879931701,0.3395715600425484,0.9796553619850801,2670,23,NRP1;VCAN;THBD;LPL;TIMP1;JAG2,D_vs_Ctrl,24 hours,NoCPT,DOX,CTRL,2,2,vst_mean_diff,0.20331961198947407,6,0
HALLMARK_APICAL_JUNCTION,0.00485512920908379,0.01478607531857336,0.36326991144862075,1.4882669987813435,30,156,CALB2;DSC3;TSPAN4;ADRA1B;AMH;WNK4;LAMA3;PKD1;CLDN15;VCAN;CDH4;COL17A1;EPB41L2;GRB7;ITGA10;EGFR;ICAM5;SLIT2;TUBG1;LAMC2;ITGA3;PECAM1;NEXN;BMP1;ITGB4;BAIAP2;MAP3K20;CLDN9;DHX16;TSC1;FSCN1;TGFBI;THBS3;HRAS;CD276,D_vs_Ctrl,24 hours,NoCPT,DOX,CTRL,2,2,vst_mean_diff,1.8301470858865412,35,0.22857142857142856
HALLMARK_APICAL_SURFACE,0.2786206896551724,0.4148352490421456,-0.34547137235912057,-1.1209817269254865,1211,32,IL2RG;CX3CL1;TMEM8B;SLC2A4;GATA3;HSPB1;B4GALT1;APP;PLAUR;ATP8B1,D_vs_Ctrl,24 hours,NoCPT,DOX,CTRL,2,2,vst_mean_diff,0.3821243481988872,10,0.3
HALLMARK_APOPTOSIS,0.17874015748031497,0.28513310836145483,0.2861308662232782,1.157541538112505,1134,140,CDC25B;TOP2A;HMGB2;IGFBP6;BIRC3;TGFBR3;CAV1;GADD45A;CCNA1;WEE1;BRCA1;BMP2;EMP1;LMNA;FDXR;ANXA1;SLC20A1;GADD45B;MCL1;TIMP1;AIFM3;KRT18;IL1A;FAS;RETSAT;PLAT,D_vs_Ctrl,24 hours,NoCPT,DOX,CTRL,2,2,vst_mean_diff,0.5449523514599082,26,0.3076923076923077
HALLMARK_CHOLESTEROL_HOMEOSTASIS,0.003969238402381543,0.012663760617122067,-0.426245802721392,-1.6257440403283419,15,69,HMGCS1;ALDOC;IDI1;SQLE;CXCL16;TM7SF2;PDK3;CYP51A1;FDFT1;SC5D;ACAT2;STARD4;HMGCR;TP53INP1;SEMA3B;LGALS3,D_vs_Ctrl,24 hours,NoCPT,DOX,CTRL,2,2,vst_mean_diff,1.897437307530219,16,0.4375
HALLMARK_COAGULATION,0.02729591836734694,0.0609608843537415,-0.3519809842240035,-1.4142611443701159,106,90,CTSO;SERPINB2;HMGCS2;CFB;CTSH;CFH;CAPN5;TIMP3;FGG;TF;CFD;PLAU;MSRB2;CPQ;FN1;CRIP2;PDGFB;C3;C2,D_vs_Ctrl,24 hours,NoCPT,DOX,CTRL,2,2,vst_mean_diff,1.2149487413540836,19,0.10526315789473684
HALLMARK_COMPLEMENT,5.547850208044383e-4,0.0028592766456844126,-0.40058831400043177,-1.7480836901390884,1,157,S100A9;CP;LTF;CTSO;SERPINB2;CFB;CXCL1;CTSH;CFH;CTSS;HSPA1A;PSMB9;APOBEC3F;IRF1;PHEX;HSPA5;RASGRP1;CD36;CPQ;FN1;CASP1;GATA3;CASP7;LGALS3;PDGFB;CASP3;C3;C2;PRKCD;CASP4;CD59;CCL5;F8;CPM;CASP10;PLA2G7,D_vs_Ctrl,24 hours,NoCPT,DOX,CTRL,2,2,vst_mean_diff,2.543743822997477,36,0.19444444444444445
HALLMARK_DNA_REPAIR,0.6827822832189644,0.7887312582012175,0.2217231167669708,0.9029834524456725,4377,147,ARL6IP1;ZWINT;TYMS;PRIM1;RFC4;LIG1;RFC3;RAD51;NPR2;POLD1;DDB2;POLH;RAD52;TAF1C;POLA1;SSRP1;RPA3;BRF2;SNAPC4;NELFCD;AAAS;ELL;NELFB;POLR2A;SF3A3;POLR3C;SUPT5H;GTF3C5;REV3L,D_vs_Ctrl,24 hours,NoCPT,DOX,CTRL,2,2,vst_mean_diff,0.10307094731230522,29,0.10344827586206896
HALLMARK_E2F_TARGETS,1.5353907569476432e-4,0.0017447462305669123,0.761125472649881,3.2137941980740914,0,197,CDC25B;CDC20;TOP2A;CIT;SPAG5;KIF4A;KIF18B;HMMR;KIF2C;AURKB;DLGAP5;DEPDC1;MKI67;PLK1;CENPE;AURKA;CDCA3;ESPL1;CDCA8;CCNB2;TACC3;PTTG1;BUB1B;BIRC5;MXD3;CDKN3;STMN1;DIAPH3;CDK1;NCAPD2;SPC24;RACGAP1;HMGB2;UBE2S;MELK;PLK4;CKS2;MYC;CDKN2C;DSCC1;KPNA2;BRCA2;SUV39H1;SPC25;DDX39A;SMC4;KIF22;GINS4;WEE1;TIMELESS;WDR90;MYBL2;TK1;TUBB;RAD51AP1;LMNB1;TRIP13;EZH2;POLE;MAD2L1;BRCA1;RRM2;HMGB3;CENPM;CKS1B;TCF19;ANP32E;RNASEH2A;LIG1;CHEK2;CSE1L;RFC3;PAN2;MTHFD2;TMPO;E2F8;STAG1;ATAD2;PRIM2;TUBG1;MCM7;RAD21;ASF1B;LBR;POLD1;MCM4;UBE2T;PRKDC;NUP205;DCK;SMC1A;EXOSC8;ORC6;DNMT1;RAD51C;MRE11;CHEK1;MMS22L;GINS1;SSRP1,D_vs_Ctrl,24 hours,NoCPT,DOX,CTRL,2,2,vst_mean_diff,2.7582677312715775,100,0.14
HALLMARK_EPITHELIAL_MESENCHYMAL_TRANSITION,0.01077788191190253,0.029926666666666667,0.35521852270211207,1.4502535364464295,68,151,SNAI2;ECM1;SERPINE1;NNMT;FLNA;EMP3;SPOCK1;AREG;LAMA3;TGFBR3;GADD45A;THBS1;VCAN;ECM2;FSTL3;TAGLN;GAS1;OXTR;COL7A1;FBN2;FAP;FOXC2;COL4A2;SLIT2;LAMC2;MCM7;GADD45B;ITGB5;BMP1;LOXL2;PLOD3;CDH2;TNC;ITGA5;TIMP1;LOX;SCG2;PCOLCE;TGFBI;FAS,D_vs_Ctrl,24 hours,NoCPT,DOX,CTRL,2,2,vst_mean_diff,1.5239416536540284,40,0.125
HALLMARK_ESTROGEN_RESPONSE_EARLY,0.17026043125175022,0.2782304608260308,-0.25429948724136925,-1.1347061213423184,607,181,TGM2;XBP1;ANXA9;SYNGR1;KCNK15;DHRS3;TTC39A;KRT19;PLAAT3;TMPRSS3;ALDH3B1;RETREG1;FOXC1;CISH;BAG1;RASGRP1;FDFT1;PAPSS2;WFS1;P2RY2;HES1;SEMA3B;UGCG;FCMR;UNC119;CA12;ADD3;ENDOD1;ABLIM1;AQP3;BLVRB;B4GALT1;MSMB;TPBG;PEX11A;TPD52L1;SLC1A1;FARP1;NRIP1,D_vs_Ctrl,24 hours,NoCPT,DOX,CTRL,2,2,vst_mean_diff,0.555595324938956,39,0.2564102564102564
HALLMARK_ESTROGEN_RESPONSE_LATE,0.019284603421461897,0.0461453010442124,0.33227497138082096,1.3817063048633573,123,173,CDC20;TOP2A;KIF20A;DHRS2;ACOX2;SGK1;PLK4;AREG;NMU;GJB3;CAV1;FKBP5;CHPT1;CCNA1;KLF4;GAL;FOS;HR;SLC1A4;STIL;KCNK5;CA2;RNASEH2A;SERPINA1;SLC26A2;PLXNB1;LAMC2;MYB;OVOL2;TIAM1;ALDH3A2;GLA;ZFP36;DLG5;TRIM29;RPS6KA2;XRCC3,D_vs_Ctrl,24 hours,NoCPT,DOX,CTRL,2,2,vst_mean_diff,1.3358725164033798,37,0.21621621621621623
HALLMARK_FATTY_ACID_METABOLISM,0.013417305585980284,0.03329479534298811,-0.3279326386963179,-1.4094994047057616,48,140,HMGCS1;HMGCS2;UBE2L6;TP53INP2;REEP6;IDI1;G0S2;ACSL5;HPGD;ACOT2;ALDH1A1;CD36;HCCS;ACAT2;ACADM;GPD1;IDH1;ALAD;BCKDHB;PSME1;RDH11;BPHL;DHCR24;SDHC;LTC4S;CRAT;MCEE;ACOX1;ECH1;SUCLG1;CPT2;XIST;HMGCL;ACADS;ACOT8;HSD17B4;MLYCD;IDH3G;OSTC;NSDHL;EPHX1,D_vs_Ctrl,24 hours,NoCPT,DOX,CTRL,2,2,vst_mean_diff,1.4776236502919087,41,0.17073170731707318
HALLMARK_G2M_CHECKPOINT,1.5422578655151142e-4,0.0017447462305669123,0.7489886177082861,3.154223965136185,0,194,MT2A;TROAP;CDC25B;CDC20;TOP2A;NEK2;CENPF;KIF4A;HMMR;KIF2C;AURKB;KNL1;MKI67;PLK1;CENPE;CENPA;BUB1;AURKA;UBE2C;ESPL1;PRC1;TTK;NUSAP1;NDC80;TPX2;KIF23;CCNB2;TACC3;CCNA2;KIF20B;PTTG1;PBK;CCNF;BIRC5;CDKN3;STMN1;KIF15;CDK1;KIF11;TRAIP;RACGAP1;UBE2S;INCENP;PLK4;CKS2;MYC;CDKN2C;ODF2;POLQ;KPNA2;BRCA2;SUV39H1;DDX39A;SMC4;KIF22;MYBL2;DTYMK;RAD54L;SMC2;NSD2;LMNB1;E2F2;HMGN2;EZH2;POLE;STIL;MAD2L1;DBF4;HMGB3;CKS1B;CDC7;TMPO;STAG1;FBXO5;PRIM2;SAP30;RAD21;EXO1;LBR;KATNA1;CDC45;KPNB1;MAP3K20;BUB3;SFPQ;NUP50;SMC1A;ORC6,D_vs_Ctrl,24 hours,NoCPT,DOX,CTRL,2,2,vst_mean_diff,2.7582677312715775,88,0.17045454545454544
HALLMARK_GLYCOLYSIS,0.13140726933830382,0.22575094988888092,0.28611972617123704,1.1917365749381559,845,175,ANGPTL4;HMMR;DEPDC1;KIF20A;CENPA;AURKA;STMN1;CDK1;IRS2;VCAN;ANG;PKP2;EGFR;SAP30;LDHA;G6PD;GUSB;GPR87;PFKP;CLDN9;B3GNT3;ADORA2B;TXN;TGFBI;GOT1;MED24;GCLC;CLN6;SLC37A4,D_vs_Ctrl,24 hours,NoCPT,DOX,CTRL,2,2,vst_mean_diff,0.6463704136362439,29,0.13793103448275862
HALLMARK_HEDGEHOG_SIGNALING,0.23114224137931033,0.3601518644747394,0.410531219404639,1.1937385438807266,1286,24,NRP1;L1CAM;DPYSL2;ETS2;SCG2,D_vs_Ctrl,24 hours,NoCPT,DOX,CTRL,2,2,vst_mean_diff,0.44351433257687906,5,0.2
HALLMARK_HEME_METABOLISM,0.2711724137931035,0.4129216300940439,-0.24550999795206943,-1.0764905455963103,982,162,SELENBP1;PDZK1IP1;BPGM;LMO2;SNCA;NFE2;RAP1GAP;GYPC;TMEM9B;BNIP3L;SLC11A2;ALDH6A1;C3;ALAD;ATG4A;ENDOD1;CAT;RBM38;AQP3;BLVRB;OSBP2;MINPP1;PPP2R5B;SLC22A4;NCOA4;BTG2;FN3K;DMTN;PGLS;TENT5C;NUDT4;GDE1;ELL2;KAT2B;MOSPD1;YPEL5,D_vs_Ctrl,24 hours,NoCPT,DOX,CTRL,2,2,vst_mean_diff,0.38413236686023783,36,0.1388888888888889
HALLMARK_HYPOXIA,0.011791128579449747,0.03038483133935127,-0.31216009448423215,-1.3828703451705573,41,174,PPP1R3C;IGFBP3;TGM2;CP;TMEM45A;ALDOC;GLRX;SELENBP1;FBP1;NDRG1;RRAGD;PLAC8;STC1;LXN;HSPA5;PDK3;TGFB3;CCN2;S100A4;GAA;KDELR3;BNIP3L;GALK1;PRDX5;PDGFB;JUN;IER3;PFKFB3;GPC4;CA12;CCN1;ADM,D_vs_Ctrl,24 hours,NoCPT,DOX,CTRL,2,2,vst_mean_diff,1.5173431699993158,32,0.15625
HALLMARK_IL2_STAT5_SIGNALING,0.059944751381215466,0.11812642183945402,-0.28941094251700095,-1.254231302673989,216,150,TGM2;XBP1;DHRS3;CD83;NDRG1;RRAGD;PHLDA1;CSF1;HOPX;GLIPR2;SLC39A8;CISH;GBP4;PRAF2;NFKBIZ;GUCY1B1;P2RX4;CCNE1;TNFSF10;SH3BGRL2;PTGER2;GPX4;CASP3;AHR;IFITM3;PLPP1;SYNGR2;LIF;IL18R1;FURIN;ETFBKMT;TRAF1;FLT3LG;BHLHE40;PNP,D_vs_Ctrl,24 hours,NoCPT,DOX,CTRL,2,2,vst_mean_diff,0.9276529510260649,35,0.17142857142857143
HALLMARK_IL6_JAK_STAT3_SIGNALING,9.8159509202454e-4,0.00469763365468887,-0.4831924230120318,-1.8039630827950408,3,62,CXCL3;CXCL1;CD14;IL2RG;CSF1;IRF1;IL1R1;TLR2;CD36;JUN;TGFB1;MYD88,D_vs_Ctrl,24 hours,NoCPT,DOX,CTRL,2,2,vst_mean_diff,2.3281208547254444,12,0
HALLMARK_INFLAMMATORY_RESPONSE,0.0019021739130434783,0.008384028954258433,-0.3727820146142531,-1.5949290374393215,6,135,CXCL8;PDE4B;CCL22;TLR3;BST2;CD14;CD82;RNF144B;CSF1;CCL20;IRF1;IL1R1;TLR2;RASGRP1;SRI;CX3CL1;TLR1;P2RX4;INHBA;ACVR2A;P2RY2;TNFSF10;PTGER2;SLC11A2;TAPBP;IRAK2;GCH1;PTAFR;IFITM1;AHR;NMI;ADM;HIF1A;PCDH7;LIF;CCL5;IL18R1;TPBG;ICAM1,D_vs_Ctrl,24 hours,NoCPT,DOX,CTRL,2,2,vst_mean_diff,2.0765472305210175,39,0.10256410256410256
HALLMARK_INTERFERON_ALPHA_RESPONSE,2.560163850486431e-4,0.0017447462305669123,-0.5631865318985664,-2.266221793037549,0,91,CD74;UBE2L6;UBA7;BST2;PSMB9;LPAR6;CSF1;IFIT2;IRF1;IFITM2;RSAD2;BATF2;GBP4;IFI44;IFI44L;ISG15;SAMD9L;CD47;TENT5A;CASP1;NCOA7;TRIM5;PSMB8;DHX58;PSME1;IFITM1;HERC6;NMI;IFITM3;MX1;IFI27;PARP14;DDX60;TRIM21;ISG20;CNP;RTP4;PSME2;TRIM14,D_vs_Ctrl,24 hours,NoCPT,DOX,CTRL,2,2,vst_mean_diff,2.7582677312715775,39,0.07692307692307693
HALLMARK_INTERFERON_GAMMA_RESPONSE,2.7808676307007786e-4,0.0017447462305669123,-0.42542849597815463,-1.8691091771071795,0,164,PTGS2;CD74;CFB;PDE4B;UBE2L6;BST2;CFH;BPGM;PSMB9;PSMB10;APOL6;IFIT2;IRF1;IFITM2;RSAD2;BATF2;SRI;GBP4;IFI44;IFI44L;VAMP5;TNFAIP2;ISG15;SAMD9L;CASP1;TNFSF10;HLA-B;CASP7;PSMB8;TAPBP;AUTS2;CASP3;DHX58;GCH1;MYD88;PSME1;HERC6;NMI;SSPN;IFNAR2;IFITM3;MX1;HIF1A;IFIT1;IFI27;CASP4;CCL5;PARP14;DDX60;ICAM1;ST3GAL5;TRIM21;PNP;ISG20;HLA-A;RTP4;PSME2;TRIM14;ISOC1;SECTM1,D_vs_Ctrl,24 hours,NoCPT,DOX,CTRL,2,2,vst_mean_diff,2.7582677312715775,60,0.13333333333333333
HALLMARK_KRAS_SIGNALING_DN,0.0068367078622140415,0.019915627250797426,-0.364361967988785,-1.5113116413950467,25,109,SLC6A14;KRT4;SERPINB2;PTGFR;TGFB2;NR4A2;SYNPO;CLDN16;ATP6V1B1;SLC16A7;RSAD2;SIDT1;IFI44L;SKIL;CLDN8;TCF7L1;COPZ2;GAMT;CAMK1D;IDUA;GPRC5C;SLC25A23;EFHD1;HSD11B2;CCDC106;EGF;THNSL2;TAS2R4;MX1;GDNF;RYR2;NPY4R;PRKN,D_vs_Ctrl,24 hours,NoCPT,DOX,CTRL,2,2,vst_mean_diff,1.700806010757531,33,0.12121212121212122
HALLMARK_KRAS_SIGNALING_UP,0.003064066852367688,0.01080486732150711,-0.34837702159616746,-1.5029027901759744,10,147,PIGR;IGFBP3;PTGS2;CFB;GLRX;ID2;CFH;CTSS;SLPI;G0S2;IL2RG;BPGM;FUCA1;CCL20;VWA5A;GPNMB;IGF2;PLAU;ACE;CAB39L;GYPC;INHBA;SEMA3B;SOX9;SERPINA3;PSMB8;PPBP,D_vs_Ctrl,24 hours,NoCPT,DOX,CTRL,2,2,vst_mean_diff,1.9663805616720966,27,0.2222222222222222
HALLMARK_MITOTIC_SPINDLE,1.5360983102918587e-4,0.0017447462305669123,0.6211918927083556,2.624203751660999,0,198,PIF1;ANLN;TOP2A;NEK2;CENPF;KIF4A;KIF2C;DLGAP5;PLK1;CENPE;BUB1;AURKA;ESPL1;PRC1;TTK;NUSAP1;NDC80;TPX2;KIF23;CCNB2;KIF20B;BIRC5;KIF15;CDK1;FLNA;KIF11;RACGAP1;INCENP;ECT2;CNTRL;CENPJ;BRCA2;SMC4;KIF22;PCNT;KNTC1;CKAP5;CNTROB;CEP250;LMNB1;EPB41L2;CCDC88A;TBCD;SASS6;TRIO;FBXO5;CDK5RAP2;CEP131;KATNA1;TIAM1;TUBGCP6;ATG4B;ARHGAP10;FGD4;TSC1;DYNC1H1;SMC1A;KLC1;CEP72;FSCN1;FLNB;CYTH2;CEP192;ALMS1;WASF2,D_vs_Ctrl,24 hours,NoCPT,DOX,CTRL,2,2,vst_mean_diff,2.7582677312715775,65,0.16923076923076924
HALLMARK_MTORC1_SIGNALING,0.13016234690971235,0.22575094988888092,-0.25914804174876205,-1.1632853803380352,456,191,XBP1;HMGCS1;GLRX;SYTL2;IDI1;BCAT1;SQLE;STC1;TM7SF2;HSPA5;INSIG1;CYP51A1;SC5D;RIT1;STARD4;EGLN3;HMGCR;SERP1;IDH1;SDF2L1;PIK3R3;UNG;SERPINH1;ADD3;RDH11;RAB1A;SSR1;DHCR24,D_vs_Ctrl,24 hours,NoCPT,DOX,CTRL,2,2,vst_mean_diff,0.6463704136362439,28,0.5357142857142857
HALLMARK_MYC_TARGETS_V1,0.002002156168181118,0.008384028954258433,0.37069925093643835,1.562331285150527,12,195,CDC20;CCNA2;MYC;KPNA2;TYMS;HNRNPA2B1;MAD2L1;RRM1;RFC4;CAD;SNRPA;MCM7;LDHA;MCM4;CDC45;KPNB1;BUB3;HNRNPA1;IFRD1;DDX21;HNRNPA3;RUVBL2;USP1;CDK2;PRPF31;LSM2;DEK;UBA2;PWP1;MCM5;HSP90AB1;ODC1;FAM120A;YWHAQ;HSPD1;RANBP1;SRSF1;PABPC4;PSMD3;NOP56;PSMC6;HDGF;PSMD14;EXOSC7;XPOT;EIF3B;SNRPA1;SRSF2;TRIM28;SMARCC1;TCP1;NOP16;ORC2;CCT5;ILF2;CCT4;PA2G4;CSTF2;XRCC6;SRSF3;CUL1;SNRPD1;HNRNPR;CYC1;CCT7;RAN;TOMM70;PPM1G;SF3A1;SRPK1;PTGES3;NME1;NPM1;POLD2;CNBP;VDAC1;RNPS1;CBX3;GSPT1;EIF4A1;MCM2;FBL;NCBP1;VDAC3;PSMD1;CTPS1;SF3B3;PPIA;RRP9;PSMB3;TUFM;SYNCRIP;EIF4H;SSBP1;SERBP1,D_vs_Ctrl,24 hours,NoCPT,DOX,CTRL,2,2,vst_mean_diff,2.0765472305210175,95,0.6105263157894737
HALLMARK_MYC_TARGETS_V2,0.00273084144051886,0.010164798695264645,0.49959189649414437,1.7390554489618903,15,57,PLK1;PLK4;MYC;TCOF1;MCM4;RRP12;LAS1L;NOP2;SLC19A1;UTP20;WDR43;PPRC1;IPO4;MCM5;PPAN;HSPD1;PUS1;NOP56;RCL1;DUSP2;MRTO4;NOP16;MAP3K6;MYBBP1A;NDUFAF4;IMP4;BYSL;PA2G4;TBRG4;RABEPK;PRMT3,D_vs_Ctrl,24 hours,NoCPT,DOX,CTRL,2,2,vst_mean_diff,1.9929012177540717,31,0.22580645161290322
HALLMARK_NOTCH_SIGNALING,0.5002667615152054,0.632412698519222,0.3230879865570524,0.9716036714622176,2812,28,LFNG;DTX2;NOTCH1;SAP30;ST3GAL6,D_vs_Ctrl,24 hours,NoCPT,DOX,CTRL,2,2,vst_mean_diff,0.1989994182441645,5,0.2
HALLMARK_OXIDATIVE_PHOSPHORYLATION,2.864508736751647e-4,0.0017447462305669123,-0.38030516652355073,-1.717727426697693,0,200,ATP1B1;SLC25A20;BDH2;HCCS;SURF1;ACADM;ATP6V1F;CYB5A;ATP6V0E1;CASP7;IDH1;BCKDHA;GPX4;ALDH6A1;UQCR11;COX5B;UQCRB;ATP6V1G1;PHYH;ACADSB;COX7A2L;NDUFA3;COX4I1;ATP5ME;SDHC;NDUFB1;MTRR;OAT;NDUFA7;ATP5MC2;ATP5MG;COX6B1;COX7C;ECH1;SUCLG1;ATP5F1E;NDUFB5;SLC25A6;IDH3G;COX6A1;DECR1;MAOB;NDUFC2;SLC25A11;HSD17B10;ATP6V1D;ATP6AP1;NDUFB4;SUCLA2;NDUFA1;UQCRH;NDUFA2;COX15;COX7A2;MTX2;TIMM9;ATP6V0B;TIMM17A;UQCR10;UQCRC2;TIMM8B;PDHB;SLC25A12;ATP6V0C;FDX1;OGDH;CYCS;FXN;COX7B;ATP5MF;HADHB;NQO2;UQCRQ;NDUFS1;UQCRFS1;POLR2F;NDUFB2;ATP5MC3;COX5A;SDHD;ATP6V1E1;NDUFB7;NDUFA4;COX6C;OXA1L;ATP5F1C;DLD;ATP6V1C1;MRPL34;ACAA1;ATP5PF;ACO2;NDUFA8;NDUFV2;NDUFS7;PDP1;PDHX;NDUFS3;NDUFA6;NDUFB3;SLC25A4;RHOT1;ATP5PD,D_vs_Ctrl,24 hours,NoCPT,DOX,CTRL,2,2,vst_mean_diff,2.7582677312715775,103,0.2912621359223301
HALLMARK_P53_PATHWAY,0.2877830842705284,0.4191623183940305,0.256282927589464,1.0778246113700198,1867,191,ZBTB16;UPP1;GADD45A;KLF4;FOS;S100A10;BMP2;RRAD;NOTCH1;GLS2;RHBDF2;FDXR;RGS16;RALGDS;TRIB3;ITGB4;BAIAP2;DDB2;TM7SF3;POLH;PLK3;PMM1;PVT1;JAG2;IL1A;PIDD1;RAD51C;FAS;PITPNC1;NUDT15;RAD9A;HRAS;RETSAT;RNF19B;COQ8A;PTPRE;AEN;TNNI1;RAB40C;NOL8;PTPN14;SFN;DDIT3;HMOX1;SLC7A11;PPP1R15A;MKNK2,D_vs_Ctrl,24 hours,NoCPT,DOX,CTRL,2,2,vst_mean_diff,0.37761776621779686,47,0.14893617021276595
HALLMARK_PANCREAS_BETA_CELLS,0.49605287314117863,0.632412698519222,0.3749865992305244,0.9710402405017772,2701,15,MAFB;FOXO1;PAK3,D_vs_Ctrl,24 hours,NoCPT,DOX,CTRL,2,2,vst_mean_diff,0.1989994182441645,3,0
HALLMARK_PEROXISOME,0.055085831411734565,0.11533595951831925,-0.3351967831184648,-1.3369689620489817,214,87,DHRS3;CRABP2;IDI1;ACSL5;STS;ALDH1A1;IDH1;PRDX5;HSD11B2;RDH11;GSTK1;DHCR24;ERCC1;CAT;CRAT;SCP2;ACOX1;ECH1;PEX11A;HMGCL;ACOT8;HSD17B4;MLYCD;FDPS,D_vs_Ctrl,24 hours,NoCPT,DOX,CTRL,2,2,vst_mean_diff,0.9380352669847228,24,0.3333333333333333
HALLMARK_PI3K_AKT_MTOR_SIGNALING,0.97998687664042,1,0.17644510877132735,0.667310088254815,5973,91,CDK1;EGFR;TIAM1;TRIB3;MKNK1;TSC2;HRAS;CDK2;SFN;DDIT3;MKNK2;VAV3;PLCG1;ACACA;RAF1;PFN1;ITPR2;PIKFYVE;GRK2;FGF17;SLC2A1;RPS6KA1;TRAF2;NOD1;PDK1,D_vs_Ctrl,24 hours,NoCPT,DOX,CTRL,2,2,vst_mean_diff,-0,25,0.24
HALLMARK_PROTEIN_SECRETION,0.14375,0.24078124999999997,-0.29657333380575995,-1.1982736547635289,551,95,SEC24D;TSPAN8;ATP6V1B1;SSPN;CD63;SEC22B;SNAP23;CLN5;ATP7A;TOM1L1;STX12;VAMP3;PPT1;TMED10;VPS45;BNIP3;YIPF6;ARFIP1;BET1;ERGIC3;DOP1A;RAB22A;CLTA;TPD52;RAB2A;M6PR;VAMP7;COPB2;ARCN1;ARFGAP3;TMED2;NAPA;LAMP2;STX16;SCRN1;COPE;PAM;USO1;CLCN3;GALC,D_vs_Ctrl,24 hours,NoCPT,DOX,CTRL,2,2,vst_mean_diff,0.6183773352654679,40,0.375
HALLMARK_REACTIVE_OXYGEN_SPECIES_PATHWAY,0.9472078836227124,1,-0.19275775652690907,-0.6805732935233685,4036,46,GLRX;JUNB;GPX4;FES;CAT;ATOX1;NDUFB4;LAMTOR5;SOD2;ERCC2;PTPA;FTL;GLRX2;MSRA;MBP;NQO1,D_vs_Ctrl,24 hours,NoCPT,DOX,CTRL,2,2,vst_mean_diff,-0,16,0.3125
HALLMARK_TGF_BETA_SIGNALING,0.3742884250474383,0.5335600952803907,-0.28557602913367663,-1.0373526256392123,1577,53,SMAD6;ID2;ID3;SKIL;PMEPA1;JUNB;ID1;TGFB1;SMAD7;XIAP,D_vs_Ctrl,24 hours,NoCPT,DOX,CTRL,2,2,vst_mean_diff,0.2728166585659798,10,0.1
HALLMARK_TNFA_SIGNALING_VIA_NFKB,0.002548131370328426,0.01004263540070615,-0.3364594028490896,-1.5027495188228415,8,183,PTGS2;SERPINB2;CXCL3;PDE4B;CXCL1;ID2;FUT4;G0S2;CD83;NR4A2;MARCKS;PLPP3;PLK2;PHLDA1;CXCL2;CSF1;DUSP4;SAT1;CCL20;IFIT2;IRF1;TLR2;EGR1;NFKBIE;PLAU;TNFAIP2;RCAN1;LITAF;INHBA;PMEPA1;JUNB;HES1;BCL3;NR4A3;JUN;IER3;PFKFB3;GCH1;NR4A1;IER2;CCN1;PHLDA2;BCL2A1;KLF2;B4GALT1;LIF;CCL5;ATF3,D_vs_Ctrl,24 hours,NoCPT,DOX,CTRL,2,2,vst_mean_diff,1.9981523041436535,48,0.14583333333333334
HALLMARK_UNFOLDED_PROTEIN_RESPONSE,0.8399683627735302,0.9225882017348611,-0.20058443762399386,-0.8289388022856407,3185,107,XBP1;HSPA5;DNAJB9;KDELR3;WFS1;SERP1;HYOU1;SPCS3;SSR1;IFIT1;RPS14;WIPI1;ATP6V0D1;ATF3;SRPRB;SRPRA,D_vs_Ctrl,24 hours,NoCPT,DOX,CTRL,2,2,vst_mean_diff,0.0349921035476184,16,0.5
HALLMARK_UV_RESPONSE_DN,0.5199364575059571,0.6333771391436205,0.24241345009484327,0.9689404366558759,3272,128,SNAI2;MGLL;SERPINE1;DUSP1;MYC;TGFBR3;CAV1;MT1E;NRP1,D_vs_Ctrl,24 hours,NoCPT,DOX,CTRL,2,2,vst_mean_diff,0.1983376159292945,9,0.2222222222222222
HALLMARK_UV_RESPONSE_UP,0.425,0.5718669417225374,-0.23618309774535384,-1.0104974649494038,1563,135,CXCL2;IRF1;NAT1;RASGRP1;NPTXR;ATP6V1F;CCNE1;JUNB;TST;HLA-F;CASP3;GCH1;DNAJA1;NR4A1;HSPA2;HYAL2;PRKCD;SELENOW;AQP3;BID;ATF3;ICAM1;FURIN;EIF2S3;PPP1R2;CYB5R1;BTG2;PPT1;PRKACA;EPHX1;CNP;SPR,D_vs_Ctrl,24 hours,NoCPT,DOX,CTRL,2,2,vst_mean_diff,0.24270500826614144,32,0.15625
HALLMARK_WNT_BETA_CATENIN_SIGNALING,0.9010404624277457,0.973705015849338,-0.21809503733508623,-0.7132074186755583,3896,33,FZD1;TCF7;NKD1;HEY1;FRAT1,D_vs_Ctrl,24 hours,NoCPT,DOX,CTRL,2,2,vst_mean_diff,0.011572592805570174,5,0
HALLMARK_XENOBIOTIC_METABOLISM,0.09488243430152143,0.17658675272783156,-0.2783486573528591,-1.2102353887670838,342,153,CES1;CFB;TGFB2;ID2;FBP1;CYP27A1;BCAT1;PSMB10;CYP2J2;DDAH2;SLC46A3;IL1R1;CD36;RAP1GAP;SAR1B;PAPSS2;CYB5A;IDH1;SERTAD1;GSTM4;PTGR1;GCH1;FETUB;TPST1;NDRG2;BPHL;CAT;ALDH2;BLVRB;ACP2;PGD;CROT;ABHD6;ACOX3;ACOX1;ECH1;HES6;CYFIP2;EPHX1;IGFBP4;SSR3;PDLIM5;PROS1;CNDP2,D_vs_Ctrl,24 hours,NoCPT,DOX,CTRL,2,2,vst_mean_diff,0.75304187965424,44,0.13636363636363635
PID_MYC_ACTIV_PATHWAY,0.028666666666666667,0.06195698924731182,0.39505360630310893,1.4415755253892337,171,74,CCNB1;BIRC5;MYC;TK1;FOSL1;CAD;LDHA;TAF4B;RUVBL2;TERT;SERPINI1;NCL;TRRAP;SHMT1;MTA1;SUPT3H;RUVBL1;CREBBP;HUWE1;ODC1;BAX;PIM1;HSPD1;RCC1;TFRC;CDCA7;SNAI1;EP300,D_vs_Ctrl,24 hours,NoCPT,DOX,CTRL,2,2,vst_mean_diff,1.2079096946095411,28,0.42857142857142855
REACTOME_ACTIVATION_OF_ATR_IN_RESPONSE_TO_REPLICATION_STRESS,1.77367860943597e-4,0.0017447462305669123,0.6495897357844047,2.071368545796695,0,37,CDC25C;ORC1;MCM8;DBF4;CDC7;RFC4;RFC3;MCM7;ATRIP;MCM4;CDC45;ORC6;CHEK1;RPA3;RAD9A;CDK2,D_vs_Ctrl,24 hours,NoCPT,DOX,CTRL,2,2,vst_mean_diff,2.7582677312715775,16,0
REACTOME_CELL_CYCLE_CHECKPOINTS,1.5001500150015003e-4,0.0017447462305669123,0.6546899952411364,2.8301613184527636,0,241,CDC20;GTSE1;CENPF;CDC25C;KIF2C;AURKB;KNL1;KIF18A;PLK1;CENPE;CENPA;BUB1;UBE2C;SGO2;NUF2;CDCA8;CCNB1;NDC80;CCNB2;SKA1;CCNA2;SGO1;BUB1B;BIRC5;CENPI;CDK1;SPC24;UBE2S;ERCC6L;INCENP;ZWILCH;CENPH;ZWINT;MDC1;PKMYT1;SPDL1;CENPO;SPC25;CENPL;ORC1;CCNA1;CENPN;BLM;KNTC1;WEE1;CKAP5;NDE1;CENPP;CENPU;MCM8;NSD2;CENPK;MAD2L1;BRCA1;DBF4;RANGAP1;CENPM;CDC7;RFC4;CHEK2;RFC3;PPP2R5D;BRIP1;MCM7;CENPT;ATRIP;EXO1;UIMC1;RMI1;MCM4;CDC45;DSN1;NUP37;BUB3;DNA2;CENPC;DYNC1H1;ORC6,D_vs_Ctrl,24 hours,NoCPT,DOX,CTRL,2,2,vst_mean_diff,2.7582677312715775,78,0.0641025641025641
REACTOME_GLUCOSE_METABOLISM,0.516496399263105,0.6333771391436205,0.2672811811492659,0.9643674554631334,3083,69,NDC1;PPP2R5D;ENO3;NUP37;NUP205;PFKP;NUP50;NUP93;NUP210;NUP188;NUP35;NUP85;NUP107;SLC37A4;NUP88;AAAS;NUP160;NUP98;NUP43;RAE1;TPR;NUP153;NUP214;NUP133;NUP155,D_vs_Ctrl,24 hours,NoCPT,DOX,CTRL,2,2,vst_mean_diff,0.1983376159292945,25,0.2
REACTOME_MITOCHONDRIAL_TRANSLATION,0.42676637441980403,0.5718669417225374,-0.24945614763198234,-1.0072540592947656,1654,93,CHCHD1;MRPL41;MRPS14;MRPS33;MRPL36;MRPL46;GFM2;MRPL40;MTIF3;MRPS21;MRPL53;MRPS17;MRPL50;MRPL14;MRPL12;MRPL30;MRPS28;MRPL19;MRPL57;MRPL16;MRPS27;OXA1L;MRPL54;DAP3;MRPL34;MRPL49;MRPL42;MRPS7;MRPL10;MRPS18A;MRPL22;MRPL4;MRPL20;MRPL17;MRPL43;MRPS34;MRPS12;MRPL47;MRPS16;MRPL48;MRPL44;MRPL32;AURKAIP1,D_vs_Ctrl,24 hours,NoCPT,DOX,CTRL,2,2,vst_mean_diff,0.24270500826614144,43,0.046511627906976744
REACTOME_MRNA_SPLICING,0.05801944106925881,0.11779704701940426,0.29777106084446986,1.2683371757675512,381,210,HNRNPA2B1;GPATCH1;PPIH;SNRPA;DHX16;PTBP1;HNRNPM;HNRNPA1;SNRNP25;SRRM2;HNRNPA3;RBMX;CCAR1;SRRT;SNRPF;PRPF31;LSM2;DDX46;GCFC2;PRPF3;POLR2A;SF3A3;CASC3;DHX38;CACTIN;RBM10;YBX1;LSM6;LSM3;LSM5;EFTUD2;CTNNBL1;PRPF8;SNRNP48;RBM17;HNRNPH1;DDX39B;WBP11;SF3A2;WDR70;SRSF1;DDX42;SNRPB;HNRNPL;BUD13;ACIN1;RNPC3;CWC25;SNRPA1;PRKRIP1;SRSF2;LENG1;HNRNPF;LSM4;YJU2;ZRSR2;PNN;TCERG1;XAB2;PRPF19;U2AF1L4;SRSF4;SRSF3;CWC27;SNRNP200;CHERP;SNRPD1;HNRNPR;SNW1;CWF19L2;ALYREF;PPIL1;MAGOHB;PRPF4;SF3A1;POLR2B;POLR2H;RBM22;TFIP11;HNRNPK;RNPS1;FUS;PDCD7;POLR2C;POLR2E;NSRP1;SNRNP40;SF3B2;DDX23;POLR2D;NCBP1;CRNKL1;SF3B3;ISY1,D_vs_Ctrl,24 hours,NoCPT,DOX,CTRL,2,2,vst_mean_diff,0.9288655964695657,94,0.3404255319148936
WP_ADIPOGENESIS,0.021132440716244556,0.04882322510304776,0.3731020451416588,1.442913960893957,130,104,SERPINE1;SPOCK1;KLF6;IRS2;SREBF1;GADD45A;FOXO1;TWIST1;BMP2;LPIN1;KLF15;PNPLA3;FOXC2;LMNA;GADD45B;AGPAT2;TRIB3;BMP1;LPL;MBNL1;WNT10B;LPIN3;FAS;DVL1,D_vs_Ctrl,24 hours,NoCPT,DOX,CTRL,2,2,vst_mean_diff,1.311373535893939,24,0.16666666666666666
WP_AMINO_ACID_METABOLISM,0.6243510299782281,0.7338862983954612,0.2516616254706375,0.9080111078127107,3727,69,PDK4;GLUL;MAOA;ASNS;CAD;LDHA;CBS,D_vs_Ctrl,24 hours,NoCPT,DOX,CTRL,2,2,vst_mean_diff,0.13437122047150105,7,0.42857142857142855
WP_APOPTOSIS,0.41792168674698793,0.5718669417225374,-0.25974185472679745,-1.0145993161592326,1664,78,IRF1;IGF2;NFKBIE;CASP1;TNFSF10;TP63;CASP7;BNIP3L;JUN;CASP3;XIAP;CASP4;BAD;BID;CASP10;DIABLO;TRAF1,D_vs_Ctrl,24 hours,NoCPT,DOX,CTRL,2,2,vst_mean_diff,0.24270500826614144,17,0
WP_APOPTOSIS_MODULATION_AND_SIGNALING,0.7797334674377672,0.8707023719721734,-0.21391031687285597,-0.8430837132010482,3100,81,HSPA1A;IL1R1;CASP1;TNFSF10;CASP7;JUN;CASP3;MYD88;BCL2A1;XIAP;CASP4;BAD;BID;CASP10;DIABLO;BIK;MAPK3;BNIP3,D_vs_Ctrl,24 hours,NoCPT,DOX,CTRL,2,2,vst_mean_diff,0.06013027243147113,18,0.05555555555555555
WP_CELL_CYCLE,1.6056518946692356e-4,0.0017447462305669123,0.618729893184288,2.431703787145556,0,115,CDC25B;CDC20;CDC25C;PLK1;BUB1;ESPL1;TTK;CCNB1;CCNB2;CCNA2;PTTG1;CDK1;MYC;CDKN2C;PKMYT1;GADD45A;ORC1;CCNA1;GADD45G;WEE1;E2F2;DBF4;CDC7;FZR1;SMC1B;CHEK2;STAG1;MCM7;RAD21;GADD45B;MCM4;ZBTB17;CDC45;PRKDC;BUB3;SMC1A;CCNB3;ORC6,D_vs_Ctrl,24 hours,NoCPT,DOX,CTRL,2,2,vst_mean_diff,2.7582677312715775,38,0.13157894736842105
WP_DNA_REPLICATION,5.282620179609086e-4,0.0028592766456844126,0.6346808125992389,2.0781192558236916,2,42,CDT1;ORC1;PRIM1;POLE;DBF4;CDC7;RFC4;RFC3;PRIM2;MCM7;POLD1;MCM4;GMNN;CDC45;ORC6;POLA1;RPA4;POLE2;RPA3;CDK2,D_vs_Ctrl,24 hours,NoCPT,DOX,CTRL,2,2,vst_mean_diff,2.543743822997477,20,0
WP_ELECTRON_TRANSPORT_CHAIN_OXPHOS_SYSTEM_IN_MITOCHONDRIA,2.6246719160104987e-4,0.0017447462305669123,-0.5342909810667281,-2.1896566412102185,0,103,SURF1;UQCR11;COX5B;UQCRB;MT-CO1;COX7A2L;NDUFA3;MT-ND1;NDUFA13;COX4I1;ATP5ME;SDHC;NDUFB1;MT-CO3;NDUFA7;ATP5MC2;UCP3;ATP5MG;COX6B1;COX7C;ATP5F1E;NDUFB5;SLC25A6;MT-ND3;MT-CO2;COX6A1;NDUFA11;NDUFC2;MT-ND5;NDUFB4;NDUFA1;UQCRH;NDUFA2;COX15;COX7A2;DMAC2L;MT-ND6;UQCR10;UQCRC2;MT-ND2;COX7B;ATP5MF;SCO1;UQCRQ;NDUFS1;UQCRFS1;NDUFB2;ATP5MC3;COX5A;SDHD;NDUFS5;NDUFB7;NDUFA4;COX6C;ATP5F1C;ATP5PF;NDUFA8;NDUFV2;NDUFS7;NDUFS3;NDUFA6;NDUFB3;NDUFA10;SLC25A4;ATP5PD;NDUFA5,D_vs_Ctrl,24 hours,NoCPT,DOX,CTRL,2,2,vst_mean_diff,2.7582677312715775,66,0.4393939393939394
WP_PROTEASOME_DEGRADATION,0.07410089307265266,0.14185028102479225,-0.36638103720470705,-1.347066435805932,306,57,UBA7;PSMB9;PSMB10;HLA-B;PSMB8;HLA-F;PSME1,D_vs_Ctrl,24 hours,NoCPT,DOX,CTRL,2,2,vst_mean_diff,0.8481697994705564,7,0
WP_PYRIMIDINE_METABOLISM,0.011166666666666667,0.029926666666666667,0.4236300176365805,1.5458526526563134,66,74,UPP1;DTYMK;TK1;TYMS;PRIM1;POLE;RRM2;RRM1;CAD;PRIM2;POLD1;DCK;UCKL1;POLA1;POLR3E;POLE2;POLR2J2;POLR2J3;POLR2A;POLR3A;POLR3C;DPYD;POLR3G;UCK1;POLA2,D_vs_Ctrl,24 hours,NoCPT,DOX,CTRL,2,2,vst_mean_diff,1.5239416536540284,25,0.08
WP_RAS_SIGNALING,0.7362576346474181,0.836089178328424,-0.20754077295658488,-0.8923981316920822,2651,143,MRAS;RGL1;GRIN2B;PLAAT3;NTRK2;RASGRP1;GNG10;SHC3;RAC2;PLA2G10;PIK3R3;PRKACB;KSR2;GRIN1;PLA2G4F;BAD;GNG7;RRAS;RAB5B;REL;MAPK3;PRKACA;RAB5C;PLA2G12A;SHC4;PLA2G4A;GNB5;RASGRF1;CALML6;PLD2;RASA4,D_vs_Ctrl,24 hours,NoCPT,DOX,CTRL,2,2,vst_mean_diff,0.07774739769209672,31,0.06451612903225806
GOBP_MITOCHONDRIAL_GENE_EXPRESSION,6.346184356655561e-4,0.0017007774075836906,0.3707929199433255,1.6296111328250982,3,167,MRPS17;TRMT10C;MRPS23;METTL8;MRPL50;MRPS6;MRPL17;MRPS25;MRPL36;MRPS31;MRPL32;GFM1;TFB2M;PUS1;MPV17L2;TRNT1;MTPAP;FASTKD2;TWNK;MRPL3;FASTKD3;PNPT1;MRPS5;MTERF3;MRPL58;MRPS26;MRPS10;RARS2;SLC25A33;TFAM;TRMT61B;MRPS2;MRPL4;PTCD3;MRPL46;MRPL39;MRPS18C;MTIF2;MTERF1;MRPL18;MTRF1L;MRPS21;MALSU1;MRPS11;FASTKD5;MRPL16;C1QBP;GTPBP3;THAP11;MRPS18A;MRPL14;MRPL49;MRPL40;MTO1;YARS2;MRPS7;TRMT5;MRPL21;MRPL47;TRIT1;ALKBH1;CDK5RAP1;MRPL11;MTG2;DDX3X;MRPL34;MRPL22;ELAC2;TEFM;MRPL15;MRPS27;MRPL24;TSFM;MRPL35,DT_vs_D,4 hours,NoCPT,DOX+TAM,DOX,2,2,vst_mean_diff,2.7693525217688637,74,0.06756756756756757
GOBP_MITOCHONDRIAL_RESPIRATORY_CHAIN_COMPLEX_ASSEMBLY,1,1,0.12054723459595362,0.4895069926231455,5994,96,NDUFAF2;TMEM70;COA4;TIMM21;TMEM186;COA1;FASTKD3;TMEM126A;CHCHD4;NDUFAF4;SLC25A33;TFAM;SCO2;CHCHD7;NDUFAF6;NDUFAF7;ATP23;BCS1L;SDHAF2,DT_vs_D,4 hours,NoCPT,DOX+TAM,DOX,2,2,vst_mean_diff,-0,19,0
GOBP_MITOCHONDRIAL_TRANSLATION,0.0037502038154247513,0.008375455187781945,0.3659855220512026,1.5493880349788591,22,129,MRPS17;TRMT10C;MRPS23;METTL8;MRPL50;MRPS6;MRPL17;MRPS25;MRPL36;MRPS31;MRPL32;GFM1;MPV17L2;FASTKD2;MRPL3;FASTKD3;MRPS5;MRPL58;MRPS26;MRPS10;RARS2;MRPS2;MRPL4;PTCD3;MRPL46;MRPL39;MRPS18C;MTIF2;MRPL18;MTRF1L;MRPS21;MALSU1;MRPS11;MRPL16;C1QBP;MRPS18A;MRPL14;MRPL49;MRPL40;YARS2;MRPS7;MRPL21;MRPL47;ALKBH1;CDK5RAP1;MRPL11;MTG2;DDX3X;MRPL34;MRPL22;MRPL15;MRPS27;MRPL24;TSFM;MRPL35;MRPS22,DT_vs_D,4 hours,NoCPT,DOX+TAM,DOX,2,2,vst_mean_diff,2.0769915806887362,56,0.07142857142857142
GOMF_HEAT_SHOCK_PROTEIN_BINDING,0.014061207609594707,0.027708850289495456,0.3500976073177351,1.4593436126462378,84,115,SACS;CHORDC1;BCOR;PDXP;GPR37;STIP1;DNAJC2;PPID;DNAJC9;AHSA1;BAG2;HSPA5;TFRC;SLC12A2;METTL21A;HSPA8;TOMM34;HSPA1A;HSPA14;FKBP4;DNAJA1;HSPA1B;DNAJA3;NUP62;CDK1;CDC37;DNAJC6;TTC4;HSPA9;TFAM;NPAS2;MVD;CSNK2A1;TPR;PTGES3;HSP90AB1;CYP2E1;DNAJC8;GUCY1B1;NR3C1;HDAC2;DNAJA2;DNAJA4;HSPA13;CDC37L1;HSPA6;DAXX;DNAJC10;KPNB1;HSPA1L;DNAJB6;FAF1;SNCA,DT_vs_D,4 hours,NoCPT,DOX+TAM,DOX,2,2,vst_mean_diff,1.5573814938239265,53,0.33962264150943394
GOMF_RNA_ENDONUCLEASE_ACTIVITY,0.30853658536585366,0.35641295206055507,0.28642683482189135,1.086722233869798,1770,66,EXO1;FEN1;PLD6;RPP25;SLFN13;AGO2;DBR1;DICER1;TSEN2;PPP1R8;ABCE1;POP7;PIWIL4;RPP30;NUDT16;RPP38;POP1;RCL1;LACTB2;ZC3H12D;RPP40;RNASEH1,DT_vs_D,4 hours,NoCPT,DOX+TAM,DOX,2,2,vst_mean_diff,0.4480465220700096,22,0.09090909090909091
HALLMARK_ADIPOGENESIS,0.006292749658002736,0.012776188699581312,-0.30185691023391564,-1.4227869294336613,22,186,CCNG2;ANGPT1;LTC4S;CYP4B1;BCL6;OMD;CRAT;ADCY6;SNCG;PHLDB1;STAT5A;PIM3;EPHX2;RIOK3;GPX4;ACADS;PDCD4;TOB1;ABCB8;CD36;LIPE;MYLK;DGAT1;SLC66A3;ACOX1;TST;ARAF;UQCR11;SLC27A1;C3;MGST3;MIGA2;ESRRA;ALDOA;DBT;IFNGR1;ECHS1;ECH1;RNF11;COQ5;RREB1;PPM1B;ABCA1;CD151;PLIN2;PFKL;BCL2L13;CYC1;ACAA2;HSPB8;NDUFB7;SSPN;DRAM2;CHCHD10;RTN3;CPT2;DNAJB9;COX8A;COX6A1;RAB34;ACADM;IDH1;MAP4K3;REEP5;NDUFS3;TANK;DDT;DNAJC15;ETFB,DT_vs_D,4 hours,NoCPT,DOX+TAM,DOX,2,2,vst_mean_diff,1.8935986824533475,69,0.21739130434782608
HALLMARK_ANDROGEN_RESPONSE,3.3350008337502084e-4,0.0010156593448239271,0.4445411751309778,1.8026110721417958,1,95,AKAP12;ALDH1A3;CCND1;HMGCS1;NDRG1;NKX3-1;ABHD2;RRP12;INPP4B;IDI1;SLC26A2;SRP19;CDK6;FADS1;ELK4;ABCC4;STK39;RPS6KA3;SMS;UAP1;PMEPA1;CENPN;SORD;ANKH;PA2G4;ACSL3;MAP7;HERC3;MYL12A;SPCS3;HMGCR;CAMKK2;SEC24D;CDC14B;TPD52;GUCY1A1;SCD;KRT8;ELL2,DT_vs_D,4 hours,NoCPT,DOX+TAM,DOX,2,2,vst_mean_diff,2.9932519312951777,39,0.4358974358974359
HALLMARK_ANGIOGENESIS,0.016028002947678702,0.03068217707127066,0.5363767670864881,1.625097243655096,86,23,LPL;PDGFA;JAG1;NRP1;TNFRSF21;THBD;VEGFA,DT_vs_D,4 hours,NoCPT,DOX+TAM,DOX,2,2,vst_mean_diff,1.5131138280185301,7,0.14285714285714285
HALLMARK_APICAL_JUNCTION,0.843716719914803,0.8766556114261259,-0.185821082412745,-0.8562065153723152,3168,156,CLDN8;NECTIN4;ALOX15B;GRB7;CRAT;MMP2;ITGB4;PKD1;CNN2;PIK3R3;FBN1;TMEM8B;RRAS;COL16A1;MAP4K2;CRB3;MAPK11;CX3CL1;AMH;ACTA1;MYL9,DT_vs_D,4 hours,NoCPT,DOX+TAM,DOX,2,2,vst_mean_diff,0.05717098295260754,21,0.19047619047619047
HALLMARK_APICAL_SURFACE,0.6759393063583815,0.7424251397706814,0.26224764851132126,0.8599985918544238,3741,32,AFAP1L2;BRCA1;RTN4RL1;DCBLD2;ATP6V0A4;PLAUR,DT_vs_D,4 hours,NoCPT,DOX+TAM,DOX,2,2,vst_mean_diff,0.12934733059465087,6,0.16666666666666666
HALLMARK_APOPTOSIS,0.21659657068909738,0.284548436003324,0.26283690466147436,1.1250364280105039,1338,140,CCND1;TNFRSF12A;PLAT;ANXA1;EMP1;PLCB2;ENO2;ISG20;PMAIP1;TGFB2;BRCA1;SLC20A1;PEA15;CCNA1;IER3;CD44;LMNA;TGFBR3;KRT18;WEE1;DNAJA1;CAV1;ANKH;ETF1;CDK2,DT_vs_D,4 hours,NoCPT,DOX+TAM,DOX,2,2,vst_mean_diff,0.5458437971123871,25,0.36
HALLMARK_CHOLESTEROL_HOMEOSTASIS,0.031255396304610605,0.053695168010484885,0.3781484104471864,1.448657508862089,180,69,TNFRSF12A;HMGCS1;FABP5;LPL;JAG1;TRIB3;IDI1;PPARG;NSDHL;SEMA3B;DHCR7;TMEM97;ATXN2;MAL2;PLAUR;FADS2;SQLE;ANXA5;HMGCR;ACAT2;LDLR;MVD;CYP51A1;SCD;FBXO6;CHKA,DT_vs_D,4 hours,NoCPT,DOX+TAM,DOX,2,2,vst_mean_diff,1.2700647943898622,26,0.38461538461538464
HALLMARK_COAGULATION,0.07499579619976458,0.11685391500893552,0.32433959462643686,1.3026132379988211,445,90,DUSP6;F3;THBS1;PLAT;ITGA2;SH2B2;ANXA1;GDA;CTSV;HTRA1;DUSP14;THBD;ACOX2;FYN,DT_vs_D,4 hours,NoCPT,DOX+TAM,DOX,2,2,vst_mean_diff,0.9323567326658957,14,0.21428571428571427
HALLMARK_COMPLEMENT,0.2397113842864778,0.3088588989845003,-0.23643708131606772,-1.0897793690857807,896,157,CTSO;CASP10;PRKCD;APOBEC3F;LTF;CFB;S100A9;C2;GATA3;C1R;CBLB;CTSS;CFH;BRPF3;CTSD;MMP14;MAFF;CD36;WAS;KCNIP3;MSRB1;LRP1;GCA;TIMP2;C3;CCL5;FN1;MMP13;SERPINE1;IRF7;SIRT6;CTSH;ITGAM;GNG2;PDGFB;CASP9;GNB2;PHEX,DT_vs_D,4 hours,NoCPT,DOX+TAM,DOX,2,2,vst_mean_diff,0.5102398810538717,38,0.15789473684210525
HALLMARK_DNA_REPAIR,0.0016191709844559584,0.004017942813279601,0.3617509369921369,1.5579902910547399,9,147,RAD51;FEN1;RFC4;RFC3;RFC5;PNP;PCNA;PRIM1;TYMS;RPA2;POLD3;UMPS;POLA2;RFC2;SF3A3;POLR2D;NPR2;ZWINT;POLA1;PDE6G;POLR1C;NCBP2;DGCR8;GTF2A2;ELOA;NME1;ALYREF;BOLA2;REV3L;NELFE;CSTF3;NT5C3A;TAF9;POLR2F,DT_vs_D,4 hours,NoCPT,DOX+TAM,DOX,2,2,vst_mean_diff,2.3959962487858406,34,0.029411764705882353
HALLMARK_E2F_TARGETS,1.559332605644784e-4,6.346860672198856e-4,0.7003045807297034,3.1435471884692676,0,197,PSMC3IP;CDC25A;MCM6;TIPIN;CCNE1;ORC6;RFC3;MCM2;MCM5;ATAD2;LMNB1;MYC;DSCC1;MCM4;MMS22L;MCM3;SLBP;HELLS;LYAR;CKS2;DCLRE1B;PCNA;GINS3;BRCA2;USP1;UBE2T;NOLC1;MELK;BRCA1;UNG;EZH2;DONSON;NOP56;RRM2;MCM7;PLK4;TCF19;RPA2;POLD3;CHEK2;CTPS1;MSH2;MAD2L1;CDCA8;ASF1B;GINS1;POLA2;TMPO;TRIP13;RFC2;CHEK1;PHF5A;NUP153;DNMT1;LBR;CENPE;NASP;SUV39H1;PNN;AURKA;MTHFD2;XPO1;KIF18B;PRPS1;TUBB;TFRC;RAD51C;EXOSC8;EIF2S1;GINS4;POLE;TUBG1;BUB1B;SYNCRIP;KPNA2;SMC3;TRA2B;BARD1;PPP1R8;SMC1A;CNOT9;DCK;HMGA1;TACC3;CSE1L;PAICS;WEE1;UBR7;NME1;GSPT1;POP7;NUP205;PA2G4;KIF2C;DEK;RAD1;MKI67;HNRNPD;DEPDC1;NUP107;RAD51AP1;BRMS1L;RANBP1;PDS5B;SPC25;CDK1;CCP110;ZW10;PSIP1;RPA1;TIMELESS;SPAG5;PRKDC;CKS1B;MYBL2;PLK1;AURKB;RFC1;CDKN3;SMC6;JPT1;AK2;UBE2S;ESPL1;HMMR;IPO7;DLGAP5;EED;DCTPP1;SRSF2,DT_vs_D,4 hours,NoCPT,DOX+TAM,DOX,2,2,vst_mean_diff,3.1974410353175804,130,0.2
HALLMARK_EPITHELIAL_MESENCHYMAL_TRANSITION,1.6136840406648378e-4,6.346860672198856e-4,0.41936795604045896,1.813255758376128,0,151,SERPINE2;OXTR;DKK1;NT5E;AREG;THBS1;TNFRSF12A;ITGA2;FZD8;HTRA1;ENO2;VIM;MCM7;INHBA;EDIL3;GLIPR1;FSTL3;SNTB1;CD44;SFRP1;PVR;FBN2;PCOLCE2;ITGB5;SLC6A8;LAMC2;TGFBR3;VEGFA;LAMA3;LAMA2;IGFBP4;SNAI2;PLAUR;PMEPA1;MEST;CDH2;CALU;CXCL8;PTHLH;COLGALT1;TIMP3;TPM2;DST;FGF2;SLIT2;FAP;TPM4;SPOCK1,DT_vs_D,4 hours,NoCPT,DOX+TAM,DOX,2,2,vst_mean_diff,3.1974410353175804,48,0.22916666666666666
HALLMARK_ESTROGEN_RESPONSE_EARLY,6.30715862503942e-4,0.0017007774075836906,0.36113382175844366,1.6032801449405312,3,181,SLC1A1;TIAM1;CCND1;STC2;MYB;AREG;KLF4;SVIL;SLC27A2;MYC;MYBL1;BCL2;MICB;KRT13;PMAIP1;TBC1D30;NXT1;ABHD2;SLC39A6;RRP12;LAD1;SLC26A2;CISH;CD44;CALB2;RBBP8;FHL2;SLC1A4;GAB2;SEMA3B;ASB13;IL17RB;RAB31;DHCR7;PPIF;FLNB;KRT18;ISG20L2;MYBBP1A;KAZN;SLC16A1;IGFBP4;FKBP4;AKAP1;MREG;SYT12,DT_vs_D,4 hours,NoCPT,DOX+TAM,DOX,2,2,vst_mean_diff,2.7693525217688637,46,0.2608695652173913
HALLMARK_ESTROGEN_RESPONSE_LATE,1.5820281601012498e-4,6.346860672198856e-4,0.3848507032437992,1.699018069796482,0,173,CDC6;TIAM1;CCND1;CA2;MYB;AREG;KLF4;GINS2;DUSP2;SLC27A2;FABP5;BCL2;MICB;ISG20;KRT13;PLK4;NXT1;XRCC3;CCNA1;ABHD2;STIL;SLC26A2;CISH;CD44;SLC29A1;RBBP8;ACOX2;LAMC2;SLC1A4;SEMA3B;IL17RB;GJB3;RAB31;DHCR7;PPIF;FLNB;HSPA4L;SLC16A1;IGFBP4;FKBP4;MEST;SORD;METTL3;CAV1;UGDH,DT_vs_D,4 hours,NoCPT,DOX+TAM,DOX,2,2,vst_mean_diff,3.1974410353175804,45,0.24444444444444444
HALLMARK_FATTY_ACID_METABOLISM,0.25863874345549737,0.31506901475487864,-0.23993668251521152,-1.0877917981405434,987,140,ALDH3A1;TP53INP2;GABARAPL1;HMGCS2;LTC4S;HMGCL;VNN1;ACOT2;CYP1A1;CRAT;GLUL;ALDH3A2;MAOA;ACADS;D2HGDH;LGALS1;CD36;GRHPR;ACOX1;PPARA;EHHADH;ALAD;ALDOA;ECI1;ACSL1;HADHB;ECHS1;ECH1;PSME1;SERINC1;ALDH1A1;GSTZ1;ETFDH;ACAA2;ACOT8;CPT2;EPHX1;ACSS1;CYP4A22;ACADM;IDH1;SDHD;AQP7;ACSM3;GPD1,DT_vs_D,4 hours,NoCPT,DOX+TAM,DOX,2,2,vst_mean_diff,0.501594305117498,45,0.17777777777777778
HALLMARK_G2M_CHECKPOINT,1.5617679212868969e-4,6.346860672198856e-4,0.6526760782502576,2.923510347474047,0,194,CDC6;CCND1;CDC25A;MCM6;EXO1;ORC6;GINS2;CHAF1A;E2F1;RBL1;MCM2;MCM5;LMNB1;MYC;MCM3;CKS2;POLQ;BRCA2;NOLC1;E2F2;CASP8AP2;EZH2;DBF4;KIF20B;PLK4;RPA2;FBXO5;RAD54L;CDC7;CDC45;MAD2L1;TRAIP;POLA2;TMPO;STIL;KIF23;CHEK1;LBR;CENPE;NDC80;NASP;CUL1;SUV39H1;AURKA;UCK2;XPO1;SLC7A1;BUB1;CCNA2;SLC12A2;CCNF;DKC1;POLE;SYNCRIP;G3BP1;HSPA8;KPNA2;TRA2B;BARD1;CENPA;SMC1A;HMGA1;TACC3;E2F3;MAP3K20;ORC5;PRMT5;FANCC;SNRPD1;ODC1;DMD;TTK;NCL;KIF15;SMARCC1;KMT5A;GSPT1;NUSAP1;KIF2C;ODF2;SQLE;MKI67;RAD23B;HNRNPD;NUP50;TOP1;SFPQ;PDS5B;HIRA;CDK1;HNRNPU;AMD1;SLC38A1;E2F4;NUP98;CKS1B;CBX1;MYBL2;PLK1;AURKB;NSD2;TNPO2;RASAL2;CDKN3;SRSF10;JPT1;CCNT1;KIF11;EWSR1;UBE2S;TPX2;ESPL1;HMMR;PRC1;SRSF2;CDK4;SS18;INCENP;TFDP1;MTF2;PBK;CDC27;RACGAP1;SRSF1;KIF22;KNL1;TENT4A;CUL4A,DT_vs_D,4 hours,NoCPT,DOX+TAM,DOX,2,2,vst_mean_diff,3.1974410353175804,128,0.2734375
HALLMARK_GLYCOLYSIS,3.1520882584712374e-4,0.0010056662538932043,0.36972288288805627,1.6360164553833738,1,175,ANGPTL4;STC2;NT5E;HK2;PFKP;ADORA2B;ENO2;ISG20;PKP2;NANP;IER3;EGFR;PMM2;P4HA1;MET;CD44;NASP;PAXIP1;AURKA;HSPA5;CLN6;PRPS1;EFNA3;NSDHL;VLDLR;CENPA;GNPDA1;VEGFA;B3GNT3;HOMER1;LHX9;POLR3K;FKBP4;LCT;IRS2;DEPDC1;ERO1A;ARTN;B4GALT4;PSMC4;CDK1;EXT1;MXI1,DT_vs_D,4 hours,NoCPT,DOX+TAM,DOX,2,2,vst_mean_diff,2.997546122799835,43,0.16279069767441862
HALLMARK_HEDGEHOG_SIGNALING,0.08528550512445095,0.1269806409630714,0.45252315265123594,1.386094110191085,465,24,L1CAM;CDK5R1;NRP2;NRP1;CDK6;VLDLR;VEGFA;HEY1;ETS2,DT_vs_D,4 hours,NoCPT,DOX+TAM,DOX,2,2,vst_mean_diff,0.8962624850579932,9,0.3333333333333333
HALLMARK_HEME_METABOLISM,0.021362898864250947,0.03766616378696877,-0.29061084069378107,-1.342724378903312,78,162,ERMAP;YPEL5;TNS1;SLC66A2;BPGM;PDZK1IP1;LMO2;SLC7A11;SIDT2;NFE2L1;DMTN;CCDC28A;PGLS;RIOK3;BLVRB;PIGQ;BCAM;BTG2;BNIP3L;LRP10;AQP3;SLC11A2;ALDH1L1;TFDP2;C3;ALDH6A1;KLF3;GCLM;ABCB6;PPP2R5B;AGPAT4;MGST3;SELENBP1;KAT2B;ALAD;PC;ADD1;SYNJ1;DCAF11;TMCC2;RNF19A;KHNYN;KDM7A;MBOAT2;ARL2BP;OPTN;SEC14L1;CLCN3;ATG4A;RANBP10;FBXO34;FOXO3;TNRC6B;RNF123;MKRN1;FECH;PPOX,DT_vs_D,4 hours,NoCPT,DOX+TAM,DOX,2,2,vst_mean_diff,1.4240486094486966,57,0.19298245614035087
HALLMARK_HYPOXIA,0.1965865992414665,0.2634260429835651,0.2564056584429202,1.1332328622388819,1243,174,AKAP12;F3;ANGPTL4;STC2;HK2;PFKP;NOCT;ADORA2B;BCL2;ENO2;ISG20;ETS1;NDRG1;PRKCA;IER3;EGFR;P4HA1;HS3ST1;HSPA5;PDK1;EFNA3;VLDLR;CAVIN1;JMJD6;VEGFA;RBPJ;PLAUR;PFKFB3;CAV1,DT_vs_D,4 hours,NoCPT,DOX+TAM,DOX,2,2,vst_mean_diff,0.5793412917700127,29,0.1724137931034483
HALLMARK_IL2_STAT5_SIGNALING,1.618384851917786e-4,6.346860672198856e-4,0.4795568607720976,2.0700249333573777,0,150,IL1RL1;CDC6;ETV4;SPRY4;BATF3;TIAM1;LRRC8C;CA2;SOCS2;NT5E;CCNE1;PTGER2;PTRH2;RGS16;EMP1;MYC;HK2;CD83;PNP;BCL2;ITGA6;SPRED2;NDRG1;UMPS;P4HA1;NRP1;TNFRSF21;CISH;CD44;MYO1E;NOP2;IL4R;SNX9;UCK2;NCS1,DT_vs_D,4 hours,NoCPT,DOX+TAM,DOX,2,2,vst_mean_diff,3.1974410353175804,35,0.11428571428571428
HALLMARK_IL6_JAK_STAT3_SIGNALING,0.24940898345153664,0.3150572038006593,-0.28540076613437115,-1.1207414143398349,1054,62,IL1R1;CSF1;PDGFC;STAT2;TNF;LTB;CXCL3;HMOX1;CD36;CSF3R;TNFRSF1A;STAM2;IL10RB;TYK2;LEPR;MAP3K8;CXCL10;IFNGR1,DT_vs_D,4 hours,NoCPT,DOX+TAM,DOX,2,2,vst_mean_diff,0.5016105857676059,18,0
HALLMARK_INFLAMMATORY_RESPONSE,0.06817075150137965,0.11140098416079112,0.3007236721263196,1.2809561961874731,419,135,SPHK1;F3;PTGER2;HAS2;RGS16;MYC;ADORA2B;INHBA;FZD5;ATP2B1;MET;SGMS2;PVR;IL7R;IL4R;SLC7A1;P2RX7;DCBLD2;PCDH7;PTGER4;CXCL11;TLR2;PLAUR;IL15RA;OSMR;NMI;CXCL8,DT_vs_D,4 hours,NoCPT,DOX+TAM,DOX,2,2,vst_mean_diff,0.9531109724144182,27,0.14814814814814814
HALLMARK_INTERFERON_ALPHA_RESPONSE,0.020256916996047432,0.03668144429013994,-0.33676801442544413,-1.4183886133257555,81,91,LPAR6;IFIT2;TMEM140;TXNIP;IFI44L;UBA7;SAMD9L;HELZ2;CSF1;STAT2;GBP4;IFIT3;EPSTI1;IFI27;DHX58;HERC6;LY6E;IRF7;IFI44;IFITM3;HLA-C;BATF2;CXCL10;LGALS3BP;PSME1;NCOA7;PROCR;PSMB8;IFITM2;TRIM5;ISG15,DT_vs_D,4 hours,NoCPT,DOX+TAM,DOX,2,2,vst_mean_diff,1.4355535728141946,31,0.22580645161290322
HALLMARK_INTERFERON_GAMMA_RESPONSE,0.0027063599458728013,0.006475932727624203,-0.32717862436356004,-1.5160032315638199,9,164,CIITA;IFIT2;ST3GAL5;TXNIP;IFI44L;TNFAIP2;TNFSF10;ARID5B;TNFAIP6;CFB;BTG1;BPGM;IFIT1;SAMD9L;HELZ2;STAT2;PML;TAPBP;C1R;GBP4;CFH;IFIT3;EPSTI1;NFKBIA;IFI27;GCH1;ITGB7;CDKN1A;CCL5;DHX58;HERC6;NCOA3;SPPL2A;LY6E;IRF7;IFI44;IFITM3;PSMB10;BATF2;CXCL10;LGALS3BP;SECTM1;LATS2;PTGS2;PSME1;PTPN6;VAMP8;PSMB8;IFITM2;RBCK1;APOL6,DT_vs_D,4 hours,NoCPT,DOX+TAM,DOX,2,2,vst_mean_diff,2.1886976713722373,51,0.23529411764705882
HALLMARK_KRAS_SIGNALING_DN,2.541942043721403e-4,8.515505846466701e-4,-0.42828428258097273,-1.862156296052704,0,109,HSD11B2;PTGFR;CLDN8;SYNPO;CALML5;UPK3B;EFHD1;IFI44L;PDK2;PRODH;KRT4;MTHFR;MAGIX;TGM1;CPEB3;MYO15A;NR4A2;ABCG4;BTG2;SGK1;SPTBN2;SPHK2;MAST3;AKR1B10;YBX2;THNSL2;KMT2D;YPEL1;SLC6A14;TG;SLC16A7;GPRC5C;TFCP2L1;ZBTB16;SNN;ATP6V1B1;ZC2HC1C;LYPD3;SKIL;FGGY;PLAG1;CLSTN3;P2RY4;EDN2;ASB7;SIDT1;LFNG;CCDC106,DT_vs_D,4 hours,NoCPT,DOX+TAM,DOX,2,2,vst_mean_diff,3.069789548546473,48,0.14583333333333334
HALLMARK_KRAS_SIGNALING_UP,1.6191709844559586e-4,6.346860672198856e-4,0.47400207423302315,2.0414339095710763,0,147,ETV5;AKAP12;ETV4;ALDH1A3;MALL;DUSP6;CA2;ANGPTL4;KLF4;TMEM158;ITGBL1;PLAT;ITGA2;PLEK2;ANO1;RGS16;EMP1;IL1RL2;G0S2;WNT7A;ETS1;INHBA;ADGRA2;LAPTM5;SCG5;NRP1;HDAC9;ENG;IL7R;PRKG2;MMD;SEMA3B;DCBLD2;MMP11;USP12;PRELID3B;PLAUR;GALNT3,DT_vs_D,4 hours,NoCPT,DOX+TAM,DOX,2,2,vst_mean_diff,3.1974410353175804,38,0.13157894736842105
HALLMARK_MITOTIC_SPINDLE,1.556178026766262e-4,6.346860672198856e-4,0.38474714595315207,1.728092387466476,0,198,TIAM1;EZR;RAPGEF5;LMNB1;CENPJ;BRCA2;SASS6;KIF20B;KNTC1;FBXO5;CDC42EP2;TUBA4A;ANLN;KIF23;CENPE;GEMIN4;NDC80;MYO1E;AURKA;BUB1;PCGF5;EPB41L2;SMC3;CKAP5;SMC1A;TUBGCP3;ARHGAP10;FLNB;RHOF;TRIO;FSCN1;TTK;KIF15;ARHGAP29;TUBGCP5;SHROOM1;NUSAP1;KIF2C;CDK1;CLIP1;DYNLL2;DST;NIN;PLK1;RFC1;DOCK4;RASAL2;VCL;ALMS1;TUBD1;CEP72;KIF11;MID1;ACTN4;CTTN;TPX2;MYH10;ESPL1;DLGAP5;RAPGEF6;PRC1;MAPRE1;INCENP;SPTBN1;CDC27;RACGAP1;RALBP1;DLG1;KIF22;ARHGAP4,DT_vs_D,4 hours,NoCPT,DOX+TAM,DOX,2,2,vst_mean_diff,3.1974410353175804,70,0.21428571428571427
HALLMARK_MTORC1_SIGNALING,1.5723270440251572e-4,6.346860672198856e-4,0.45125223439473,2.015048034738338,0,191,CDC25A;POLR3G;HMGCS1;MCM2;HK2;MCM4;PNP;PSMG1;UNG;RRM2;PNO1;TRIB3;TUBA4A;STIP1;IDI1;P4HA1;ELOVL6;PSAT1;AURKA;UCHL5;MTHFD2;HSPA5;FADS1;TFRC;PDK1;BUB1;SDF2L1;SLC1A4;CCNF;TUBG1;CACYBP;VLDLR;ABCF2;DHCR7;TMEM97;PITPNB;GMPS;PSMD12;ACLY;HSP90B1;TOMM40;PSMD14;FADS2;RRP9;NUFIP1;SORD;NUP205;ACSL3;ETF1;SQLE;ERO1A;HSPE1;EEF1E1;EIF2S2;PSMC4;MAP2K3;HSPA4;RPA1;ASNS;CCT6A;PDAP1;ADIPOR2;PLK1;HSPA9;HMGCR;SLC1A5;EGLN3;LDLR;CTH,DT_vs_D,4 hours,NoCPT,DOX+TAM,DOX,2,2,vst_mean_diff,3.1974410353175804,69,0.34782608695652173
HALLMARK_MYC_TARGETS_V1,1.5595757953836556e-4,6.346860672198856e-4,0.5957101807086176,2.670766043919655,0,195,MCM6;RFC4;MCM2;MCM5;MYC;MCM4;PCNA;USP1;NOLC1;NOP16;NOP56;MCM7;TYMS;EIF3J;CDC45;CTPS1;MAD2L1;SRSF7;U2AF1;SSB;CUL1;RSL1D1;DDX21;PPM1G;POLE3;XPO1;UBA2;CCNA2;EIF2S1;EIF4E;SYNCRIP;G3BP1;KPNA2;XPOT;TRA2B;PRPS2;PSMD7;NCBP2;SNRPG;ABCE1;CCT2;SNRPD1;PSMD14;NME1;ODC1;EXOSC7;SMARCC1;DDX18;RRP9;GNL3;GSPT1;CCT5;UBE2E1;SSBP1;PA2G4;ETF1;DEK;CDK2;RAD23B;HNRNPD;HSPE1;CSTF2;EIF2S2;SRPK1;PSMC4;RANBP1;CBX3;PWP1;HNRNPU;SNRPA1;SERBP1;FBL;CNBP;HNRNPR;EIF1AX;DHX15;CCT7;SNRPB2;PSMD8;RUVBL2;TCP1;LDHA;PTGES3;SRSF2;EIF3D;CDK4;HSP90AB1;TFDP1;IMPDH2;CCT3;NCBP1;PCBP1;SRSF1;GLO1;HSPD1;ACP1;C1QBP;NDUFAB1;LSM7;HDAC2;TARDBP;RPL14;BUB3;PSMD3;HPRT1;VDAC1;XRCC6;STARD7;SRSF3;HDDC2;PSMD1;VDAC3;PSMA6;PGK1;EIF4A1;HNRNPA3;ORC2;KPNB1;ERH;RRM1;APEX1,DT_vs_D,4 hours,NoCPT,DOX+TAM,DOX,2,2,vst_mean_diff,3.1974410353175804,121,0.5537190082644629
HALLMARK_MYC_TARGETS_V2,1.7385257301808066e-4,6.346860672198856e-4,0.7343306444189083,2.7104171248359643,0,57,DUSP2;MCM5;MYC;HK2;MCM4;NOLC1;TCOF1;NOP16;UNG;NOP56;PLK4;WDR43;RRP12;NOP2;NIP7;IMP4;UTP20;NOC4L;PES1;TMEM97;MRTO4;MYBBP1A;PPAN;DDX18;RRP9;GNL3;TFB2M;SORD;PPRC1;PUS1;BYSL;PA2G4;LAS1L;MPHOSPH10;HSPE1;FARSA;CBX3;PLK1;NDUFAF4;PRMT3;GRWD1,DT_vs_D,4 hours,NoCPT,DOX+TAM,DOX,2,2,vst_mean_diff,3.1974410353175804,41,0.2926829268292683
HALLMARK_NOTCH_SIGNALING,0.05832122093023256,0.09768804505813954,0.4543443622817405,1.4441417635556741,320,28,CCND1;FZD5;JAG1;PRKCA;ST3GAL6;CUL1,DT_vs_D,4 hours,NoCPT,DOX+TAM,DOX,2,2,vst_mean_diff,1.0101585814497187,6,0.16666666666666666
HALLMARK_OXIDATIVE_PHOSPHORYLATION,0.12016925246826517,0.16773624823695346,-0.24397957948085272,-1.159295129818201,425,200,PDK4;ATP6V1H;GPX4;TCIRG1;NDUFB5;ATP5F1D;UQCR11;MAOB;NDUFA2;ALDH6A1;BDH2;MGST3;ATP6AP1;ECI1;HADHB;ATP1B1;SURF1;SLC25A6;NDUFS8;NDUFB1;ECHS1;NDUFS7;ECH1;COX15;SLC25A3;ETFDH;ATP6V0C;COX6B1;CYC1;ACAA2;PDHX;NDUFB7;COX6C;COX8A;NDUFS6;COX6A1;UQCRH;COX7A2L;ACADM;IDH1;NDUFV1;SDHD;RHOT2;COX4I1;NDUFA7;NDUFS3;ATP6V1D;ETFB;ATP5MG;NDUFC2;UQCRC1;NDUFB8;NDUFS1;ATP5F1B;SLC25A11;NDUFB3;NDUFS2;CS;DECR1;MDH1;COX17;SDHC;OGDH;NDUFB2;ATP5MC3;ATP5PD;ATP5F1A;RHOT1;BCKDHA;UQCRFS1;ATP5MC2;ACAA1;ISCU;ATP5PO;DLD;NDUFA1;MDH2;PHYH;ATP5PB;NDUFC1;ACADVL;NNT;TIMM8B;ACO2;TIMM50,DT_vs_D,4 hours,NoCPT,DOX+TAM,DOX,2,2,vst_mean_diff,0.7753730750911272,85,0.3764705882352941
HALLMARK_P53_PATHWAY,0.005216913783635365,0.010922913234486546,-0.3027341371742188,-1.4336167953382009,18,191,NUPR1;MXD4;ALOX15B;SERTAD3;TP63;TXNIP;ANKRA2;TAX1BP3;BTG1;VWA5A;RXRA;KIF13B;SLC7A11;PLK2;ZFP36L1;PLXNB2;IP6K2;TNFSF9;ITGB4;CD82;MKNK2;ZMAT3;APAF1;DGKA;PIDD1;TRAF4;CTSD;BTG2;HMOX1;TOB1;HEXIM1;PTPN14;CLCA2;RNF19B;NINJ1;CSRNP2;CDKN1A;NOTCH1;ABHD4;FUCA1;TP53;FDXR;TCN2;PMM1;STEAP3;DDIT3;CCNG1;BMP2;RALGDS;NHLH2;ZBTB16,DT_vs_D,4 hours,NoCPT,DOX+TAM,DOX,2,2,vst_mean_diff,1.9616615161251518,51,0.37254901960784315
HALLMARK_PANCREAS_BETA_CELLS,0.7709437963944857,0.8198926088639769,-0.2783217549361374,-0.7788473330132634,3634,15,LMO2;PAK3;MAFB,DT_vs_D,4 hours,NoCPT,DOX+TAM,DOX,2,2,vst_mean_diff,0.0862430286310458,3,0
HALLMARK_PEROXISOME,0.4732077318326401,0.5373714920811337,-0.2362608801220047,-0.9899226695104434,1933,87,HSD11B2;DHRS3;HMGCL;CRABP2;CRAT;PEX6;EPHX2;ACOX1;BCL10;DLG4;PEX11B;EHHADH;PEX11A;SEMA3C;ABCB9;CTBP1;ERCC1;ACSL1;ECH1;FIS1;TSPO;ALDH1A1;SIAH1;ACOT8;ABCD1;CLN8;IDH1;PABPC1;PRDX5;ALDH9A1;MVP;GSTK1;SOD2;HSD17B11;STS,DT_vs_D,4 hours,NoCPT,DOX+TAM,DOX,2,2,vst_mean_diff,0.26972537690592835,35,0.3142857142857143
HALLMARK_PI3K_AKT_MTOR_SIGNALING,0.6210950621430971,0.6935561527264584,0.2284347713462717,0.9199416775835023,3697,91,TIAM1;E2F1;TRIB3;THEM4;EGFR;PDK1;UBE2N;EIF4E;RPS6KA3;HSP90B1;PRKAA2;CDK2;PLCB1;MAP2K3;CDK1;CAB39;SFN;TRAF2;MAPK8,DT_vs_D,4 hours,NoCPT,DOX+TAM,DOX,2,2,vst_mean_diff,0.1589183711703689,19,0.21052631578947367
HALLMARK_PROTEIN_SECRETION,0.9974987493746873,1,0.14930540403984,0.6054322737899854,5981,95,CAV2;EGFR;ARFGAP3;KRT18;RPS6KA3;TSPAN8;ZW10;DST;SEC31A;SEC24D;TPD52;GOLGA4;ICA1;DNM1L;LMAN1;STAM;PPT1;NAPG;GLA;USO1;ARCN1;TMED2;M6PR;SNX2;YKT6;RAB5A;COG2,DT_vs_D,4 hours,NoCPT,DOX+TAM,DOX,2,2,vst_mean_diff,-0,27,0.4074074074074074
HALLMARK_REACTIVE_OXYGEN_SPECIES_PATHWAY,0.2982859162396183,0.350616778737797,0.31157564693823947,1.105787885852753,1687,46,PFKP;SRXN1;HHEX;MBP;PRNP;OXSR1;HMOX2;ABCC1;SCAF4;ATOX1,DT_vs_D,4 hours,NoCPT,DOX+TAM,DOX,2,2,vst_mean_diff,0.45516730461735666,10,0.2
HALLMARK_TGF_BETA_SIGNALING,0.28462251042149145,0.3405305035399987,-0.29047887373736603,-1.1083687788198036,1228,53,ID3;ID1;SMAD6;ID2;NCOR2;JUNB;SERPINE1;BMPR2;RHOA;BMP2;XIAP;FURIN;SKIL;PPP1CA;ACVR1,DT_vs_D,4 hours,NoCPT,DOX+TAM,DOX,2,2,vst_mean_diff,0.46784397941713185,15,0.3333333333333333
HALLMARK_TNFA_SIGNALING_VIA_NFKB,0.017516174846141708,0.03259954763031929,0.3104518526283802,1.3798432299766967,110,183,FOSL1;SPHK1;CLCF1;CCND1;F3;DUSP5;AREG;KLF4;TUBB2A;DUSP2;MYC;CD83;BCL2A1;FUT4;SOCS3;G0S2;DUSP4;INHBA;PANX1;EGR2;JAG1;ATP2B1;IER3;CD44;IL7R;PHLDA1;VEGFA;PTGER4;NR4A3;CXCL11;TLR2;PLAUR;PMEPA1;PFKFB3;IL15RA;FJX1;ETS2;IRS2,DT_vs_D,4 hours,NoCPT,DOX+TAM,DOX,2,2,vst_mean_diff,1.486788426405043,38,0.13157894736842105
HALLMARK_UNFOLDED_PROTEIN_RESPONSE,1.6553550736633007e-4,6.346860672198856e-4,0.49603599218003536,2.046259034533965,0,107,STC2;TUBB2A;NOLC1;EXOSC9;NOP56;DDX10;EXOSC2;CHAC1;GEMIN4;PSAT1;MTHFD2;HSPA5;CEBPG;EIF2S1;EIF4E;SLC1A4;DKC1;SDAD1;XPOT;PDIA5;HYOU1;EXOSC10;VEGFA;EIF4EBP1;HSP90B1;FUS;RRP9;SRPRB;ERO1A;BAG3;ASNS;KHSRP;CKS1B;SPCS3;SEC31A;HSPA9;LSM1;ALDH18A1;FKBP14;NOP14;EIF4A3;CNOT4;ATF4;DNAJC3;NFYA;SERP1;EXOSC4;IMP3;MTREX;DNAJA4;TATDN2;SRPRA;CNOT2,DT_vs_D,4 hours,NoCPT,DOX+TAM,DOX,2,2,vst_mean_diff,3.1974410353175804,53,0.3584905660377358
HALLMARK_UV_RESPONSE_DN,0.08475957620211899,0.1269806409630714,0.29777276196589786,1.2597848672540344,519,128,MGLL;F3;HAS2;MYC;ADORA2B;PRKCA;IRS1;ATP2B1;INPP4B;SFMBT1;MET;NRP1;PPARG;SLC7A1;FYN;FHL2;TGFBR3;VLDLR;TJP1;GCNT1;MRPS31;SNAI2;AKT3;CAV1;ABCC1;NR1D2,DT_vs_D,4 hours,NoCPT,DOX+TAM,DOX,2,2,vst_mean_diff,0.8962624850579932,26,0.23076923076923078
HALLMARK_UV_RESPONSE_UP,0.005031650706054212,0.010874857977601038,0.35731460784116525,1.52200974956896,30,135,CA2;CCNE1;FEN1;RFC4;CTSV;ENO2;GRPEL1;POLG2;TUBA4A;PPAT;PARP2;STIP1;AGO2;GLS;DDX21;POLE3;SLC6A8;TFRC;TYRO3;CEBPG;CHRNA5;PPIF;NUP58;TGFBRAP1;CLTB;FKBP4;E2F5;PRPF3;DNAJA1;CDK2;ARRB2;SIGMAR1;HNRNPU;AMD1;ASNS;PDAP1;BTG3;CDC5L;EPCAM;HTR7,DT_vs_D,4 hours,NoCPT,DOX+TAM,DOX,2,2,vst_mean_diff,1.963576406092583,40,0.25
HALLMARK_WNT_BETA_CATENIN_SIGNALING,0.07380476277040537,0.11685391500893552,0.4224234453100772,1.3921246091465342,405,33,DKK1;MYC;FZD8;JAG1;TCF7;CUL1;RBPJ;HEY1;SKP2;AXIN1;NOTCH4;KAT2A;JAG2;HDAC2,DT_vs_D,4 hours,NoCPT,DOX+TAM,DOX,2,2,vst_mean_diff,0.9323567326658957,14,0.14285714285714285
HALLMARK_XENOBIOTIC_METABOLISM,5.292405398253506e-4,0.0015417007029694997,-0.3547508047932128,-1.6297235224198943,1,153,ALDH3A1;ATOH8;GABARAPL1;SLC46A3;DDAH2;CES1;GCNT2;CFB;PDK4;VNN1;FBP1;ACOX3;IL1R1;CYP1A1;ID2;AKR1C3;CYP27A1;MAOA;SERTAD1;BLVRB;GSTM4;PINK1;FBLN1;ACP2;HMOX1;AKR1C2;PROS1;CD36;NQO1;GCH1;NINJ1;ACOX1;GSR;PMM1;TNFRSF1A;ESR1;TKFC;SERPINE1;PC;PSMB10,DT_vs_D,4 hours,NoCPT,DOX+TAM,DOX,2,2,vst_mean_diff,2.8119999295698,40,0.1
PID_MYC_ACTIV_PATHWAY,1.7161489617298782e-4,6.346860672198856e-4,0.5261616914432277,2.039830849477709,0,74,FOSL1;CDCA7;CDC25A;MYC;PMAIP1;TERT;RIOX2;TAF4B;TFRC;EIF2S1;EIF4E;NDUFAF2;HMGA1;RUVBL1;HSP90AA1;E2F3;NME1;ODC1;NCL;DDX18;HSPA4;PDCD10;TAF9;ACTL6A;RCC1;RUVBL2;LDHA;CCNB1,DT_vs_D,4 hours,NoCPT,DOX+TAM,DOX,2,2,vst_mean_diff,3.1974410353175804,28,0.39285714285714285
REACTOME_ACTIVATION_OF_ATR_IN_RESPONSE_TO_REPLICATION_STRESS,1.7998560115190784e-4,6.346860672198856e-4,0.8162500802732152,2.761138464282103,0,37,MCM10;CDC6;CLSPN;CDC25A;MCM6;ORC6;ORC1;RFC4;RFC3;MCM2;MCM5;MCM4;MCM3;RFC5;MCM8;DBF4;MCM7;RPA2;CDC7;CDC45;RFC2;CHEK1,DT_vs_D,4 hours,NoCPT,DOX+TAM,DOX,2,2,vst_mean_diff,3.1974410353175804,22,0
REACTOME_CELL_CYCLE_CHECKPOINTS,1.529753709652746e-4,6.346860672198856e-4,0.6092496830766685,2.7956739808343283,0,241,MCM10;CDC6;CCNE2;CLSPN;CDC25A;MCM6;EXO1;CCNE1;ORC6;ORC1;BLM;RFC4;RFC3;MCM2;MCM5;ERCC6L;MCM4;MCM3;RFC5;RNF168;RMI1;BRIP1;DSN1;RMI2;MCM8;DNA2;BRCA1;CENPK;DBF4;AHCTF1;MCM7;CENPQ;KNTC1;RPA2;MIS12;CCNA1;CDC7;TOP3A;CHEK2;CDC45;MAD2L1;CDCA8;RNF8;RFC2;CHEK1;SPDL1;CENPE;NDC80;YWHAH;CENPU;RBBP8;ITGB3BP;ZWINT;SGO1;XPO1;YWHAG;BUB1;CCNA2;UBE2N;SGO2;PKMYT1;BUB1B;SEH1L;CKAP5;BARD1;KIF18A;CENPA;PSMD7;ZWILCH;CENPO;NUDC;NUP85;ORC5;RANGAP1;PSMD12;WEE1;PSMD14;CENPN;UBE2V2;BRCC3;CENPL;UBE2E1;RANBP2;UIMC1;KIF2C;ATRIP;CDK2;RAD1;ANAPC10;NUF2;NUP107;PSMC4;SPC25;NUP160;CDK1;SKA1;ZW10;CENPP;CLIP1;DYNLL2;RPA1;NUP98;PSMD6;PLK1;AURKB;NSD2;SFN;ANAPC7;ATR;GTSE1;DYNC1LI1;PSMD8,DT_vs_D,4 hours,NoCPT,DOX+TAM,DOX,2,2,vst_mean_diff,3.1974410353175804,112,0.08035714285714286
REACTOME_GLUCOSE_METABOLISM,1.726817475392851e-4,6.346860672198856e-4,0.47146910665149366,1.8061619265819373,0,69,HK2;PFKP;ENO2;NUP35;NUP153;NUP54;SEH1L;SLC37A2;GNPDA1;NUP210;NUP42;NUP85;NUP58;NDC1;NUP88;PFKFB3;NUP205;RANBP2;NUP93;NUP50;NUP107;NUP62;NUP160;NUP155;ADPGK;NUP98,DT_vs_D,4 hours,NoCPT,DOX+TAM,DOX,2,2,vst_mean_diff,3.1974410353175804,26,0.19230769230769232
REACTOME_MITOCHONDRIAL_TRANSLATION,0.003177788927914367,0.007341788212767675,0.40732120718011583,1.647372217796557,18,93,MRPS17;MRPS23;MRPL50;MRPS6;MRPL17;MRPS25;MRPL36;MRPS31;MRPL32;GFM1;MRPL3;MRPS5;MRPL58;MRPS26;MRPS10;MRPS2;MRPL4;PTCD3;MRPL46;MTFMT;MRPL39;MRPS18C;MTIF2;MRPL18;MTRF1L;MRPS21;MRPS11;MRPL16;MRPS18A;MRPL14;MRPL49;MRPL40;MRPS7;MRPL21;MRPL47;MRPL11;MRPL34;MRPL22;MRPL15;MRPS27;MRPL24;TSFM;MRPL35;MRPS22;MTIF3;MRPL33,DT_vs_D,4 hours,NoCPT,DOX+TAM,DOX,2,2,vst_mean_diff,2.1341981476654506,46,0.043478260869565216
REACTOME_MRNA_SPLICING,1.5511090429657206e-4,6.346860672198856e-4,0.5006327725833912,2.261831410602711,0,210,SRSF12;SRSF7;U2AF1;PHF5A;LSM6;HNRNPF;MAGOHB;SF3B4;PNN;SF3A3;POLR2D;PPIL1;PRPF19;CTNNBL1;MFAP1;PRPF4;BUD13;GCFC2;HSPA8;TRA2B;PPP1R8;RBM17;NCBP2;SNRPG;RBM25;SNRPD1;TCERG1;CHERP;YBX1;PRPF40A;SNU13;FUS;PRPF3;LSM5;WBP11;SRRM1;ALYREF;HNRNPD;SNRPF;HNRNPH1;DDX46;CWC22;HNRNPU;DDX41;MAGOH;SNRPA1;USP39;NSRP1;SRRT;POLR2F;U2SURP;CDC5L;HNRNPR;DHX15;SRSF10;PLRG1;SRSF11;SNRPB2;SNRNP40;SNW1;ISY1;DHX9;UPF3B;SRSF2;IK;CWF19L2;DHX35;EIF4A3;PPIG;DNAJC8;CACTIN;POLR2K;GPATCH1;SNRPB;NCBP1;PCBP1;SRSF1;LSM3;PPIE;LSM7;PDCD7;HNRNPK;ZCRB1;PRPF18;SUGP1;MTREX;C9orf78;DDX5;TFIP11;POLR2C;FAM32A;SNRPE;SNRNP25;SRSF3;CWC15;RBMX2;HNRNPA3;SRSF6;HNRNPH2;GTF2F2;PUF60;DDX42;AQR;RBM22;SRSF4;PRKRIP1;RNF113A;SMU1;PRPF38A;PRPF6;CWC27;POLR2B;HTATSF1;HNRNPA2B1;CRNKL1;PPIL4;POLR2J;SF1;RNPS1;PPWD1;CWC25;FAM50A;SRSF9;SF3B6,DT_vs_D,4 hours,NoCPT,DOX+TAM,DOX,2,2,vst_mean_diff,3.1974410353175804,124,0.27419354838709675
WP_ADIPOGENESIS,0.13617021276595745,0.18619192357794181,-0.27566273001057495,-1.190475163317449,543,104,ID3;MEF2D;RXRA;PLIN1;BMP4;STAT2;TNF;STAT5A;CEBPD;NCOA2;GATA3;NCOR2;GADD45B;LIPE;CYP26B1;SLC2A4;CDKN1A;KLF7;CFD;RORA;PPARA;DDIT3;SERPINE1;LPIN3;BMP2,DT_vs_D,4 hours,NoCPT,DOX+TAM,DOX,2,2,vst_mean_diff,0.7300391612795175,25,0.08
WP_AMINO_ACID_METABOLISM,0.7449536927095701,0.8050306034119548,-0.21553834497843866,-0.8649004456618918,3136,69,HMGCS2;HMGCL;PDK4;GLUL;MAOA;MPST;GSR;GCLM;EHHADH;PC;HNMT;ALDH1A1;PPM1L;PDHX;HAL;ACSS1;CPS1;ACADM;IDH1;GOT1,DT_vs_D,4 hours,NoCPT,DOX+TAM,DOX,2,2,vst_mean_diff,0.09418760951994752,20,0.2
WP_APOPTOSIS,0.0910185408138695,0.13257048335933166,-0.30871225014082365,-1.2698241683377856,377,78,CASP10;BBC3;TP63;TNFSF10;BCL2L11;TNF;APAF1;TNFRSF25;NFKBIA;TRADD;BNIP3L;NFKBIE;TP53;MAPK10;BAD;TNFRSF1A;IRF7;BIRC2;XIAP;CASP9,DT_vs_D,4 hours,NoCPT,DOX+TAM,DOX,2,2,vst_mean_diff,0.8775531602534004,20,0.1
WP_APOPTOSIS_MODULATION_AND_SIGNALING,0.11327175498298493,0.16147250178425512,-0.2978128513371244,-1.2335747414018723,465,81,BMF;CASP10;BBC3;TNFSF10;BCL2L11;IL1R1;TNFRSF10C;APAF1;MAPK3;PIDD1;TNFRSF25;NFKBIA;TRADD;TP53;BAD;TNFRSF1A,DT_vs_D,4 hours,NoCPT,DOX+TAM,DOX,2,2,vst_mean_diff,0.791901425903596,16,0.125
WP_CELL_CYCLE,1.6542597187758478e-4,6.346860672198856e-4,0.5918728036110821,2.4671570938928222,0,115,CDC6;CCNE2;CCND1;CDC25A;MCM6;CCNE1;ORC6;ORC1;E2F1;RBL1;MCM2;MCM5;MYC;MCM4;MCM3;PCNA;E2F2;TGFB2;SMC1B;DBF4;MCM7;CCNA1;CDC7;CHEK2;CDC45;CHEK1;CUL1;YWHAH;YWHAG;CDK6;BUB1;CCNA2;PKMYT1;SMC3;SMC1A;E2F3;ORC5;WEE1;TTK;E2F5;CDK2;ANAPC10;CDK1;E2F4;PRKDC;PLK1;SKP2;SFN;ANAPC7;ATR,DT_vs_D,4 hours,NoCPT,DOX+TAM,DOX,2,2,vst_mean_diff,3.1974410353175804,50,0.14
WP_DNA_REPLICATION,1.795654516071108e-4,6.346860672198856e-4,0.8231095737059771,2.8548625887516086,0,42,MCM10;CDC6;MCM6;GMNN;ORC6;ORC1;POLE2;RFC4;RFC3;MCM2;MCM5;MCM4;MCM3;RFC5;PCNA;PRIM1;DBF4;MCM7;RPA2;POLD3;CDC7;CDC45;POLA2;RFC2;POLE;POLA1;CDT1;RPA4;ORC5,DT_vs_D,4 hours,NoCPT,DOX+TAM,DOX,2,2,vst_mean_diff,3.1974410353175804,29,0
WP_ELECTRON_TRANSPORT_CHAIN_OXPHOS_SYSTEM_IN_MITOCHONDRIA,0.00124750499001996,0.003214724397359128,-0.3850041090495531,-1.6613988537203357,4,103,NDUFB5;ATP5F1D;MT-ND6;UQCR11;NDUFA2;MT-ND3;SURF1;SLC25A6;NDUFS8;NDUFB1;NDUFS7;COX15;DMAC2L;COX6B1;NDUFB7;COX6C;COX8A;NDUFS6;COX6A1;UQCRH;COX7A2L;NDUFV1;SDHD;COX4I1;NDUFA7;NDUFS3;ATP5MG;NDUFS5;COX7A1;NDUFC2;UQCRC1;NDUFA11;NDUFB8;NDUFS1;ATP5F1B;MT-ATP8;NDUFB3;NDUFS2;COX17;SDHC;NDUFB2;ATP5MC3;ATP5PD;ATP5F1A;UQCRFS1;ATP5MC2;ATP5PO;NDUFA1;ATP5PB;NDUFC1,DT_vs_D,4 hours,NoCPT,DOX+TAM,DOX,2,2,vst_mean_diff,2.492856253793162,50,0.42
WP_PROTEASOME_DEGRADATION,0.8504867872044506,0.8766556114261259,0.2120174901262029,0.7825573403075639,4891,57,PSMD7;PSMD12;PSMC4;PSMD6;PSMD8;PSME3;PSMC3;UBE2D2;UCHL1;UCHL3;PSMB7;PSMC5;PSMC2;PSMD3;PSME2;PSMD11;PSMD1;PSMA6;PSMA4;PSMC1;RPN1,DT_vs_D,4 hours,NoCPT,DOX+TAM,DOX,2,2,vst_mean_diff,0.05717098295260754,21,0.14285714285714285
WP_PYRIMIDINE_METABOLISM,1.7161489617298782e-4,6.346860672198856e-4,0.5633197393735127,2.183885678453689,0,74,POLR3G;POLE2;PRIM1;UPP1;RRM2;TYMS;POLD3;CTPS1;UMPS;POLA2;POLR2D;NT5M;POLE3;UCK2;POLR1B;POLE;POLA1;DHODH;POLR3F;POLR1C;DCK;POLR3E;POLR1E;NME1;POLR3K,DT_vs_D,4 hours,NoCPT,DOX+TAM,DOX,2,2,vst_mean_diff,3.1974410353175804,25,0.04
WP_RAS_SIGNALING,0.25392670157068065,0.3150572038006593,-0.23960443512050036,-1.089808558780372,969,143,CALML5;RASSF5;RGL1;PLA2G4B;SHC3;RGL2;KDR;PIK3R3;RRAS;REL;PLD2;MAPK3;PAK4;RAB5B;PLCE1;KSR1;SOS2;PLA2G10;KSR2;MAP2K2;PAK3;PLA2G6;PLCG2;MAPK10;BAD;GRIN1;RASA4;RHOA;RALGDS;RASAL1;GNG2;GNB2;PLA2G4C;RAC3;PAK6,DT_vs_D,4 hours,NoCPT,DOX+TAM,DOX,2,2,vst_mean_diff,0.5016105857676059,35,0.11428571428571428
GOBP_MITOCHONDRIAL_GENE_EXPRESSION,1.313370107696349e-4,0.0011775871766029247,0.4717368507810467,2.110782965381872,0,167,MRPS23;MRPS17;TRIT1;PTCD3;GFM1;TRMT10C;SLC25A33;MRPL3;MRPL1;TRMT61B;MRPS31;MRPL33;MRPL47;MRPL36;MRPL58;METTL8;TFAM;MRPS22;MRPL32;MRPL21;MRPS6;FASTKD5;TRNT1;PNPT1;MRPS18C;MRPL22;MRPS35;FASTKD2;MTIF2;MRPS25;GATB;MRPL55;GADD45GIP1;PRORP;MRPL17;MRPL16;MRPL4;TFB2M;MRPL50;THAP11;MRPL20;MRPL13;MRPS5;RARS2;TSFM;MRPS21;MRPL40;MTRF1L;MRPL24;MRPS26;FASTKD1;MRPL45;MALSU1;MRPL48;C1QBP;MTPAP;MRPL11;MPV17L2;MRPL51;MRPL39;CDK5RAP1;MTERF1;MRPL14;MRPS7;IARS2;ALKBH1;MRPS11;YARS2;MRPS10;LARS2;DAP3;MRPL19;SUPV3L1;GATC;MTO1;MRPL30;LRPPRC;MTIF3;TWNK;MRPL44;MRPS15;MRPL35;MTG1;MTERF3;FASTKD3;TRMT5;MRPS16;RMND1;MRPS27;NGRN;HSD17B10;FOXO3;MRPL15;MRPS30;MRPL18;MRPL42;MTRES1;CHCHD1,DT_vs_D,4 hours,CPT_low,DOX+TAM,DOX,2,2,vst_mean_diff,2.9290069322532744,98,0.07142857142857142
GOBP_MITOCHONDRIAL_RESPIRATORY_CHAIN_COMPLEX_ASSEMBLY,0.0016865776528460997,0.006263438347200149,0.4109266804999533,1.6904148743948753,11,96,IMMP2L;CHCHD7;NDUFAF2;NDUFAF4;SLC25A33;COA1;COX17;NDUFAF6;TFAM;COA4;NDUFAF7;NDUFS5;TMEM70;BCS1L;OMA1;NDUFS4;COA6;NDUFB3;COX16;CHCHD4;COA5;ATP23;NUBPL;FXN;NDUFAF8;NDUFC2;COX19;SAMM50;TIMMDC1;SDHAF2;DMAC1;NDUFA6;COX20;TIMM21;COA8;MT-ND2;PET100;FASTKD3;NDUFAF1;MT-ND5;NDUFB2;TTC19;AIFM1;NDUFAF5;HIGD1A;TMEM242;COX7A2;ACAD9;NDUFS1;NDUFS6;UQCC3;RAB5IF;SCO1;TMEM223;SDHAF1,DT_vs_D,4 hours,CPT_low,DOX+TAM,DOX,2,2,vst_mean_diff,2.2031871931033487,55,0.09090909090909091
GOBP_MITOCHONDRIAL_TRANSLATION,1.3640703860319192e-4,0.0011775871766029247,0.48666070677867096,2.0970172657953845,0,129,MRPS23;MRPS17;PTCD3;GFM1;TRMT10C;MRPL3;MRPL1;MRPS31;MRPL33;MRPL47;MRPL36;MRPL58;METTL8;MRPS22;MRPL32;MRPL21;MRPS6;MRPS18C;MRPL22;MRPS35;FASTKD2;MTIF2;MRPS25;GATB;MRPL55;GADD45GIP1;MRPL17;MRPL16;MRPL4;MRPL50;MRPL20;MRPL13;MRPS5;RARS2;TSFM;MRPS21;MRPL40;MTRF1L;MRPL24;MRPS26;MRPL45;MALSU1;MRPL48;C1QBP;MRPL11;MPV17L2;MRPL51;MRPL39;CDK5RAP1;MRPL14;MRPS7;IARS2;ALKBH1;MRPS11;YARS2;MRPS10;LARS2;DAP3;MRPL19;GATC;MRPL30;LRPPRC;MTIF3;MRPL44;MRPS15;MRPL35;MTG1;FASTKD3;MRPS16;RMND1;MRPS27;NGRN;MRPL15;MRPS30;MRPL18;MRPL42;CHCHD1,DT_vs_D,4 hours,CPT_low,DOX+TAM,DOX,2,2,vst_mean_diff,2.9290069322532744,77,0.07792207792207792
GOMF_HEAT_SHOCK_PROTEIN_BINDING,0.7088625069022639,0.8049794569907066,0.20800215898260804,0.880177336305884,5134,115,TFRC;DNAJC2;CAMKMT;PPID;HDAC8;TOMM34;FAF1;PTGES3L;CDK1;SSUH2;SACS;TFAM;AHSA1;CDC37L1;CHORDC1;HSPA8;STAU2;DNAJC6;HSPA9;DNAJC10;DNAJA1;FKBP5;DNAJC9;EEF1AKMT3;CDC37;SGTB;HSPA5;NR3C1;HSP90AB1;FKBP4;STIP1;TTC4;DNAJC8;HDAC2;PDXP,DT_vs_D,4 hours,CPT_low,DOX+TAM,DOX,2,2,vst_mean_diff,0.09421520265004149,35,0.37142857142857144
GOMF_RNA_ENDONUCLEASE_ACTIVITY,0.24586323034119198,0.34318409235124714,0.29643908316008133,1.1407190824923683,1678,66,PLD6;EXO1;RPP38;TSEN2;DICER1;ZC3H12C;ABCE1;NUDT16;PRORP;RIDA;PIWIL2;RPP25;CWF19L1;POP5;PPP1R8;APEX1;DBR1;ELAC1;POP4;RPP14;LACTB2;POP1;AGO2;RCL1;RNASEH1;EXOG;PIWIL4;FEN1;AGO3;RNASET2,DT_vs_D,4 hours,CPT_low,DOX+TAM,DOX,2,2,vst_mean_diff,0.46447285125511706,30,0.1
HALLMARK_ADIPOGENESIS,0.8273629693569271,0.8798939515383193,-0.17113762388300946,-0.8760988399228957,1916,186,PHLDB1;ADCY6;CCNG2;PIM3;STAT5A;ORM1;LIPE;CRAT;ACADS;PEX14;UCP2;BCL6;ABCA1;CD151;ARAF;CDKN2C;C3;BAZ2A;ABCB8;MIGA2;ESRRA;RAB34;SLC25A1;ALDOA;UCK1;GPX4;IFNGR1;SNCG;SLC27A1;PFKL;CYP4B1;TKT;SLC19A1;CHCHD10;LTC4S,DT_vs_D,4 hours,CPT_low,DOX+TAM,DOX,2,2,vst_mean_diff,0.05556966766466822,35,0.2571428571428571
HALLMARK_ANDROGEN_RESPONSE,0.045021037868162694,0.09426279803646564,0.3364364068697333,1.382161726602492,320,95,AKAP12;INPP4B;SORD;CCND1;NDRG1;UAP1;DBI;SGK1;NGLY1;ABCC4;STK39;XRCC5;HERC3;PDLIM5;GUCY1A1;GPD1L;HMGCS1;FKBP5;CDK6;XRCC6;SELENOP;MYL12A;SMS;UBE2J1;SRP19;RPS6KA3;TPD52;TSC22D1;SPCS3;SLC26A2;ELK4;ACSL3;PGM3;ANKH;ALDH1A3;ELL2;HSD17B14;PLPP1;RRP12;CENPN;NCOA4;HMGCR;PA2G4;LMAN1;VAPA;NKX3-1;KRT19;HPGD,DT_vs_D,4 hours,CPT_low,DOX+TAM,DOX,2,2,vst_mean_diff,1.025659673066073,48,0.4166666666666667
HALLMARK_ANGIOGENESIS,7.989773090444232e-4,0.0036975717439293597,0.6326152009989747,1.949084857084155,4,23,LPL;STC1;NRP1;THBD;JAG1;PTK2;COL5A2;PDGFA;TNFRSF21;S100A4,DT_vs_D,4 hours,CPT_low,DOX+TAM,DOX,2,2,vst_mean_diff,2.432083390639968,10,0.1
HALLMARK_APICAL_JUNCTION,4.0192926045016077e-4,0.00242929659173314,-0.32956846127323547,-1.6478367272688144,0,156,ICAM1;GRB7;CNN2;NECTIN4;AMIGO2;CRAT;INPPL1;ITGB4;CRB3;MAPK11;SHROOM2;PCDH1;RRAS;TMEM8B;PKD1;ALOX15B;GAMT;SPEG;COL16A1;B4GALT1;PLCG1;ZYX;SDC3;CLDN8;MMP2;MVD;NECTIN2;SORBS3;TGFBI;VCAN;THBS3;AKT2;SYMPK;SRC;PBX2;BMP1;CD99;ACTB;ADAM15;IKBKG;FBN1;TAOK2;MYH9;MAP4K2;CERCAM;COL17A1;CLDN9;JUP;PIK3R3;LDLRAP1;NRTN,DT_vs_D,4 hours,CPT_low,DOX+TAM,DOX,2,2,vst_mean_diff,2.6145194591390046,51,0.23529411764705882
HALLMARK_APICAL_SURFACE,0.18848314606741573,0.2806304619225968,-0.32968749840527084,-1.2046547535701586,670,32,SHROOM2;TMEM8B;NCOA6;B4GALT1;IL2RG;GATA3;HSPB1;ATP6V0A4;EPHB4;CROCC;FLOT2,DT_vs_D,4 hours,CPT_low,DOX+TAM,DOX,2,2,vst_mean_diff,0.5518651888784003,11,0.2727272727272727
HALLMARK_APOPTOSIS,0.1519134132199459,0.236702295017125,-0.23458532400706408,-1.1519618535596263,392,140,BMF;TIMP2;ERBB2;HMOX1;PPP2R5B;RNASEL;CREBBP;SATB1;FDXR;ERBB3;TNFSF10;F2R;GUCY2D;CDKN1A;GSN;HSPB1;MMP2;IFITM3;BMP2;RHOT2;MADD;GNA15;CDC25B;CDKN1B;GPX4;IFNGR1;CASP2;MGMT;IRF1;SQSTM1;BIRC3;AIFM3;TXNIP;RELA;DAP;ADD1;TAP1;EBP;CD14,DT_vs_D,4 hours,CPT_low,DOX+TAM,DOX,2,2,vst_mean_diff,0.6257975312198768,39,0.28205128205128205
HALLMARK_CHOLESTEROL_HOMEOSTASIS,0.9494860499265786,0.9562109025915997,0.17827366943811332,0.691181709986933,6465,69,LPL;FABP5;ATF3;SEMA3B;JAG1;CBS;FBXO6;CLU;HMGCS1,DT_vs_D,4 hours,CPT_low,DOX+TAM,DOX,2,2,vst_mean_diff,0.019446308843140383,9,0.1111111111111111
HALLMARK_COAGULATION,0.2877180978446801,0.39341046031823607,-0.23790527362564506,-1.0855998412056305,840,90,MMP14;PLAU;MMP15;CAPN5;RAPGEF3;CFB;SERPINC1;C3;GNB2;GSN;LRP1;MMP2;CTSO;CRIP2;TF;MAFF;C2;MST1;SIRT2;PDGFB;BMP1;PRSS23;RABIF;FBN1;HMGCS2,DT_vs_D,4 hours,CPT_low,DOX+TAM,DOX,2,2,vst_mean_diff,0.4051540968872115,25,0.16
HALLMARK_COMPLEMENT,0.07134268537074148,0.13657028342399083,-0.24502692096625767,-1.2275128153049282,177,157,CXCL1;MMP14;TIMP2;MMP15;BRPF3;PRKCD;MSRB1;IRF2;CFB;IRF7;PLA2G7;SPOCK2;CTSD;SERPINC1;RHOG;CEBPB;CCL5;APOBEC3G;KCNIP3;C3;GNB2;S100A9;LRP1;GATA3;CTSO;CDA;KLK1;MAFF;C2,DT_vs_D,4 hours,CPT_low,DOX+TAM,DOX,2,2,vst_mean_diff,0.8646437892999639,29,0.2413793103448276
HALLMARK_DNA_REPAIR,0.30320074996651936,0.406289004955136,0.2450648833811534,1.0781270754260375,2263,147,RFC3;PNP;COX17;POLR1C;NCBP2;POLA1;NME1;HPRT1;ZWINT;UMPS;ELOA;SF3A3;POLR2K;NUDT9;TAF13;RAD51;BOLA2;ARL6IP1;TAF9;IMPDH2;MRPL40;GTF2H5;POLE4;ITPA;GTF2H1;RFC4;POLR2D;NT5C3A;POLR2C;GTF2A2;POLR2F;PDE6G;ERCC8;DUT;RNMT;REV3L;NELFE;NELFCD;SSRP1;RPA3;POLR2H;RFC5;SNAPC5;SRSF6;MPC2;RPA2;ALYREF;FEN1;CSTF3;GTF2B;CETN2;TMED2;CLP1,DT_vs_D,4 hours,CPT_low,DOX+TAM,DOX,2,2,vst_mean_diff,0.3911649304472142,53,0.11320754716981132
HALLMARK_E2F_TARGETS,1.2879958784131891e-4,0.0011775871766029247,0.4992505472881549,2.279018650446237,0,197,TIPIN;MCM6;CCNE1;RFC3;UNG;CKS2;CHEK2;TFRC;LYAR;CENPE;STAG1;PAICS;HELLS;RRM2;NOLC1;ESPL1;SPC25;BRCA1;CSE1L;BUB1B;MTHFD2;EXOSC8;GINS1;PHF5A;MAD2L1;ORC6;CDK1;MCM3;EZH2;DIAPH3;HMGA1;NOP56;NME1;KPNA2;CDC25A;ZW10;PRKDC;TOP2A;RAN;CDK4;HNRNPD;MMS22L;DCLRE1B;NUP205;PSMC3IP;NUP153;AK2;EIF2S1;TMPO;NUP107;CTPS1;RAD51AP1;SLBP;CCP110;PSIP1;UBE2T;DLGAP5;MRE11;TRA2B;CKS1B;GINS3;MELK;LBR;DSCC1;PNN;RANBP1;PRIM2;MCM4;CDKN3;PDS5B;NASP;MSH2;LMNB1;XRCC6;PPP1R8;GSPT1;POLE4;ANP32E;LUC7L3;CHEK1;MKI67;PRPS1;PLK4;RAD50;DUT;XPO1;MLH1;SSRP1;RPA3;PMS2;CNOT9;WEE1;KIF18B;JPT1;RPA2,DT_vs_D,4 hours,CPT_low,DOX+TAM,DOX,2,2,vst_mean_diff,2.9290069322532744,95,0.25263157894736843
HALLMARK_EPITHELIAL_MESENCHYMAL_TRANSITION,0.34393024815560025,0.4347797476684003,0.2392915696473959,1.0553205640976644,2563,151,GEM;LAMA2;OXTR;VIM;HTRA1;GLIPR1;INHBA;NT5E;PTHLH;FZD8;ITGA2;TPM2;SERPINE2;SLC6A8;SNTB1;MEST;SNAI2;FOXC2;COL5A2;SLIT2;PMP22;PCOLCE2;ID2;SFRP1;CCN1;TNFRSF11B;SDC4;RHOB;CALU;CD59;GADD45A;FAP;FSTL3;PVR;FGF2,DT_vs_D,4 hours,CPT_low,DOX+TAM,DOX,2,2,vst_mean_diff,0.36173069384219625,35,0.11428571428571428
HALLMARK_ESTROGEN_RESPONSE_EARLY,0.4822010692397966,0.566797748053796,0.2197606457006967,0.9927841507422231,3697,181,SLC1A1;EGR3;TUBB2B;SLC39A6;STC2;TIAM1;SLC27A2;PMAIP1;CALB2;IL17RB;TBC1D30;CCND1;NXT1;CISH;PPIF;SEMA3B;SLC16A1;SVIL;GLA;BCL2;FHL2;SLC19A2;SIAH2;CA12;KLF4,DT_vs_D,4 hours,CPT_low,DOX+TAM,DOX,2,2,vst_mean_diff,0.24657188391814247,25,0.08
HALLMARK_ESTROGEN_RESPONSE_LATE,0.12123602892833663,0.19811741312679398,0.2675597000683517,1.2013305712571856,921,173,ISG20;FABP5;DUSP2;EGR3;TIAM1;SLC27A2;SORD;SLC29A1;IL17RB;CCND1;NXT1;CYP4F11;SGK1;CISH;PPIF;SEMA3B;SLC16A1;GLA;BCL2;CDC6;MDK;MEST;HPRT1;SIAH2;GJB3;CA12;KLF4;TOP2A;CCNA1;HSPA4L;PTGER3;ID2;UGDH;TPD52L1;MYB;RABEP1;RBBP8;FKBP5;UNC13B;ACOX2;CHPT1;RAB31;STIL;DNAJC1;COX6C;PDCD4;FOXC1;ATP2B4;GAL;DYNLT3;PLK4;FKBP4;NRIP1;GPER1;MOCS2;SLC26A2,DT_vs_D,4 hours,CPT_low,DOX+TAM,DOX,2,2,vst_mean_diff,0.7030773513542969,56,0.19642857142857142
HALLMARK_FATTY_ACID_METABOLISM,0.7819285232636548,0.8588395255518833,0.19535044900857582,0.8523070997343135,5797,140,G0S2;ACSS1;AOC3;ODC1;ACSL4;CYP4A22;AADAT;ECI2;HIBCH;CBR1;HSPH1;CBR3;HSD17B11;RAP1GDS1;MAOA;MGLL;UGDH;HMGCS1;SUCLG2;ADSL;HSP90AA1;CRYZ;YWHAH;LDHA;HCCS;PCBD1;GPD2;HSDL2;SUCLG1;ACADM;APEX1;ENO2;SMS,DT_vs_D,4 hours,CPT_low,DOX+TAM,DOX,2,2,vst_mean_diff,0.06608797665536272,33,0.2727272727272727
HALLMARK_G2M_CHECKPOINT,1.290489095367144e-4,0.0011775871766029247,0.4297217573680095,1.9576406623643292,0,194,MCM6;EXO1;FBXO5;CKS2;CENPE;STAG1;ODC1;NOLC1;CCND1;ESPL1;NDC80;MNAT1;MAD2L1;DBF4;CDC6;ORC6;PBK;CDK1;MCM3;KIF20B;SNRPD1;EZH2;HMGA1;KIF15;PRMT5;POLQ;NCL;KPNA2;CDC25A;DKC1;CDC45;TTK;KIF23;CCNA2;TOP2A;BUB1;CDK4;ATRX;HNRNPD;RBL1;HNRNPU;HSPA8;SLC38A1;G3BP1;TMPO;AMD1;CUL1;CCNT1;TRA2B;CKS1B;BUB3;SMARCC1;SFPQ;RAD54L;LBR;MEIS1;UCK2;PRIM2;CENPA;CDKN3;PDS5B;NASP;LMNB1;GSPT1;UBE2C;SMC2;WRN;STIL;CHEK1;MKI67;FOXN3;PLK4;CENPF;XPO1;KNL1;CDC27;MAP3K20;JPT1;GINS2;RPA2;NUP50;TOP1;CUL5;SRSF10;TPX2;KATNA1;SYNCRIP;E2F3;SRSF1;NUP98;MTF2;TRAIP;RAD23B;KIF11;SMAD3;PRC1;CUL4A;CDC7;CCNF;SRSF2;AURKA,DT_vs_D,4 hours,CPT_low,DOX+TAM,DOX,2,2,vst_mean_diff,2.9290069322532744,101,0.31683168316831684
HALLMARK_GLYCOLYSIS,0.03225806451612903,0.07204301075268817,0.30103364069342353,1.3531870728011302,245,175,ISG20;HK2;STC2;NT5E;LCT;CTH;GNPDA1;STC1;NANP;HOMER1;FUT8;LHX9;B4GALT7;MXI1;CDK1;SLC25A13;ALG1;RPE;MPI;ADORA2B;P4HA1;ANGPTL4;B4GALT4;CYB5A;CLN6;ME2;MET;ECD;AGL;ALDH7A1;CHST4;CENPA;TXN;EXT1;NASP;SLC35A3;LDHA;GLCE;PGM2;PMM2;AK4;PSMC4;ENO2;ERO1A;HSPA5;PRPS1;COPB2;GCLC;FAM162A;IER3;HS2ST1;FKBP4;GALK2;PFKP;GAL3ST1;SLC25A10;PLOD2;PKP2;PPIA,DT_vs_D,4 hours,CPT_low,DOX+TAM,DOX,2,2,vst_mean_diff,1.1424081458531088,59,0.1864406779661017
HALLMARK_HEDGEHOG_SIGNALING,0.7543530672381462,0.8423609250825966,-0.236678867341453,-0.806331126901746,2815,24,ADGRG1;PML,DT_vs_D,4 hours,CPT_low,DOX+TAM,DOX,2,2,vst_mean_diff,0.07450178713904715,2,0.5
HALLMARK_HEME_METABOLISM,0.08993839835728953,0.1590008647909418,-0.23971460325440208,-1.2045724716551922,218,162,ERMAP;DMTN;PPP2R5B;AQP3;PIGQ;FN3K;SLC6A9;UCP2;LRP10;KEL;ALAD;BPGM;PC;C3;RAP1GAP;SPTB;TMCC2;VEZF1;ARL2BP;SLC66A2;BCAM;SIDT2;PDZK1IP1;NFE2L1;ABCB6;SYNJ1;NFE2;SLC2A1;CCND3;RNF123;FOXJ2;ADD1;PGLS;DAAM1;TNS1;GCLM;ALDH6A1;ATG4A;LMO2;E2F2,DT_vs_D,4 hours,CPT_low,DOX+TAM,DOX,2,2,vst_mean_diff,0.7986005135857581,40,0.175
HALLMARK_HYPOXIA,0.33530494216614093,0.43202752163714314,0.2355347994140647,1.057898406461534,2550,174,AKAP12;ISG20;F3;ETS1;HK2;STC2;NOCT;ATF3;STC1;NDRG1;PDK1;PYGM;BCL2;MXI1;HAS1;ADORA2B;P4HA1;ANGPTL4;SIAH2;CA12;CDKN1C;PLIN2;GBE1;SLC2A5;CCN1;S100A4;EXT1;SDC4;KLF6;LDHA;PGM2;TPST2;TIPARP;AK4;ENO2;ERO1A;HSPA5;NR3C1;CAVIN1;KDM3A;FAM162A;IER3;TPD52,DT_vs_D,4 hours,CPT_low,DOX+TAM,DOX,2,2,vst_mean_diff,0.3644885862535402,43,0.13953488372093023
HALLMARK_IL2_STAT5_SIGNALING,0.0029482712409541678,0.00858844231060562,0.3567908788270442,1.5727645408884166,21,150,BATF3;IL1RL1;RGS16;SOCS2;GPR83;HK2;CCNE1;NT5E;TIAM1;LRRC8C;CD83;PNP;ODC1;NDRG1;PTRH2;PRNP;CISH;BCL2;CDC6;NRP1;EMP1;RABGAP1L;SNX9;P4HA1;CDKN1C;MYO1E;UMPS;LCLAT1;SOCS1;PHTF2;PLIN2;TNFRSF21;NOP2;PHLDA1;UCK2;SH3BGRL2;FAH;KLF6;PLAGL1;RHOB,DT_vs_D,4 hours,CPT_low,DOX+TAM,DOX,2,2,vst_mean_diff,2.0660855971993706,40,0.075
HALLMARK_IL6_JAK_STAT3_SIGNALING,0.0783039306716187,0.14573231541662368,-0.30549051130413124,-1.297696511880998,252,62,CXCL1;CSF1;IRF9;HMOX1;LTB;CXCL3;TNFRSF1A;IL2RG;TYK2;CSF3R;IFNGR1;IRF1;STAM2;CD14;GRB2;IL10RB;LTBR;IL18R1;STAT2;CD36;TNF;STAT3;ACVR1B;BAK1;PTPN1;IL4R,DT_vs_D,4 hours,CPT_low,DOX+TAM,DOX,2,2,vst_mean_diff,0.836444134908287,26,0.038461538461538464
HALLMARK_INFLAMMATORY_RESPONSE,0.09017959495605656,0.1590008647909418,-0.24846319637718353,-1.2122701613984903,235,135,ICAM1;CSF1;MMP14;TNFSF9;TLR1;CCL22;SCARF1;TAPBP;IRF7;CXCL8;PTAFR;ABCA1;TLR3;RHOG;CCL5;TNFSF10;CD70;P2RY2;CDKN1A;CD82;MYC;RNF144B;GNA15;CSF3R;NOD2;LY6E;OPRK1;IRF1;RELA;NFKBIA;CD14;BEST1;P2RX7;STAB1,DT_vs_D,4 hours,CPT_low,DOX+TAM,DOX,2,2,vst_mean_diff,0.7986005135857581,34,0.11764705882352941
HALLMARK_INTERFERON_ALPHA_RESPONSE,0.002051983584131327,0.006874145006839945,-0.36454743969093906,-1.6657209321501705,5,91,NCOA7;CSF1;IFIT2;IRF9;IRF2;IFIT3;UBA7;GBP4;IRF7;HELZ2;TMEM140;LGALS3BP;SP110;RNF31;LPAR6;MOV10;IFITM3;SAMD9L;ISG15;LY6E;MVB12A;DHX58;IRF1;CNP;TXNIP;EPSTI1;TAP1;IFI27;CD74;IFITM2;PSME1;PSMB8,DT_vs_D,4 hours,CPT_low,DOX+TAM,DOX,2,2,vst_mean_diff,2.1627813108653338,32,0.1875
HALLMARK_INTERFERON_GAMMA_RESPONSE,8.278145695364238e-4,0.0036975717439293597,-0.3032185560377351,-1.5270697454379916,1,164,TNFAIP2;ICAM1;PTGS2;IFIT2;PML;PTPN6;IRF9;IRF2;TAPBP;IFIT3;CFB;GBP4;IRF7;ITGB7;HELZ2;APOL6;KLRK1;SECTM1;CCL5;BPGM;LGALS3BP;TNFSF10;SP110;RNF31;CDKN1A;IFITM3;AUTS2;SAMD9L;ST3GAL5;ARID5B;ISG15;MVP;LY6E;DHX58;IRF1;RBCK1;TXNIP;NFKBIA;EPSTI1;TAP1;CIITA;IFI27;ARL4A;CD74;IFITM2;PSME1;PSMB8,DT_vs_D,4 hours,CPT_low,DOX+TAM,DOX,2,2,vst_mean_diff,2.432083390639968,47,0.23404255319148937
HALLMARK_KRAS_SIGNALING_DN,0.0017761989342806395,0.006263438347200149,-0.33182076119819176,-1.5653205262294947,4,109,SYNPO;TGM1;KRT4;PRODH;PDK2;ABCG4;KMT2D;MAST3;UPK3B;BMPR1B;ALOX12B;SPTBN2;MTHFR;GAMT;SNN;NR4A2;ZBTB16;SPHK2;SHOX2;CLDN8;KLK7;GPRC5C;TFCP2L1;CALML5;YPEL1;LFNG;KLHDC8A;SLC6A14;CLSTN3;COQ8A;GDNF;EFHD1;P2RY4;CDH16;MAGIX,DT_vs_D,4 hours,CPT_low,DOX+TAM,DOX,2,2,vst_mean_diff,2.2031871931033487,35,0.14285714285714285
HALLMARK_KRAS_SIGNALING_UP,0.0026784518548279095,0.008157103376066815,0.3618850167156311,1.5920601488435489,19,147,AKAP12;G0S2;TMEM158;RGS16;TNNT2;MALL;ETS1;INHBA;ITGA2;CCL20;PLEK2;IL1RL2;PDCD1LG2;ENG;SEMA3B;GALNT3;EREG;NRP1;EMP1;F2RL1;SDCCAG8;RABGAP1L;ANGPTL4;KLF4;EPHB2;PTBP2;ID2;ANO1;MMD;DCBLD2;GUCY1A1;LAT2;USP12;PRELID3B;WNT7A;ZNF639,DT_vs_D,4 hours,CPT_low,DOX+TAM,DOX,2,2,vst_mean_diff,2.0884640337856544,36,0.1111111111111111
HALLMARK_MITOTIC_SPINDLE,0.7988661254992914,0.8632908130395568,0.1876526748428058,0.856905964763447,6199,198,FBXO5;DOCK4;TIAM1;CENPE;ESPL1;NDC80;CENPJ;RAPGEF6;NET1;CDK1;KIF20B;KIF15;ALMS1;TTK;KIF23;CKAP5;EZR;TOP2A;BUB1;MYO1E;ANLN;DLG1;RASA2;ARHGAP29;DLGAP5;TUBD1;CDK5RAP2;PDLIM5;TRIO;CEP192;ARHGAP10;CCDC88A;RAPGEF5;SASS6;AKAP13,DT_vs_D,4 hours,CPT_low,DOX+TAM,DOX,2,2,vst_mean_diff,0.06384288073537941,35,0.22857142857142856
HALLMARK_MTORC1_SIGNALING,2.5957170668397143e-4,0.001932367149758454,0.38275355721929466,1.7393495033803115,1,191,POLR3G;HK2;UNG;TFRC;SORD;PNP;CTH;PSMG1;STC1;RRM2;PSMD14;ASNS;UCHL5;PNO1;PDK1;MTHFD2;GLA;P4HA1;CDC25A;HSPE1;HPRT1;BUB1;NUFIP1;CTSC;EEF1E1;NUP205;EIF2S2;UFM1;PSMA3;HSPA9;HSPD1;CACYBP;GBE1;HSP90B1;ELOVL6;HMGCS1;MCM4;IFRD1;LDHA;CCT6A;ETF1;GTF2H1;AK4;QDPR;PSMD12;PSMC4;PSMC2;PSAT1;ERO1A;SERP1;HSPA5;TRIB3;GCLC;ACTR3;M6PR;ACACA;ABCF2;IMMT;SKAP2;STIP1;UBE2D3;PSMA4;BHLHE40;PLOD2;TOMM40;PPIA;ACSL3;PSMD13;ADD3;PGK1;RPN1;COPS5;PPA1;USO1;HSPA4;RPA1;CANX;SSR1;BTG2;HMGCR;ACTR2;PSMC6;GMPS;TMEM97;CCNF;PITPNB;TCEA1;SLC1A4;DHCR7;AURKA;SLC7A11;ATP6V1D;LTA4H;MTHFD2L;CYP51A1;FKBP2;PRDX1;PLK1;IDI1;VLDLR,DT_vs_D,4 hours,CPT_low,DOX+TAM,DOX,2,2,vst_mean_diff,2.7139103541289553,100,0.43
HALLMARK_MYC_TARGETS_V1,1.288825879623663e-4,0.0011775871766029247,0.5542511244424572,2.5272215110990657,0,195,MCM6;EIF3J;NOP16;SSBP1;ODC1;NOLC1;SSB;PSMD14;EIF4E;PWP1;PSMD7;SNRPA1;MAD2L1;SNRPG;HDDC2;CCT2;SNRPD1;POLE3;SRSF7;NCBP2;NOP56;XPOT;NME1;KPNA2;HSPE1;HPRT1;DDX21;CDC45;CBX3;CCNA2;RSL1D1;DDX18;RAN;TCP1;CDK4;HNRNPD;U2AF1;SNRPB2;EIF2S2;CCT5;HNRNPU;EIF2S1;G3BP1;ABCE1;CUL1;CTPS1;CNBP;EXOSC7;HNRNPA2B1;GNL3;HSPD1;NPM1;EIF1AX;TRA2B;NCBP1;PSMA6;BUB3;PSMD1;PRPS2;SMARCC1;VDAC3;ERH;AP3S1;SERBP1;RANBP1;EEF1B2;GLO1;RPL6;MCM4;IMPDH2;DHX15;IFRD1;CCT7;XRCC6;FBL;SRSF3;UBA2;LDHA;GSPT1;SNRPD2;ETF1;EIF4A1;SRPK1;RPL22;HNRNPA3;APEX1;PSMC4;RFC4;CCT3;RRM1;SET;EIF4G2;UBE2E1;C1QBP;ACP1;EIF3D;HSP90AB1;HNRNPC;HNRNPA1;NDUFAB1;DUT;RPL14;XPO1;CLNS1A;SNRPD3;PSMA4;PSMA1;HDAC2;VDAC1;NHP2;LSM7;PPIA;STARD7;RPL34;YWHAE;PPM1G;DEK;ILF2;TXNL4A;PGK1;COPS5;CCT4;SYNCRIP;SRSF1;RAD23B;CANX;PSMC6;RUVBL2;PA2G4;EIF3B;HNRNPR;RPS10;PSMA7;SRSF2;RPS6,DT_vs_D,4 hours,CPT_low,DOX+TAM,DOX,2,2,vst_mean_diff,2.9290069322532744,135,0.6148148148148148
HALLMARK_MYC_TARGETS_V2,2.9770765108663293e-4,0.0019946412622804405,0.5427853712747776,2.0314507898602976,1,57,DUSP2;HK2;UNG;SORD;NIP7;NOP16;NOLC1;NDUFAF4;MPHOSPH10;NOC4L;LAS1L;NOP56;PRMT3;HSPE1;CBX3;DDX18;WDR74;UTP20;CDK4;MRTO4;GNL3;HSPD1;NPM1;TFB2M;NOP2;WDR43;MCM4;PES1;IMP4,DT_vs_D,4 hours,CPT_low,DOX+TAM,DOX,2,2,vst_mean_diff,2.7001352011408377,29,0.41379310344827586
HALLMARK_NOTCH_SIGNALING,0.06701599558742416,0.13206093248110057,-0.39735147132924875,-1.4086403636789802,242,28,WNT5A;DTX2;DTX4;NOTCH3;NOTCH1,DT_vs_D,4 hours,CPT_low,DOX+TAM,DOX,2,2,vst_mean_diff,0.8792256405026062,5,0.4
HALLMARK_OXIDATIVE_PHOSPHORYLATION,0.0023062139654067906,0.007357920746774047,0.3321694967163721,1.5202285575670424,17,200,SLC25A20;GRPEL1;COX17;TIMM17A;MAOB;MRPS22;LDHB;ACADSB;OPA1;HSPA9;CYB5A;OAT;VDAC3;TIMM9;ISCA1;COX11;TIMM10;NDUFA1;NDUFS4;CYCS;MTRR;NDUFB3;LDHA;HCCS;UQCRQ;NDUFV2;ATP5PF;NQO2;COX7B;UQCRB;TIMM8B;ATP5PO;UQCRC2;NDUFA9;SUCLG1;ACADM;AFG3L2;COX6C;SDHB;ATP5ME;POLR2F;IDH3A;ATP5F1C;MRPL11;NDUFAB1;ACAT1;FXN;NDUFA5;IMMT;ETFA;NDUFC2;VDAC1;ATP5F1E;COX7C;ATP5MG;NDUFB8;MRPS11;FH;NDUFC1;TOMM22;NDUFA4;NDUFA6;NDUFB6;PDHA1;MDH1;SUPV3L1;ATP6V0E1;LRPPRC;ATP5MC3;FDX1;SLC25A12;BDH2;MRPS15;ATP5PD;MRPL35;NDUFB4;UQCRH;ATP6V1D;ATP6V1G1;NDUFA2;PRDX3;DLAT;DLD;NDUFB2;AIFM1;SDHD;HSD17B10;HADHB;ATP5PB;MRPL15;MRPS30;ATP5F1A;COX7A2;GLUD1;MTX2;SUCLA2;NDUFS1;SDHC;NDUFB1;ACAA2;DECR1;NDUFS6;ATP6V1C1;NDUFA7;COX10;ETFDH;ATP5MC1;CPT1A;PDHX;ABCB7;ATP1B1;COX6A1,DT_vs_D,4 hours,CPT_low,DOX+TAM,DOX,2,2,vst_mean_diff,2.133244894328223,112,0.3125
HALLMARK_P53_PATHWAY,0.0043535045711798,0.011667392250761865,-0.27557355575353243,-1.4171959443876652,9,191,MXD4;TNFSF9;RXRA;INHBB;TAX1BP3;SERTAD3;NUPR1;MKNK2;ABHD4;HMOX1;PIDD1;DDIT4;ITGB4;APAF1;NINJ1;EPS8L2;NOTCH1;FUCA1;ALOX15B;CTSD;TRAF4;ZBTB16;FOS;VWA5A;FDXR;PLXNB2;TP53;F2R;CDKN1A;DDB2;CD82;SDC1;AK1;BMP2;RAB40C;VDR;GM2A;CLCA2;AEN;ANKRA2;DGKA;PHLDA3;TCN2;GLS2;CCND3;BLCAP;TXNIP;COQ8A;EPHA2;TAP1;POLH;PRMT2;POM121;ZFP36L1;RRAD;TNNI1;STEAP3,DT_vs_D,4 hours,CPT_low,DOX+TAM,DOX,2,2,vst_mean_diff,1.9330262011662371,57,0.2807017543859649
HALLMARK_PANCREAS_BETA_CELLS,0.6792608480448771,0.7846633934311511,0.30386592747954844,0.8383817300703942,4116,15,ELP4;AKT3;SRPRB;SPCS1;ISL1;PAK3;SRP9,DT_vs_D,4 hours,CPT_low,DOX+TAM,DOX,2,2,vst_mean_diff,0.10531660787463488,7,0.14285714285714285
HALLMARK_PEROXISOME,0.16669031068236628,0.2538238821754214,0.2969991401377775,1.200104918728209,1174,87,SLC27A2;FABP6;ACSL4;ECI2;ABCC5;SLC23A2;SLC25A19;ITGB1BP1;PEX5;TOP2A;HSD3B7;CTPS1;CNBP;CDK7;HSD17B11;CLN6;SMARCC1;IDE;SLC25A17;YWHAH;MSH2,DT_vs_D,4 hours,CPT_low,DOX+TAM,DOX,2,2,vst_mean_diff,0.5954675177454807,21,0.14285714285714285
HALLMARK_PI3K_AKT_MTOR_SIGNALING,0.8560191518467852,0.8961450495896033,-0.18018126587631142,-0.8232994487793875,2502,91,MKNK2;PAK4;E2F1;TSC2;TNFRSF1A;IL2RG;PLCG1;NCK1;CDKN1A;GRK2;AKT1S1;ECSIT;CDKN1B;DUSP3;SLC2A1;SQSTM1;ARHGDIA;RIT1;PPP1CA;PIK3R3;PIN1;CSNK2B;GRB2;AP2M1;RPS6KA1;TRAF2;FGF17;STAT2;PFN1;RAF1;CALR;CDK2;HRAS,DT_vs_D,4 hours,CPT_low,DOX+TAM,DOX,2,2,vst_mean_diff,0.04762168996066034,33,0.2727272727272727
HALLMARK_PROTEIN_SECRETION,0.10504908835904628,0.18046894666810515,0.3074028381068356,1.2628848388716802,748,95,TSPAN8;GLA;ZW10;CTSC;PPT1;SEC31A;AP3S1;TMX1;AP3B1;DNM1L;ANP32E;RPS6KA3;COPB2;M6PR;COPB1;ICA1;TPD52;SNX2;YIPF6;GOSR2;NAPG;ARFIP1;SCAMP1;DST;EGFR;SOD1;USO1;TMED2;LMAN1;ARFGEF2;KIF1B;ATP7A;ADAM10;MAPK1;BNIP3;VPS4B;RAB2A;GOLGA4;CLN5;ARFGEF1,DT_vs_D,4 hours,CPT_low,DOX+TAM,DOX,2,2,vst_mean_diff,0.7435975164780719,40,0.4
HALLMARK_REACTIVE_OXYGEN_SPECIES_PATHWAY,0.8707379906046371,0.8975299287770874,0.20576529934947763,0.7394360444678515,5745,46,SRXN1;ATOX1;HHEX;PRNP;GLRX2,DT_vs_D,4 hours,CPT_low,DOX+TAM,DOX,2,2,vst_mean_diff,0.04695106064822311,5,0.2
HALLMARK_TGF_BETA_SIGNALING,0.9562109025915997,0.9562109025915997,-0.17023196016991132,-0.6990518616259863,3209,53,SMAD6;ID3;NCOR2;JUNB;SKI;BMP2,DT_vs_D,4 hours,CPT_low,DOX+TAM,DOX,2,2,vst_mean_diff,0.019446308843140383,6,0.16666666666666666
HALLMARK_TNFA_SIGNALING_VIA_NFKB,0.14149713093375066,0.22572161363241178,0.2615812375701421,1.1823444866108335,1084,183,G0S2;GEM;SPHK1;EGR2;DUSP2;F3;EGR3;FOSL1;INHBA;FOSB;FUT4;CD83;BCL2A1;ATF3;TUBB2A;NR4A3;CCL20;CLCF1;CCND1;KYNU;SGK1;DUSP5;SERPINB2,DT_vs_D,4 hours,CPT_low,DOX+TAM,DOX,2,2,vst_mean_diff,0.6464268537185507,23,0.08695652173913043
HALLMARK_UNFOLDED_PROTEIN_RESPONSE,6.957973838018369e-4,0.0035860326703633138,0.41663610314974314,1.7440023027434366,4,107,STC2;ATF3;DDX10;TUBB2A;NOLC1;ASNS;CEBPG;FKBP14;CHAC1;EIF4E;MTHFD2;NABP1;NOP56;XPOT;MTREX;PDIA5;SRPRB;DKC1;SDAD1;EIF2S1;HSPA9;ATF6;NPM1;CKS1B;HSP90B1;EXOSC9;SEC31A;EIF4EBP1;IMP3;SPCS1;EIF4A3;EIF4A1;NOP14;PSAT1;ERO1A;SERP1;HSPA5;FUS;POP4;EXOSC2;EXOC2;GEMIN4;TSPYL2;SPCS3;GOSR2;ALDH18A1;NHP2,DT_vs_D,4 hours,CPT_low,DOX+TAM,DOX,2,2,vst_mean_diff,2.445385758138622,47,0.3191489361702128
HALLMARK_UV_RESPONSE_DN,0.19423182066703115,0.2829028692324149,0.2685069703382207,1.1553027299737628,1420,128,F3;INPP4B;NR1D2;NRP1;MRPS31;FHL2;PLCB4;AKT3;ADORA2B;SNAI2;FYN;DLG1;RASA2;COL5A2;ATRX;DBP;PMP22;MET;KCNMA1;TOGARAM1;PDLIM5;MGLL;ATP2B1;CCN1;PRKCE;APBB2;PPARG;PHF3;CDC42BPA;GCNT1;NR3C1;DDAH1;ADGRL2;ATP2B4;CDON;ICA1;FBLN5;BHLHE40;TJP1;RND3;ADD3;SYNJ2;GRK5;MIOS;IGF1R;ATXN1;CAV1;ATP2C1;SMAD3;IRS1;ANXA2;PTPRM,DT_vs_D,4 hours,CPT_low,DOX+TAM,DOX,2,2,vst_mean_diff,0.5483626478576572,52,0.2692307692307692
HALLMARK_UV_RESPONSE_UP,0.46824644549763034,0.5602234258632363,0.22921209313562282,0.9950062397373931,3457,135,CCNE1;FOSB;ATF3;POLG2;TFRC;GRPEL1;PPAT;GLS;ASNS;CTSV;CEBPG;HTR7;PPIF;SLC6A8;EIF5;POLE3;DDX21;CDKN1C;CHRNA5;HNRNPU;AMD1;PPT1;MAOA;EPCAM;SIGMAR1;DNAJA1,DT_vs_D,4 hours,CPT_low,DOX+TAM,DOX,2,2,vst_mean_diff,0.25163873501543854,26,0.3076923076923077
HALLMARK_WNT_BETA_CATENIN_SIGNALING,0.3338048090523338,0.43202752163714314,-0.2923835479457767,-1.0761254521024977,1179,33,HDAC11;NCOR2;NOTCH1;FRAT1;TP53;MYC;MAML1;DVL2;PTCH1,DT_vs_D,4 hours,CPT_low,DOX+TAM,DOX,2,2,vst_mean_diff,0.3644885862535402,9,0.4444444444444444
HALLMARK_XENOBIOTIC_METABOLISM,0.054011119936457505,0.10965894047705009,-0.2527430044853476,-1.259590557576518,135,153,CYP1A1;ALDH3A1;HMOX1;NINJ1;GCNT2;PDK4;XDH;CFB;FBP1;CES1;DDAH2;FBLN1;PINK1;PC;TNFRSF1A;RAP1GAP;GNMT;CYP27A1;PTGDS;SLC12A4;CDA;SLC46A3;ITIH4;BCAR1,DT_vs_D,4 hours,CPT_low,DOX+TAM,DOX,2,2,vst_mean_diff,0.9599559545786873,24,0.041666666666666664
PID_MYC_ACTIV_PATHWAY,4.3509789702683103e-4,0.00242929659173314,0.48268939229863395,1.8988392899936246,2,74,FOSL1;TFRC;PMAIP1;CDCA7;NDUFAF2;ODC1;RIOX2;SERPINI1;TAF4B;EIF4E;HMGA1;NME1;NCL;CDC25A;DDX18;CDK4;ACTL6A;EIF2S1;BMI1;RPL11;HSPD1;NPM1;ID2;RUVBL1;HSP90AA1;TAF9;LDHA;PTMA;SNAI1;EIF4A1,DT_vs_D,4 hours,CPT_low,DOX+TAM,DOX,2,2,vst_mean_diff,2.6145194591390046,30,0.43333333333333335
REACTOME_ACTIVATION_OF_ATR_IN_RESPONSE_TO_REPLICATION_STRESS,0.003837298541826554,0.010712458429265796,0.5254960475305763,1.8022936842765032,24,37,MCM6;RFC3;MCM10;ATR;DBF4;MCM8;CDC6;ORC6;MCM3;CDC25A;CDC45;ORC3;MCM4;RFC4;CHEK1;CLSPN;RPA3;RFC5;RPA2;CDC25C;RPA1,DT_vs_D,4 hours,CPT_low,DOX+TAM,DOX,2,2,vst_mean_diff,1.9701108503873455,21,0
REACTOME_CELL_CYCLE_CHECKPOINTS,1.249375312343828e-4,0.0011775871766029247,0.4465441289036381,2.0864780213963874,0,241,MCM6;EXO1;CCNE1;RFC3;CHEK2;CENPE;BLM;MCM10;CENPP;SPC25;ATR;NDC80;BRCA1;PSMD14;BUB1B;ERCC6L;SPDL1;PSMD7;MAD2L1;ITGB3BP;DBF4;MCM8;CDC6;ANAPC10;ORC6;CDK1;MCM3;MIS12;CENPK;BRCC3;CENPI;NUF2;CDC25A;ZW10;UIMC1;SEM1;CDC45;ANAPC5;UBE2N;CKAP5;ZWINT;RNF8;CCNA2;AHCTF1;ANAPC1;ATM;BUB1;SKA1;CCNA1;ORC3;RPS27;PSMA3;NUP107;ANAPC4;MRE11;PSMA6;BUB3;PSMA5;PSMD1;BRIP1;CENPQ;YWHAG;SEH1L;RBBP8;UBE2V2;PSMB1;CENPA;MCM4;YWHAH;RPS27A;PSMC1;DNA2;CDC26;UBE2C;CLASP2;UBE2D1;PSMD6;BABAM2;WRN;NUDC;COP1;RANBP2;PSMD12;RNF168;DYNC1LI1;PSMC4;RFC4;PSMC2;ZWILCH;CHEK1;UBE2E1;KIF18A;CCNE2;CENPF;RAD50;CLSPN;XPO1;NUP133;KNTC1;KNL1;PSMA4;RPA3;CDC27;RFC5;PSMA1;PSMB7;WEE1;DYNC1I2;RPA2;PSMD13;CENPL;YWHAE,DT_vs_D,4 hours,CPT_low,DOX+TAM,DOX,2,2,vst_mean_diff,2.9290069322532744,112,0.14285714285714285
REACTOME_GLUCOSE_METABOLISM,0.43230543318649045,0.5363789633980529,0.26108388500758684,1.012243741088305,2943,69,HK2;GNPDA1;NDC1;ADPGK;NUP205;NUP153;NUP107;NUP54;NUP88;NUP155;SEH1L;PRKACB;NUP42;RANBP2;ENO2;NUP133;PFKP;NUP50;PFKFB2;NUP35;PGK1;ENO3;TPR;NUP85;NUP58;NUP98;NUP37;PPP2CA,DT_vs_D,4 hours,CPT_low,DOX+TAM,DOX,2,2,vst_mean_diff,0.270528263369466,28,0.25
REACTOME_MITOCHONDRIAL_TRANSLATION,1.4060742407199101e-4,0.0011775871766029247,0.5397190067687928,2.207806765011992,0,93,MRPS23;MRPS17;PTCD3;GFM1;MRPL3;MRPL1;MRPS31;MRPL33;MRPL47;MRPL36;MRPL58;MRPS22;MRPL32;MRPL21;MRPS6;MRPS18C;MRPL22;MRPS35;MTIF2;MTFMT;MRPS25;MRPL55;GADD45GIP1;MRPL17;MRPL16;MRPL4;MRPL50;MRPL20;MRPL13;MRPS5;TSFM;MRPS21;MRPL40;MTRF1L;MRPL24;MRPS26;MRPL45;MRPL48;MRPL11;MRPL51;MRPL39;MRPL14;MRPS7;MRPS11;MRPS10;DAP3;MRPL19;MRPL30;MTIF3;MRPL44;MRPS15;MRPL35;MRPS16;MRRF;MRPS27;MRPL15;MRPS30;MRPL18;MRPL42;CHCHD1,DT_vs_D,4 hours,CPT_low,DOX+TAM,DOX,2,2,vst_mean_diff,2.9290069322532744,60,0.05
REACTOME_MRNA_SPLICING,1.2759984688018373e-4,0.0011775871766029247,0.4422047977694613,2.0330795201952836,0,210,LSM5;SNRPF;GCFC2;MAGOH;SNRPE;PRPF4;SNRPA1;PHF5A;SNRPG;SNRPD1;SRSF7;NCBP2;MTREX;ZMAT2;SNU13;SF3B6;PRPF40A;SNRPC;MFAP1;PRPF19;HNRNPD;U2AF1;C9orf78;SNRPB2;SAP18;CWF19L2;HNRNPU;HSPA8;SF3A3;PPIL1;DDX46;RBM25;POLR2K;HNRNPA2B1;U2SURP;PLRG1;TRA2B;NCBP1;IK;LSM6;CTNNBL1;WDR70;SDE2;MAGOHB;GPATCH1;PPIG;PNN;LSM3;CWC22;PPIH;DHX9;DHX15;TCERG1;SRSF3;CWC27;EIF4A3;PPP1R8;SNRPD2;PRPF18;RBM17;HTATSF1;YBX1;LUC7L3;HNRNPA3;POLR2D;ZNF830;SNRNP48;FUS;SLU7;ZCRB1;POLR2C;POLR2F;AQR;HNRNPH1;PPIE;POLR2B;HNRNPK;HNRNPC;HNRNPA1;SRSF12;SRSF5;GTF2F2;SNRPD3;SNIP1;DNAJC8;POLR2H;PDCD7;SRSF6;PPWD1;LSM7;SRSF11;PPIL4;PRPF3;ALYREF;SRSF10;BCAS2;SF3B5;TXNL4A;DDX5;RNF113A;PPIL3;SRSF1;HNRNPF;SRSF9;CWC15;NSRP1;HNRNPR;RBMX;CRNKL1;SRSF2,DT_vs_D,4 hours,CPT_low,DOX+TAM,DOX,2,2,vst_mean_diff,2.9290069322532744,110,0.2909090909090909
WP_ADIPOGENESIS,0.10945802337938364,0.1833421891604676,-0.2598557923500304,-1.2107025305284822,308,104,ID3;BMP4;RXRA;STAT5A;LIPE;NCOR2;E2F1;LPIN3;MEF2D;SPOCK1;SREBF1;CEBPB;CEBPD;EPAS1;CDKN1A;AGPAT2;GATA3,DT_vs_D,4 hours,CPT_low,DOX+TAM,DOX,2,2,vst_mean_diff,0.7367375873492206,17,0.23529411764705882
WP_AMINO_ACID_METABOLISM,0.012041116005873716,0.029879806384945886,0.40452717690225864,1.5683852065688917,81,69,ACSS1;AOC3;HAL;CTH;FARSB;ODC1;GLS;ASNS;ARG2;HIBCH;CBS;OAT;MAOA;ALDH7A1;MARS2;MCCC1;FAH;LDHA;SUCLG1;ACADM;SMS;TPH1;HIBADH;ALDH18A1;FH;PPM1L;LARS2;PDHA1;MDH1;MMUT;ALDH1A1,DT_vs_D,4 hours,CPT_low,DOX+TAM,DOX,2,2,vst_mean_diff,1.5246222209872293,31,0.1935483870967742
WP_APOPTOSIS,0.020534550195567144,0.04744189183113789,-0.3243965435892856,-1.4488305289774646,62,78,TP73;TRADD;BBC3;APAF1;IRF2;IRF7;BAD;TNFRSF1A;TP53;TNFSF10;MYC;NFKBIE;IRF3;IGF2;CASP2;IRF1;BIRC3;RELA;IKBKG;NFKBIA;BCL2L1;BOK,DT_vs_D,4 hours,CPT_low,DOX+TAM,DOX,2,2,vst_mean_diff,1.3238380010214912,22,0.18181818181818182
WP_APOPTOSIS_MODULATION_AND_SIGNALING,0.2029363784665579,0.2892922841970081,-0.2543831287963559,-1.1460640140249019,621,81,BMF;TRADD;PIDD1;BBC3;APAF1;MAPK3;BAD;FOS;TNFRSF1A;TP53;TNFSF10;MADD;AIFM2;CASP2;BIRC3;NFKBIA;BCL2L1;BOK;MAP3K14;CAPNS1;CASP10;IRAK1,DT_vs_D,4 hours,CPT_low,DOX+TAM,DOX,2,2,vst_mean_diff,0.5386631493985061,22,0.22727272727272727
WP_CELL_CYCLE,0.0011043622308117063,0.00462451684152402,0.4009785346611864,1.6967719002543131,7,115,MCM6;CCNE1;CHEK2;STAG1;CCND1;ESPL1;ATR;DBF4;CDC6;ANAPC10;ORC6;CDK1;MCM3;CDC25A;PRKDC;CDC45;ANAPC5;TTK;CCNH;CCNA2;ANAPC1;ATM;CDKN1C;BUB1;CCNA1;ORC3;CDK4;RBL1;CUL1;CDK7;ANAPC4;BUB3;SKP2;YWHAG;E2F5;MCM4;CDK6;YWHAH,DT_vs_D,4 hours,CPT_low,DOX+TAM,DOX,2,2,vst_mean_diff,2.3349336346051754,38,0.18421052631578946
WP_DNA_REPLICATION,0.01675296984465428,0.04008746355685131,0.4528061203979469,1.5981507861915685,109,42,MCM6;RFC3;MCM10;DBF4;CDC6;POLE2;ORC6;MCM3;POLA1;CDC45;ORC3;PRIM2;MCM4;RFC4;RPA3;GMNN;RFC5;RPA2;RPA1;UBC;CDC7;UBA52;ORC2;ORC5;ORC4;MCM2;RPA4;RFC2;PRIM1;RFC1;POLD2;PCNA,DT_vs_D,4 hours,CPT_low,DOX+TAM,DOX,2,2,vst_mean_diff,1.3969914218764892,32,0.09375
WP_ELECTRON_TRANSPORT_CHAIN_OXPHOS_SYSTEM_IN_MITOCHONDRIA,0.0015352407536636428,0.0060506547350272985,0.4018007758586432,1.6716866996020638,10,103,NDUFB9;COX17;SLC25A27;MT-ATP8;NDUFA12;NDUFS5;COX11;MT-CO2;NDUFA1;NDUFS4;NDUFB3;MT-ND3;UQCRQ;NDUFV2;ATP5PF;COX7B;UQCRB;ATP5PO;UQCRC2;NDUFA9;MT-ATP6;COX6C;MT-CO3;SDHB;ATP5ME;UCP3;ATP5F1C;NDUFAB1;NDUFA5;NDUFC2;ATP5F1E;COX7C;ATP5MG;NDUFB8;NDUFC1;NDUFA4;NDUFA6;NDUFB6;MT-ND2;ATP5MC3;ATP5PD;NDUFB4;UQCRH;NDUFA2;MT-ND5;NDUFB2;SDHD;ATP5PB;ATP5F1A;COX7A2;SLC25A14;NDUFS1;MT-ND4L;SDHC;NDUFB1;NDUFS6;SCO1;NDUFA7;ATP5MC1;COX6A1;NDUFA10;MT-CYB;MT-CO1;ATP5MF;MT-ND4;COX6B1;ATP5IF1;UQCR11,DT_vs_D,4 hours,CPT_low,DOX+TAM,DOX,2,2,vst_mean_diff,2.2181976282525855,68,0.4411764705882353
WP_PROTEASOME_DEGRADATION,0.0406370943733254,0.08782855880686456,0.3832719569208613,1.4344493437425956,272,57,UCHL1;PSMD7;PSME2;UCHL3;PSMA3;HLA-B;PSMA6;PSMA5;PSMD1;PSMB1;PSMC1;UBE2D1;PSMD6;PSMD12;PSMC4;PSMC2;UBE2D3;PSMA4;PSMA1;PSMB7;PSMD13;RPN1;PSMC3;RPN2;PSMC6;UBC;PSMA7,DT_vs_D,4 hours,CPT_low,DOX+TAM,DOX,2,2,vst_mean_diff,1.0563642435983356,27,0.25925925925925924
WP_PYRIMIDINE_METABOLISM,0.004931109499637419,0.012707089864450271,0.4149808134207707,1.6324822664206353,33,74,POLR3G;DPYD;RRM2;POLR1E;NME7;POLE2;POLR1B;POLR1C;POLE3;POLA1;NME1;PNPT1;UMPS;CTPS2;CTPS1;POLR2K;UCK2;PRIM2;DHODH;POLE4;POLR3F;POLR2D;RRM1;POLR2C;POLR2J3;POLR2B;DUT,DT_vs_D,4 hours,CPT_low,DOX+TAM,DOX,2,2,vst_mean_diff,1.895953898739605,27,0.07407407407407407
WP_RAS_SIGNALING,0.4546520719311962,0.5538488876252754,-0.20194267024966683,-0.9955006150220069,1162,143,PAK4;RASGRF1;RRAS;MAPK3;RASSF5;RASA3;FOXO4;BAD;PLA2G4B;MRAS;PLD2;RASAL1;PLA2G6;PRKACA;PLCG1;GNB2;RGL2;KSR1;PLA2G4C;CALML5;RAB5B;GRIN2B;AKT2;KDR;PLD1;CALM3;ABL1;RELA;EPHA2;IKBKG;PLA2G4D;RASGRP3;BCL2L1;MAP2K2;PIK3R3;GNB5;GRB2;ELK1;GAB1;SHC3;RASA4;FGFR4;GAB2;SOS2;REL,DT_vs_D,4 hours,CPT_low,DOX+TAM,DOX,2,2,vst_mean_diff,0.2566087122076041,45,0.1111111111111111
GOBP_MITOCHONDRIAL_GENE_EXPRESSION,1.4742739200943535e-4,0.0018432926158248046,0.48606628027692844,2.148712268697524,0,167,MRPS17;TRMT10C;MTIF2;MRPS23;TFB2M;METTL8;MRPL4;MRPS25;MTERF3;MRPS31;PTCD3;TRMT61B;MRPL3;TRIT1;MRPL1;MTERF1;FASTKD2;C1QBP;MALSU1;MRPS22;MRPL39;TFB1M;PNPT1;NSUN3;MRPS35;MRPS26;GFM1;MRPL36;MRPL2;MRPS30;TSFM;MRPL16;KANSL1;MRPL58;MRPL45;MRPL50;MRPS18A;MRPL21;EARS2;MRPS6;MRPL17;QRSL1;METTL4;SUPV3L1;YARS2;MTPAP;TRNT1;MTRES1;GATB;SLC25A33;MRPL22;MRPS5;ANGEL2;MRPS18C;MRPL57;MRPL34;GTPBP3;MRPL32;GADD45GIP1;MTERF2;MRPS2;TFAM;CDK5RAP1;MRPL20;MRPS9;GATC;MRPL19;MRPL46;RARS2;FOXO3;RMND1;LRPPRC;MRPL48;PRORP,DT_vs_D,4 hours,CPT_high,DOX+TAM,DOX,2,2,vst_mean_diff,2.734405716679654,74,0.06756756756756757
GOBP_MITOCHONDRIAL_RESPIRATORY_CHAIN_COMPLEX_ASSEMBLY,0.5114432508173751,0.7290786766971091,0.2386270764625209,0.9728631430992263,3284,96,IMMP2L;BCS1L;NDUFAF6;TMEM70;NDUFAF7;COA1;NDUFAF2;COA4;FXN;TMEM186;DMAC1;NDUFAF5;SLC25A33;SDHAF3;CHCHD7;SDHAF4;COA6;TFAM;NDUFAF4;TIMM21;SCO2;NDUFAF8;FMC1,DT_vs_D,4 hours,CPT_high,DOX+TAM,DOX,2,2,vst_mean_diff,0.13722560335319223,23,0
GOBP_MITOCHONDRIAL_TRANSLATION,1.525320317266626e-4,0.0018432926158248046,0.4873020092518444,2.080716967960366,0,129,MRPS17;TRMT10C;MTIF2;MRPS23;METTL8;MRPL4;MRPS25;MRPS31;PTCD3;MRPL3;MRPL1;FASTKD2;C1QBP;MALSU1;MRPS22;MRPL39;NSUN3;MRPS35;MRPS26;GFM1;MRPL36;MRPL2;MRPS30;TSFM;MRPL16;MRPL58;MRPL45;MRPL50;MRPS18A;MRPL21;EARS2;MRPS6;MRPL17;QRSL1;YARS2;GATB;MRPL22;MRPS5;MRPS18C;MRPL57;MRPL34;MRPL32;GADD45GIP1;MRPS2;CDK5RAP1;MRPL20;MRPS9;GATC;MRPL19;MRPL46;RARS2;RMND1;LRPPRC;MRPL48,DT_vs_D,4 hours,CPT_high,DOX+TAM,DOX,2,2,vst_mean_diff,2.734405716679654,54,0.07407407407407407
GOMF_HEAT_SHOCK_PROTEIN_BINDING,0.42800114057599087,0.6517290095134406,-0.2230855157443284,-1.0097821203936495,1500,115,CYP1A1;MVD;RNF207;NPAS2;FICD;ITGB2;CYP2E1;TSC2;HDAC6;BAG6;NUP62;ADORA1;METTL18;DNAJB2;HSPA1L;DNAJB1,DT_vs_D,4 hours,CPT_high,DOX+TAM,DOX,2,2,vst_mean_diff,0.18593294742359318,16,0.125
GOMF_RNA_ENDONUCLEASE_ACTIVITY,0.5445222204134788,0.7296597753540616,0.2485855598976831,0.9493865581999991,3344,66,PLD6;PIWIL4;TSEN2;RPP25;EXO1;APEX1;DICER1;NUDT16;ABCE1;ZC3H12C;RNASET2;RIDA;RPP30;RPP38;CPSF3;AGO2;SMG6;DBR1;EXOG;DROSHA;RCL1;RPP40;PRORP,DT_vs_D,4 hours,CPT_high,DOX+TAM,DOX,2,2,vst_mean_diff,0.13687959485091375,23,0.13043478260869565
HALLMARK_ADIPOGENESIS,0.13580246913580246,0.2843364197530864,-0.23763005529955547,-1.151876377383272,428,186,CDKN2C;CRAT;PIM3;SSPN;PTGER3;CD151;CYP4B1;LIFR;ADCY6;ABCB8;LIPE;MGLL;ALDOA;C3;ACADS;UCK1;STAT5A;ESYT1;PFKL;MIGA2;ELMOD3;ACO2;COX8A;RAB34;CAVIN1;ACOX1;HSPB8;SQOR;UCP2;MGST3;ESRRA;ITGA7;SCARB1;RIOK3;GPX4;DDT;SLC27A1;ANGPTL4;DGAT1;APLP2;DECR1;DHCR7;ARAF;SLC25A1;SNCG;POR;UQCR10;AGPAT3;COX6A1;TALDO1;TKT;DHRS7;DRAM2;ECH1;LTC4S;DNAJC15;SLC66A3;ME1;CYC1;GPAT4;CS;PEX14;RNF11;CHCHD10;UBC;IDH1;IDH3G;BCKDHA;LPCAT3;TST;ACAA2;RETSAT;UQCR11;PHYH;NMT1;PGM1,DT_vs_D,4 hours,CPT_high,DOX+TAM,DOX,2,2,vst_mean_diff,0.5461675093395043,76,0.2631578947368421
HALLMARK_ANDROGEN_RESPONSE,0.9425,0.9995433789954338,-0.1730589788998722,-0.756262698931667,3392,95,MAF;ALDH1A3;DHCR24;B4GALT1;LIFR;INSIG1;ZBTB10;KRT8;IDI1;NDRG1;ACTN1;ABHD2;ITGAV;HMGCS1;FADS1;MYL12A;TMEM50A;CDC14B;SCD;AKT1;ADRM1;CCND3;TMPRSS2;SAT1;TSC22D1;CENPN;PDLIM5;SEC24D;UBE2I;B2M;NCOA4,DT_vs_D,4 hours,CPT_high,DOX+TAM,DOX,2,2,vst_mean_diff,1.9835327218665474e-4,31,0.5806451612903226
HALLMARK_ANGIOGENESIS,0.45293802464725846,0.6743743922525849,0.32891426148954644,1.0007769517988543,2535,23,LPL;THBD,DT_vs_D,4 hours,CPT_high,DOX+TAM,DOX,2,2,vst_mean_diff,0.1710989293598059,2,0
HALLMARK_APICAL_JUNCTION,3.02571860816944e-4,0.0018535937586454934,-0.471880740649309,-2.235204904852033,0,156,MVD;SPEG;RRAS;ALOX15B;ITGB4;SDC3;CNN2;CRAT;CLDN9;MAP4K2;FBN1;TAOK2;MMP2;CLDN11;LAMB3;COL17A1;NECTIN2;ACTB;SRC;JUP;ICAM1;CERCAM;SORBS3;B4GALT1;INSIG1;ACTN4;PKD1;LAMC2;CLDN15;CD99;MYL12B;LDLRAP1;GRB7;TGFBI;MADCAM1;MYH9;TMEM8B;ZYX;CD276;RHOF;CDH3;ACTG1;MAPK13;BMP1;CDH1;IRS1;MSN;GNAI2;PFN1;CTNNA1;ADAM15;ITGA3;COL16A1;AMH;RSU1;CAP1;ITGB1;PARVA;ADAM9;VCL;CX3CL1;ACTN1;NF2;LAMA3;TUBG1;IKBKG;INPPL1,DT_vs_D,4 hours,CPT_high,DOX+TAM,DOX,2,2,vst_mean_diff,2.7319854415564415,67,0.43283582089552236
HALLMARK_APICAL_SURFACE,0.0517363571934798,0.12838281229493134,-0.4127927726186795,-1.4460354378352054,218,32,SLC34A3;ATP6V0A4;B4GALT1;RHCG;IL2RG;TMEM8B;SULF2;FLOT2;HSPB1;CX3CL1;GATA3;SRPX;CROCC;LYPD3;ADAM10;SLC2A4;DCBLD2,DT_vs_D,4 hours,CPT_high,DOX+TAM,DOX,2,2,vst_mean_diff,0.8914931150920529,17,0.29411764705882354
HALLMARK_APOPTOSIS,0.007438262421898245,0.02491817911335912,-0.30855207110671556,-1.440025401536168,24,140,CDKN1B;IL6;TIMP2;BMF;IL1A;EBP;TXNIP;ISG20;HMOX1;MMP2;BNIP3L;GSN;FDXR;RHOT2;CDKN1A;ERBB2;ADD1;SC5D;PPP2R5B;CDK2;TAP1;LMNA;SPTAN1;BMP2;PLAT;BCL10;HSPB1;TIMP1;TNFRSF12A;EMP1;RARA;DAP;RELA;GNA15;GPX4;IER3;IGFBP6;CAV1;IL18;MGMT;TOP2A;ANXA1;PEA15;ERBB3;SAT1;SQSTM1;ENO2;KRT18;VDAC2;BTG2;BID;CASP7;F2R;BCAP31;RNASEL;CCNA1;IGF2R;CD14;CTNNB1;AIFM3;XIAP;TGFB2,DT_vs_D,4 hours,CPT_high,DOX+TAM,DOX,2,2,vst_mean_diff,1.6034836967605945,62,0.3225806451612903
HALLMARK_CHOLESTEROL_HOMEOSTASIS,7.8125e-4,0.003738839285714286,-0.41822349779581874,-1.7272932857846033,2,69,MVD;PCYT2;EBP;LSS;ACAT2;MVK;CBS;TP53INP1;ACSS2;FASN;ALDOC;SC5D;ETHE1;FDPS;ANXA5;SREBF2;STARD4;GUSB;ACTG1;FADS2;IDI1;S100A11;CYP51A1;SQLE;TM7SF2;NFIL3;ABCA2;CD9;TNFRSF12A,DT_vs_D,4 hours,CPT_high,DOX+TAM,DOX,2,2,vst_mean_diff,2.42726320262528,29,0.3793103448275862
HALLMARK_COAGULATION,2.731494127287626e-4,0.0018535937586454934,-0.4127348503505889,-1.7866433688724326,0,90,RAPGEF3;FGG;APOC1;RABIF;FBN1;PRSS23;MMP2;GSN;CFB;THBS1;CAPN5;PLAU;CRIP2;FURIN;GNB2;MMP15;SERPINE1;CFH;MAFF;GDA;C3;C8G;CSRP1;LRP1;C2;BMP1;PLAT;MMP14;RAC1;WDR1;ANG;CD9;CTSB;TIMP1;ADAM9;CTSO;C1R;CTSV;CPQ;CAPN2;PROS1,DT_vs_D,4 hours,CPT_high,DOX+TAM,DOX,2,2,vst_mean_diff,2.7319854415564415,41,0.2926829268292683
HALLMARK_COMPLEMENT,3.023888720895071e-4,0.0018535937586454934,-0.3937855595539073,-1.8665248649680484,0,157,CXCL1;IL6;TIMP2;APOBEC3G;APOBEC3F;PIM1;APOC1;S100A9;CPM;RABIF;SIRT6;CALM3;CFB;CEBPB;RHOG;MSRB1;SRC;CTSS;GNB2;MMP15;CTSD;SERPINE1;CFH;MAFF;ANXA5;C3;PPP4C;BRPF3;EHD1;CSRP1;CP;LRP1;C2;PLAT;GNAI2;PFN1;MMP14;PSMB9;CDA;ANG;PRSS36;CDK5R1;COL4A2;IRF7;CASP10;CTSB;TIMP1;SPOCK2;PDP1;ADAM9;CTSO;C1R;RCE1;KLK1;KCNIP3;CTSV;CPQ;GATA3,DT_vs_D,4 hours,CPT_high,DOX+TAM,DOX,2,2,vst_mean_diff,2.7319854415564415,58,0.20689655172413793
HALLMARK_DNA_REPAIR,0.969592570401438,0.9995433789954338,0.16863850103551448,0.734144368602872,6472,147,POLA2;REV3L;POLD3;UMPS;SF3A3;CSTF3;RAD52;NME1;UPF3B;ITPA;IMPDH2;BOLA2;PNP;NCBP2;POLR1C;GTF2H1;ERCC4;SNAPC5;POLA1;RFC3;NELFCD;POLR3C;ERCC8;PDE4B;POLE4;ERCC5;POLR2H;SRSF6;RFC4;GSDME;RFC5;POLR2G;NFX1;RPA2;TAF12,DT_vs_D,4 hours,CPT_high,DOX+TAM,DOX,2,2,vst_mean_diff,1.9835327218665474e-4,35,0.08571428571428572
HALLMARK_E2F_TARGETS,0.006520794087813361,0.02310691258059679,0.32434811334821245,1.464604125220831,44,197,TIPIN;MCM6;NUP153;PAICS;POLA2;SMC3;NOLC1;CTPS1;POLD3;UNG;HMGA1;XPO1;LYAR;NME1;CHEK2;CDK4;PRKDC;TFRC;BRCA1;PDS5B;AURKA;CCNE1;MTHFD2;CCP110;SYNCRIP;CSE1L;CENPE;MCM3;BRCA2;EZH2;ORC6;ORC2;ASF1A;ESPL1;RFC1;STAG1;RAD50;SPC25;MCM2;CDC25A;MMS22L;HELLS;CTCF;EXOSC8;CKS2;USP1;MSH2;RFC3;NUP205;EED;RAN;RRM2;CNOT9;PNN;GSPT1;MELK;NOP56;RANBP1;LUC7L3;NBN;POLE4;HMGB2,DT_vs_D,4 hours,CPT_high,DOX+TAM,DOX,2,2,vst_mean_diff,1.6362580787002337,62,0.24193548387096775
HALLMARK_EPITHELIAL_MESENCHYMAL_TRANSITION,3.0193236714975844e-4,0.0018535937586454934,-0.44166317236983854,-2.082167295541745,0,151,TGM2;CXCL1;IL6;IL32;APLP1;FUCA1;SDC1;QSOX1;LOX;LOXL2;FBN1;ITGB5;MATN3;LGALS1;FSTL1;MATN2;GPC1;MMP2;THBS1;SGCB;FLNA;PCOLCE;EMP3;FBLN1;TPM4;SERPINE1;ANPEP;LAMC2;ECM1;WNT5A;PTHLH;FBN2;CAP2;DKK1;CAPG;TGFBI;LRP1;COL1A1;BMP1;ABI3BP;MMP14;TNC;PLOD3;SERPINH1;IGFBP3;COL16A1;COL4A2;PLOD1;PDLIM4;MGP;ITGB1;TIMP1;TNFRSF12A,DT_vs_D,4 hours,CPT_high,DOX+TAM,DOX,2,2,vst_mean_diff,2.7319854415564415,53,0.22641509433962265
HALLMARK_ESTROGEN_RESPONSE_EARLY,0.026051475204017578,0.06981795354676712,-0.2718824431409703,-1.315222486446678,82,181,TGM2;KLK10;CLIC3;CYP26B1;ZNF185;CCN5;RPS6KA2;PRSS23;INHBB;GAB2;CELSR1;KRT13;SLC7A5;OLFML3;MYC;ALDH3B1;NCOR2;B4GALT1;TFAP2C;WFS1;FASN;PTGES;AQP3;ADCY9;BAG1;RHOD;P2RY2;KRT8;ENDOD1;HR;SCNN1A;BLVRB;KDM4B;KLF10;SNX24;DLC1;DYNLT3;TJP3;MUC1;UNC119;HSPB8;THSD4;BHLHE40;TPBG;NBL1;AR;ABLIM1;FLNB;RARA;CANT1;KLF4;TMPRSS3;MYOF;SCARB1;SLC1A4;ABHD2;PAPSS2;FDFT1,DT_vs_D,4 hours,CPT_high,DOX+TAM,DOX,2,2,vst_mean_diff,1.15603288506025,58,0.3620689655172414
HALLMARK_ESTROGEN_RESPONSE_LATE,0.02782119412316349,0.07169307716353669,-0.273705196470751,-1.3141590951528865,88,173,KLK10;CLIC3;NAB2;CYP26B1;CCN5;S100A9;RPS6KA2;PRSS23;ISG20;PTGER3;LLGL2;KRT13;SLC7A5;ALDH3B1;NCOR2;TH;PLXNB1;TFAP2C;WFS1;ST6GALNAC2;GJB3;PTGES;NMU;LAMC2;SLC2A8;BAG1;RNASEH2A;TRIM29;MAPK13;CDH1;HR;CKB;SCNN1A;ST14;BLVRB;EMP2;DYNLT3;TJP3;HSPB8;IMPA2;AGR2;TPBG;CD9;NBL1;FLNB;KLF4;TMPRSS3;MYOF;SCARB1;LSR;SLC1A4;ABHD2;PAPSS2;FDFT1;TSPAN13;CDC20,DT_vs_D,4 hours,CPT_high,DOX+TAM,DOX,2,2,vst_mean_diff,1.1445227787091858,56,0.39285714285714285
HALLMARK_FATTY_ACID_METABOLISM,0.48289199642963404,0.7033426904518583,-0.21135531632315468,-0.9864040878526139,1622,140,CYP1A1;TP53INP2;CRAT;LGALS1;ACAT2;CBR3;S100A10;DHCR24;FASN;MGLL;ALDOA;ACADS;ACO2;IDI1;HMGCL;ACOX1;CEL;RDH11;MCEE;ALDH3A1;BCKDHB;HMGCS1;PSME1;PPARA;UBE2L6;DECR1;NCAPH2;ACSL1;ACADVL;ENO2;MIF;ECH1;LTC4S;ALDH9A1;ACAA1;ME1;SDHA;GRHPR;ALAD;EHHADH;YWHAH;IDH1;IDH3G;ACAA2;RETSAT;SERINC1,DT_vs_D,4 hours,CPT_high,DOX+TAM,DOX,2,2,vst_mean_diff,0.1528330216239932,46,0.32608695652173914
HALLMARK_G2M_CHECKPOINT,0.008573089218250509,0.027352237029656386,0.3188262656481943,1.4358107660239534,58,194,MCM6;POLA2;PRMT5;UCK2;NOLC1;HMGA1;SAP30;XPO1;CDC45;ODC1;MEIS2;SNRPD1;CDK4;POLQ;EXO1;CUL3;PDS5B;CDC6;AURKA;HIRA;SYNCRIP;RBL1;RPS6KA5;RAD54L;CENPE;NCL;E2F3;MCM3;ORC5;BRCA2;EZH2;ORC6;MTF2;DBF4;ESPL1;STAG1;CASP8AP2;MCM2;MNAT1;CDC25A;WRN;CDC27;DKC1;CTCF;CKS2;MEIS1;SLC7A1;CUL1;NUP98;GSPT1;E2F4;CCNF;KIF15;G3BP1;ARID4A;ATRX;CCNT1;SRSF10;CCND1;HNRNPD;CUL5;YTHDC1;HNRNPU;PLK4;MAPK14;AMD1;RPA2;EFNA5;FANCC;TFDP1;ABL1;TENT4A;LBR;E2F1;HSPA8;KIF23;FBXO5;CDC7;EGF;CUL4A;NDC80;SMARCC1;LMNB1;STIL;KIF20B;SLC38A1;PAFAH1B1;HMMR;TGFB1,DT_vs_D,4 hours,CPT_high,DOX+TAM,DOX,2,2,vst_mean_diff,1.5630071486758599,89,0.25842696629213485
HALLMARK_GLYCOLYSIS,0.05979445655559016,0.14307959247230503,-0.25697180479809345,-1.2370516709766903,191,175,AGRN;SDC3;SDC1;QSOX1;CLDN9;ISG20;GPC1;VLDLR;CAPN5;PPFIA4;B4GALT1;PKM;PYGB;GPC4;KDELR3;GMPPB;ALDOA;IRS2;STMN1;GYS1;PC;TGFBI;G6PD;PFKP;SLC16A3;SPAG4;GUSB;SRD5A3;ANG;IGFBP3;CHPF2;IL13RA1;PLOD1;TPBG;CHST4;UGP2;NOL3;IER3;ANGPTL4;ERO1A;PAM;ARTN;DSC2;EFNA3;GMPPA;LCT;VEGFA;SOX9;KIF20A;GFPT1;PHKA2;B3GNT3;ENO2;TPI1;VCAN;TALDO1;MIF;ENO1;ALDH9A1;ME1;P4HA2;PGAM1;RBCK1;DEPDC1;ANKZF1;PLOD2;B3GAT3;IDH1;ABCB6;XYLT2;ARPP19;CHST12;GALE;GLRX,DT_vs_D,4 hours,CPT_high,DOX+TAM,DOX,2,2,vst_mean_diff,0.8444223055043456,74,0.3108108108108108
HALLMARK_HEDGEHOG_SIGNALING,0.09092965392445149,0.20307622709794165,-0.4187371055065954,-1.3686209091326855,401,24,VLDLR;CELSR1;ADGRG1;L1CAM;AMOT;MYH9;CDK5R1;DPYSL2;TLE3,DT_vs_D,4 hours,CPT_high,DOX+TAM,DOX,2,2,vst_mean_diff,0.6923409138402399,9,0.4444444444444444
HALLMARK_HEME_METABOLISM,0.15481686672822406,0.30508029619973565,-0.23989681349232225,-1.1421806094011047,502,162,OSBP2;DMTN;ERMAP;BNIP3L;LRP10;PDZK1IP1;ADD1;ALDH6A1;FN3K;AQP3;PIGQ;IGSF3;PPP2R5B;C3;PC;ENDOD1;BLVRB;KHNYN;ARL2BP;TMCC2;UCP2;VEZF1;MGST3;TMEM9B;NNT;DCAF11;FBXO9;OPTN;CTSB;SLC66A2;KAT2B;ATP6V0A1;NFE2L1;RIOK3;MBOAT2;GDE1;BSG;RAP1GAP;SLC10A3;SDCBP;LAMP2;SLC30A1;ADIPOR1;SLC6A9;BCAM;CCND3;GCLM;BPGM;SIDT2;BTG2;TFDP2;HTATIP2;FECH;NCOA4;KEL;P4HA2;ALAD;HAGH;CAST;GLRX5;MINPP1;MKRN1;ABCB6;MPP1,DT_vs_D,4 hours,CPT_high,DOX+TAM,DOX,2,2,vst_mean_diff,0.5155858406304841,64,0.265625
HALLMARK_HYPOXIA,6.265664160401002e-4,0.00322922691343744,-0.3332783387887972,-1.6020535935517004,1,174,TGM2;CDKN1B;IL6;PIM1;SDC3;CCN5;LOX;ISG20;TMEM45A;HMOX1;GPC1;VLDLR;BNIP3L;CAVIN3;CDKN1A;PPFIA4;HS3ST1;SERPINE1;ALDOC;GAA;GPC4;KDELR3;MAFF;CSRP2;ALDOA;IRS2;GYS1;TES;TGFBI;PFKL;PFKP;MYH9;VHL;PLAC8;CP;IDS;CAVIN1;FOSL2;NFIL3;IGFBP3;BHLHE40;TPBG;NDRG1;ANXA2;NDST2;SCARB1;HEXA;UGP2;HK1;ATP7A;GAPDH;IER3;PHKG1;ANGPTL4;ERO1A;EDN2;PAM;CAV1;ADM;PRDX5;SRPX;EFNA3;SLC25A1;TIPARP;INHA;ILVBL;ZFP36;VEGFA,DT_vs_D,4 hours,CPT_high,DOX+TAM,DOX,2,2,vst_mean_diff,2.490901436620721,68,0.25
HALLMARK_IL2_STAT5_SIGNALING,0.3107462686567164,0.5205,0.24517971377708936,1.0703731173406807,2081,150,RGS16;HK2;BATF3;RORA;TIAM1;CD83;IL1RL1;UCK2;EEF1AKMT1;TNFSF10;PTRH2;UMPS;ODC1;SOCS2;IL1R2;PTCH1;GBP4;ARL4A;CDC6;CCNE1,DT_vs_D,4 hours,CPT_high,DOX+TAM,DOX,2,2,vst_mean_diff,0.2835792661534451,20,0.05
HALLMARK_IL6_JAK_STAT3_SIGNALING,0.24719959266802444,0.44004025644848666,-0.2783845527421803,-1.1249764263989652,970,62,CXCL1;IL6;PIM1;HMOX1;CSF1;IL2RG;LTB;STAT2;TYK2;IL13RA1;CD9;LEPR;TNFRSF12A,DT_vs_D,4 hours,CPT_high,DOX+TAM,DOX,2,2,vst_mean_diff,0.3565075908917584,13,0.07692307692307693
HALLMARK_INFLAMMATORY_RESPONSE,0.16494541162584833,0.31575264511233825,-0.24756242503903228,-1.148919446094023,558,135,IL6;CCL22;KCNJ2;IL1A;TAPBP;TLR3;RHOG;CD82;MYC;PTAFR;CDKN1A;BEST1;ICAM1;EMP3;HAS2;CSF1;SERPINE1;P2RY2;ROS1;MMP14;SCARF1;OPRK1;IRF7;TPBG;TIMP1;RELA;CX3CL1;GNA15;ITGA5;LIF;CYBB;IL4R;LY6E;IL7R;IRAK2,DT_vs_D,4 hours,CPT_high,DOX+TAM,DOX,2,2,vst_mean_diff,0.5006530026004041,35,0.11428571428571428
HALLMARK_INTERFERON_ALPHA_RESPONSE,0.18792493880881153,0.3497491916719548,-0.2652642608308469,-1.152017186538268,690,91,TXNIP;UBA7;IFI35;ISG20;CSF1;HELZ2;DDX60;TAP1;BATF2;PSMB9;STAT2;TRIM26;LGALS3BP;MOV10;IFIT3;HLA-C;CNP;IRF7;HERC6;EPSTI1;SAMD9L;TRIM21;TMEM140;IL4R;PSME1;LY6E;TENT5A;UBE2L6;SP110;IFI27;CD47;SLC25A28;CD74;SAMD9;TRIM5;MX1;RNF31;GMPR;B2M,DT_vs_D,4 hours,CPT_high,DOX+TAM,DOX,2,2,vst_mean_diff,0.45624328056112484,39,0.1282051282051282
HALLMARK_INTERFERON_GAMMA_RESPONSE,0.14648318042813455,0.2974052451116671,-0.24048546496195872,-1.1489839981071406,478,164,IL6;PIM1;TAPBP;TXNIP;SSPN;IFI35;ISG20;ITGB7;CFB;CDKN1A;EIF4E3;ICAM1;HELZ2;MVP;CFH;DDX60;TAP1;PFKP;GBP6;TNFAIP2;BATF2;SECTM1;ST3GAL5;OAS3;PSMB9;APOL6;STAT2;TRIM26;LGALS3BP;KLRK1;IFIT3;SPPL2A;IRF7;SLAMF7;HERC6;EPSTI1;SAMD9L;TRIM21;C1R;IL4R;PSME1;LY6E;UBE2L6;NFKBIA;STAT1;OAS2;SP110;IFI27;STAT3;HLA-A;CD274;VAMP5;SLC25A28;RNF213;JAK2;CD74;VAMP8;BPGM;FPR1;CASP7;UPP1;MX1;RNF31,DT_vs_D,4 hours,CPT_high,DOX+TAM,DOX,2,2,vst_mean_diff,0.5266513764227839,63,0.1746031746031746
HALLMARK_KRAS_SIGNALING_DN,0.015375854214123007,0.044790531841140936,-0.3192074574490157,-1.4289291617637059,53,109,CALML5;UPK3B;SYNPO;KRT4;PRODH;SPRR3;CAMK1D;NPY4R;GDNF;KRT13;ABCG4;MYO15A;KLK7;GPRC5C;SLC6A14;ALOX12B;BARD1;ABCB11;SIDT1;MTHFR;MAST3;CLSTN3;EFHD1;PDK2;HTR1D;P2RY4;TFCP2L1;SPHK2;KMT2D;KCND1;SHOX2;EDN2;YBX2;ATP6V1B1,DT_vs_D,4 hours,CPT_high,DOX+TAM,DOX,2,2,vst_mean_diff,1.3488137807278628,34,0.11764705882352941
HALLMARK_KRAS_SIGNALING_UP,0.7795086878370282,0.9004669325013946,0.19886621513349034,0.865736537321765,5203,147,RGS16;TMEM158;APOD;GUCY1A1;MMP10;TNNT2;ENG;PTCD2;G0S2;PLAUR;SDCCAG8;IGF2;DNMBP;PLEK2;HDAC9;ID2;EPHB2;IL1RL2;WDR33;HBEGF;PTBP2;MAP3K1;ETS1;CBR4;CDADC1;BTBD3;ANKH;CXCL10,DT_vs_D,4 hours,CPT_high,DOX+TAM,DOX,2,2,vst_mean_diff,0.04553223097977128,28,0
HALLMARK_MITOTIC_SPINDLE,0.6825242718446602,0.8468356706220784,-0.19022255203641888,-0.9292495560808562,2108,198,MAP1S;SYNPO;SAC3D1;SUN2;BCAR1;TAOK2;CLIP2;BIRC5;GSN;ARL8A;FLNA;PXN;RHOT2;PREX1;LLGL1;HDAC6;MAP3K11;ACTN4;SPTAN1;CAPZB;ABR;MYH9;ANLN;RHOF;PALLD;CEP57;DLGAP5,DT_vs_D,4 hours,CPT_high,DOX+TAM,DOX,2,2,vst_mean_diff,0.0722008568074903,27,0.37037037037037035
HALLMARK_MTORC1_SIGNALING,0.5914527421236873,0.7770065435742558,0.21032222431913167,0.9451900613622871,4054,191,HK2;SORD;POLR3G;PSMG1;UNG;TRIB3;PIK3R3;NUFIP1;TFRC;PSPH;AURKA;MTHFD2;PDK1;CTH;PNP;DDIT3;QDPR;GLA;HSPD1;TBK1;TOMM40;CACYBP;DDIT4;UCHL5;EGLN3;GTF2H1;ASNS;CTSC;GSK3B;MCM2;CDC25A;HSPA9;GMPS;IFRD1;HSPE1,DT_vs_D,4 hours,CPT_high,DOX+TAM,DOX,2,2,vst_mean_diff,0.10957532376507687,35,0.2571428571428571
HALLMARK_MYC_TARGETS_V1,1.452011035283868e-4,0.0018432926158248046,0.46257483957543444,2.0846321726898487,0,195,MCM6;NOLC1;CTPS1;EIF3J;CAD;U2AF1;XPO1;CDC45;NME1;ODC1;SNRPD1;CDK4;C1QBP;CCT2;GNL3;NOP16;APEX1;RSL1D1;IMPDH2;PWP1;SYNCRIP;EXOSC7;XPOT;SSB;CSTF2;FBL;NCBP2;SNRPA1;ORC2;HSPD1;ABCE1;MCM2;SERBP1;DDX21;PPM1G;UBA2;SSBP1;CCT7;IFRD1;HSPE1;POLE3;EIF4E;USP1;CUL1;SRSF3;TCP1;EIF3B;CLNS1A;RAN;CBX3;GSPT1;NOP56;RRP9;RANBP1;DDX18;SNRPB2;NCBP1;PSMD14;G3BP1;TXNL4A;RFC4;DHX15;HNRNPD;POLD2;CCT4;HNRNPU;SRSF7;EIF1AX;HDDC2;RUVBL2;STARD7;CNBP;ETF1;NPM1;EIF2S2;PA2G4;PSMC6;LSM7;TFDP1;MRPL9;HSP90AB1;SRPK1;HNRNPA3;HNRNPR;COPS5;EIF4A1;CCT5;MCM4;PSMD3;SMARCC1;NHP2;EIF3D;PSMD7;TUFM;NDUFAB1;SNRPG;EIF2S1;HDAC2;DUT;BUB3,DT_vs_D,4 hours,CPT_high,DOX+TAM,DOX,2,2,vst_mean_diff,2.734405716679654,100,0.57
HALLMARK_MYC_TARGETS_V2,1.650709805216243e-4,0.0018432926158248046,0.5917861368135188,2.202189130037308,0,57,DUSP2;HK2;SORD;TFB2M;NOLC1;UNG;CDK4;WDR43;GNL3;NOP16;MRTO4;MPHOSPH10;NOC4L;LAS1L;SLC29A2;MYBBP1A;PRMT3;HSPD1;PES1;NIP7;FARSA;HSPE1;NOP2;SUPV3L1;RRP12;TCOF1;CBX3;UTP20;NOP56;RRP9;DDX18;NDUFAF4;IMP4;DCTPP1;PLK4;EXOSC5;RCL1;NPM1;WDR74;PA2G4,DT_vs_D,4 hours,CPT_high,DOX+TAM,DOX,2,2,vst_mean_diff,2.734405716679654,40,0.35
HALLMARK_NOTCH_SIGNALING,0.9147627416520211,0.9995433789954338,0.2121233075140126,0.6787974954084264,5204,28,KAT2A;SAP30;MAML2,DT_vs_D,4 hours,CPT_high,DOX+TAM,DOX,2,2,vst_mean_diff,1.9835327218665474e-4,3,0
HALLMARK_OXIDATIVE_PHOSPHORYLATION,0.6747416020671835,0.8468356706220784,-0.1903373984888799,-0.931789909126393,2088,200,TCIRG1;RHOT2;ALDH6A1;CYB5R3;ATP6V0C;ATP6AP1;MPC1;ACO2;COX8A;NDUFS7;PDK4;NDUFS8;MGST3;NNT;PDP1;GPX4;NDUFA2;ATP5PD;SLC25A5;DECR1;TIMM10;POR;UQCR10;ATP6V1D;ACADVL;ATP6V1E1;COX6A1;SLC25A6;NDUFB3;GPI;ATP5F1E;NDUFA6;VDAC2;OGDH;CASP7;ECH1;COX4I1;ACAA1;IDH2;SDHA;ATP6V0B;CYC1;CS;GLUD1;NDUFB1;HADHA;SLC25A3;COX6B1;IDH1;IDH3G;BCKDHA;COX6C;ACAA2;RETSAT;UQCR11;PHYH;SLC25A11;COX7A2;NDUFA4;MFN2;UQCRC1;ATP5MG;UQCRH;LDHA;ATP5PB;NDUFA7;NDUFA3;NDUFV1;SDHD;ECI1;ISCU;ATP1B1;PRDX3;ALAS1;UQCRFS1;NDUFB5;ATP5F1B;ATP5F1A;COX7C;COX7A2L;ATP5PF,DT_vs_D,4 hours,CPT_high,DOX+TAM,DOX,2,2,vst_mean_diff,0.0722008568074903,81,0.43209876543209874
HALLMARK_P53_PATHWAY,0.013032422123331213,0.03968964919378142,-0.28092587565858534,-1.368068539525241,40,191,SERTAD3;ALOX15B;NHLH2;ITGB4;FUCA1;IL1A;SDC1;TAX1BP3;PIDD1;TXNIP;KRT17;INHBB;HMOX1;AEN;CD82;FDXR;S100A10;CDKN1A;PMM1;CTSD;PLXNB2;TAP1;AK1;ABHD4;NUPR1;BMP2;EPS8L2;MKNK2;PDGFA;RXRA;NOTCH1;PHLDA3;ST14;WRAP73;NINJ1;TCN2;DGKA;CDK5R1;NDRG1;CDKN2AIP;KLF4;GM2A;TRAF4;MXD4;DDB2;LIF;TNNI1;IER3;VWA5A;PPM1D;PERP;RAB40C;EPHA2;PRKAB1;IER5;GPX2;CCND3;SAT1;ANKRA2;TSC22D1;VAMP8;KIF13B;PRMT2;RRAD;BTG2;SFN;F2R;UPP1;PLK2,DT_vs_D,4 hours,CPT_high,DOX+TAM,DOX,2,2,vst_mean_diff,1.4013227396889123,69,0.2753623188405797
HALLMARK_PANCREAS_BETA_CELLS,0.9165160823997108,0.9995433789954338,0.23799402573529416,0.6506670931366443,5071,15,PAK3;FOXO1;ELP4;SRPRB;SPCS1;ISL1;AKT3;DPP4;MAFB;SRP14;VDR;LMO2;SRP9;SEC11A;STXBP1,DT_vs_D,4 hours,CPT_high,DOX+TAM,DOX,2,2,vst_mean_diff,1.9835327218665474e-4,15,0.2
HALLMARK_PEROXISOME,0.9561014263074485,0.9995433789954338,0.17651877945311445,0.7076850552796068,6032,87,SLC27A2;ABCC5;CTPS1;PEX5;CDK7;PEX11A;SLC25A19;SLC23A2;SIAH1;MLYCD;ITGB1BP1;ECI2;FABP6;MSH2;SLC25A17,DT_vs_D,4 hours,CPT_high,DOX+TAM,DOX,2,2,vst_mean_diff,1.9835327218665474e-4,15,0
HALLMARK_PI3K_AKT_MTOR_SIGNALING,0.655697579548545,0.8448411121106254,-0.21001747384469407,-0.91208570119712,2410,91,CDKN1B;NFKBIB;TSC2;CDKN1A;CALR;RIT1;DUSP3;PPP1CA;GRK2;CDK2;IL2RG;MKNK2;PFN1;STAT2;RAC1;AKT1S1;AP2M1;CFL1;CLTC;ARF1;ARPC3;AKT1;CSNK2B;PLCG1;TRAF2;SQSTM1;CAB39L;SFN;ARHGDIA,DT_vs_D,4 hours,CPT_high,DOX+TAM,DOX,2,2,vst_mean_diff,0.07322496042538139,29,0.4827586206896552
HALLMARK_PROTEIN_SECRETION,0.08527777777777777,0.19702107279693484,-0.28821426139440376,-1.2594879305212963,306,95,SSPN;COPE;BNIP3;CD63;VAMP3;ARFGAP3;SCAMP3;RER1;AP2M1;SCRN1;AP2B1;TMED10;GALC;NAPA;ATP7A;GNAS;STX7;ERGIC3;CLTC;AP2S1;PAM;ATP6V1B1;LAMP2;ARF1;CAV2;YKT6;KRT18;BET1;ARCN1;YIPF6;ATP1A1;SEC24D;IGF2R;TMED2;VPS45;ADAM10;NAPG,DT_vs_D,4 hours,CPT_high,DOX+TAM,DOX,2,2,vst_mean_diff,0.7054873204882305,37,0.5135135135135135
HALLMARK_REACTIVE_OXYGEN_SPECIES_PATHWAY,0.3636137381781981,0.5665609408823087,-0.2780520088601772,-1.053449727847875,1460,46,FES;CDKN2D;PDLIM1;G6PD;PFKP;PTPA;MSRA;MGST1;TXNRD2;GPX4;PRDX4;SBNO2;NQO1;GCLM;NDUFA6;ERCC2;EGLN2;SELENOS;GLRX;JUNB;PRDX2;LAMTOR5,DT_vs_D,4 hours,CPT_high,DOX+TAM,DOX,2,2,vst_mean_diff,0.24675336935669365,22,0.36363636363636365
HALLMARK_TGF_BETA_SIGNALING,0.2826141811758769,0.4855166702252244,-0.2810169131198912,-1.0990519263698522,1119,53,ID3;THBS1;NCOR2;FURIN;SERPINE1;PPP1CA;CDK9;BMP2;SKI;LTBP2;RHOA;CDH1;KLF10,DT_vs_D,4 hours,CPT_high,DOX+TAM,DOX,2,2,vst_mean_diff,0.3137958539896808,13,0.46153846153846156
HALLMARK_TNFA_SIGNALING_VIA_NFKB,0.5310431768042861,0.7296597753540616,-0.20141476126591884,-0.9747502630427379,1684,183,CXCL1;IL6;BCL3;IL1A;LAMB3;CEBPB;PLAU;MYC;CDKN1A;ZC3H12A;ICAM1;B4GALT1;PER1;CSF1;NFKBIE;SERPINE1;CEBPD;MAFF;ZBTB10;TAP1;IRS2;STAT5A;BMP2;EHD1;LITAF;DUSP4;TNFAIP2;KLF10;TNC;SERPINB8;FOSL2;NFIL3;NINJ1;BHLHE40;TRIP10,DT_vs_D,4 hours,CPT_high,DOX+TAM,DOX,2,2,vst_mean_diff,0.13687959485091375,35,0.22857142857142856
HALLMARK_UNFOLDED_PROTEIN_RESPONSE,0.13102386451116244,0.283180610395093,0.2932077367825788,1.216779810622527,850,107,DDX10;NOLC1;STC2;MTHFD2;FKBP14;PDIA5;CNOT2;NOP14;SDAD1;EXOSC9;XPOT;NFYA;CHAC1;EIF2AK3;EIF4EBP1;DDIT4;EXOSC2;ASNS;IFIT1;MTREX;HSPA9;DKC1;EIF4E;PSAT1;DNAJB9;ATF3;DNAJA4;NABP1;NOP56;CEBPG;TSPYL2;RRP9,DT_vs_D,4 hours,CPT_high,DOX+TAM,DOX,2,2,vst_mean_diff,0.547936486457905,32,0.1875
HALLMARK_UV_RESPONSE_DN,0.9995433789954338,0.9995433789954338,0.14149609365255972,0.6037853990010335,6566,128,NR1D2;DBP;MRPS31;PIK3R3;NIPBL;TGFBR3;SCAF8;TOGARAM1;ADGRL2;CDON;PHF3;PDGFRB;MMP16;DYRK1A;SPOP;ATP2B1;MAP1B;NFKB1;ACVR2A,DT_vs_D,4 hours,CPT_high,DOX+TAM,DOX,2,2,vst_mean_diff,1.9835327218665474e-4,19,0.15789473684210525
HALLMARK_UV_RESPONSE_UP,0.7639421658306285,0.897967107204423,-0.1904004925994796,-0.8836350203748932,2588,135,CYP1A1;IL6;HMOX1;ICAM1;FURIN;GGH;NAT1;HLA-F;AQP3;ALDOA;CLTB;CDK2;TAP1;BMP2;PRKACA;DNAJB1;MMP14;TMBIM6;CNP;CDC34;CTSV;BSG;DGAT1;SHOX2;NFKBIA;AP2S1;MAPK8IP2;WIZ;MGAT1;CCND3;HSPA13;NPTXR;SQSTM1;ENO2;YKT6;RRAD;BTG2;BID;MARK2;PRKCD;EIF2S3;PPP1R2;ACAA1;RAB27A;RPN1;IL6ST;BAK1;FOS;FGF18,DT_vs_D,4 hours,CPT_high,DOX+TAM,DOX,2,2,vst_mean_diff,0.046739571374171195,49,0.24489795918367346
HALLMARK_WNT_BETA_CATENIN_SIGNALING,0.7178571428571429,0.8744805194805195,-0.2391577053675747,-0.8438773150190955,3014,33,MYC;HDAC11;NCOR2;HDAC5;DKK1;TCF7;FZD1;NOTCH1,DT_vs_D,4 hours,CPT_high,DOX+TAM,DOX,2,2,vst_mean_diff,0.05824986071514774,8,0.375
HALLMARK_XENOBIOTIC_METABOLISM,3.0432136335970786e-4,0.0018535937586454934,-0.35952234778886516,-1.6960020553378583,0,153,CYP1A1;NDRG2;XDH;BCAR1;HMOX1;SLC12A4;CYP2E1;PINK1;CFB;SLC46A3;LCAT;ITIH4;JUP;FBLN1;PMM1;CROT;AOX1;SERPINE1;DDAH2;PTGES;CES1;PC;PTGDS;ACO2;CYP2J2;BLVRB;PDK4;SPINT2;ACOX1;CDA;CYP2S1;NINJ1;CYP27A1;TMBIM6;ACSM1;ESR1;GSTM4;PAPSS2;ALDH3A1;SERTAD1;DDT;PROS1;RAP1GAP;DHPS;ACP2;EPHA2;ACOX3;PGD;NQO1;POR;AKR1C2;DHRS7;GNMT;UPP1;ECH1;PDLIM5;DHRS1;TNFRSF1A;SLC35D1;ALDH9A1,DT_vs_D,4 hours,CPT_high,DOX+TAM,DOX,2,2,vst_mean_diff,2.7319854415564415,60,0.16666666666666666
PID_MYC_ACTIV_PATHWAY,0.0016084928422068522,0.006735563776741194,0.4331117136348586,1.6904725072221922,9,74,TAF4B;KAT2A;CAD;HMGA1;RIOX2;NME1;ODC1;CDK4;CDCA7;RUVBL1;TFRC;NDUFAF2;SERPINI1;NCL;E2F3;SNAI1;ID2;PDCD10;HSPD1;TERT;CDC25A;PMAIP1;EIF4E;PTMA;IREB2;RCC1;BCAT1;DDX18;NBN;EP300;RUVBL2;POLR3D;TAF12;HSPA4;NPM1,DT_vs_D,4 hours,CPT_high,DOX+TAM,DOX,2,2,vst_mean_diff,2.171626047323254,35,0.37142857142857144
REACTOME_ACTIVATION_OF_ATR_IN_RESPONSE_TO_REPLICATION_STRESS,3.4193879295606086e-4,0.0019091582606713398,0.5717096602707332,1.949104231745138,1,37,MCM6;ATR;ORC4;CDC45;CDC6;MCM3;ORC5;ORC6;ORC2;DBF4;MCM2;CDC25A;MCM10;RFC3;RAD9B;MCM8;CDC25C;RFC4;RFC5;RPA2;ORC3;RFC2;CDC7;MCM4,DT_vs_D,4 hours,CPT_high,DOX+TAM,DOX,2,2,vst_mean_diff,2.7191580690461397,24,0
REACTOME_CELL_CYCLE_CHECKPOINTS,0.0065527065527065526,0.02310691258059679,0.3096797512895143,1.4289968974732106,45,241,AHCTF1;MCM6;BLM;CENPP;CENPT;ATR;DYNC1LI1;XPO1;ANAPC4;ORC4;CDC45;CHEK2;ANAPC1;EXO1;BRCA1;KIF18A;B9D2;CDC6;CCNE1;CENPC;RANBP2;CENPS;CENPE;MCM3;ORC5;NUP160;ORC6;CLASP2;ORC2;ERCC6L;ANAPC7;DBF4;ANAPC5;RAD50;SPC25;CCNE2;MCM2;NUP37;CDC25A;PHF20;WRN;CENPK;COP1;RMI1;CDC27;UIMC1;SEH1L;CDC23;KNTC1;RNF8;RNF168;MCM10;ANAPC10;NUP98;UBE2N;RFC3;RBBP8;UBE2V2;ITGB3BP;RAD9B;SGO1;ATM;MCM8;TAOK1;TOPBP1;NBN;BRCC3;PSMD14;BRIP1;NUDC;ZW10;CKAP5;CDC25C;RFC4;MDM2;PPP2R1B;DNA2;NUP107;RFC5;RPA2;MDM4;NUP85;PSMC6;MRE11;SEM1;CDC26;RANGAP1;YWHAG;SPDL1;ORC3;RFC2;CDC7;NDC80;MCM4;UBE2D1;PSMD3;NDE1;PSMD6;PSMD7;PAFAH1B1;PSMC2;ATRIP;NUP133;PPP2R5E;CLASP1;NSL1,DT_vs_D,4 hours,CPT_high,DOX+TAM,DOX,2,2,vst_mean_diff,1.6362580787002337,106,0.11320754716981132
REACTOME_GLUCOSE_METABOLISM,0.32862706913339823,0.5370247227301873,0.27860860231175455,1.071774382847886,2024,69,HK2;GNPDA1;NUP153;NUP35;NUP54;RANBP2;PFKFB3;NUP210;NUP160;G6PC3;ADPGK;TPR;NDC1;NUP37;SEH1L;NUP98;NUP205,DT_vs_D,4 hours,CPT_high,DOX+TAM,DOX,2,2,vst_mean_diff,0.2700057204491436,17,0.29411764705882354
REACTOME_MITOCHONDRIAL_TRANSLATION,1.5718327569946557e-4,0.0018432926158248046,0.5256677646506482,2.130401955885452,0,93,MRPS17;MTIF2;MRPS23;MRPL4;MTFMT;MRPS25;MRPS31;PTCD3;MRPL3;MRPL1;MRPS22;MRPL39;MRPS35;MRPS26;GFM1;MRPL36;MRPL2;MRPS30;TSFM;MRPL16;MRPL58;MRPL45;MRPL50;MRPS18A;MRPL21;MRPS6;MRPL17;MRPL22;MRPS5;MRPS18C;MRPL57;MRPL34;MRPL32;GADD45GIP1;MRPS2;MRPL20;MRPS9;MRPL19;MRPL46,DT_vs_D,4 hours,CPT_high,DOX+TAM,DOX,2,2,vst_mean_diff,2.734405716679654,39,0.05128205128205128
REACTOME_MRNA_SPLICING,1.444669170759896e-4,0.0018432926158248046,0.36909999411086164,1.6787431911102249,0,210,GCFC2;WDR70;PRPF19;NSRP1;U2AF1;SF3A3;SNRPD1;SRSF12;PRPF3;PPWD1;UPF3B;SNRPF;DHX35;PPIL1;PRPF4;SNRPE;NCBP2;SNRPA1;PPIG;SNU13;CWC27;RBM17;DHX16;BUD13;BCAS2;MTREX;POLR2B;PRPF40A;DDX42;SRSF3;CWC22;GPATCH1;PRPF18;SNRNP48;PNN;LSM5;SNRNP40;AQR;SRSF5;LUC7L3;SNRPB2;NCBP1;CWF19L2;USP39;POLR2H;SRSF6;NKAP;SNRNP35;ISY1;RBM39;RBMX;TXNL4A;DHX15;SRSF10;HNRNPD;PDCD7;HNRNPU;CDC40;POLR2G;SRSF7;MAGOH;RBM25;CCDC12;LSM6;PPIE;PRKRIP1;U2SURP;WBP4;PRPF38A;GTF2F2;CDC5L;LSM7;SRSF11;RBM5;CCAR1;HNRNPA3;HNRNPR;GPKOW;DDX46;HSPA8;PPIH;DDX39B;DHX9;CTNNBL1;POLR2C;POLR2D;SF3B6;FUS;PPIL4;MAGOHB;SNRPG;ZRSR2;PPP1R8;YBX1;RNPS1;PLRG1;HNRNPA2B1;RBMX2;SF1,DT_vs_D,4 hours,CPT_high,DOX+TAM,DOX,2,2,vst_mean_diff,2.734405716679654,99,0.2727272727272727
WP_ADIPOGENESIS,0.33785694091037605,0.538962262880838,-0.23652673964448823,-1.0500376930190538,1194,104,IL6;CYP26B1;ID3;CEBPB;CDKN1A;NCOR2;EPAS1;LIFR;SERPINE1;LPIN3;CEBPD;LIPE;IRS2;STAT5A;LMNA;BMP2;FZD1;RXRA;BMP1;IRS1;STAT2;AGPAT2;RARA;KLF15;PNPLA3;PTGIS;LIF;GATA3;PPARA;STAT1;MEF2D;SCD;STAT3;AGT,DT_vs_D,4 hours,CPT_high,DOX+TAM,DOX,2,2,vst_mean_diff,0.26844164222766903,34,0.17647058823529413
WP_AMINO_ACID_METABOLISM,0.9943200259655955,0.9995433789954338,0.15545067378233282,0.5980003796505842,6126,69,FARSB;CAD;ODC1;HAL;CTH;MAOA;PYCR1;ASNS,DT_vs_D,4 hours,CPT_high,DOX+TAM,DOX,2,2,vst_mean_diff,1.9835327218665474e-4,8,0.25
WP_APOPTOSIS,0.7405812701829925,0.8860525911117946,-0.206572863740066,-0.8706837025874766,2751,78,NFKBIB;BBC3;BIRC5;BNIP3L;BAD;MYC;TP73;NFKBIE;TRADD;BOK;IRF7;CASP10;RELA;IKBKG;NFKBIA;AKT1;TNFRSF25;TRAF2;TNFRSF21;BID;CASP7;TNFRSF1A;IKBKB;IRF5;IRF3;XIAP;BAK1,DT_vs_D,4 hours,CPT_high,DOX+TAM,DOX,2,2,vst_mean_diff,0.05254050006350443,27,0.1111111111111111
WP_APOPTOSIS_MODULATION_AND_SIGNALING,0.5430122116689281,0.7296597753540616,-0.2258466746331945,-0.9603653990436584,2000,81,BMF;MAPK3;PIDD1;BBC3;BIRC5;TNFRSF6B;BAD;TRADD;TOLLIP;BNIP3;AIFM2;BOK;CAPNS1;CASP10;HSPA1A;NFKBIA;TNFRSF25;PEA15;TNFRSF10C;BID;CASP7;BAG3;TNFRSF1A;ENDOG;IKBKB;IRAK1;XIAP;BAK1;FOS;BCL2A1;DAXX;BCL2L1;TRAF6;CASP1;CASP2;CRADD;CASP6,DT_vs_D,4 hours,CPT_high,DOX+TAM,DOX,2,2,vst_mean_diff,0.13687959485091375,37,0.10810810810810811
WP_CELL_CYCLE,0.02093918398768283,0.05845522196561457,0.3384546992733136,1.4192488486128223,135,115,MCM6;E2F5;SMC3;ATR;ANAPC4;ORC4;CDC45;CHEK2;CDK4;PRKDC;ANAPC1;CDC6;CCNE1;CDK7;RBL1;E2F3;MCM3;ORC5;ORC6;ORC2;CCNH;ANAPC7;DBF4;ESPL1;STAG1;ANAPC5;CCNE2;GSK3B;MCM2;CDC25A;CDC27;CDC23;ANAPC10;CUL1,DT_vs_D,4 hours,CPT_high,DOX+TAM,DOX,2,2,vst_mean_diff,1.2331766860496087,34,0.08823529411764706
WP_DNA_REPLICATION,0.0011860386309725517,0.005297639218344064,0.5266742185544652,1.8435155394170197,6,42,MCM6;POLA2;POLD3;RPA4;ORC4;CDC45;POLE2;CDC6;GMNN;MCM3;ORC5;ORC6;ORC2;DBF4;RFC1;MCM2;MCM10;POLA1;RFC3,DT_vs_D,4 hours,CPT_high,DOX+TAM,DOX,2,2,vst_mean_diff,2.2759176215045387,19,0
WP_ELECTRON_TRANSPORT_CHAIN_OXPHOS_SYSTEM_IN_MITOCHONDRIA,0.24957507082152974,0.44004025644848666,-0.2491482957137388,-1.1034813695302463,880,103,COX7A1;COX8A;NDUFS7;UCP2;NDUFS8;NDUFA2;ATP5PD;SLC25A5;UQCR10;COX6A1;SLC25A6;NDUFB3;ATP5F1E;NDUFA6;COX4I1;SDHA;NDUFB1;COX6B1;NDUFA11;COX6C;UQCR11;COX7A2;ATP5IF1;NDUFA4;UQCRC1;ATP5MG;UQCRH;ATP5PB;NDUFA7;NDUFA3;NDUFV1;SDHD;NDUFA13;UQCRFS1;NDUFB5;ATP5F1B;ATP5F1A;COX7C;COX7A2L;ATP5PF;DMAC2L;NDUFB4;MT-ND1;SLC25A4,DT_vs_D,4 hours,CPT_high,DOX+TAM,DOX,2,2,vst_mean_diff,0.3565075908917584,44,0.4090909090909091
WP_PROTEASOME_DEGRADATION,0.9901115618661258,0.9995433789954338,-0.15836800202824264,-0.6289175136786732,3904,57,UBA7;HLA-F;UBA1;PSMB9;HLA-C;PSME1;HLA-A;PSMD10;HLA-E;PSMB6;PSMD8;RPN1;UBC;PSMC5;PSMD2;NEDD4;PSMC3;PSMB3;PSMB2;PSMD9,DT_vs_D,4 hours,CPT_high,DOX+TAM,DOX,2,2,vst_mean_diff,1.9835327218665474e-4,20,0.35
WP_PYRIMIDINE_METABOLISM,0.005468875663503297,0.02155380408557182,0.4153032542002933,1.6209645486000097,33,74,POLR3G;POLA2;UCK2;CTPS1;POLD3;POLR3A;CAD;DHODH;POLR1B;UMPS;NME1;POLE2;NT5M;PNPT1;POLR3F;POLR1E;POLR1C;POLR3H;UPRT;POLR2B;POLE3;POLA1;NME7;POLR1A;RRM2;POLR3C;DCTD;POLE4;POLR2H;POLR3B;DCTPP1;POLD2;POLR2G;POLR3D,DT_vs_D,4 hours,CPT_high,DOX+TAM,DOX,2,2,vst_mean_diff,1.6664760690033482,34,0.14705882352941177
WP_RAS_SIGNALING,0.9694543297746144,0.9995433789954338,-0.1633858278202684,-0.7655533036858168,3268,143,CALML5;RRAS;MAPK3;PLA2G4B;GAB2;CALM3;BAD;GNG7;GNB2;PLD2;RGL2;PRKACA;RHOA;RAC1;PLA2G6;PIK3CD;PRKCG;FOXO4;LAT;RELA;RAB5B;GRIN1;KSR1;IKBKG;FGFR1;AKT2;PLCG2;EPHA2;GNB1;AKT1;RAC3;PLCG1;PLA2G4C;GNG12;RASGRP2;SHC1;RAC2;RAB5C;MRAS;PAK2;IKBKB;CDC42;GNB5;RALB;KRAS,DT_vs_D,4 hours,CPT_high,DOX+TAM,DOX,2,2,vst_mean_diff,1.9835327218665474e-4,45,0.26666666666666666
GOBP_MITOCHONDRIAL_GENE_EXPRESSION,4.5662100456621003e-4,0.0014035528741411093,-0.3980521175133243,-2.0609365769370442,0,167,MRPL50;MRPL30;MRPL42;MRPS33;MRPL15;TFAM;MRPS35;MRPS24;MRPL19;TRMT5;MRPS18B;MRPL18;MTIF3;LRPPRC;MRPS30;MRPS28;IARS2;MRPL44;MRPL24;CHCHD10;MRPS14;COA3;MRPL13;CHCHD1;TFB2M;PRKAA1;MRPL54;MRPL51;MRPL35;MRPS9;MRPL45;MRPL49;FOXO3;MRPL10;MRPS10;MRPL1;MRPS12;C1QBP;MRPS27;GADD45GIP1;MRPL3;MRPS34;MRPL57;DDX3X;WARS2;SHMT2;DARS2;MRPL58;NSUN3;MRPL47;MRPL48;TRMT10C;MRPL11;MRPL32;QRSL1;MRPS15;MRPS22;MRPL33;MRPL22;MRPL40;TSFM;MRPS16;UQCC2;MRPS18C;MRPL17;MRPL2;MTIF2;THAP11;MRPS6;MRPL16;GFM1;MRPL14;RPUSD4;MRPL12;MRPL37;OXA1L;MRPL39;NGRN;MRPS2;GATC;RMND1;MRPL36;MTPAP;MALSU1;AURKAIP1;MRPL34;METTL4;MRPS7;MRPL53;MRPL43;MRPS23;HSD17B10;FASTKD5;MTRF1L;MRPL27;MRPL9;DAP3,DT_vs_D,24 hours,NoCPT,DOX+TAM,DOX,2,2,vst_mean_diff,2.8527712221352153,97,0.09278350515463918
GOBP_MITOCHONDRIAL_RESPIRATORY_CHAIN_COMPLEX_ASSEMBLY,3.6469730123997083e-4,0.0014035528741411093,-0.5227432187120571,-2.477764878338142,0,96,MT-ND4;MT-ND1;MT-ND6;LYRM7;MT-ND2;NDUFA6;COX7A2;MT-ND5;NUBPL;SMIM20;COX18;NDUFAF2;CHCHD4;COX7A2L;NDUFB3;TMEM126B;STMP1;NDUFS4;SDHAF4;TFAM;HIGD2A;COX20;HIGD1A;SDHAF3;DMAC1;NDUFS5;NDUFAF4;ATP23;COX16;COA3;NDUFC2;ATPAF1;COA6;PET117;UQCRFS1;FMC1;NDUFS1;AIFM1;NDUFA13;COA8;COX14;NDUFS6;TMEM126A;TMEM70;RAB5IF;OMA1;UQCC2;DMAC2;LYRM2;SCO1,DT_vs_D,24 hours,NoCPT,DOX+TAM,DOX,2,2,vst_mean_diff,2.8527712221352153,50,0.18
GOBP_MITOCHONDRIAL_TRANSLATION,3.996802557953637e-4,0.0014035528741411093,-0.4740329888541034,-2.3638144977733493,0,129,MRPL50;MRPL30;MRPL42;MRPS33;MRPL15;MRPS35;MRPS24;MRPL19;MRPS18B;MRPL18;MTIF3;LRPPRC;MRPS30;MRPS28;IARS2;MRPL44;MRPL24;MRPS14;COA3;MRPL13;CHCHD1;MRPL54;MRPL51;MRPL35;MRPS9;MRPL45;MRPL49;MRPL10;MRPS10;MRPL1;MRPS12;C1QBP;MRPS27;GADD45GIP1;MRPL3;MRPS34;MRPL57;DDX3X;WARS2;SHMT2;DARS2;MRPL58;NSUN3;MRPL47;MRPL48;TRMT10C;MRPL11;MRPL32;QRSL1;MRPS15;MRPS22;MRPL33;MRPL22;MRPL40;TSFM;MRPS16;UQCC2;MRPS18C;MRPL17;MRPL2;MTIF2;MRPS6;MRPL16;GFM1;MRPL14;RPUSD4;MRPL12;MRPL37;OXA1L;MRPL39;NGRN;MRPS2;GATC;RMND1;MRPL36;MALSU1;AURKAIP1;MRPL34;MRPS7;MRPL53;MRPL43;MRPS23;MTRF1L;MRPL27;MRPL9;DAP3,DT_vs_D,24 hours,NoCPT,DOX+TAM,DOX,2,2,vst_mean_diff,2.8527712221352153,86,0.09302325581395349
GOMF_HEAT_SHOCK_PROTEIN_BINDING,0.003427265803503427,0.006560765966706561,-0.31151051595671203,-1.5274198763763782,8,115,GUCY1B1;CDK1;HDAC2;DNAJB9;ST13;CDC37L1;DNAJA2;HSPA13;TFAM;DNAJB14;NR3C1;BAG2;PTGES3;METTL18;RPS3;GPR37;SLC12A2;ETFBKMT;FKBP5;KPNB1;DNAJC8;MAPT;HSP90AB1;HSPA9;SGTB;EEF1AKMT3;CREB1;DNAJB1;DNAJC18;HSPA8;DNAJA1;KDR;DNAJC10;ITGB2;AHSA1;HIF1A;STAU2;CHORDC1;TTC4;PPID;AHR;HSPA1L;FKBP4;CDK5;DNAJC7;HIKESHI,DT_vs_D,24 hours,NoCPT,DOX+TAM,DOX,2,2,vst_mean_diff,2.183045453963585,46,0.32608695652173914
GOMF_RNA_ENDONUCLEASE_ACTIVITY,0.19158576051779935,0.24219331989985954,-0.26327992730495653,-1.1553191427147913,591,66,LACTB2;RIDA;TSNAX;ABCE1;ENDOG;MRPL44;TSEN34;RNASE4;RNASEL;APEX1;ANG;NUDT12;RPP25;NOB1;TMBIM6;PPP1R8;POP4;ZC3H12C;RPP21;AGO4;DBR1;RPP30;RNASEK;CPSF3;FEN1;RPP40;POP7;RNASEH1,DT_vs_D,24 hours,NoCPT,DOX+TAM,DOX,2,2,vst_mean_diff,0.6158378396018775,28,0.10714285714285714
HALLMARK_ADIPOGENESIS,4.666355576294914e-4,0.0014035528741411093,-0.450244331307367,-2.380175877904798,0,186,PHYH;IDH1;CMPK1;CDKN2C;CCNG2;ACADM;SSPN;PRDX3;PDCD4;RNF11;SNCG;NDUFA5;ORM1;DNAJB9;GPX4;ANGPT1;DRAM2;SUCLG1;G3BP2;COX7B;SOD1;TOB1;DECR1;GHITM;MRPL15;COQ5;CMBL;DLD;GPD2;UQCR10;NDUFAB1;ABCA1;SCP2;SLC66A3;DBT;LIFR;BCL2L13;CHCHD10;ACOX1;COX6A1;COX8A;RTN3;MDH2;DLAT;TALDO1;ATP5PO;YWHAG;REEP5;RIOK3;SDHB;IFNGR1;JAGN1;UBQLN1;MTCH2;UBC;DNAJC15;PPM1B;CAVIN2;CPT2;IDH3A;DHRS7;CRAT;SQOR;OMD;IMMT;PGM1;COQ3;HADH;STOM;AIFM1;CD302;SDHC;ME1;ATP1B3;CS;APLP2;NKIRAS1;ECHS1;ADIPOR2;MGST3;CAT;VEGFB;ECH1;BCL6;GPAM;ELOVL6;GRPEL1;ALDOA;NDUFS3;PTGER3;TANK;ACAA2;RAB34;TKT;UQCRC1;UQCRQ;BCKDHA;LTC4S,DT_vs_D,24 hours,NoCPT,DOX+TAM,DOX,2,2,vst_mean_diff,2.8527712221352153,98,0.336734693877551
HALLMARK_ANDROGEN_RESPONSE,3.6403349108117945e-4,0.0014035528741411093,-0.6244230514984123,-2.952031909178288,0,95,SELENOP;HPGD;B2M;LMAN1;DNAJB9;UBE2J1;ELOVL5;NKX3-1;NCOA4;ABHD2;ELL2;SCD;STK39;TMEM50A;RAB4A;ARID5B;DBI;ACSL3;ZBTB10;VAPA;GSR;ABCC4;SMS;TNFAIP8;GPD1L;PA2G4;LIFR;SLC38A2;RPS6KA3;CDK6;B4GALT1;ITGAV;APPBP2;XRCC6;TPD52;CDC14B;MYL12A;FADS1;FKBP5;STEAP4;NDRG1;SPCS3;PLPP1;PDLIM5;CENPN;XRCC5;GNAI3;BMPR1B;AZGP1;SPDEF;PGM3,DT_vs_D,24 hours,NoCPT,DOX+TAM,DOX,2,2,vst_mean_diff,2.8527712221352153,51,0.47058823529411764
HALLMARK_ANGIOGENESIS,0.7404269186899136,0.7874381516226066,0.25863608973110297,0.808202731959655,4543,23,FGFR1;VEGFA;JAG2;JAG1;PRG2,DT_vs_D,24 hours,NoCPT,DOX+TAM,DOX,2,2,vst_mean_diff,0.10378354733372466,5,0.2
HALLMARK_APICAL_JUNCTION,0.15343709468223088,0.20157422242567585,0.2633579216772657,1.1790697770743332,1182,156,AMH;WNK4;ITGA10;PKD1;THBS3;ICAM5;NLGN2;COL16A1;TRAF1;CLDN15;SPEG;PLCG1;INPPL1;MAPK11;TSPAN4;NLGN3;ACTA1;BMP1;CERCAM;AMIGO2;TAOK2;MVD;CLDN6;MAP4K2;IKBKG;SYMPK;TSC1;ITGA3;CLDN11;CDH8;NECTIN1;STX4;CLDN9;EVL,DT_vs_D,24 hours,NoCPT,DOX+TAM,DOX,2,2,vst_mean_diff,0.6955650068201366,34,0.058823529411764705
HALLMARK_APICAL_SURFACE,0.8063986874487284,0.8312109547548431,-0.21391209042554274,-0.7945373670767507,2948,32,LYN;B4GALT1;ADAM10;HSPB1;FLOT2;AKAP7;DCBLD2;ADIPOR2;RHCG;EFNA5;ATP6V0A4;GAS1;GATA3;APP,DT_vs_D,24 hours,NoCPT,DOX+TAM,DOX,2,2,vst_mean_diff,0.08028874172827549,14,0.42857142857142855
HALLMARK_APOPTOSIS,4.1511000415110004e-4,0.0014035528741411093,-0.41906206188567974,-2.1120486561057565,0,140,SOD2;TXNIP;PDCD4;BIRC3;TGFB2;TOP2A;LGALS3;GPX4;PLAT;CDKN1B;TNFSF10;F2R;DNAJC3;BIK;BNIP3L;SC5D;BMF;SOD1;TIMP2;CASP3;PEA15;PPP3R1;CAV1;GSR;HMGB2;BCL10;MCL1;HMOX1;CASP4;IFITM3;HSPB1;VDAC2;IFNGR1;CASP7;GCH1;BTG3;DAP;XIAP;CASP1;ETF1;CTNNB1;CASP6;RNASEL;EMP1;PMAIP1;PSEN1;BGN;BCL2L11;PPT1;DNAJA1;DNM1L;SATB1;IL18;SQSTM1;BID,DT_vs_D,24 hours,NoCPT,DOX+TAM,DOX,2,2,vst_mean_diff,2.8527712221352153,55,0.4
HALLMARK_CHOLESTEROL_HOMEOSTASIS,0.19763624425476034,0.2452153400938693,-0.25869442408830673,-1.144868103753,601,69,LGALS3;ALCAM;SC5D;TMEM97;GPX8;TP53INP1;PNRC1;SCD;ANTXR2;PDK3;ANXA5;ERRFI1;PLSCR1;NFIL3;CTNNB1;S100A11;GNAI1;ETHE1;PMVK;CYP51A1;STARD4;ECH1,DT_vs_D,24 hours,NoCPT,DOX+TAM,DOX,2,2,vst_mean_diff,0.6104523648643413,22,0.3181818181818182
HALLMARK_COAGULATION,0.043631245601688955,0.06643848762075363,-0.2835833272195454,-1.3291414801230634,123,90,CTSH;MMP7;SERPINE1;PRSS23;GNG12;SERPINA1;LAMP2;PLAT;PECAM1;CTSO;CFH;RAC1;MSRB2;ARF4;ADAM9;LTA4H;CTSB;FN1;PEF1;GNB2;PDGFB;ANG;F8,DT_vs_D,24 hours,NoCPT,DOX+TAM,DOX,2,2,vst_mean_diff,1.177580262214577,23,0.34782608695652173
HALLMARK_COMPLEMENT,4.385964912280702e-4,0.0014035528741411093,-0.39605690042739117,-2.0311267011197516,0,157,S100A9;CTSS;CTSH;MMP13;SERPINE1;CDA;CP;SERPINA1;CXCL1;PDP1;LGALS3;LAMP2;PLAT;PHEX;PRCP;CTSO;CFH;SH2B3;GNB4;PLA2G4A;GCA;CPM;GMFB;TIMP2;CASP3;GPD2;ANXA5;CALM1;PIK3CA;LAP3;PLSCR1;LYN;DYRK2;FDX1;ADAM9;CASP4;GNG2;LTF;PPP2CB;LIPA;LTA4H;GRB2;CTSB;CASP7;CALM3;FN1;CASP1;VCPIP1;IRF2;DGKG;RHOG;GNB2;APOBEC3G;GNAI3;PDGFB;PFN1;PSEN1;ANG;ME1;CD55;F8;CTSC;CD59;MSRB1;USP15,DT_vs_D,24 hours,NoCPT,DOX+TAM,DOX,2,2,vst_mean_diff,2.8527712221352153,65,0.2153846153846154
HALLMARK_DNA_REPAIR,0.12662473794549267,0.1696771488469602,-0.2288883845652069,-1.165048586723611,301,147,VPS37D;CDA;RALA;SDCBP;RRM2B;EIF1B;NUDT21;GPX4;TSG101;ARL6IP1;DCTN4;TMED2;POLR1D;POLR2K;DAD1;NT5C3A;CETN2;RPA3;RBX1;SUPT4H1;RFC3;MPC2;AK3;TAF9;APRT;GTF2A2;SMAD5;HPRT1;TAF12;AK1;IMPDH2;PRIM1;POLB;EDF1;MRPL40;GTF2B;AGO4;GTF2H5;DGUOK;ALYREF;RNMT;GMPR2;SAC3D1;SSRP1;POLR3GL;FEN1;DDB1;STX3;NME1;GTF2F1;POLR2I;TYMS;PCNA;NUDT9;NME4;COX17;DUT;TAF13;ERCC4,DT_vs_D,24 hours,NoCPT,DOX+TAM,DOX,2,2,vst_mean_diff,0.7703766420541744,59,0.1864406779661017
HALLMARK_E2F_TARGETS,5.01002004008016e-4,0.0014035528741411093,-0.4305292622676257,-2.2855579820382164,0,197,MYC;HMGB3;ANP32E;CDKN2C;CDK1;TOP2A;NUDT21;STMN1;MAD2L1;CBX5;NAP1L1;USP1;CDKN1B;DSCC1;ASF1A;MTHFD2;DLGAP5;IPO7;CKS2;CKS1B;CDKN3;DEK;HMMR;TMPO;RAD21;NBN;KPNA2;BRMS1L;PTTG1;RACGAP1;HMGB2;PSIP1;AURKA;PA2G4;TUBB;PRPS1;RPA3;ASF1B;EIF2S1;DCK;XRCC6;RFC3;DEPDC1;UBR7;RPA1;SYNCRIP;BIRC5;UBE2T;GSPT1;DCLRE1B;DCTPP1;SMC3;RAD1;NAA38;ZW10;SPC25;BARD1;PRDX4;NOLC1;CCNB2;PPM1D;UBE2S;LYAR;RFC1;GINS1;RBBP7;PAICS;PHF5A;CDC20;CSE1L;PDS5B;SLBP;ING3;PPP1R8;PLK1;NCAPD2;LMNB1;SMC4;KIF4A;CTCF;RAD51AP1;BRCA2;SNRPB;SSRP1;JPT1;PRIM2;GINS4;RAD51C;SHMT1;CDCA8;LBR;MELK;RAN;SPC24;NME1;TK1;POP7;TRA2B;CDK4;PCNA;EXOSC8;DUT;BUB1B;DIAPH3;UNG;KIF2C;GINS3;MSH2;ATAD2;WEE1,DT_vs_D,24 hours,NoCPT,DOX+TAM,DOX,2,2,vst_mean_diff,2.8527712221352153,110,0.24545454545454545
HALLMARK_EPITHELIAL_MESENCHYMAL_TRANSITION,0.78936078936078935,0.8263620763620764,-0.1742289747495837,-0.8886004013493914,1839,151,CXCL8;SERPINE1;IGFBP3;CXCL1;SNAI2;WNT5A;ITGB1;PFN2;LOX;NNMT;CALU;MYL9;CALD1;DKK1;ITGAV;FSTL1;FGF2;PLOD2;DAB2;WIPF1;FN1;LGALS1;SGCB;ADAM12;FERMT2;CAPG;TPM4;BGN;TGM2;NT5E;CD59;ECM2;SNTB1;SPOCK1;SDC4;PMEPA1;APLP1;TGFBI;GEM;FBLN1,DT_vs_D,24 hours,NoCPT,DOX+TAM,DOX,2,2,vst_mean_diff,0.08282962179410097,40,0.275
HALLMARK_ESTROGEN_RESPONSE_EARLY,0.36721311475409835,0.4316364682197297,-0.19695614884258578,-1.034438460575039,783,181,MYC;SLC7A2;PRSS23;MYB;IL6ST;NRIP1;DHRS3;PAPSS2;ELOVL5;OPN3;DYNLT3;ABHD2;UGCG;TOB1;INHBB;TPD52L1;CLIC3;HES1;ENDOD1;DHRS2;SLC19A2;B4GALT1;BLVRB;SNX24;FKBP5;MAPT;RAB31;SIAH2;PLAAT3;PMAIP1;ADD3;ARL3;TGM2;TFAP2C;FRK;RHOBTB3;BAG1;ELF1;SH3BP5;SLC16A1;PTGES;AMFR;ZNF185;KAZN;ALDH3B1;MREG;XBP1;FHL2;ABLIM1;NXT1;FKBP4;REEP1;SYBU;KRT19;PEX11A;DLC1;CCN5;HSPB8;KLF10;ITPK1;FDFT1,DT_vs_D,24 hours,NoCPT,DOX+TAM,DOX,2,2,vst_mean_diff,0.3648818696482692,61,0.32786885245901637
HALLMARK_ESTROGEN_RESPONSE_LATE,0.0018365472910927456,0.003728747530400423,-0.2906850991841277,-1.5170489168104424,3,173,S100A9;PRKAR2B;PRSS23;COX6C;MYB;SERPINA1;IL6ST;PDCD4;NRIP1;TOP2A;TNNC1;PAPSS2;ELOVL5;OPN3;DYNLT3;ABHD2;TSPAN13;TOB1;KIF20A;TPD52L1;AGR2;UGDH;CLIC3;PERP;CAV1;DHRS2;SERPINA5;SERPINA3;CPE;CKB;GAL;LTF;BLVRB;MOCS2;FKBP5;BTG3;MAPT;RAB31;IDH2;GPER1;HPRT1;SIAH2;ASS1;PLAAT3;ADD3;ARL3;TFAP2C;FRK;CACNA2D2;BAG1;SLC16A1;CDC20;PTGES;RABEP1;NMU;AMFR,DT_vs_D,24 hours,NoCPT,DOX+TAM,DOX,2,2,vst_mean_diff,2.428437021268855,56,0.3392857142857143
HALLMARK_FATTY_ACID_METABOLISM,4.1511000415110004e-4,0.0014035528741411093,-0.42057780354423774,-2.1196879067660426,0,140,GLUL;HSD17B11;HPGD;UBE2L6;CBR3;IDH1;ACADM;PSME1;TP53INP2;VNN1;ELOVL5;SERINC1;SDHD;SUCLG1;ACSL4;CRYZ;ALDH9A1;DECR1;SUCLG2;ACSL5;MDH1;UGDH;NBN;DLD;GPD2;MIF;METAP1;SMS;OSTC;PRDX6;HSD17B4;ACOX1;MAOA;ACSM3;MDH2;GABARAPL1;BLVRA;PPARA;CPOX;EHHADH;LDHA;FH;CPT2;LGALS1;YWHAH;PDHB;CRAT;HSP90AA1;HADH;ERP29;ECI2;SUCLA2;APEX1;HCCS;ALDH1A1;BMPR1B;SDHC;ME1;HMGCL;ECHS1;ADIPOR2;ECH1;ACSL1,DT_vs_D,24 hours,NoCPT,DOX+TAM,DOX,2,2,vst_mean_diff,2.8527712221352153,63,0.30158730158730157
HALLMARK_G2M_CHECKPOINT,4.948045522018803e-4,0.0014035528741411093,-0.4193842257222949,-2.2243628078809214,0,194,MYC;FOXN3;HMGB3;CDKN2C;CDK1;TOP2A;STMN1;MAD2L1;NEK2;CDKN1B;CCNA2;PBK;MARCKS;CKS2;CKS1B;CDKN3;PURA;HMMR;CENPA;UBE2C;TMPO;SMC2;RAD21;SAP30;NUSAP1;KIF5B;KIF11;KPNA2;PTTG1;HMGN2;RACGAP1;AURKA;DR1;SLC12A2;KNL1;SYNCRIP;BIRC5;SLC38A1;KPNB1;ORC5;G3BP1;TOP1;GSPT1;NUP50;CBX1;RAD23B;MT2A;TTK;FBXO5;TPX2;BARD1;BUB1;NOLC1;CCNB2;UBE2S;CUL5;KIF20B;AMD1;MAP3K20;HSPA8;CDC20;PDS5B;PLK1;LMNB1;HIF1A;DKC1;SMC4;CDC27;BUB3;KIF4A;CTCF;CCNT1;NCL;BRCA2;PAFAH1B1;PRC1;JPT1;PRIM2;SMARCC1;CUL3;NDC80;EFNA5;LBR,DT_vs_D,24 hours,NoCPT,DOX+TAM,DOX,2,2,vst_mean_diff,2.8527712221352153,83,0.3132530120481928
HALLMARK_GLYCOLYSIS,4.623208506703652e-4,0.0014035528741411093,-0.3405860188665708,-1.7784996277406533,0,175,RRAGD;IGFBP3;SRD5A3;IDH1;CDK1;HS2ST1;STMN1;GPR87;UGP2;IL13RA1;ARPP19;BIK;ALDH9A1;SOD1;HMMR;KIF20A;FAM162A;CENPA;MDH1;PDK3;SAP30;CITED2;NANP;DLD;MIF;TXN;GFPT1;AK4;AURKA;GNE;GLCE;PRPS1;VLDLR;B4GALT1;MXI1;MDH2;ME2;TALDO1;DEPDC1;PPP2CB;PLOD2;LDHA;PPIA;AK3;COPB2;ERO1A;GLRX;PGK1;PAM;PGM2;CASP6;TPI1;HAX1;PGLS;SDHC;GPC4;ANG;ME1;CHST4;NT5E;MET;GOT2;CYB5A;P4HA1;SLC35A3;ENO1;ALDH7A1;RPE;DSC2;STC1;ALDOA;TGFBI;PKM;TGFA;AGL,DT_vs_D,24 hours,NoCPT,DOX+TAM,DOX,2,2,vst_mean_diff,2.8527712221352153,75,0.37333333333333335
HALLMARK_HEDGEHOG_SIGNALING,0.03995452330680526,0.06225472236176634,0.4828056063476928,1.5229192059121488,245,24,LDB1;VEGFA;HEY1;SCG2;CELSR1;L1CAM,DT_vs_D,24 hours,NoCPT,DOX+TAM,DOX,2,2,vst_mean_diff,1.2058276993668626,6,0.3333333333333333
HALLMARK_HEME_METABOLISM,4.5024763619990995e-4,0.0014035528741411093,-0.3754278782538166,-1.933238066836966,0,162,YPEL5;BPGM;SDCBP;ALDH6A1;NUDT4;LAMP2;DCUN1D1;TCEA1;NCOA4;MOSPD1;MBOAT2;ELL2;BNIP3L;ARL2BP;VEZF1;GLRX5;HTATIP2;GDE1;GCLM;ENDOD1;CCDC28A;NR3C1;NEK7;CLCN3;MKRN1;MXI1;EIF2AK1;PICALM;TENT5C;KLF3;BLVRA;BLVRB;ISCA1;RIOK3;CTSB;NNT;CPOX;CIR1;FECH;SLC30A1;FBXO34;FOXO3;TMEM9B;SLC25A38;HDGF;OPTN;TOP1;CAST;TFDP2;DCAF10;KDM7A;PGLS;ADIPOR1;MINPP1;MGST3;CAT;BMP2K;USP15;PDZK1IP1;FBXO7;OSBP2;PRDX2;CDC27,DT_vs_D,24 hours,NoCPT,DOX+TAM,DOX,2,2,vst_mean_diff,2.8527712221352153,63,0.30158730158730157
HALLMARK_HYPOXIA,0.0013812154696132596,0.002985207627873819,-0.30856207721894674,-1.6115186031554896,2,174,RRAGD;SERPINE1;CP;IGFBP3;KLHL24;MT1E;CCNG2;S100A4;LXN;BTG1;CDKN1B;UGP2;BNIP3L;PNRC1;PLAC8;ETS1;FAM162A;PDK3;LOX;SAP30;CITED2;MIF;CAV1;PRDX5;RBPJ;NR3C1;ERRFI1;AK4;VLDLR;HMOX1;MXI1;NFIL3;TPD52;TES;LDHA;GAPDH;NDRG1;FOXO3;ERO1A;ANXA2;GLRX;PGK1;MT2A;PGM1;PAM;PGM2;SIAH2;CASP6;TPI1;PDGFB;GPC4;BGN;TGM2;P4HA1;ENO1;PPP1R3C;SDC4;MAP3K1;STC1;ALDOA;TGFBI;FOSL2,DT_vs_D,24 hours,NoCPT,DOX+TAM,DOX,2,2,vst_mean_diff,2.5250254573305932,62,0.3548387096774194
HALLMARK_IL2_STAT5_SIGNALING,0.022486211285532458,0.03674575990562621,-0.2579161096181515,-1.3163315252017322,52,150,MYC;RRAGD;SH3BGRL2;GUCY1B1;CDC42SE2;TWSG1;DHRS3;TTC39B;ALCAM;GPX4;TNFSF10;SWAP70;CASP3;IKZF2;SMPDL3A;PRNP;PLSCR1;ITGAV;POU2F1;NFIL3;ETFBKMT;IFITM3;GABARAPL1;BMPR2;SLC39A8;IFNGR1;HOPX;CXCL10;LCLAT1;NDRG1;ANXA4;GSTO1;MXD1;PLPP1;SNX9;CAPG;EEF1AKMT1;EMP1;IRF6;TGM2;NT5E;P4HA1,DT_vs_D,24 hours,NoCPT,DOX+TAM,DOX,2,2,vst_mean_diff,1.4347927669424438,42,0.2619047619047619
HALLMARK_IL6_JAK_STAT3_SIGNALING,0.35668991756499685,0.42675400851526407,-0.2421977892401537,-1.0504343495536743,1124,62,LEPR;IL6ST;CXCL1;IL13RA1;STAM2;IFNAR1;SOCS3;HMOX1;PTPN11;IL1R1;GRB2;IFNGR1;CXCL10;STAT1;PDGFC,DT_vs_D,24 hours,NoCPT,DOX+TAM,DOX,2,2,vst_mean_diff,0.36982239085087676,15,0.13333333333333333
HALLMARK_INFLAMMATORY_RESPONSE,0.0020333468889792597,0.004006889457694424,-0.30833520327104563,-1.5466127352878871,4,135,MYC;CXCL8;SLC7A2;IFITM1;SERPINE1;TLR3;NAMPT;KCNJ2;TNFSF10;IL7R;IFNAR1;SRI;ABCA1;AXL;LYN;CCL20;TNFAIP6;IL1R1;GCH1;CXCL10;NMI;SLC31A1;BST2;CD70;FPR1;RNF144B;EIF2AK2;ABI1;HAS2;RHOG;MXD1;TNFSF15;SGMS2;BEST1;GNAI3;RIPK2;PSEN1;CD55;DCBLD2;NFKB1;MET;CD82;TLR1;ATP2C1;HIF1A;CCL22;IL18;HRH1;ICAM1;SLC31A2;AHR,DT_vs_D,24 hours,NoCPT,DOX+TAM,DOX,2,2,vst_mean_diff,2.397192638744127,51,0.21568627450980393
HALLMARK_INTERFERON_ALPHA_RESPONSE,0.0063536886692552065,0.011505328130813482,-0.3215108839910985,-1.5100244719640254,17,91,TXNIP;IFITM1;UBE2L6;IFITM2;B2M;PSME1;GBP2;CD47;PSMB8;IFIT3;TMEM140;DDX60;SAMD9;LAP3;PLSCR1;EPSTI1;IFITM3;CXCL10;NMI;TENT5A;BST2;PSMA3;CASP1;IRF2;EIF2AK2;NCOA7;RIPK2;CNP;ELF1;TRIM21;IFIT2;OAS1;NUB1;PROCR;RTP4;IFI44L;IFI30;PARP9;TRIM5,DT_vs_D,24 hours,NoCPT,DOX+TAM,DOX,2,2,vst_mean_diff,1.9391009907832997,39,0.15384615384615385
HALLMARK_INTERFERON_GAMMA_RESPONSE,0.0013513513513513514,0.002985207627873819,-0.31360074077749656,-1.6197576998529204,2,164,SOD2;TXNIP;BPGM;NAMPT;UBE2L6;IFITM2;B2M;SSPN;PSME1;BTG1;TNFSF10;CFH;APOL6;MTHFD2;PSMB8;ISOC1;IFIT3;PLA2G4A;VAMP8;CASP3;ARID5B;EIF4E3;PSMA2;LYSMD2;DDX60;SRI;LAP3;PLSCR1;SOCS3;EPSTI1;CASP4;IFITM3;TNFAIP6;CASP7;GCH1;CXCL10;NMI;BST2;STAT1;PSMA3;CASP1;FPR1;IRF2;MT2A;EIF2AK2,DT_vs_D,24 hours,NoCPT,DOX+TAM,DOX,2,2,vst_mean_diff,2.5250254573305932,45,0.2222222222222222
HALLMARK_KRAS_SIGNALING_DN,0.5327958458595244,0.6154710633204851,0.22712091940603493,0.9638739735648683,3898,109,IDUA;CLSTN3;MSH5;UPK3B;CELSR2;KCND1;ITGB1BP2;TG;STAG3;KMT2D;MYO15A;YBX2;MTHFR;SLC38A3;SPHK2;SPTBN2;P2RX6;RYR2,DT_vs_D,24 hours,NoCPT,DOX+TAM,DOX,2,2,vst_mean_diff,0.21079236082471384,18,0.1111111111111111
HALLMARK_KRAS_SIGNALING_UP,0.010482180293501049,0.018481738938541322,-0.27046250227677593,-1.376662064516084,24,147,CTSS;BPGM;IGFBP3;TFPI;BIRC3;LCP1;PLAT;ZNF277;PECAM1;PIGR;CAB39L;CFH;PSMB8;TSPAN13;PRELID3B;MPZL2;ETS1;IL7R;CDADC1;STRN;MMD;SERPINA3;CPE;SLPI;CBR4;CCL20;USP12;CXCL10;ZNF639;VWA5A;BTBD3;ERO1A;GPNMB;GLRX;CCSER2;TOR1AIP2;GALNT3;EMP1;TMEM100;AMMECR1;DCBLD2;ST6GAL1;IGF2;CBL;GPRC5B;BTC;GADD45G;MTMR10;SATB1;ITGB2;PPBP;MAP3K1,DT_vs_D,24 hours,NoCPT,DOX+TAM,DOX,2,2,vst_mean_diff,1.7332571686200788,52,0.21153846153846154
HALLMARK_MITOTIC_SPINDLE,0.12164846077457796,0.1663356504468719,-0.2156370947495051,-1.1480977636260419,244,198,PCGF5;CDK1;TOP2A;ARHGAP5;WASL;CEP57;NEK2;STAU1;DLGAP5;MARCKS;CD2AP;SYNPO;NCK1;NUSAP1;YWHAE;KIF5B;KIF11;TLK1;STK38L;CDC42;NCK2;RACGAP1;RALBP1;MID1IP1;LRPPRC;AURKA;PPP4R2;ARHGEF3;ARF6;ECT2;BIRC5;UXT;HOOK3;ABI1;TTK;FBXO5;SMC3;MAPRE1;CKAP5;ANLN;PDLIM5;TPX2;WASF2;BUB1;CCNB2;BCL2L11;ARL8A;KIF20B;RFC1;SOS1;RAB3GAP1;CAPZB;PLK1;LMNB1;SMC4;NET1;CDC42EP4;CDC27;KIF4A;BRCA2;PAFAH1B1;PRC1;RANBP9;SAC3D1;DYNLL2;RICTOR;KIFAP3;NDC80;KIF3B,DT_vs_D,24 hours,NoCPT,DOX+TAM,DOX,2,2,vst_mean_diff,0.779014659180754,69,0.2608695652173913
HALLMARK_MTORC1_SIGNALING,4.8756704046806434e-4,0.0014035528741411093,-0.48663572356408863,-2.575849364834343,0,191,NAMPT;NUPR1;CCNG1;IDH1;ELOVL5;TCEA1;SEC11A;SKAP2;MTHFD2;ACTR2;SC5D;TMEM97;HSPE1;PPA1;SCD;HSPD1;EEF1E1;ACSL3;GSR;SERP1;UBE2D3;AK4;SSR1;AURKA;ACTR3;PITPNB;UFM1;PRDX1;VLDLR;DHFR;PHGDH;NFIL3;CCT6A;HSPA4;PSMA4;EIF2S2;TES;CANX;LTA4H;FADS1;RPA1;PLOD2;LDHA;PPIA;GAPDH;PSMC6;RIT1;PSMA3;RAB1A;CACYBP;ETF1;ERO1A;HSPA9;HPRT1;GLRX;PGK1;IMMT;PGM1;ATP6V1D;USO1;PSMC2;UCHL5;PSMD14;TPI1;ATP5MC1;BUB1;ADD3;TXNRD1;PSMD12;ME1;SHMT2;PSMB5;PNO1;CTSC;CYP51A1;PSAT1;P4HA1;ADIPOR2;ENO1;STARD4;M6PR;ITGB2;PLK1;POLR3G;SRD5A1;SQSTM1;ELOVL6;STC1;INSIG1;ALDOA;COPS5;CYB5B;XBP1;TBK1;PIK3R3;NUFIP1;IFI30;GOT1;PSME3;GCLC;RPN1;GMPS;STIP1;GSK3B;DAPP1;RDH11;CD9;BHLHE40;PDAP1;GBE1;PSMG1;UNG;MLLT11,DT_vs_D,24 hours,NoCPT,DOX+TAM,DOX,2,2,vst_mean_diff,2.8527712221352153,113,0.48672566371681414
HALLMARK_MYC_TARGETS_V1,5.002501250625312e-4,0.0014035528741411093,-0.5989476580305013,-3.174788226090251,0,195,MYC;PRDX3;RPL34;HDAC2;NPM1;MAD2L1;NAP1L1;RPL22;USP1;DDX21;CCNA2;PRPS2;TOMM70;VBP1;RPL6;PABPC1;RPS10;UBE2E1;DEK;HSPE1;AP3S1;SET;GLO1;ILF2;HSPD1;YWHAE;CBX3;KPNA2;EEF1B2;SNRPB2;COX5A;PSMA2;HNRNPA1;RRM1;RPS6;CNBP;UBA2;RPS2;MRPS18B;NDUFAB1;YWHAQ;ABCE1;SERBP1;PTGES3;RPLP0;VDAC1;EIF1AX;PA2G4;ERH;RPL14;EIF2S1;RPS3;NHP2;ACP1;RACK1;XRCC6;HNRNPC;LSM2;STARD7;CCT4;PSMA4;RPS5;EIF2S2;CANX;SSB;UBE2L3;LDHA;SYNCRIP;PPIA;PSMC6;AIMP2;KPNB1;HDGF;G3BP1;ETF1;SNRPD2;HSP90AB1;GSPT1;SNRPD3;HPRT1;PGK1;RAD23B;CLNS1A;C1QBP;PSMA6;EIF4E;CCT7;PSMD8;PCBP1;POLE3;EIF4G2;PSMD14;APEX1;PSMB3;RSL1D1;PRDX4;NOLC1;EIF4H;TCP1;IMPDH2;RPL18;GOT2;PSMA1;CCT5;SRPK1;HNRNPR;SLC25A3;CDC20;PSMB2;DDX18;CCT2;SNRPG;CCT3;XPOT;BUB3;PSMA7;COPS5;HDDC2;PABPC4;SRSF3;SMARCC1;LSM7;SF3A1;EIF3J;PSMD7;VDAC3;RAN;PWP1;FBL;PPM1G;SNRPA;NME1;CYC1;TYMS;TRA2B;SNRPD1;CDK4,DT_vs_D,24 hours,NoCPT,DOX+TAM,DOX,2,2,vst_mean_diff,2.8527712221352153,137,0.6715328467153284
HALLMARK_MYC_TARGETS_V2,0.0798240100565682,0.113791673910427,-0.30523851573767324,-1.2987343792373314,253,57,MYC;NPM1;TMEM97;HSPE1;HSPD1;CBX3;PA2G4;WDR43;NDUFAF4;TFB2M;AIMP2;DCTPP1;EXOSC5;NOLC1;PRMT3;DDX18;PLK1,DT_vs_D,24 hours,NoCPT,DOX+TAM,DOX,2,2,vst_mean_diff,0.9438895139255157,17,0.47058823529411764
HALLMARK_NOTCH_SIGNALING,0.661847389558233,0.7515894084813832,0.26259337131219107,0.8597813336692196,4119,28,KAT2A;DTX2;NOTCH3;PSEN2;JAG1;NOTCH1,DT_vs_D,24 hours,NoCPT,DOX+TAM,DOX,2,2,vst_mean_diff,0.12401934867595707,6,0.16666666666666666
HALLMARK_OXIDATIVE_PHOSPHORYLATION,5.027652086475615e-4,0.0014035528741411093,-0.5932818895687454,-3.1626960308800247,0,200,PHYH;COX6C;IDH1;ATP1B1;ALDH6A1;ACADM;PRDX3;PDP1;ACAT1;NDUFA6;NDUFA5;OAT;NDUFA4;TIMM9;COX7C;UQCRB;GPX4;COX7A2;SLC25A5;NDUFB5;TOMM70;UQCRH;SDHD;SUCLG1;COX7B;COX7A2L;NDUFB3;ATP5MG;DECR1;ATP5PB;NDUFS4;MRPL15;ATP5MC2;COX6B1;MDH1;COX4I1;LDHB;MPC1;ATP6V1F;NDUFA8;ATP5PD;DLD;COX5A;NDUFB4;ATP6V1G1;ATP5F1A;GLUD1;ATP6V1E1;CYCS;UQCR10;NDUFAB1;ATP5F1E;COX5B;LRPPRC;ABCB7;MRPS30;VDAC1;ATP5MF;ATP6V0E1;ATP5F1C;NDUFB6;NDUFA2;TIMM10;ATP5ME;NDUFA1;FDX1;COX6A1;COX8A;ATP5F1B;TIMM8B;ATP5PF;MDH2;HADHA;DLAT;ATP6V1C1;ATP5PO;ISCA1;NDUFC2;VDAC2;SDHB;NNT;TOMM22;NDUFV2;MRPL35;CASP7;LDHA;UQCRFS1;FH;ATP5MC3;IDH2;IDH3A;NDUFS1;NDUFB1;PDHB;BDH2;HSPA9;MRPS12;PDHX;SLC25A6;IMMT;NDUFA7;ATP6V1D;AIFM1;ATP5MC1;COX15;SUCLA2;HCCS;NDUFC1;SDHC;ETFA;TIMM17A;PDK4;CS;NDUFS6;GOT2;ECHS1;MRPL11;CYB5A;SLC25A3;MGST3;MRPS15;MRPS22;ECH1;RHOT1;NDUFB8,DT_vs_D,24 hours,NoCPT,DOX+TAM,DOX,2,2,vst_mean_diff,2.8527712221352153,125,0.4
HALLMARK_P53_PATHWAY,0.17893710385177963,0.2305535761167161,-0.2095989792960906,-1.1094446452381312,366,191,TXNIP;NUPR1;CCNG1;RPS12;GM2A;S100A4;BTG1;F2R;NUDT15;TOB1;INHBB;VAMP8;FAM162A;TPD52L1;LDHB;PERP;RPL36;RB1;HINT1;ZMAT3;SLC19A2;ABHD4;RNF19B;HMOX1;RACK1;RPS27L;TPRKB;EI24;DRAM1;NINJ1;VWA5A;NDRG1;FOXO3;CASP1;GPX2;TM4SF1;CEBPA;TRIAP1;MXD1;STOM;RCHY1;PPM1D;AK1,DT_vs_D,24 hours,NoCPT,DOX+TAM,DOX,2,2,vst_mean_diff,0.6372281370502496,43,0.37209302325581395
HALLMARK_PANCREAS_BETA_CELLS,0.0047006432459178625,0.008748419374347133,-0.6031604850457313,-1.817995683265708,18,15,AKT3;SRP14;SRP9;SEC11A;ELP4;SPCS1;FOXO1,DT_vs_D,24 hours,NoCPT,DOX+TAM,DOX,2,2,vst_mean_diff,2.058070406292917,7,0.42857142857142855
HALLMARK_PEROXISOME,3.5112359550561797e-4,0.0014035528741411093,-0.4100384898785226,-1.904414753879884,0,87,SOD2;HSD17B11;IDH1;DHRS3;TOP2A;ELOVL5;PABPC1;CDK7;ISOC1;ACSL4;ALDH9A1;SOD1;STS;ACSL5;PRDX5;CNBP;SIAH1;BCL10;NUDT19;SCP2;PRDX1;HSD17B4;ACOX1;ABCD3;PEX2;FADS1;EHHADH;FIS1;IDH2;YWHAH;PEX13;CRAT;ECI2;ALDH1A1;HMGCL;CAT;ECH1;ACSL1;FABP6;PEX11B;VPS4B,DT_vs_D,24 hours,NoCPT,DOX+TAM,DOX,2,2,vst_mean_diff,2.8527712221352153,41,0.2682926829268293
HALLMARK_PI3K_AKT_MTOR_SIGNALING,7.059654076950229e-4,0.0017518400857617236,-0.3509516236041949,-1.6482973563424188,1,91,CDK1;ARPC3;VAV3;CDKN1B;PTEN;CAB39L;MAP2K6;ACTR2;NCK1;RAC1;RALB;PRKAG1;CLTC;UBE2D3;ACTR3;CAB39;RPS6KA3;PRKAA2;PTPN11;DUSP3;GRB2;YWHAB;PRKAR2A;ATF1;RIT1;EIF4E;PFN1;SMAD2;AP2M1;CFL1;ARF1;PPP1CA;MAPK1;SQSTM1;UBE2N;TBK1;MAP3K7;PIK3R3;PLA2G12A;MAPK9;ECSIT;GSK3B;DAPP1,DT_vs_D,24 hours,NoCPT,DOX+TAM,DOX,2,2,vst_mean_diff,2.756505540314617,43,0.4883720930232558
HALLMARK_PROTEIN_SECRETION,3.6403349108117945e-4,0.0014035528741411093,-0.6334511164309345,-2.994713126175299,0,95,SCAMP1;ANP32E;RAB2A;SSPN;LMAN1;LAMP2;RAB22A;VAMP7;SCRN1;TSG101;TMX1;ARFGAP3;ARFIP1;SOD1;AP3S1;TMED2;RAB5A;STX7;RAB14;GALC;ARCN1;VAMP4;VAMP3;BET1;ABCA1;CLTC;SNX2;CLCN3;RAB9A;YIPF6;CD63;AP2B1;CLTA;SEC22B;TMED10;RPS6KA3;GNAS;CAV2;ADAM10;TPD52;SNAP23;STX12;CLN5;AP2S1;COPB2;USO1;PAM;ZW10;AP1G1;BNIP3;AP2M1;CTSC;PPT1;ARF1;MAPK1;DNM1L;SGMS1;M6PR;VPS4B;STAM;ATP6V1H;NAPG;COPB1;OCRL;ATP1A1;AP3B1,DT_vs_D,24 hours,NoCPT,DOX+TAM,DOX,2,2,vst_mean_diff,2.8527712221352153,66,0.4090909090909091
HALLMARK_REACTIVE_OXYGEN_SPECIES_PATHWAY,2.9291154071470416e-4,0.0014035528741411093,-0.5174985326296058,-2.1076192630226807,0,46,SOD2;FTL;NDUFA6;GPX4;MGST1;SOD1;GCLM;NDUFB4;GSR;TXN;PDLIM1;PRNP;PRDX1;PRDX6;LAMTOR5;HHEX;GLRX;NQO1;PRDX4;TXNRD1;GLRX2;CAT;PRDX2;HMOX2;CDKN2D;MBP;GCLC,DT_vs_D,24 hours,NoCPT,DOX+TAM,DOX,2,2,vst_mean_diff,2.8527712221352153,27,0.5925925925925926
HALLMARK_TGF_BETA_SIGNALING,0.03929332927200731,0.06225472236176634,-0.332342289464661,-1.3972301841783297,128,53,SERPINE1;PPM1A;RHOA;TGFBR1;UBE2D3;BMPR2;RAB31;XIAP;WWTR1;SKIL;CTNNB1;FKBP1A;PPP1CA;PMEPA1;SMAD1;BMPR1A;MAP3K7;TJP1;KLF10;HIPK2;ACVR1;FNTA;HDAC1;SMURF2;TRIM33;JUNB;APC,DT_vs_D,24 hours,NoCPT,DOX+TAM,DOX,2,2,vst_mean_diff,1.2058276993668626,27,0.3333333333333333
HALLMARK_TNFA_SIGNALING_VIA_NFKB,0.015902712815715623,0.0273200450936653,-0.24955411467290733,-1.3133390609763487,33,183,MYC;SOD2;LITAF;SERPINE1;NAMPT;IL6ST;CXCL1;BIRC3;KLF9;BTG1;MARCKS;CEBPD;PNRC1;IL7R;EIF1;HES1;ZBTB10;ABCA1;TNFAIP8;SNN;B4GALT5;MCL1;SOCS3;B4GALT1;RNF19B;SLC16A6;NFIL3;CCL20;TNFAIP6;RCAN1;REL;DRAM1;GCH1;CXCL10;NINJ1;BTG3;NFE2L2;MXD1;PDLIM5;RIPK2;NFKB1;BIRC2;SERPINB8;IFIT2;BCL6;SDC4;DNAJB4;PMEPA1;IL18;SQSTM1;KYNU;F2RL1;FOSL2;ETS2;ICAM1;GEM;NR4A3,DT_vs_D,24 hours,NoCPT,DOX+TAM,DOX,2,2,vst_mean_diff,1.5635185881561768,57,0.3684210526315789
HALLMARK_UNFOLDED_PROTEIN_RESPONSE,0.0014820303816228233,0.003103001111522786,-0.33539456853927,-1.6218155924381912,3,107,DNAJB9;NPM1;SEC11A;RPS14;MTHFD2;DNAJC3;CKS1B;NFYB;CEBPG;BANF1;KIF5B;YWHAZ;SERP1;SSR1;PAIP1;IMP3;EIF2S1;NHP2;DCP2;LSM4;SPCS3;ERO1A;HSPA9;SLC30A5;CNOT6;EIF4E;SPCS1;LSM1;EEF2;EXOSC5;NOLC1;PSAT1;MTREX;POP4;XPOT;DKC1;ATF6;XBP1;PDIA6;EIF4A2;FKBP14;CEBPB;HERPUD1;ATF4;SDAD1;EIF2AK3;ALDH18A1;EIF4A3;CALR;BAG3;SLC1A4;NOP14;DNAJA4,DT_vs_D,24 hours,NoCPT,DOX+TAM,DOX,2,2,vst_mean_diff,2.5082180688476337,53,0.41509433962264153
HALLMARK_UV_RESPONSE_DN,7.936507936507937e-4,0.0018990929705215418,-0.31424014816674095,-1.5651222829251217,1,128,MYC;SERPINE1;PRKAR2B;TFPI;AKT3;MT1E;SNAI2;EFEMP1;CDKN1B;NR1D2;PTEN;DDAH1;CITED2;CAV1;RND3;NR3C1;PTGFR;SRI;NEK7;VLDLR;DAB2;AGGF1;NFIB;KCNMA1;ANXA4;ANXA2;HAS2;PDLIM5;ADD3;NFKB1;MET;TGFBR2;PHF3;ATP2C1;INSIG1;BMPR1A;GCNT1;FHL2;PIK3R3;SPOP;TJP1;NIPBL,DT_vs_D,24 hours,NoCPT,DOX+TAM,DOX,2,2,vst_mean_diff,2.721453773758956,42,0.40476190476190477
HALLMARK_UV_RESPONSE_UP,0.05124034160227735,0.07629117527450183,-0.2520872846380399,-1.2644725632661715,125,135,SOD2;NAT1;IL6ST;EIF2S3;BTG1;DDX21;PPP1R2;RAB27A;GGH;CASP3;HSPA13;CEBPG;ATP6V1F;LYN;GAL;HMOX1;MAOA;CREG1;ATP6V1C1;PPAT;E2F5;PRKACA;GCH1;BTG3;AP2S1;EIF5;POLE3;CDC5L;BCL2L11;DNAJB1;PPT1;AMD1;CNP;DNAJA1;TMBIM6;KLHDC3;SQSTM1;BID;GRPEL1;ALDOA;ICAM1;CYB5B;SLC25A4;FKBP4;SPR;FEN1;CDC34;RPN1;STIP1;CTSV,DT_vs_D,24 hours,NoCPT,DOX+TAM,DOX,2,2,vst_mean_diff,1.1175256946956715,50,0.32
HALLMARK_WNT_BETA_CATENIN_SIGNALING,0.6765578635014837,0.7554896142433235,0.25121520717973056,0.8572477114983432,4331,33,KAT2A;HEY1;JAG2;PSEN2;JAG1;NOTCH1;CSNK1E;NKD1,DT_vs_D,24 hours,NoCPT,DOX+TAM,DOX,2,2,vst_mean_diff,0.12177150155370199,8,0.25
HALLMARK_XENOBIOTIC_METABOLISM,0.0012970168612191958,0.002985207627873819,-0.30911755332223034,-1.5825589031924763,2,153,SLC46A3;SERPINE1;CDA;IDH1;TGFB2;VNN1;PAPSS2;ELOVL5;ARPP19;TMEM97;ALDH9A1;UGDH;SAR1B;ADH5;PINK1;GSR;PTGES3;SSR3;CYP4F2;HMOX1;ACOX1;ACP1;MAOA;GABARAPL1;BLVRB;IL1R1;PGD;MCCC2;PTGR1;GCH1;NINJ1;DHRS7;HPRT1;MT2A;DDAH2;GSTO1;CYP2S1;NQO1;CASP6;PDLIM5;PGRMC1;PDK4;SHMT2;AKR1C3;CES1;CYB5A;CAT;TMBIM6;MTHFD1;ECH1;PTGES;PROS1;MAN1A1;PTS;KYNU;PYCR1;AOX1;ARG2;ETS2,DT_vs_D,24 hours,NoCPT,DOX+TAM,DOX,2,2,vst_mean_diff,2.5250254573305932,59,0.2542372881355932
PID_MYC_ACTIV_PATHWAY,3.3233632436025255e-4,0.0014035528741411093,-0.4323633698040917,-1.9469542426627648,0,74,MYC;PRDX3;NPM1;RPL11;NDUFAF2;PEG10;HSPD1;NBN;SMAD4;PTMA;EIF2S1;HSPA4;ACTL6A;LDHA;GAPDH;BIRC5;TAF9;TAF12;EIF4E;HSP90AA1;NME2;BMI1;PMAIP1;MTDH;CCNB1;IREB2;RCC1;DDX18;ENO1;PDCD10;SERPINI1;GPAM;NCL;MAX;SHMT1;POLR3D;NME1;TK1;CDK4;PIM1,DT_vs_D,24 hours,NoCPT,DOX+TAM,DOX,2,2,vst_mean_diff,2.8527712221352153,40,0.475
REACTOME_ACTIVATION_OF_ATR_IN_RESPONSE_TO_REPLICATION_STRESS,0.9996903545440471,0.9996903545440471,0.12155621346524631,0.4243506597128739,6456,37,RAD9A,DT_vs_D,24 hours,NoCPT,DOX+TAM,DOX,2,2,vst_mean_diff,1.3449813731010202e-4,1,0
REACTOME_CELL_CYCLE_CHECKPOINTS,5.813953488372093e-4,0.001498211091234347,-0.39451054370959165,-2.1475563693607826,0,241,ABRAXAS1;SKA2;PPP1CC;RPS27;CDK1;UBE2D1;UBE2V2;MAD2L1;RPS27A;CDKN1B;CCNA2;ZWILCH;CENPH;UBE2E1;CENPA;UBE2C;SKA1;YWHAE;NBN;DYNLL1;YWHAZ;UBA52;PSMA2;YWHAQ;PPP2R5C;PSMB6;ANAPC16;PPP2R5E;RPA3;CDC26;SGO2;ERCC6L;KNL1;PPP2R5A;RMI2;RFC3;RMI1;UBB;PSMA4;YWHAG;PPP2CB;RHNO1;YWHAB;RPA1;UBC;BIRC5;DYNC1I2;PSMC6;NUF2;ORC5;ITGB3BP;TAOK1;PSMA3;SPDL1;NUP37;YWHAH;ANAPC15;PSMA6;PSMD8;PSMC2;MAPRE1;RAD1;CKAP5;PSMD14;CENPN;PSMA5;PPP2CA;ZW10;SPC25;PSMB3;BARD1;BUB1;CCNB2;PSMD12;PSMC1;UBE2S;PSMB5;SGO1;CCNB1;NSL1;PSMA1;CDC23;CDC20;PSMB2;CENPS;SEM1;PLK1;PSMB1;CDC27;BUB3;UBE2N;PSMA7;PAFAH1B1;NUP133;PMF1;CENPU;DYNLL2;PSMD2;SEH1L;DYNC1LI1;NDC80;KIF2A;PPP2R5D;PSMD7;CDCA8;PSMB4;KIF18A;SPC24;NUP43,DT_vs_D,24 hours,NoCPT,DOX+TAM,DOX,2,2,vst_mean_diff,2.8244269921775405,109,0.21100917431192662
REACTOME_GLUCOSE_METABOLISM,0.7022324359816152,0.7713044788650528,-0.20132136947075824,-0.8909601176106768,2138,69,BPGM;PGM2L1;GNPDA2;PPP2CB;PRKACA;GAPDH;NDC1;NUP37;NUP50;PGK1;TPI1;PPP2CA;ENO1;PRKACB;NUP155;ALDOA;PKM;NUP133;SEH1L;PPP2R5D;NUP43;ALDOC,DT_vs_D,24 hours,NoCPT,DOX+TAM,DOX,2,2,vst_mean_diff,0.11277414673843636,22,0.36363636363636365
REACTOME_MITOCHONDRIAL_TRANSLATION,3.586800573888092e-4,0.0014035528741411093,-0.5594256635152252,-2.637030700798717,0,93,MRPL50;MRPL30;MRPL42;MRPS33;MRPL15;MRPS35;MRPS24;MRPL19;MRPS18B;MRPL18;MTIF3;MRPS30;MRPS28;MRPL44;MRPL24;MRPS14;MRPL13;CHCHD1;MRPL54;MRPL51;MRPL35;MRPS9;MRPL45;MRPL49;MRPL10;MRPS10;MRPL1;MRPS12;MRPS27;GADD45GIP1;MRPL3;MRPS34;MRPL57;MRPL58;MRPL47;MRPL48;MRPL11;MRPL32;MRPS15;MRPS22;MRPL33;MRPL22;MRPL40;TSFM;MRPS16;MRPS18C;MRPL17;MRPL2;MTIF2;MRPS6;MRPL16;GFM1;MRPL14;MTFMT;MRPL12;MRPL37;OXA1L;MRPL39;MRPS2;MRPL36;AURKAIP1;MRPL34;MRPS7;MRPL53;MRPL43;MRPS23;MTRF1L;MRPL27;MRPL9;DAP3,DT_vs_D,24 hours,NoCPT,DOX+TAM,DOX,2,2,vst_mean_diff,2.8527712221352153,70,0.04285714285714286
REACTOME_MRNA_SPLICING,5.296610169491525e-4,0.001419491525423729,-0.3167800111481911,-1.6980922756692656,0,210,RBMX2;SYF2;RBM7;SF3B6;HNRNPH2;ZCRB1;RBM8A;SNRNP48;PPIG;SNRPB2;HNRNPA1;POLR2K;HNRNPF;LSM8;LSM3;SF3B5;SNW1;CDC40;SNRNP27;UBL5;HNRNPK;HNRNPC;LSM2;SAP18;SLU7;RBMX;BUD31;GTF2F2;PPIL4;LSM4;DNAJC8;SMNDC1;SNRPD2;MAGOHB;SNRPD3;SMU1;YBX1;WBP11;PCBP1;CDC5L;SNRPE;FAM32A;C9orf78;PLRG1;LSM5;CRNKL1;PHF5A;HSPA8;HNRNPR;ISY1;MTREX;WBP4;HTATSF1;MFAP1;SDE2;PPP1R8;SNRPG;PPIL3;SRSF8;ALYREF;SNIP1;SNRPB;BCAS2;SRSF3;SRSF9;ZMAT2;LSM7;SF3A1;PCBP2;SNRPC;PPIH;CWC27;IK;PRPF38A;PPIL1;RBM42;SNRPA;GTF2F1;POLR2B;SF3B4;POLR2I;TRA2B;SNRPD1;SNU13;HNRNPL;NKAP;GPKOW;RNF113A;SNRNP40;DDX42;MAGOH;PPIE;TXNL4A;HNRNPA2B1;YJU2;EIF4A3;CTNNBL1,DT_vs_D,24 hours,NoCPT,DOX+TAM,DOX,2,2,vst_mean_diff,2.847867195933261,97,0.20618556701030927
WP_ADIPOGENESIS,0.08862629246676514,0.12370753323485967,-0.2563813216175212,-1.2349607772208309,239,104,SERPINE1;NAMPT;KLF15;IL6ST;NRIP1;CISD1;CEBPD;SCD;MBNL1;MIF;NR3C1;RB1;LIFR;SOCS3;KLF5;PPARA;ZMPSTE24;STAT1;WWTR1;CEBPA;CTNNB1;EPAS1;CREB1;MEF2A;FOXO1;NCOA1;SPOCK1;HIF1A;BMP3;STAT3;AHR;MEF2C,DT_vs_D,24 hours,NoCPT,DOX+TAM,DOX,2,2,vst_mean_diff,0.9076038529762614,32,0.34375
WP_AMINO_ACID_METABOLISM,3.2829940906106366e-4,0.0014035528741411093,-0.4799486797121975,-2.1240424364666333,0,69,GLUL;IDH1;ACADM;OAT;HIBADH;HNMT;SUCLG1;MDH1;GCLM;DLD;ADH5;PPM1L;GLUD1;GSR;SMS;MAOA;MDH2;EHHADH;LDHA;FH;PDHX;HADH;ASS1;ALDH1A1;PDK4;CS;HMGCL;GOT2;MMUT;ALDH7A1;CPS1;PYCR1;ARG2;PKM,DT_vs_D,24 hours,NoCPT,DOX+TAM,DOX,2,2,vst_mean_diff,2.8527712221352153,34,0.4411764705882353
WP_APOPTOSIS,0.07104377104377105,0.10347679695505783,-0.2844842772340193,-1.2962001532346727,210,78,MYC;BIRC3;TNFSF10;BNIP3L;CASP3;CYCS;MCL1;CASP4;MAP2K4;HRK;CASP7;BIRC5;XIAP;BAD;CASP1;IRF2;CASP6;PMAIP1;PIK3R1;IRF6;BCL2L11;NFKB1;IGF2;BIRC2,DT_vs_D,24 hours,NoCPT,DOX+TAM,DOX,2,2,vst_mean_diff,0.9851570230002673,24,0.16666666666666666
WP_APOPTOSIS_MODULATION_AND_SIGNALING,0.23366404379062608,0.2846452897085809,-0.24388627174911923,-1.1153274817719554,682,81,BIRC3;TNFSF10;BIK;BMF;CASP3;PEA15;CYCS;CAPNS1;ENDOG;MCL1;CASP4;HRK;IL1R1;CASP7;BIRC5;XIAP;BAD;CASP1;CASP6;AIFM1;PMAIP1;BNIP3;BCL2L11;NFKB1;BIRC2,DT_vs_D,24 hours,NoCPT,DOX+TAM,DOX,2,2,vst_mean_diff,0.5456959984693213,25,0.16
WP_CELL_CYCLE,3.808073115003808e-4,0.0014035528741411093,-0.35046133859679485,-1.7184062400917557,0,115,MYC;CDKN2C;CDK1;TGFB2;STAG2;HDAC2;CDKN1B;CCNA2;CDK7;RAD21;SKP1;YWHAE;YWHAZ;PTTG1;YWHAQ;SMAD4;RB1;RBX1;CDK6;CDC14B;YWHAG;E2F5;YWHAB;ORC5;ANAPC13;YWHAH;TTK;TFDP2;SMC3;BUB1;CCNB2;SMAD2;CCNB1;SKP2;CDC23;CDC20;GADD45G;PLK1;CDC27;BUB3,DT_vs_D,24 hours,NoCPT,DOX+TAM,DOX,2,2,vst_mean_diff,2.8527712221352153,40,0.325
WP_DNA_REPLICATION,0.7218849378433073,0.7801014650887352,-0.21619000539907854,-0.8607036943623629,2496,42,UBA52;RPA3;RFC3;RPA1;UBC;ORC5;CDT1;RFC1;PRIM1;PRIM2;PCNA;DBF4;CDC7;CDK2;RFC5;POLA1;RFC4;RPA2;ORC1;GMNN,DT_vs_D,24 hours,NoCPT,DOX+TAM,DOX,2,2,vst_mean_diff,0.10784890646044118,20,0.1
WP_ELECTRON_TRANSPORT_CHAIN_OXPHOS_SYSTEM_IN_MITOCHONDRIA,3.696857670979667e-4,0.0014035528741411093,-0.671391123598339,-3.2275200610889927,0,103,MT-ND3;MT-ND4L;COX6C;MT-CO1;MT-CO2;MT-CO3;MT-ND4;MT-ATP8;MT-ND1;MT-CYB;MT-ND6;MT-ND2;NDUFA6;NDUFA5;MT-ATP6;NDUFA4;COX7C;UQCRB;COX7A2;SLC25A5;NDUFB5;UQCRH;SDHD;MT-ND5;COX7B;COX7A2L;NDUFB3;ATP5MG;ATP5PB;NDUFS4;ATP5MC2;COX6B1;COX4I1;NDUFA8;ATP5PD;NDUFA12;COX5A;NDUFB4;ATP5F1A;UQCR10;NDUFAB1;ATP5F1E;COX5B;ATP5MF;ATP5F1C;NDUFB6;NDUFA2;ATP5ME;NDUFA1;COX6A1;NDUFS5;COX8A;ATP5F1B;ATP5PF;ATP5IF1;ATP5PO;NDUFC2;SDHB;NDUFV2;UQCRFS1;ATP5MC3;NDUFS1;NDUFB1;SLC25A6;NDUFA7;ATP5MC1;COX15;NDUFA13;NDUFC1;SDHC;NDUFB10;NDUFS6,DT_vs_D,24 hours,NoCPT,DOX+TAM,DOX,2,2,vst_mean_diff,2.8527712221352153,72,0.5277777777777778
WP_PROTEASOME_DEGRADATION,3.1426775612822125e-4,0.0014035528741411093,-0.5361259784972514,-2.281118548207832,0,57,UBE2D1;PSME1;PSMD10;PSMB8;PSMA2;UBE2D3;PSMB6;UBB;PSMA4;UBC;PSMD5;PSMC6;PSMA3;UBE2D2;UBE2B;PSMA6;PSMD8;PSMC2;PSMA5;PSMB3;PSMD12;PSMC1;PSMB5;PSMA1;PSMB2;PSMB1;PSMA7;PSMD2;PSMD7;PSMB4;PSME3;RPN1;PSMB7;PSMB9;HLA-E;PSMD11;PSMD6;PSMD1;UCHL3;PSMB10;PSMC3;PSMD4,DT_vs_D,24 hours,NoCPT,DOX+TAM,DOX,2,2,vst_mean_diff,2.8527712221352153,42,0.23809523809523808
WP_PYRIMIDINE_METABOLISM,0.9948519948519948,0.9996903545440471,0.1458970158115313,0.5826739750571057,6956,74,POLR2J2;POLR2J3;POLE;TYMP;UCKL1;CTPS1,DT_vs_D,24 hours,NoCPT,DOX+TAM,DOX,2,2,vst_mean_diff,1.3449813731010202e-4,6,0
WP_RAS_SIGNALING,0.02181208053691275,0.03653523489932886,-0.2636552062526996,-1.3334532610730558,51,143,GNG10;RALA;AKT3;GNG12;KRAS;RHOA;GNB4;NTRK2;PLA2G4A;CALM2;RAB5A;RAB5B;ETS1;NRAS;RAC1;PAK2;CDC42;RALB;RALBP1;CALM1;PIK3CA;RAP1A;SHOC2;RRAS2;ARF6;PTPN11;GNG2;FOXO4;REL;GRB2;PRKACA;RAC2;CALM3;BAD;RAP1B;GNG5;GNB1;GNB2;PLAAT3;RASSF5;PIK3R1;GAB1;NFKB1;MET;SOS1;MAPK1;KDR;PRKACB;MAP2K1;ETS2;RRAS;RAB5C;ELK1;KSR2;PIK3R3;PLA2G2A;PLA2G12A,DT_vs_D,24 hours,NoCPT,DOX+TAM,DOX,2,2,vst_mean_diff,1.4372880960605356,57,0.2982456140350877
GOBP_MITOCHONDRIAL_GENE_EXPRESSION,8.818342151675485e-4,0.0024473991817650495,-0.3649860695042679,-1.9175599666678957,0,167,CHCHD1;MRPL42;MRPL18;MRPL19;TFAM;MRPL44;TRMT5;PRKAA1;MRPL50;MRPL13;MRPS33;CHCHD10;MRPL30;MRPS10;MRPL33;MRPL15;MRPL35;MRPL40;MRPL49;UQCC2;MRPL39;TRMT10C;DDX3X;MRPS30;MRPS35;MRPL22;IARS2;MRPL51;MRPL17;MRPS14;MRPL47;GFM2;MRPL24;GATC;MRPS12;MRPS24;MRPL27;MRPL14;TACO1;MTRF1L;MRPS9;MRPL46;AURKAIP1;MRPS18C;NSUN3;MRPS16;MRPL16;NGRN;MRPL12;FASTKD5;MRPL32;MRPL52;GADD45GIP1;MRPL9;DARS2;MRPL11;MRPL3;C1QBP;MRPL57;MRPS31;TWNK;MRPS28;MRPS2;SHMT2;PNPT1;MRPS22;MRPS21;MPV17L2;MRPL10;MRPL45;LRPPRC;MRPS23;HSD17B10;MTIF3;MRPL54;MRPS18B;MALSU1;MRPL28;MRPL36;MTERF3;MRPL37;FASTKD2;MTPAP;COA3;MRPS17;MRPL2;MRPS11;RMND1;MRPS7;MRPL58;TFB1M;OXA1L;MTERF1;ALKBH1;TFB2M;MRPL21;MRPS18A,DT_vs_D,24 hours,CPT_low,DOX+TAM,DOX,2,2,vst_mean_diff,2.6112951894961984,97,0.07216494845360824
GOBP_MITOCHONDRIAL_RESPIRATORY_CHAIN_COMPLEX_ASSEMBLY,5.530973451327434e-4,0.0024473991817650495,-0.5028326829118069,-2.4113473381374813,0,96,MT-ND6;LYRM7;MT-ND1;HIGD1A;TMEM126B;COX20;MT-ND5;MT-ND4;SMIM20;COX7A2;STMP1;NDUFA6;NDUFS5;TFAM;PET117;COX7A1;HIGD2B;MT-ND2;CHCHD4;SDHAF3;COX16;COX7A2L;NDUFB3;COX18;COA6;COX17;COX14;RAB5IF;UQCC2;NDUFAF4;UQCRFS1;NDUFS1;ATPAF1;AIFM1;NDUFC2;TIMM21;TIMMDC1;NDUFA13;SDHAF4;SURF1;NDUFS6;LYRM2;TMEM70;NDUFAF1;TACO1;TMEM186;HIGD2A;NDUFS3;DMAC1;UQCC3;NDUFS4;NDUFS8;COA4;TTC19;ATP23;TMEM126A;COA8;TMEM223;SDHAF2,DT_vs_D,24 hours,CPT_low,DOX+TAM,DOX,2,2,vst_mean_diff,2.6112951894961984,59,0.15254237288135594
GOBP_MITOCHONDRIAL_TRANSLATION,6.738544474393531e-4,0.0024473991817650495,-0.4311981955447891,-2.178612748081498,0,129,CHCHD1;MRPL42;MRPL18;MRPL19;MRPL44;MRPL50;MRPL13;MRPS33;MRPL30;MRPS10;MRPL33;MRPL15;MRPL35;MRPL40;MRPL49;UQCC2;MRPL39;TRMT10C;DDX3X;MRPS30;MRPS35;MRPL22;IARS2;MRPL51;MRPL17;MRPS14;MRPL47;GFM2;MRPL24;GATC;MRPS12;MRPS24;MRPL27;MRPL14;TACO1;MTRF1L;MRPS9;MRPL46;AURKAIP1;MRPS18C;NSUN3;MRPS16;MRPL16;NGRN;MRPL12;MRPL32;MRPL52;GADD45GIP1;MRPL9;DARS2;MRPL11;MRPL3;C1QBP;MRPL57;MRPS31;MRPS28;MRPS2;SHMT2;MRPS22;MRPS21;MPV17L2;MRPL10;MRPL45;LRPPRC;MRPS23;MTIF3;MRPL54;MRPS18B;MALSU1;MRPL28;MRPL36;MRPL37;FASTKD2;COA3;MRPS17;MRPL2;MRPS11;RMND1;MRPS7;MRPL58;OXA1L;ALKBH1;MRPL21;MRPS18A;TRUB2;MRPL1;MRPL23;MRPL41;QRSL1,DT_vs_D,24 hours,CPT_low,DOX+TAM,DOX,2,2,vst_mean_diff,2.6112951894961984,89,0.07865168539325842
GOMF_HEAT_SHOCK_PROTEIN_BINDING,0.018485390578413835,0.026924373233776673,-0.2754732723080151,-1.3689882662267072,30,115,GBP1;ITGB2;DNAJB9;SLC12A2;HSPA2;HSPA13;DNAJA2;CDC37L1;DNAJA1;DNAJB14;SGTB;BAG2;PTGES3;HDAC2;TFAM;ST13;HSPA1A;CHORDC1;PPID;FICD;GUCY1B1;CDK1;DNAJC8;DNAJB1;APAF1;HIF1A;HSPA1B;BAK1;HSPA14;AHR;TTC4;ITGAM;STIP1;HSPA9;HSPA8;FKBP4;AHSA1,DT_vs_D,24 hours,CPT_low,DOX+TAM,DOX,2,2,vst_mean_diff,1.5698543977525607,37,0.35135135135135137
GOMF_RNA_ENDONUCLEASE_ACTIVITY,0.3710467706013363,0.40850204330875106,-0.23121241409996035,-1.0375353419265863,832,66,LACTB2;ABCE1;TSNAX;MRPL44;FEN1;EXO1;ZC3H12C;ENDOG;TSEN34;RNASEL;RIDA;SLFN13;NUDT12;PPP1R8;CPSF3;DBR1;ELAC1;TMBIM6;RPP30;RPP25;POP4;RPP40;YBEY;RNASEH1;POP7;RNASEK;RPP14;ANG;POP5;RPP21;POP1;NUDT16L1;CWF19L1;APEX1;AGO4;AGO2,DT_vs_D,24 hours,CPT_low,DOX+TAM,DOX,2,2,vst_mean_diff,0.38880576680476997,36,0.1111111111111111
HALLMARK_ADIPOGENESIS,9.813542688910696e-4,0.0024473991817650495,-0.3228441971911165,-1.7260290097954492,0,186,ABCA1;MGLL;RNF11;SLC66A3;MYLK;DNAJB9;CMPK1;DHRS7;DECR1;G3BP2;PRDX3;NKIRAS1;SOD1;NDUFA5;PHYH;LIFR;COX7B;ACOX1;NABP1;UBQLN1;SOWAHC;CMBL;GPX4;MGST3;IDH3A;CHCHD10;UQCR10;SSPN;ACADM;GHITM;MRPL15;GADD45A;NDUFAB1;DLD;COX8A;CHUK;RAB34;DLAT;YWHAG;AIFM1;SQOR;ADIPOR2;MTCH2;DRAM2;DBT;GPD2;CPT2;GPAM;MDH2;SUCLG1;REEP5;SDHC;COX6A1;ACAA2;STOM;PDCD4;ECH1;CD302;TALDO1;JAGN1;NDUFS3;CAVIN1;DDT;RIOK3;UQCR11;CS;IDH1;PPP1R15B;ATP5PO;SCP2;APLP2;ECHS1;IFNGR1;SDHB;PPM1B;TOB1;UBC;LTC4S;CAVIN2;UQCRQ;CDKN2C,DT_vs_D,24 hours,CPT_low,DOX+TAM,DOX,2,2,vst_mean_diff,2.6112951894961984,81,0.32098765432098764
HALLMARK_ANDROGEN_RESPONSE,5.446623093681918e-4,0.0024473991817650495,-0.42802785924867537,-2.0509184490093597,0,95,NKX3-1;HPGD;ZBTB10;SLC38A2;DNAJB9;B2M;AKAP12;CCND1;STEAP4;UBE2J1;LMAN1;TMEM50A;FADS1;SPCS3;LIFR;ELL2;MYL12A;NCOA4;RPS6KA3;ACSL3;PA2G4;KRT19;GSR;ELOVL5;RAB4A;APPBP2;PMEPA1;ELK4;DBI;VAPA;IDI1;ITGAV;SRP19;SMS;CDC14B;GNAI3;XRCC6;ADRM1;CDK6;ABHD2;TPD52;SRF;PGM3;XRCC5;UAP1;B4GALT1;GPD1L;ALDH1A3;MAK;CENPN;TNFAIP8,DT_vs_D,24 hours,CPT_low,DOX+TAM,DOX,2,2,vst_mean_diff,2.6112951894961984,51,0.45098039215686275
HALLMARK_ANGIOGENESIS,0.20555555555555555,0.2504040404040404,0.4083872597450093,1.2268672682065271,1368,23,SERPINA5;COL5A2;SLCO2A1;PTK2;JAG2;VEGFA;APP,DT_vs_D,24 hours,CPT_low,DOX+TAM,DOX,2,2,vst_mean_diff,0.6013586678297285,7,0.42857142857142855
HALLMARK_APICAL_JUNCTION,0.42928774928774927,0.45654411432189207,0.24574650441722626,1.0236168790846378,3766,156,EXOC4;PKD1;ITGA10;THBS3;COL16A1;ICAM5;AMH;NLGN2;EVL;CLDN15;CERCAM;TSPAN4;WNK4;PTK2;MVD;SPEG;INPPL1;ALOX15B;MMP2;DLG1;PECAM1;FBN1;NF1;MDK;MYH10;TSC1;FYB1;PLCG1;CLDN6;TRAF1;BMP1;AKT2;VAV2;SYMPK;MADCAM1;NLGN3;STX4;CDH4,DT_vs_D,24 hours,CPT_low,DOX+TAM,DOX,2,2,vst_mean_diff,0.34051725168734936,38,0.10526315789473684
HALLMARK_APICAL_SURFACE,0.8379005364651297,0.8505959991388439,0.2298665512639333,0.7417110677054515,5778,32,EFNA5;RTN4RL1;SULF2;CROCC;SLC2A4;APP;GAS1,DT_vs_D,24 hours,CPT_low,DOX+TAM,DOX,2,2,vst_mean_diff,0.07027666436360065,7,0.42857142857142855
HALLMARK_APOPTOSIS,7.369196757553427e-4,0.0024473991817650495,-0.4084429294406585,-2.0907771879854975,0,140,CASP1;TGFB2;ENO2;PLAT;BNIP3L;IL1A;XIAP;CCND1;CASP3;SC5D;PPP3R1;DNAJA1;SOD1;IER3;TIMP2;BTG3;BCL10;BTG2;EMP1;CCNA1;PMAIP1;IL1B;FDXR;EREG;CASP4;GPX4;CASP7;TIMP1;CDKN1A;PEA15;CDK2;GSR;TXNIP;GADD45A;GCH1;CDKN1B;CAV1;TGFBR3;TNFRSF12A;RNASEL;SOD2;LGALS3;IL18;VDAC2;BCL2L1;BID;KRT18;TNFSF10;PAK1;MCL1;SLC20A1;DNAJC3;FAS;PPT1;PDCD4;ETF1;CTNNB1;RHOB;PDGFRB;TAP1;HMOX1;EGR3;IFITM3;CASP6;ANXA1;DAP;IFNGR1;CASP8;NEDD9;BIRC3;DNM1L;BIK,DT_vs_D,24 hours,CPT_low,DOX+TAM,DOX,2,2,vst_mean_diff,2.6112951894961984,72,0.3055555555555556
HALLMARK_CHOLESTEROL_HOMEOSTASIS,0.03482587064676617,0.047619047619047616,-0.3014669454920813,-1.3657916817620666,76,69,GPX8;ANXA5;SC5D;TP53INP1;PDK3;ALDOC;GNAI1;S100A11;MAL2;TNFRSF12A;LGALS3;TMEM97;ACTG1;ANTXR2;STARD4;IDI1;CBS;ERRFI1;CXCL16;CTNNB1;ECH1;CYP51A1;ATF5;JAG1;SEMA3B;TRIB3;PMVK;TM7SF2,DT_vs_D,24 hours,CPT_low,DOX+TAM,DOX,2,2,vst_mean_diff,1.3222192947339193,28,0.2857142857142857
HALLMARK_COAGULATION,0.013584117032392894,0.020684905481143726,-0.30004624463312934,-1.4291202976720019,25,90,PRSS23;DUSP6;CTSO;F3;PLAT;PLAU;LAMP2;ACOX2;PROS1;CFH;SERPINA1;GNG12;GDA;RAPGEF3;RAC1;RABIF;ARF4;PDGFB;TIMP1;CTSH;CSRP1;FYN,DT_vs_D,24 hours,CPT_low,DOX+TAM,DOX,2,2,vst_mean_diff,1.6843464592553679,22,0.18181818181818182
HALLMARK_COMPLEMENT,8.169934640522876e-4,0.0024473991817650495,-0.36767248842632066,-1.918796558827471,0,157,CTSS;S100A9;DUSP6;CASP1;CTSO;CXCL1;GMFB;F3;PLAT;ANXA5;SH2B3;CD55;LAMP2;CASP3;PSMB9;CALM1;CFH;GNB4;FDX1;PDP1;SERPINA1;TIMP2;PPP2CB;PRSS3;CDK5R1;DUSP5;DGKG;HSPA1A;PRCP;RABIF;CASP4;PIM1;PDGFB;CASP7;CPM;GRB2;TIMP1;CTSH;CSRP1;GCA;FYN;APOBEC3F;LAP3;LGALS3;PLA2G7;DYRK2;IRF2;PHEX;CALM3;ITGAM;GPD2;APOBEC3G;RHOG;MAFF;GNAI3;F8;CTSB;VCPIP1;PFN1;CASP10;GNAI2,DT_vs_D,24 hours,CPT_low,DOX+TAM,DOX,2,2,vst_mean_diff,2.6112951894961984,61,0.18032786885245902
HALLMARK_DNA_REPAIR,7.757951900698216e-4,0.0024473991817650495,-0.4215069054069503,-2.1721215004378096,0,147,RRM2B;SDCBP;POLR2K;PCNA;RAD51;NUDT21;POLR3GL;GSDME;RALA;SMAD5;TMED2;POLB;TAF12;FEN1;POLR2D;GTF2A2;GPX4;RFC2;TSG101;HPRT1;SNAPC5;AK3;MPC2;SAC3D1;CLP1;COX17;EIF1B;RPA3;MRPL40;TYMS;TAF9;POLD4;RFC4;STX3;TAF13;RFC3;RBX1;AK1;SUPT4H1;CETN2;CANT1;GTF2B;PRIM1;EDF1;DUT;POLH;SURF1;ADRM1;DAD1;DCTN4;ARL6IP1;XPC;NUDT9;POLR1D;ALYREF;NME1;TK2;POLR2A;RPA2;PNP;DGUOK;APRT;POLR2I;RNMT;ZWINT;ERCC4;NT5C3A;TP53;NCBP2;ADA;GTF2H3;RFC5;GMPR2;SF3A3;POLR2F;NME4;DDB2,DT_vs_D,24 hours,CPT_low,DOX+TAM,DOX,2,2,vst_mean_diff,2.6112951894961984,77,0.12987012987012986
HALLMARK_E2F_TARGETS,0.001059322033898305,0.0024473991817650495,-0.30026030880547655,-1.6209528008259995,0,197,MYC;PRPS1;UBR7;USP1;DSCC1;UBE2T;HMGB3;PCNA;CBX5;STMN1;ASF1A;SLBP;DCK;NUDT21;DEK;DONSON;PPM1D;BRMS1L;NAP1L1;DCLRE1B;MAD2L1;MTHFD2;ASF1B;EIF2S1;GINS1;RAD1;ANP32E;RFC2;GINS4;PA2G4;CDKN1A;SMC3;MCM5;RRM2;CKS1B;CDK1;PRDX4;RPA3;SYNCRIP;IPO7;CDKN1B;RAD21;PSIP1;ATAD2;RAD51C;MCM4;DCTPP1;RBBP7;LYAR;MCM2;RFC3;MCM3;PPP1R8;CNOT9;CDC25A;CHEK1;MSH2;DUT;GSPT1;TMPO;PTTG1;MCM6;HELLS;TUBG1;TCF19;TRA2B;XRCC6;NBN;ORC6;NOLC1;CCNE1;NME1;SNRPB;TUBB;CSE1L;PHF5A;RPA2;UNG;JPT1;RAD51AP1;LMNB1;SMC1A;SPC25;CCP110;PSMC3IP;TP53;XPO1;GINS3;RAN;MYBL2;CDKN2C;BARD1;RPA1;POP7;E2F8;BRCA2;TK1;ING3;LBR;KPNA2;MMS22L,DT_vs_D,24 hours,CPT_low,DOX+TAM,DOX,2,2,vst_mean_diff,2.6112951894961984,101,0.24752475247524752
HALLMARK_EPITHELIAL_MESENCHYMAL_TRANSITION,0.02527646129541864,0.03528172722485518,-0.24984207481576534,-1.292495949423296,31,151,CXCL8;SERPINE2;FUCA1;NT5E;DKK1;WNT5A;SGCB;SNAI2;CXCL1;PFN2;ENO2;VCAN;MYLK;ITGB1;CCN2;INHBA;IGFBP3;AREG;CALU;FSTL1;TGFBI;ITGB5;TIMP1;FLNA;MAGEE1;TGM2;FGF2;GADD45A;TPM4;TGFBR3;TNFRSF12A;PMEPA1;NID2;MGP;CAPG;MYL9;ITGAV;ITGA2;SDC4;FAS;LOXL1;RHOB;PDGFRB;SPOCK1;COL1A1;FZD8;GEM,DT_vs_D,24 hours,CPT_low,DOX+TAM,DOX,2,2,vst_mean_diff,1.4524501620361912,47,0.19148936170212766
HALLMARK_ESTROGEN_RESPONSE_EARLY,0.74535898009393875,0.7682931025583676,0.20637856180810982,0.8721216915796091,6664,181,KCNK5;RAPGEFL1;FARP1;CELSR1;TJP3;SYT12;MED13L;SVIL;SCNN1A;NAV2;CLIC3;SLC7A5;LRIG1;IGF1R;OLFML3;OVOL2;FASN;ADCY9;FKBP5;MLPH;KDM4B;KCNK15;ABAT;DHCR7;PDZK1;ABCA3;CA12;CELSR2;SCARB1;PEX11A;MAST4;KRT15;ANXA9;MUC1;MAPT;CHPT1;MYBBP1A;AFF1;HR;THSD4;FLNB;DEPTOR;WWC1;NCOR2;ITPK1;TUBB2B;RAB17;ELF3;NADSYN1;ESRP2;TSKU;AKAP1;STC2;MYOF;MED24;SYBU,DT_vs_D,24 hours,CPT_low,DOX+TAM,DOX,2,2,vst_mean_diff,0.11447306572416413,56,0.375
HALLMARK_ESTROGEN_RESPONSE_LATE,0.27684117125110913,0.32540979778639145,-0.19964881818780603,-1.0578116995274511,311,173,S100A9;PRSS23;PAPSS2;DYNLT3;RAB31;CPE;TSPAN13;CCND1;DNAJC12;ACOX2;UGDH;CDC6;SERPINA1;BTG3;MOCS2;COX6C;TNNC1;AREG;CCNA1;GAL;GINS2;KLK10;HPRT1;AGR2;MICB;BLVRB;KRT19;IL6ST;ELOVL5;CAV1;PTGES;PERP;HSPA4L;CACNA2D2;OPN3;KLF4;SLC16A1;FKBP4;ARL3;FRK;TFAP2C;NRIP1;PDCD4;SFN;ABHD2;GALE;SNX10;EGR3;BCL2;MAPK13;MYB;MEST;NAB2;SIAH2;SEMA3B;ALDH3B1,DT_vs_D,24 hours,CPT_low,DOX+TAM,DOX,2,2,vst_mean_diff,0.48756937499932873,56,0.25
HALLMARK_FATTY_ACID_METABOLISM,0.0058953574060427415,0.010790530101940386,-0.28947375772095313,-1.481786280380062,7,140,UBE2L6;HPGD;ENO2;MGLL;TP53INP2;SERINC1;DECR1;PSME1;CRYZ;UGDH;BLVRA;OSTC;HSD17B11;ACOX1;SDHD;HSP90AA1;MDH1;HCCS;HSPH1;ACADM;YWHAH;ELOVL5;S100A10;FH;DLD;VNN1;SUCLA2;HSDL2;PRDX6;EHHADH;ALDH9A1;MIF;ADIPOR2;IDI1;GPD2;PTS;CPOX;CPT2;LDHA;MDH2;SUCLG1;SMS;ALDH1A1;SDHC;NBN;ACAA2;ACSL4;ECH1;ACSL5;METAP1;RDH11;IDH1;HSD17B4;HADHB;ECHS1;EPHX1;DLST;GABARAPL1;LTC4S;HMGCL;PDHA1;CBR1;PDHB;ERP29,DT_vs_D,24 hours,CPT_low,DOX+TAM,DOX,2,2,vst_mean_diff,1.9669572193863671,64,0.265625
HALLMARK_G2M_CHECKPOINT,0.9505147791431419,0.9505147791431419,0.17393576016175413,0.7402641624642022,8585,194,TROAP;CENPF;ESPL1;STAG1;EFNA5;MKI67;PLK1;AURKB;CENPA;KIF2C;SLC7A5;CENPE;KIF4A;HMMR;CDC20;ATRX;CDC25B;POLE;NOTCH2;TOP2A;DDX39A;NSD2;MEIS2;KIF15;TACC3;FANCC;E2F4,DT_vs_D,24 hours,CPT_low,DOX+TAM,DOX,2,2,vst_mean_diff,0.02204112608900174,27,0.2962962962962963
HALLMARK_GLYCOLYSIS,9.049773755656109e-4,0.0024473991817650495,-0.32201100035308794,-1.7092214993493453,0,175,NT5E;SRD5A3;PRPS1;ENO2;ARPP19;VCAN;GLRX;NANP;STMN1;SOD1;ERO1A;IER3;UGP2;GPR87;PPP2CB;ME2;IL13RA1;TGFA;CHST6;LHX9;IGFBP3;PDK3;MDH1;TGFBI;GNE;FAM162A;GFPT1;TXN;PGM2;AK3;IRS2;CDK1;POLR3K;DLD;CYB5A;GLCE;PKP2;BPNT1;ALDH9A1;MIF;DSC2;RPE;GOT2;VLDLR;TPI1;FKBP4;AK4;LDHA;HS2ST1;MDH2;SDHC;ARTN;B4GALT4;KDELR3;RRAGD;B3GNT3;PGAM1;GALE;HAX1;TALDO1;EGLN3;CASP6;COPB2;PPIA;IDH1;B4GALT1;B3GAT3;PGK1;G6PD;SDC1;KIF2A;BIK;TPST1;PGLS;PFKP;CITED2;GPC4;SLC35A3;PKM;STC1;SAP30,DT_vs_D,24 hours,CPT_low,DOX+TAM,DOX,2,2,vst_mean_diff,2.6112951894961984,81,0.32098765432098764
HALLMARK_HEDGEHOG_SIGNALING,0.0674865026994601,0.0886587388404672,0.470052177494783,1.4248522242276251,449,24,OPHN1;CELSR1;SCG2;TLE1;NRP2;VEGFA;NF1,DT_vs_D,24 hours,CPT_low,DOX+TAM,DOX,2,2,vst_mean_diff,1.052278450777734,7,0.5714285714285714
HALLMARK_HEME_METABOLISM,0.0017050298380221654,0.003569906223358909,-0.29053165612814,-1.519515578344254,1,162,VEZF1;SDCBP;TSPAN5;MOSPD1;NUDT4;BNIP3L;BPGM;OSBP2;LAMP2;SLC30A1;GDE1;DCUN1D1;BLVRA;TMEM9B;ALDH6A1;YPEL5;FECH;ARL2BP;ADIPOR1;HTATIP2;ELL2;DAAM1;BTG2;NCOA4;XK;LMO2;MGST3;TOP1;SMOX;KEL;BLVRB;GLRX5;ISCA1;PICALM;HEBP1;ANK1;CPOX;TCEA1;EIF2AK1;CLCN3;DCAF10;NEK7;CTSB;MKRN1;ATG4A;MFHAS1;OPTN;RBM38;ENDOD1;MAP2K3;RIOK3;FBXO7;CCDC28A;RNF19A;CIR1;DMTN;SLC10A3;RAD23A;PGLS;FOXJ2;GCLM;LRP10,DT_vs_D,24 hours,CPT_low,DOX+TAM,DOX,2,2,vst_mean_diff,2.4473431920706274,62,0.20967741935483872
HALLMARK_HYPOXIA,8.944543828264759e-4,0.0024473991817650495,-0.2923261445375887,-1.5489540237841852,0,174,PGF;ENO2;F3;FBP1;GLRX;BNIP3L;CSRP2;AKAP12;MT1E;MT2A;IDS;PLAC8;CCN2;PRDX5;ERO1A;IER3;UGP2;LXN;IGFBP3;PDK3;ALDOC;TGFBI;PIM1;PDGFB;TES;FAM162A;PGM2;CDKN1A;KLHL24;SRPX;TGM2;IRS2;CDKN1B;RBPJ;CAV1;HS3ST1;MIF;VHL;VLDLR;TPI1;AK4;AMPD3;SDC4;LDHA;KIF5A;ERRFI1;MAFF;KDELR3;RRAGD;STBD1;TPD52;HMOX1;GAPDH;CASP6;BCL2;CAVIN1;SIAH2;ANXA2;PGK1;CCN1;PFKP;TIPARP;CITED2;S100A4;GPC4;SERPINE1;STC1;CCNG2;SAP30;CAVIN3,DT_vs_D,24 hours,CPT_low,DOX+TAM,DOX,2,2,vst_mean_diff,2.6112951894961984,70,0.22857142857142856
HALLMARK_IL2_STAT5_SIGNALING,0.012678288431061807,0.020224888687646218,-0.2667221684908933,-1.3763263594125443,15,150,MYC;PHLDA1;NT5E;IL1RL1;TWSG1;SPRY4;ETV4;CASP3;SMPDL3A;CDC6;GLIPR2;EMP1;CDC42SE2;PRNP;CD83;PIM1;LRRC8C;GPX4;SWAP70;SH3BGRL2;GUCY1B1;TGM2;LIF;MXD1;IL18R1;SOCS1;BCL2L1;TNFRSF21;AHR;ANXA4;CAPG;SOCS2;TNFSF10;ITGAV;AMACR;MAFF;FLT3LG;GSTO1;PHTF2;ADAM19;CXCL10;RRAGD;EEF1AKMT1;RHOB;CCNE1;SPRED2;CDCP1;NCS1;IFITM3;PDCD2L;BCL2;PNP;ITGA6;WLS;CTSZ;IFNGR1;GBP4;GABARAPL1;SNX9,DT_vs_D,24 hours,CPT_low,DOX+TAM,DOX,2,2,vst_mean_diff,1.6941138599492647,59,0.1694915254237288
HALLMARK_IL6_JAK_STAT3_SIGNALING,0.023305084745762712,0.03322214208438514,-0.3223820209366853,-1.4301932422743666,54,62,CXCL1;STAM2;IL13RA1;IL1B;STAT1;PIM1;GRB2;IL6ST;IFNAR1;IFNGR2;TNFRSF12A;IL18R1;SOCS1;PTPN11;BAK1;TNFRSF21;IL15RA;FAS;CBL;CXCL10;HAX1;HMOX1;CXCL3;PTPN1;IFNGR1;SOCS3;CD14;MYD88;CXCL11;STAT3;IL1R1,DT_vs_D,24 hours,CPT_low,DOX+TAM,DOX,2,2,vst_mean_diff,1.4785723687107537,31,0.0967741935483871
HALLMARK_INFLAMMATORY_RESPONSE,7.002801120448179e-4,0.0024473991817650495,-0.3984777336737082,-2.030228903691107,0,135,TLR3;CXCL8;ABCA1;MYC;IL7R;CCL20;AXL;PTAFR;F3;NAMPT;IL1A;CD55;CSF3;BDKRB1;HRH1;EIF2AK2;INHBA;BTG2;HAS2;IL1B;SRI;EREG;NMI;HBEGF;TIMP1;CDKN1A;SLC31A1;GCH1;IFNAR1;IFNGR2;LIF;PTGER4;SGMS2;IL18;MXD1;HIF1A;IL18R1;AHR;IFITM1;SLC31A2;TNFSF9;MARCO;TNFSF10;IL15RA;RHOG;GNAI3;DCBLD2;ADRM1;CXCL10;RIPK2;CCL22;ACVR2A;TNFSF15;CD70;SELENOS;ABI1,DT_vs_D,24 hours,CPT_low,DOX+TAM,DOX,2,2,vst_mean_diff,2.6112951894961984,56,0.16071428571428573
HALLMARK_INTERFERON_ALPHA_RESPONSE,5.291005291005291e-4,0.0024473991817650495,-0.4629644992684692,-2.2049950382130286,0,91,UBE2L6;CASP1;OAS1;IFIT2;TENT5A;IFI35;IFITM2;DDX60;CD47;PROCR;B2M;PSMB8;SAMD9;PSME1;IFIT3;EIF2AK2;PSMB9;TRIM21;ISG15;PARP14;NMI;USP18;IFI27;PSMA3;TXNIP;TRIM5;LAP3;SAMD9L;IRF2;IFITM1;EPSTI1;CXCL10;RIPK2;IFI30;TAP1;IFITM3;PARP9;OASL;SP110;CNP;NUB1;LGALS3BP;CASP8;GBP4;HLA-C;HERC6;ADAR;MX1;BST2;TRIM25;CXCL11;TDRD7;NCOA7;PNPT1,DT_vs_D,24 hours,CPT_low,DOX+TAM,DOX,2,2,vst_mean_diff,2.6112951894961984,54,0.18518518518518517
HALLMARK_INTERFERON_GAMMA_RESPONSE,8.517887563884157e-4,0.0024473991817650495,-0.37588177864600675,-1.9745365288301546,0,164,OAS2;UBE2L6;EIF4E3;CASP1;IFIT2;APOL6;ISOC1;IFI35;IFITM2;DDX60;NAMPT;BPGM;B2M;PSMB8;PSME1;MT2A;IFIT3;CASP3;EIF2AK2;PSMB9;CFH;PSMA2;PTGS2;TRIM21;MTHFD2;ISG15;STAT1;SRI;PARP14;NMI;CASP4;PIM1;CASP7;USP18;OAS3;IFI27;PSMA3;CDKN1A;SSPN;TXNIP;GCH1;SAMHD1;CD274;LAP3;SAMD9L;SOD2;PELI1;SPPL2A;HIF1A;SOCS1;IRF2;PSMB10;UPP1;VAMP8;EPSTI1;LYSMD2;TNFSF10;IL15RA;FAS;PSMB2;CXCL10;HLA-A;RIPK2;IDO1;IFNAR2;IFI30;TAP1;IFITM3;PNP;OASL;SP110;PTPN1;LGALS3BP;CASP8;GBP4;ICAM1;HERC6;SOCS3;ADAR;PFKP;RIPK1;MX1;BST2;TNFAIP6;TRIM25;MYD88;TOR1B;CXCL11;TDRD7;STAT3,DT_vs_D,24 hours,CPT_low,DOX+TAM,DOX,2,2,vst_mean_diff,2.6112951894961984,90,0.15555555555555556
HALLMARK_KRAS_SIGNALING_DN,0.013021461297323367,0.020289253649317805,0.3687066650897393,1.4682671031976857,107,109,HSD11B2;ZBTB16;MSH5;YBX2;CDKAL1;LFNG;TFCP2L1;ITGB1BP2;DTNB;ATP6V1B1;CLSTN3;NR6A1;EFHD1;UPK3B;IDUA;CPEB3;FGGY;SIDT1;SGK1;SERPINB2;MTHFR;SLC38A3;THRB;SLC25A23;BMPR1B;PRKN;PTGFR;CAMK1D;CELSR2;SPTBN2;KMT2D;KRT15;KCND1,DT_vs_D,24 hours,CPT_low,DOX+TAM,DOX,2,2,vst_mean_diff,1.6927339284198095,33,0.24242424242424243
HALLMARK_KRAS_SIGNALING_UP,7.757951900698216e-4,0.0024473991817650495,-0.41760113985425273,-2.151994197127101,0,147,CTSS;IL7R;CCL20;FUCA1;DUSP6;ETV5;PTPRR;ETV1;GLRX;CPE;PLAT;ETV4;TSPAN13;BPGM;ITGB2;VWA5A;MPZL2;PSMB8;PLAU;AKAP12;GPNMB;PRDM1;PPBP;SPRY2;CFH;BTC;ERO1A;INHBA;LCP1;PRELID3B;BTBD3;MMD;PTGS2;TSPAN1;IGFBP3;GPRC5B;EMP1;LAPTM5;IL1B;EREG;HBEGF;SLPI;WNT7A;YRDC;LIF;USP12;HSD11B1;TOR1AIP2;ZNF639;STRN;KLF4;PDCD1LG2;ITGA2;GALNT3;CBR4;APOD;HDAC9;DCBLD2;CBL;CXCL10,DT_vs_D,24 hours,CPT_low,DOX+TAM,DOX,2,2,vst_mean_diff,2.6112951894961984,60,0.15
HALLMARK_MITOTIC_SPINDLE,0.005958949459280512,0.010790530101940386,0.3400165950707424,1.450023206466456,53,198,PIF1;TRIO;CENPF;SORBS2;AKAP13;PCNT;OPHN1;SUN2;ESPL1;FARP1;DOCK4;CNTRL;TUBGCP6;PLK1;CDK5RAP2;CDC42BPA;TBCD;CLASP1;KIF2C;CEP192;CYTH2;CENPE;KNTC1;KIF4A;ATG4B;MYO9B;HDAC6;CEP72;ALMS1;CNTROB;PREX1;SEPTIN9;DST;EPB41;FGD4;NOTCH2;TOP2A;RABGAP1;DLG1;RAPGEF6;NF1;KIF15;MYH10;TSC1;ARAP3;BCR;INCENP;SPTAN1;NUMA1;RASAL2;CEP131;ARHGAP10;ARHGEF7;SPTBN1,DT_vs_D,24 hours,CPT_low,DOX+TAM,DOX,2,2,vst_mean_diff,1.9669572193863671,54,0.2222222222222222
HALLMARK_MTORC1_SIGNALING,0.0010204081632653062,0.0024473991817650495,-0.4700380189986544,-2.525393097526062,0,191,GLRX;NAMPT;ITGB2;HSPE1;ACTR2;SC5D;ERO1A;DHFR;RAB1A;FADS1;HSPA4;RIT1;EDEM1;PSMA4;BTG2;MTHFD2;PSAT1;PRDX1;CCT6A;MLLT11;FDXR;ACSL3;ATP6V1D;PSMC6;CCNG1;PSMD12;TES;PSMC2;HPRT1;CORO1A;EEF1E1;PSMA3;EIF2S2;CDKN1A;UFM1;SERP1;GSR;ELOVL5;RRM2;ARPC5L;ACTR3;NUPR1;SSR1;PPA1;CACYBP;HSPD1;MCM4;MCM2;TMEM97;CYB5B;PNO1;STARD4;ADIPOR2;CDC25A;UBE2D3;IDI1;STIP1;SEC11A;HSPA9;VLDLR;TPI1;AK4;PSME3;ATP5MC1;TCEA1;LDHA;TUBG1;PDAP1;M6PR;ETF1;SDF2L1;IFI30;TBK1;CYP51A1;PSPH;TXNRD1;EGLN3;UCHL5;PSMD14;GAPDH;RDH11;MAP2K3;CANX;PNP;PPIA;UNG;IDH1;PSMB5;CTSC;PGK1;LTA4H;G6PD;TRIB3;USO1;PITPNB;TM7SF2;YKT6;RPA1;MTHFD2L;STC1;GLA;SHMT2;IMMT;BHLHE40;SKAP2;TUBA4A;SLC1A4;ABCF2;RPN1;RRP9;ALDOA,DT_vs_D,24 hours,CPT_low,DOX+TAM,DOX,2,2,vst_mean_diff,2.6112951894961984,111,0.3783783783783784
HALLMARK_MYC_TARGETS_V1,0.0010351966873706005,0.0024473991817650495,-0.5667905967701279,-3.0536560989964814,0,195,MYC;USP1;HSPE1;GLO1;PCNA;PRDX3;DEK;SET;ABCE1;SSB;DDX21;EIF1AX;PTGES3;HDAC2;NAP1L1;PSMA2;MAD2L1;PSMA4;TOMM70;SNRPG;VBP1;EIF2S1;AIMP2;PSMC6;HPRT1;SNRPB2;PSMA6;PABPC1;UBA2;RPL34;PA2G4;PRPS2;EIF2S2;CCT4;COX5A;CDK2;CNBP;MCM5;PRDX4;CBX3;YWHAE;SYNCRIP;YWHAQ;TYMS;ERH;G3BP1;RFC4;HSPD1;MCM4;NDUFAB1;RRM1;SERBP1;MCM2;LSM2;POLE3;STARD7;RPL22;SNRPD3;UBE2L3;RPS10;ILF2;RPL6;EIF4E;UBE2E1;VDAC3;CCT7;GOT2;HNRNPC;DUT;PSMD8;EIF4H;CCT2;GSPT1;CCT5;EIF4G2;VDAC1;PSMA1;MCM6;LDHA;AP3S1;ACP1;TRA2B;SNRPA1;XRCC6;PCBP1;HNRNPR;PSMB2;ETF1;CCT3;RAD23B;NHP2;TCP1;SF3A1;NOLC1;DDX18;HSP90AB1;NME1;PSMD14;XPOT;PSMD7;SLC25A3;RPS6;CANX;PSMB3;RPL14;SNRPD2;TARDBP;PPIA;HNRNPA1;PGK1;NPM1;CSTF2;MRPL9;HDDC2;GNL3;SRSF3;NCBP2;XPO1;PSMA7;RAN;CDC45;C1QBP;CLNS1A;EEF1B2;RSL1D1;TXNL4A;RPS2;KPNA2;RNPS1;CCNA2;SNRPD1;RRP9;RPLP0;LSM7;RPS3;HDGF;MRPS18B;SRPK1;PPM1G;SRM;IMPDH2;BUB3;PSMD3;RANBP1;CDK4;COPS5;KPNB1;RACK1;HNRNPA3;PSMD1;EIF3J;APEX1;EIF4A1;EXOSC7;NCBP1,DT_vs_D,24 hours,CPT_low,DOX+TAM,DOX,2,2,vst_mean_diff,2.6112951894961984,155,0.5935483870967742
HALLMARK_MYC_TARGETS_V2,0.10422650800164136,0.13175803841716927,-0.2872775491592207,-1.2472999973682393,253,57,MYC;HSPE1;AIMP2;PA2G4;MCM5;CBX3;HSPD1;MCM4;DCTPP1;NDUFAF4;TMEM97;BYSL;WDR43;NOLC1;DDX18;UNG;NPM1;NIP7;GNL3,DT_vs_D,24 hours,CPT_low,DOX+TAM,DOX,2,2,vst_mean_diff,0.8802228794647489,19,0.47368421052631576
HALLMARK_NOTCH_SIGNALING,0.6266488809841411,0.6560230472802727,0.2845403164923644,0.8907876292331395,4227,28,LFNG;MAML2;PRKCA;DTX2;KAT2A;NOTCH2;TCF7L2,DT_vs_D,24 hours,CPT_low,DOX+TAM,DOX,2,2,vst_mean_diff,0.18308090280296668,7,0.14285714285714285
HALLMARK_OXIDATIVE_PHOSPHORYLATION,0.0010548523206751054,0.0024473991817650495,-0.560553092989937,-3.039513529374575,0,200,CYCS;DECR1;COX7C;PRDX3;ATP1B1;FDX1;ALDH6A1;PDP1;UQCRB;COX7A2;NDUFA5;NDUFA2;NDUFA6;NDUFA4;NDUFA8;PHYH;COX6C;COX7B;OAT;SLC25A4;SDHD;NDUFB6;ATP6V1C1;TOMM70;SLC25A5;COX7A2L;MDH1;ATP5ME;NDUFB5;NDUFB3;HCCS;ATP6V1D;ATP5PD;GPX4;ATP5F1E;CASP7;MGST3;ACAT1;IDH3A;UQCRH;ATP5PB;UQCR10;ATP5PF;ACADM;ATP6V1F;COX5A;ATP5MG;ATP5MF;COX17;MPC1;MRPL15;TIMM9;COX4I1;GLUD1;NDUFB4;NDUFV2;MRPL35;ATP6V1G1;ATP6V1E1;NDUFB1;COX6B1;FH;ISCA1;NDUFAB1;NDUFA7;DLD;VDAC2;COX8A;NDUFC1;SUCLA2;CYB5A;ATP5F1B;DLAT;UQCRFS1;NDUFS1;AIFM1;ATP5F1A;VDAC3;MRPS30;NDUFC2;GOT2;NDUFA1;ATP6V0E1;ATP5MC3;BDH2;HSPA9;TIMM8B;TIMM17A;VDAC1;LDHB;ATP5MC1;LDHA;TIMM10;MDH2;SUCLG1;SDHC;COX6A1;MRPS12;ACAA2;SURF1;NDUFS6;ATP5F1C;TOMM22;NDUFA9;ALAS1;ECH1;COX5B;SLC25A3;ISCU;NDUFS3;UQCR11;COX15;ATP5MC2;CS;IDH1;ATP6V0C;ATP5PO;HADHA;HADHB;ECHS1;ABCB7;CYB5R3;SDHB;DLST;NDUFS4;MRPL11;NDUFS8,DT_vs_D,24 hours,CPT_low,DOX+TAM,DOX,2,2,vst_mean_diff,2.6112951894961984,127,0.3779527559055118
HALLMARK_P53_PATHWAY,0.0010204081632653062,0.0024473991817650495,-0.3866926258043646,-2.077599786823556,0,191,CLCA2;FUCA1;GM2A;CASP1;INHBB;CEBPA;PROCR;NUDT15;VWA5A;IL1A;PCNA;NHLH2;PDGFA;EPHA2;IER3;PPM1D;MDM2;CDK5R1;IER5;GPX2;TGFA;BTG2;RPS12;FDXR;RRAD;GLS2;CCNG1;HBEGF;FAM162A;TM4SF1;RPS27L;CDKN1A;TXNIP;EI24;S100A10;RNF19B;GADD45A;ZMAT3;DRAM1;NUPR1;LIF;TAX1BP3;PERP;SESN1;SLC35D1;RAD51C;MXD1;APAF1;HSPA4L;AEN;SOCS1;AK1;BAK1;HINT1;TPRKB;UPP1;VAMP8;TNFSF9;PHLDA3;CDKN2AIP;KLF4;PRKAB1;POLH;LDHB;CCNK;FAS;ZNF365;STOM;SFN;IFI30;TM7SF3;TAP1;XPC;RPL36;HMOX1;ISCU;RB1;RCHY1;VDR;NINJ1;PLK3;CSRNP2;RAP2B;TRIB3;CCP110;TRIAP1;EPHX1;TP53;SERPINB5;TOB1;SDC1;ADA;TP63;MAPKAPK3;MKNK2;CGRRF1,DT_vs_D,24 hours,CPT_low,DOX+TAM,DOX,2,2,vst_mean_diff,2.6112951894961984,96,0.20833333333333334
HALLMARK_PANCREAS_BETA_CELLS,0.007528905619790266,0.013274649382261784,-0.604896211748287,-1.8173283052072575,27,15,SRP9;SRP14;LMO2;ISL1;SEC11A;STXBP1;SPCS1;VDR;MAFB;SRPRB,DT_vs_D,24 hours,CPT_low,DOX+TAM,DOX,2,2,vst_mean_diff,1.876976940932737,10,0.3
HALLMARK_PEROXISOME,0.0371501272264631,0.04978117048346056,-0.2820705317002602,-1.339051908430937,72,87,ISOC1;PRDX5;SOD1;FADS1;BCL10;HSD17B11;ACOX1;SLC25A4;PRDX1;PEX2;STS;PABPC1;YWHAH;CNBP;ELOVL5;SOD2;EHHADH;ALDH9A1;NUDT19;IDI1;SLC25A17;MSH2;VPS4B;ALDH1A1;CDK7;ACSL4;ECH1;PEX13;ACSL5;FIS1;SIAH1;RDH11;IDH1;SCP2;HSD17B4;ABCD1;ABCD3,DT_vs_D,24 hours,CPT_low,DOX+TAM,DOX,2,2,vst_mean_diff,1.302934896226182,37,0.2702702702702703
HALLMARK_PI3K_AKT_MTOR_SIGNALING,0.014285714285714285,0.02126984126984127,-0.29863483216916314,-1.422330058160104,26,91,PRKAA2;ACTR2;RALB;ARPC3;YWHAB;RIT1;RAC1;RPS6KA3;CLTC;GRB2;CDKN1A;CDK2;UBE2N;CDK1;E2F1;ACTR3;CDKN1B;PLA2G12A;CAB39;DUSP3;PTPN11;EIF4E;UBE2D3;PRKAG1;CFL1;ARF1;PTEN;PPP1CA;SFN;MAPK1;PFN1;ATF1;TBK1;PRKAR2A;ARHGDIA;MAP2K3;AP2M1;NCK1;IRAK4;TRIB3;PIN1,DT_vs_D,24 hours,CPT_low,DOX+TAM,DOX,2,2,vst_mean_diff,1.672235751088774,41,0.4634146341463415
HALLMARK_PROTEIN_SECRETION,5.446623093681918e-4,0.0024473991817650495,-0.5431603669839712,-2.6025820360700465,0,95,ABCA1;CD63;GALC;RAB14;RAB22A;LAMP2;YIPF6;CAV2;LMAN1;SCRN1;SOD1;ARCN1;ARFGAP3;TMX1;SCAMP1;TMED2;BET1;VAMP3;VAMP7;RPS6KA3;CLTA;CLTC;ANP32E;SNAP23;SEC22B;TSG101;RAB9A;SSPN;SNX2;RAB2A;BNIP3;STX12;STX7;ARFIP1;GNAS;TMED10;VAMP4;KRT18;STAM;NAPG;AP2S1;RAB5A;ARF1;VPS4B;AP3S1;CLN5;CLCN3;M6PR;SCAMP3;PPT1;MAPK1;TPD52;AP2M1;COPB2;OCRL;AP1G1;CTSC;USO1,DT_vs_D,24 hours,CPT_low,DOX+TAM,DOX,2,2,vst_mean_diff,2.6112951894961984,58,0.39655172413793105
HALLMARK_REACTIVE_OXYGEN_SPECIES_PATHWAY,3.728560775540641e-4,0.0024473991817650495,-0.46788137402975527,-1.937144152648001,0,46,GLRX;SOD1;NDUFA6;MGST1;PRDX1;PRNP;LAMTOR5;GPX4;JUNB;TXN;GSR;PRDX4;NDUFB4;SOD2;PRDX6;GLRX2;PDLIM1;HHEX;NQO1;TXNRD1;SELENOS;G6PD;HMOX2;PFKP;GCLM,DT_vs_D,24 hours,CPT_low,DOX+TAM,DOX,2,2,vst_mean_diff,2.6112951894961984,25,0.52
HALLMARK_TGF_BETA_SIGNALING,0.2691251471165163,0.3219890153001177,-0.257983282701524,-1.1030397756251784,685,53,RAB31;XIAP;TGFBR1;PPM1A;RHOA;SKIL;JUNB;IFNGR2;WWTR1;PMEPA1;UBE2D3;SMAD3;SLC20A1;FKBP1A;PPP1CA;CTNNB1,DT_vs_D,24 hours,CPT_low,DOX+TAM,DOX,2,2,vst_mean_diff,0.4921589440678898,16,0.375
HALLMARK_TNFA_SIGNALING_VIA_NFKB,9.794319294809011e-4,0.0024473991817650495,-0.41761479813290486,-2.2205206072925843,0,183,ABCA1;MYC;PHLDA1;IL7R;CCL20;DUSP4;IFIT2;CXCL1;ZBTB10;F3;NAMPT;IL1A;SERPINB8;PLAU;CCND1;SLC16A6;INHBA;IER3;HES1;LITAF;BTG3;IER5;DUSP5;PTGS2;BTG2;AREG;IL1B;PHLDA2;CD83;FOSL1;HBEGF;EIF1;JUNB;CDKN1A;MARCKS;IL6ST;B4GALT5;IRS2;YRDC;NR4A3;RNF19B;GADD45A;GCH1;IFNGR2;DRAM1;NFKBIE;LIF;BCL2A1;SOD2;PTGER4;IL18;MXD1;PMEPA1;CLCF1;NR4A2;PANX1;TNFSF9;SNN;KLF2;SMAD3;KLF4;MCL1;SDC4;IL15RA;MAFF;DNAJB4;CXCL10;RIPK2;RHOB;TAP1;GEM;EGR3;JAG1;EGR1;CXCL3;MAP2K3;B4GALT1;PTX3;NINJ1;BCL3;CCN1;KLF9;ICAM1;BIRC3;SOCS3;TNFAIP8;TIPARP;F2RL1;EHD1;TNFAIP6;SERPINE1;IER2,DT_vs_D,24 hours,CPT_low,DOX+TAM,DOX,2,2,vst_mean_diff,2.6112951894961984,92,0.16304347826086957
HALLMARK_UNFOLDED_PROTEIN_RESPONSE,5.865102639296188e-4,0.0024473991817650495,-0.35876380796010643,-1.7526446416638655,0,107,DNAJB9;YWHAZ;ERO1A;KIF5B;SPCS3;NABP1;CNOT6;EDEM1;MTHFD2;PSAT1;PAIP1;FKBP14;EIF2S1;DCP2;CEBPG;SERP1;CHAC1;SHC1;CKS1B;SSR1;SLC30A5;BANF1;EIF4E;SEC11A;HSPA9;RPS14;BAG3;DNAJC3;KDELR3;LSM1;NHP2;NOLC1;IMP3;SRPRA;SPCS1;XPOT;LSM4;EXOSC9;POP4;NPM1;NFYA;SRPRB;DNAJA4,DT_vs_D,24 hours,CPT_low,DOX+TAM,DOX,2,2,vst_mean_diff,2.6112951894961984,43,0.37209302325581395
HALLMARK_UV_RESPONSE_DN,0.00846262341325811,0.014538353043289574,0.364980716945394,1.4830416409237155,71,128,PTPRM;COL5A2;KCNMA1;PRKCE;APBB2;PLCB4;LTBP1;SIPA1L1;PRKCA;DBP;INPP4B;RBPMS;ATXN1;ZMIZ1;MAP2K5;MGMT;CDC42BPA;ID1;IGF1R;TOGARAM1;ARHGEF9;ATRX;ABCC1;PEX14;NOTCH2;CDON;DLG1;BCKDHB;ERBB2;CDK13;NFIB;PTGFR,DT_vs_D,24 hours,CPT_low,DOX+TAM,DOX,2,2,vst_mean_diff,1.8374847891250956,32,0.28125
HALLMARK_UV_RESPONSE_UP,7.002801120448179e-4,0.0024473991817650495,-0.3765277872784496,-1.9183947613030785,0,135,ENO2;PPP1R2;NKX2-5;NAT1;HSPA2;HSPA13;CASP3;DNAJA1;BTG3;CHRNA5;DDX21;SLC25A4;ATP6V1C1;BTG2;PRKACA;FEN1;GAL;EIF5;RRAD;JUNB;ATP6V1F;CEBPG;CDK2;IL6ST;DNAJB1;GCH1;SOD2;RFC4;EIF2S3;CDC5L;POLE3;GGH;BAK1;CYB5B;NUP58;BID;CREG1;PARP2;STIP1;FKBP4;SPR;NPTXR;AP2S1;PDAP1;CLTB;PSMC3;PPT1;ALAS1;PPAT;RHOB;CCNE1;TAP1;HMOX1;TMBIM6;RAB27A;CNP;EPCAM;EPHX1;AMD1;ICAM1,DT_vs_D,24 hours,CPT_low,DOX+TAM,DOX,2,2,vst_mean_diff,2.6112951894961984,60,0.21666666666666667
HALLMARK_WNT_BETA_CATENIN_SIGNALING,0.13313802083333334,0.16518976658950618,-0.3327586243550927,-1.2695664388747476,408,33,MYC;DKK1;FZD1;HDAC2;GNAI1;RBPJ;SKP2;CTNNB1;FZD8;JAG1;HEY1;TP53;PPARD,DT_vs_D,24 hours,CPT_low,DOX+TAM,DOX,2,2,vst_mean_diff,0.7820168604742747,13,0.3076923076923077
HALLMARK_XENOBIOTIC_METABOLISM,0.005595523581135092,0.010711430855315748,-0.2715192447741194,-1.4082754126304624,6,153,PAPSS2;SLC46A3;CYP4F2;TGFB2;HES6;ARPP19;FBP1;DHRS7;MT2A;AOX1;ACOX2;ADH5;UGDH;EPHA2;PROS1;PTGES3;ACOX1;PTGR1;SERTAD1;SSR3;SMOX;HPRT1;BLVRB;GSR;ELOVL5;GCH1;PTGES;AKR1C3;SAR1B;MCCC2;MAN1A1;SLC35D1;VNN1;TMEM97;CYB5A;HSD11B1;ALDH9A1;PSMB10;UPP1;FETUB;PTS;MTHFD1;FAS;ACP1;GSTO1;ALAS1;HGFAC;ECH1;NQO1;HMOX1;TMBIM6;CROT;CASP6;DDT;IDH1,DT_vs_D,24 hours,CPT_low,DOX+TAM,DOX,2,2,vst_mean_diff,1.9701525113286122,55,0.2
PID_MYC_ACTIV_PATHWAY,0.011315417256011316,0.01849104771104288,-0.325910708695923,-1.4940840861068,23,74,MYC;PRDX3;HSPA4;ACTL6A;PDCD10;TAF12;HSP90AA1;EIF2S1;PMAIP1;FOSL1;PIM1;PEG10;CDCA7;IREB2;TAF9;HSPD1;SMAD4;EIF4E;CDC25A;PTMA;SMAD3;GPAM;LDHA;NBN;RPL11;DDX18;NME1;GAPDH;NPM1;BMI1;POLR3D;TP53;MAX,DT_vs_D,24 hours,CPT_low,DOX+TAM,DOX,2,2,vst_mean_diff,1.7330384808238648,33,0.45454545454545453
REACTOME_ACTIVATION_OF_ATR_IN_RESPONSE_TO_REPLICATION_STRESS,0.0010197144799456153,0.0024473991817650495,-0.49515729122802093,-1.9437457966205036,2,37,CLSPN;MCM10;CDC6;CDC7;RAD1;RFC2;CDK2;MCM5;RPA3;RFC4;MCM4;MCM2;RFC3;MCM3;CDC25A;ORC1;CHEK1;MCM6;ORC6;RPA2;CDC45;RAD9B;RFC5;RPA1;ORC3,DT_vs_D,24 hours,CPT_low,DOX+TAM,DOX,2,2,vst_mean_diff,2.6112951894961984,25,0
REACTOME_CELL_CYCLE_CHECKPOINTS,0.0013717421124828531,0.002964732952785521,-0.3139502244798521,-1.7285857761729588,0,241,RMI2;CCNE2;CLSPN;RMI1;UBE2D1;YWHAZ;ZNF385A;SKA2;CENPH;MCM10;ABRAXAS1;CDC6;YWHAB;PPP1CC;PPP2CB;MDM2;ZWILCH;PSMA2;CDC7;MAD2L1;PSMA4;SKA1;UBE2V2;EXO1;CCNA1;RAD1;PSMC6;RFC2;RPS27;PSMD12;DYNLL1;PSMC2;DYNC1LI1;PSMA6;PSMA3;CDKN1A;PSMA5;YWHAH;RPS27A;CDK2;MCM5;UBE2N;PPP2CA;CDK1;ERCC6L;RPA3;CENPS;YWHAE;CDKN1B;YWHAQ;MAPRE1;DYNC1I2;DYNLL2;RFC4;UBA52;MCM4;CDC23;MCM2;RFC3;CENPU;YWHAG;MCM3;CDC25A;UBE2E1;ORC1;CHEK1;PSMD2;PSMD8;UBB;SEH1L;PSMA1;PSMB6;MCM6;RHNO1;PPP2R5A;PSMD11;ANAPC16;NBN;PSMC3;ADRM1;SPDL1;PSMB2;SFN;ORC6;PSMC1;MIS12;PSMB1;CDC26;CCNE1;PSMD14;PSMD7;RPA2;PSMB3;NUP43;TAOK1;PSMD6;PSMB5;ANAPC11;SEM1;SPC25;ZWINT;TP53;KIF2A;XPO1;PSMC5;ITGB3BP;UBC;PSMA7;CDC45;CENPN;RAD9B;DSN1;RFC5;PCBP4;BARD1;RPA1;CENPQ,DT_vs_D,24 hours,CPT_low,DOX+TAM,DOX,2,2,vst_mean_diff,2.528014419451421,117,0.19658119658119658
REACTOME_GLUCOSE_METABOLISM,0.3043871551334238,0.3456599897277864,-0.23629315682494587,-1.0705227650150047,672,69,ENO2;FBP1;BPGM;GNPDA2;PPP2CB;PRKACA;ALDOC;PPP2CA;NUP155;NUP58;TPI1;PGM2L1;SEH1L;NUP50;PGAM1;GAPDH;NUP43;PGK1;PFKP;PKM;PPP2R1B;NUP37;PFKFB2;NUP62;ALDOA;PRKACB;PCK2;PPP2R5D,DT_vs_D,24 hours,CPT_low,DOX+TAM,DOX,2,2,vst_mean_diff,0.4613508872960548,28,0.2857142857142857
REACTOME_MITOCHONDRIAL_TRANSLATION,5.425935973955507e-4,0.0024473991817650495,-0.5154370296885084,-2.460566241598443,0,93,CHCHD1;MRPL42;MRPL18;MRPL19;MRPL44;MRPL50;MRPL13;MRPS33;MRPL30;MRPS10;MRPL33;MRPL15;MRPL35;MRPL40;MRPL49;MRPL39;MRPS30;MRPS35;MRPL22;MRPL51;MRPL17;MRPS14;MRPL47;GFM2;MRPL24;MRPS12;MRPS24;MRPL27;MRPL14;MTRF1L;MRPS9;MRPL46;AURKAIP1;MRPS18C;MRPS16;MRPL16;MRPL12;MRPL32;MRPL52;GADD45GIP1;MRPL9;MRPL11;MRPL3;MRPL57;MRPS31;MRPS28;MRPS2;MRPS22;MRPS21;MRPL10;MRPL45;MRPS23;MTIF3;MRPL54;MRPS18B;MRPL28;MRPL36;MRPL37;MRPS17;MRPL2;MRPS11;MRPS7;MRPL58;OXA1L;ERAL1;MRPL21;MRPS18A,DT_vs_D,24 hours,CPT_low,DOX+TAM,DOX,2,2,vst_mean_diff,2.6112951894961984,67,0.029850746268656716
REACTOME_MRNA_SPLICING,0.001128668171557562,0.0025206922498118883,-0.3317007191961686,-1.8060917209348923,0,210,POLR2K;SDE2;RBM7;RBM8A;SNRNP27;UBL5;SAP18;SNRPG;SNRNP48;HNRNPH2;POLR2D;LSM3;BUD31;SNRPB2;LSM8;NKAP;MFAP1;SLU7;DNAJC8;SF3B6;SMNDC1;WBP11;CDC5L;BCAS2;LSM2;ZCRB1;SNRPD3;PPIL1;SF3B4;SMU1;PPP1R8;SF3B5;CDC40;HNRNPK;CRNKL1;ISY1;HNRNPC;SRSF8;HNRNPF;HSPA8;HTATSF1;SNRPE;PPIL4;RBMX2;TRA2B;SNRPA1;SYF2;PCBP1;HNRNPR;PPIG;PPIE;MAGOHB;C9orf78;POLR2L;SF3A1;MAGOH;SNIP1;ALYREF;SNRPB;PHF5A;POLR2A;LSM4;SNRPC;SNRPD2;SNW1;RBM22;SRSF12;PLRG1;POLR2I;SF3B2;PPIH;HNRNPA1;PPIL3;LSM6;RNF113A;WBP4;FAM32A;IK;BUD13;SNU13;RBM42;HNRNPL;SRSF3;NCBP2;ZMAT2;YBX1;SNRNP40;SNRNP25,DT_vs_D,24 hours,CPT_low,DOX+TAM,DOX,2,2,vst_mean_diff,2.598480173905887,88,0.18181818181818182
WP_ADIPOGENESIS,0.37191977077363897,0.40850204330875106,-0.21236083724530552,-1.0351369625049494,648,104,CEBPA;CISD1;NAMPT;NR2F1;BMP3;FZD1;LIFR;IRS1;STAT1;EPAS1;CDKN1A;IL6ST;IRS2;E2F1;GADD45A;LIF;HIF1A;WWTR1;SOCS1;BMP4;AHR;MIF;SMAD3;ZMPSTE24;FAS;NRIP1;CREB1;CTNNB1;KLF5;WNT10B;SPOCK1,DT_vs_D,24 hours,CPT_low,DOX+TAM,DOX,2,2,vst_mean_diff,0.38880576680476997,31,0.25806451612903225
WP_AMINO_ACID_METABOLISM,0.41338760741745817,0.4467253176930596,-0.22335596604611951,-1.0119110073569695,913,69,ADH5;OAT;HNMT;MDH1;ACADM;GSR;GLUD1;FH;DLD;EHHADH;GOT2;CBS;LDHA;MDH2;SUCLG1;SMS;ALDH1A1;MMUT;CS;IDH1;DLST;GCLM;HMGCL;PDHA1;ARG2;PKM;GSS;HIBADH;PDHX;ALDH7A1,DT_vs_D,24 hours,CPT_low,DOX+TAM,DOX,2,2,vst_mean_diff,0.34995943364230997,30,0.43333333333333335
WP_APOPTOSIS,0.002384358607534573,0.004698589020729894,-0.36217109056440183,-1.6811788781726889,4,78,MYC;CASP1;TP73;BNIP3L;XIAP;CYCS;CASP3;MDM2;HRK;PMAIP1;CASP4;CASP7;NFKBIE;MAP2K4;APAF1;CHUK;IRF2;BCL2L1;BAK1;TNFRSF21;BID;BBC3;TNFSF10;MCL1;HELLS;FAS;FADD;CASP10;CASP6;BCL2;BAD;CASP8;TP53;BIRC3;TP63;RIPK1;IRF6;DIABLO,DT_vs_D,24 hours,CPT_low,DOX+TAM,DOX,2,2,vst_mean_diff,2.328032540470754,38,0.15789473684210525
WP_APOPTOSIS_MODULATION_AND_SIGNALING,0.010365251727541954,0.017361796643632774,-0.32442990876640676,-1.5156036295383528,20,81,CASP1;XIAP;CYCS;CASP3;HSPA1A;HRK;PMAIP1;CASP4;CASP7;PEA15;ENDOG;BNIP3;CAPNS1;TRAF6;BCL2A1;APAF1;TNFRSF10C;BCL2L1;BAK1;AIFM1;BID;BBC3;TNFSF10;BAG3;MCL1;FAS;MAPK3;AIFM2;TNFRSF10A;FADD;CASP10;TOLLIP;CASP6;BCL2;TNFRSF10D;BAD;CASP8;TP53;BIRC3;BIK;RIPK1,DT_vs_D,24 hours,CPT_low,DOX+TAM,DOX,2,2,vst_mean_diff,1.7604053349174782,41,0.14634146341463414
WP_CELL_CYCLE,0.0017889087656529517,0.003632026887840841,-0.34359992931987193,-1.7075495839366932,2,115,MYC;TGFB2;CCNE2;PCNA;CCND1;YWHAZ;CDC6;YWHAB;SKP1;MDM2;HDAC2;CDC7;CCNA1;CDKN1A;ANAPC13;YWHAH;SMC3;CDK2;MCM5;CDK1;E2F1;GADD45A;YWHAE;CDKN1B;YWHAQ;RAD21;MCM4;CDC23;MCM2;RBX1;YWHAG;MCM3;SMAD4;CDC25A;SMAD3;ORC1;CHEK1;PTTG1;SKP2;MCM6;CDC14B;CDK6;CDK7;SFN;ORC6;CCNE1,DT_vs_D,24 hours,CPT_low,DOX+TAM,DOX,2,2,vst_mean_diff,2.439850945063484,46,0.2826086956521739
WP_DNA_REPLICATION,3.5650623885918e-4,0.0024473991817650495,-0.5158795485347314,-2.09418593713235,0,42,PCNA;MCM10;CDC6;CDC7;RFC2;GMNN;CDK2;MCM5;RPA3;POLD4;RFC4;UBA52;MCM4;MCM2;RFC3;MCM3;PRIM1;ORC1;MCM6;ORC6;RPA2;UBC;CDC45;RFC5;RPA1;ORC3,DT_vs_D,24 hours,CPT_low,DOX+TAM,DOX,2,2,vst_mean_diff,2.6112951894961984,26,0.07692307692307693
WP_ELECTRON_TRANSPORT_CHAIN_OXPHOS_SYSTEM_IN_MITOCHONDRIA,5.698005698005698e-4,0.0024473991817650495,-0.6417504054650263,-3.1236719694055055,0,103,MT-ND6;MT-ND1;MT-CO1;MT-ND5;MT-ND3;MT-ND4L;COX7C;MT-ND4;MT-CYB;MT-CO2;MT-CO3;UQCRB;COX7A2;NDUFA5;NDUFA2;NDUFA6;NDUFA4;NDUFA8;NDUFS5;COX6C;COX7B;SLC25A4;SDHD;COX7A1;NDUFB6;MT-ATP6;MT-ND2;MT-ATP8;SLC25A5;COX7A2L;ATP5ME;NDUFB5;NDUFB3;ATP5IF1;ATP5PD;ATP5F1E;UQCRH;ATP5PB;UQCR10;ATP5PF;COX5A;ATP5MG;ATP5MF;COX17;COX4I1;NDUFB4;NDUFV2;NDUFA12;NDUFB1;COX6B1;NDUFAB1;NDUFA7;COX8A;NDUFC1;ATP5F1B;UQCRFS1;NDUFS1;ATP5F1A;NDUFC2;NDUFA1;ATP5MC3;ATP5MC1;NDUFA13;SDHC;COX6A1;SURF1;NDUFS6;ATP5F1C;NDUFA9;COX5B;NDUFS3;UQCR11;COX15;ATP5MC2;ATP5PO,DT_vs_D,24 hours,CPT_low,DOX+TAM,DOX,2,2,vst_mean_diff,2.6112951894961984,75,0.49333333333333335
WP_PROTEASOME_DEGRADATION,4.103405826836274e-4,0.0024473991817650495,-0.6062086589203612,-2.6320332406375977,0,57,PSMB8;UBE2D1;PSME1;PSMB9;PSMA2;PSMA4;UBE2B;PSMC6;PSMD5;PSMD12;PSMC2;PSMA6;PSMA3;PSMA5;PSMD10;PSMB10;UBE2D3;PSMD2;PSMD8;PSME3;UBB;PSMA1;PSMB6;PSMD11;PSMC3;PSMB2;HLA-A;PSMC1;PSMB1;PSMD7;PSMB3;PSMD6;PSMB5;NEDD4;PSMD4;HLA-C;PSMC5;UBC;PSMA7;UBA1;PSMB4;RPN1;UCHL3;UBE2D2;PSMB7,DT_vs_D,24 hours,CPT_low,DOX+TAM,DOX,2,2,vst_mean_diff,2.6112951894961984,45,0.26666666666666666
WP_PYRIMIDINE_METABOLISM,0.28524280999528523,0.3295046253393812,-0.2368685992160695,-1.0858851677602648,604,74,RRM2B;POLR2K;CMPK1;DCK;POLR3GL;POLR2D;RRM2;UPRT;POLR3K;TYMS;POLD4;RRM1;DCTPP1;POLE3;UPP1;PRIM1;DUT;POLR3F;POLR2L;POLR1D;NME1;TK2;POLR2A,DT_vs_D,24 hours,CPT_low,DOX+TAM,DOX,2,2,vst_mean_diff,0.4821384847262039,23,0.17391304347826086
WP_RAS_SIGNALING,0.09335324869305452,0.12028207043143563,-0.23048455660623082,-1.1848670763994362,124,143,PLA2G4D;SHC4;RASGRF1;GNG10;KRAS;NRAS;CALM2;EPHA2;CALM1;PAK2;GNB4;RALB;RALA;GNG12;RAB5B;RAC1;PRKACA;GNB5;ARF6;RRAS;RHOA;GRB2;CDC42;RAP1B;RAC2;NTRK2;SHC1;PLA2G4C;GNB1;CALML6;PLA2G12A;CHUK;PTPN11;BCL2L1;CALM3;RALBP1;GNG5;ELK1;PAK1;RAB5C;RAP1A;RAB5A;RRAS2;SHOC2;MAPK3,DT_vs_D,24 hours,CPT_low,DOX+TAM,DOX,2,2,vst_mean_diff,0.9197991049379253,45,0.3111111111111111
GOBP_MITOCHONDRIAL_GENE_EXPRESSION,0.022501949426311684,0.0358959669419734,-0.33331637351305693,-1.3969410766576222,201,167,MRPL44;TRMT10C;MRPL49;MRPL18;FASTKD5;CHCHD1;MTRF1L;NGRN;MRPL33;TRMT5;MRPS12;MRPL50;TFAM;MRPL13;MRPS10;MRPL19;MRPL39;MRPL16;MRPL15;MRPL40;MRPL27;MRPL47;MRPS14;TACO1;MRPL51;MRPL35;MRPL22;MRPS17;GATC;DDX3X;MRPS23;MRPL9;MRPL57;MRPS35;GADD45GIP1;MRPL58;MRPS11;MRPL10;TFB2M;MRPL53;MRPS24;C1QBP;FASTKD3;MRPL28;MRPS28;MTIF3;MRPS33;MRPL36;ALKBH1;COA3;NSUN3;MRPL17,DT_vs_D,24 hours,CPT_high,DOX+TAM,DOX,2,2,vst_mean_diff,1.4449543434338952,52,0.057692307692307696
GOBP_MITOCHONDRIAL_RESPIRATORY_CHAIN_COMPLEX_ASSEMBLY,1.2035142616440005e-4,4.517259978425027e-4,-0.5026573121311575,-1.9767191285858432,0,96,MT-ND4;MT-ND2;MT-ND1;COX20;MT-ND5;NDUFC2;COX7A2L;COX7A2;NDUFA6;STMP1;UQCRFS1;CHCHD7;HIGD1A;NDUFAF4;COX16;SMIM20;TMEM70;TMEM126A;TFAM;ATPAF1;COA6;RAB5IF;NDUFS5;DMAC1;MT-ND6;NDUFA13;TMEM126B;SDHAF3;TACO1;NDUFB3;LYRM2;COA5;NDUFAF1,DT_vs_D,24 hours,CPT_high,DOX+TAM,DOX,2,2,vst_mean_diff,3.3451249140995953,33,0.24242424242424243
GOBP_MITOCHONDRIAL_TRANSLATION,0.002189192303260744,0.004190739551956282,-0.3967607633409604,-1.6188098130266775,18,129,MRPL44;TRMT10C;MRPL49;MRPL18;CHCHD1;MTRF1L;NGRN;MRPL33;MRPS12;MRPL50;MRPL13;MRPS10;MRPL19;MRPL39;MRPL16;MRPL15;MRPL40;MRPL27;MRPL47;MRPS14;TACO1;MRPL51;MRPL35;MRPL22;MRPS17;GATC;DDX3X;MRPS23;MRPL9;MRPL57;MRPS35;GADD45GIP1;MRPL58;MRPS11;MRPL10;MRPL53;MRPS24;C1QBP;FASTKD3;MRPL28;MRPS28;MTIF3;MRPS33;MRPL36;ALKBH1;COA3;NSUN3;MRPL17,DT_vs_D,24 hours,CPT_high,DOX+TAM,DOX,2,2,vst_mean_diff,2.3777093290642655,48,0.0625
GOMF_HEAT_SHOCK_PROTEIN_BINDING,0.20880532523648254,0.26396144888385525,-0.289318231092634,-1.1650558325535776,1787,115,HSPA13;HSPA2;HSPA6;DNAJA1;FICD;DNAJB9;HSPA1A;CDC37L1;TFAM;DNAJA2;GPR37;SGTB;BAK1;DNAJC8;HSPA1B;TTC4;DNAJB1;HDAC2;HSP90AB1;DNAJB14;PTGES3;HSPA8;GBP1;GUCY1B1;AHSA1;ITGB2;BAG2;ST13;HSPA9;DNAJB2;CHORDC1;AHR;STIP1,DT_vs_D,24 hours,CPT_high,DOX+TAM,DOX,2,2,vst_mean_diff,0.5784594964618459,33,0.36363636363636365
GOMF_RNA_ENDONUCLEASE_ACTIVITY,0.46524132633465626,0.48704951350659326,-0.270841471254304,-0.9997933259261764,3633,66,MRPL44;POP4;DBR1;LACTB2;RNASEH1;PPP1R8;TMBIM6;TSNAX;ELAC1;ENDOG;POP7;RIDA;RNASEK;RPP25;RNASE4;RNASEL;ABCE1,DT_vs_D,24 hours,CPT_high,DOX+TAM,DOX,2,2,vst_mean_diff,0.31242688611671077,17,0.11764705882352941
HALLMARK_ADIPOGENESIS,4.410629617377881e-4,0.0012313007681846583,-0.3993518244950105,-1.690889236214235,3,186,GADD45A;HSPB8;CAVIN1;G3BP2;RNF11;ACAA2;SLC66A3;PRDX3;YWHAG;MGLL;DHRS7;COX8A;DNAJB9;GHITM;PTGER3;NDUFA5;COX6A1;CPT2;APOE;UQCR10;NKIRAS1;ANGPTL4;PHYH;GRPEL1;SOD1;NABP1;CMBL;ACOX1;CMPK1;SOWAHC;NDUFAB1;COX7B;LIFR;GPAM;TST;IDH3A;MRPL15;DLD;SCP2;UBC;MYLK;ECHS1;MGST3;COQ3;MDH2;DECR1;SSPN;UQCR11;JAGN1;SUCLG1;APLP2;TOB1;GPX4;RTN3;CHUK;OMD;REEP5;SDHC;UBQLN1;CCNG2;RETSAT;CAVIN2,DT_vs_D,24 hours,CPT_high,DOX+TAM,DOX,2,2,vst_mean_diff,2.9096358495802965,62,0.3064516129032258
HALLMARK_ANDROGEN_RESPONSE,0.00457721031076849,0.008070344495302337,-0.4108466406447065,-1.6134448982093814,37,95,NKX3-1;MYL12A;CCND1;NCOA4;HPGD;B2M;ALDH1A3;ZBTB10;DNAJB9;TMEM50A;AKAP12;MAF;ELL2;ADRM1;LIFR;NDRG1;IDI1;SPCS3;PA2G4;SRP19;GNAI3;IQGAP2;VAPA;PLPP1;SGK1;XRCC6;KRT8;SLC26A2;UAP1;PGM3;TSC22D1;KRT19,DT_vs_D,24 hours,CPT_high,DOX+TAM,DOX,2,2,vst_mean_diff,2.0931079263416743,32,0.40625
HALLMARK_ANGIOGENESIS,0.30552184466019416,0.35912216828478966,0.3180942555979746,1.104170758718534,1006,23,LPL;COL5A2;JAG2;PTK2;VAV2;PRG2,DT_vs_D,24 hours,CPT_high,DOX+TAM,DOX,2,2,vst_mean_diff,0.4447577854431251,6,0.16666666666666666
HALLMARK_APICAL_JUNCTION,0.5583408273381295,0.5668005368432527,-0.2307486642847433,-0.9602746882834569,4966,156,CAP1;MYL12B;YWHAH;CLDN6;CD274;ITGB1;CLDN4;NECTIN3;NEXN;FSCN1;DSC3;CLDN9;ACTB;WASL;RAC2;ACTG1;GNAI1;GNAI2;CD99;TNFRSF11B;PFN1;MYL9;ADAM9;LIMA1;ITGA2;ZYX;RRAS;VASP;CRB3;CDSN;NRTN;ARPC2;LAMC2,DT_vs_D,24 hours,CPT_high,DOX+TAM,DOX,2,2,vst_mean_diff,0.24656974708380114,33,0.3939393939393939
HALLMARK_APICAL_SURFACE,0.4167233174711081,0.4534109855826487,0.26588619627449145,1.012543208200498,1225,32,BRCA1;RTN4RL1;ATP8B1;EFNA5;EPHB4;CROCC;NCOA6;CRYBG1;SULF2;GAS1;CX3CL1;RHCG;AKAP7;SLC2A4,DT_vs_D,24 hours,CPT_high,DOX+TAM,DOX,2,2,vst_mean_diff,0.3435079616684186,14,0.2857142857142857
HALLMARK_APOPTOSIS,1.1406410402646287e-4,4.517259978425027e-4,-0.5460162084866406,-2.246955450255911,0,140,PMAIP1;ATF3;GADD45A;PEA15;CDKN1A;IER3;BTG2;CCND1;CASP3;TNFRSF12A;CCNA1;FDXR;BCL10;JUN;ANXA1;SC5D;F2R;EREG;EGR3;ENO2;HMOX1;ISG20;NEDD9;DNAJA1;EMP1;BTG3;CASP7;IL6;CLU;GADD45B;CASP1;CAV1;RHOB;IL1A;TIMP2;FAS;SOD1;TIMP1;VDAC2;DAP;IL1B;TGFBR3;BNIP3L;MCL1;PLAT;PPP3R1;CASP4;IGFBP6;DIABLO;GPX4;LMNA;PSEN1;CDKN1B;GCH1;XIAP;RNASEL;BCL2L1,DT_vs_D,24 hours,CPT_high,DOX+TAM,DOX,2,2,vst_mean_diff,3.3451249140995953,57,0.19298245614035087
HALLMARK_CHOLESTEROL_HOMEOSTASIS,0.023471200202994164,0.03657140496745603,-0.39864648202234426,-1.4858052573999068,184,69,ATF3;ANXA5;S100A11;TP53INP1;TNFRSF12A;MAL2;SC5D;ALDOC;CLU;IDI1;ACTG1;LGMN;GNAI1;NSDHL,DT_vs_D,24 hours,CPT_high,DOX+TAM,DOX,2,2,vst_mean_diff,1.4368583550053304,14,0.35714285714285715
HALLMARK_COAGULATION,1.2135922330097087e-4,4.517259978425027e-4,-0.5987508148629602,-2.331966458501372,0,90,DUSP6;DUSP14;SERPINB2;CTSO;ANXA1;SERPINE1;PLAU;MAFF;ISCU;ARF4;MMP10;GNG12;GDA;SERPINA1;CTSV;PRSS23;CLU;PEF1;RABIF;MMP7;F8;LAMP2;CTSB;RAC1;PROS1;FGG;TIMP1;WDR1;CTSH;FYN;LGMN;PLAT;APOC1;CSRP1;F3;ADAM9;ITGA2;GNB2,DT_vs_D,24 hours,CPT_high,DOX+TAM,DOX,2,2,vst_mean_diff,3.3451249140995953,38,0.2631578947368421
HALLMARK_COMPLEMENT,1.1246063877642825e-4,4.517259978425027e-4,-0.5492350947977485,-2.286452354769429,0,157,DUSP6;ANXA5;GMFB;SERPINB2;DUSP5;CALM1;CTSO;PRSS3;CASP3;PPP2CB;PDP1;CTSL;CA2;CDK5R1;SERPINE1;PIM1;MAFF;CD59;CTSS;CASP7;SERPINA1;IL6;CTSV;CLU;HSPA1A;CASP1;RABIF;TIMP2;F8;APOBEC3F;LAMP2;LIPA;CTSB;TIMP1;CD55;RHOG;FDX1;CTSH;FYN;SH2B3;LAP3;LGMN;VCPIP1;GRB2;GCA;GNB4;CXCL1;GNAI2;DGKG;EHD1;PLAT;APOC1;CSRP1;GNG2;GNAI3;PFN1;CASP4;F3;PLA2G7;ADAM9;MSRB1;GNB2;DYRK2;SIRT6;PRCP;CALM3;PSEN1;CFH,DT_vs_D,24 hours,CPT_high,DOX+TAM,DOX,2,2,vst_mean_diff,3.3451249140995953,68,0.17647058823529413
HALLMARK_DNA_REPAIR,1.1343012704174228e-4,4.517259978425027e-4,-0.43771749570050567,-1.8105413589307515,0,147,RRM2B;POLR2K;SDCBP;PCNA;GTF2B;CLP1;ARL6IP1;TAF13;SUPT4H1;TSG101;PNP;TAF9;TMED2;RALA;CETN2;EIF1B;ADRM1;DAD1;STX3;EDF1;GTF2A2;MPC2;NCBP2;DGUOK;SAC3D1;POLR2A;TAF12;POLR2C;MRPL40;AK1;SMAD5;PDE6G;GSDME;AK3;SNAPC5;POLB;POLE4;CANT1;POLR2D;RPA2;GTF2H5;RBX1;POLR2F;COX17;GPX4;XPC;ERCC4,DT_vs_D,24 hours,CPT_high,DOX+TAM,DOX,2,2,vst_mean_diff,3.3451249140995953,47,0.10638297872340426
HALLMARK_E2F_TARGETS,0.0012106537530266344,0.0026165742404124035,0.3658807886936145,2.01733062800408,0,197,PRKDC;MKI67;POLD1;CHEK2;TOP2A;BRCA1;AURKB;PAN2;POLE;MCM6;MELK;ESPL1;DLGAP5;CENPE;MYBL2;DEPDC1;RAD50;CTPS1;KIF18B;KIF4A;CDK1;HNRNPD;BRCA2;SPAG5;MRE11;TIMELESS;BUB1B;HELLS;SPC25;NASP;CDC20;WDR90;NUP205;RRM2;SMC4;SPC24;STAG1;ORC6;CIT;DIAPH3;KIF2C;SUV39H1;TRIP13;MCM7;POLA2;DNMT1;SMC6;PLK4;HMMR;NCAPD2;TCF19;LMNB1;EZH2;BIRC5;PLK1;TACC3;ILF3;CCNB2;PNN;MCM2;CDC25B;PAICS;ORC2;LUC7L3;DSCC1;PRIM2;CENPM;PSMC3IP;PSIP1;CDCA3;PDS5B;CDKN3;NUP153;KIF22;LIG1;CDCA8;MCM3;SRSF1;MXD3;ATAD2;NUP107;SHMT1,DT_vs_D,24 hours,CPT_high,DOX+TAM,DOX,2,2,vst_mean_diff,2.5822669384538286,82,0.14634146341463414
HALLMARK_EPITHELIAL_MESENCHYMAL_TRANSITION,1.127141568981064e-4,4.517259978425027e-4,-0.5066769265137342,-2.103790760250026,0,151,CCN2;NT5E;GADD45A;CXCL8;GEM;LAMA2;SGCB;DKK1;PTHLH;CCN1;SNAI2;FUCA1;TNFRSF12A;JUN;FGF2;MGP;SERPINE1;ENO2;SERPINE2;CD59;ACTA2;IL6;MAGEE1;GADD45B;NID2;ID2;RHOB;ITGB1;OXTR;FAS;FSTL1;TIMP1;CALU;SDC1;TPM4;IGFBP3;PMP22;GLIPR1;LGALS1;MATN3;MYLK;TGFBR3;INHBA;CXCL1;TNFRSF11B;AREG;DAB2;COL6A3;MYL9;SDC4;ITGA5;EMP3;CAPG;FLNA;ITGA2,DT_vs_D,24 hours,CPT_high,DOX+TAM,DOX,2,2,vst_mean_diff,3.3451249140995953,55,0.18181818181818182
HALLMARK_ESTROGEN_RESPONSE_EARLY,0.3526170798898072,0.40733352332098416,-0.25110684893471513,-1.0617285321584953,3199,181,PMAIP1;DYNLT3;SFN;KLF4;CCND1;FCMR;HSPB8;MICB;FHL2;EGR3;TUBB2B;PRSS23;RHOD;KLK10;UGCG;IL6ST;TIPARP;HES1;ZNF185;PPIF;OPN3;MYC;ENDOD1;TFAP2C;KLF10;SLC39A6;CANT1;INHBB;AREG;DLC1;PAPSS2,DT_vs_D,24 hours,CPT_high,DOX+TAM,DOX,2,2,vst_mean_diff,0.390049846250355,31,0.16129032258064516
HALLMARK_ESTROGEN_RESPONSE_LATE,0.09441917230666814,0.13179342801139093,-0.2977228999018834,-1.252618401611335,850,173,DYNLT3;SFN;KLF4;CCND1;HSPB8;MICB;CCNA1;CA2;EGR3;TSPAN13;ISG20;COX6C;BTG3;SERPINA1;PRSS23;MOCS2;PERP;PTGER3;ID2;CAV1;GJB3;UGDH;KLK10;IL6ST;CPE;GAL;CKB;PPIF;OPN3;TST;LSR;TFAP2C,DT_vs_D,24 hours,CPT_high,DOX+TAM,DOX,2,2,vst_mean_diff,0.8801062456566513,32,0.1875
HALLMARK_FATTY_ACID_METABOLISM,0.0011406410402646286,0.0026165742404124035,-0.40045262598485115,-1.6479349816736597,9,140,TP53INP2;S100A10;YWHAH;HPGD;SERINC1;HCCS;CA2;ACAA2;ENO2;MGLL;HSP90AA1;SDHD;CRYZ;UGDH;CPT2;HSD17B11;ACOX1;OSTC;ALDH9A1;HMGCL;ACSL4;IDI1;HSPH1;DLD;PTS;LGALS1;MIF;EHHADH;ECHS1;PSME1;NSDHL;MDH1;MDH2;BLVRA;GABARAPL1;DECR1;SUCLG1;CBR1;LDHA;HADHB;UROD;PDHB;SDHC;RETSAT;DLST;IDH3G;AOC3;SUCLA2;ADIPOR2;HSDL2,DT_vs_D,24 hours,CPT_high,DOX+TAM,DOX,2,2,vst_mean_diff,2.5822669384538286,50,0.24
HALLMARK_G2M_CHECKPOINT,0.0012062726176115801,0.0026165742404124035,0.41788127754432963,2.2964352185379826,0,194,MKI67;TOP2A;NDC80;POLQ;AURKB;POLE;MCM6;GINS2;UBE2C;EXO1;KNL1;ESPL1;CENPF;CENPE;MYBL2;PRC1;CDC45;KIF4A;CDK1;ATRX;NEK2;HNRNPD;KIF15;BRCA2;RAD54L;NASP;TROAP;SMARCC1;CDC20;CENPA;SMC4;CHAF1A;STAG1;ORC6;BUB1;TTK;KIF2C;SUV39H1;UCK2;NUMA1;POLA2;TPX2;PLK4;HMMR;CDC6;EFNA5;WRN;LMNB1;NSD2;KIF11;EZH2;BIRC5;E2F2;INCENP;KIF20B;PLK1;CCNA2;TACC3;ILF3;E2F4;CCNB2;STIL;SMC2;MCM2;CDC25B;KIF23;FOXN3;PRIM2;FANCC;ODF2;PDS5B;DBF4;CDKN3;KIF22;MAP3K20;ABL1;RBL1;MCM3;SRSF1;PBK;SAP30;CDC7;SLC7A5;E2F1;DTYMK;CCNF;NUP98;NOTCH2;SLC7A1;NUSAP1;MT2A;MTF2;CDC25A;MNAT1;TENT4A;SMC1A;CDKN2C;RASAL2;DMD;DDX39A;MAD2L1;ARID4A;MEIS2;HMGA1;RPS6KA5;CUL4A;TRAIP;EWSR1;TNPO2;DKC1;MCM5;CUL1;SNRPD1,DT_vs_D,24 hours,CPT_high,DOX+TAM,DOX,2,2,vst_mean_diff,2.5822669384538286,113,0.17699115044247787
HALLMARK_GLYCOLYSIS,0.017365335692954318,0.028654870717043843,-0.33427346130203145,-1.4088557965891415,156,175,NT5E;STC1;ARPP19;GPR87;IER3;TGFA;LHX9;PPP2CB;ENO2;TXN;ISG20;CITED2;DSC2;GLRX;ANGPTL4;SRD5A3;SOD1;PGAM1;UGP2;CLDN9;ALDH9A1;IRS2;SDC1;PPIA;IGFBP3;DLD;MIF;NANP;AK3;PKM;NSDHL;MDH1;PSMC4;SOX9;MDH2;TPI1;B4GALT4;CHST6;EGLN3;ERO1A;FAM162A;COPB2;PRPS1;LDHA;IL13RA1;STC2;SDHC;TGFBI;HAX1;GFPT1,DT_vs_D,24 hours,CPT_high,DOX+TAM,DOX,2,2,vst_mean_diff,1.5428015466199858,50,0.4
HALLMARK_HEDGEHOG_SIGNALING,0.37236962488563585,0.4228604214802984,0.2964488737393981,1.043662781487725,1220,24,NF1;SCG2;OPHN1;CELSR1;NRP2;RASA1;MYH9;AMOT;ADGRG1;PTCH1,DT_vs_D,24 hours,CPT_high,DOX+TAM,DOX,2,2,vst_mean_diff,0.37380296166580046,10,0.5
HALLMARK_HEME_METABOLISM,0.0024638817336767836,0.00458555767100957,-0.37859930262091945,-1.581629968158462,21,162,MOSPD1;TENT5C;SDCBP;BTG2;SLC30A1;NCOA4;BPGM;ARL2BP;TMEM9B;YPEL5;CA2;ATG4A;NUDT4;GDE1;DCUN1D1;HTATIP2;NEK7;ADIPOR1;ELL2;LAMP2;HEBP1;CTSB;TSPAN5;GLRX5;SLC10A3;ENDOD1;ALDH6A1;MGST3;XK;BNIP3L;FECH;NFE2;BLVRA;SLC22A4;EPOR;MINPP1;LMO2;GCLM;VEZF1;TOP1;MKRN1;ISCA1;UROD;PSMD9;ALDH1L1;ANK1;ABCG2;SMOX;BACH1,DT_vs_D,24 hours,CPT_high,DOX+TAM,DOX,2,2,vst_mean_diff,2.338607840208913,49,0.16326530612244897
HALLMARK_HYPOXIA,1.1079104808331487e-4,4.517259978425027e-4,-0.4920219754996704,-2.071754673399313,0,174,ATF3;CCN2;PGF;CDKN1A;STC1;CCN1;IER3;CSRP2;CAVIN1;HS3ST1;JUN;KIF5A;IDS;SERPINE1;CAVIN3;NOCT;PIM1;MAFF;ENO2;PRDX5;HMOX1;ISG20;CITED2;ALDOC;STBD1;ADM;IL6;AKAP12;PPP1R15A;CAV1;ETS1;GLRX;ANGPTL4;BTG1;TIPARP;UGP2;PYGM;IRS2;NDRG1;IGFBP3;MIF;TES;BNIP3L;AMPD3;KLF6;TPI1;GAPDH;F3;SDC4;ANXA2;ERO1A;FAM162A,DT_vs_D,24 hours,CPT_high,DOX+TAM,DOX,2,2,vst_mean_diff,3.3451249140995953,52,0.23076923076923078
HALLMARK_IL2_STAT5_SIGNALING,1.1272686281140796e-4,4.517259978425027e-4,-0.4428651242399049,-1.8375728655156847,0,150,IL1RL1;NT5E;SPRY4;SOCS2;PHLDA1;SOCS1;GLIPR2;PRNP;IL1R2;CASP3;CA2;IRF6;PIM1;MAFF;AMACR;TWSG1;ADAM19;SMPDL3A;PNP;EMP1;IL18R1;GADD45B;RHOB;TNFRSF21;SH3BGRL2;MXD1;LRRC8C;CD83;ANXA4;NDRG1;GBP4;MYC;SNX9;GSTO1;SWAP70;KLF6;ETV4;CAPG;WLS;GABARAPL1;PLPP1;GPX4;TGM2;PRAF2;CDCP1;GUCY1B1,DT_vs_D,24 hours,CPT_high,DOX+TAM,DOX,2,2,vst_mean_diff,3.3451249140995953,46,0.13043478260869565
HALLMARK_IL6_JAK_STAT3_SIGNALING,5.136766405547708e-4,0.0013766533966867859,-0.49287155515800624,-1.8056280870592052,3,62,SOCS1;IL1R2;TNFRSF12A;JUN;PIM1;HMOX1;IL18R1;CXCL3;IL6;IL6ST;FAS;MYD88;TNFRSF21;BAK1;GRB2;IL1B;STAM2;CXCL1;SOCS3,DT_vs_D,24 hours,CPT_high,DOX+TAM,DOX,2,2,vst_mean_diff,2.861175389339397,19,0.05263157894736842
HALLMARK_INFLAMMATORY_RESPONSE,1.1442956860052638e-4,4.517259978425027e-4,-0.47105615285279906,-1.9317578446852461,0,135,HBEGF;HAS2;CXCL8;CDKN1A;BTG2;EDN1;PTAFR;SLC31A2;PTGER4;CCL20;SERPINE1;EREG;HRH1;SPHK1;SGMS2;IL18R1;ADM;IL6;AXL;IL1A;ADRM1;NMI;MXD1;TIMP1;SELENOS;CD55;RHOG;MYC;IL1B;INHBA;KLF6;CCL22;RTP4;NAMPT;GNAI3;F3;PTPRE;ITGA5;EMP3;LTA;TLR3;RIPK2;CSF3;IL1R1;PSEN1;TNFSF15;GCH1;SLC31A1,DT_vs_D,24 hours,CPT_high,DOX+TAM,DOX,2,2,vst_mean_diff,3.3451249140995953,48,0.0625
HALLMARK_INTERFERON_ALPHA_RESPONSE,0.001817300702689605,0.0036896711236425314,-0.4307350714338997,-1.6810251053804515,14,91,SAMD9;TENT5A;TRIM21;OASL;B2M;SAMD9L;IFIT3;ISG20;IFI27;CASP1;RSAD2;PROCR;NMI;ISG15;GBP4;LAP3;PSME1;RTP4;PSMA3;OAS1;PARP9;TDRD7;HLA-C;IFIT2;RIPK2;IFI30,DT_vs_D,24 hours,CPT_high,DOX+TAM,DOX,2,2,vst_mean_diff,2.433012342662777,26,0.07692307692307693
HALLMARK_INTERFERON_GAMMA_RESPONSE,1.1196954428395476e-4,4.517259978425027e-4,-0.43034361213264655,-1.7994315619307046,0,164,CDKN1A;SOCS1;TRIM21;CASP3;ISOC1;BPGM;PTGS2;OASL;B2M;SAMD9L;CD274;EIF4E3;PIM1;SLAMF7;IFIT3;ISG20;PNP;CASP7;GBP6;IL6;IFI27;PSMA2;CASP1;RSAD2;PELI1;FAS;MYD88;BTG1;NMI;ISG15;APOL6;UPP1;GBP4;LAP3;OAS2;IDO1;SOCS3;PSME1;TOR1B;RTP4;NAMPT;PSMA3;CASP4;LYSMD2;TDRD7;SSPN;VAMP8;IFIT2;RIPK2;IFI30,DT_vs_D,24 hours,CPT_high,DOX+TAM,DOX,2,2,vst_mean_diff,3.3451249140995953,50,0.06
HALLMARK_KRAS_SIGNALING_DN,0.3921244989389295,0.4378723571484713,-0.2612970797816614,-1.0444211478205325,3325,109,TENT5C;SERPINB2;BTG2;EDN1;HTR1D;CCNA1;LYPD3;KLK7;NR4A2;RSAD2;SPRR3;SYNPO;GDNF;GPR3;ABCB11,DT_vs_D,24 hours,CPT_high,DOX+TAM,DOX,2,2,vst_mean_diff,0.35865247092300756,15,0.06666666666666667
HALLMARK_KRAS_SIGNALING_UP,1.1343012704174228e-4,4.517259978425027e-4,-0.49225553491876556,-2.0361283565023744,0,147,HBEGF;DUSP6;ETV5;F2RL1;MALL;KLF4;PRELID3B;FUCA1;MMD;PRDM1;BPGM;PTGS2;ETV1;CCL20;CA2;BTC;PLAU;EREG;ALDH1A3;TSPAN13;MMP10;YRDC;CTSS;EMP1;PDCD1LG2;AKAP12;PPP1R15A;ID2;WNT7A;ITGBL1;ETS1;GLRX;FGF9;ANGPTL4;SLPI;CPE;TMEM158;SPRY2;TRIB1;IGFBP3;PCSK1N;IL1B;INHBA;PLEK2;PLAT;ETV4;SOX9;CROT;ITGA2;ERO1A;APOD;USP12;CDADC1;LCP1;CFH;ITGB2;TSPAN1;AMMECR1;IL7R;TOR1AIP2,DT_vs_D,24 hours,CPT_high,DOX+TAM,DOX,2,2,vst_mean_diff,3.3451249140995953,60,0.15
HALLMARK_MITOTIC_SPINDLE,0.0012048192771084338,0.0026165742404124035,0.41641369543656703,2.3003333856653545,0,198,RAPGEF5;ARAP3;DOCK4;MYH10;SORBS2;TOP2A;KNTC1;NDC80;PCNT;CDK5RAP2;ESPL1;CENPF;DLGAP5;CENPE;TRIO;RAPGEF6;PRC1;KIF4A;CDK1;NEK2;KIF15;BRCA2;AKAP13;CDC42BPA;SASS6;NF1;CEP72;KATNB1;DST;CNTRL;OPHN1;SMC4;CENPJ;BUB1;EPB41;CEP192;ARFGEF1;TTK;KIF2C;ANLN;NUMA1;TPX2;TIAM1;DLG1;FARP1;TBCD;CLASP1;LMNB1;TUBGCP5;ARHGEF7;DYNC1H1;KIF11;BIRC5;INCENP;RASA1;ATG4B;KIF20B;PLK1;SPTBN1;RABGAP1;BCR;CCNB2;SOS1;TUBD1;TUBGCP6;KIF23;FLNB;PIF1;ALMS1;FGD4;TSC1;HDAC6;LRPPRC;SEPTIN9;TUBGCP3;CEP131;CEP250;MYO1E;MYH9;KIF22;CKAP5;ABL1;PCM1;SSH2;ARHGAP10;MYO9B;SHROOM1;RASA2;ITSN1;ARHGEF11;EPB41L2;CNTROB;NOTCH2,DT_vs_D,24 hours,CPT_high,DOX+TAM,DOX,2,2,vst_mean_diff,2.5822669384538286,93,0.20430107526881722
HALLMARK_MTORC1_SIGNALING,1.096371011950444e-4,4.517259978425027e-4,-0.4086333304452038,-1.7363350284511418,0,191,CDKN1A;STC1;ATP6V1D;BTG2;UFM1;FDXR;SC5D;MLLT11;PRDX1;CCNG1;RAB1A;PSMC2;YKT6;ACTR2;PNP;PPP1R15A;TUBA4A;ARPC5L;GLRX;PNO1;PSMA4;DAPP1;PSMD12;BCAT1;PPIA;IDI1;SERP1;ACTR3;PSME3;CCT6A;LGMN;TES;UBE2D3;CACYBP;RIT1;CYB5B;PSMC4;NAMPT;PSMA3;M6PR;TPI1;GAPDH;PPA1;EIF2S2;EGLN3;ERO1A;IFI30;PSMD14;LDHA;HSPE1;PSAT1;PSMC6;ITGB2;NFKBIB;HSPA9;SSR1;SEC11A;PSMB5;PDAP1;SLC1A4;TXNRD1;STIP1;PGK1,DT_vs_D,24 hours,CPT_high,DOX+TAM,DOX,2,2,vst_mean_diff,3.3451249140995953,63,0.42857142857142855
HALLMARK_MYC_TARGETS_V1,4.3663355528872393e-4,0.0012313007681846583,-0.39445543778875647,-1.679677950501608,3,195,PCNA;GLO1;VBP1;POLE3;SNRPB2;EIF2S1;PRDX3;EIF1AX;ILF2;PSMD7;PSMB3;PSMA2;AIMP2;UBE2L3;SET;PSMA4;YWHAQ;ERH;SNRPG;YWHAE;RAN;NDUFAB1;PRDX4;EIF4E;PPIA;PSMA6;MYC;AP3S1;PA2G4;NCBP2;CCT4;SLC25A3;HDAC2;HSP90AB1;VDAC3;UBE2E1;EIF4H;MRPL9;CCT5;PSMC4;PCBP1;DDX21;VDAC1;EIF4G2;PTGES3;EIF2S2;PSMA7;SSB;HNRNPC;RAD23B;TOMM70;PSMD8;RPL6;USP1;PSMD14;SNRPD2;XRCC6;LDHA;SNRPD3;HSPE1;PSMC6;C1QBP;RPS10;ABCE1;STARD7;PSMA1;CCT7;CNBP;PGK1;TRA2B;PRPS2;NME1;TXNL4A;GOT2;ACP1;TCP1;ETF1;CCT2;PSMB2;RPL22;KPNA2;TARDBP;RPS5,DT_vs_D,24 hours,CPT_high,DOX+TAM,DOX,2,2,vst_mean_diff,2.9096358495802965,83,0.6265060240963856
HALLMARK_MYC_TARGETS_V2,0.15435067774376912,0.19887491170831792,0.2718982054773119,1.1930245039553633,352,57,DUSP2;SLC29A2;MYBBP1A;SORD;TCOF1;PLK4;PLK1;SLC19A1;LAS1L;PRMT3;RRP12;MAP3K6;UTP20;PPRC1,DT_vs_D,24 hours,CPT_high,DOX+TAM,DOX,2,2,vst_mean_diff,0.7014200001528986,14,0.21428571428571427
HALLMARK_NOTCH_SIGNALING,0.4195743448675257,0.4534109855826487,-0.33055204770542074,-1.031601474774038,2897,28,CCND1;SKP1;FZD1;FZD7;PPARD;HES1,DT_vs_D,24 hours,CPT_high,DOX+TAM,DOX,2,2,vst_mean_diff,0.3435079616684186,6,0.3333333333333333
HALLMARK_OXIDATIVE_PHOSPHORYLATION,1.0873110796999022e-4,4.517259978425027e-4,-0.5756708420045892,-2.4574013838055526,0,200,ATP6V1D;ATP6V1G1;ATP6V1E1;NDUFA4;ATP6V0E1;CYCS;PDP1;HCCS;NDUFC2;ACAA2;OAT;ATP6V1F;COX7A2L;COX7A2;PRDX3;ISCU;NDUFA6;COX6C;CASP7;COX8A;UQCRFS1;NDUFA2;SDHD;ATP5F1E;TIMM17A;NDUFA5;COX6A1;SLC25A4;ATP5MF;UQCR10;ATP6V0C;COX6B1;ATP5PD;ATP6V1C1;NDUFB4;PHYH;GRPEL1;ALAS1;TIMM8B;ATP5PF;ATP5MG;MRPS12;NDUFB6;UQCRB;GLUD1;NDUFAB1;VDAC2;COX7B;NDUFA8;COX4I1;NDUFC1;FDX1;IDH3A;MRPL15;DLD;SLC25A3;MRPL35;NDUFB5;ALDH6A1;NDUFB3;NDUFA7;ECHS1;MGST3;VDAC3;COX7C;MDH1;ATP5F1B;MDH2;UQCRH;VDAC1;MPC1;ATP6V0B;DECR1;UQCR11;MRPS11;SUCLG1;POLR2F;TOMM70;CYB5R3;TOMM22;COX17;GPX4;TIMM10;PDK4;ATP5PB;NDUFA1;LDHA;ISCA1;HADHB;NDUFS4;NDUFV2;BDH2;PDHB;HSPA9;SDHC;RETSAT;DLST;COX5B,DT_vs_D,24 hours,CPT_high,DOX+TAM,DOX,2,2,vst_mean_diff,3.3451249140995953,98,0.336734693877551
HALLMARK_P53_PATHWAY,1.096371011950444e-4,4.517259978425027e-4,-0.5828956948110289,-2.4767979932793933,0,191,ATF3;HBEGF;TRIAP1;GADD45A;CDKN1A;TM4SF1;IER3;S100A10;SOCS1;PCNA;SFN;KLF4;BTG2;TGFA;SERPINB5;FUCA1;ZNF365;FDXR;JUN;NHLH2;KRT17;F2R;IER5;CDK5R1;CCNG1;RAP2B;HMOX1;EI24;RPS27L;ZMAT3;ISCU;CGRRF1;CLCA2;SPHK1;SESN1;GM2A;NUDT15;TAX1BP3;RRAD;AEN;PERP;HEXIM1;CASP1;PPP1R15A;PROCR;DRAM1;IL1A;PPM1D;PHLDA3;FAS;BTG1;PRKAB1;MXD1;GLS2;UPP1;BAK1;SDC1;FBXW7;CDKN2AIP;RPS12;CSRNP2;NDRG1;RNF19B;SLC35D1;HINT1;AK1;OSGIN1;INHBB;MDM2;RPL36;ABHD4;PDGFA;PTPRE;DNTTIP2;EPHA2;VAMP8;NINJ1,DT_vs_D,24 hours,CPT_high,DOX+TAM,DOX,2,2,vst_mean_diff,3.3451249140995953,77,0.19480519480519481
HALLMARK_PANCREAS_BETA_CELLS,0.0746574263663569,0.10874016449012854,-0.536118035609742,-1.45290203699046,473,15,SRP14;SRP9;STXBP1;LMO2;ISL1;SEC11A;MAFB;SPCS1,DT_vs_D,24 hours,CPT_high,DOX+TAM,DOX,2,2,vst_mean_diff,0.9636100143810147,8,0.375
HALLMARK_PEROXISOME,0.2661555312157722,0.32422582893557705,-0.2919667122343247,-1.131657960633355,2186,87,ISOC1;YWHAH;BCL10;PRDX1;PRDX5;SLC25A4;HSD17B11;SOD1;ACOX1;ALDH9A1;HMGCL;ACSL4;IDI1;CDK7;SCP2;EHHADH,DT_vs_D,24 hours,CPT_high,DOX+TAM,DOX,2,2,vst_mean_diff,0.4891523907294041,16,0.25
HALLMARK_PI3K_AKT_MTOR_SIGNALING,0.03937484855827478,0.058624774520098004,-0.3625564465686425,-1.4149451233922625,324,91,CDKN1A;SFN;ACTR2;ARPC3;CFL1;DAPP1;MYD88;DUSP3;ARF1;YWHAB;PPP1CA;RAC1;EIF4E;UBE2N;RALB;ACTR3;GRB2;UBE2D3;CAB39;RIT1;ARHGDIA;PFN1;MAPK1;CLTC;AP2M1;CDKN1B;NFKBIB;PRKAG1,DT_vs_D,24 hours,CPT_high,DOX+TAM,DOX,2,2,vst_mean_diff,1.23191881463704,28,0.5714285714285714
HALLMARK_PROTEIN_SECRETION,1.2045290291496025e-4,4.517259978425027e-4,-0.5405243431173481,-2.122705061898865,0,95,VAMP3;CAV2;RAB22A;ARCN1;CD63;TSG101;YKT6;TMED2;VAMP7;SEC22B;YIPF6;CLTA;RAB2A;RAB9A;SOD1;ARF1;LAMP2;NAPG;GNAS;RAB14;BNIP3;SCRN1;RAB5A;AP3S1;TMX1;ARFGAP3;SCAMP3;VAMP4;M6PR;BET1;SNAP23;AP2S1;SSPN;CLN5;SNX2;GALC;STAM;RER1;MAPK1;CLTC;STX12;AP2M1;COPB2;ARFIP1;COPE;VPS4B;PPT1,DT_vs_D,24 hours,CPT_high,DOX+TAM,DOX,2,2,vst_mean_diff,3.3451249140995953,47,0.3617021276595745
HALLMARK_REACTIVE_OXYGEN_SPECIES_PATHWAY,5.373455131649651e-4,0.0013846980531558718,-0.535811720807123,-1.8613982354024947,3,46,PRNP;PRDX1;CDKN2D;TXN;NDUFA6;MGST1;LAMTOR5;HMOX2;GLRX;NDUFB4;SOD1;PRDX4;SELENOS;NQO1;FTL;GCLM;GPX4;SRXN1;JUNB;TXNRD1;PRDX6;GLRX2;OXSR1;LSP1;G6PD,DT_vs_D,24 hours,CPT_high,DOX+TAM,DOX,2,2,vst_mean_diff,2.8586449184007585,25,0.48
HALLMARK_TGF_BETA_SIGNALING,0.26531685511438335,0.32422582893557705,-0.31984339935958733,-1.140800133636515,2017,53,SERPINE1;TGFBR1;PPP1R15A;RHOA;ID2;PPP1CA;NOG;FKBP1A;UBE2D3;KLF10;RAB31;PPM1A;XIAP;HDAC1;JUNB,DT_vs_D,24 hours,CPT_high,DOX+TAM,DOX,2,2,vst_mean_diff,0.4891523907294041,15,0.26666666666666666
HALLMARK_TNFA_SIGNALING_VIA_NFKB,1.1008366358432408e-4,4.517259978425027e-4,-0.605904959118099,-2.564594663343362,0,183,ATF3;HBEGF;FOSL1;GADD45A;PHLDA2;TUBB2A;GEM;CDKN1A;PHLDA1;FOSB;CCN1;SERPINB2;IER3;F2RL1;SERPINB8;DUSP5;KLF4;BTG2;EDN1;CCND1;CLCF1;PTGS2;JUN;IER5;PANX1;PTGER4;CCL20;SERPINE1;PLAU;EGR3;MAFF;ZBTB10;YRDC;NR4A2;BCL2A1;SPHK1;BTG3;CXCL3;NR4A3;IL6;GADD45B;PPP1R15A;ID2;RHOB;DRAM1;IL1A;IL6ST;BTG1;ETS2;DUSP4;EIF1;TIPARP;MXD1;HES1;CD83;IER2;IRS2;DNAJB4;TRIB1;MYC;RNF19B;SPSB1;IL1B;KLF2;INHBA;CXCL1;KLF10;KLF6;MCL1;SOCS3;EHD1;EGR1;AREG;NAMPT;F3;PTPRE;SDC4;SNN;RCAN1,DT_vs_D,24 hours,CPT_high,DOX+TAM,DOX,2,2,vst_mean_diff,3.3451249140995953,79,0.10126582278481013
HALLMARK_UNFOLDED_PROTEIN_RESPONSE,0.031360946745562134,0.047754168908015066,-0.3564594109055182,-1.420967333539077,264,107,ATF3;TUBB2A;YWHAZ;POP4;EIF2S1;EIF4A3;DNAJB9;LSM1;BAG3;CEBPG;NABP1;EIF4E;SERP1;BANF1;SPCS3;CHAC1;PAIP1;KIF5B;ATP6V0D1;YIF1A;ERO1A;PSAT1;HSPA9;RPS14;IMP3;STC2;NFYA;SSR1;SEC11A;SPCS1,DT_vs_D,24 hours,CPT_high,DOX+TAM,DOX,2,2,vst_mean_diff,1.3209887087982455,30,0.3333333333333333
HALLMARK_UV_RESPONSE_DN,0.09185959671396565,0.13094878680501487,0.23336116533137286,1.204265886681751,122,128,SIPA1L1;PRKAR2B;COL5A2;PLCB4;PTPRM;MAP2K5;ADGRL2;ABCC1;ATRX;CDC42BPA;CDON;INPP4B;PRKCE;VAV2;NFIB;APBB2;ICA1;DBP;GRK5;LTBP1;TOGARAM1;DLG1;BCKDHB;ARHGEF9;IGF1R;PHF3;CDK13;RXRA;ID1;ZMIZ1;PRKCA;SCAF8;MTA1;MGMT;ATXN1;RASA2;ERBB2;PEX14;RBPMS;NOTCH2;NIPBL;SLC7A1;BMPR1A;NFKB1;ADD3;CAP2;TENT4A;PPARG;ATP2B1;SYNJ2;KCNMA1,DT_vs_D,24 hours,CPT_high,DOX+TAM,DOX,2,2,vst_mean_diff,0.882898520807502,51,0.27450980392156865
HALLMARK_UV_RESPONSE_UP,1.1442956860052638e-4,4.517259978425027e-4,-0.5535269867433343,-2.2699631294712397,0,135,ATF3;FOSB;BTG2;CASP3;PPP1R2;POLE3;HSPA13;HSPA2;CA2;ATP6V1F;ENO2;HMOX1;YKT6;EIF5;DNAJA1;BTG3;IL6;CTSV;CLTB;RRAD;NKX2-5;TUBA4A;NAT1;RHOB;SLC25A4;ATP6V1C1;CEBPG;IL6ST;GRPEL1;GGH;CREG1;ALAS1;BTG1;PRKACA;GAL;BAK1;TMBIM6;PPIF;TST;DNAJB1;PSMC3;CYB5B;NUP58;CDC5L;HTR7;DDX21,DT_vs_D,24 hours,CPT_high,DOX+TAM,DOX,2,2,vst_mean_diff,3.3451249140995953,46,0.17391304347826086
HALLMARK_WNT_BETA_CATENIN_SIGNALING,0.45104401805869077,0.4796817334909886,-0.31173772021853835,-1.009136921268761,3196,33,DKK1;FZD1;HEY1;PPARD;MYC;HDAC2;GNAI1,DT_vs_D,24 hours,CPT_high,DOX+TAM,DOX,2,2,vst_mean_diff,0.31904681936006163,7,0.2857142857142857
HALLMARK_XENOBIOTIC_METABOLISM,0.004500450045004501,0.008070344495302337,-0.3685890001303094,-1.532058991244304,39,153,SERTAD1;ARPP19;CA2;SERPINE1;AOX1;HMOX1;FETUB;HES6;DHRS7;ID2;UGDH;PGRMC1;APOE;ABHD6;FAS;ALAS1;ETS2;ACOX1;PPARD;PROS1;ALDH9A1;ADH5;BCAT1;UPP1;TMBIM6;SAR1B;NQO1;SSR3;SLC35D1;GSTO1;PTS;PAPSS2;PTGES3;CROT;GABARAPL1;EPHA2;NINJ1;SLC12A4;CBR1;PDK4;IL1R1,DT_vs_D,24 hours,CPT_high,DOX+TAM,DOX,2,2,vst_mean_diff,2.0931079263416743,41,0.12195121951219512
PID_MYC_ACTIV_PATHWAY,0.01753507014028056,0.028654870717043843,-0.4009744924041023,-1.5143552856835816,139,74,PMAIP1;FOSL1;EIF2S1;PIM1;PRDX3;TAF9;HSP90AA1;ID2;BMI1;PDCD10;SERPINI1;BCAT1;EIF4E;GPAM;MYC;TAF12,DT_vs_D,24 hours,CPT_high,DOX+TAM,DOX,2,2,vst_mean_diff,1.5428015466199858,16,0.25
REACTOME_ACTIVATION_OF_ATR_IN_RESPONSE_TO_REPLICATION_STRESS,3.6075036075036075e-4,0.0011286428210455389,0.5241327175512751,2.071828051721037,0,37,MCM10;MCM6;ORC1;CDC45;CDC25C;RAD9A;ORC6;ATR;MCM7;CDC6;MCM8;MCM2;ORC2;DBF4;MCM3;CDC7;ORC3;MCM4;CDC25A;RFC4,DT_vs_D,24 hours,CPT_high,DOX+TAM,DOX,2,2,vst_mean_diff,2.94744347649111,20,0
REACTOME_CELL_CYCLE_CHECKPOINTS,0.0015923566878980893,0.0033339968152866243,0.2451315715178111,1.3788311787530763,0,241,CHEK2;BRIP1;CENPT;CENPH;KNTC1;BLM;NDC80;BRCA1;AURKB;MCM10;HERC2;ATM;MCM6;UBE2C;CENPP;EXO1;KNL1;CENPF;CENPE;ORC1;RAD50;ANAPC1;CENPK;CDC45;CDK1;CDC25C;MRE11;DNA2;SGO2;RAD9A;BUB1B;COP1;SPC25;KIF18A;UIMC1;CDC20;CENPA;SPC24;ORC6;BUB1;KIF2C;ATR;MCM7;CDC6;WRN;CLASP1;MDM4;NSD2;DYNC1H1;SGO1;NUF2;TOPBP1;MCM8;GTSE1;BIRC5;MAD1L1;CLASP2;INCENP;ZWINT;PLK1;CCNA2;PKMYT1;CCNB2;MCM2;ANAPC5;AHCTF1;ORC2;CENPM;CCNB1,DT_vs_D,24 hours,CPT_high,DOX+TAM,DOX,2,2,vst_mean_diff,2.4770348193562755,69,0.11594202898550725
REACTOME_GLUCOSE_METABOLISM,0.4857904085257549,0.5007378057111627,-0.26471154775905537,-0.9866130195345003,3828,69,BPGM;PPP2CB;ENO2;ALDOC;GNPDA2;PPP2CA;PGAM1;PRKACA;NUP50;PGM2L1;PKM;NUP58;TPI1;GAPDH,DT_vs_D,24 hours,CPT_high,DOX+TAM,DOX,2,2,vst_mean_diff,0.30038961812392584,14,0.42857142857142855
REACTOME_MITOCHONDRIAL_TRANSLATION,2.414875633904854e-4,8.08983337358126e-4,-0.4807348874864875,-1.8821983682731438,1,93,MRPL44;MRPL49;MRPL18;CHCHD1;MTRF1L;MRPL33;MRPS12;MRPL50;MRPL13;MRPS10;MRPL19;MRPL39;MRPL16;MRPL15;MRPL40;MRPL27;MRPL47;MRPS14;MRPL51;MRPL35;MRPL22;MRPS17;MRPS23;MRPL9;MRPL57;MRPS35;GADD45GIP1;MRPL58;MRPS11;MRPL10;MRPL53;MRPS24;MRPL28;MRPS28;MTIF3;MRPS33;MRPL36;MRPL17;MRPS18C,DT_vs_D,24 hours,CPT_high,DOX+TAM,DOX,2,2,vst_mean_diff,3.092060423465533,39,0.02564102564102564
REACTOME_MRNA_SPLICING,0.0020544982698961936,0.0040485701200895586,-0.361006022977945,-1.5473608714896225,18,210,POLR2K;MFAP1;SAP18;HNRNPH2;SNRPB2;SDE2;FAM32A;SLU7;SNRNP27;BUD31;SF3B4;SNIP1;EIF4A3;UBL5;BCAS2;POLR2L;RBM8A;SF3B6;C9orf78;SF3B5;RBM7;SYF2;SNRPC;ZMAT2;SNRPG;CRNKL1;PPIL1;LSM3;PPP1R8;PHF5A;RBM42;PLRG1;RBM22;DNAJC8;NCBP2;POLR2A;POLR2C;SNU13;SNRPE;RNF113A;CDC5L;SMNDC1;PCBP1;ZCRB1;WBP4;TFIP11;POLR2D;HSPA8;SMU1;HNRNPC;HTATSF1;POLR2F;SRSF8;ZMAT5;SNRPD2;SNRPD3;RBMX2;ISY1;YBX1;NKAP;MAGOH;CWC15,DT_vs_D,24 hours,CPT_high,DOX+TAM,DOX,2,2,vst_mean_diff,2.3926983344650536,62,0.0967741935483871
WP_ADIPOGENESIS,0.14533159330881482,0.19092581866059985,-0.30990622336454776,-1.2313526375002344,1224,104,GADD45A;CDKN1A;SOCS1;SERPINE1;ZMPSTE24;BMP4;IL6;FZD1;GADD45B;IL6ST;FAS;CISD1;PPARD;LIFR;IRS2;MIF;KLF6;SOCS3;NAMPT,DT_vs_D,24 hours,CPT_high,DOX+TAM,DOX,2,2,vst_mean_diff,0.7191353385333049,19,0.15789473684210525
WP_AMINO_ACID_METABOLISM,0.7638924130931236,0.7638924130931236,-0.2208081487545627,-0.8229795648312809,6020,69,OAT;ADH5;BCAT1;GLUD1;HMGCL;DLD;EHHADH;PKM;MDH1;MDH2;SUCLG1;GCLM;PDK4;LDHA;DLST;AOC3;ARG2;GOT2;IDH1;ACADM;GOT1;TPH1;MMUT;FH;HIBADH;ODC1;HNMT;P4HA2;SMS;GLS,DT_vs_D,24 hours,CPT_high,DOX+TAM,DOX,2,2,vst_mean_diff,0.11696780332243625,30,0.43333333333333335
WP_APOPTOSIS,0.0075663607045398165,0.012998619671901735,-0.4159662569594653,-1.5860449516643156,60,78,PMAIP1;CYCS;CASP3;JUN;IRF6;CASP7;CASP1;FAS;TNFRSF21;BAK1;FADD;MYC;BNIP3L;MCL1;MDM2;CASP4;TP73;LTA;NFKBIE;DIABLO;XIAP;MAP2K4;CHUK;NFKBIB;BCL2L1;BBC3,DT_vs_D,24 hours,CPT_high,DOX+TAM,DOX,2,2,vst_mean_diff,1.886102763131938,26,0.15384615384615385
WP_APOPTOSIS_MODULATION_AND_SIGNALING,3.705991352686844e-4,0.0011286428210455389,-0.4954992071471346,-1.899170492711641,2,81,PMAIP1;PEA15;TNFRSF10D;IL1R2;CYCS;CASP3;TNFRSF10C;JUN;BCL2A1;CASP7;CAPNS1;HSPA1A;CASP1;BAG3;FAS;MYD88;BAK1;BNIP3;TNFRSF10A;FADD;TOLLIP;ENDOG;TRAF6;MCL1;CASP4;AIFM2;DIABLO;IL1R1;XIAP;BCL2L1;BBC3,DT_vs_D,24 hours,CPT_high,DOX+TAM,DOX,2,2,vst_mean_diff,2.94744347649111,31,0.12903225806451613
WP_CELL_CYCLE,0.29732570360854843,0.35572896681737043,-0.27336619500590653,-1.1008185647749134,2545,115,GADD45A;CDKN1A;PCNA;SFN;CCND1;YWHAH;CCNA1;YWHAZ;ANAPC13;CDKN2D;YWHAG;SKP1;GADD45B;YWHAQ;YWHAE;YWHAB,DT_vs_D,24 hours,CPT_high,DOX+TAM,DOX,2,2,vst_mean_diff,0.44888076900951956,16,0.5
WP_DNA_REPLICATION,7.564296520423601e-4,0.001877066173586597,0.4648149647240378,1.9013636569847467,1,42,POLD1;PRIM1;CDT1;MCM10;POLE;MCM6;ORC1;POLA1;RPA4;CDC45;ORC6;MCM7;POLA2;CDC6;POLE2;MCM2;ORC2;PRIM2;DBF4;MCM3;CDC7;ORC3,DT_vs_D,24 hours,CPT_high,DOX+TAM,DOX,2,2,vst_mean_diff,2.7265204166077823,22,0
WP_ELECTRON_TRANSPORT_CHAIN_OXPHOS_SYSTEM_IN_MITOCHONDRIA,1.1879306248515087e-4,4.517259978425027e-4,-0.656147016443608,-2.6044754706244997,0,103,MT-ND3;MT-CO2;MT-ND4;MT-ND4L;MT-ATP6;MT-ND2;NDUFA4;MT-CYB;MT-ND1;MT-CO3;MT-ATP8;MT-CO1;MT-ND5;NDUFC2;NDUFA12;COX7A2L;COX7A2;NDUFA6;COX6C;COX8A;UQCRFS1;NDUFA2;SDHD;ATP5F1E;NDUFA5;COX6A1;SLC25A4;ATP5MF;UQCR10;COX6B1;ATP5PD;NDUFB4;ATP5PF;ATP5MG;NDUFB6;UQCRB;NDUFS5;NDUFAB1;COX7B;NDUFA8;MT-ND6;COX4I1;NDUFC1;NDUFA13;NDUFB5;NDUFB3;NDUFA7;COX7C;ATP5F1B;UQCRH,DT_vs_D,24 hours,CPT_high,DOX+TAM,DOX,2,2,vst_mean_diff,3.3451249140995953,50,0.52
WP_PROTEASOME_DEGRADATION,1.2961762799740766e-4,4.5707268820138487e-4,-0.6202426060944086,-2.242078130157875,0,57,UBE2D1;PSMD10;PSMC2;PSMD7;PSMB3;PSMA2;UBE2B;PSMA4;PSMB6;UBB;PSMD12;PSMC1;HLA-E;PSMD2;PSMA6;PSMB4;PSME3;PSMD5;UBC;PSMC3;UBE2D3;PSME1;PSMC4;PSMA5;PSMA3;PSMA7;HLA-C;PSMD8;PSMC6;UCHL3;PSMD9;PSMA1;PSMB5;PSMB1;HLA-B;PSMD6;PSMB2;UBA1;PSMD13;HLA-A;PSMD11;PSMC5,DT_vs_D,24 hours,CPT_high,DOX+TAM,DOX,2,2,vst_mean_diff,3.3400147286511697,42,0.2857142857142857
WP_PYRIMIDINE_METABOLISM,0.13429137760158572,0.17995044598612486,0.2584785338543615,1.1995797399504458,270,74,CAD;POLD1;PRIM1;POLE;DPYD;POLA1;CTPS1;DHODH;RRM2;POLR1E;POLR1A;UCK2;POLA2;POLR2J3;POLR2J2;POLE2;NME3;TYMP;POLR3E;PRIM2;CTPS2;UCKL1,DT_vs_D,24 hours,CPT_high,DOX+TAM,DOX,2,2,vst_mean_diff,0.7448470726616784,22,0.09090909090909091
WP_RAS_SIGNALING,0.12742980561555076,0.17424075461718164,-0.297139033483526,-1.2259313850534463,1120,143,CALM2;NRAS;CALM1;GNG10;KRAS;SHC4;CDC42;GNG12;RASGRF1;RALA;RAB5C;RHOA;ETS1;RAP1B;RASGRP3;RAB5B;ETS2;GNG5;PLA2G4C;RAC1;PRKACA;RALB;PAK2;RAB5A;RAC2;ARF6;GRB2;GNB4;GNB5;RAP1A;GNG2;HTR7;PRKCG;EPHA2;GNB2;RRAS;ABL2;MAPK1;CALM3;SHOC2;CHUK;BCL2L1,DT_vs_D,24 hours,CPT_high,DOX+TAM,DOX,2,2,vst_mean_diff,0.7588502567034963,42,0.2857142857142857
GOBP_MITOCHONDRIAL_GENE_EXPRESSION,2.0733982998133942e-4,8.795421130014702e-4,0.5288142947193116,2.3206789875064127,0,167,SLC25A33;MRPL4;MRPS23;MRPS17;THAP11;MRPS26;MRPS25;MRPS6;METTL8;MRPL36;MRPL55;GFM1;MRPL2;MTIF2;GTPBP3;MRPL23;MRPL24;FASTKD5;MRPS34;MTG1;MRPS2;MRPL57;PTCD3;RPUSD4;MRPL3;TRIT1;MRPL21;MALSU1;HSD17B10;TWNK;MRPL52;TUFM;YARS2;TFB1M;MRPL11;MRPL50;GADD45GIP1;MRPL46;AARS2;TARS2;MTRES1;C1QBP;TBRG4;TRMT61B;GATB;MRPL16;MRPS35;KAT8;MRPL34;MRPL54;MRPS18A;MRPS5;TSFM;CDK5RAP1;MRPL17;MRPL37;MRPL41;MRPL58;MRPL45;MRPL48;MRPL33;MRPL32;MRPL39;AURKAIP1;MRPS27;MRPS30;MRPL14;MRPL18;ANGEL2;TRMT10C;EARS2;MTG2;MRPS7;LARS2;TACO1;OXA1L;DAP3;MRPL10;POLRMT;DARS2;MRPL20;CHCHD1;MRPL38;MTIF3;MRPL22;MRPL27;MRPL12;GATC;TRNT1;SHMT2;MRPL1;RMND1;MRPS31;MRPS16;TFAM;MTPAP;MRPS21;MRPS22,Tam_vs_Ctrl,4 hours,NoCPT,TAM,CTRL,2,2,vst_mean_diff,3.055743361429609,98,0.05102040816326531
GOBP_MITOCHONDRIAL_RESPIRATORY_CHAIN_COMPLEX_ASSEMBLY,2.0977554017201594e-4,8.795421130014702e-4,0.4578096876257116,1.851309240107789,0,96,SLC25A33;IMMP2L;NDUFAF8;NDUFAF2;SAMM50;NDUFS6;SDHAF4;SCO2;NDUFS5;COX19;UQCC3;COA8;BCS1L;ATP5F1D;COA4;MT-ND5;CHCHD7;FMC1;NDUFB2;ATPAF2;DMAC1;MT-ND4;FXN;TMEM223;TMEM126A;LYRM7;TIMMDC1;UQCC1;SCO1;MT-ND2;FOXRED1;MT-ND1;NDUFAF6;SURF1;TMEM70;AIFM1;ATP23;COX17;COA1;TACO1;OXA1L;NDUFC2;NDUFS3;COA5;NDUFAF4,Tam_vs_Ctrl,4 hours,NoCPT,TAM,CTRL,2,2,vst_mean_diff,3.055743361429609,45,0.1111111111111111
GOBP_MITOCHONDRIAL_TRANSLATION,2.0815986677768527e-4,8.795421130014702e-4,0.5676516683622552,2.403224886001108,0,129,MRPL4;MRPS23;MRPS17;MRPS26;MRPS25;MRPS6;METTL8;MRPL36;MRPL55;GFM1;MRPL2;MTIF2;MRPL23;MRPL24;MRPS34;MTG1;MRPS2;MRPL57;PTCD3;RPUSD4;MRPL3;MRPL21;MALSU1;MRPL52;TUFM;YARS2;MRPL11;MRPL50;GADD45GIP1;MRPL46;AARS2;TARS2;C1QBP;GATB;MRPL16;MRPS35;MRPL34;MRPL54;MRPS18A;MRPS5;TSFM;CDK5RAP1;MRPL17;MRPL37;MRPL41;MRPL58;MRPL45;MRPL48;MRPL33;MRPL32;MRPL39;AURKAIP1;MRPS27;MRPS30;MRPL14;MRPL18;TRMT10C;EARS2;MTG2;MRPS7;LARS2;TACO1;OXA1L;DAP3;MRPL10;DARS2;MRPL20;CHCHD1;MRPL38;MTIF3;MRPL22;MRPL27;MRPL12;GATC;SHMT2;MRPL1;RMND1;MRPS31;MRPS16;MRPS21;MRPS22,Tam_vs_Ctrl,4 hours,NoCPT,TAM,CTRL,2,2,vst_mean_diff,3.055743361429609,81,0.06172839506172839
GOMF_HEAT_SHOCK_PROTEIN_BINDING,0.9951983298538623,1,0.15866031290530017,0.6599392567981471,4766,115,EEF1AKMT3;HSPA6;TFRC;MAPT;CYP1A1;TOMM34;AHSA1;PPID;SACS;GPR37;CDC37;DNAJC2;FKBP4;PDXP;ITGAM;BCOR;DNAJA3;HSPA1L;FAF1;UNC45A;METTL23;METTL18;STUB1;PTGES3L;TELO2;RPS3;HSF1;HSPA9;DNAJA2;HSP90AB1;FKBP5,Tam_vs_Ctrl,4 hours,NoCPT,TAM,CTRL,2,2,vst_mean_diff,-0,31,0.2903225806451613
GOMF_RNA_ENDONUCLEASE_ACTIVITY,0.4608208955223881,0.6059107214029494,0.26281689127185265,0.9946069231529747,2222,66,PLD6;RNASET2;RPP25;PIWIL4;NUDT16;NOB1;RPP21;APEX1;TSEN2;ENDOG;RPP38;RPP40;POP4;SND1;RPP14;DBR1;POP7;DICER1;PPP1R8;ANG;CWF19L1;POP5;RIDA;RNASEH1,Tam_vs_Ctrl,4 hours,NoCPT,TAM,CTRL,2,2,vst_mean_diff,0.21759136272884808,24,0.08333333333333333
HALLMARK_ADIPOGENESIS,0.47025906735751294,0.6059107214029494,0.22267382002845426,0.9920402729450895,2268,186,FZD4;HSPB8;LPL;PEMT;REEP6;OMD;SLC25A10;CD302;SULT1A1;PLIN2;LAMA4;QDPR;SAMM50;LTC4S;PTCD3;SLC27A1;SLC5A6;ANGPT1;TST;ETFB;ALDH2;COL4A1;VEGFB;GRPEL1;UBC;MCCC1;UCK1;COQ5;UQCRQ;COQ3;STOM;EPHX2;NDUFB7;GPAM;FAH;YWHAG;ATL2;IMMT;BCL2L13;DHCR7;RMDN3;AIFM1;AK2;SLC1A5;PPARG,Tam_vs_Ctrl,4 hours,NoCPT,TAM,CTRL,2,2,vst_mean_diff,0.21759136272884808,45,0.13333333333333333
HALLMARK_ANDROGEN_RESPONSE,0.15936483642624832,0.2809853694883852,-0.2932390570060054,-1.182386331028797,832,95,NDRG1;STEAP4;PMEPA1;ALDH1A3;HMGCS1;PDLIM5;INPP4B;B4GALT1;SAT1;IDI1;ITGAV;ABHD2;HMGCR;MYL12A;TNFAIP8;NKX3-1;HSD17B14;APPBP2;DNAJB9;ARID5B;PIAS1;PTPN21;RPS6KA3;VAPA;ACSL3;SPDEF;ELL2;B2M;IQGAP2;TMEM50A;PTK2B;GNAI3;DHCR24;CDC14B;BMPR1B;INSIG1;ACTN1,Tam_vs_Ctrl,4 hours,NoCPT,TAM,CTRL,2,2,vst_mean_diff,0.5513162926069467,37,0.5405405405405406
HALLMARK_ANGIOGENESIS,0.3304448295782785,0.4813000778640143,-0.3592665576846347,-1.0862462469705056,1715,23,STC1;VEGFA;VCAN;FSTL1;SLCO2A1;TNFRSF21;ITGAV,Tam_vs_Ctrl,4 hours,NoCPT,TAM,CTRL,2,2,vst_mean_diff,0.3175840680631173,7,0.2857142857142857
HALLMARK_APICAL_JUNCTION,1.9286403085824494e-4,8.795421130014702e-4,-0.3936605690885732,-1.712841641720306,0,156,CX3CL1;SGCE;CLDN9;FBN1;PECAM1;RRAS;MMP2;VCAN;ALOX15B;RHOF;LAMC2;AMIGO2;ICAM1;ITGB4;CNN2;CRAT;B4GALT1;ADRA1B;CD99;ACTB;ZYX;ACTG1;TGFBI;GRB7;NECTIN2;ADAM9;IRS1;MYL12B;LAMB3;LIMA1;SORBS3;ITGB1;RASA1;CAP1;LDLRAP1;MSN;CDH4;BMP1;MYL9;WASL;CDH8;NEXN;ITGA3;NECTIN3;ITGA2;LAMA3;DLG1;CDSN;AKT3;MPZL2;SPEG;INPPL1;MVD;TMEM8B;EGFR;CLDN11;CTNNA1;VASP;ACTN4;JUP;CD276;MAP4K2;SKAP2;VCL;CDH3;INSIG1;ACTN1,Tam_vs_Ctrl,4 hours,NoCPT,TAM,CTRL,2,2,vst_mean_diff,3.055743361429609,67,0.3880597014925373
HALLMARK_APICAL_SURFACE,0.5011574074074074,0.6317438271604938,-0.29618095483253615,-0.9682878375473188,2597,32,CX3CL1;ATP6V0A4;B4GALT1;AFAP1L2;RHCG;EFNA5;FLOT2;LYPD3;TMEM8B;NCOA6;ADAM10;BRCA1;SULF2;PLAUR,Tam_vs_Ctrl,4 hours,NoCPT,TAM,CTRL,2,2,vst_mean_diff,0.19945899292721267,14,0.2857142857142857
HALLMARK_APOPTOSIS,0.002901915264074289,0.00874399665901023,-0.3570219127805325,-1.5287377408788805,14,140,IL1B;TIMP2;CCNA1;EREG;MMP2;BMF;TNFRSF12A;ISG20;PPP2R5B;HMOX1;SLC20A1;TGFB2;RNASEL;F2R;SC5D;GNA15;EBP;EMP1;PLAT;RARA;IER3;SAT1;BNIP3L;ADD1;IFNGR1;BMP2;BCL2L1;NEDD9;BCL10;CASP2;CAV1;CYLD;PEA15;IL18;CASP4;CASP7;ANXA1;XIAP;KRT18;CREBBP;PSEN1;CDK2;CASP1;SOD2;GSN;CDC25B;IL1A;DPYD;DIABLO;ERBB2,Tam_vs_Ctrl,4 hours,NoCPT,TAM,CTRL,2,2,vst_mean_diff,2.058290016997706,50,0.24
HALLMARK_CHOLESTEROL_HOMEOSTASIS,0.0132641291810842,0.03173916625473719,-0.4010298831937571,-1.528554350696648,68,69,ERRFI1;TNFRSF12A;NFIL3;STARD4;HMGCS1;LDLR;ACAT2;ANXA5;SC5D;SQLE;EBP;IDI1;FDPS;TP53INP1;ACTG1;HMGCR;NSDHL;ALDOC;HSD17B7;PNRC1;S100A11;PLSCR1;CPEB2;STX5;MVD;CYP51A1;ACSS2;GSTM2;PCYT2,Tam_vs_Ctrl,4 hours,NoCPT,TAM,CTRL,2,2,vst_mean_diff,1.4984044857639913,29,0.3448275862068966
HALLMARK_COAGULATION,1.9113149847094801e-4,8.795421130014702e-4,-0.47522892705869674,-1.901385407264541,0,90,THBS1;F3;SERPINE1;DUSP6;RAPGEF3;FN1;CFB;PLAU;CFH;FBN1;PECAM1;MAFF;MMP2;PRSS23;SERPINB2;SERPINA1;GDA;C1R;PDGFB;MMP14;PLAT;KLF7;CTSO;ADAM9;FYN;CSRP1;CTSV;MMP7;SERPINC1;BMP1;RABIF;C1S;C3;ITGA2;ANXA1;RAC1;USP11,Tam_vs_Ctrl,4 hours,NoCPT,TAM,CTRL,2,2,vst_mean_diff,3.055743361429609,37,0.1891891891891892
HALLMARK_COMPLEMENT,1.9293845263360988e-4,8.795421130014702e-4,-0.4549253155701235,-1.9811741300939867,0,157,F3;SERPINE1;DUSP6;TIMP2;CXCL1;LTF;S100A9;FN1;CFB;CFH;MAFF;KYNU;PIM1;SERPINB2;DGKG;CTSS;SERPINA1;PDP1;CCL5;C1R;PDGFB;MMP14;ANXA5;CDK5R1;PLAT;CPM;CTSO;CP;CASP10;RHOG;ERAP2;ADAM9;FYN;CSRP1;CTSV;SERPINC1;IRF2;DGKH;GCA;FCER1G;CALM3;PPP2CB;SH2B3;RABIF;PLSCR1;BRPF3;CASP4;C1S;PRSS3;C3;CASP7;ZEB1;PRKCD;USP15;CDA;CBLB;MSRB1;IRF7;PSEN1;CASP1;GMFB;EHD1;PLA2G4A;GNAI3,Tam_vs_Ctrl,4 hours,NoCPT,TAM,CTRL,2,2,vst_mean_diff,3.055743361429609,64,0.140625
HALLMARK_DNA_REPAIR,0.30987088713036237,0.47184885085759726,0.24693900557791543,1.0637305524619112,1487,147,POLR1C;POLE4;ITPA;NME1;POLR2J;IMPDH2;POLR2D;SF3A3;NCBP2;PNP;NELFCD;RPA2;NME3;TAF1C;DUT;GSDME;POLR2H;CSTF3;RAD52;UMPS;POLR2F;RFC2;SAC3D1;PDE6G;CCNO;ZNF707;ADA;POLR2G;SSRP1;NUDT9;POLR1D;ADRM1,Tam_vs_Ctrl,4 hours,NoCPT,TAM,CTRL,2,2,vst_mean_diff,0.32619709829650956,32,0.125
HALLMARK_E2F_TARGETS,0.8417028311634636,0.962783364712005,0.19124436285972884,0.8578988339489931,4072,197,CHEK2;HMGA1;UNG;MCM6;TIPIN;POLE4;PAICS;NOLC1;NOP56;CTPS1;TFRC;NME1;PHF5A;PNN;CDK4;PAN2;RPA2;DUT;CKS2;PMS2;PRKDC;MTHFD2;RFC2;RAN;TBRG4;CSE1L;POLD2;NAA38;SSRP1;DCTPP1;SLBP;RANBP1;PRPS1;NUP153;DCLRE1B;WDR90;XPO1;PSMC3IP;LYAR;MCM2;ZW10;AK2;CKS1B;UBE2S,Tam_vs_Ctrl,4 hours,NoCPT,TAM,CTRL,2,2,vst_mean_diff,0.016471422215241283,44,0.29545454545454547
HALLMARK_EPITHELIAL_MESENCHYMAL_TRANSITION,1.9252984212552945e-4,8.795421130014702e-4,-0.47399259102937125,-2.0543012327868215,0,151,TGM2;THBS1;CXCL8;SERPINE1;CXCL1;DKK1;IGFBP3;IL15;FN1;FAP;VEGFA;AREG;TNC;PMEPA1;WNT5A;PTX3;FBN1;ITGA5;MATN3;DAB2;INHBA;SGCB;FLNA;MMP2;TNFRSF12A;ITGB5;LOXL2;VCAN;FSTL1;PLOD2;LAMC2;LOX;MMP14;ECM2;LGALS1;NNMT;FBLN1;IL32;SAT1;EMP3;ITGAV;TGFBI;MATN2;FBLN5;SPOCK1;CCN2;TPM4;FGF2;SNAI2;ITGB1;DST,Tam_vs_Ctrl,4 hours,NoCPT,TAM,CTRL,2,2,vst_mean_diff,3.055743361429609,51,0.2549019607843137
HALLMARK_ESTROGEN_RESPONSE_EARLY,0.0031025790188093853,0.00874399665901023,-0.33483731114681275,-1.4845934608677966,15,181,TGM2;KLK10;CYP26B1;MYC;DLC1;AR;CLIC3;AREG;THSD4;PRSS23;HES1;FOS;OVOL2;ZNF185;MAST4;MUC1;BHLHE40;OLFML3;CCN5;RPS6KA2;SLC37A1;MSMB;SLC2A1;NRIP1;B4GALT1;TUBB2B;FHL2;RARA;DHRS3;NCOR2;AFF1;KRT13;INHBB;SFN;SEC14L2;ABHD2;MICB;CANT1;TTC39A;INPP5F;KCNK5;TJP3;P2RY2;PTGES;SNX24;REEP1;PDZK1;TMPRSS3;KLF4;MLPH;GAB2;TPBG;UGCG;OPN3;AQP3;MYOF;RAB31;TFAP2C;FLNB;BAG1;KLF10,Tam_vs_Ctrl,4 hours,NoCPT,TAM,CTRL,2,2,vst_mean_diff,2.058290016997706,61,0.26229508196721313
HALLMARK_ESTROGEN_RESPONSE_LATE,0.44788841534289037,0.6059107214029494,-0.22681829404463313,-0.9997513817861327,2311,173,KLK10;CYP26B1;LTF;S100A9;CLIC3;CCNA1;AREG;PRSS23;ISG20;FOS;OVOL2;SERPINA1;LAMC2;TH;CCN5;RPS6KA2;NRIP1;NCOR2;AFF1;KRT13;CKB;SFN;ST6GALNAC2;ABHD2;MICB;SLC2A8;KCNK5;TJP3;PTGES;PDZK1;TMPRSS3;CAV1;KLF4;CACNA2D2;TPBG;OPN3;MYOF;RAB31;TFAP2C;FLNB;BAG1;EMP2;CYP4F11;ATP2B4,Tam_vs_Ctrl,4 hours,NoCPT,TAM,CTRL,2,2,vst_mean_diff,0.21759136272884808,44,0.3409090909090909
HALLMARK_FATTY_ACID_METABOLISM,0.5710738671632526,0.6712622649111917,0.2222040563544168,0.9512980738288764,2759,140,RDH16;ACSS1;REEP6;G0S2;ODC1;ECI2;ADSL;ENO3;NTHL1;D2HGDH;GCDH;CYP1A1;LTC4S;APEX1;PCBD1;HSD17B10;CBR1;UROD;CBR3;CPOX;MLYCD;ALDH1A1;IDH3B;AOC3;METAP1,Tam_vs_Ctrl,4 hours,NoCPT,TAM,CTRL,2,2,vst_mean_diff,0.17310776604532774,25,0.08
HALLMARK_G2M_CHECKPOINT,0.9994202898550725,1,-0.14832249759650826,-0.663344632170644,5171,194,MYC;BCL3;EGF;SMAD3;ORC6;KNL1;SQLE;RASAL2;AURKB;MCM5;NEK2;EFNA5;MYBL2;BUB1;PLK1;KIF23;SMC4;HIF1A;TLE3;BRCA2;PAFAH1B1;STMN1;MARCKS;PLK4;NSD2;RACGAP1;TROAP;CDC25B;NDC80;PML;CHEK1;CDC20;KIF22;FBXO5;BARD1;CCNF;SUV39H1;SS18;EXO1;CENPE;NUSAP1;AURKA;TOP2A;E2F2;CDKN1B;HMMR;KIF5B;POLA2;CDC7;GINS2;MEIS1;KIF4A;TPX2;CCNB2;MT2A;TACC3;PRC1;KIF15;CCNA2;INCENP;TRA2B;STIL;WRN;PDS5B;MAPK14;PTTG1;HMGB3;KIF20B,Tam_vs_Ctrl,4 hours,NoCPT,TAM,CTRL,2,2,vst_mean_diff,-0,68,0.16176470588235295
HALLMARK_GLYCOLYSIS,0.12101167315175097,0.22521616947686987,-0.2682728954638794,-1.1835330872997192,621,175,EGLN3;ANGPTL4;STC1;IGFBP3;VEGFA;CLDN9;GLRX;PPFIA4;VLDLR;ISG20;VCAN;UGP2;PLOD2;LCT;IRS2;B4GALT1;TPST1;IER3;TGFBI;TGFA;GMPPB;SRD5A3;NSDHL;MET;EXT1;ZNF292;GAL3ST1;GPR87;PKM;TPBG;PPP2CB;QSOX1;PFKP;BPNT1;ARTN;DSC2;KDELR3;GLCE;STMN1;CAPN5;DEPDC1;B3GNT3;EGFR;PKP2;ALDOA;SDC1;GNE;AGRN;PC;CITED2;GFPT1;G6PD,Tam_vs_Ctrl,4 hours,NoCPT,TAM,CTRL,2,2,vst_mean_diff,0.6474004323709178,52,0.25
HALLMARK_HEDGEHOG_SIGNALING,0.026386748844375963,0.05893040575243965,-0.5093336824992657,-1.5573766250902727,136,24,VEGFA;VLDLR;CDK5R1;HEY1;ETS2;RASA1;DPYSL2;TLE3;ADGRG1;NRP2;PML;OPHN1;AMOT,Tam_vs_Ctrl,4 hours,NoCPT,TAM,CTRL,2,2,vst_mean_diff,1.2296605686547422,13,0.3076923076923077
HALLMARK_HEME_METABOLISM,0.32195216049382713,0.47935099451303154,-0.24177583865900856,-1.0577938019372697,1668,162,OSBP2;KEL;PPP2R5B;PDZK1IP1;ALDH1L1;SYNJ1;BPGM;SLC2A1;DAAM1;YPEL5;MOSPD1;BNIP3L;KDM7A;SDCBP;ADD1;NFE2;NEK7;RIOK3;UCP2;VEZF1;BCAM;GCLM;ATG4A;KLF3;MBOAT2;KAT2B;AQP3;OPTN;PICALM;TNS1;SMOX;IGSF3;LMO2;SLC11A2;C3;LRP10,Tam_vs_Ctrl,4 hours,NoCPT,TAM,CTRL,2,2,vst_mean_diff,0.31934636725780746,36,0.3055555555555556
HALLMARK_HYPOXIA,1.9376089905057158e-4,8.795421130014702e-4,-0.4528578708569916,-1.9980589014785377,0,174,TGM2;F3;NDRG1;SERPINE1;ANGPTL4;TMEM45A;ERRFI1;STC1;IGFBP3;VEGFA;WSB1;CSRP2;GLRX;HS3ST1;PPFIA4;VLDLR;MAFF;PIM1;ISG20;NFIL3;FOS;HMOX1;UGP2;ADM;GCNT2;PPP1R15A;BHLHE40;LOX;PDGFB;CCN5;SLC2A1;IRS2;INHA;KLF6;IER3;BNIP3L;CCNG2;KLF7;PLAC8;EDN2;KLHL24;TGFBI;CP;CCN2;ALDOC;EXT1;ZNF292;PNRC1;TES;CAV1;NAGK,Tam_vs_Ctrl,4 hours,NoCPT,TAM,CTRL,2,2,vst_mean_diff,3.055743361429609,51,0.11764705882352941
HALLMARK_IL2_STAT5_SIGNALING,0.01941934243414728,0.044865377347857505,-0.31955175120577356,-1.3837503260393933,100,150,TGM2;NDRG1;MYC;PHLDA1;IL1RL1;ETV4;CSF1;SPRED2;IKZF2;MAFF;ST3GAL4;PIM1;NFIL3;IL4R;MUC1;BHLHE40;TNFRSF21;SLC39A8;ITGA6;PLEC;EMP1;KLF6;DHRS3;SPRY4;IFNGR1;NFKBIZ;BMP2;ITGAV;SOCS1;AHR;BCL2L1;PTGER2;BMPR2;LTB;SERPINC1;GABARAPL1;NCOA3;SNX14;LIF;WLS;PLAGL1;PLSCR1;SWAP70,Tam_vs_Ctrl,4 hours,NoCPT,TAM,CTRL,2,2,vst_mean_diff,1.3480886751903192,43,0.2558139534883721
HALLMARK_IL6_JAK_STAT3_SIGNALING,0.006430241621200311,0.017233047544816835,-0.44030561397916984,-1.6404373140768693,32,62,IL1B;CXCL1;CSF1;OSMR;PIM1;TNFRSF12A;IL4R;HMOX1;CXCL11;CXCL3;TNFRSF21;LEPR;IFNGR1;IFNGR2;SOCS1;STAM2;LTB;IL1R1;STAT2;MYD88;CBL;STAT3;SOCS3;IL6ST,Tam_vs_Ctrl,4 hours,NoCPT,TAM,CTRL,2,2,vst_mean_diff,1.7636379137962146,24,0.08333333333333333
HALLMARK_INFLAMMATORY_RESPONSE,1.9275250578257516e-4,8.795421130014702e-4,-0.5165027233880078,-2.199128942321359,0,135,IL1B;F3;CXCL8;SERPINE1;CCL20;MYC;CCL22;IL15;CX3CL1;CSF1;ITGA5;EREG;OSMR;IRAK2;INHBA;AXL;HAS2;SCN1B;IL4R;LDLR;ADM;CXCL11;TLR3;ROS1;CCL5;PTAFR;MMP14;ICAM1;FPR1;TNFAIP6;TAPBP;GNA15;KLF6;ITGB8;EMP3;IL7R;PDE4B;IFNGR2;AHR;RHOG;BEST1;HBEGF;P2RY2;PTGER2;CD70;MET;TPBG;IL1R1;LIF;SLC31A2;IL18;TNFSF9;SLC11A2;NOD2;SCARF1;RNF144B;HIF1A;PTPRE;CSF3;IRF7;PSEN1;CD82;OPRK1;TLR1;IL1A;NFKBIA;ABCA1;ACVR2A;GNAI3,Tam_vs_Ctrl,4 hours,NoCPT,TAM,CTRL,2,2,vst_mean_diff,3.055743361429609,69,0.15942028985507245
HALLMARK_INTERFERON_ALPHA_RESPONSE,0.00875690081857986,0.021730087216475947,-0.3833455870574938,-1.538273391178684,45,91,IL15;SAMD9L;IFI35;CSF1;ISG20;IL4R;IFIT3;SAMD9;CXCL11;NCOA7;TMEM140;HELZ2;EPSTI1;UBA7;LPAR6;DHX58;TDRD7;IRF2;IFI27;PARP9;TRIM5;STAT2;PLSCR1;C1S;DDX60;IRF7;IFIT2;B2M;CASP1;OAS1,Tam_vs_Ctrl,4 hours,NoCPT,TAM,CTRL,2,2,vst_mean_diff,1.6629385305796953,30,0.06666666666666667
HALLMARK_INTERFERON_GAMMA_RESPONSE,1.9275250578257516e-4,8.795421130014702e-4,-0.41385078546253096,-1.8144858228291323,0,164,EIF4E3;ST3GAL5;IL15;SAMD9L;CFB;IFI35;CFH;CIITA;HLA-DMA;SSPN;PIM1;ISG20;IL4R;IFIT3;UPP1;CXCL11;STAT4;CCL5;C1R;AUTS2;ICAM1;FPR1;BPGM;PTGS2;TNFAIP6;TAPBP;GBP6;IL18BP;PDE4B;APOL6;SPPL2A;KLRK1;HELZ2;EPSTI1;DHX58;SOCS1;MVP;TDRD7;IRF2;NCOA3;OAS3;TNFAIP2;IFI27;NOD1;STAT2;ARID5B;MYD88;PLSCR1;PFKP;CASP4;C1S;CASP7;DDX60;HIF1A;STAT3;SOCS3;ITGB7;RIPK1;IRF7;IFIT2;B2M;CASP1;SOD2,Tam_vs_Ctrl,4 hours,NoCPT,TAM,CTRL,2,2,vst_mean_diff,3.055743361429609,63,0.15873015873015872
HALLMARK_KRAS_SIGNALING_DN,0.03534581581964081,0.07639256967470755,-0.3315165661215793,-1.3623841523874978,184,109,SLC6A14;SYNPO;TAS2R4;CCNA1;GPR3;RIBC2;UPK3B;ZC2HC1C;KLK7;SERPINB2;CALML5;TGFB2;EGF;SPRR3;SKIL;TG;THRB;AKR1B10;KRT13;KMT2D;EDN2;COPZ2;CLDN16;CCDC106;CAMK1D;DLK2;GDNF;VPS50;SPHK2;FGGY;SNN;LYPD3;NR4A2;SHOX2;SLC29A3,Tam_vs_Ctrl,4 hours,NoCPT,TAM,CTRL,2,2,vst_mean_diff,1.1169488810342947,35,0.05714285714285714
HALLMARK_KRAS_SIGNALING_UP,1.923076923076923e-4,8.795421130014702e-4,-0.4140724388288905,-1.7880699351524074,0,147,IL1B;ANGPTL4;CCL20;DUSP6;WNT7A;PPBP;IGFBP3;CFB;ETV1;PLAU;CFH;ETV4;GLRX;MALL;EREG;PECAM1;INHBA;PIGR;HKDC1;ITGB2;TFPI;SCN1B;ALDH1A3;CTSS;SPRY2;PPP1R15A;BPGM;MTMR10;PTGS2;EMP1;HDAC9;PLAT;IL7R;STRN;SCG5;BMP2;GFPT2;MAFB;HBEGF;LAT2;VWA5A;ETV5;KLF4;PRDM1;FCER1G,Tam_vs_Ctrl,4 hours,NoCPT,TAM,CTRL,2,2,vst_mean_diff,3.055743361429609,45,0.1111111111111111
HALLMARK_MITOTIC_SPINDLE,5.807200929152149e-4,0.0021615692347399665,-0.3548711614755614,-1.5903728020894063,2,198,SYNPO;PLEKHG2;FLNA;PALLD;FGD6;RHOF;ARHGAP27;NCK1;PDLIM5;ARHGAP29;PXN;RASAL2;LATS1;NEDD9;CDC42;CYTH2;ARHGEF2;NEK2;KIFAP3;KLC1;RASA1;DST;CCDC88A;WASF2;CSNK1D;BUB1;PLK1;ANLN;DLGAP5;WASL;SASS6;CLIP2;TUBA4A;RANBP9;FLNB;KIF23;ECT2;DLG1;MARK4;KNTC1;HDAC6;SMC4;BRCA2;RICTOR;EZR;PAFAH1B1;CDC42EP2;MARCKS;RACGAP1;ARHGEF11;GSN;RASA2;ACTN4;CEP72;NDC80;ARFGEF1;VCL;KIF22;TUBGCP6;TLK1;HOOK3;FBXO5;MYO1E;CLASP1;ITSN1;CLIP1;OPHN1;SSH2;CAPZB;CNTROB;SORBS2;CENPE;KIF1B;NUSAP1;AURKA;TOP2A;MYO9B;ARHGDIA;ARF6;AKAP13;TSC1;ABR;KIF5B;FGD4;ROCK1;KIF4A;ARL8A;TPX2;NF1;RABGAP1;CCNB2;MID1,Tam_vs_Ctrl,4 hours,NoCPT,TAM,CTRL,2,2,vst_mean_diff,2.665230849520116,92,0.29347826086956524
HALLMARK_MTORC1_SIGNALING,0.4645745090489026,0.6059107214029494,-0.222564049880593,-0.9939843612393303,2412,191,EGLN3;STC1;GLRX;VLDLR;RIT1;ITGB2;NFIL3;STARD4;CORO1A;HMGCS1;NUPR1;LDLR;PLOD2;PPP1R15A;BHLHE40;SLC2A1;SC5D;SQLE;EBP;IDI1;HMGCR;EDEM1;TES;BUB1;CALR;PLK1;ATP6V1D;TUBA4A;DAPP1;ACTR3;BCAT1;RRM2;ACSL3;RAB1A;CYP51A1;ADD3;PSMC2;SYTL2;ALDOA;DHCR24;SKAP2;GSK3B;G6PD;SERPINH1;INSIG1;CYB5B;CCNF,Tam_vs_Ctrl,4 hours,NoCPT,TAM,CTRL,2,2,vst_mean_diff,0.21759136272884808,47,0.3617021276595745
HALLMARK_MYC_TARGETS_V1,2.0729684908789387e-4,8.795421130014702e-4,0.4651556127970324,2.0838346822372706,0,195,NOP16;MCM6;ODC1;RSL1D1;NOLC1;PPM1G;NOP56;CTPS1;NME1;IMPDH2;FBL;MRPL23;XPOT;NCBP2;NHP2;APEX1;EIF3J;CDK4;CAD;EIF4E;EXOSC7;DUT;TUFM;CNBP;CLNS1A;PRPF31;TXNL4A;SERBP1;SSB;PWP1;CCT2;SNRPD1;RAN;C1QBP;PRPS2;EIF3D;RPL18;HSPD1;POLE3;RPL14;EIF4A1;SNRPA1;RACK1;POLD2;TCP1;EIF3B;SSBP1;LSM7;VDAC1;HNRNPA1;CBX3;TFDP1;STARD7;SMARCC1;RANBP1;HDDC2;CCT7;XPO1;CCT5;MCM2;RPS3;RPS10;RPL6;UBA2;G3BP1;SRSF7;HSP90AB1;DDX18;CCT4;RUVBL2;EIF1AX;PHB2;CSTF2;NDUFAB1;CCT3;SRM;FAM120A;RPS6;CUL1;RPL22;NPM1;SNRPD2;DDX21;TRIM28;HSPE1;NCBP1;XRCC6;EEF1B2;RPLP0;ACP1;COX5A;EIF2S2;HPRT1;NAP1L1;PSMC4;HNRNPU;PCBP1;RAD23B;ABCE1;PRDX4;RPL34;HNRNPA2B1,Tam_vs_Ctrl,4 hours,NoCPT,TAM,CTRL,2,2,vst_mean_diff,3.055743361429609,102,0.6372549019607843
HALLMARK_MYC_TARGETS_V2,4.1160732661041366e-4,0.0016222171107586891,0.5418143365094644,1.9979962989012554,1,57,DUSP2;NOP16;SORD;UNG;HK2;NOC4L;NOLC1;NOP56;SLC29A2;RRP12;MRTO4;PES1;MYBBP1A;EXOSC5;CDK4;NIP7;IMP4;LAS1L;TBRG4;HSPD1;GRWD1;PPAN;WDR43;NOP2;DCTPP1;MPHOSPH10;CBX3;FARSA,Tam_vs_Ctrl,4 hours,NoCPT,TAM,CTRL,2,2,vst_mean_diff,2.7898910220764725,28,0.2857142857142857
HALLMARK_NOTCH_SIGNALING,0.5437306501547987,0.6505348850066341,-0.29695364712235944,-0.940660685560435,2809,28,WNT5A;HES1;ST3GAL6;PPARD;DTX2;MAML2,Tam_vs_Ctrl,4 hours,NoCPT,TAM,CTRL,2,2,vst_mean_diff,0.1867294093873218,6,0
HALLMARK_OXIDATIVE_PHOSPHORYLATION,0.13966480446927373,0.2529065378227389,0.25763757180300517,1.158230721307173,674,200,SLC25A20;NDUFS6;ISCA1;HSD17B10;ACADSB;TIMM13;MRPL11;ETFB;ATP5F1D;POLR2F;GRPEL1;AFG3L2;NDUFB2;IDH3B;UQCRQ;NDUFC1;LDHB;MRPL34;NDUFB7;FXN;NQO2;VDAC1;TIMM50;PMPCA;ATP6V1F;TIMM9;HSPA9;IMMT;SURF1;ATP5ME;CYB5A;AIFM1;MRPS30;NDUFV2;PDK4;COX17;BDH2;OXA1L;NDUFC2;NDUFS3;ECI1;ATP5PF;PHB2;NDUFAB1;FH;BAX;NDUFV1;ECHS1;MFN2;TOMM22;TIMM17A;CPT1A;UQCR11;ATP5MC2;MRPS22;COX5A;COX5B;LRPPRC;SUPV3L1;COX11;UQCRC2;ABCB7;MRPS11;NDUFA7;HADHB;MRPL15;ETFDH;PDHA1;CYC1;IDH2;ATP6V0B;HTRA2;ECH1;ATP5PO;ACADM;OAT;ETFA;ISCU;NDUFA3;DLST;BCKDHA;SDHB;UQCRB;ACADVL;SLC25A4;NDUFS7;ATP5F1C;SUCLG1;NDUFB4;MTRF1;NDUFS2;OPA1;UQCRH;NDUFS4;MDH2;COX15;NDUFS8;NDUFB8;PDHB,Tam_vs_Ctrl,4 hours,NoCPT,TAM,CTRL,2,2,vst_mean_diff,0.5970399436740241,99,0.23232323232323232
HALLMARK_P53_PATHWAY,0.28648440508278783,0.45572986967008167,-0.23984381142444763,-1.0711568100231803,1487,191,NDRG1;KRT17;EPHA2;TP63;FOS;ALOX15B;HMOX1;UPP1;S100A10;NUPR1;PPP1R15A;ANKRA2;TAX1BP3;KIF13B;ITGB4;CLCA2;CDK5R1;F2R;PVT1;APAF1;IER3;SAT1;CSRNP2;RNF19B;INHBB;BMP2;SFN;DGKA;SOCS1;TGFA;HBEGF;NHLH2;VWA5A;GM2A;ZFP36L1;GPX2;KLF4,Tam_vs_Ctrl,4 hours,NoCPT,TAM,CTRL,2,2,vst_mean_diff,0.34129250574327596,37,0.16216216216216217
HALLMARK_PANCREAS_BETA_CELLS,0.8622828784119106,0.962783364712005,0.26053549136631704,0.7026366703039784,4169,15,PAK3;SRPRB;DPP4;SPCS1;ISL1,Tam_vs_Ctrl,4 hours,NoCPT,TAM,CTRL,2,2,vst_mean_diff,0.016471422215241283,5,0
HALLMARK_PEROXISOME,0.07871235721703011,0.15510964510414757,0.32268464028323174,1.2859267999346164,378,87,SLC27A2;FABP6;HSD3B7;PEX5;ABCC5;ECI2;SLC25A19;CLN6;CTPS1;TSPO;ITGB1BP1;HRAS;CNBP;HSD11B2;MLYCD;PEX11A;ALDH1A1;EPHX2;SLC23A2;CLN8;NUDT19;SMARCC1,Tam_vs_Ctrl,4 hours,NoCPT,TAM,CTRL,2,2,vst_mean_diff,0.8093611958339098,22,0.18181818181818182
HALLMARK_PI3K_AKT_MTOR_SIGNALING,0.8728345707214925,0.962783364712005,-0.20036154616388496,-0.8040025644878458,4584,91,RIT1;SLC2A1;NCK1;RALB;SFN;CLTC;CALR;SMAD2;NOD1;STAT2;MYD88;DAPP1;ACTR3;CSNK2B;PIKFYVE;RPS6KA3;RAC1;RIPK1;EGFR;CAB39L;CDK2;CFL1;GSK3B;CAB39;MKNK1;TNFRSF1A;PPP1CA;TSC2;ARHGDIA;ACTR2;PFN1;NFKBIB;YWHAB;CDKN1B;CDKN1A,Tam_vs_Ctrl,4 hours,NoCPT,TAM,CTRL,2,2,vst_mean_diff,0.016471422215241283,35,0.45714285714285713
HALLMARK_PROTEIN_SECRETION,0.007843887507174288,0.02021309473002605,-0.37834963644016306,-1.5255656700171492,40,95,SSPN;ARFGAP3;SCRN1;CAV2;CD63;CLTC;DST;VAMP4;GBF1;DOP1A;STX7;VAMP3;RAB2A;RPS6KA3;RAB5A;KRT18;RAB22A;EGFR;RAB14;ABCA1;ADAM10;ARFGEF1;SNAP23;AP2B1;NAPA;AP1G1;KIF1B;LAMP2;TSG101;ATP7A;VPS4B;CLN5;STX12;VPS45;NAPG;TMED10;COPB1;YIPF6;AP3B1;STAM;IGF2R;ANP32E;GOLGA4;PAM;MON2;COPE;SEC22B;GNAS;VAMP7;ARF1;ARCN1;SGMS1;TMX1;CLCN3;RER1;SCAMP1;GALC;CLTA;ATP6V1H;COPB2;LMAN1;ARFGEF2,Tam_vs_Ctrl,4 hours,NoCPT,TAM,CTRL,2,2,vst_mean_diff,1.6943671886480065,62,0.43548387096774194
HALLMARK_REACTIVE_OXYGEN_SPECIES_PATHWAY,0.9053037608486018,0.962783364712005,-0.20576591838908811,-0.7268653751231955,4693,46,GLRX;LSP1;CDKN2D;GCLM;PFKP;LAMTOR5;MGST1;MSRA;SOD2;PDLIM1;FES;G6PD;SBNO2;TXN;EGLN2,Tam_vs_Ctrl,4 hours,NoCPT,TAM,CTRL,2,2,vst_mean_diff,0.016471422215241283,15,0.4
HALLMARK_TGF_BETA_SIGNALING,1.9227071716977504e-4,8.795421130014702e-4,-0.527266018980359,-1.9173505912301958,0,53,THBS1;SERPINE1;PMEPA1;PPP1R15A;SLC20A1;SMAD3;SKIL;ACVR1;NCOR2;IFNGR2;ID1;BMP2;CDK9;BMPR2;SMURF1;SMAD6;LTBP2;RAB31;KLF10;BCAR3;RHOA;ID3;XIAP,Tam_vs_Ctrl,4 hours,NoCPT,TAM,CTRL,2,2,vst_mean_diff,3.055743361429609,23,0.21739130434782608
HALLMARK_TNFA_SIGNALING_VIA_NFKB,1.927153594141453e-4,8.795421130014702e-4,-0.46821669445953545,-2.0798204151596082,0,183,IL1B;F3;SERPINE1;DUSP4;CCL20;CXCL1;MYC;PHLDA1;IL23A;SERPINB8;VEGFA;AREG;TNC;PMEPA1;PLAU;PTX3;CSF1;CLCF1;PLPP3;INHBA;MAFF;CXCL2;KYNU;FOSL1;HES1;NFIL3;SERPINB2;FOS;LDLR;CXCL11;PPP1R15A;BHLHE40;BCL3;CCL5;TRIP10;CXCL3;SMAD3;ICAM1;PTGS2;IRS2;TNFAIP6;PDLIM5;B4GALT1;KLF6;IER3;SAT1;REL;IL7R;ZC3H12A;PDE4B;IFNGR2;B4GALT5;RNF19B;BMP2;GFPT2;HBEGF;ETS2;LITAF;NFAT5;LAMB3;TNFAIP8;PNRC1;KLF4;TNFAIP2;TNIP1;LIF;IL18;TNFSF9;PLK2;SNN;KLF10;NR4A2;PTPRE;NFKBIE;SOCS3;IL6ST;MARCKS;NFE2L2;IFIT2;BIRC2;SOD2;FOSL2;IL1A;NFKBIA;EHD1;ABCA1;TANK;KDM6B;CCN1;TIPARP,Tam_vs_Ctrl,4 hours,NoCPT,TAM,CTRL,2,2,vst_mean_diff,3.055743361429609,90,0.2222222222222222
HALLMARK_UNFOLDED_PROTEIN_RESPONSE,0.0025151959756864388,0.008024672874809114,0.3892804634251449,1.6008018153397163,11,107,TSPYL2;DDX10;STC2;EIF4EBP1;ATF3;PDIA5;NOLC1;NOP56;IFIT1;SLC1A4;FKBP14;XPOT;EXOSC5;NHP2;SRPRB;NOP14;EIF4E;ALDH18A1;PSAT1;MTHFD2;GEMIN4;IMP3;EIF4A1;CHAC1;EXOSC4;SPCS1;SERP1;CEBPG;EDC4;RPS14;POP4;KHSRP;FUS;HSPA9;EXOSC2;NFYA;YIF1A;CKS1B;EXOSC9;ARFGAP1;DKC1;TATDN2;EIF4A3;SLC30A5;SEC31A;ASNS;LSM4;SDAD1;ATF4;NPM1,Tam_vs_Ctrl,4 hours,NoCPT,TAM,CTRL,2,2,vst_mean_diff,2.0955726625443942,50,0.24
HALLMARK_UV_RESPONSE_DN,1.9275250578257516e-4,8.795421130014702e-4,-0.4173350254867254,-1.761547791071748,0,128,F3;SERPINE1;MYC;DLC1;VLDLR;DAB2;PLPP3;TFPI;HAS2;LDLR;BHLHE40;SMAD3;GCNT1;PIAS3;PDLIM5;INPP4B;FHL2;TGFBR2;NEK7;ID1;RBPMS;SLC22A18;PIK3CD;FBLN5;RUNX1;IRS1;FYN;SCHIP1;SNAI2;MET;CAV1;PRKCE;APBB2;PTPN21;DLG1;NIPBL;MGLL;AKT3;ATP2B4;ATXN1;SYNE1;CAP2;ADD3;RASA2;ACVR2A;ERBB2;CCN1;CITED2;PRKAR2B;PTGFR;INSIG1;COL1A1,Tam_vs_Ctrl,4 hours,NoCPT,TAM,CTRL,2,2,vst_mean_diff,3.055743361429609,52,0.2692307692307692
HALLMARK_UV_RESPONSE_UP,0.19547154133776484,0.33581008383667293,0.2663591742524794,1.1349469323148733,940,135,SLC6A8;ATF3;SIGMAR1;NKX2-5;POLG2;SULT1A1;TFRC;CYP1A1;SPR;MRPL23;C4BPB;CLCN2;COL2A1;TYRO3;ARRB2;FKBP4;NR4A1;EPCAM;PPIF;NPTXR;PPT1;MAPK8IP2;POLR2H;TST;E2F5;UROD;GRPEL1;PPAT,Tam_vs_Ctrl,4 hours,NoCPT,TAM,CTRL,2,2,vst_mean_diff,0.4739062668374271,28,0.10714285714285714
HALLMARK_WNT_BETA_CATENIN_SIGNALING,0.5186697782963827,0.631834093561048,-0.29229455391646747,-0.9610488690506195,2666,33,MYC;DKK1;PPARD;NCOR2;HEY1;HDAC11,Tam_vs_Ctrl,4 hours,NoCPT,TAM,CTRL,2,2,vst_mean_diff,0.19939694341038308,6,0.3333333333333333
HALLMARK_XENOBIOTIC_METABOLISM,0.04092219020172911,0.08308444677320759,-0.30071469503419257,-1.3058377833510373,212,153,SERPINE1;XDH;EPHA2;LCAT;CES1;CFB;KYNU;AOX1;HMOX1;UPP1;GCNT2;TGFB2;PPARD;SERTAD1;PDLIM5;SLC46A3;TPST1;CYP2J2;FBLN1;VNN1;AKR1C2;SLC12A4;DDAH2;ETS2;AKR1C3;PTGES;GABARAPL1;ACOX1;IL1R1;HGFAC;CYP4F2;PINK1;SMOX;PTS;NPC1,Tam_vs_Ctrl,4 hours,NoCPT,TAM,CTRL,2,2,vst_mean_diff,1.0804802675848784,35,0.14285714285714285
PID_MYC_ACTIV_PATHWAY,0.1200671704450042,0.22521616947686987,0.32119473359984435,1.2409496801548923,571,74,HMGA1;KAT2A;TAF4B;RIOX2;ODC1;TFRC;RUVBL1;NME1;NDUFAF2;CDK4;PMAIP1;CAD;EIF4E;NCL;RCC1;PTMA;HSPD1;EIF4A1;MAX;RPL11;GPAM;UBTF;NME2;POLR3D;DDX18;RUVBL2;CDCA7;PEG10;TERT;SUPT3H;BAX;NPM1,Tam_vs_Ctrl,4 hours,NoCPT,TAM,CTRL,2,2,vst_mean_diff,0.6474004323709178,32,0.46875
REACTOME_ACTIVATION_OF_ATR_IN_RESPONSE_TO_REPLICATION_STRESS,0.8989821394276934,0.962783364712005,-0.21289772756954126,-0.7203613180450766,4680,37,ORC6;CLSPN;MCM5;MCM10;RFC4;CDK2;CHEK1;RFC3;ORC3;CDC7;RPA3;CDC25C,Tam_vs_Ctrl,4 hours,NoCPT,TAM,CTRL,2,2,vst_mean_diff,0.016471422215241283,12,0
REACTOME_CELL_CYCLE_CHECKPOINTS,0.36358325219084714,0.5075016228497241,-0.2250256002753608,-1.0309418773438914,1866,241,CCNA1;PPP2R5B;CENPU;CENPI;SKA2;CDCA8;ORC6;KNL1;CENPK;SGO1;CLSPN;NUF2;SFN;GTSE1;SGO2;AURKB;MCM5;YWHAZ;BUB1;PLK1;CENPM;MCM10;NSL1;CENPC;ZNF385A;PPP2CB;CENPO;ANAPC10;TAOK1;PCBP4;KNTC1;PMF1;BUB1B;PAFAH1B1;SPC25;RFC4;CDK2;NSD2;KAT5;PSMC2;TP53BP1;PSMD11;NDC80;DYNLL1;CHEK1;CDC20;ZWILCH;SKA1;DNA2;MDM2;BARD1;CLASP1;NDEL1;RFC3;BRCA1;PPP2R5E;CLIP1;RMI2;MDC1;PPP2R5C;KIF2A;NDE1;KIF18A;DYNC1I2;SPDL1;BRIP1;EXO1;CENPE;CENPN;ORC3;CENPL;ITGB3BP;PSMC6,Tam_vs_Ctrl,4 hours,NoCPT,TAM,CTRL,2,2,vst_mean_diff,0.29456256465897945,73,0.136986301369863
REACTOME_GLUCOSE_METABOLISM,0.5091666666666667,0.6317438271604938,0.25396656091915937,0.9677613008374295,2443,69,GNPDA1;G6PC3;HK2;NUP210;ENO3;SLC37A4;NDC1,Tam_vs_Ctrl,4 hours,NoCPT,TAM,CTRL,2,2,vst_mean_diff,0.19945899292721267,7,0.14285714285714285
REACTOME_MITOCHONDRIAL_TRANSLATION,2.1003990758244065e-4,8.795421130014702e-4,0.604314977257135,2.42786987666857,0,93,MRPL4;MRPS23;MRPS17;MRPS26;MRPS25;MRPS6;MRPL36;MRPL55;GFM1;MTFMT;MRPL2;MTIF2;MRPL23;MRPL24;MRPS34;MRPS2;MRPL57;PTCD3;MRPL3;MRPL21;MRPL52;TUFM;MRPL11;MRPL50;GADD45GIP1;MRPL46;MRPL16;MRPS35;MRPL34;MRPL54;MRPS18A;MRPS5;TSFM;MRPL17;MRPL37;MRPL41;MRPL58;MRPL45;MRPL48;MRPL33;MRPL32;MRPL39;AURKAIP1;MRPS27;MRPS30;MRPL14;MRPL18;MRPS7;OXA1L;DAP3;MRPL10;MRPL20;CHCHD1;MRPL38;MTIF3;MRPL22;MRPL27;MRPL12;MRPL1;MRPS31;MRPS16;MRPS21;MRPS22,Tam_vs_Ctrl,4 hours,NoCPT,TAM,CTRL,2,2,vst_mean_diff,3.055743361429609,63,0.047619047619047616
REACTOME_MRNA_SPLICING,0.0018629683295383979,0.006328715365239295,0.3380139076050912,1.5285274987349642,8,210,RNF113A;PRPF19;SNRPF;POLR2J;PHF5A;GCFC2;LSM5;POLR2D;SF3A3;NCBP2;NKAP;SNU13;PNN;PRPF4;POLR2H;GPATCH1;PPIL1;YBX1;PRPF31;TXNL4A;C9orf78;PDCD7;SF3B5;POLR2F;SNRPD1;POLR2L;RBM17;POLR2G;SNRPA1;PRPF18;PRKRIP1;LSM7;CTNNBL1;HTATSF1;PQBP1;CACTIN;ZRSR2;HNRNPA1;SNRNP70;ZCRB1;DHX35;SNRNP35;FAM50A;IK;SNRPE;CCDC12;USP39;FUS;ALYREF;CWC27;ZNF830;SRSF7;SNRPB;WDR70;SART1;LUC7L3;SRSF11;CHERP;EIF4A3;MFAP1;GTF2F1;RBM10;PPP1R8;RBM25;PRPF40A;LSM4;SRSF5;PPIE;SNRPD2;NCBP1;SAP18;PTBP1;DHX9;HNRNPF;HSPA8;PRPF6;HNRNPU;PCBP1;EFTUD2;PRCC;HNRNPA2B1;SRSF8;RBMX;SNRPC;RBM42;DDX46;MAGOH;POLR2I;ZMAT2;RNPC3;UPF3B;HNRNPM;UBL5;HNRNPH1,Tam_vs_Ctrl,4 hours,NoCPT,TAM,CTRL,2,2,vst_mean_diff,2.19868443633457,94,0.2127659574468085
WP_ADIPOGENESIS,0.038750722961249276,0.08113432620011567,-0.33327501285094513,-1.35789689274623,200,104,SERPINE1;CYP26B1;LIPE;NCOA1;SMAD3;PPARD;IRS2;NRIP1;AGT;KLF6;RARA;KLF7;NCOR2;CREB1;BMP2;EPAS1;SOCS1;AHR;PNPLA3;SPOCK1;IRS1;KLF15;BMP1;PPARA;MEF2D;LIF;STAT2;HIF1A;MEF2C;ID3;LPIN3;STAT3;RB1;SOCS3;IL6ST;SP1;KLF5,Tam_vs_Ctrl,4 hours,NoCPT,TAM,CTRL,2,2,vst_mean_diff,1.0907953661921757,37,0.21621621621621623
WP_AMINO_ACID_METABOLISM,0.21166666666666667,0.35297814233469726,0.30117095289992357,1.1476376736292224,1015,69,ACSS1;ODC1;ARG2;CTH;FARSB;CAD;PYCR1;ALDH18A1;MARS2;MCCC1;ALDH1A1;CBS;AOC3;MAOA;GPT2;FAH;PDK4;LARS2;SRM;TPH1;FH;ASNS;CPS1;GLS;HMGCS2,Tam_vs_Ctrl,4 hours,NoCPT,TAM,CTRL,2,2,vst_mean_diff,0.4522521868425796,25,0.12
WP_APOPTOSIS,0.3446832794369412,0.4913570153675545,-0.2709173980268062,-1.0573850550354136,1811,78,MYC;TP63;TNFRSF21;APAF1;BNIP3L;BCL2L1;CASP10;CASP2;IRF2;CASP4;HELLS;CASP7;MAP2K4;XIAP;NFKBIE;RIPK1;IRF7;BIRC2;CASP1;NFKBIA;DIABLO;BAK1;MDM2;PIK3R1;TRADD;TNFRSF1A;JUN;CASP3;BAD,Tam_vs_Ctrl,4 hours,NoCPT,TAM,CTRL,2,2,vst_mean_diff,0.308602838912522,29,0.10344827586206896
WP_APOPTOSIS_MODULATION_AND_SIGNALING,0.2924833491912464,0.45572986967008167,-0.2777921413213339,-1.0905930449325654,1536,81,BMF;FOS;MAPK3;APAF1;AIFM2;BCL2L1;CASP10;CASP2;PEA15;IL1R1;MYD88;CAPNS1;CASP4;CASP7;NAIP;XIAP;RIPK1;BIRC2;CASP1;NFKBIA;TRAF6;DIABLO;TNFRSF10D;BAK1;MAP3K5;TRADD;TNFRSF1A;JUN;CASP3;BAD,Tam_vs_Ctrl,4 hours,NoCPT,TAM,CTRL,2,2,vst_mean_diff,0.34129250574327596,30,0.06666666666666667
WP_CELL_CYCLE,0.8956254796623178,0.962783364712005,-0.19300998768141991,-0.8009606261052119,4667,115,MYC;CCNA1;TGFB2;SMAD3;CDKN2D;ORC6;SFN;MCM5;YWHAZ;BUB1;PLK1;SMAD2;ANAPC10;RB1;CDK2;CDC25B;RBX1;CHEK1;CDC20;GSK3B;CDC14B;MDM2;CDC14A;ORC3;E2F2;WEE1;YWHAB;EP300;CDKN1B;SKP1;CDKN1A;CDC7;CCNB2;STAG2;TP53;CDC25C;CCNA2;TGFB3,Tam_vs_Ctrl,4 hours,NoCPT,TAM,CTRL,2,2,vst_mean_diff,0.016471422215241283,38,0.2894736842105263
WP_DNA_REPLICATION,0.9833687874685747,1,-0.17578523089153258,-0.6086375748534957,5084,42,RPA4;ORC6;MCM5;MCM10;RFC4;CDK2;POLD4;RFC3;ORC3;POLA2;CDC7;RPA3,Tam_vs_Ctrl,4 hours,NoCPT,TAM,CTRL,2,2,vst_mean_diff,-0,12,0
WP_ELECTRON_TRANSPORT_CHAIN_OXPHOS_SYSTEM_IN_MITOCHONDRIA,0.0031321779077051574,0.00874399665901023,0.3893169253879442,1.592221656365264,14,103,MT-ATP8;NDUFB9;NDUFS6;MT-CO3;MT-ATP6;MT-CO2;NDUFS5;MT-ND3;NDUFV3;ATP5F1D;MT-ND5;NDUFB2;MT-CYB;UQCRQ;NDUFC1;MT-ND4;NDUFA10;NDUFB7;NDUFB10;SLC25A14;SCO1;MT-ND2;MT-ND1;SURF1;ATP5ME;NDUFV2;MT-ND4L;COX17;NDUFC2;NDUFS3;ATP5PF;NDUFAB1;NDUFA11;NDUFV1;UQCR11;ATP5MC2;COX5A;COX5B;MT-CO1;COX11;UQCRC2,Tam_vs_Ctrl,4 hours,NoCPT,TAM,CTRL,2,2,vst_mean_diff,2.058290016997706,41,0.43902439024390244
WP_PROTEASOME_DEGRADATION,1,1,-0.07308202965229661,-0.26856052145895365,5142,57,NEDD4,Tam_vs_Ctrl,4 hours,NoCPT,TAM,CTRL,2,2,vst_mean_diff,-0,1,0
WP_PYRIMIDINE_METABOLISM,0.001889168765743073,0.006328715365239295,0.4460151667465019,1.7231987969262603,8,74,POLR1E;POLR1C;NT5M;POLE4;DHODH;POLR3G;POLR3H;CTPS1;NME1;POLR2J;UCK2;POLR2D;CAD;NME3;DUT;POLR2H;UMPS;POLR3E;POLR2L;UCK1;POLE3;POLR2G;POLR1B;POLD2;POLR1A;POLR1D;POLR3A;DCTPP1,Tam_vs_Ctrl,4 hours,NoCPT,TAM,CTRL,2,2,vst_mean_diff,2.19868443633457,28,0.17857142857142858
WP_RAS_SIGNALING,0.2160015497869043,0.35297814233469726,-0.2602564308296587,-1.117144593059606,1114,143,PLA2G4C;RASGRF1;EPHA2;KSR1;RRAS;PRKCG;CALML5;SOS2;MAPK3;KRAS;REL;RASAL2;RALB;PLD1;RAB5B;PIK3CD;BCL2L1;CDC42;PLA2G4B;ETS2;GRIN2B;MET;RASA1;NRAS;GAB2;CALM3;CSF1R;SHOC2;KDR;ABL2;RHOA;AKT3;GAB1;RAC1;LAT;RAB5A,Tam_vs_Ctrl,4 hours,NoCPT,TAM,CTRL,2,2,vst_mean_diff,0.4522521868425796,36,0.16666666666666666
GOBP_MITOCHONDRIAL_GENE_EXPRESSION,2.6246719160104987e-4,0.0010488087411164334,0.4690583263104954,2.0477080843228324,0,167,ALKBH1;DARS2;GFM1;METTL8;MRPS6;IARS2;MRPL23;C1QBP;MRPS23;MRPL51;MRPL28;MRPS9;MTIF2;MRPL11;TFB1M;MRPL3;MRPL37;TUFM;THAP11;TRMT61B;PNPT1;PTCD3;MRPL45;TSFM;SLC25A33;MRPL2;MRPL47;MRPL48;MRPS10;MRPL4;MRPS35;FASTKD5;MRPS22;MRPL32;MRPL38;LRPPRC;MRPL39;SHMT2;MRPS18C;MRPS17;YARS2;MRPS25;MRPS5;MRPS15;MRPL1;PRORP;MRPL13;LARS2;MRPL35;QRSL1;RPUSD3;MRPS26;TBRG4;ELAC2;MRPS24;MRPL22;MRPS27;RPUSD4;MRPL18;MRPL42;TFAM;MTPAP;MRPL33;MRPS18A;MRPL21;MRPS2;MTERF1;MRPL24;RCC1L;MRPS16;EARS2;CHCHD1;MRPL58;MRPL16;MRPS7;METTL4;CDK5RAP1;MTRF1L;TRIT1;FASTKD3;DDX3X;MRPL9;MRPS30;MRPL19;TACO1;TRMT5;MALSU1;AARS2;MRPS34;TFB2M;MRPL55;MRPL27;GATB;MRPL49,Tam_vs_Ctrl,24 hours,NoCPT,TAM,CTRL,2,2,vst_mean_diff,2.9793037017500725,94,0.10638297872340426
GOBP_MITOCHONDRIAL_RESPIRATORY_CHAIN_COMPLEX_ASSEMBLY,0.9115375031148767,0.9694129001380435,0.195842177706387,0.7845764218929446,3657,96,COX17;FOXRED1;NDUFS5;NDUFAF5;AIFM1;SLC25A33;CEP89;NDUFAF7;TMEM126A;COA8;PET100;MT-ND4;TMEM70;ECSIT;NDUFS6;HIGD1A;ATP5F1D;NDUFS2;TIMM21;ATP23;TFAM;NDUFS4;FASTKD3;NDUFAF2;TMEM186;UQCRFS1;TACO1;BCS1L;COA1;NDUFS3;FMC1;DMAC2;UQCC3;TIMMDC1;NDUFB2;NDUFAF6;COX20;CHCHD7;LYRM7;NDUFAF1;SAMM50;MT-ND5;COA3;NDUFS8;ACAD9;NDUFAF4;SCO2,Tam_vs_Ctrl,24 hours,NoCPT,TAM,CTRL,2,2,vst_mean_diff,0.013491205346195911,47,0.10638297872340426
GOBP_MITOCHONDRIAL_TRANSLATION,2.543881963876876e-4,0.0010488087411164334,0.5101516045256558,2.1421309006093483,0,129,ALKBH1;DARS2;GFM1;METTL8;MRPS6;IARS2;MRPL23;C1QBP;MRPS23;MRPL51;MRPL28;MRPS9;MTIF2;MRPL11;MRPL3;MRPL37;TUFM;PTCD3;MRPL45;TSFM;MRPL2;MRPL47;MRPL48;MRPS10;MRPL4;MRPS35;MRPS22;MRPL32;MRPL38;LRPPRC;MRPL39;SHMT2;MRPS18C;MRPS17;YARS2;MRPS25;MRPS5;MRPS15;MRPL1;MRPL13;LARS2;MRPL35;QRSL1;RPUSD3;MRPS26;MRPS24;MRPL22;MRPS27;RPUSD4;MRPL18;MRPL42;MRPL33;MRPS18A;MRPL21;MRPS2;MRPL24;RCC1L;MRPS16;EARS2;CHCHD1;MRPL58;MRPL16;MRPS7;CDK5RAP1;MTRF1L;FASTKD3;DDX3X;MRPL9;MRPS30;MRPL19;TACO1;MALSU1;AARS2;MRPS34;MRPL55;MRPL27;GATB;MRPL49;MRPL36;MTRF1;MRPL30,Tam_vs_Ctrl,24 hours,NoCPT,TAM,CTRL,2,2,vst_mean_diff,2.9793037017500725,81,0.1111111111111111
GOMF_HEAT_SHOCK_PROTEIN_BINDING,0.5072206739295667,0.5962067570751047,0.23592173402241634,0.971990638082543,2001,115,CDK1;FKBP5;TFRC;KDR;GBP1;GPR37;SGTB;HSP90AB1;NOD2;MAPT;KPNB1;HSPA1L;SACS;PPID;PPP5C;PTGES3;MVD;TOMM34;CSNK2A1;TPR;CYP1A1;HSF1;ZFP36;HSPA9;AHSA1;FAF1;DNAJC9;CREB1;LMAN2;FKBP4;BAX;IRAK1;DAXX;TSC1;HSPA13;TFAM;HTT;NR3C1;HDAC2;DNAJC8;CDC37L1;METTL21A;PTGES3L;STUB1;DNAJC7,Tam_vs_Ctrl,24 hours,NoCPT,TAM,CTRL,2,2,vst_mean_diff,0.2246031062238805,45,0.3333333333333333
GOMF_RNA_ENDONUCLEASE_ACTIVITY,0.30998080614203455,0.4504207060982077,0.2873753602741728,1.0748302438048114,1291,66,PLD6;RNASEH2A;ZC3H12A;ANG;PIWIL4;CPSF3;CWF19L1;POP4;ZC3H12C;DROSHA;RCL1;ABCE1;PRORP;RIDA;EXO1;ELAC2;DBR1;TMBIM6;POP7;PIWIL2;AGO2,Tam_vs_Ctrl,24 hours,NoCPT,TAM,CTRL,2,2,vst_mean_diff,0.3463816529313683,21,0.19047619047619047
HALLMARK_ADIPOGENESIS,0.1876523151909017,0.31431762794476037,0.25254828865489193,1.1149303381818882,692,186,CDKN2C;CAVIN2;LPL;GBE1;GADD45A;PEMT;ORM1;CAVIN1;FZD4;CMBL;PPARG;STOM;LPCAT3;ELOVL6;ACLY;COQ3;MGLL;SQOR;ANGPT1;UQCRC1;IFNGR1;TOB1;PRDX3;DHCR7;RETSAT;AIFM1;SOD1;ESYT1;PTCD3;COQ5;CYC1;IMMT;COX8A;ATL2;BCL6;DLAT;ADIPOR2;PTGER3;UQCRQ;COL4A1;SOWAHC;QDPR;IDH3A;SDHB;ABCB8;SCARB1;PIM3;PFKL;PDCD4;MDH2;ETFB;FAH;NDUFAB1;CHUK;YWHAG;POR;ANGPTL4;COX7B;CS;PGM1;ITGA7;DDT;DNAJC15;MTCH2;GPAM,Tam_vs_Ctrl,24 hours,NoCPT,TAM,CTRL,2,2,vst_mean_diff,0.5026312616663079,65,0.3230769230769231
HALLMARK_ANDROGEN_RESPONSE,0.4248202040474996,0.5349024757313571,-0.26640467368842485,-1.0161977232237065,2539,95,ALDH1A3;STEAP4;HPGD;MAF;SPDEF;PMEPA1;NKX3-1;AZGP1;HSD17B14;NDRG1;SAT1;DNAJB9;INPP4B;SEC24D;CCND1;CDC14B,Tam_vs_Ctrl,24 hours,NoCPT,TAM,CTRL,2,2,vst_mean_diff,0.2717253920208947,16,0.375
HALLMARK_ANGIOGENESIS,0.31596676397933976,0.4504207060982077,0.3713692138834588,1.0989904907418337,1406,23,THBD;LPL;STC1;TIMP1;NRP1;VCAN;PDGFA;JAG2,Tam_vs_Ctrl,24 hours,NoCPT,TAM,CTRL,2,2,vst_mean_diff,0.3463816529313683,8,0
HALLMARK_APICAL_JUNCTION,0.7824387701928087,0.8455386710148094,0.20351925778992958,0.8786082295956762,3002,156,TSPAN4;DSC3;EPB41L2;ACTA1;CALB2;LAMA3;MAP3K20;MDK;MSN;INSIG1;NRTN;CD276;MYH10;CLDN15;TUBG1;AMH;FSCN1;EGFR;PFN1;MVD;CDK8;VCAN;MPZL1;PKD1;CDH3;LAMC2;ITGA10;ARPC2;COL17A1;HRAS;CLDN9;SLIT2;YWHAH;GNAI2;AKT3;NF2;NEXN;MAPK14;ZYX;TSC1;PECAM1;ADRA1B;DHX16;GNAI1;ITGA3;CDH8;PTEN,Tam_vs_Ctrl,24 hours,NoCPT,TAM,CTRL,2,2,vst_mean_diff,0.07286652499789913,47,0.3191489361702128
HALLMARK_APICAL_SURFACE,0.9340734028092433,0.9778580935659266,0.21201579232644882,0.6792873832790152,4122,32,GAS1;BRCA1;RTN4RL1;SRPX;EPHB4;FLOT2;ADIPOR2,Tam_vs_Ctrl,24 hours,NoCPT,TAM,CTRL,2,2,vst_mean_diff,0.009724165307338514,7,0.14285714285714285
HALLMARK_APOPTOSIS,0.006884242733299337,0.018449770525242222,0.35045008610910094,1.4896126720150824,26,140,CDC25B;TOP2A;BIRC3;HMGB2;SOD2;CCNA1;GADD45A;TNF;BRCA1;BMP2;GCH1;WEE1;TAP1;FDXR;MCL1;DPYD;FAS;LMNA;CAV1;CD44;IGFBP6;EBP;CTH;CDK2;TGFBR3;DNM1L;TIMP1;IFNGR1;RETSAT;SOD1;EMP1;ANXA1;IFITM3,Tam_vs_Ctrl,24 hours,NoCPT,TAM,CTRL,2,2,vst_mean_diff,1.734009031143989,33,0.3333333333333333
HALLMARK_CHOLESTEROL_HOMEOSTASIS,0.00890707751564757,0.022102747909199524,0.42235427595371083,1.5955675140851309,36,69,FABP5;SCD;LPL;FADS2;FASN;ERRFI1;LSS;ACAT2;PPARG;PNRC1;EBP;STARD4;GUSB;NFIL3;FDPS;TRIB3;FDFT1;DHCR7;MVD;ACSS2;TMEM97;PMVK;LGMN;HMGCR,Tam_vs_Ctrl,24 hours,NoCPT,TAM,CTRL,2,2,vst_mean_diff,1.655553729590246,24,0.2916666666666667
HALLMARK_COAGULATION,0.010609632873021219,0.024511910430773158,-0.40298540248881376,-1.5219696668715663,62,90,SERPINB2;HMGCS2;RAPGEF3;F3;TIMP3;CAPN5;PDGFB;CTSO;CTSH;SERPINC1;CFH;MST1;PLAU;PRSS23;CFD;FBN1;FURIN;FN1,Tam_vs_Ctrl,24 hours,NoCPT,TAM,CTRL,2,2,vst_mean_diff,1.6106228390045738,18,0.05555555555555555
HALLMARK_COMPLEMENT,0.43111542820139226,0.5349024757313571,-0.24569444368606272,-1.0106442241005702,2662,157,SERPINB2;F3;PDGFB;CTSO;CTSH;CTSS;SERPINC1;CFH;TIMP2;APOBEC3F;CDK5R1;PHEX;LGALS3;IRF7;MMP13;CP;HSPA1A;PRKCD;APOBEC3G;FN1;CDA;PIM1;CPQ;PLA2G7;CTSD;PDP1;IRF1;MAFF;DUSP5;BRPF3;GATA3;SERPINE1,Tam_vs_Ctrl,24 hours,NoCPT,TAM,CTRL,2,2,vst_mean_diff,0.2717253920208947,32,0.15625
HALLMARK_DNA_REPAIR,0.022011773739442027,0.04608715126695674,0.3243801923157143,1.3896450632189956,85,147,ARL6IP1;ZWINT;TYMS;RPA3;SSRP1;RFC4;RFC3;PRIM1;POLH;NME1;COX17;NELFCD;POLD1;LIG1;POLR2I;SDCBP;GTF2H3;BRF2;SF3A3;CSTF3;RFC5;RRM2B;RAD51;POLA1;RAE1;DDB2;POLE4;NUDT21;POLR2A;POLR1C;NELFB;GTF3C5;ALYREF;DDB1;REV3L;POLR3GL;NT5C3A;GTF2H5;BCAP31;DGUOK;POLR2D;HPRT1;IMPDH2;POLR2E,Tam_vs_Ctrl,24 hours,NoCPT,TAM,CTRL,2,2,vst_mean_diff,1.3364201356002963,44,0.20454545454545456
HALLMARK_E2F_TARGETS,2.722570106180234e-4,0.0010488087411164334,0.769203163072168,3.421306204974495,0,197,CDC25B;TOP2A;CDC20;DLGAP5;KIF2C;CDKN3;SPAG5;CIT;DEPDC1;HMMR;PTTG1;KIF4A;CCNB2;AURKA;MKI67;BIRC5;PLK1;CENPE;AURKB;CKS2;CDK1;CDCA8;BUB1B;CDCA3;NCAPD2;ESPL1;SPC24;KIF18B;STMN1;TACC3;HMGB2;RACGAP1;DIAPH3;UBE2S;PLK4;KPNA2;MXD3;DSCC1;MELK;MAD2L1;CDKN2C;SMC4;ANP32E;LMNB1;SUV39H1;GINS4;BRCA2;CHEK2;HMGA1;SPC25;TUBB;DDX39A;LBR;CKS1B;KIF22;TK1;RAD21;PRKDC;HMGB3;CSE1L;RPA3;MTHFD2;RAD51AP1;NUP205;RNASEH2A;MYBL2;UBE2T;TFRC;BRCA1;PAICS;TRIP13;TIMELESS;WEE1;SSRP1;GINS1;CENPM;TMPO;ASF1B;TCF19;RFC3;CHEK1;SMC1A;PRIM2;ATAD2;DCK;EXOSC8;DEK;EZH2;RAN;STAG1;NME1;SNRPB;E2F8;JPT1;PRPS1;TUBG1;POLD1;LIG1;TIPIN;POLD2;RRM2;POLE;NUP107;ORC6;XRCC6;MLH1;MCM7;NAA38;PSIP1;DCLRE1B;IPO7;SRSF2;RBBP7;MMS22L;TRA2B;NOLC1;MCM4;POLE4,Tam_vs_Ctrl,24 hours,NoCPT,TAM,CTRL,2,2,vst_mean_diff,2.9793037017500725,118,0.2288135593220339
HALLMARK_EPITHELIAL_MESENCHYMAL_TRANSITION,0.036110394635027084,0.07331504365293377,0.30647277169744175,1.3188655078147813,139,151,NNMT;EMP3;VIM;LOX;TNC;LOXL2;SNAI2;GADD45A;LAMA2;GAS1;ECM2;SERPINE2;CXCL1;TAGLN;TNFAIP3;FLNA;LAMA3;SPOCK1;SFRP1;CXCL8;AREG;FAS;SLC6A8;FOXC2;PLOD1;FBN2;CDH2;COL4A2;CD44;FERMT2;ITGA5;ECM1;TGFBR3;TIMP1;PTX3;MCM7;GLIPR1;IL15,Tam_vs_Ctrl,24 hours,NoCPT,TAM,CTRL,2,2,vst_mean_diff,1.134806902506033,38,0.13157894736842105
HALLMARK_ESTROGEN_RESPONSE_EARLY,0.004783926008611067,0.013935784459867021,-0.353520533577041,-1.4817139296889354,29,181,TGM2;TTC39A;ANXA9;INHBB;XBP1;DHRS3;KLK10;SYNGR1;KCNK15;ALDH3B1;WFS1;MLPH;THSD4;DLC1;AR;HES1;KRT13;SEMA3B;PRSS23;TMPRSS3;ENDOD1;BAG1;PLAAT3;FOXC1;SLC37A1;PDZK1;REEP1;RETREG1;PTGES;GAB2;ABLIM1;CLIC3;CCND1;AQP3;ELF3;IGFBP4;KRT15;MSMB;UGCG;FARP1;TPBG;UNC119;BLVRB;RPS6KA2;SULT2B1;P2RY2;FCMR;ADD3;ADCY9;ZNF185;BCL2;SLC2A1;NRIP1;LRIG1;SEC14L2;TJP3;CELSR2;MYC;RARA;KRT19,Tam_vs_Ctrl,24 hours,NoCPT,TAM,CTRL,2,2,vst_mean_diff,1.8558685793724539,60,0.23333333333333334
HALLMARK_ESTROGEN_RESPONSE_LATE,8.023535704733886e-4,0.0028293520643008965,0.38397636992105855,1.6794867522917492,2,173,TOP2A;CDC20;KIF20A;NMU;LTF;SGK1;PLK4;ACOX2;FKBP5;FABP5;S100A9;CA2;SERPINA1;CCNA1;GJB3;DHRS2;SLC26A2;RNASEH2A;STIL;GLA;CHPT1;SORD;TIAM1;SERPINA3;AREG;MDK;HR;XRCC3;PRLR;CAV1;DUSP2;GAL;MAPT;IDH2;CD44;SLC27A2;MYB;ELOVL5;NBL1,Tam_vs_Ctrl,24 hours,NoCPT,TAM,CTRL,2,2,vst_mean_diff,2.5483130086865597,39,0.20512820512820512
HALLMARK_FATTY_ACID_METABOLISM,0.32865884752677205,0.458752974672786,0.2466643035499237,1.0484639235824094,1288,140,MAOA;CA2;LDHA;ACSL4;FASN;VNN1;AQP7;GLUL;PTPRG;ADSL;ACAT2;ODC1;ECI2;RDH16;ELOVL5;HSD17B11;CBR3;MGLL;G0S2;METAP1;RETSAT;EHHADH;NCAPH2;HSDL2;S100A10;MIF;SDHA;ACSL1;SMS;SUCLG2;KMT5A;ADIPOR2;CYP1A1;BLVRA;FH;MDH1;LGALS1;ENO3;YWHAH;HMGCS1;MDH2;CPOX;NBN;ALDH9A1;PRDX6,Tam_vs_Ctrl,24 hours,NoCPT,TAM,CTRL,2,2,vst_mean_diff,0.338421106653123,45,0.35555555555555557
HALLMARK_G2M_CHECKPOINT,2.7100271002710027e-4,0.0010488087411164334,0.7704173565798652,3.4197909149239845,0,194,NEK2;CDC25B;TOP2A;CDC20;TROAP;KIF2C;CDKN3;CENPF;BUB1;HMMR;PTTG1;UBE2C;KIF4A;CCNB2;MT2A;PRC1;AURKA;CENPA;NUSAP1;MKI67;KNL1;TTK;BIRC5;PLK1;CENPE;PBK;CCNA2;TPX2;AURKB;CKS2;KIF20B;CDK1;ESPL1;KIF15;KIF23;STMN1;TRAIP;TACC3;NDC80;KIF11;CCNF;RACGAP1;UBE2S;PLK4;KPNA2;INCENP;ODF2;MAD2L1;CDKN2C;POLQ;SMC4;DTYMK;LMNB1;SMC2;SUV39H1;BRCA2;HMGN2;HMGA1;DDX39A;DBF4;LBR;CKS1B;KIF22;RAD21;HMGB3;MYBL2;STIL;KATNA1;NSD2;CDC7;TMPO;MAP3K20;PRMT5;CHEK1;BUB3;SMC1A;PRIM2;RAD54L;E2F2;FBXO5;SAP30;ODC1;EZH2;STAG1;SFPQ;CDC27;JPT1;SS18,Tam_vs_Ctrl,24 hours,NoCPT,TAM,CTRL,2,2,vst_mean_diff,2.9793037017500725,88,0.1590909090909091
HALLMARK_GLYCOLYSIS,0.006413682522715126,0.01790486370924639,0.3378244409372356,1.4812492269245396,23,175,KIF20A;DEPDC1;HMMR;AURKA;CENPA;CDK1;STMN1;LDHA;ANG;GNPDA1;P4HA1;ALDH7A1;SAP30;PLOD1;PGK1;HK2;CD44;TXN;PRPS1;GOT1;CTH;PPIA;GUSB;HOMER1;STC1;IRS2;PGAM1;EGFR;PGM2;ADORA2B;SOD1;GPR87;SLC37A4;DDIT4;B3GALT6;MED24;VCAN;PKP2;CLN6;MIF;TPI1;FAM162A;GOT2;KIF2A;EFNA3,Tam_vs_Ctrl,24 hours,NoCPT,TAM,CTRL,2,2,vst_mean_diff,1.7470289804631647,45,0.26666666666666666
HALLMARK_HEDGEHOG_SIGNALING,0.4824075727808537,0.5784031605130956,-0.3371462329797547,-0.9834578447137772,2700,24,CDK5R1;ACHE;VLDLR;PTCH1;ADGRG1;HEY1;LDB1;CDK6;CELSR1;RASA1;OPHN1,Tam_vs_Ctrl,24 hours,NoCPT,TAM,CTRL,2,2,vst_mean_diff,0.23776934263322244,11,0.2727272727272727
HALLMARK_HEME_METABOLISM,0.9966057863261678,0.9966057863261678,-0.16315687068980272,-0.6736863099335025,6165,162,RAP1GAP;BPGM;BCAM;OSBP2;TMCC2;ENDOD1;PPP2R5B;SNCA;SYNJ1;AQP3;MOSPD1;ALDH6A1;LMO2;FN3K;PIGQ;SELENBP1;SLC66A2;BLVRB;YPEL5;TMEM9B;LRP10;GYPC;UCP2;RBM38;SLC2A1,Tam_vs_Ctrl,24 hours,NoCPT,TAM,CTRL,2,2,vst_mean_diff,0.0014765956295113927,25,0.2
HALLMARK_HYPOXIA,0.14034526854219948,0.2411059741622401,-0.2817551096264271,-1.1757212236452521,877,174,CCN2;TGM2;IGFBP3;PPP1R3C;RRAGD;GPC4;F3;PDGFB;PLAC8;TGFB3;GLRX;HS3ST1;CCN1;ISG20;FBP1;ADM;EDN2;JUN;GAA;NDRG1;PFKFB3;CP;PRDX5;KIF5A;BGN;ATP7A;HMOX1;PIM1;NAGK;IDS;SELENBP1;TPBG;SLC2A5;SULT2B1;VLDLR;MAFF;LXN,Tam_vs_Ctrl,24 hours,NoCPT,TAM,CTRL,2,2,vst_mean_diff,0.6177920284713618,37,0.10810810810810811
HALLMARK_IL2_STAT5_SIGNALING,0.2001310186701605,0.3270433719731891,-0.27903169678881634,-1.1384490661196989,1221,150,TGM2;PHLDA1;XBP1;DHRS3;RRAGD;LIF;NT5E;SERPINC1;TNFRSF21;CAPN3;ADAM19;GPX4;NDRG1;SOCS1;ETFBKMT;FLT3LG;FURIN;GABARAPL1;CCNE1;P2RX4;NFKBIZ;PIM1;PTGER2;SMPDL3A;BCL2L1;PRAF2;GLIPR2;PTCH1;MAFF;CSF1;TNFSF10;SH3BGRL2,Tam_vs_Ctrl,24 hours,NoCPT,TAM,CTRL,2,2,vst_mean_diff,0.48539464807501664,32,0.09375
HALLMARK_IL6_JAK_STAT3_SIGNALING,0.48344144759303515,0.5784031605130956,-0.27692881419110627,-0.9839820816325158,2831,62,TNFRSF21;CD14;JUN;IL1B;SOCS1;IL1R1;TNFRSF12A;STAT2;HMOX1;PIM1;IRF1;IRF9;CSF1;IL9R;CSF3R;TYK2,Tam_vs_Ctrl,24 hours,NoCPT,TAM,CTRL,2,2,vst_mean_diff,0.23776934263322244,16,0
HALLMARK_INFLAMMATORY_RESPONSE,0.4194985153414715,0.5349024757313571,-0.25256747552316916,-1.016346642370482,2542,135,F3;CD82;LIF;CCL22;SCARF1;C5AR1;PTAFR;ADM;CD14;ABCA1;IL1B;TLR3;TLR1;IRF7;IL1R1;GABBR1;SCN1B;P2RX4;PCDH7;INHBA;PTGER2;SRI;TPBG;IRF1;CYBB;CSF1;TNFSF10;ACVR2A;TNFSF15;AXL;P2RY2;SLC31A2;SERPINE1;BST2;CSF3R;RNF144B;AHR,Tam_vs_Ctrl,24 hours,NoCPT,TAM,CTRL,2,2,vst_mean_diff,0.2717253920208947,37,0.05405405405405406
HALLMARK_INTERFERON_ALPHA_RESPONSE,0.1399832355406538,0.2411059741622401,-0.3204177836726616,-1.2128806661426184,834,91,DHX58;UBA7;ISG20;BATF2;TMEM140;IFI44;IFIT2;IRF7;ISG15;TRIM5;STAT2;CD74;OAS1;SAMD9L;MX1;UBE2L6;MOV10;IRF1;IRF9;CSF1;IFI35;BST2,Tam_vs_Ctrl,24 hours,NoCPT,TAM,CTRL,2,2,vst_mean_diff,0.6177920284713618,22,0
HALLMARK_INTERFERON_GAMMA_RESPONSE,0.07876082961407194,0.15077073097550914,0.2813173348918825,1.2245391789272526,299,164,MT2A;SOD2;CIITA;MX2;OAS3;C1R;TNFAIP6;NFKBIA;IFIT1;MTHFD2;TNFAIP3;GCH1;TAP1;NUP93;FAS;CXCL10;NAMPT;FPR1;CFB;HLA-B;KLRK1;PARP12;PSME2;NLRC5;IL15;PNPT1;PSMA3;IFITM3;B2M;PSMA2;RAPGEF6;NFKB1;SAMHD1;STAT3;UPP1,Tam_vs_Ctrl,24 hours,NoCPT,TAM,CTRL,2,2,vst_mean_diff,0.8216829595907329,35,0.2
HALLMARK_KRAS_SIGNALING_DN,1.6542597187758478e-4,0.0010488087411164334,-0.4929132243876951,-1.9246621361027658,0,109,KRT4;SERPINB2;SLC6A14;TGFB2;SYNPO;PTGFR;NR4A2;CLDN16;ATP6V1B1;COPZ2;UPK3B;CCDC106;KRT13;TG;SLC29A3;EDN2;HTR1D;ZC2HC1C;THNSL2;SIDT1;NPY4R;P2RY4;P2RX6;CYP39A1;HSD11B2;MAGIX;GDNF;IDUA;GAMT;KLK7;RIBC2;MYO15A;PDK2;CPEB3;CALML5;KRT15;MX1;CAMK1D;SPRR3;BMPR1B;SHOX2;SNN;GPRC5C;SLC16A7;ALOX12B,Tam_vs_Ctrl,24 hours,NoCPT,TAM,CTRL,2,2,vst_mean_diff,2.9793037017500725,45,0.1111111111111111
HALLMARK_KRAS_SIGNALING_UP,0.274487284659557,0.408681068270896,-0.2682826777793145,-1.092362413611285,1672,147,IGFBP3;ALDH1A3;IGF2;VWA5A;SPRY2;LIF;ITGB2;GPRC5B;BPGM;EPHB2;CTSS;GLRX;CROT;CFH;FUCA1;SEMA3B;PLAU;IL1B;ID2;ITGBL1;ACE;CLEC4A;SCN1B;PTPRR;BTC;INHBA;PIGR;SLPI;PTGS2,Tam_vs_Ctrl,24 hours,NoCPT,TAM,CTRL,2,2,vst_mean_diff,0.38861548006652347,29,0.13793103448275862
HALLMARK_MITOTIC_SPINDLE,2.7240533914464724e-4,0.0010488087411164334,0.6252736467203742,2.7816611221008016,0,198,NEK2;TOP2A;DLGAP5;KIF2C;CENPF;BUB1;ANLN;KIF4A;CCNB2;PRC1;AURKA;NUSAP1;TTK;BIRC5;PLK1;CENPE;PIF1;TPX2;KIF20B;CDK1;ESPL1;KIF15;KIF23;NDC80;KIF11;ECT2;RACGAP1;INCENP;CKAP5;SMC4;EPB41L2;LMNB1;SASS6;BRCA2;CENPJ;CNTRL;KIF22;ARHGAP4;KATNA1;FLNA;TIAM1;KNTC1;CCDC88A;CDC42EP4;SMC1A;DOCK4;FBXO5;PCNT;MYH10;CDC27;RAPGEF5;KPTN,Tam_vs_Ctrl,24 hours,NoCPT,TAM,CTRL,2,2,vst_mean_diff,2.9793037017500725,52,0.15384615384615385
HALLMARK_MTORC1_SIGNALING,2.7063599458728013e-4,0.0010488087411164334,0.5064180577073331,2.2435404078127825,0,191,BUB1;AURKA;PLK1;CCNF;SCD;DDX39A;LDHA;GBE1;FADS2;MTHFD2;NUP205;TFRC;POLR3G;ASNS;GLA;PDK1;PSAT1;SORD;CFP;FADS1;PSMG1;FDXR;P4HA1;INSIG1;NAMPT;HSPD1;PGK1;HK2;PSMD14;EBP;STARD4;GOT1;ELOVL6;TUBG1;ACLY;CTH;ELOVL5;PPIA;BHLHE40;RRM2;NFIL3;UCHL5;GPI;PRDX1;STC1;TRIB3;CTSC;SLC6A6;DHCR7;TCEA1;PSMA3;SLC37A4;PHGDH;DDIT4;TMEM97;TOMM40;HSP90B1;MCM4;LGMN;RPA1;HMGCR;IMMT;TPI1;CACYBP;PSMA4;ACACA;ADIPOR2;ETF1;ACSL3;SHMT2;QDPR;GSK3B;CYP51A1;CCNG1;TBK1;PFKL;PSMC2;TUBA4A;PSMC6;EEF1E1;CYB5B;HPRT1;HSPA9;HMGCS1;SRD5A1;HSPE1;CCT6A;IFI30,Tam_vs_Ctrl,24 hours,NoCPT,TAM,CTRL,2,2,vst_mean_diff,2.9793037017500725,88,0.375
HALLMARK_MYC_TARGETS_V1,2.710761724044456e-4,0.0010488087411164334,0.6669682337845475,2.9639089185314003,0,195,CDC20;CCNA2;KPNA2;MAD2L1;HNRNPA2B1;RRM1;LDHA;TYMS;HNRNPA1;LSM2;SNRPA;RFC4;BUB3;XPOT;RUVBL2;CAD;DEK;HDGF;ODC1;NOP16;HSPD1;HSP90AB1;RAN;PGK1;NME1;TCP1;PSMD14;SNRPG;PSMA6;MRPL23;HNRNPA3;UBA2;KPNB1;SNRPD1;PPIA;C1QBP;SNRPA1;VDAC1;VBP1;CDK2;PSMB3;FBL;POLD2;SSBP1;PSMD1;YWHAQ;CCT5;SERBP1;XRCC6;PRPS2;CCT4;HNRNPR;DDX21;CBX3;TUFM;MCM7;EIF4E;PWP1;PRDX3;PTGES3;CCT2;PSMD3;ERH;SRSF2;FAM120A;SRPK1;CCT7;PPM1G;TRA2B;NOLC1;MCM4;UBE2L3;CNBP;PCBP1;CYC1;PSMA2;RAD23B;AP3S1;PSMA1;PSMA7;RANBP1;RSL1D1;PSMA4;XPO1;EIF4A1;SRSF1;TARDBP;VDAC3;YWHAE;ETF1;GOT2;ILF2;EIF1AX;CDC45;MCM6;GSPT1;HNRNPU;HNRNPC;USP1;PRPF31;EIF3B;RNPS1;ABCE1;EXOSC7;TFDP1;GLO1;HNRNPD;CTPS1;TXNL4A;CLNS1A;SF3B3;PSMC6;PSMB2;CUL1;SYNCRIP;SRSF3;NPM1;HPRT1;EIF4H;IMPDH2;NCBP1;HSPE1;ACP1;NDUFAB1;LSM7;EIF3J;PSMD7;G3BP1;ORC2;DHX15;SRSF7;PA2G4;SET;PRDX4;DDX18;NCBP2;CSTF2;SNRPD3;CDK4;NAP1L1;TRIM28;EIF2S1,Tam_vs_Ctrl,24 hours,NoCPT,TAM,CTRL,2,2,vst_mean_diff,2.9793037017500725,142,0.5915492957746479
HALLMARK_MYC_TARGETS_V2,2.3719165085388995e-4,0.0010488087411164334,0.5670018095832016,2.0656663189619926,0,57,PLK1;PLK4;SORD;TCOF1;DUSP2;NOP16;HSPD1;HK2;LAS1L;MRTO4;NOC4L;CBX3;TMEM97;NOLC1;MCM4;RCL1;WDR43;RRP12;NPM1;HSPE1;PES1;IMP4;TBRG4;PA2G4;DDX18;CDK4;PRMT3;BYSL;FARSA;NOP2,Tam_vs_Ctrl,24 hours,NoCPT,TAM,CTRL,2,2,vst_mean_diff,2.9793037017500725,30,0.3
HALLMARK_NOTCH_SIGNALING,0.63543349488422185,0.7095674026207144,-0.2960289606462059,-0.8890597734032425,3539,28,WNT5A;HES1;ARRB1;CCND1,Tam_vs_Ctrl,24 hours,NoCPT,TAM,CTRL,2,2,vst_mean_diff,0.14900634411647223,4,0.25
HALLMARK_OXIDATIVE_PHOSPHORYLATION,0.06413755458515284,0.12638871050603648,0.27708602695708684,1.2348885138364285,234,200,PDK4;LDHA;IDH2;NDUFB6;COX17;TIMM50;VDAC1;NDUFA9;GPI;UQCRC1;MRPL11;LDHB;COX6C;NDUFV2;PRDX3;RETSAT;AIFM1;AFG3L2;CYC1;SDHA;IMMT;ABCB7;COX8A;DLAT;MRPS22;ATP5F1B;VDAC3;GOT2;LRPPRC;UQCRQ;FH;IDH3A;SDHB;MRPS15;MDH1;ACAT1;ALAS1;ATP5F1A;OPA1;MRPL35;HSPA9;MDH2;ETFB;NDUFAB1;POR;COX10;ETFA;NDUFS6;PDHA1;BAX;COX7B;CS;PDHX;ATP5F1D;NDUFS2;DLST;PDHB;MGST3;NDUFA8;NDUFS4;TOMM22;SLC25A5;GRPEL1;NDUFB8;TOMM70;CPT1A;VDAC2;ATP5PF;ATP5PB;GLUD1;SLC25A3;PHB2;SUCLA2;MRPS30;UQCRC2;UQCRFS1,Tam_vs_Ctrl,24 hours,NoCPT,TAM,CTRL,2,2,vst_mean_diff,0.8982917170655051,76,0.4473684210526316
HALLMARK_P53_PATHWAY,0.3945872801082544,0.5287469553450609,0.22993340681645782,1.0186542155195117,1457,191,ZBTB16;RGS16;GADD45A;RRAD;SPHK1;BMP2;TM7SF3;TAP1;FDXR;FAS;DRAM1;CD81;POLH;STOM;MKNK2;TPRKB;NUDT15;LDHB;TRIB3;PMM1;GLS2;TOB1;RPS27L;RETSAT;MXD4;DDIT4;PDGFA;DDB2;S100A10;RAD51C;STEAP3;RHBDF2;SLC19A2;FAM162A;JAG2;UPP1;ATF3;SESN1;IER5;TNFSF9;AEN;HDAC3;EI24;PROCR;SFN;HRAS;CCNG1;MDM2;DEF6;CCNK,Tam_vs_Ctrl,24 hours,NoCPT,TAM,CTRL,2,2,vst_mean_diff,0.2767521203840811,50,0.28
HALLMARK_PANCREAS_BETA_CELLS,0.2099495945649792,0.3349195913298478,0.4609305018182447,1.2266723102442878,957,15,MAFB;FOXO1;ISL1;DPP4;SPCS1;AKT3;SRP9,Tam_vs_Ctrl,24 hours,NoCPT,TAM,CTRL,2,2,vst_mean_diff,0.47505944739119044,7,0.14285714285714285
HALLMARK_PEROXISOME,0.08618566855454321,0.15606594035552418,0.32220533034218346,1.2708075671343133,349,87,TOP2A;SOD2;ACSL4;FADS1;IDH2;ECI2;SLC27A2;ELOVL5;HSD17B11;PEX5;GNPAT;PRDX1;CDK7;FDPS;RETSAT;SOD1;EHHADH;CNBP;HSD3B7;CLN6;ACSL1,Tam_vs_Ctrl,24 hours,NoCPT,TAM,CTRL,2,2,vst_mean_diff,0.8066918665059299,21,0.38095238095238093
HALLMARK_PI3K_AKT_MTOR_SIGNALING,0.007678969531830567,0.019788113793563385,0.3942880283940987,1.5659559109650014,30,91,CDK1;PDK1;TIAM1;VAV3;MKNK2;CDK2;PTPN11;TRIB3;EGFR;EIF4E;PFN1;HSP90B1;RPS6KA1;MAP2K6;PPP2R1B;ACACA;CFL1;UBE2N;THEM4;RALB;SFN;HRAS;MAP3K7;GSK3B;TBK1;RAC1;PRKAA2;ITPR2;RPS6KA3;NCK1;ACTR2;ECSIT;MAPK1;ARHGDIA;CDK4;ACTR3;MAPKAP1;PTEN;ARF1;MKNK1;PPP1CA,Tam_vs_Ctrl,24 hours,NoCPT,TAM,CTRL,2,2,vst_mean_diff,1.7035956008460333,41,0.4146341463414634
HALLMARK_PROTEIN_SECRETION,0.9895600298284862,0.9966057863261678,0.16591503535420998,0.6641159169828263,3980,95,ANP32E;GLA;AP2B1;DNM1L;CTSC;EGFR;SOD1;KIF1B;AP3S1;KRT18;LMAN1;AP3B1;SEC31A;TPD52;RPS6KA3;SNX2;TMX1;GOLGA4;MAPK1;ZW10;ATP1A1;SCAMP1;ARF1,Tam_vs_Ctrl,24 hours,NoCPT,TAM,CTRL,2,2,vst_mean_diff,0.0014765956295113927,23,0.43478260869565216
HALLMARK_REACTIVE_OXYGEN_SPECIES_PATHWAY,0.7694742394935818,0.8451602302634424,-0.24547123672495003,-0.8228920327941481,4375,46,FES;GLRX;NQO1;GPX4,Tam_vs_Ctrl,24 hours,NoCPT,TAM,CTRL,2,2,vst_mean_diff,0.07306094723673374,4,0.5
HALLMARK_TGF_BETA_SIGNALING,0.9863227146814404,0.9966057863261678,-0.17654583958620906,-0.60831791990799,5696,53,PMEPA1;SMAD6;ID2;FURIN;SERPINE1;SKIL;JUNB;THBS1;XIAP;SMAD7;SPTBN1;ID3,Tam_vs_Ctrl,24 hours,NoCPT,TAM,CTRL,2,2,vst_mean_diff,0.0014765956295113927,12,0.3333333333333333
HALLMARK_TNFA_SIGNALING_VIA_NFKB,0.004563758389261745,0.013898718730933495,0.3391919359978083,1.4948649916696515,16,183,BIRC3;GFPT2;TNC;SGK1;SOD2;PER1;KLF9;DUSP1;IL7R;GADD45A;TNFAIP6;NFKBIA;TNF;SPHK1;CXCL1;ZC3H12A;BMP2;TNFAIP3;ETS2;GCH1;TAP1;CCL20;TUBB2A;AREG;KLF6;FOSL2;MCL1;CXCL2;CXCL10;NAMPT;DUSP2;DRAM1;CEBPD;CD44;TNIP1;BCL2A1;PNRC1;BHLHE40;NFIL3;CEBPB;G0S2;IRS2;PTX3,Tam_vs_Ctrl,24 hours,NoCPT,TAM,CTRL,2,2,vst_mean_diff,1.8570252338274176,43,0.20930232558139536
HALLMARK_UNFOLDED_PROTEIN_RESPONSE,0.010015022533800702,0.02396451820588025,0.3689407003352486,1.5025314295734504,39,107,CKS1B;PDIA5;IFIT1;MTHFD2;ASNS;PSAT1;TUBB2A;XPOT;DDX10;FKBP14;KHSRP;CEBPB;EIF4E;CEBPG;LSM4;DDIT4;HSP90B1;NOLC1;POP4;YWHAZ;EIF4A1;EXOSC10;ATF3;MTREX;DKC1;DCP1A;SEC31A;NOP14;STC2;KIF5B;SPCS1;EXOSC2;NPM1;HSPA9,Tam_vs_Ctrl,24 hours,NoCPT,TAM,CTRL,2,2,vst_mean_diff,1.6204312978481141,34,0.38235294117647056
HALLMARK_UV_RESPONSE_DN,0.08131687242798354,0.1513397347965249,-0.3176661064645266,-1.2697099831175374,493,128,DAB2;F3;PTGFR;PRKAR2B;MAP1B;CCN1;DLC1;KCNMA1;PLPP3;PTPRM;RBPMS;RND3;SYNE1;INPP4B;GCNT1;SLC22A18;MMP16;MGMT;RUNX1;SYNJ2;SRI;ERBB2;IRS1;VLDLR;ACVR2A;ADD3;LTBP1;SERPINE1;CITED2;BCKDHB;PLCB4;PDLIM5;PEX14;GRK5;MYC;TGFBR2;SMAD7;COL5A2;EFEMP1,Tam_vs_Ctrl,24 hours,NoCPT,TAM,CTRL,2,2,vst_mean_diff,0.8200470314131638,39,0.23076923076923078
HALLMARK_UV_RESPONSE_UP,0.0020304568527918783,0.0064781242446217075,0.3732809460003239,1.57949282270127,7,135,SOD2;GGH;CTSV;MAOA;CA2;NFKBIA;RRAD;CDKN1C;TFRC;BMP2;ASNS;GCH1;TAP1;RFC4;PARP2;POLG2;CXCL2;SLC6A8;GAL;RASGRP1;MRPL23;CDK2;GLS;ARRB2;DDX21;AMD1;CEBPG;PSMC3;EPCAM;HTR7;E2F5;C4BPB;ATF3;SIGMAR1;BSG;CYP1A1;HNRNPU;COL2A1;CDC5L;BTG3;ALAS1;TUBA4A;CYB5B;PPIF;TGFBRAP1;GRINA;FKBP4;TMBIM6;KLHDC3;RPN1;LYN;HSPA13;PPAT;CHRNA5,Tam_vs_Ctrl,24 hours,NoCPT,TAM,CTRL,2,2,vst_mean_diff,2.1885507268667235,54,0.24074074074074073
HALLMARK_WNT_BETA_CATENIN_SIGNALING,0.5675530965554167,0.6445094486307276,-0.29984784514451357,-0.9369060589309773,3179,33,DKK1;TCF7;FRAT1;HDAC11;HDAC5;PTCH1;HEY1;MYC,Tam_vs_Ctrl,24 hours,NoCPT,TAM,CTRL,2,2,vst_mean_diff,0.19077071142445337,8,0.125
HALLMARK_XENOBIOTIC_METABOLISM,0.4303818034118603,0.5349024757313571,-0.24612395898717795,-1.0079280710119498,2648,153,TGFB2;SLC46A3;CES1;RAP1GAP;DDAH2;CROT;FBP1;NQO1;TPST1;CYP2E1;ID2;CSAD;PTGES;SERTAD1;IL1R1;DHRS1;CYP27A1;GABARAPL1;ITIH4;EPHA2;CDA;ACP2;ACOX3;IGFBP4;HMOX1;ALDH2;BLVRB;CYP2S1;GSTM4;PSMB10;SLC22A1;SERPINE1;ACSM1;ABCC3,Tam_vs_Ctrl,24 hours,NoCPT,TAM,CTRL,2,2,vst_mean_diff,0.2717253920208947,34,0.058823529411764705
PID_MYC_ACTIV_PATHWAY,2.4295432458697764e-4,0.0010488087411164334,0.5281674651504934,2.0228620441694365,0,74,CCNB1;BIRC5;HMGA1;LDHA;TK1;TFRC;PTMA;RUVBL2;CAD;ODC1;HSPD1;SNAI1;NME1;TAF4B;RUVBL1;EIF4E;PRDX3;NCL;EIF4A1;SHMT1;MTDH;KAT2A;NPM1;NBN;RCC1;ENO1;HUWE1;BAX;DDX18;CDK4;EIF2S1;GPAM;TRRAP;CDCA7;HSP90AA1;RIOX2;PEG10;NME2;SUPT3H;ACTL6A;HSPA4;IREB2;NDUFAF2,Tam_vs_Ctrl,24 hours,NoCPT,TAM,CTRL,2,2,vst_mean_diff,2.9793037017500725,43,0.5348837209302325
REACTOME_ACTIVATION_OF_ATR_IN_RESPONSE_TO_REPLICATION_STRESS,2.2825838849577722e-4,0.0010488087411164334,0.6637144647236997,2.2054088865837027,0,37,CDC25C;ORC1;DBF4;RPA3;CDC7;MCM8;RFC4;RFC3;CHEK1;CDK2;ORC6;RFC5;MCM7;MCM4;RPA1;CDC45;MCM6;ATRIP,Tam_vs_Ctrl,24 hours,NoCPT,TAM,CTRL,2,2,vst_mean_diff,2.9793037017500725,18,0
REACTOME_CELL_CYCLE_CHECKPOINTS,2.817695125387433e-4,0.0010488087411164334,0.6792549992158858,3.098972594591694,0,241,CDC20;KIF2C;CDC25C;CENPF;BUB1;UBE2C;CCNB2;NUF2;CCNB1;CENPA;SGO2;KNL1;GTSE1;BIRC5;PLK1;KIF18A;CENPE;CCNA2;AURKB;CDK1;CDCA8;BUB1B;SGO1;SPC24;CENPI;SKA1;NDC80;ERCC6L;CENPH;UBE2S;CENPN;INCENP;MAD2L1;ZWILCH;ZWINT;CKAP5;MDC1;ORC1;SPDL1;BLM;CHEK2;CENPL;SPC25;CCNA1;DBF4;NDE1;RPA3;CENPK;BRCA1;NSD2;WEE1;CENPM;CDC7;MCM8;CENPO;PPP2R5D;KNTC1;RANGAP1;RFC4;RFC3;CHEK1;BUB3;CENPP;PKMYT1;PPP1CC;CENPU;AHCTF1;BRIP1;PSMD14;RCC2;PSMA6;CDC27;RMI1;CDK2;UBB;UIMC1;PSMB3;NUP107;PSMD1;ORC6;YWHAQ;RNF168;NUP37;RFC5;ANAPC1;PSMD2;MCM7;CENPQ;SKA2;PSMB1;PSMA3;PSMD3;PSMC3;MCM4;PSMC1;PSMB6;RPA1;PSMD11;NUP85;PSMA2;DSN1;DNA2;PSMA1;PSMA7;RMI2;MRE11;YWHAZ;PSMA4;CENPS;DYNC1I2;XPO1;PPP2R1B;ANAPC15;ITGB3BP;YWHAE;DYNC1H1;BRCC3;KIF2A;CDC45;RNF8;MCM6;UBE2N;ATRIP;ANAPC5;SEM1;SFN;NUP160;NUDC;SEC13;NUP43;CLASP1;MDM2;PSMC2;YWHAH;NUP133;PSMC6;PSMB2;NUP98;SEH1L;TOPBP1,Tam_vs_Ctrl,24 hours,NoCPT,TAM,CTRL,2,2,vst_mean_diff,2.9793037017500725,140,0.15714285714285714
REACTOME_GLUCOSE_METABOLISM,2.4073182474723158e-4,0.0010488087411164334,0.47534679615030484,1.7957623470230895,0,69,NDC1;NUP205;NUP210;PPP2R5D;NUP93;GNPDA1;G6PC3;PGK1;HK2;NUP107;GPI;NUP188;NUP37;PGAM1;PCK2;SLC37A4;RAE1;NUP88;NUP85;HK1;TPI1;NUP50;PPP2R1B;TPR;NUP160;NUP54;SEC13;NUP43;PFKL;ENO3;NUP133;NUP98;NUP153;SEH1L;NUP35;POM121;PPP2CA;ENO1;NUP155;RANBP2,Tam_vs_Ctrl,24 hours,NoCPT,TAM,CTRL,2,2,vst_mean_diff,2.9793037017500725,40,0.35
REACTOME_MITOCHONDRIAL_TRANSLATION,2.479543763947434e-4,0.0010488087411164334,0.5408893000044537,2.1566025537595737,0,93,GFM1;MRPS6;MRPL23;MRPS23;MRPL51;MRPL28;MRPS9;MTIF2;MRPL11;MRPL3;MRPL37;TUFM;PTCD3;MTFMT;MRPL45;TSFM;MRPL2;MRPL47;MRPL48;MRPS10;MRPL4;MRPS35;MRPS22;MRPL32;MRPL38;MRPL39;MRPS18C;MRPS17;MRPS25;MRPS5;MRPS15;MRPL1;MRPL13;MRPL35;MRPS26;MRPS24;MRPL22;MRPS27;MRPL18;MRPL42;MRPL33;MRPS18A;MRPL21;MRPS2;MRPL24;MRPS16;CHCHD1;MRPL58;MRPL16;MRPS7;MTRF1L;MRPL9;ERAL1;MRPS30;MRPL19,Tam_vs_Ctrl,24 hours,NoCPT,TAM,CTRL,2,2,vst_mean_diff,2.9793037017500725,55,0.07272727272727272
REACTOME_MRNA_SPLICING,2.7412280701754384e-4,0.0010488087411164334,0.5149226488383664,2.310903590345407,0,210,HNRNPA2B1;LSM5;PPIH;HNRNPA1;LSM2;SNRPA;YBX1;LSM3;HNRNPM;SNRPF;SNRPB;PRPF19;SNRNP25;SNRPG;HNRNPA3;PTBP1;PPIL1;SNRPD1;POLR2I;SNRPA1;CWC27;SF3A3;RBMX;SNRNP40;HNRNPR;ZCRB1;LSM6;DDX46;LSM4;SRSF2;SNRPE;PRPF38A;TRA2B;WBP11;PCBP1;CASC3;HNRNPK;EFTUD2;SNRPC;PPIE;GCFC2;BUD13;TCERG1;POLR2A;POLR2B;USP39;SRRT;NKAP;SNRNP48;SRSF1;MTREX;PRPF8;HNRNPL;ALYREF;GPATCH1;HNRNPU;HNRNPF;HNRNPH1;HNRNPC;PRPF31;CDC5L;MAGOHB;SMU1;CCAR1;RNPS1;PRPF40A;HNRNPD;TXNL4A;PRPF4;SF3B3;SRSF3;POLR2D;POLR2E;NCBP1;POLR2L;LSM7;SRSF9;CTNNBL1;RBM17;PDCD7;BUD31;DHX15;YJU2;SRSF10;SRSF7;SF3B5;HNRNPH2;SMNDC1;POLR2C;EIF4A3;PNN;SNW1;SNU13;NCBP2;DHX16;SNRPD3;SNRNP200;DHX38;CWC15;ISY1;SRSF4;SNRPD2;PLRG1;CWC25;SF1;CRNKL1;POLR2H;SF3A1;CHERP;IK;DNAJC8;AQR;PUF60;PPIL4;SF3B2;PHF5A;POLR2J;SF3B1;WDR70;XAB2;C9orf78;HTATSF1;RBM8A,Tam_vs_Ctrl,24 hours,NoCPT,TAM,CTRL,2,2,vst_mean_diff,2.9793037017500725,123,0.3252032520325203
WP_ADIPOGENESIS,0.0115,0.025683333333333332,0.3692223826724247,1.4954616887759353,45,104,SCD;HMGA1;LPL;GADD45A;TNF;TWIST1;FOXO1;BMP2;SPOCK1;SREBF1;KLF6;GTF3A;FAS;LMNA;PRLR;NAMPT;FOXC2;WNT10B;CEBPD;PPARG;MBNL1;PTGIS;CEBPB;IRS2;LPIN1;TRIB3,Tam_vs_Ctrl,24 hours,NoCPT,TAM,CTRL,2,2,vst_mean_diff,1.5903486116652243,26,0.34615384615384615
WP_AMINO_ACID_METABOLISM,0.017332691381800675,0.037460978147762745,0.3984231555974125,1.5051606675344502,71,69,PDK4;MAOA;LDHA;ASNS;GLUL;FARSB;CAD;ALDH7A1;ODC1;GOT1;ACLY;CTH;GLS;EHHADH;CPS1;SDHA;SMS;GOT2;FH;MDH1;LARS2;MDH2;FAH;PDHA1;ADH5;CS;PDHX,Tam_vs_Ctrl,24 hours,NoCPT,TAM,CTRL,2,2,vst_mean_diff,1.426420886901258,27,0.4444444444444444
WP_APOPTOSIS,0.2664045219955763,0.40601075820815574,0.28553594025148565,1.1029259217455736,1083,78,BIRC5;BIRC3;NFKBIA;TNF;MCL1;FAS;CASP10;PIK3R1;BBC3,Tam_vs_Ctrl,24 hours,NoCPT,TAM,CTRL,2,2,vst_mean_diff,0.3914624586185305,9,0.3333333333333333
WP_APOPTOSIS_MODULATION_AND_SIGNALING,0.26663393076356495,0.40601075820815574,0.28337179287449854,1.102798961345267,1085,81,BIRC5;BIRC3;NFKBIA;TNFRSF6B;MCL1;FAS;CASP10;BBC3;BCL2A1;AIFM1;PTPN13;DFFB;NFKB1;PTRH2;ADAMTSL4-AS1,Tam_vs_Ctrl,24 hours,NoCPT,TAM,CTRL,2,2,vst_mean_diff,0.3914624586185305,15,0.2
WP_CELL_CYCLE,2.533569799847986e-4,0.0010488087411164334,0.6048754429843887,2.4920691186976174,0,115,CDC25B;CDC20;CDC25C;BUB1;PTTG1;CCNB2;CCNB1;TTK;PLK1;CCNA2;CDK1;ESPL1;CDKN2C;ORC1;CHEK2;CCNA1;DBF4;GADD45A;RAD21;PRKDC;CDKN1C;WEE1;CDC7;CHEK1;BUB3;SMC1A;E2F2;PKMYT1;FZR1;STAG1;CDC27;SMC1B;CDK2;SKP2;ORC6;CDK7;YWHAQ;ANAPC1;MCM7;MCM4;E2F5;GADD45G;RBL2;SMC3;YWHAZ;YWHAE;ABL1;STAG2;CDC45;MCM6;ANAPC5;SFN;GSK3B,Tam_vs_Ctrl,24 hours,NoCPT,TAM,CTRL,2,2,vst_mean_diff,2.9793037017500725,53,0.20754716981132076
WP_DNA_REPLICATION,2.30361667818475e-4,0.0010488087411164334,0.6408701639365271,2.1983138354962017,0,42,CDT1;ORC1;DBF4;RPA3;CDC7;RFC4;POLE2;RFC3;PRIM2;PRIM1;GMNN;POLD1;CDK2;POLD2;POLE;ORC6;RFC5;MCM7;POLA1;MCM4;RPA1;CDC45;MCM6,Tam_vs_Ctrl,24 hours,NoCPT,TAM,CTRL,2,2,vst_mean_diff,2.9793037017500725,23,0.043478260869565216
WP_ELECTRON_TRANSPORT_CHAIN_OXPHOS_SYSTEM_IN_MITOCHONDRIA,0.36384152457372115,0.49749759482529216,0.2562015933978736,1.0365561742203266,1450,103,NDUFA12;NDUFB6;COX17;NDUFA9;NDUFB9;UQCRC1;COX6C;NDUFV2;NDUFS5;ATP5IF1;SDHA;COX8A;ATP5F1B;MT-ND4L;UQCRQ;MT-ATP6;SDHB;ATP5F1A;SLC25A14;NDUFAB1;MT-ND4;NDUFB10;NDUFS6;COX7B;ATP5F1D;NDUFS2;NDUFA8;NDUFS4;SLC25A5;MT-ATP8;NDUFB8;ATP5PF;ATP5PB;UQCRC2;UQCRFS1;NDUFB7;NDUFV1;NDUFS3;ATP5F1C;NDUFA5,Tam_vs_Ctrl,24 hours,NoCPT,TAM,CTRL,2,2,vst_mean_diff,0.3032090145295695,40,0.425
WP_PROTEASOME_DEGRADATION,9.487666034155598e-4,0.0031783681214421254,0.504916448409165,1.8394807278223952,3,57,HLA-B;PSMA6;UBB;PSMB3;PSMD1;RPN2;PSME2;PSMD2;PSMB1;PSMA3;PSMD3;PSMC3;PSMD4;HLA-C;PSMC1;PSMB6;PSMD11;PSMA2;PSMA1;PSMA7;PSMA4;HLA-A;PSMC2;PSMC6;PSMB2;PSMD7;PSMD12;UBE2B;PSMD5;RPN1;PSMC5;UCHL3;UBC;PSMA5;PSMD6,Tam_vs_Ctrl,24 hours,NoCPT,TAM,CTRL,2,2,vst_mean_diff,2.4977958038396824,35,0.2857142857142857
WP_PYRIMIDINE_METABOLISM,2.4295432458697764e-4,0.0010488087411164334,0.49642027185061877,1.9012714567656326,0,74,DTYMK;RRM1;TYMS;TK1;POLR3G;POLE2;PRIM2;PRIM1;DPYD;DCK;CAD;NME1;POLD1;POLR2I;POLR1E;POLD2;RRM2;POLE;UCK2;PNPT1;RRM2B;POLA1;POLE4;POLR2A;POLR2B;POLR1C;UPP1;NT5M;POLR3GL;POLR3A;CTPS1;POLR2D;POLR3F;POLR2E;POLR2L;DCTD,Tam_vs_Ctrl,24 hours,NoCPT,TAM,CTRL,2,2,vst_mean_diff,2.9793037017500725,36,0.16666666666666666
WP_RAS_SIGNALING,0.5239980207817911,0.6053080584893105,-0.23905298502144792,-0.9688983846873536,3176,143,PLA2G10;RGL1;MRAS;NTRK2;PLAAT3;GRIN1;PLCG1;FGFR1;RGL2;GAB2;PLA2G4C;PLA2G6;INSR;EPHA2;BAD;RASA4;CALML5;RRAS;BCL2L1;RASAL1;SHC3;PLA2G4F;RASSF5;MAPK3;PLA2G4B;PLCG2;KSR1;PLD2;LAT;GNB5;GNG7;CALML6;FOXO4;RAC2;RASA1;CSF1R,Tam_vs_Ctrl,24 hours,NoCPT,TAM,CTRL,2,2,vst_mean_diff,0.21802354426992984,36,0
