gene,baseline_mean,region
ENSG00000282885_AL627171.2,20.27505525,head
ENSG00000198804_MT-CO1,18.96281073,head
ENSG00000156508_EEF1A1,18.500883,head
ENSG00000251562_MALAT1,17.91110596,head
ENSG00000259001_AL355075.4,17.67092748,head
ENSG00000198938_MT-CO3,17.58000072,head
ENSG00000198712_MT-CO2,17.40266167,head
ENSG00000167996_FTH1,17.35983637,head
ENSG00000198886_MT-ND4,17.26947192,head
ENSG00000269900_RMRP,17.23549366,head
ENSG00000171346_KRT15,17.13094505,head
ENSG00000167658_EEF2,16.96254103,head
ENSG00000198727_MT-CYB,16.84750251,head
ENSG00000124942_AHNAK,16.75518993,head
ENSG00000135480_KRT7,16.37652887,head
ENSG00000198763_MT-ND2,16.37055272,head
ENSG00000198899_MT-ATP6,16.33898075,head
ENSG00000125730_C3,16.2692649,head
ENSG00000140988_RPS2,16.24888314,head
ENSG00000198786_MT-ND5,16.1791971,head
ENSG00000178209_PLEC,16.13711592,head
ENSG00000205426_KRT81,16.0665899,head
ENSG00000142541_RPL13A,16.02773312,head
ENSG00000133112_TPT1,16.00575289,head
ENSG00000111640_GAPDH,15.99135984,head
ENSG00000109971_HSPA8,15.98129908,head
ENSG00000099194_SCD,15.95818033,head
ENSG00000174444_RPL4,15.89286804,head
ENSG00000100316_RPL3,15.86720069,head
ENSG00000089157_RPLP0,15.86074948,head
ENSG00000070756_PABPC1,15.82035884,head
ENSG00000198888_MT-ND1,15.80376465,head
ENSG00000161016_RPL8,15.69403572,head
ENSG00000186081_KRT5,15.68171663,head
ENSG00000075624_ACTB,15.50103053,head
ENSG00000148303_RPL7A,15.47667108,head
ENSG00000254772_EEF1G,15.46549142,head
ENSG00000117984_CTSD,15.45072762,head
ENSG00000272398_CD24,15.44080207,head
ENSG00000181143_MUC16,15.42414795,head
ENSG00000067225_PKM,15.40950219,head
ENSG00000170421_KRT8,15.32407499,head
ENSG00000174748_RPL15,15.31354877,head
ENSG00000137154_RPS6,15.30604618,head
ENSG00000145425_RPS3A,15.30213371,head
ENSG00000167526_RPL13,15.27013856,head
ENSG00000169710_FASN,15.26118054,head
ENSG00000182718_ANXA2,15.20844729,head
ENSG00000149273_RPS3,15.20070193,head
ENSG00000204628_RACK1,15.17343365,head
ENSG00000198034_RPS4X,15.16874904,head
ENSG00000229117_RPL41,15.15310166,head
ENSG00000103257_SLC7A5,15.13714321,head
ENSG00000181163_NPM1,15.13479971,head
ENSG00000168028_RPSA,15.11855151,head
ENSG00000163931_TKT,15.08751832,head
ENSG00000063046_EIF4B,15.08735789,head
ENSG00000147604_RPL7,15.06935775,head
ENSG00000231500_RPS18,15.06402934,head
ENSG00000115112_TFCP2L1,15.04045739,head
ENSG00000096384_HSP90AB1,15.04006242,head
ENSG00000080824_HSP90AA1,15.04002892,head
ENSG00000187514_PTMA,15.01908717,head
ENSG00000096696_DSP,15.00719192,head
ENSG00000147403_RPL10,14.98058029,head
ENSG00000142937_RPS8,14.97964245,head
ENSG00000134333_LDHA,14.97146104,head
ENSG00000135486_HNRNPA1,14.96127762,head
ENSG00000184009_ACTG1,14.9076756,head
ENSG00000197958_RPL12,14.90642293,head
ENSG00000089009_RPL6,14.85501896,head
ENSG00000105640_RPL18A,14.85432021,head
ENSG00000162244_RPL29,14.85291407,head
ENSG00000163399_ATP1A1,14.81541896,head
ENSG00000167653_PSCA,14.80687441,head
ENSG00000122406_RPL5,14.77708401,head
ENSG00000149925_ALDOA,14.75656143,head
ENSG00000198242_RPL23A,14.75055418,head
ENSG00000197756_RPL37A,14.73237625,head
ENSG00000106211_HSPB1,14.7232275,head
ENSG00000196262_PPIA,14.72050912,head
ENSG00000186468_RPS23,14.71200943,head
ENSG00000127022_CANX,14.70743836,head
ENSG00000197956_S100A6,14.70470262,head
ENSG00000196136_SERPINA3,14.68963097,head
ENSG00000144713_RPL32,14.68732949,head
ENSG00000166825_ANPEP,14.66204516,head
ENSG00000182774_RPS17,14.66151373,head
ENSG00000185567_AHNAK2,14.65890568,head
ENSG00000013588_GPRC5A,14.6517349,head
ENSG00000125691_RPL23,14.64560896,head
ENSG00000138326_RPS24,14.64042304,head
ENSG00000137818_RPLP1,14.58895221,head
ENSG00000143947_RPS27A,14.58880834,head
ENSG00000108298_RPL19,14.58293181,head
ENSG00000163682_RPL9,14.57901133,head
ENSG00000164924_YWHAZ,14.56524829,head
ENSG00000110321_EIF4G2,14.55623531,head
ENSG00000115053_NCL,14.54637889,head
ENSG00000136068_FLNB,14.54632678,head
ENSG00000212907_MT-ND4L,14.54260871,head
ENSG00000122026_RPL21,14.52332195,head
ENSG00000096060_FKBP5,14.51998612,head
ENSG00000205420_KRT6A,14.48779368,head
ENSG00000074800_ENO1,14.48322562,head
ENSG00000118849_RARRES1,14.45873719,head
ENSG00000142192_APP,14.45725779,head
ENSG00000105193_RPS16,14.45144394,head
ENSG00000115306_SPTBN1,14.44408479,head
ENSG00000168209_DDIT4,14.44371683,head
ENSG00000142534_RPS11,14.43937247,head
ENSG00000164587_RPS14,14.43653498,head
ENSG00000116133_DHCR24,14.41720277,head
ENSG00000110955_ATP5F1B,14.40113524,head
ENSG00000166598_HSP90B1,14.39924982,head
ENSG00000161970_RPL26,14.39333014,head
ENSG00000197746_PSAP,14.38558291,head
ENSG00000265681_RPL17,14.37413769,head
ENSG00000198755_RPL10A,14.36023795,head
ENSG00000144381_HSPD1,14.35002562,head
ENSG00000119335_SET,14.3406059,head
ENSG00000161960_EIF4A1,14.29141006,head
ENSG00000114867_EIF4G1,14.29075316,head
MYCER-ER,14.28342631,head
ENSG00000198840_MT-ND3,14.27698291,head
ENSG00000100994_PYGB,14.2543071,head
ENSG00000108107_RPL28,14.24565682,head
ENSG00000083845_RPS5,14.24212447,head
ENSG00000034510_TMSB10,14.24127545,head
ENSG00000167978_SRRM2,14.22467338,head
ENSG00000044574_HSPA5,14.2243181,head
ENSG00000065978_YBX1,14.22289137,head
ENSG00000151726_ACSL1,14.22058483,head
ENSG00000175061_SNHG29,14.21934313,head
ENSG00000142676_RPL11,14.2169442,head
ENSG00000100201_DDX17,14.2040793,head
ENSG00000134419_RPS15A,14.20066025,head
ENSG00000171863_RPS7,14.19244583,head
ENSG00000188846_RPL14,14.1920532,head
ENSG00000105372_RPS19,14.19096209,head
ENSG00000112378_PERP,14.18998267,head
ENSG00000132507_EIF5A,14.18710663,head
ENSG00000100345_MYH9,14.17001679,head
ENSG00000063177_RPL18,14.15712067,head
ENSG00000112306_RPS12,14.15622509,head
ENSG00000086062_B4GALT1,14.15187986,head
ENSG00000253729_PRKDC,14.13726151,head
ENSG00000111057_KRT18,14.12913665,head
ENSG00000170889_RPS9,14.12829762,head
ENSG00000153187_HNRNPU,14.12155541,head
ENSG00000150991_UBC,14.12050954,head
ENSG00000137309_HMGA1,14.11137359,head
ENSG00000166441_RPL27A,14.10626991,head
ENSG00000197102_DYNC1H1,14.09116385,head
ENSG00000086758_HUWE1,14.08042721,head
ENSG00000130707_ASS1,14.0791038,head
ENSG00000137699_TRIM29,14.07646344,head
ENSG00000009307_CSDE1,14.07061185,head
ENSG00000117983_MUC5B,14.06951497,head
ENSG00000124614_RPS10,14.06191188,head
ENSG00000130741_EIF2S3,14.05812828,head
ENSG00000130402_ACTN4,14.05563124,head
ENSG00000165119_HNRNPK,14.04250525,head
ENSG00000103335_PIEZO1,14.04050159,head
ENSG00000111319_SCNN1A,14.02470217,head
ENSG00000229807_XIST,14.0181553,head
ENSG00000196531_NACA,14.01222022,head
ENSG00000092199_HNRNPC,14.00415268,head
ENSG00000151208_DLG5,13.99913196,head
ENSG00000131981_LGALS3,13.98629141,head
ENSG00000110700_RPS13,13.97908734,head
ENSG00000182899_RPL35A,13.96600307,head
ENSG00000084207_GSTP1,13.96459547,head
ENSG00000115677_HDLBP,13.95543854,head
ENSG00000145592_RPL37,13.95301519,head
ENSG00000163993_S100P,13.93709814,head
ENSG00000099204_ABLIM1,13.93594018,head
ENSG00000179218_CALR,13.93449706,head
ENSG00000142864_SERBP1,13.93414582,head
ENSG00000166710_B2M,13.92494402,head
ENSG00000008988_RPS20,13.91986719,head
ENSG00000118181_RPS25,13.91718472,head
ENSG00000136942_RPL35,13.90820716,head
ENSG00000198918_RPL39,13.8994465,head
ENSG00000108953_YWHAE,13.89894384,head
ENSG00000185499_MUC1,13.88423116,head
ENSG00000156482_RPL30,13.87319814,head
ENSG00000139644_TMBIM6,13.87287342,head
ENSG00000071082_RPL31,13.87189159,head
ENSG00000122566_HNRNPA2B1,13.86926811,head
ENSG00000143321_HDGF,13.85969477,head
ENSG00000134531_EMP1,13.82947714,head
ENSG00000197111_PCBP2,13.82784794,head
ENSG00000108654_DDX5,13.82092532,head
ENSG00000163435_ELF3,13.81309177,head
ENSG00000105220_GPI,13.80591481,head
ENSG00000152234_ATP5F1A,13.80438656,head
ENSG00000155066_PROM2,13.79877161,head
ENSG00000114942_EEF1B2,13.78497078,head
ENSG00000205339_IPO7,13.769653,head
ENSG00000135821_GLUL,13.76506514,head
ENSG00000044115_CTNNA1,13.76005093,head
ENSG00000111799_COL12A1,13.75881124,head
ENSG00000114391_RPL24,13.75784724,head
ENSG00000196576_PLXNB2,13.74289854,head
ENSG00000142949_PTPRF,13.73837455,head
ENSG00000145741_BTF3,13.72273503,head
ENSG00000187109_NAP1L1,13.71873862,head
ENSG00000171858_RPS21,13.70681619,head
ENSG00000155506_LARP1,13.70115643,head
ENSG00000187446_CHP1,13.68970424,head
ENSG00000152558_TMEM123,13.6860095,head
ENSG00000118898_PPL,13.68574599,head
ENSG00000184292_TACSTD2,13.68184631,head
ENSG00000130255_RPL36,13.67572379,head
ENSG00000233927_RPS28,13.6745977,head
ENSG00000185624_P4HB,13.67411723,head
ENSG00000109475_RPL34,13.67117469,head
ENSG00000141367_CLTC,13.66915199,head
ENSG00000263001_GTF2I,13.66378511,head
ENSG00000245532_NEAT1,13.66124141,head
ENSG00000111371_SLC38A1,13.65162033,head
ENSG00000169100_SLC25A6,13.64469379,head
ENSG00000115268_RPS15,13.63921706,head
ENSG00000160209_PDXK,13.62760583,head
ENSG00000151632_AKR1C2,13.62569578,head
ENSG00000115221_ITGB6,13.62273139,head
ENSG00000174231_PRPF8,13.6206163,head
ENSG00000111716_LDHB,13.61969876,head
ENSG00000140575_IQGAP1,13.61393578,head
ENSG00000242125_SNHG3,13.60839706,head
ENSG00000172270_BSG,13.6066058,head
ENSG00000215301_DDX3X,13.59474282,head
ENSG00000104529_EEF1D,13.5914652,head
ENSG00000075415_SLC25A3,13.59085853,head
ENSG00000102144_PGK1,13.58622689,head
ENSG00000104408_EIF3E,13.5821978,head
ENSG00000184110_EIF3C,13.56674497,head
ENSG00000189334_S100A14,13.55460756,head
ENSG00000177600_RPLP2,13.54895579,head
ENSG00000082153_BZW1,13.54750628,head
ENSG00000108518_PFN1,13.54636688,head
ENSG00000262202_AC007952.4,13.53655854,head
ENSG00000130702_LAMA5,13.53127269,head
ENSG00000240972_MIF,13.52095401,head
ENSG00000134294_SLC38A2,13.51369049,head
ENSG00000197694_SPTAN1,13.51179902,head
ENSG00000151914_DST,13.50944905,head
ENSG00000160789_LMNA,13.50721915,head
ENSG00000135046_ANXA1,13.50565109,head
ENSG00000148344_PTGES,13.50319255,head
ENSG00000107581_EIF3A,13.4980241,head
ENSG00000149418_ST14,13.49316383,head
ENSG00000150093_ITGB1,13.49221241,head
ENSG00000132341_RAN,13.48948226,head
ENSG00000112096_SOD2,13.48934776,head
ENSG00000079459_FDFT1,13.4824339,head
ENSG00000162909_CAPN2,13.48235444,head
ENSG00000165732_DDX21,13.47968851,head
ENSG00000123416_TUBA1B,13.47835607,head
ENSG00000156976_EIF4A2,13.47566626,head
ENSG00000128422_KRT17,13.47518777,head
ENSG00000243678_NME2,13.46816856,head
ENSG00000196230_TUBB,13.4608261,head
ENSG00000118816_CCNI,13.45683243,head
ENSG00000113013_HSPA9,13.45136104,head
ENSG00000173801_JUP,13.45075968,head
ENSG00000100129_EIF3L,13.44801059,head
ENSG00000046604_DSG2,13.4448811,head
ENSG00000084234_APLP2,13.44110846,head
ENSG00000069275_NUCKS1,13.43937947,head
ENSG00000085063_CD59,13.43906986,head
ENSG00000260032_NORAD,13.43694942,head
ENSG00000184640_SEPTIN9,13.41848597,head
ENSG00000161011_SQSTM1,13.41596841,head
ENSG00000039068_CDH1,13.41256003,head
ENSG00000196878_LAMB3,13.40689789,head
ENSG00000180921_FAM83H,13.39959791,head
ENSG00000138119_MYOF,13.39201551,head
ENSG00000104964_TLE5,13.38951797,head
ENSG00000087460_GNAS,13.38871017,head
ENSG00000111669_TPI1,13.38315134,head
ENSG00000184254_ALDH1A3,13.38212052,head
ENSG00000132470_ITGB4,13.37678157,head
ENSG00000159140_SON,13.37437936,head
ENSG00000185215_TNFAIP2,13.3696297,head
ENSG00000089356_FXYD3,13.36585641,head
ENSG00000183255_PTTG1IP,13.35682543,head
ENSG00000107957_SH3PXD2A,13.35565403,head
ENSG00000198911_SREBF2,13.35490664,head
ENSG00000172757_CFL1,13.34479742,head
ENSG00000189403_HMGB1,13.3420602,head
ENSG00000072274_TFRC,13.34094996,head
ENSG00000067560_RHOA,13.33207283,head
ENSG00000174437_ATP2A2,13.3293298,head
ENSG00000153113_CAST,13.32852385,head
ENSG00000008394_MGST1,13.32561012,head
ENSG00000221983_UBA52,13.32508872,head
ENSG00000167004_PDIA3,13.32311332,head
ENSG00000135387_CAPRIN1,13.30110291,head
ENSG00000160932_LY6E,13.29645489,head
ENSG00000137440_FGFBP1,13.29475159,head
ENSG00000178035_IMPDH2,13.29439346,head
ENSG00000006125_AP2B1,13.28529863,head
ENSG00000102554_KLF5,13.27561889,head
ENSG00000057608_GDI2,13.27249193,head
ENSG00000162522_KIAA1522,13.26677483,head
ENSG00000204580_DDR1,13.26278054,head
ENSG00000285976_AL135905.2,13.25785565,head
ENSG00000096433_ITPR3,13.25693148,head
ENSG00000128050_PAICS,13.25262603,head
ENSG00000116560_SFPQ,13.25112974,head
ENSG00000106682_EIF4H,13.25096531,head
ENSG00000188643_S100A16,13.24869671,head
ENSG00000198561_CTNND1,13.2454802,head
ENSG00000147140_NONO,13.24519159,head
ENSG00000147677_EIF3H,13.23656942,head
ENSG00000005022_SLC25A5,13.23631871,head
ENSG00000135316_SYNCRIP,13.23466765,head
ENSG00000117523_PRRC2C,13.23240348,head
ENSG00000130985_UBA1,13.22939759,head
ENSG00000204389_HSPA1A,13.22899821,head
ENSG00000186832_KRT16,13.21977178,head
ENSG00000196754_S100A2,13.21361116,head
ENSG00000134250_NOTCH2,13.21221587,head
ENSG00000079246_XRCC5,13.20656704,head
ENSG00000147676_MAL2,13.20642547,head
ENSG00000170348_TMED10,13.1998701,head
ENSG00000092148_HECTD1,13.19482873,head
ENSG00000048828_FAM120A,13.19309822,head
ENSG00000163468_CCT3,13.1925341,head
ENSG00000026508_CD44,13.19024346,head
ENSG00000143537_ADAM15,13.18230443,head
ENSG00000173821_RNF213,13.17930463,head
ENSG00000141526_SLC16A3,13.17450247,head
ENSG00000145907_G3BP1,13.17310448,head
ENSG00000153201_RANBP2,13.17090862,head
ENSG00000156535_CD109,13.16990237,head
ENSG00000180817_PPA1,13.16909701,head
ENSG00000089597_GANAB,13.16263063,head
ENSG00000138095_LRPPRC,13.15403886,head
ENSG00000136830_NIBAN2,13.15278141,head
ENSG00000138071_ACTR2,13.14580803,head
ENSG00000111642_CHD4,13.14565738,head
ENSG00000011304_PTBP1,13.14397711,head
ENSG00000173402_DAG1,13.13669697,head
ENSG00000213585_VDAC1,13.13353988,head
ENSG00000165389_SPTSSA,13.13346018,head
ENSG00000130723_PRRC2B,13.13211555,head
ENSG00000125868_DSTN,13.12346917,head
ENSG00000173812_EIF1,13.12286763,head
ENSG00000158710_TAGLN2,13.12108058,head
ENSG00000103495_MAZ,13.12097067,head
ENSG00000176387_HSD11B2,13.11807693,head
ENSG00000129351_ILF3,13.11401661,head
ENSG00000197157_SND1,13.11376331,head
ENSG00000136450_SRSF1,13.11218058,head
ENSG00000167642_SPINT2,13.11047107,head
ENSG00000119314_PTBP3,13.10896692,head
ENSG00000197728_RPS26,13.09648885,head
ENSG00000138413_IDH1,13.09155528,head
ENSG00000058262_SEC61A1,13.08992238,head
ENSG00000001630_CYP51A1,13.08240873,head
ENSG00000105974_CAV1,13.08045841,head
ENSG00000101443_WFDC2,13.0716656,head
ENSG00000047849_MAP4,13.07061029,head
ENSG00000231925_TAPBP,13.06915482,head
ENSG00000126777_KTN1,13.06911461,head
ENSG00000143384_MCL1,13.06829144,head
ENSG00000182795_C1orf116,13.06411469,head
ENSG00000135373_EHF,13.06175887,head
ENSG00000152894_PTPRK,13.06079207,head
ENSG00000140264_SERF2,13.0593117,head
ENSG00000100380_ST13,13.05815302,head
ENSG00000112297_CRYBG1,13.05499109,head
ENSG00000110917_MLEC,13.05487681,head
ENSG00000168385_SEPTIN2,13.05176625,head
ENSG00000014216_CAPN1,13.04939786,head
ENSG00000134757_DSG3,13.04925765,head
ENSG00000138594_TMOD3,13.0374928,head
ENSG00000125107_CNOT1,13.03726353,head
ENSG00000127603_MACF1,13.03301364,head
ENSG00000092820_EZR,13.0329671,head
ENSG00000108424_KPNB1,13.03020348,head
ENSG00000168615_ADAM9,13.02376751,head
ENSG00000177954_RPS27,13.02345122,head
ENSG00000196419_XRCC6,13.02317437,head
ENSG00000122359_ANXA11,13.0183989,head
ENSG00000107262_BAG1,13.01652161,head
ENSG00000198431_TXNRD1,13.01516306,head
ENSG00000169813_HNRNPF,13.01047068,head
ENSG00000106263_EIF3B,13.00957758,head
ENSG00000189091_SF3B3,13.00934299,head
ENSG00000116251_RPL22,12.99843479,head
ENSG00000204388_HSPA1B,12.99560759,head
ENSG00000131473_ACLY,12.99538466,head
ENSG00000136205_TNS3,12.99179127,head
ENSG00000134755_DSC2,12.98981442,head
ENSG00000169045_HNRNPH1,12.9893522,head
ENSG00000204469_PRRC2A,12.98620185,head
ENSG00000134308_YWHAQ,12.98530782,head
ENSG00000163041_H3F3A,12.98505303,head
ENSG00000082641_NFE2L1,12.98062868,head
ENSG00000148773_MKI67,12.98053212,head
ENSG00000213639_PPP1CB,12.97917597,head
ENSG00000110958_PTGES3,12.97538343,head
ENSG00000117592_PRDX6,12.97401342,head
ENSG00000115524_SF3B1,12.97262398,head
ENSG00000143761_ARF1,12.96924428,head
ENSG00000065150_IPO5,12.96745834,head
ENSG00000165280_VCP,12.96385489,head
ENSG00000173726_TOMM20,12.96178677,head
ENSG00000090621_PABPC4,12.95914201,head
ENSG00000171490_RSL1D1,12.95473308,head
ENSG00000105855_ITGB8,12.95371895,head
ENSG00000228253_MT-ATP8,12.95349571,head
ENSG00000086598_TMED2,12.95082908,head
ENSG00000117450_PRDX1,12.94947013,head
ENSG00000196305_IARS,12.94666754,head
ENSG00000156261_CCT8,12.94476767,head
ENSG00000133639_BTG1,12.94373438,head
ENSG00000112972_HMGCS1,12.94208638,head
ENSG00000083857_FAT1,12.94011184,head
ENSG00000153827_TRIP12,12.93852072,head
ENSG00000130726_TRIM28,12.93358902,head
ENSG00000132361_CLUH,12.92959828,head
ENSG00000077147_TM9SF3,12.92724996,head
ENSG00000108582_CPD,12.92554338,head
ENSG00000163597_SNHG16,12.92537286,head
ENSG00000075223_SEMA3C,12.92328449,head
ENSG00000007202_KIAA0100,12.91889747,head
ENSG00000113161_HMGCR,12.91843737,head
ENSG00000075426_FOSL2,12.91745227,head
ENSG00000023445_BIRC3,12.91288648,head
ENSG00000196924_FLNA,12.91084949,head
ENSG00000168036_CTNNB1,12.90585172,head
ENSG00000047936_ROS1,12.90164607,head
ENSG00000185432_METTL7A,12.90146205,head
ENSG00000124145_SDC4,12.89795466,head
ENSG00000206075_SERPINB5,12.89216738,head
ENSG00000177469_CAVIN1,12.88979473,head
ENSG00000168003_SLC3A2,12.87870912,head
ENSG00000111144_LTA4H,12.87634526,head
ENSG00000113712_CSNK1A1,12.87578797,head
ENSG00000203485_INF2,12.8753722,head
ENSG00000058085_LAMC2,12.87169862,head
ENSG00000124486_USP9X,12.87071081,head
ENSG00000143933_CALM2,12.86988123,head
ENSG00000060656_PTPRU,12.86411327,head
ENSG00000109332_UBE2D3,12.86272475,head
ENSG00000144028_SNRNP200,12.86034444,head
ENSG00000085733_CTTN,12.85851488,head
ENSG00000104904_OAZ1,12.85186158,head
ENSG00000166197_NOLC1,12.85106037,head
ENSG00000185896_LAMP1,12.84877614,head
ENSG00000198355_PIM3,12.8452752,head
ENSG00000213741_RPS29,12.84287219,head
ENSG00000168906_MAT2A,12.84176702,head
ENSG00000060237_WNK1,12.83976555,head
ENSG00000105835_NAMPT,12.83818625,head
ENSG00000266412_NCOA4,12.83802427,head
ENSG00000131051_RBM39,12.83799561,head
ENSG00000197747_S100A10,12.83785647,head
ENSG00000072778_ACADVL,12.83665706,head
ENSG00000206527_HACD2,12.8349749,head
ENSG00000172037_LAMB2,12.8339477,head
ENSG00000131469_RPL27,12.83300481,head
ENSG00000103342_GSPT1,12.82098844,head
ENSG00000141905_NFIC,12.82067428,head
ENSG00000136628_EPRS,12.82002104,head
ENSG00000146731_CCT6A,12.8186771,head
ENSG00000160710_ADAR,12.81829246,head
ENSG00000108091_CCDC6,12.81637112,head
ENSG00000115919_KYNU,12.81409528,head
ENSG00000143870_PDIA6,12.81312228,head
ENSG00000121579_NAA50,12.80974977,head
ENSG00000004478_FKBP4,12.80792633,head
ENSG00000278540_ACACA,12.8073874,head
ENSG00000106541_AGR2,12.80679796,head
ENSG00000167460_TPM4,12.80662805,head
ENSG00000147162_OGT,12.80389986,head
ENSG00000150753_CCT5,12.80213632,head
ENSG00000060138_YBX3,12.80197886,head
ENSG00000241343_RPL36A,12.80145973,head
ENSG00000015479_MATR3,12.80118534,head
ENSG00000135624_CCT7,12.79940282,head
ENSG00000171862_PTEN,12.79349251,head
ENSG00000179295_PTPN11,12.79208046,head
ENSG00000171314_PGAM1,12.78957233,head
ENSG00000166794_PPIB,12.78798179,head
ENSG00000166913_YWHAB,12.78796656,head
ENSG00000130175_PRKCSH,12.78628294,head
ENSG00000128272_ATF4,12.78548459,head
ENSG00000177731_FLII,12.7843503,head
ENSG00000141522_ARHGDIA,12.78321377,head
ENSG00000062485_CS,12.77754774,head
ENSG00000002834_LASP1,12.77630022,head
ENSG00000090060_PAPOLA,12.77487744,head
ENSG00000170027_YWHAG,12.77436479,head
ENSG00000167986_DDB1,12.77354715,head
ENSG00000117335_CD46,12.77150344,head
ENSG00000147862_NFIB,12.76762475,head
ENSG00000173898_SPTBN2,12.76741719,head
ENSG00000108256_NUFIP2,12.76577618,head
ENSG00000112081_SRSF3,12.76548751,head
ENSG00000170144_HNRNPA3,12.76274387,head
ENSG00000128989_ARPP19,12.76218133,head
ENSG00000178952_TUFM,12.76077056,head
ENSG00000119318_RAD23B,12.75971224,head
ENSG00000120438_TCP1,12.75907572,head
ENSG00000135829_DHX9,12.75746374,head
ENSG00000137076_TLN1,12.75596269,head
ENSG00000169564_PCBP1,12.75530057,head
ENSG00000102854_MSLN,12.75473101,head
ENSG00000129250_KIF1C,12.7541424,head
ENSG00000185650_ZFP36L1,12.75379472,head
ENSG00000065613_SLK,12.7502196,head
ENSG00000126247_CAPNS1,12.74774663,head
ENSG00000177565_TBL1XR1,12.74731048,head
ENSG00000147649_MTDH,12.74252934,head
ENSG00000138771_SHROOM3,12.74115782,head
ENSG00000115760_BIRC6,12.74012887,head
ENSG00000109606_DHX15,12.73664619,head
ENSG00000135535_CD164,12.73283931,head
ENSG00000213064_SFT2D2,12.73210663,head
ENSG00000094916_CBX5,12.72979316,head
ENSG00000105323_HNRNPUL1,12.72764416,head
ENSG00000163527_STT3B,12.7261369,head
ENSG00000173674_EIF1AX,12.72417478,head
ENSG00000082898_XPO1,12.72309259,head
ENSG00000115380_EFEMP1,12.7174988,head
ENSG00000089154_GCN1,12.71658692,head
ENSG00000137497_NUMA1,12.71206117,head
ENSG00000182670_TTC3,12.70745935,head
ENSG00000215021_PHB2,12.70745012,head
ENSG00000124422_USP22,12.70620527,head
ENSG00000163902_RPN1,12.70534966,head
ENSG00000164754_RAD21,12.70507021,head
ENSG00000181019_NQO1,12.70258756,head
ENSG00000137801_THBS1,12.70220195,head
ENSG00000196498_NCOR2,12.70081582,head
ENSG00000136238_RAC1,12.69722578,head
ENSG00000146701_MDH2,12.6961578,head
ENSG00000116039_ATP6V1B1,12.695206,head
ENSG00000061676_NCKAP1,12.69286255,head
ENSG00000185479_KRT6B,12.68375252,head
ENSG00000124107_SLPI,12.68357736,head
ENSG00000100353_EIF3D,12.68127527,head
ENSG00000169714_CNBP,12.68052239,head
ENSG00000197077_KIAA1671,12.68031198,head
ENSG00000265972_TXNIP,12.67879867,head
ENSG00000234741_GAS5,12.67872494,head
ENSG00000072310_SREBF1,12.67851139,head
ENSG00000177106_EPS8L2,12.6772448,head
ENSG00000108561_C1QBP,12.67691794,head
ENSG00000182944_EWSR1,12.6754778,head
ENSG00000170004_CHD3,12.675236,head
ENSG00000052802_MSMO1,12.67484954,head
ENSG00000186298_PPP1CC,12.67420751,head
ENSG00000104549_SQLE,12.67373811,head
ENSG00000170515_PA2G4,12.67353715,head
ENSG00000054654_SYNE2,12.67112761,head
ENSG00000170315_UBB,12.66490875,head
ENSG00000117868_ESYT2,12.66197951,head
ENSG00000170759_KIF5B,12.65716082,head
ENSG00000131504_DIAPH1,12.65638199,head
ENSG00000135862_LAMC1,12.65348467,head
ENSG00000124783_SSR1,12.6529557,head
ENSG00000174780_SRP72,12.6507894,head
ENSG00000155660_PDIA4,12.65041628,head
ENSG00000184216_IRAK1,12.64514588,head
ENSG00000178719_GRINA,12.63988556,head
ENSG00000170275_CRTAP,12.63930944,head
ENSG00000030582_GRN,12.63781236,head
ENSG00000161547_SRSF2,12.63549246,head
ENSG00000180900_SCRIB,12.63533498,head
ENSG00000166012_TAF1D,12.63323092,head
ENSG00000186174_BCL9L,12.63156104,head
ENSG00000167553_TUBA1C,12.62948344,head
ENSG00000163191_S100A11,12.6274274,head
ENSG00000099219_ERMP1,12.62288162,head
ENSG00000156453_PCDH1,12.62242799,head
ENSG00000092841_MYL6,12.62230328,head
ENSG00000029363_BCLAF1,12.61638214,head
ENSG00000127184_COX7C,12.61504699,head
ENSG00000115310_RTN4,12.61079867,head
ENSG00000116459_ATP5PB,12.60811681,head
ENSG00000100664_EIF5,12.60740939,head
ENSG00000189241_TSPYL1,12.6029703,head
ENSG00000138760_SCARB2,12.60247069,head
ENSG00000147065_MSN,12.59933516,head
ENSG00000188157_AGRN,12.59362609,head
ENSG00000116260_QSOX1,12.59173486,head
ENSG00000147274_RBMX,12.59088783,head
ENSG00000166226_CCT2,12.5901588,head
ENSG00000163584_RPL22L1,12.58988799,head
ENSG00000135940_COX5B,12.58762639,head
ENSG00000149428_HYOU1,12.58351379,head
ENSG00000091527_CDV3,12.58247451,head
ENSG00000165678_GHITM,12.58188864,head
ENSG00000129003_VPS13C,12.57903225,head
ENSG00000198589_LRBA,12.57807336,head
ENSG00000121892_PDS5A,12.57716953,head
ENSG00000005884_ITGA3,12.5754349,head
ENSG00000179195_ZNF664,12.57489318,head
ENSG00000197324_LRP10,12.57203411,head
ENSG00000071127_WDR1,12.57178483,head
ENSG00000149115_TNKS1BP1,12.57007087,head
ENSG00000177311_ZBTB38,12.56904862,head
ENSG00000118680_MYL12B,12.56724876,head
ENSG00000072210_ALDH3A2,12.56600961,head
ENSG00000239264_TXNDC5,12.56385475,head
ENSG00000136848_DAB2IP,12.55981606,head
ENSG00000184007_PTP4A2,12.55933888,head
ENSG00000105976_MET,12.55811657,head
ENSG00000100823_APEX1,12.55701382,head
ENSG00000130508_PXDN,12.55675281,head
ENSG00000085719_CPNE3,12.55576139,head
ENSG00000132475_H3F3B,12.55543642,head
ENSG00000183723_CMTM4,12.55175304,head
ENSG00000101444_AHCY,12.55159352,head
ENSG00000145391_SETD7,12.54967493,head
ENSG00000134440_NARS,12.5496265,head
ENSG00000145860_RNF145,12.5492062,head
ENSG00000179010_MRFAP1,12.54888781,head
ENSG00000075275_CELSR1,12.54840584,head
ENSG00000138757_G3BP2,12.54422533,head
ENSG00000136813_ECPAS,12.54365695,head
ENSG00000100852_ARHGAP5,12.54263293,head
ENSG00000198363_ASPH,12.54201809,head
ENSG00000113328_CCNG1,12.53846022,head
ENSG00000088888_MAVS,12.536615,head
ENSG00000170606_HSPA4,12.53596845,head
ENSG00000054118_THRAP3,12.53291278,head
ENSG00000131143_COX4I1,12.53190378,head
ENSG00000125304_TM9SF2,12.53172842,head
ENSG00000156515_HK1,12.53131255,head
ENSG00000104447_TRPS1,12.52960867,head
ENSG00000135404_CD63,12.52928874,head
ENSG00000116489_CAPZA1,12.52512917,head
ENSG00000115484_CCT4,12.51882488,head
ENSG00000023228_NDUFS1,12.51739177,head
ENSG00000168066_SF1,12.51698257,head
ENSG00000167548_KMT2D,12.51679084,head
ENSG00000112159_MDN1,12.51644298,head
ENSG00000062038_CDH3,12.51580998,head
ENSG00000120137_PANK3,12.51484807,head
ENSG00000133316_WDR74,12.51266058,head
ENSG00000084090_STARD7,12.51209583,head
ENSG00000053747_LAMA3,12.51003099,head
ENSG00000114573_ATP6V1A,12.50857989,head
ENSG00000133030_MPRIP,12.50531016,head
ENSG00000247556_OIP5-AS1,12.50198941,head
ENSG00000084754_HADHA,12.50168436,head
ENSG00000170248_PDCD6IP,12.50159907,head
ENSG00000132466_ANKRD17,12.50063992,head
ENSG00000181885_CLDN7,12.49992455,head
ENSG00000164163_ABCE1,12.49891249,head
ENSG00000010256_UQCRC1,12.49566525,head
ENSG00000160213_CSTB,12.4955364,head
ENSG00000177697_CD151,12.49470807,head
ENSG00000165629_ATP5F1C,12.49295256,head
ENSG00000125944_HNRNPR,12.49248491,head
ENSG00000143797_MBOAT2,12.49242341,head
ENSG00000086061_DNAJA1,12.49150762,head
ENSG00000165527_ARF6,12.49061178,head
ENSG00000115464_USP34,12.48972263,head
ENSG00000148175_STOM,12.48562257,head
ENSG00000162368_CMPK1,12.48351424,head
ENSG00000090863_GLG1,12.4825412,head
ENSG00000108946_PRKAR1A,12.47897054,head
ENSG00000064393_HIPK2,12.47861796,head
ENSG00000080603_SRCAP,12.47645257,head
ENSG00000129353_SLC44A2,12.47550175,head
ENSG00000108829_LRRC59,12.4738427,head
ENSG00000168672_LRATD2,12.47284871,head
ENSG00000123908_AGO2,12.47118074,head
ENSG00000100097_LGALS1,12.47019116,head
ENSG00000010278_CD9,12.4698951,head
ENSG00000134324_LPIN1,12.46852476,head
ENSG00000159335_PTMS,12.46630009,head
ENSG00000160285_LSS,12.4607793,head
ENSG00000168610_STAT3,12.46026649,head
ENSG00000122786_CALD1,12.45992287,head
ENSG00000173230_GOLGB1,12.45929887,head
ENSG00000149136_SSRP1,12.45814032,head
ENSG00000146648_EGFR,12.45722094,head
ENSG00000118257_NRP2,12.45599448,head
ENSG00000188229_TUBB4B,12.45541909,head
ENSG00000157514_TSC22D3,12.45529359,head
ENSG00000104067_TJP1,12.45415188,head
ENSG00000197451_HNRNPAB,12.45191152,head
ENSG00000010244_ZNF207,12.45178679,head
ENSG00000120694_HSPH1,12.4511591,head
ENSG00000179051_RCC2,12.44973491,head
ENSG00000165671_NSD1,12.44950587,head
ENSG00000197879_MYO1C,12.44840806,head
ENSG00000079805_DNM2,12.44771151,head
ENSG00000088832_FKBP1A,12.44639927,head
ENSG00000175793_SFN,12.44445263,head
ENSG00000160752_FDPS,12.44310863,head
ENSG00000162402_USP24,12.4425619,head
ENSG00000162433_AK4,12.44190094,head
ENSG00000049759_NEDD4L,12.44121153,head
ENSG00000135390_ATP5MC2,12.43970927,head
ENSG00000184575_XPOT,12.43724547,head
ENSG00000154518_ATP5MC3,12.43699767,head
ENSG00000111530_CAND1,12.43698411,head
ENSG00000104341_LAPTM4B,12.43425658,head
ENSG00000004455_AK2,12.4337259,head
ENSG00000204256_BRD2,12.4336682,head
ENSG00000141736_ERBB2,12.43238168,head
ENSG00000099875_MKNK2,12.43200917,head
ENSG00000213719_CLIC1,12.42837864,head
ENSG00000172053_QARS,12.42162696,head
ENSG00000157106_SMG1,12.41503494,head
ENSG00000205581_HMGN1,12.41388528,head
ENSG00000089220_PEBP1,12.41266452,head
ENSG00000110367_DDX6,12.41121521,head
ENSG00000186395_KRT10,12.41054276,head
ENSG00000172809_RPL38,12.41015296,head
ENSG00000189143_CLDN4,12.40966653,head
ENSG00000083312_TNPO1,12.4043961,head
ENSG00000142089_IFITM3,12.40415076,head
ENSG00000088247_KHSRP,12.40207022,head
ENSG00000047410_TPR,12.39945579,head
ENSG00000089280_FUS,12.39896836,head
ENSG00000141279_NPEPPS,12.39891799,head
ENSG00000167306_MYO5B,12.39867075,head
ENSG00000155380_SLC16A1,12.39793981,head
ENSG00000124207_CSE1L,12.39720618,head
ENSG00000126602_TRAP1,12.38441046,head
ENSG00000152332_UHMK1,12.3834042,head
ENSG00000109133_TMEM33,12.37864842,head
ENSG00000112249_ASCC3,12.37634868,head
ENSG00000119888_EPCAM,12.37388017,head
ENSG00000113558_SKP1,12.37373796,head
ENSG00000072110_ACTN1,12.37367335,head
ENSG00000186591_UBE2H,12.37281543,head
ENSG00000144895_EIF2A,12.37063385,head
ENSG00000113282_CLINT1,12.36992482,head
ENSG00000149100_EIF3M,12.36720595,head
ENSG00000013364_MVP,12.3665314,head
ENSG00000131653_TRAF7,12.36372694,head
ENSG00000172893_DHCR7,12.36338103,head
ENSG00000172534_HCFC1,12.36193194,head
ENSG00000170540_ARL6IP1,12.36085561,head
ENSG00000074695_LMAN1,12.3606674,head
ENSG00000125398_SOX9,12.35802954,head
ENSG00000196504_PRPF40A,12.35551195,head
ENSG00000205609_EIF3CL,12.35518797,head
ENSG00000184743_ATL3,12.35320138,head
ENSG00000161203_AP2M1,12.35284655,head
ENSG00000137693_YAP1,12.35107289,head
ENSG00000104824_HNRNPL,12.34762776,head
ENSG00000103187_COTL1,12.34688482,head
ENSG00000114554_PLXNA1,12.3467902,head
ENSG00000065427_KARS,12.34634001,head
ENSG00000067704_IARS2,12.34624453,head
ENSG00000122565_CBX3,12.34613112,head
ENSG00000170017_ALCAM,12.34537919,head
ENSG00000133313_CNDP2,12.34304436,head
ENSG00000091409_ITGA6,12.34220499,head
ENSG00000253352_TUG1,12.34207954,head
ENSG00000123505_AMD1,12.34162752,head
ENSG00000149806_FAU,12.3375421,head
ENSG00000160007_ARHGAP35,12.32972549,head
ENSG00000198563_DDX39B,12.32571617,head
ENSG00000198668_CALM1,12.32129763,head
ENSG00000149043_SYT8,12.32093923,head
ENSG00000088986_DYNLL1,12.32070496,head
ENSG00000087086_FTL,12.31966107,head
ENSG00000141232_TOB1,12.31884823,head
ENSG00000107731_UNC5B,12.31649158,head
ENSG00000164032_H2AFZ,12.31442636,head
ENSG00000173473_SMARCC1,12.31291605,head
ENSG00000127616_SMARCA4,12.31264306,head
ENSG00000164733_CTSB,12.3120802,head
ENSG00000197081_IGF2R,12.31168829,head
ENSG00000129595_EPB41L4A,12.3113015,head
ENSG00000132821_VSTM2L,12.31019574,head
ENSG00000144674_GOLGA4,12.30942102,head
ENSG00000136810_TXN,12.30907348,head
ENSG00000068878_PSME4,12.30668968,head
ENSG00000134287_ARF3,12.3056545,head
ENSG00000089159_PXN,12.30178062,head
ENSG00000131236_CAP1,12.29957026,head
ENSG00000175390_EIF3F,12.29956303,head
ENSG00000166145_SPINT1,12.29817135,head
ENSG00000197226_TBC1D9B,12.29768497,head
ENSG00000152104_PTPN14,12.29549093,head
ENSG00000077097_TOP2B,12.29530284,head
ENSG00000143612_C1orf43,12.29357295,head
ENSG00000105568_PPP2R1A,12.28871494,head
ENSG00000133318_RTN3,12.28656314,head
ENSG00000261150_EPPK1,12.28538726,head
ENSG00000166888_STAT6,12.28421887,head
ENSG00000269821_KCNQ1OT1,12.28410797,head
ENSG00000133657_ATP13A3,12.28373175,head
ENSG00000140740_UQCRC2,12.28287382,head
ENSG00000167291_TBC1D16,12.28272664,head
ENSG00000118705_RPN2,12.28176085,head
ENSG00000151239_TWF1,12.28124733,head
ENSG00000169905_TOR1AIP2,12.28002164,head
ENSG00000198752_CDC42BPB,12.27920195,head
ENSG00000122218_COPA,12.27766505,head
ENSG00000172380_GNG12,12.27737262,head
ENSG00000126012_KDM5C,12.27066283,head
ENSG00000065000_AP3D1,12.26775539,head
ENSG00000163171_CDC42EP3,12.2665374,head
ENSG00000204394_VARS,12.26586724,head
ENSG00000114978_MOB1A,12.26534547,head
ENSG00000112851_ERBIN,12.26357401,head
ENSG00000123562_MORF4L2,12.26353259,head
ENSG00000168528_SERINC2,12.26297311,head
ENSG00000163466_ARPC2,12.26239005,head
ENSG00000139514_SLC7A1,12.26209664,head
ENSG00000067167_TRAM1,12.26072688,head
ENSG00000179091_CYC1,12.25958738,head
ENSG00000113648_H2AFY,12.25933188,head
ENSG00000080345_RIF1,12.25899383,head
ENSG00000113407_TARS,12.25764092,head
ENSG00000104763_ASAH1,12.25747624,head
ENSG00000055609_KMT2C,12.2574058,head
ENSG00000114439_BBX,12.25575452,head
ENSG00000102580_DNAJC3,12.25518607,head
ENSG00000092201_SUPT16H,12.25513347,head
ENSG00000152795_HNRNPDL,12.25209348,head
ENSG00000115107_STEAP3,12.25184993,head
ENSG00000213853_EMP2,12.24945511,head
ENSG00000167085_PHB,12.24880107,head
ENSG00000146223_RPL7L1,12.24563904,head
ENSG00000128833_MYO5C,12.2445031,head
ENSG00000124831_LRRFIP1,12.24419717,head
ENSG00000134352_IL6ST,12.24222494,head
ENSG00000115884_SDC1,12.24178912,head
ENSG00000181222_POLR2A,12.24060061,head
ENSG00000117724_CENPF,12.23902947,head
ENSG00000084733_RAB10,12.23731537,head
ENSG00000172216_CEBPB,12.23635403,head
ENSG00000160014_CALM3,12.23609982,head
ENSG00000102024_PLS3,12.23563732,head
ENSG00000277443_MARCKS,12.23533748,head
ENSG00000111775_COX6A1,12.23079656,head
ENSG00000169567_HINT1,12.23065588,head
ENSG00000153292_ADGRF1,12.23049673,head
ENSG00000143549_TPM3,12.22845945,head
ENSG00000129128_SPCS3,12.22800575,head
ENSG00000177410_ZFAS1,12.22777432,head
ENSG00000165637_VDAC2,12.22666304,head
ENSG00000102804_TSC22D1,12.22631861,head
ENSG00000174903_RAB1B,12.22539504,head
ENSG00000196914_ARHGEF12,12.22370538,head
ENSG00000084774_CAD,12.22226336,head
ENSG00000160551_TAOK1,12.2208402,head
ENSG00000138430_OLA1,12.22037851,head
ENSG00000143162_CREG1,12.21769614,head
ENSG00000120705_ETF1,12.21638844,head
ENSG00000168710_AHCYL1,12.21582621,head
ENSG00000105438_KDELR1,12.21451511,head
ENSG00000106153_CHCHD2,12.21091149,head
ENSG00000167815_PRDX2,12.21037456,head
ENSG00000198231_DDX42,12.20853767,head
ENSG00000113522_RAD50,12.20792316,head
ENSG00000148730_EIF4EBP2,12.20776553,head
ENSG00000062716_VMP1,12.20725318,head
ENSG00000140263_SORD,12.20702817,head
ENSG00000110422_HIPK3,12.20583778,head
ENSG00000185787_MORF4L1,12.20498546,head
ENSG00000115758_ODC1,12.20354846,head
ENSG00000173457_PPP1R14B,12.19658375,head
ENSG00000143742_SRP9,12.19391589,head
ENSG00000136938_ANP32B,12.19318245,head
ENSG00000130164_LDLR,12.19202012,head
ENSG00000075785_RAB7A,12.19144175,head
ENSG00000134910_STT3A,12.1914186,head
ENSG00000125534_PPDPF,12.19122438,head
ENSG00000149084_HSD17B12,12.19016263,head
ENSG00000162521_RBBP4,12.18616909,head
ENSG00000273749_CYFIP1,12.18580573,head
ENSG00000142798_HSPG2,12.18556573,head
ENSG00000042493_CAPG,12.1852712,head
ENSG00000170776_AKAP13,12.18509243,head
ENSG00000136758_YME1L1,12.18489777,head
ENSG00000144746_ARL6IP5,12.18473084,head
ENSG00000165959_CLMN,12.18273991,head
ENSG00000096063_SRPK1,12.18241317,head
ENSG00000168439_STIP1,12.18143027,head
ENSG00000175216_CKAP5,12.17948708,head
ENSG00000131747_TOP2A,12.17923744,head
ENSG00000124795_DEK,12.17689175,head
ENSG00000135018_UBQLN1,12.17378868,head
ENSG00000108828_VAT1,12.17373046,head
ENSG00000145495_MARCH6,12.17294586,head
ENSG00000106546_AHR,12.17115784,head
ENSG00000198830_HMGN2,12.1709433,head
ENSG00000120742_SERP1,12.17016449,head
ENSG00000102225_CDK16,12.17011183,head
ENSG00000169504_CLIC4,12.16975065,head
ENSG00000112245_PTP4A1,12.1680322,head
ENSG00000172115_CYCS,12.16522579,head
ENSG00000206053_JPT2,12.16515503,head
ENSG00000114850_SSR3,12.16394079,head
ENSG00000139218_SCAF11,12.15950581,head
ENSG00000137962_ARHGAP29,12.15942518,head
ENSG00000129625_REEP5,12.15711141,head
ENSG00000138688_KIAA1109,12.15684112,head
ENSG00000115419_GLS,12.15552189,head
ENSG00000135679_MDM2,12.15522562,head
ENSG00000181061_HIGD1A,12.15238115,head
ENSG00000204525_HLA-C,12.15234992,head
ENSG00000162599_NFIA,12.15102398,head
ENSG00000148248_SURF4,12.15015658,head
ENSG00000130429_ARPC1B,12.14699585,head
ENSG00000121774_KHDRBS1,12.14522157,head
ENSG00000049449_RCN1,12.14403452,head
ENSG00000149187_CELF1,12.1417868,head
ENSG00000135052_GOLM1,12.13766729,head
ENSG00000161013_MGAT4B,12.13758577,head
ENSG00000205730_ITPRIPL2,12.13646381,head
ENSG00000079257_LXN,12.13589197,head
ENSG00000140391_TSPAN3,12.13574044,head
ENSG00000124193_SRSF6,12.13513774,head
ENSG00000093144_ECHDC1,12.13474382,head
ENSG00000184363_PKP3,12.13290443,head
ENSG00000134884_ARGLU1,12.13271277,head
ENSG00000167468_GPX4,12.13166915,head
ENSG00000100504_PYGL,12.12999967,head
ENSG00000275052_PPP4R3B,12.12822359,head
ENSG00000137575_SDCBP,12.12785574,head
ENSG00000108219_TSPAN14,12.12735846,head
ENSG00000165272_AQP3,12.12631765,head
ENSG00000160862_AZGP1,12.12577754,head
ENSG00000099783_HNRNPM,12.1252517,head
ENSG00000153147_SMARCA5,12.12272447,head
ENSG00000175166_PSMD2,12.12037067,head
ENSG00000136731_UGGT1,12.11887864,head
ENSG00000127481_UBR4,12.11887822,head
ENSG00000130066_SAT1,12.11779154,head
ENSG00000242265_PEG10,12.11328875,head
ENSG00000270066_AL356488.2,12.10962141,head
ENSG00000068654_POLR1A,12.10924941,head
ENSG00000198695_MT-ND6,12.10810834,head
ENSG00000163932_PRKCD,12.10802374,head
ENSG00000112697_TMEM30A,12.10706764,head
ENSG00000129116_PALLD,12.1068358,head
ENSG00000121060_TRIM25,12.10658541,head
ENSG00000105373_NOP53,12.10653313,head
ENSG00000102910_LONP2,12.10591852,head
ENSG00000025800_KPNA6,12.10366459,head
ENSG00000127914_AKAP9,12.10282615,head
ENSG00000100714_MTHFD1,12.10075851,head
ENSG00000068697_LAPTM4A,12.09700887,head
ENSG00000111912_NCOA7,12.09630825,head
ENSG00000182095_TNRC18,12.09615236,head
ENSG00000105887_MTPN,12.09604646,head
ENSG00000141027_NCOR1,12.09418263,head
ENSG00000133706_LARS,12.0938961,head
ENSG00000119285_HEATR1,12.08899026,head
ENSG00000100243_CYB5R3,12.08851798,head
ENSG00000179889_PDXDC1,12.08840291,head
ENSG00000197965_MPZL1,12.08835964,head
ENSG00000115091_ACTR3,12.08571485,head
ENSG00000186480_INSIG1,12.08555849,head
ENSG00000113441_LNPEP,12.08480833,head
ENSG00000105514_RAB3D,12.08100154,head
ENSG00000175387_SMAD2,12.08099514,head
ENSG00000163714_U2SURP,12.08064285,head
ENSG00000189067_LITAF,12.08044655,head
ENSG00000148672_GLUD1,12.0795461,head
ENSG00000116539_ASH1L,12.0775593,head
ENSG00000009335_UBE3C,12.07680248,head
ENSG00000072364_AFF4,12.0718993,head
ENSG00000196591_HDAC2,12.07185619,head
ENSG00000105810_CDK6,12.07063788,head
ENSG00000142910_TINAGL1,12.07056883,head
ENSG00000132463_GRSF1,12.06653625,head
ENSG00000116754_SRSF11,12.06640334,head
ENSG00000272325_NUDT3,12.06557873,head
ENSG00000205336_ADGRG1,12.06546639,head
ENSG00000148400_NOTCH1,12.0641634,head
ENSG00000125166_GOT2,12.06390487,head
ENSG00000178104_PDE4DIP,12.06221907,head
ENSG00000148180_GSN,12.05951067,head
ENSG00000091136_LAMB1,12.05713789,head
ENSG00000103769_RAB11A,12.05681032,head
ENSG00000168924_LETM1,12.05591441,head
ENSG00000184432_COPB2,12.05581107,head
ENSG00000204463_BAG6,12.05470426,head
ENSG00000114686_MRPL3,12.054415,head
ENSG00000168092_PAFAH1B2,12.05409422,head
ENSG00000188612_SUMO2,12.05357415,head
ENSG00000152291_TGOLN2,12.05146857,head
ENSG00000108021_TASOR2,12.05044824,head
ENSG00000119669_IRF2BPL,12.04987346,head
ENSG00000182199_SHMT2,12.04985644,head
ENSG00000134871_COL4A2,12.04879239,head
ENSG00000135506_OS9,12.04837909,head
ENSG00000104517_UBR5,12.04725318,head
ENSG00000153561_RMND5A,12.04649956,head
ENSG00000101126_ADNP,12.04411181,head
ENSG00000049618_ARID1B,12.04402854,head
ENSG00000063244_U2AF2,12.04319739,head
ENSG00000198677_TTC37,12.0397843,head
ENSG00000149547_EI24,12.03935374,head
ENSG00000183864_TOB2,12.03514599,head
ENSG00000143569_UBAP2L,12.034979,head
ENSG00000140526_ABHD2,12.03364185,head
ENSG00000173848_NET1,12.03324471,head
ENSG00000138668_HNRNPD,12.03100813,head
ENSG00000182481_KPNA2,12.02805695,head
ENSG00000077232_DNAJC10,12.02606117,head
ENSG00000069329_VPS35,12.02525402,head
ENSG00000142208_AKT1,12.02462714,head
ENSG00000065154_OAT,12.02306651,head
ENSG00000163938_GNL3,12.02184004,head
ENSG00000116209_TMEM59,12.02129544,head
ENSG00000167792_NDUFV1,12.02104455,head
ENSG00000137845_ADAM10,12.02070946,head
ENSG00000075618_FSCN1,12.02041525,head
ENSG00000088367_EPB41L1,12.01949396,head
ENSG00000137876_RSL24D1,12.01944415,head
ENSG00000060749_QSER1,12.01934926,head
ENSG00000105701_FKBP8,12.01732124,head
ENSG00000198408_OGA,12.01658323,head
ENSG00000113048_MRPS27,12.01111095,head
ENSG00000110092_CCND1,12.01081701,head
ENSG00000196535_MYO18A,12.0103126,head
ENSG00000110651_CD81,12.00985037,head
ENSG00000150593_PDCD4,12.00909431,head
ENSG00000187555_USP7,12.00736368,head
ENSG00000173432_SAA1,12.00559664,head
ENSG00000134644_PUM1,12.00516464,head
ENSG00000009954_BAZ1B,12.00214757,head
ENSG00000166747_AP1G1,12.00161716,head
ENSG00000021762_OSBPL5,12.00088413,head
ENSG00000166326_TRIM44,12.00041701,head
ENSG00000198743_SLC5A3,12.0000159,head
ENSG00000183742_MACC1,11.99949449,head
ENSG00000162613_FUBP1,11.99865236,head
ENSG00000073578_SDHA,11.99524998,head
ENSG00000100242_SUN2,11.99482312,head
ENSG00000171634_BPTF,11.99467728,head
ENSG00000100650_SRSF5,11.99380752,head
ENSG00000180370_PAK2,11.99378781,head
ENSG00000164070_HSPA4L,11.99353667,head
ENSG00000214022_REPIN1,11.99307784,head
ENSG00000182831_C16orf72,11.99135028,head
ENSG00000275023_MLLT6,11.99112197,head
ENSG00000138821_SLC39A8,11.99084466,head
ENSG00000051620_HEBP2,11.99077255,head
ENSG00000131503_ANKHD1,11.99017117,head
ENSG00000058668_ATP2B4,11.99004741,head
ENSG00000110042_DTX4,11.98859647,head
ENSG00000075292_ZNF638,11.988351,head
ENSG00000198836_OPA1,11.98832045,head
ENSG00000123159_GIPC1,11.98808526,head
ENSG00000012660_ELOVL5,11.9879484,head
ENSG00000132382_MYBBP1A,11.98631335,head
ENSG00000187231_SESTD1,11.98526693,head
ENSG00000185164_NOMO2,11.98510373,head
ENSG00000138768_USO1,11.98431484,head
ENSG00000169855_ROBO1,11.98276689,head
ENSG00000108848_LUC7L3,11.98144198,head
ENSG00000071054_MAP4K4,11.97835856,head
ENSG00000142168_SOD1,11.97800872,head
ENSG00000047315_POLR2B,11.97472957,head
ENSG00000176619_LMNB2,11.97386854,head
ENSG00000145730_PAM,11.97339504,head
ENSG00000100813_ACIN1,11.97150855,head
ENSG00000100811_YY1,11.97120487,head
ENSG00000177156_TALDO1,11.96754795,head
ENSG00000123064_DDX54,11.96731333,head
ENSG00000173575_CHD2,11.96641356,head
ENSG00000114416_FXR1,11.96578926,head
ENSG00000113810_SMC4,11.96516588,head
ENSG00000188529_SRSF10,11.96504944,head
ENSG00000105953_OGDH,11.96362017,head
ENSG00000168374_ARF4,11.96303951,head
ENSG00000125648_SLC25A23,11.96259266,head
ENSG00000138674_SEC31A,11.96243552,head
ENSG00000058673_ZC3H11A,11.96002694,head
ENSG00000100412_ACO2,11.95920385,head
ENSG00000130396_AFDN,11.9585152,head
ENSG00000118482_PHF3,11.95839604,head
ENSG00000125977_EIF2S2,11.95820837,head
ENSG00000005810_MYCBP2,11.95819665,head
ENSG00000134851_TMEM165,11.95782052,head
ENSG00000131467_PSME3,11.95748135,head
ENSG00000013306_SLC25A39,11.95561996,head
ENSG00000100393_EP300,11.95357972,head
ENSG00000103512_NOMO1,11.95275247,head
ENSG00000203875_SNHG5,11.95198354,head
ENSG00000176658_MYO1D,11.95108982,head
ENSG00000123983_ACSL3,11.94837621,head
ENSG00000104687_GSR,11.94830267,head
ENSG00000111229_ARPC3,11.94746837,head
ENSG00000078114_NEBL,11.94558629,head
ENSG00000056097_ZFR,11.94495337,head
ENSG00000017260_ATP2C1,11.9443141,head
ENSG00000136156_ITM2B,11.94413819,head
ENSG00000169908_TM4SF1,11.94110567,head
ENSG00000005007_UPF1,11.94056983,head
ENSG00000105281_SLC1A5,11.93970085,head
ENSG00000196367_TRRAP,11.93900258,head
ENSG00000175582_RAB6A,11.93878297,head
ENSG00000115307_AUP1,11.93746118,head
ENSG00000136193_SCRN1,11.9359497,head
ENSG00000134909_ARHGAP32,11.93573181,head
ENSG00000138814_PPP3CA,11.93358086,head
ENSG00000175029_CTBP2,11.93338854,head
ENSG00000117713_ARID1A,11.93282911,head
ENSG00000115541_HSPE1,11.93238651,head
ENSG00000064666_CNN2,11.93215071,head
ENSG00000160796_NBEAL2,11.93077398,head
ENSG00000069011_PITX1,11.93075429,head
ENSG00000196562_SULF2,11.93037722,head
ENSG00000108679_LGALS3BP,11.92999027,head
ENSG00000108604_SMARCD2,11.92924681,head
ENSG00000172845_SP3,11.92820761,head
ENSG00000008282_SYPL1,11.92818363,head
ENSG00000138834_MAPK8IP3,11.92787598,head
ENSG00000148700_ADD3,11.92735094,head
ENSG00000100300_TSPO,11.92455359,head
ENSG00000185591_SP1,11.92159396,head
ENSG00000165672_PRDX3,11.92032527,head
ENSG00000197930_ERO1A,11.9199714,head
ENSG00000168447_SCNN1B,11.91906878,head
ENSG00000198146_ZNF770,11.91886116,head
ENSG00000143153_ATP1B1,11.91640671,head
ENSG00000164091_WDR82,11.91613195,head
ENSG00000169021_UQCRFS1,11.91585718,head
ENSG00000159658_EFCAB14,11.91573499,head
ENSG00000135677_GNS,11.91538983,head
ENSG00000054219_LY75,11.91496402,head
ENSG00000163347_CLDN1,11.91376215,head
ENSG00000197448_GSTK1,11.91349654,head
ENSG00000197969_VPS13A,11.91335964,head
ENSG00000158195_WASF2,11.91047887,head
ENSG00000073060_SCARB1,11.91010594,head
ENSG00000165650_PDZD8,11.90995544,head
ENSG00000104413_ESRP1,11.90967459,head
ENSG00000159692_CTBP1,11.90945851,head
ENSG00000124151_NCOA3,11.90729025,head
ENSG00000132294_EFR3A,11.90583463,head
ENSG00000101266_CSNK2A1,11.90511532,head
ENSG00000100528_CNIH1,11.90395238,head
ENSG00000072501_SMC1A,11.90266572,head
ENSG00000167880_EVPL,11.90261084,head
ENSG00000163946_TASOR,11.9026057,head
ENSG00000102317_RBM3,11.90250836,head
ENSG00000007168_PAFAH1B1,11.89917307,head
ENSG00000244687_UBE2V1,11.89837182,head
ENSG00000107438_PDLIM1,11.89796434,head
ENSG00000085224_ATRX,11.89540007,head
ENSG00000154380_ENAH,11.89413263,head
ENSG00000071967_CYBRD1,11.89365722,head
ENSG00000090615_GOLGA3,11.89165216,head
ENSG00000186184_POLR1D,11.89123708,head
ENSG00000105221_AKT2,11.89109027,head
ENSG00000124198_ARFGEF2,11.89028694,head
ENSG00000100030_MAPK1,11.89006142,head
ENSG00000055917_PUM2,11.88957754,head
ENSG00000124214_STAU1,11.88836468,head
ENSG00000112308_C6orf62,11.88808077,head
ENSG00000139697_SBNO1,11.88616887,head
ENSG00000100605_ITPK1,11.88575784,head
ENSG00000152102_FAM168B,11.88573301,head
ENSG00000185658_BRWD1,11.88568263,head
ENSG00000119396_RAB14,11.88541167,head
ENSG00000196712_NF1,11.8847534,head
ENSG00000145632_PLK2,11.88473064,head
ENSG00000095787_WAC,11.88471287,head
ENSG00000124225_PMEPA1,11.88219584,head
ENSG00000136485_DCAF7,11.88185835,head
ENSG00000113719_ERGIC1,11.88168273,head
ENSG00000128731_HERC2,11.88150118,head
ENSG00000057019_DCBLD2,11.88041109,head
ENSG00000188554_NBR1,11.88008356,head
ENSG00000112715_VEGFA,11.87905697,head
ENSG00000179950_PUF60,11.87875369,head
ENSG00000161813_LARP4,11.87776289,head
ENSG00000172354_GNB2,11.87724532,head
ENSG00000204592_HLA-E,11.87720949,head
ENSG00000147459_DOCK5,11.87692415,head
ENSG00000106261_ZKSCAN1,11.87521108,head
ENSG00000169398_PTK2,11.87400357,head
ENSG00000140374_ETFA,11.8737357,head
ENSG00000078618_NRDC,11.87367739,head
ENSG00000163513_TGFBR2,11.87320424,head
ENSG00000168175_MAPK1IP1L,11.87275541,head
ENSG00000185883_ATP6V0C,11.87151251,head
ENSG00000117394_SLC2A1,11.87142686,head
ENSG00000130309_COLGALT1,11.86999102,head
ENSG00000078674_PCM1,11.86977388,head
ENSG00000100241_SBF1,11.86966443,head
ENSG00000119655_NPC2,11.86827093,head
ENSG00000141385_AFG3L2,11.86805032,head
ENSG00000133872_SARAF,11.86764212,head
ENSG00000154174_TOMM70,11.86690415,head
ENSG00000101558_VAPA,11.86629237,head
ENSG00000125835_SNRPB,11.86594974,head
ENSG00000141510_TP53,11.86501689,head
ENSG00000129083_COPB1,11.86355967,head
ENSG00000078304_PPP2R5C,11.86327752,head
ENSG00000132824_SERINC3,11.86151314,head
ENSG00000070214_SLC44A1,11.85973337,head
ENSG00000186575_NF2,11.85806009,head
ENSG00000156467_UQCRB,11.85687052,head
ENSG00000165934_CPSF2,11.85387385,head
ENSG00000119383_PTPA,11.85317288,head
ENSG00000105647_PIK3R2,11.85238622,head
ENSG00000159131_GART,11.85222359,head
ENSG00000152990_ADGRA3,11.85161296,head
ENSG00000148843_PDCD11,11.85103362,head
ENSG00000164190_NIPBL,11.85099965,head
ENSG00000147526_TACC1,11.85050348,head
ENSG00000158769_F11R,11.84953674,head
ENSG00000187837_HIST1H1C,11.84927992,head
ENSG00000134970_TMED7,11.84894336,head
ENSG00000186660_ZFP91,11.84881024,head
ENSG00000110713_NUP98,11.84863772,head
ENSG00000065618_COL17A1,11.84848902,head
ENSG00000086232_EIF2AK1,11.84787227,head
ENSG00000084623_EIF3I,11.84631911,head
ENSG00000148346_LCN2,11.84520046,head
ENSG00000100522_GNPNAT1,11.84493402,head
ENSG00000100354_TNRC6B,11.84423768,head
ENSG00000160685_ZBTB7B,11.84411849,head
ENSG00000035403_VCL,11.84310848,head
ENSG00000055332_EIF2AK2,11.84250167,head
ENSG00000134247_PTGFRN,11.84075836,head
ENSG00000079785_DDX1,11.83846286,head
ENSG00000001084_GCLC,11.83843905,head
ENSG00000180776_ZDHHC20,11.83722421,head
ENSG00000164626_KCNK5,11.83666109,head
ENSG00000116005_PCYOX1,11.83597955,head
ENSG00000108312_UBTF,11.83587118,head
ENSG00000179604_CDC42EP4,11.83316425,head
ENSG00000135926_TMBIM1,11.83293554,head
ENSG00000110075_PPP6R3,11.83231404,head
ENSG00000125844_RRBP1,11.83165677,head
ENSG00000112739_PRPF4B,11.83086047,head
ENSG00000158470_B4GALT5,11.83050228,head
ENSG00000013288_MAN2B2,11.82902389,head
ENSG00000173120_KDM2A,11.82859448,head
ENSG00000164880_INTS1,11.82801305,head
ENSG00000111907_TPD52L1,11.82714155,head
ENSG00000164134_NAA15,11.82603234,head
ENSG00000137955_RABGGTB,11.8230639,head
ENSG00000065135_GNAI3,11.82296582,head
ENSG00000164111_ANXA5,11.82235971,head
ENSG00000105202_FBL,11.82232285,head
ENSG00000100320_RBFOX2,11.82191113,head
ENSG00000070831_CDC42,11.8217807,head
ENSG00000124782_RREB1,11.81917572,head
ENSG00000108510_MED13,11.81907063,head
ENSG00000017797_RALBP1,11.81765456,head
ENSG00000166181_API5,11.81705183,head
ENSG00000178252_WDR6,11.81514204,head
ENSG00000070413_DGCR2,11.81426589,head
ENSG00000107863_ARHGAP21,11.81318514,head
ENSG00000170385_SLC30A1,11.81316153,head
ENSG00000079739_PGM1,11.81290312,head
ENSG00000132182_NUP210,11.81181735,head
ENSG00000104331_IMPAD1,11.81125669,head
ENSG00000108557_RAI1,11.80995302,head
ENSG00000152601_MBNL1,11.80954138,head
ENSG00000029364_SLC39A9,11.80844493,head
ENSG00000087365_SF3B2,11.8080796,head
ENSG00000095139_ARCN1,11.807464,head
ENSG00000092964_DPYSL2,11.80707129,head
ENSG00000166200_COPS2,11.80646829,head
ENSG00000188112_C6orf132,11.80579279,head
ENSG00000148396_SEC16A,11.8056596,head
ENSG00000138758_SEPTIN11,11.80457263,head
ENSG00000076108_BAZ2A,11.80155204,head
ENSG00000125753_VASP,11.7993831,head
ENSG00000167754_KLK5,11.79919719,head
ENSG00000132849_PATJ,11.79712242,head
ENSG00000069849_ATP1B3,11.795731,head
ENSG00000166734_CASC4,11.79497376,head
ENSG00000102007_PLP2,11.79447174,head
ENSG00000119139_TJP2,11.7934925,head
ENSG00000221926_TRIM16,11.79242703,head
ENSG00000133226_SRRM1,11.79039456,head
ENSG00000144224_UBXN4,11.78808773,head
ENSG00000109062_SLC9A3R1,11.78673953,head
ENSG00000146463_ZMYM4,11.78487787,head
ENSG00000107929_LARP4B,11.7844682,head
ENSG00000105699_LSR,11.78405413,head
ENSG00000121057_AKAP1,11.78329292,head
ENSG00000137942_FNBP1L,11.78305085,head
ENSG00000104131_EIF3J,11.78108117,head
ENSG00000104332_SFRP1,11.77810187,head
ENSG00000122378_PRXL2A,11.77796957,head
ENSG00000131844_MCCC2,11.77695029,head
ENSG00000183283_DAZAP2,11.77651248,head
ENSG00000140564_FURIN,11.77594137,head
ENSG00000198931_APRT,11.77534637,head
ENSG00000066777_ARFGEF1,11.77520674,head
ENSG00000091140_DLD,11.77488165,head
ENSG00000189266_PNRC2,11.77456497,head
ENSG00000169230_PRELID1,11.77431967,head
ENSG00000162704_ARPC5,11.77379239,head
ENSG00000122034_GTF3A,11.77363175,head
ENSG00000270647_TAF15,11.77345814,head
ENSG00000126267_COX6B1,11.77339726,head
ENSG00000100139_MICALL1,11.77320555,head
ENSG00000175215_CTDSP2,11.77229607,head
ENSG00000270141_TERC,11.77149942,head
ENSG00000136527_TRA2B,11.77094529,head
ENSG00000188505_NCCRP1,11.77008887,head
ENSG00000109572_CLCN3,11.76923008,head
ENSG00000114302_PRKAR2A,11.76847991,head
ENSG00000168264_IRF2BP2,11.76843292,head
ENSG00000162337_LRP5,11.76814559,head
ENSG00000138772_ANXA3,11.76761625,head
ENSG00000022840_RNF10,11.76726187,head
ENSG00000138385_SSB,11.76654501,head
ENSG00000162434_JAK1,11.76635243,head
ENSG00000101752_MIB1,11.76602226,head
ENSG00000139645_ANKRD52,11.76533463,head
ENSG00000167491_GATAD2A,11.76388701,head
ENSG00000132002_DNAJB1,11.76228382,head
ENSG00000171206_TRIM8,11.76163227,head
ENSG00000198900_TOP1,11.76098243,head
ENSG00000173660_UQCRH,11.76051531,head
ENSG00000136240_KDELR2,11.76039826,head
ENSG00000206503_HLA-A,11.75868245,head
ENSG00000131507_NDFIP1,11.75784479,head
ENSG00000180198_RCC1,11.75733175,head
ENSG00000164916_FOXK1,11.75675277,head
ENSG00000122863_CHST3,11.75541486,head
ENSG00000102572_STK24,11.75442919,head
ENSG00000008441_NFIX,11.75346238,head
ENSG00000243649_CFB,11.75313237,head
ENSG00000186350_RXRA,11.75249885,head
ENSG00000126432_PRDX5,11.75133488,head
ENSG00000105854_PON2,11.75098477,head
ENSG00000120948_TARDBP,11.74925036,head
ENSG00000067900_ROCK1,11.74893815,head
ENSG00000125991_ERGIC3,11.74777984,head
ENSG00000118058_KMT2A,11.74702231,head
ENSG00000259956_RBM15B,11.74632286,head
ENSG00000153207_AHCTF1,11.74585427,head
ENSG00000143621_ILF2,11.74500566,head
ENSG00000111540_RAB5B,11.74440943,head
ENSG00000132424_PNISR,11.74416132,head
ENSG00000261236_BOP1,11.74323266,head
ENSG00000141867_BRD4,11.74302016,head
ENSG00000160877_NACC1,11.74245841,head
ENSG00000176105_YES1,11.74157668,head
ENSG00000257315_ZBED6,11.7406404,head
ENSG00000244462_RBM12,11.73880152,head
ENSG00000158417_EIF5B,11.73855231,head
ENSG00000138061_CYP1B1,11.73839897,head
ENSG00000105401_CDC37,11.73712582,head
ENSG00000153107_ANAPC1,11.73538543,head
ENSG00000170522_ELOVL6,11.73488518,head
ENSG00000143418_CERS2,11.73407776,head
ENSG00000115084_SLC35F5,11.734069,head
ENSG00000134001_EIF2S1,11.73238874,head
ENSG00000162923_WDR26,11.73179562,head
ENSG00000112335_SNX3,11.73101975,head
ENSG00000151835_SACS,11.73060491,head
ENSG00000172667_ZMAT3,11.72983192,head
ENSG00000138448_ITGAV,11.72959735,head
ENSG00000115241_PPM1G,11.72794435,head
ENSG00000103994_ZNF106,11.72746521,head
ENSG00000152952_PLOD2,11.72663339,head
ENSG00000120733_KDM3B,11.72631472,head
ENSG00000204217_BMPR2,11.72592992,head
ENSG00000152818_UTRN,11.72590113,head
ENSG00000198176_TFDP1,11.72476861,head
ENSG00000179632_MAF1,11.72362625,head
ENSG00000101361_NOP56,11.72361891,head
ENSG00000159166_LAD1,11.72330441,head
ENSG00000153560_UBP1,11.72309435,head
ENSG00000152518_ZFP36L2,11.72307925,head
ENSG00000149480_MTA2,11.72245001,head
ENSG00000099995_SF3A1,11.72223785,head
ENSG00000253719_ATXN7L3B,11.71822099,head
ENSG00000177733_HNRNPA0,11.71763441,head
ENSG00000134802_SLC43A3,11.71747886,head
ENSG00000112695_COX7A2,11.71543531,head
ENSG00000196642_RABL6,11.71400463,head
ENSG00000100906_NFKBIA,11.7132223,head
ENSG00000106052_TAX1BP1,11.70983632,head
ENSG00000100304_TTLL12,11.70893911,head
ENSG00000173210_ABLIM3,11.70751031,head
ENSG00000167635_ZNF146,11.70640775,head
ENSG00000116747_RO60,11.70618977,head
ENSG00000166233_ARIH1,11.70229203,head
ENSG00000145012_LPP,11.70178872,head
ENSG00000141959_PFKL,11.70138493,head
ENSG00000067064_IDI1,11.7010391,head
ENSG00000138018_SELENOI,11.70091105,head
ENSG00000111142_METAP2,11.70014409,head
ENSG00000137504_CREBZF,11.69875501,head
ENSG00000160691_SHC1,11.69759832,head
ENSG00000108588_CCDC47,11.69607451,head
ENSG00000187079_TEAD1,11.69521136,head
ENSG00000071894_CPSF1,11.69517281,head
ENSG00000087077_TRIP6,11.69490547,head
ENSG00000124766_SOX4,11.69271655,head
ENSG00000100207_TCF20,11.69205024,head
ENSG00000143641_GALNT2,11.69161828,head
ENSG00000197601_FAR1,11.68964186,head
ENSG00000128283_CDC42EP1,11.68889529,head
ENSG00000164164_OTUD4,11.68806788,head
ENSG00000205542_TMSB4X,11.68798422,head
ENSG00000214753_HNRNPUL2,11.68781957,head
ENSG00000167005_NUDT21,11.68744605,head
ENSG00000023734_STRAP,11.6855886,head
ENSG00000108175_ZMIZ1,11.68515434,head
ENSG00000087274_ADD1,11.68018015,head
ENSG00000163811_WDR43,11.67982387,head
ENSG00000088930_XRN2,11.67919509,head
ENSG00000130382_MLLT1,11.67840479,head
ENSG00000177200_CHD9,11.67817588,head
ENSG00000183495_EP400,11.67808408,head
ENSG00000146247_PHIP,11.67795958,head
ENSG00000073350_LLGL2,11.67744561,head
ENSG00000136021_SCYL2,11.67734026,head
ENSG00000141424_SLC39A6,11.67700847,head
ENSG00000073921_PICALM,11.67629792,head
ENSG00000138363_ATIC,11.67261375,head
ENSG00000159216_RUNX1,11.67185942,head
ENSG00000078369_GNB1,11.67184172,head
ENSG00000103363_ELOB,11.67136319,head
ENSG00000071537_SEL1L,11.66989722,head
ENSG00000155561_NUP205,11.66900975,head
ENSG00000041357_PSMA4,11.66776642,head
ENSG00000100403_ZC3H7B,11.66712053,head
ENSG00000137710_RDX,11.66688317,head
ENSG00000145734_BDP1,11.66635357,head
ENSG00000118689_FOXO3,11.66465392,head
ENSG00000164346_NSA2,11.66435232,head
ENSG00000125817_CENPB,11.66406661,head
ENSG00000105971_CAV2,11.66379942,head
ENSG00000156675_RAB11FIP1,11.66257555,head
ENSG00000136997_MYC,11.66250098,head
ENSG00000205531_NAP1L4,11.66237532,head
ENSG00000134318_ROCK2,11.66193089,head
ENSG00000128487_SPECC1,11.66172084,head
ENSG00000181789_COPG1,11.66146594,head
ENSG00000123144_TRIR,11.66102273,head
ENSG00000109111_SUPT6H,11.65991975,head
ENSG00000167522_ANKRD11,11.6577706,head
ENSG00000265241_RBM8A,11.65718381,head
ENSG00000160216_AGPAT3,11.65519461,head
ENSG00000196411_EPHB4,11.65272606,head
ENSG00000116044_NFE2L2,11.6513034,head
ENSG00000150768_DLAT,11.65079966,head
ENSG00000023516_AKAP11,11.6501805,head
ENSG00000120802_TMPO,11.64946179,head
ENSG00000117461_PIK3R3,11.64932058,head
ENSG00000011426_ANLN,11.64870273,head
ENSG00000138777_PPA2,11.64847628,head
ENSG00000005893_LAMP2,11.64776717,head
ENSG00000118596_SLC16A7,11.64773402,head
ENSG00000091039_OSBPL8,11.64754321,head
ENSG00000178127_NDUFV2,11.64420085,head
ENSG00000205937_RNPS1,11.64374025,head
ENSG00000166557_TMED3,11.6428522,head
ENSG00000167258_CDK12,11.64278067,head
ENSG00000224078_SNHG14,11.64254259,head
ENSG00000100029_PES1,11.64190962,head
ENSG00000196821_ILRUN,11.64126438,head
ENSG00000153914_SREK1,11.6412041,head
ENSG00000133687_TMTC1,11.64116069,head
ENSG00000140319_SRP14,11.64097726,head
ENSG00000143420_ENSA,11.64056519,head
ENSG00000100280_AP1B1,11.64022743,head
ENSG00000089693_MLF2,11.6388294,head
ENSG00000124172_ATP5F1E,11.63869881,head
ENSG00000239672_NME1,11.63852164,head
ENSG00000101182_PSMA7,11.63714093,head
ENSG00000137106_GRHPR,11.63712846,head
ENSG00000011405_PIK3C2A,11.63687035,head
ENSG00000135837_CEP350,11.63593311,head
ENSG00000120256_LRP11,11.63510653,head
ENSG00000085832_EPS15,11.63501165,head
ENSG00000128567_PODXL,11.63327836,head
ENSG00000100836_PABPN1,11.63308648,head
ENSG00000101972_STAG2,11.63244407,head
ENSG00000114062_UBE3A,11.6322018,head
ENSG00000130638_ATXN10,11.63203015,head
ENSG00000099624_ATP5F1D,11.63159439,head
ENSG00000185122_HSF1,11.63143799,head
ENSG00000188153_COL4A5,11.63133193,head
ENSG00000140943_MBTPS1,11.63112894,head
ENSG00000049656_CLPTM1L,11.63107371,head
ENSG00000197386_HTT,11.6296253,head
ENSG00000186193_SAPCD2,11.62955779,head
ENSG00000140612_SEC11A,11.62845022,head
ENSG00000237289_CKMT1B,11.62599234,head
ENSG00000014641_MDH1,11.62586535,head
ENSG00000102054_RBBP7,11.62520377,head
ENSG00000104522_TSTA3,11.62490426,head
ENSG00000068120_COASY,11.6239037,head
ENSG00000176986_SEC24C,11.62233346,head
ENSG00000182087_TMEM259,11.62153205,head
ENSG00000186432_KPNA4,11.6210073,head
ENSG00000169018_FEM1B,11.6202793,head
ENSG00000102699_PARP4,11.62001941,head
ENSG00000183530_PRR14L,11.61966036,head
ENSG00000172939_OXSR1,11.61874191,head
ENSG00000123095_BHLHE41,11.61724369,head
ENSG00000170876_TMEM43,11.61616633,head
ENSG00000103067_ESRP2,11.61594819,head
ENSG00000101596_SMCHD1,11.61575156,head
ENSG00000169895_SYAP1,11.61510621,head
ENSG00000148671_ADIRF,11.61459318,head
ENSG00000149573_MPZL2,11.61414273,head
ENSG00000075239_ACAT1,11.61386249,head
ENSG00000074527_NTN4,11.61338872,head
ENSG00000108883_EFTUD2,11.61232354,head
ENSG00000100644_HIF1A,11.61099179,head
ENSG00000110090_CPT1A,11.61015877,head
ENSG00000101152_DNAJC5,11.60948583,head
ENSG00000097033_SH3GLB1,11.60948167,head
ENSG00000101608_MYL12A,11.60848187,head
ENSG00000135932_CAB39,11.60690625,head
ENSG00000107104_KANK1,11.60649023,head
ENSG00000234616_JRK,11.60643865,head
ENSG00000113575_PPP2CA,11.60460263,head
ENSG00000130811_EIF3G,11.60455625,head
ENSG00000166689_PLEKHA7,11.6040957,head
ENSG00000141985_SH3GL1,11.60335347,head
ENSG00000089327_FXYD5,11.60281916,head
ENSG00000071655_MBD3,11.60151815,head
ENSG00000113916_BCL6,11.60124156,head
ENSG00000070770_CSNK2A2,11.60102324,head
ENSG00000126457_PRMT1,11.59862832,head
ENSG00000169035_KLK7,11.59840162,head
ENSG00000122705_CLTA,11.597299,head
ENSG00000117500_TMED5,11.59482026,head
ENSG00000105289_TJP3,11.59464337,head
ENSG00000110107_PRPF19,11.59369409,head
ENSG00000126261_UBA2,11.5935723,head
ENSG00000130338_TULP4,11.5917948,head
ENSG00000119596_YLPM1,11.59165203,head
ENSG00000010292_NCAPD2,11.59042591,head
ENSG00000169926_KLF13,11.58984526,head
ENSG00000025796_SEC63,11.58833487,head
ENSG00000143252_SDHC,11.58812616,head
ENSG00000147548_NSD3,11.58712021,head
ENSG00000110696_C11orf58,11.5868777,head
ENSG00000119707_RBM25,11.58647883,head
ENSG00000106628_POLD2,11.58613757,head
ENSG00000167283_ATP5MG,11.583029,head
ENSG00000089006_SNX5,11.58247563,head
ENSG00000170296_GABARAP,11.58087662,head
ENSG00000100888_CHD8,11.5786212,head
ENSG00000106105_GARS,11.57516593,head
ENSG00000003056_M6PR,11.57500746,head
ENSG00000182934_SRPRA,11.57458998,head
ENSG00000178982_EIF3K,11.5739216,head
ENSG00000171867_PRNP,11.5728563,head
ENSG00000163655_GMPS,11.57274958,head
ENSG00000139842_CUL4A,11.57204195,head
ENSG00000106609_TMEM248,11.57163519,head
ENSG00000099817_POLR2E,11.57083503,head
ENSG00000102172_SMS,11.57079407,head
ENSG00000163939_PBRM1,11.56894121,head
ENSG00000164828_SUN1,11.56886934,head
ENSG00000163660_CCNL1,11.56848095,head
ENSG00000172340_SUCLG2,11.56823591,head
ENSG00000100219_XBP1,11.5675547,head
ENSG00000123933_MXD4,11.56715292,head
ENSG00000164889_SLC4A2,11.56692851,head
ENSG00000140443_IGF1R,11.56659877,head
ENSG00000181555_SETD2,11.56595377,head
ENSG00000075142_SRI,11.56592344,head
ENSG00000101166_PRELID3B,11.56544454,head
ENSG00000082701_GSK3B,11.5649678,head
ENSG00000001036_FUCA2,11.56318205,head
ENSG00000041353_RAB27B,11.56297467,head
ENSG00000156471_PTDSS1,11.56231941,head
ENSG00000169251_NMD3,11.56134789,head
ENSG00000006744_ELAC2,11.56060576,head
ENSG00000275993_SIK1B,11.55994636,head
ENSG00000196586_MYO6,11.55922907,head
ENSG00000005339_CREBBP,11.5576769,head
ENSG00000163428_LRRC58,11.55706968,head
ENSG00000117139_KDM5B,11.55670393,head
ENSG00000154473_BUB3,11.55621051,head
ENSG00000179094_PER1,11.55610554,head
ENSG00000178951_ZBTB7A,11.55366721,head
ENSG00000196850_PPTC7,11.55263655,head
ENSG00000142657_PGD,11.55262134,head
ENSG00000130193_THEM6,11.55257444,head
ENSG00000151882_CCL28,11.55159114,head
ENSG00000151458_ANKRD50,11.55108452,head
ENSG00000133835_HSD17B4,11.5507814,head
ENSG00000163814_CDCP1,11.55045487,head
ENSG00000159592_GPBP1L1,11.55025726,head
ENSG00000149218_ENDOD1,11.54955644,head
ENSG00000172493_AFF1,11.54949958,head
ENSG00000169223_LMAN2,11.54924523,head
ENSG00000064932_SBNO2,11.54897894,head
ENSG00000104388_RAB2A,11.54860734,head
ENSG00000143774_GUK1,11.54814138,head
ENSG00000101150_TPD52L2,11.54799261,head
ENSG00000085662_AKR1B1,11.54750762,head
ENSG00000171604_CXXC5,11.54641295,head
ENSG00000018510_AGPS,11.54513559,head
ENSG00000152082_MZT2B,11.54387058,head
ENSG00000130227_XPO7,11.54384845,head
ENSG00000185201_IFITM2,11.54296099,head
ENSG00000129422_MTUS1,11.54209206,head
ENSG00000139324_TMTC3,11.54151567,head
ENSG00000146676_PURB,11.54066971,head
ENSG00000169180_XPO6,11.54050477,head
ENSG00000077235_GTF3C1,11.53967306,head
ENSG00000167721_TSR1,11.53921148,head
ENSG00000149311_ATM,11.53919754,head
ENSG00000134684_YARS,11.53914437,head
ENSG00000176393_RNPEP,11.53910501,head
ENSG00000113643_RARS,11.53887788,head
ENSG00000127585_FBXL16,11.5373489,head
ENSG00000008710_PKD1,11.53711277,head
ENSG00000158711_ELK4,11.53689989,head
ENSG00000014824_SLC30A9,11.53610738,head
ENSG00000003402_CFLAR,11.53595359,head
ENSG00000111897_SERINC1,11.5354407,head
ENSG00000241837_ATP5PO,11.5351663,head
ENSG00000109685_NSD2,11.53446184,head
ENSG00000136381_IREB2,11.5335022,head
ENSG00000079332_SAR1A,11.53345054,head
ENSG00000078140_UBE2K,11.53316477,head
ENSG00000076604_TRAF4,11.53296915,head
ENSG00000184349_EFNA5,11.53196792,head
ENSG00000131174_COX7B,11.53193127,head
ENSG00000063245_EPN1,11.5308665,head
ENSG00000213923_CSNK1E,11.53008457,head
ENSG00000109906_ZBTB16,11.53005844,head
ENSG00000166224_SGPL1,11.53002903,head
ENSG00000241468_ATP5MF,11.53002361,head
ENSG00000073584_SMARCE1,11.52985257,head
ENSG00000131263_RLIM,11.52925428,head
ENSG00000071626_DAZAP1,11.52777757,head
ENSG00000143776_CDC42BPA,11.52759209,head
ENSG00000058063_ATP11B,11.52671463,head
ENSG00000099814_CEP170B,11.52586984,head
ENSG00000145555_MYO10,11.52517178,head
ENSG00000204120_GIGYF2,11.52488258,head
ENSG00000136153_LMO7,11.52482487,head
ENSG00000100591_AHSA1,11.5246299,head
ENSG00000166250_CLMP,11.52450016,head
ENSG00000171603_CLSTN1,11.52442451,head
ENSG00000109787_KLF3,11.52405397,head
ENSG00000139793_MBNL2,11.52360011,head
ENSG00000043143_JADE2,11.5234893,head
ENSG00000197961_ZNF121,11.52271279,head
ENSG00000123349_PFDN5,11.5216758,head
ENSG00000120992_LYPLA1,11.52092515,head
ENSG00000178038_ALS2CL,11.52085677,head
ENSG00000188549_CCDC9B,11.51932445,head
ENSG00000122068_FYTTD1,11.51788378,head
ENSG00000164323_CFAP97,11.51744163,head
ENSG00000113649_TCERG1,11.5172961,head
ENSG00000111605_CPSF6,11.51645354,head
ENSG00000115364_MRPL19,11.51576251,head
ENSG00000153944_MSI2,11.51303534,head
ENSG00000125743_SNRPD2,11.51063719,head
ENSG00000039123_MTREX,11.51010657,head
ENSG00000074755_ZZEF1,11.50936028,head
ENSG00000092439_TRPM7,11.50917298,head
ENSG00000132485_ZRANB2,11.50894451,head
ENSG00000164062_APEH,11.50845728,head
ENSG00000151893_CACUL1,11.50838262,head
ENSG00000109180_OCIAD1,11.50804238,head
ENSG00000166828_SCNN1G,11.50659488,head
ENSG00000104852_SNRNP70,11.50573815,head
ENSG00000138246_DNAJC13,11.50539846,head
ENSG00000077380_DYNC1I2,11.50513412,head
ENSG00000136261_BZW2,11.50454158,head
ENSG00000265190_ANXA8,11.50386879,head
ENSG00000066279_ASPM,11.50305908,head
ENSG00000101294_HM13,11.50297909,head
ENSG00000093000_NUP50,11.50289103,head
ENSG00000223572_CKMT1A,11.50263067,head
ENSG00000104823_ECH1,11.50141992,head
ENSG00000100138_SNU13,11.50114908,head
ENSG00000088256_GNA11,11.50110414,head
ENSG00000146674_IGFBP3,11.50070988,head
ENSG00000099797_TECR,11.50053142,head
ENSG00000116679_IVNS1ABP,11.49984657,head
ENSG00000163629_PTPN13,11.49971389,head
ENSG00000185722_ANKFY1,11.49950847,head
ENSG00000198791_CNOT7,11.49903441,head
ENSG00000172531_PPP1CA,11.49882398,head
ENSG00000176597_B3GNT5,11.49878959,head
ENSG00000214193_SH3D21,11.49804953,head
ENSG00000121741_ZMYM2,11.49661047,head
ENSG00000004142_POLDIP2,11.49657973,head
ENSG00000159461_AMFR,11.49611741,head
ENSG00000156599_ZDHHC5,11.49505672,head
ENSG00000083307_GRHL2,11.49366391,head
ENSG00000241553_ARPC4,11.49350637,head
ENSG00000168137_SETD5,11.49309812,head
ENSG00000115561_CHMP3,11.49252658,head
ENSG00000177666_PNPLA2,11.49218725,head
ENSG00000185651_UBE2L3,11.49149515,head
ENSG00000158747_NBL1,11.48991645,head
ENSG00000162819_BROX,11.4895781,head
ENSG00000141401_IMPA2,11.48952526,head
ENSG00000141503_MINK1,11.48933508,head
ENSG00000129084_PSMA1,11.48875773,head
ENSG00000108179_PPIF,11.48852118,head
ENSG00000115159_GPD2,11.48826285,head
ENSG00000133243_BTBD2,11.48810442,head
ENSG00000117859_OSBPL9,11.48797025,head
ENSG00000131238_PPT1,11.48772259,head
ENSG00000166025_AMOTL1,11.48648626,head
ENSG00000090861_AARS,11.4855566,head
ENSG00000074696_HACD3,11.48522379,head
ENSG00000160294_MCM3AP,11.48474649,head
ENSG00000023287_RB1CC1,11.48464863,head
ENSG00000132305_IMMT,11.48461838,head
ENSG00000168488_ATXN2L,11.48363992,head
ENSG00000091542_ALKBH5,11.48298258,head
ENSG00000121691_CAT,11.48239973,head
ENSG00000023909_GCLM,11.48200716,head
ENSG00000112079_STK38,11.48200373,head
ENSG00000180530_NRIP1,11.48055481,head
ENSG00000108064_TFAM,11.47963535,head
ENSG00000129292_PHF20L1,11.47959479,head
ENSG00000178741_COX5A,11.47933863,head
ENSG00000156030_ELMSAN1,11.476351,head
ENSG00000136026_CKAP4,11.47620199,head
ENSG00000115875_SRSF7,11.47581436,head
ENSG00000058804_NDC1,11.47567642,head
ENSG00000104805_NUCB1,11.475237,head
ENSG00000112992_NNT,11.4744672,head
ENSG00000066322_ELOVL1,11.47382909,head
ENSG00000107223_EDF1,11.47334415,head
ENSG00000101191_DIDO1,11.47314905,head
ENSG00000081154_PCNP,11.47312784,head
ENSG00000100596_SPTLC2,11.47225657,head
ENSG00000104635_SLC39A14,11.47207575,mid
ENSG00000008952_SEC62,11.4716154,mid
ENSG00000075643_MOCOS,11.47147799,mid
ENSG00000136636_KCTD3,11.47043546,mid
ENSG00000172466_ZNF24,11.46763299,mid
ENSG00000035687_ADSS,11.4674179,mid
ENSG00000134057_CCNB1,11.46638734,mid
ENSG00000175054_ATR,11.46627194,mid
ENSG00000100462_PRMT5,11.46621691,mid
ENSG00000153989_NUS1,11.46528073,mid
ENSG00000138031_ADCY3,11.46478848,mid
ENSG00000143799_PARP1,11.46467815,mid
ENSG00000056586_RC3H2,11.46401003,mid
ENSG00000076513_ANKRD13A,11.46374556,mid
ENSG00000204843_DCTN1,11.46361384,mid
ENSG00000088205_DDX18,11.46356862,mid
ENSG00000120800_UTP20,11.46289945,mid
ENSG00000084652_TXLNA,11.46204814,mid
ENSG00000161654_LSM12,11.46068915,mid
ENSG00000148943_LIN7C,11.46064754,mid
ENSG00000130779_CLIP1,11.45888022,mid
ENSG00000126934_MAP2K2,11.45867944,mid
ENSG00000120889_TNFRSF10B,11.45738256,mid
ENSG00000105738_SIPA1L3,11.45627335,mid
ENSG00000126067_PSMB2,11.4562632,mid
ENSG00000166535_A2ML1,11.45524724,mid
ENSG00000115866_DARS,11.45451819,mid
ENSG00000147955_SIGMAR1,11.45234733,mid
ENSG00000155463_OXA1L,11.4510394,mid
ENSG00000198162_MAN1A2,11.45021802,mid
ENSG00000184792_OSBP2,11.44908954,mid
ENSG00000137203_TFAP2A,11.44858123,mid
ENSG00000141101_NOB1,11.44690733,mid
ENSG00000082805_ERC1,11.44682341,mid
ENSG00000150938_CRIM1,11.4464621,mid
ENSG00000038219_BOD1L1,11.44619835,mid
ENSG00000145287_PLAC8,11.4461823,mid
ENSG00000081923_ATP8B1,11.44561022,mid
ENSG00000171988_JMJD1C,11.44437457,mid
ENSG00000163110_PDLIM5,11.44249124,mid
ENSG00000112414_ADGRG6,11.44152753,mid
ENSG00000138069_RAB1A,11.44135098,mid
ENSG00000163320_CGGBP1,11.44080773,mid
ENSG00000130119_GNL3L,11.44071126,mid
ENSG00000196323_ZBTB44,11.44060379,mid
ENSG00000226950_DANCR,11.44007204,mid
ENSG00000059573_ALDH18A1,11.43992122,mid
ENSG00000119689_DLST,11.43955203,mid
ENSG00000064115_TM7SF3,11.43871434,mid
ENSG00000069345_DNAJA2,11.43787484,mid
ENSG00000163697_APBB2,11.43772673,mid
ENSG00000119638_NEK9,11.43738796,mid
ENSG00000135720_DYNC1LI2,11.43693555,mid
ENSG00000198265_HELZ,11.43593944,mid
ENSG00000107959_PITRM1,11.43567311,mid
ENSG00000004897_CDC27,11.43370747,mid
ENSG00000164171_ITGA2,11.43256214,mid
ENSG00000116221_MRPL37,11.43180875,mid
ENSG00000116171_SCP2,11.43107532,mid
ENSG00000156642_NPTN,11.43058345,mid
ENSG00000106771_TMEM245,11.43045443,mid
ENSG00000125266_EFNB2,11.43043539,mid
ENSG00000133858_ZFC3H1,11.43013819,mid
ENSG00000138434_ITPRID2,11.42941115,mid
ENSG00000173692_PSMD1,11.42880198,mid
ENSG00000089053_ANAPC5,11.42847279,mid
ENSG00000111786_SRSF9,11.42839855,mid
ENSG00000063660_GPC1,11.42777792,mid
ENSG00000091483_FH,11.42740151,mid
ENSG00000088812_ATRN,11.42732879,mid
ENSG00000188559_RALGAPA2,11.42686268,mid
ENSG00000138029_HADHB,11.42605385,mid
ENSG00000186716_BCR,11.42387296,mid
ENSG00000100902_PSMA6,11.4236134,mid
ENSG00000100028_SNRPD3,11.42335027,mid
ENSG00000117528_ABCD3,11.42310772,mid
ENSG00000155096_AZIN1,11.42257762,mid
ENSG00000064042_LIMCH1,11.42237508,mid
ENSG00000100401_RANGAP1,11.42158738,mid
ENSG00000118855_MFSD1,11.42155632,mid
ENSG00000117505_DR1,11.42130758,mid
ENSG00000105141_CASP14,11.42022578,mid
ENSG00000198898_CAPZA2,11.42011693,mid
ENSG00000073614_KDM5A,11.41955064,mid
ENSG00000031698_SARS,11.4186566,mid
ENSG00000162896_PIGR,11.41846767,mid
ENSG00000148337_CIZ1,11.41791635,mid
ENSG00000127314_RAP1B,11.41716174,mid
ENSG00000156804_FBXO32,11.4168079,mid
ENSG00000100804_PSMB5,11.41648592,mid
ENSG00000139725_RHOF,11.41609284,mid
ENSG00000160208_RRP1B,11.41586844,mid
ENSG00000182180_MRPS16,11.41580589,mid
ENSG00000163975_MELTF,11.41573323,mid
ENSG00000023191_RNH1,11.41508347,mid
ENSG00000141425_RPRD1A,11.41382461,mid
ENSG00000173482_PTPRM,11.41319314,mid
ENSG00000132405_TBC1D14,11.41088498,mid
ENSG00000139613_SMARCC2,11.41044213,mid
ENSG00000125686_MED1,11.40939822,mid
ENSG00000139146_SINHCAF,11.40924376,mid
ENSG00000159377_PSMB4,11.40793306,mid
ENSG00000123066_MED13L,11.40734954,mid
ENSG00000204370_SDHD,11.40665957,mid
ENSG00000156711_MAPK13,11.40532165,mid
ENSG00000115762_PLEKHB2,11.40529026,mid
ENSG00000065361_ERBB3,11.40222082,mid
ENSG00000177425_PAWR,11.40193802,mid
ENSG00000140350_ANP32A,11.40185202,mid
ENSG00000129317_PUS7L,11.40164801,mid
ENSG00000150347_ARID5B,11.40055776,mid
ENSG00000101557_USP14,11.40035054,mid
ENSG00000150782_IL18,11.4003501,mid
ENSG00000165156_ZHX1,11.40029748,mid
ENSG00000038382_TRIO,11.39869391,mid
ENSG00000165219_GAPVD1,11.39801332,mid
ENSG00000168288_MMADHC,11.39753962,mid
ENSG00000148341_SH3GLB2,11.39740619,mid
ENSG00000102753_KPNA3,11.39650276,mid
ENSG00000125637_PSD4,11.39609163,mid
ENSG00000144645_OSBPL10,11.3960345,mid
ENSG00000105063_PPP6R1,11.39426837,mid
ENSG00000108639_SYNGR2,11.39319798,mid
ENSG00000128595_CALU,11.39303723,mid
ENSG00000076067_RBMS2,11.39195085,mid
ENSG00000180957_PITPNB,11.39132501,mid
ENSG00000275216_AL161431.1,11.39087293,mid
ENSG00000198087_CD2AP,11.38961917,mid
ENSG00000037474_NSUN2,11.38898684,mid
ENSG00000188488_SERPINA5,11.38891794,mid
ENSG00000173852_DPY19L1,11.38782405,mid
ENSG00000109452_INPP4B,11.38726377,mid
ENSG00000114120_SLC25A36,11.38422015,mid
ENSG00000197622_CDC42SE1,11.38246316,mid
ENSG00000153310_FAM49B,11.38235145,mid
ENSG00000173744_AGFG1,11.38133832,mid
ENSG00000111321_LTBR,11.38111254,mid
ENSG00000089737_DDX24,11.38070729,mid
ENSG00000100075_SLC25A1,11.38006107,mid
ENSG00000151690_MFSD6,11.37919759,mid
ENSG00000060339_CCAR1,11.37902415,mid
ENSG00000134987_WDR36,11.37848244,mid
ENSG00000174233_ADCY6,11.37837789,mid
ENSG00000134762_DSC3,11.37793612,mid
ENSG00000110344_UBE4A,11.37777667,mid
ENSG00000119402_FBXW2,11.37694369,mid
ENSG00000108671_PSMD11,11.37684586,mid
ENSG00000111481_COPZ1,11.37572613,mid
ENSG00000137409_MTCH1,11.37547053,mid
ENSG00000136010_ALDH1L2,11.37494689,mid
ENSG00000071564_TCF3,11.37459029,mid
ENSG00000145901_TNIP1,11.37339721,mid
ENSG00000130826_DKC1,11.37321522,mid
ENSG00000087269_NOP14,11.37227926,mid
ENSG00000163479_SSR2,11.37218916,mid
ENSG00000113387_SUB1,11.37047372,mid
ENSG00000109089_CDR2L,11.36997876,mid
ENSG00000196935_SRGAP1,11.36937796,mid
ENSG00000151693_ASAP2,11.36918922,mid
ENSG00000125912_NCLN,11.36902616,mid
ENSG00000197238_HIST1H4J,11.36884797,mid
ENSG00000141002_TCF25,11.36868694,mid
ENSG00000135372_NAT10,11.36771732,mid
ENSG00000104853_CLPTM1,11.36760465,mid
ENSG00000001461_NIPAL3,11.36747786,mid
ENSG00000143970_ASXL2,11.36607937,mid
ENSG00000183207_RUVBL2,11.36548069,mid
ENSG00000187735_TCEA1,11.36504596,mid
ENSG00000155254_MARVELD1,11.36456709,mid
ENSG00000148634_HERC4,11.36450037,mid
ENSG00000072518_MARK2,11.36408867,mid
ENSG00000169764_UGP2,11.36357121,mid
ENSG00000114030_KPNA1,11.36250748,mid
ENSG00000130414_NDUFA10,11.3623011,mid
ENSG00000114354_TFG,11.35945257,mid
ENSG00000112531_QKI,11.3593036,mid
ENSG00000141429_GALNT1,11.35911352,mid
ENSG00000065243_PKN2,11.35768285,mid
ENSG00000113580_NR3C1,11.35652689,mid
ENSG00000197822_OCLN,11.35599329,mid
ENSG00000065911_MTHFD2,11.35594217,mid
ENSG00000164300_SERINC5,11.35577899,mid
ENSG00000132300_PTCD3,11.35477652,mid
ENSG00000164405_UQCRQ,11.35406478,mid
ENSG00000163694_RBM47,11.35340095,mid
ENSG00000108344_PSMD3,11.35309874,mid
ENSG00000184992_BRI3BP,11.35218767,mid
ENSG00000167106_FAM102A,11.35193273,mid
ENSG00000139746_RBM26,11.35170261,mid
ENSG00000110057_UNC93B1,11.35132117,mid
ENSG00000076685_NT5C2,11.35114757,mid
ENSG00000181830_SLC35C1,11.35013812,mid
ENSG00000106588_PSMA2,11.34953465,mid
ENSG00000087302_RTRAF,11.34933296,mid
ENSG00000105939_ZC3HAV1,11.34900471,mid
ENSG00000112893_MAN2A1,11.34831124,mid
ENSG00000165476_REEP3,11.34790422,mid
ENSG00000176853_FAM91A1,11.34741465,mid
ENSG00000269893_SNHG8,11.34644795,mid
ENSG00000125484_GTF3C4,11.34641199,mid
ENSG00000165283_STOML2,11.34606514,mid
ENSG00000112379_ARFGEF3,11.34561917,mid
ENSG00000163565_IFI16,11.34561592,mid
ENSG00000105429_MEGF8,11.34538296,mid
ENSG00000124571_XPO5,11.34454081,mid
ENSG00000065183_WDR3,11.34426756,mid
ENSG00000146242_TPBG,11.34306096,mid
ENSG00000128928_IVD,11.34258669,mid
ENSG00000131558_EXOC4,11.34219314,mid
ENSG00000106723_SPIN1,11.3419095,mid
ENSG00000197136_PCNX3,11.34175343,mid
ENSG00000147689_FAM83A,11.34021503,mid
ENSG00000067082_KLF6,11.34008767,mid
ENSG00000142207_URB1,11.33970348,mid
ENSG00000185825_BCAP31,11.33916474,mid
ENSG00000008283_CYB561,11.33772615,mid
ENSG00000100697_DICER1,11.3374645,mid
ENSG00000116871_MAP7D1,11.33639983,mid
ENSG00000108774_RAB5C,11.33626756,mid
ENSG00000167315_ACAA2,11.33489823,mid
ENSG00000137145_DENND4C,11.33379835,mid
ENSG00000055044_NOP58,11.33371855,mid
ENSG00000085415_SEH1L,11.33336754,mid
ENSG00000203499_IQANK1,11.33250046,mid
ENSG00000095319_NUP188,11.33240411,mid
ENSG00000141646_SMAD4,11.3321765,mid
ENSG00000005700_IBTK,11.33130202,mid
ENSG00000159840_ZYX,11.33070915,mid
ENSG00000138078_PREPL,11.33006448,mid
ENSG00000163625_WDFY3,11.32982611,mid
ENSG00000158941_CCAR2,11.32899233,mid
ENSG00000122545_SEPTIN7,11.32842114,mid
ENSG00000168497_CAVIN2,11.32779923,mid
ENSG00000160113_NR2F6,11.32761751,mid
ENSG00000100815_TRIP11,11.32711396,mid
ENSG00000143543_JTB,11.32702364,mid
ENSG00000145912_NHP2,11.32630447,mid
ENSG00000011198_ABHD5,11.32621066,mid
ENSG00000143157_POGK,11.32547243,mid
ENSG00000176915_ANKLE2,11.32515853,mid
ENSG00000130522_JUND,11.32498898,mid
ENSG00000077942_FBLN1,11.32347205,mid
ENSG00000172819_RARG,11.32343462,mid
ENSG00000151923_TIAL1,11.32333135,mid
ENSG00000125818_PSMF1,11.32233021,mid
ENSG00000070367_EXOC5,11.32223027,mid
ENSG00000168283_BMI1,11.3221417,mid
ENSG00000030419_IKZF2,11.32181845,mid
ENSG00000163558_PRKCI,11.3217889,mid
ENSG00000176871_WSB2,11.32037156,mid
ENSG00000090530_P3H2,11.31974773,mid
ENSG00000180357_ZNF609,11.31822635,mid
ENSG00000103942_HOMER2,11.31775368,mid
ENSG00000163444_TMEM183A,11.31762551,mid
ENSG00000108846_ABCC3,11.31637551,mid
ENSG00000035862_TIMP2,11.31622846,mid
ENSG00000115806_GORASP2,11.31606882,mid
ENSG00000167508_MVD,11.3157151,mid
ENSG00000112701_SENP6,11.31519427,mid
ENSG00000176974_SHMT1,11.31459149,mid
ENSG00000179262_RAD23A,11.31314175,mid
ENSG00000103275_UBE2I,11.31222293,mid
ENSG00000244038_DDOST,11.31215807,mid
ENSG00000189043_NDUFA4,11.31179123,mid
ENSG00000145675_PIK3R1,11.31173932,mid
ENSG00000102908_NFAT5,11.31140388,mid
ENSG00000163681_SLMAP,11.31127179,mid
ENSG00000166295_ANAPC16,11.31082999,mid
ENSG00000198380_GFPT1,11.3105671,mid
ENSG00000177889_UBE2N,11.30973031,mid
ENSG00000112996_MRPS30,11.30911197,mid
ENSG00000130204_TOMM40,11.3075487,mid
ENSG00000165271_NOL6,11.30728001,mid
ENSG00000067057_PFKP,11.30585844,mid
ENSG00000074201_CLNS1A,11.30439448,mid
ENSG00000106460_TMEM106B,11.30431803,mid
ENSG00000136051_WASHC4,11.30400441,mid
ENSG00000111816_FRK,11.30399745,mid
ENSG00000117114_ADGRL2,11.30322635,mid
ENSG00000107738_VSIR,11.30316176,mid
ENSG00000112078_KCTD20,11.30245261,mid
ENSG00000151247_EIF4E,11.30225661,mid
ENSG00000075420_FNDC3B,11.30167868,mid
ENSG00000047932_GOPC,11.3016634,mid
ENSG00000131828_PDHA1,11.30165681,mid
ENSG00000008294_SPAG9,11.30142836,mid
ENSG00000134852_CLOCK,11.2999312,mid
ENSG00000141551_CSNK1D,11.2995951,mid
ENSG00000100216_TOMM22,11.29793166,mid
ENSG00000158615_PPP1R15B,11.29718066,mid
ENSG00000141568_FOXK2,11.29701285,mid
ENSG00000139163_ETNK1,11.29694203,mid
ENSG00000008513_ST3GAL1,11.29654817,mid
ENSG00000167193_CRK,11.29579379,mid
ENSG00000043093_DCUN1D1,11.29499429,mid
ENSG00000047457_CP,11.29397375,mid
ENSG00000156052_GNAQ,11.29354936,mid
ENSG00000114650_SCAP,11.29048633,mid
ENSG00000111666_CHPT1,11.29046048,mid
ENSG00000003436_TFPI,11.28975801,mid
ENSG00000071994_PDCD2,11.28889366,mid
ENSG00000140948_ZCCHC14,11.28880712,mid
ENSG00000198492_YTHDF2,11.28840874,mid
ENSG00000184787_UBE2G2,11.28824646,mid
ENSG00000106348_IMPDH1,11.28752272,mid
ENSG00000182551_ADI1,11.28733999,mid
ENSG00000132128_LRRC41,11.28728983,mid
ENSG00000107290_SETX,11.28638801,mid
ENSG00000181467_RAP2B,11.28625562,mid
ENSG00000101421_CHMP4B,11.28607847,mid
ENSG00000178950_GAK,11.2858985,mid
ENSG00000006534_ALDH3B1,11.28551735,mid
ENSG00000139684_ESD,11.28530379,mid
ENSG00000125676_THOC2,11.28471108,mid
ENSG00000128641_MYO1B,11.28382336,mid
ENSG00000165175_MID1IP1,11.28288266,mid
ENSG00000162889_MAPKAPK2,11.28286603,mid
ENSG00000105993_DNAJB6,11.28263198,mid
ENSG00000173153_ESRRA,11.28231525,mid
ENSG00000196526_AFAP1,11.28208222,mid
ENSG00000175274_TP53I11,11.28200177,mid
ENSG00000186010_NDUFA13,11.28151598,mid
ENSG00000175727_MLXIP,11.28147069,mid
ENSG00000107937_GTPBP4,11.28053582,mid
ENSG00000168298_HIST1H1E,11.27957446,mid
ENSG00000255717_SNHG1,11.2787085,mid
ENSG00000116984_MTR,11.27632235,mid
ENSG00000055208_TAB2,11.275631,mid
ENSG00000143416_SELENBP1,11.2753415,mid
ENSG00000186260_MRTFB,11.27484201,mid
ENSG00000084092_NOA1,11.27372412,mid
ENSG00000131746_TNS4,11.27344457,mid
ENSG00000264364_DYNLL2,11.27329842,mid
ENSG00000125249_RAP2A,11.27271935,mid
ENSG00000174564_IL20RB,11.27259782,mid
ENSG00000106617_PRKAG2,11.27125492,mid
ENSG00000175826_CTDNEP1,11.27083278,mid
ENSG00000021776_AQR,11.27080204,mid
ENSG00000162430_SELENON,11.26895202,mid
ENSG00000140299_BNIP2,11.26779657,mid
ENSG00000013441_CLK1,11.2675686,mid
ENSG00000174695_TMEM167A,11.26725012,mid
ENSG00000174705_SH3PXD2B,11.26711938,mid
ENSG00000145337_PYURF,11.26652059,mid
ENSG00000163541_SUCLG1,11.26592318,mid
ENSG00000196549_MME,11.26437645,mid
ENSG00000136802_LRRC8A,11.26400617,mid
ENSG00000197170_PSMD12,11.26395224,mid
ENSG00000134243_SORT1,11.26279538,mid
ENSG00000136448_NMT1,11.26241854,mid
ENSG00000132953_XPO4,11.26051123,mid
ENSG00000171444_MCC,11.26048865,mid
ENSG00000163605_PPP4R2,11.25992906,mid
ENSG00000148358_GPR107,11.25938045,mid
ENSG00000136270_TBRG4,11.25755426,mid
ENSG00000100722_ZC3H14,11.25701265,mid
ENSG00000157500_APPL1,11.25615816,mid
ENSG00000196497_IPO4,11.25563738,mid
ENSG00000117362_APH1A,11.25556893,mid
ENSG00000104783_KCNN4,11.2553325,mid
ENSG00000242616_GNG10,11.25520953,mid
ENSG00000196365_LONP1,11.25259296,mid
ENSG00000204569_PPP1R10,11.25189841,mid
ENSG00000006831_ADIPOR2,11.25173776,mid
ENSG00000173889_PHC3,11.25165223,mid
ENSG00000165929_TC2N,11.2505907,mid
ENSG00000084093_REST,11.24949482,mid
ENSG00000117519_CNN3,11.24885771,mid
ENSG00000107372_ZFAND5,11.24813974,mid
ENSG00000115904_SOS1,11.24783266,mid
ENSG00000140632_GLYR1,11.24638434,mid
ENSG00000159023_EPB41,11.24622253,mid
ENSG00000137767_SQOR,11.24528307,mid
ENSG00000228474_OST4,11.24517855,mid
ENSG00000145431_PDGFC,11.24441966,mid
ENSG00000122642_FKBP9,11.24352912,mid
ENSG00000128829_EIF2AK4,11.24348238,mid
ENSG00000139726_DENR,11.2434557,mid
ENSG00000116698_SMG7,11.24289611,mid
ENSG00000257103_LSM14A,11.24204086,mid
ENSG00000135956_TMEM127,11.24168834,mid
ENSG00000102786_INTS6,11.24122803,mid
ENSG00000165502_RPL36AL,11.24018554,mid
ENSG00000113369_ARRDC3,11.24006692,mid
ENSG00000115183_TANC1,11.23947992,mid
ENSG00000081760_AACS,11.23902508,mid
ENSG00000102287_GABRE,11.23888152,mid
ENSG00000128309_MPST,11.23848849,mid
ENSG00000065923_SLC9A7,11.23832189,mid
ENSG00000104320_NBN,11.23830886,mid
ENSG00000131374_TBC1D5,11.23804825,mid
ENSG00000112200_ZNF451,11.23783744,mid
ENSG00000002586_CD99,11.2365475,mid
ENSG00000103657_HERC1,11.23625108,mid
ENSG00000139132_FGD4,11.23617214,mid
ENSG00000143179_UCK2,11.23602698,mid
ENSG00000080200_CRYBG3,11.23543453,mid
ENSG00000163807_KIAA1143,11.23513855,mid
ENSG00000196975_ANXA4,11.23500674,mid
ENSG00000185088_RPS27L,11.23478205,mid
ENSG00000135870_RC3H1,11.2342188,mid
ENSG00000108819_PPP1R9B,11.23399002,mid
ENSG00000103423_DNAJA3,11.23395481,mid
ENSG00000144063_MALL,11.23334374,mid
ENSG00000033178_UBA6,11.23232114,mid
ENSG00000053770_AP5M1,11.23211291,mid
ENSG00000134107_BHLHE40,11.23166841,mid
ENSG00000066933_MYO9A,11.2315159,mid
ENSG00000146278_PNRC1,11.23089645,mid
ENSG00000181904_C5orf24,11.23053324,mid
ENSG00000144357_UBR3,11.23018116,mid
ENSG00000093010_COMT,11.22968012,mid
ENSG00000104738_MCM4,11.22957444,mid
ENSG00000128245_YWHAH,11.22912447,mid
ENSG00000099812_MISP,11.2285436,mid
ENSG00000196233_LCOR,11.228377,mid
ENSG00000080503_SMARCA2,11.22812228,mid
ENSG00000065883_CDK13,11.22685009,mid
ENSG00000100418_DESI1,11.22677623,mid
ENSG00000105426_PTPRS,11.22658576,mid
ENSG00000198833_UBE2J1,11.22654018,mid
ENSG00000157985_AGAP1,11.2263,mid
ENSG00000157227_MMP14,11.22591172,mid
ENSG00000064726_BTBD1,11.2246408,mid
ENSG00000173786_CNP,11.22411473,mid
ENSG00000140497_SCAMP2,11.2239218,mid
ENSG00000172831_CES2,11.22354959,mid
ENSG00000254999_BRK1,11.22353909,mid
ENSG00000167202_TBC1D2B,11.22319347,mid
ENSG00000157540_DYRK1A,11.22278515,mid
ENSG00000033050_ABCF2,11.22276617,mid
ENSG00000133477_FAM83F,11.22241332,mid
ENSG00000161533_ACOX1,11.2211624,mid
ENSG00000198604_BAZ1A,11.22099755,mid
ENSG00000110048_OSBP,11.21996263,mid
ENSG00000065548_ZC3H15,11.21977231,mid
ENSG00000108100_CCNY,11.21921702,mid
ENSG00000124789_NUP153,11.21916431,mid
ENSG00000129103_SUMF2,11.21912919,mid
ENSG00000230989_HSBP1,11.21883776,mid
ENSG00000245694_CRNDE,11.21812175,mid
ENSG00000065526_SPEN,11.21804778,mid
ENSG00000123213_NLN,11.21773339,mid
ENSG00000135378_PRRG4,11.21757928,mid
ENSG00000243716_NPIPB5,11.21699057,mid
ENSG00000111667_USP5,11.2167813,mid
ENSG00000169967_MAP3K2,11.21668956,mid
ENSG00000197586_ENTPD6,11.21662369,mid
ENSG00000182541_LIMK2,11.2164709,mid
ENSG00000124767_GLO1,11.21644353,mid
ENSG00000083168_KAT6A,11.21567387,mid
ENSG00000070087_PFN2,11.21526723,mid
ENSG00000150760_DOCK1,11.21492898,mid
ENSG00000162512_SDC3,11.21489549,mid
ENSG00000100941_PNN,11.21479995,mid
ENSG00000036549_AC118549.1,11.21467253,mid
ENSG00000196313_POM121,11.21430845,mid
ENSG00000163848_ZNF148,11.21362519,mid
ENSG00000134313_KIDINS220,11.21360952,mid
ENSG00000257093_DENND11,11.21096845,mid
ENSG00000241685_ARPC1A,11.21094665,mid
ENSG00000124201_ZNFX1,11.2101877,mid
ENSG00000103319_EEF2K,11.20986351,mid
ENSG00000111676_ATN1,11.20947791,mid
ENSG00000136937_NCBP1,11.20922249,mid
ENSG00000148719_DNAJB12,11.20894926,mid
ENSG00000197771_MCMBP,11.20886966,mid
ENSG00000113384_GOLPH3,11.20870433,mid
ENSG00000107798_LIPA,11.20830932,mid
ENSG00000134278_SPIRE1,11.20681202,mid
ENSG00000186815_TPCN1,11.20625704,mid
ENSG00000173064_HECTD4,11.206007,mid
ENSG00000101367_MAPRE1,11.20530831,mid
ENSG00000134046_MBD2,11.20495531,mid
ENSG00000085760_MTIF2,11.2042605,mid
ENSG00000143570_SLC39A1,11.20420789,mid
ENSG00000139116_KIF21A,11.20398988,mid
ENSG00000070614_NDST1,11.20237917,mid
ENSG00000106344_RBM28,11.20155512,mid
ENSG00000136295_TTYH3,11.19982495,mid
ENSG00000169718_DUS1L,11.19740681,mid
ENSG00000161671_EMC10,11.19693397,mid
ENSG00000133606_MKRN1,11.19641104,mid
ENSG00000180596_HIST1H2BC,11.19620025,mid
ENSG00000131149_GSE1,11.19611445,mid
ENSG00000082074_FYB1,11.19518879,mid
ENSG00000215193_PEX26,11.19430808,mid
ENSG00000173227_SYT12,11.19417308,mid
ENSG00000205213_LGR4,11.19386536,mid
ENSG00000091436_MAP3K20,11.19344218,mid
ENSG00000184840_TMED9,11.1933417,mid
ENSG00000125970_RALY,11.19268584,mid
ENSG00000145623_OSMR,11.1921711,mid
ENSG00000121064_SCPEP1,11.19209913,mid
ENSG00000116191_RALGPS2,11.19144609,mid
ENSG00000115694_STK25,11.19134343,mid
ENSG00000084073_ZMPSTE24,11.19008457,mid
ENSG00000182473_EXOC7,11.18909995,mid
ENSG00000097007_ABL1,11.18838433,mid
ENSG00000172869_DMXL1,11.18728559,mid
ENSG00000182704_TSKU,11.18702643,mid
ENSG00000163249_CCNYL1,11.18628454,mid
ENSG00000102893_PHKB,11.18610522,mid
ENSG00000175416_CLTB,11.18548182,mid
ENSG00000197858_GPAA1,11.18538424,mid
ENSG00000272196_HIST2H2AA4,11.18425359,mid
ENSG00000173915_ATP5MD,11.18423498,mid
ENSG00000141380_SS18,11.18389467,mid
ENSG00000255302_EID1,11.18378126,mid
ENSG00000176978_DPP7,11.18245234,mid
ENSG00000198015_MRPL42,11.18178368,mid
ENSG00000167863_ATP5PD,11.18160394,mid
ENSG00000138107_ACTR1A,11.18155898,mid
ENSG00000219200_RNASEK,11.18105879,mid
ENSG00000255112_CHMP1B,11.18095351,mid
ENSG00000092847_AGO1,11.1803313,mid
ENSG00000115415_STAT1,11.17858663,mid
ENSG00000106299_WASL,11.17760253,mid
ENSG00000125651_GTF2F1,11.1774021,mid
ENSG00000174243_DDX23,11.17633201,mid
ENSG00000107341_UBE2R2,11.17596844,mid
ENSG00000125755_SYMPK,11.17533631,mid
ENSG00000103549_RNF40,11.17530654,mid
ENSG00000105176_URI1,11.17493582,mid
ENSG00000140905_GCSH,11.17424927,mid
ENSG00000139722_VPS37B,11.17415914,mid
ENSG00000257923_CUX1,11.17336863,mid
ENSG00000142453_CARM1,11.17329112,mid
ENSG00000142327_RNPEPL1,11.17317545,mid
ENSG00000158828_PINK1,11.17243725,mid
ENSG00000100441_KHNYN,11.17218272,mid
ENSG00000143850_PLEKHA6,11.1713243,mid
ENSG00000131171_SH3BGRL,11.16915559,mid
ENSG00000102158_MAGT1,11.16915046,mid
ENSG00000167747_C19orf48,11.16870192,mid
ENSG00000127483_HP1BP3,11.16790348,mid
ENSG00000147044_CASK,11.16708476,mid
ENSG00000087087_SRRT,11.16700447,mid
ENSG00000103222_ABCC1,11.16505156,mid
ENSG00000197323_TRIM33,11.16478083,mid
ENSG00000196236_XPNPEP3,11.16469749,mid
ENSG00000070961_ATP2B1,11.162776,mid
ENSG00000106049_HIBADH,11.16156669,mid
ENSG00000164151_ICE1,11.16105307,mid
ENSG00000242372_EIF6,11.16059543,mid
ENSG00000103479_RBL2,11.16037946,mid
ENSG00000120549_KIAA1217,11.15933743,mid
ENSG00000107862_GBF1,11.15911383,mid
ENSG00000085365_SCAMP1,11.15904327,mid
ENSG00000175203_DCTN2,11.15899293,mid
ENSG00000108349_CASC3,11.1585731,mid
ENSG00000182158_CREB3L2,11.1577467,mid
ENSG00000115816_CEBPZ,11.15661553,mid
ENSG00000132698_RAB25,11.15577947,mid
ENSG00000147454_SLC25A37,11.15533517,mid
ENSG00000113645_WWC1,11.15508867,mid
ENSG00000177508_IRX3,11.15497143,mid
ENSG00000221869_CEBPD,11.15482211,mid
ENSG00000144021_CIAO1,11.15460787,mid
ENSG00000100567_PSMA3,11.15431224,mid
ENSG00000062650_WAPL,11.15387172,mid
ENSG00000119912_IDE,11.15339868,mid
ENSG00000124762_CDKN1A,11.15285521,mid
ENSG00000116199_FAM20B,11.15259197,mid
ENSG00000099341_PSMD8,11.15156291,mid
ENSG00000205476_CCDC85C,11.15145412,mid
ENSG00000166479_TMX3,11.15095277,mid
ENSG00000061794_MRPS35,11.15060286,mid
ENSG00000126524_SBDS,11.15010089,mid
ENSG00000151491_EPS8,11.14940612,mid
ENSG00000183291_SELENOF,11.14810063,mid
ENSG00000138764_CCNG2,11.14715607,mid
ENSG00000145833_DDX46,11.14610063,mid
ENSG00000101337_TM9SF4,11.14607665,mid
ENSG00000123684_LPGAT1,11.14545571,mid
ENSG00000197045_GMFB,11.14518414,mid
ENSG00000147684_NDUFB9,11.14075661,mid
ENSG00000116406_EDEM3,11.14066159,mid
ENSG00000134905_CARS2,11.14055084,mid
ENSG00000163812_ZDHHC3,11.13889392,mid
ENSG00000101310_SEC23B,11.13868222,mid
ENSG00000182606_TRAK1,11.13795208,mid
ENSG00000168056_LTBP3,11.13791001,mid
ENSG00000062194_GPBP1,11.13786651,mid
ENSG00000112118_MCM3,11.13774543,mid
ENSG00000170142_UBE2E1,11.13755476,mid
ENSG00000166619_BLCAP,11.13595809,mid
ENSG00000189060_H1F0,11.13547763,mid
ENSG00000076554_TPD52,11.13537742,mid
ENSG00000160211_G6PD,11.1352275,mid
ENSG00000124570_SERPINB6,11.13458319,mid
ENSG00000105968_H2AFV,11.13207918,mid
ENSG00000147853_AK3,11.1319957,mid
ENSG00000124098_FAM210B,11.13113481,mid
ENSG00000101782_RIOK3,11.13080792,mid
ENSG00000100227_POLDIP3,11.1307896,mid
ENSG00000139998_RAB15,11.1306803,mid
ENSG00000196943_NOP9,11.12891146,mid
ENSG00000175265_GOLGA8A,11.12885816,mid
ENSG00000182979_MTA1,11.12856787,mid
ENSG00000108861_DUSP3,11.12818971,mid
ENSG00000186918_ZNF395,11.12756297,mid
ENSG00000103855_CD276,11.1271075,mid
ENSG00000066044_ELAVL1,11.12671156,mid
ENSG00000173599_PC,11.12637222,mid
ENSG00000134982_APC,11.12563315,mid
ENSG00000270882_HIST2H4A,11.1255354,mid
ENSG00000112419_PHACTR2,11.12471148,mid
ENSG00000036257_CUL3,11.12465288,mid
ENSG00000080371_RAB21,11.12408509,mid
ENSG00000168159_RNF187,11.12397765,mid
ENSG00000173218_VANGL1,11.12329167,mid
ENSG00000127526_SLC35E1,11.12323158,mid
ENSG00000149639_SOGA1,11.12279883,mid
ENSG00000185728_YTHDF3,11.12244608,mid
ENSG00000011454_RABGAP1,11.12191083,mid
ENSG00000185414_MRPL30,11.12098558,mid
ENSG00000196865_NHLRC2,11.12092531,mid
ENSG00000109919_MTCH2,11.12080196,mid
ENSG00000167183_PRR15L,11.12068573,mid
ENSG00000182307_C8orf33,11.1204412,mid
ENSG00000132153_DHX30,11.1199836,mid
ENSG00000174238_PITPNA,11.11971283,mid
ENSG00000129515_SNX6,11.11925088,mid
ENSG00000155368_DBI,11.11910538,mid
ENSG00000172292_CERS6,11.11851228,mid
ENSG00000096746_HNRNPH3,11.11849176,mid
ENSG00000197070_ARRDC1,11.11798249,mid
ENSG00000052841_TTC17,11.11774159,mid
ENSG00000113300_CNOT6,11.11760313,mid
ENSG00000247077_PGAM5,11.11749761,mid
ENSG00000117595_IRF6,11.11729321,mid
ENSG00000198612_COPS8,11.11687589,mid
ENSG00000156110_ADK,11.11638693,mid
ENSG00000111707_SUDS3,11.11500002,mid
ENSG00000029153_ARNTL2,11.11478958,mid
ENSG00000180879_SSR4,11.11457873,mid
ENSG00000176340_COX8A,11.11440174,mid
ENSG00000105364_MRPL4,11.11355737,mid
ENSG00000197971_MBP,11.11319205,mid
ENSG00000105576_TNPO2,11.11307675,mid
ENSG00000213977_TAX1BP3,11.11303685,mid
ENSG00000001629_ANKIB1,11.11283907,mid
ENSG00000153922_CHD1,11.11226747,mid
ENSG00000005483_KMT2E,11.11216913,mid
ENSG00000114503_NCBP2,11.11166897,mid
ENSG00000092010_PSME1,11.11158525,mid
ENSG00000145990_GFOD1,11.11128338,mid
ENSG00000144283_PKP4,11.11123225,mid
ENSG00000130520_LSM4,11.10997591,mid
ENSG00000150459_SAP18,11.10947717,mid
ENSG00000166411_IDH3A,11.10934064,mid
ENSG00000196715_VKORC1L1,11.10840362,mid
ENSG00000155366_RHOC,11.10789161,mid
ENSG00000129657_SEC14L1,11.10766442,mid
ENSG00000198925_ATG9A,11.10582569,mid
ENSG00000006007_GDE1,11.10547493,mid
ENSG00000182446_NPLOC4,11.10539702,mid
ENSG00000198663_C6orf89,11.10498459,mid
ENSG00000072415_MPP5,11.10467832,mid
ENSG00000085721_RRN3,11.10432771,mid
ENSG00000085491_SLC25A24,11.10293991,mid
ENSG00000112237_CCNC,11.10226654,mid
ENSG00000172725_CORO1B,11.10121441,mid
ENSG00000173598_NUDT4,11.10120937,mid
ENSG00000176092_CRYBG2,11.10110874,mid
ENSG00000087053_MTMR2,11.10077001,mid
ENSG00000183943_PRKX,11.10048534,mid
ENSG00000140157_NIPA2,11.10039151,mid
ENSG00000149823_VPS51,11.10010457,mid
ENSG00000213281_NRAS,11.09996523,mid
ENSG00000168214_RBPJ,11.09924678,mid
ENSG00000078668_VDAC3,11.09910554,mid
ENSG00000214706_IFRD2,11.09854741,mid
ENSG00000154001_PPP2R5E,11.09727062,mid
ENSG00000118217_ATF6,11.09713519,mid
ENSG00000103064_SLC7A6,11.0963204,mid
ENSG00000167881_SRP68,11.09496343,mid
ENSG00000138867_GUCD1,11.09421364,mid
ENSG00000117399_CDC20,11.09400392,mid
ENSG00000110880_CORO1C,11.09287883,mid
ENSG00000104969_SGTA,11.09236331,mid
ENSG00000065518_NDUFB4,11.0922953,mid
ENSG00000109686_SH3D19,11.09218824,mid
ENSG00000122958_VPS26A,11.0916678,mid
ENSG00000173548_SNX33,11.09139359,mid
ENSG00000165525_NEMF,11.09134734,mid
ENSG00000163840_DTX3L,11.09133587,mid
ENSG00000115365_LANCL1,11.09103414,mid
ENSG00000115993_TRAK2,11.09071137,mid
ENSG00000104133_SPG11,11.09061448,mid
ENSG00000157483_MYO1E,11.08991301,mid
ENSG00000055130_CUL1,11.08948896,mid
ENSG00000108352_RAPGEFL1,11.08893602,mid
ENSG00000080815_PSEN1,11.08804955,mid
ENSG00000140553_UNC45A,11.08798153,mid
ENSG00000166847_DCTN5,11.08792016,mid
ENSG00000088325_TPX2,11.08770958,mid
ENSG00000136002_ARHGEF4,11.08706978,mid
ENSG00000087470_DNM1L,11.08666406,mid
ENSG00000048649_RSF1,11.08663989,mid
ENSG00000162980_ARL5A,11.0864732,mid
ENSG00000165494_PCF11,11.08616752,mid
ENSG00000125630_POLR1B,11.08502187,mid
ENSG00000103194_USP10,11.08460236,mid
ENSG00000119900_OGFRL1,11.08446087,mid
ENSG00000029725_RABEP1,11.08408415,mid
ENSG00000114857_NKTR,11.08401716,mid
ENSG00000148187_MRRF,11.08375952,mid
ENSG00000102531_FNDC3A,11.08365603,mid
ENSG00000281649_EBLN3P,11.08300537,mid
ENSG00000159202_UBE2Z,11.08274346,mid
ENSG00000198792_TMEM184B,11.082377,mid
ENSG00000083720_OXCT1,11.08230326,mid
ENSG00000132716_DCAF8,11.0822595,mid
ENSG00000024048_UBR2,11.08145816,mid
ENSG00000136111_TBC1D4,11.08092841,mid
ENSG00000170471_RALGAPB,11.08046697,mid
ENSG00000064961_HMG20B,11.07975953,mid
ENSG00000157654_PALM2-AKAP2,11.07915196,mid
ENSG00000015475_BID,11.07893587,mid
ENSG00000112787_FBRSL1,11.07845811,mid
ENSG00000141574_SECTM1,11.07821648,mid
ENSG00000182240_BACE2,11.07815105,mid
ENSG00000196220_SRGAP3,11.07636817,mid
ENSG00000130749_ZC3H4,11.07458913,mid
ENSG00000146376_ARHGAP18,11.0744094,mid
ENSG00000091622_PITPNM3,11.07383711,mid
ENSG00000136718_IMP4,11.07382169,mid
ENSG00000100364_KIAA0930,11.07359943,mid
ENSG00000117676_RPS6KA1,11.07345061,mid
ENSG00000116030_SUMO1,11.07237233,mid
ENSG00000015171_ZMYND11,11.07201371,mid
ENSG00000122692_SMU1,11.07129641,mid
ENSG00000083223_TUT7,11.07043978,mid
ENSG00000158864_NDUFS2,11.07042659,mid
ENSG00000196683_TOMM7,11.07030456,mid
ENSG00000184897_H1FX,11.06993305,mid
ENSG00000166508_MCM7,11.06980631,mid
ENSG00000221823_PPP3R1,11.06710131,mid
ENSG00000167615_LENG8,11.06708077,mid
ENSG00000265808_SEC22B,11.06669453,mid
ENSG00000070404_FSTL3,11.06667455,mid
ENSG00000068650_ATP11A,11.06635577,mid
ENSG00000198586_TLK1,11.06583609,mid
ENSG00000116016_EPAS1,11.06560197,mid
ENSG00000164022_AIMP1,11.06432133,mid
ENSG00000127540_UQCR11,11.06429734,mid
ENSG00000141447_OSBPL1A,11.06358908,mid
ENSG00000089902_RCOR1,11.06345925,mid
ENSG00000126461_SCAF1,11.06305176,mid
ENSG00000138592_USP8,11.06269918,mid
ENSG00000152642_GPD1L,11.06254418,mid
ENSG00000132589_FLOT2,11.06216527,mid
ENSG00000095564_BTAF1,11.06174079,mid
ENSG00000109929_SC5D,11.06134416,mid
ENSG00000262814_MRPL12,11.06097991,mid
ENSG00000177479_ARIH2,11.06072698,mid
ENSG00000121644_DESI2,11.06053868,mid
ENSG00000249915_PDCD6,11.05986404,mid
ENSG00000124155_PIGT,11.05978746,mid
ENSG00000115128_SF3B6,11.05933208,mid
ENSG00000115808_STRN,11.05868171,mid
ENSG00000075539_FRYL,11.05827517,mid
ENSG00000112576_CCND3,11.0575518,mid
ENSG00000111817_DSE,11.05554818,mid
ENSG00000113658_SMAD5,11.05421225,mid
ENSG00000144677_CTDSPL,11.05401902,mid
ENSG00000110108_TMEM109,11.05377159,mid
ENSG00000091317_CMTM6,11.05290374,mid
ENSG00000119541_VPS4B,11.05185172,mid
ENSG00000132549_VPS13B,11.05149219,mid
ENSG00000166454_ATMIN,11.05117803,mid
ENSG00000148660_CAMK2G,11.04995128,mid
ENSG00000099942_CRKL,11.04948402,mid
ENSG00000127837_AAMP,11.04936346,mid
ENSG00000168291_PDHB,11.04897764,mid
ENSG00000177885_GRB2,11.04896048,mid
ENSG00000142166_IFNAR1,11.04852962,mid
ENSG00000131508_UBE2D2,11.04817031,mid
ENSG00000173933_RBM4,11.04790347,mid
ENSG00000120756_PLS1,11.04666683,mid
ENSG00000198887_SMC5,11.04666296,mid
ENSG00000118200_CAMSAP2,11.04627632,mid
ENSG00000149485_FADS1,11.0462027,mid
ENSG00000163785_RYK,11.04504393,mid
ENSG00000198856_OSTC,11.04492563,mid
ENSG00000189319_FAM53B,11.04441341,mid
ENSG00000175220_ARHGAP1,11.04436462,mid
ENSG00000116161_CACYBP,11.0433383,mid
ENSG00000115839_RAB3GAP1,11.04315922,mid
ENSG00000167232_ZNF91,11.04302913,mid
ENSG00000166986_MARS,11.04295842,mid
ENSG00000140416_TPM1,11.04247615,mid
ENSG00000196235_SUPT5H,11.04197416,mid
ENSG00000176842_IRX5,11.04188442,mid
ENSG00000049860_HEXB,11.03937353,mid
ENSG00000177189_RPS6KA3,11.03891656,mid
ENSG00000101236_RNF24,11.03887663,mid
ENSG00000159069_FBXW5,11.03847145,mid
ENSG00000134759_ELP2,11.03770365,mid
ENSG00000124587_PEX6,11.03754517,mid
ENSG00000143183_TMCO1,11.03753598,mid
ENSG00000167671_UBXN6,11.03744099,mid
ENSG00000159720_ATP6V0D1,11.03684591,mid
ENSG00000177963_RIC8A,11.03626762,mid
ENSG00000128585_MKLN1,11.03509921,mid
ENSG00000123091_RNF11,11.03455289,mid
ENSG00000198700_IPO9,11.03425288,mid
ENSG00000164040_PGRMC2,11.03423611,mid
ENSG00000105669_COPE,11.03411371,mid
ENSG00000146963_LUC7L2,11.03323013,mid
ENSG00000090857_PDPR,11.03317275,mid
ENSG00000166855_CLPX,11.03315659,mid
ENSG00000122257_RBBP6,11.03306977,mid
ENSG00000099331_MYO9B,11.03245263,mid
ENSG00000153904_DDAH1,11.03232521,mid
ENSG00000173156_RHOD,11.03149026,mid
ENSG00000133704_IPO8,11.03128339,mid
ENSG00000119986_AVPI1,11.03040204,mid
ENSG00000146066_HIGD2A,11.03013014,mid
ENSG00000100632_ERH,11.02944597,mid
ENSG00000064419_TNPO3,11.02847808,mid
ENSG00000135968_GCC2,11.02822005,mid
ENSG00000161202_DVL3,11.02818279,mid
ENSG00000160613_PCSK7,11.02815656,mid
ENSG00000162777_DENND2D,11.02809653,mid
ENSG00000258289_CHURC1,11.02778586,mid
ENSG00000101350_KIF3B,11.02737304,mid
ENSG00000078747_ITCH,11.02690911,mid
ENSG00000197892_KIF13B,11.0263403,mid
ENSG00000042445_RETSAT,11.02604071,mid
ENSG00000122482_ZNF644,11.02515952,mid
ENSG00000189159_JPT1,11.02425937,mid
ENSG00000159399_HK2,11.02375759,mid
ENSG00000114738_MAPKAPK3,11.02369358,mid
ENSG00000177119_ANO6,11.02349154,mid
ENSG00000152056_AP1S3,11.02348277,mid
ENSG00000241973_PI4KA,11.02345727,mid
ENSG00000138279_ANXA7,11.02315402,mid
ENSG00000136709_WDR33,11.02305821,mid
ENSG00000111300_NAA25,11.02305107,mid
ENSG00000100225_FBXO7,11.02242056,mid
ENSG00000109320_NFKB1,11.02139585,mid
ENSG00000114450_GNB4,11.01958396,mid
ENSG00000160131_VMA21,11.01950488,mid
ENSG00000088387_DOCK9,11.01918505,mid
ENSG00000004059_ARF5,11.01853078,mid
ENSG00000090054_SPTLC1,11.01832427,mid
ENSG00000089248_ERP29,11.0173411,mid
ENSG00000122741_DCAF10,11.01642359,mid
ENSG00000137501_SYTL2,11.01559487,mid
ENSG00000181827_RFX7,11.0150879,mid
ENSG00000171223_JUNB,11.01488198,mid
ENSG00000103811_CTSH,11.01426415,mid
ENSG00000165416_SUGT1,11.01419113,mid
ENSG00000157827_FMNL2,11.01319151,mid
ENSG00000276966_HIST1H4E,11.01228081,mid
ENSG00000198876_DCAF12,11.0122019,mid
ENSG00000136930_PSMB7,11.0121083,mid
ENSG00000278845_MRPL45,11.01205369,mid
ENSG00000103653_CSK,11.01182198,mid
ENSG00000138162_TACC2,11.01181565,mid
ENSG00000171681_ATF7IP,11.0112635,mid
ENSG00000111328_CDK2AP1,11.01119799,mid
ENSG00000197006_METTL9,11.01117805,mid
ENSG00000083520_DIS3,11.01106173,mid
ENSG00000163956_LRPAP1,11.01069764,mid
ENSG00000117632_STMN1,11.01010831,mid
ENSG00000143924_EML4,11.0099683,mid
ENSG00000102898_NUTF2,11.00889238,mid
ENSG00000169499_PLEKHA2,11.00873101,mid
ENSG00000162688_AGL,11.00758777,mid
ENSG00000130669_PAK4,11.00739464,mid
ENSG00000100003_SEC14L2,11.00703434,mid
ENSG00000206195_DUXAP8,11.00699408,mid
ENSG00000106636_YKT6,11.0064704,mid
ENSG00000100731_PCNX1,11.00556548,mid
ENSG00000064601_CTSA,11.00527723,mid
ENSG00000276232_AC006064.5,11.00510767,mid
ENSG00000132676_DAP3,11.00505727,mid
ENSG00000141965_FEM1A,11.00497662,mid
ENSG00000127948_POR,11.00494228,mid
ENSG00000176014_TUBB6,11.00444673,mid
ENSG00000143164_DCAF6,11.00364382,mid
ENSG00000103111_MON1B,11.00356867,mid
ENSG00000126945_HNRNPH2,11.00279479,mid
ENSG00000127884_ECHS1,11.00273154,mid
ENSG00000072042_RDH11,11.0027077,mid
ENSG00000105819_PMPCB,11.00180785,mid
ENSG00000152700_SAR1B,11.00167247,mid
ENSG00000146457_WTAP,11.00118982,mid
ENSG00000170242_USP47,11.00021653,mid
ENSG00000008018_PSMB1,11.00011098,mid
ENSG00000110080_ST3GAL4,11.0000078,mid
ENSG00000198467_TPM2,10.99981212,mid
ENSG00000115041_KCNIP3,10.99974188,mid
ENSG00000228716_DHFR,10.99929497,mid
ENSG00000070018_LRP6,10.99907593,mid
ENSG00000276293_PIP4K2B,10.99895618,mid
ENSG00000136167_LCP1,10.99826843,mid
ENSG00000164713_BRI3,10.99787439,mid
ENSG00000171208_NETO2,10.99727781,mid
ENSG00000136478_TEX2,10.99723207,mid
ENSG00000113569_NUP155,10.99711725,mid
ENSG00000138801_PAPSS1,10.99654182,mid
ENSG00000206560_ANKRD28,10.99623052,mid
ENSG00000090273_NUDC,10.99620962,mid
ENSG00000071553_ATP6AP1,10.99581135,mid
ENSG00000177700_POLR2L,10.99491322,mid
ENSG00000107651_SEC23IP,10.9947293,mid
ENSG00000196141_SPATS2L,10.99345961,mid
ENSG00000035141_FAM136A,10.99290453,mid
ENSG00000171316_CHD7,10.99288349,mid
ENSG00000164944_VIRMA,10.99176563,mid
ENSG00000110047_EHD1,10.99140414,mid
ENSG00000082212_ME2,10.99121599,mid
ENSG00000101773_RBBP8,10.99057103,mid
ENSG00000203837_PNLIPRP3,10.98978394,mid
ENSG00000132155_RAF1,10.98918447,mid
ENSG00000107854_TNKS2,10.98828765,mid
ENSG00000135069_PSAT1,10.98763843,mid
ENSG00000129187_DCTD,10.98757536,mid
ENSG00000116898_MRPS15,10.98739685,mid
ENSG00000196139_AKR1C3,10.98712932,mid
ENSG00000163349_HIPK1,10.9870247,mid
ENSG00000115944_COX7A2L,10.98677402,mid
ENSG00000115216_NRBP1,10.9863752,mid
ENSG00000158290_CUL4B,10.98588606,mid
ENSG00000145545_SRD5A1,10.98541322,mid
ENSG00000136536_MARCH7,10.98537489,mid
ENSG00000129354_AP1M2,10.98285872,mid
ENSG00000184117_NIPSNAP1,10.98254546,mid
ENSG00000116641_DOCK7,10.98173931,mid
ENSG00000126698_DNAJC8,10.98172855,mid
ENSG00000137776_SLTM,10.98083327,mid
ENSG00000135446_CDK4,10.980737,mid
ENSG00000164961_WASHC5,10.98063063,mid
ENSG00000188706_ZDHHC9,10.98049731,mid
ENSG00000108773_KAT2A,10.98047734,mid
ENSG00000119487_MAPKAP1,10.98034839,mid
ENSG00000198961_PJA2,10.98000347,mid
ENSG00000142002_DPP9,10.979223,mid
ENSG00000024422_EHD2,10.97917325,mid
ENSG00000157600_TMEM164,10.9785375,mid
ENSG00000035115_SH3YL1,10.97839724,mid
ENSG00000106615_RHEB,10.97790241,mid
ENSG00000145685_LHFPL2,10.97740302,mid
ENSG00000108389_MTMR4,10.97690918,mid
ENSG00000198000_NOL8,10.97646931,mid
ENSG00000240849_TMEM189,10.97614514,mid
ENSG00000140990_NDUFB10,10.97598747,mid
ENSG00000155189_AGPAT5,10.97594647,mid
ENSG00000273841_TAF9,10.97592514,mid
ENSG00000169871_TRIM56,10.97572637,mid
ENSG00000146281_PM20D2,10.9756522,mid
ENSG00000115295_CLIP4,10.97544442,mid
ENSG00000159346_ADIPOR1,10.97506279,mid
ENSG00000136521_NDUFB5,10.97494001,mid
ENSG00000110723_EXPH5,10.97386856,mid
ENSG00000132842_AP3B1,10.97385696,mid
ENSG00000141756_FKBP10,10.97316606,mid
ENSG00000144867_SRPRB,10.9728694,mid
ENSG00000143401_ANP32E,10.97245564,mid
ENSG00000137124_ALDH1B1,10.97148979,mid
ENSG00000133026_MYH10,10.9705374,mid
ENSG00000165802_NSMF,10.97012944,mid
ENSG00000198646_NCOA6,10.96998833,mid
ENSG00000169925_BRD3,10.96994275,mid
ENSG00000131389_SLC6A6,10.96990042,mid
ENSG00000101856_PGRMC1,10.96931349,mid
ENSG00000143727_ACP1,10.96879964,mid
ENSG00000104419_NDRG1,10.96835714,mid
ENSG00000090487_SPG21,10.96820447,mid
ENSG00000185551_NR2F2,10.96778906,mid
ENSG00000105698_USF2,10.96699439,mid
ENSG00000179115_FARSA,10.96591569,mid
ENSG00000116120_FARSB,10.96578473,mid
ENSG00000149923_PPP4C,10.96546446,mid
ENSG00000171492_LRRC8D,10.96545741,mid
ENSG00000103353_UBFD1,10.96421023,mid
ENSG00000123575_FAM199X,10.96286049,mid
ENSG00000164024_METAP1,10.96230168,mid
ENSG00000172795_DCP2,10.96122121,mid
ENSG00000179241_LDLRAD3,10.96033416,mid
ENSG00000074657_ZNF532,10.96021994,mid
ENSG00000099901_RANBP1,10.9599075,mid
ENSG00000153094_BCL2L11,10.9579959,mid
ENSG00000213593_TMX2,10.95667918,mid
ENSG00000173327_MAP3K11,10.95634399,mid
ENSG00000115233_PSMD14,10.95581879,mid
ENSG00000244754_N4BP2L2,10.95409791,mid
ENSG00000196954_CASP4,10.95339116,mid
ENSG00000054598_FOXC1,10.95221033,mid
ENSG00000175115_PACS1,10.95186762,mid
ENSG00000160679_CHTOP,10.95135732,mid
ENSG00000068366_ACSL4,10.95114867,mid
ENSG00000168172_HOOK3,10.95111766,mid
ENSG00000138802_SEC24B,10.95084718,mid
ENSG00000149782_PLCB3,10.94951278,mid
ENSG00000143624_INTS3,10.94906737,mid
ENSG00000180182_MED14,10.94896543,mid
ENSG00000161714_PLCD3,10.94870796,mid
ENSG00000164054_SHISA5,10.94857731,mid
ENSG00000204435_CSNK2B,10.94828395,mid
ENSG00000054793_ATP9A,10.94794299,mid
ENSG00000164919_COX6C,10.94749378,mid
ENSG00000168522_FNTA,10.94712991,mid
ENSG00000154556_SORBS2,10.94692852,mid
ENSG00000152767_FARP1,10.94678155,mid
ENSG00000032444_PNPLA6,10.94670704,mid
ENSG00000232112_TMA7,10.94537522,mid
ENSG00000145349_CAMK2D,10.94513904,mid
ENSG00000139718_SETD1B,10.94486557,mid
ENSG00000120690_ELF1,10.9441232,mid
ENSG00000143106_PSMA5,10.94399384,mid
ENSG00000172009_THOP1,10.9431774,mid
ENSG00000151348_EXT2,10.94307626,mid
ENSG00000196776_CD47,10.9428865,mid
ENSG00000154237_LRRK1,10.9423121,mid
ENSG00000214078_CPNE1,10.94166195,mid
ENSG00000143614_GATAD2B,10.94114714,mid
ENSG00000072041_SLC6A15,10.94035971,mid
ENSG00000139496_NUP58,10.93966971,mid
ENSG00000156860_FBRS,10.93942448,mid
ENSG00000233016_SNHG7,10.9392709,mid
ENSG00000138796_HADH,10.93847136,mid
ENSG00000144579_CTDSP1,10.93838158,mid
ENSG00000133028_SCO1,10.93835085,mid
ENSG00000163104_SMARCAD1,10.9371225,mid
ENSG00000115339_GALNT3,10.93684856,mid
ENSG00000169242_EFNA1,10.93617769,mid
ENSG00000221963_APOL6,10.93612447,mid
ENSG00000138600_SPPL2A,10.93486065,mid
ENSG00000132388_UBE2G1,10.93466932,mid
ENSG00000146433_TMEM181,10.93438013,mid
ENSG00000166741_NNMT,10.9342608,mid
ENSG00000140396_NCOA2,10.93418214,mid
ENSG00000164023_SGMS2,10.93296119,mid
ENSG00000122490_SLC66A2,10.93118857,mid
ENSG00000090316_MAEA,10.93027954,mid
ENSG00000100796_PPP4R3A,10.92839489,mid
ENSG00000114353_GNAI2,10.92807612,mid
ENSG00000134369_NAV1,10.92749747,mid
ENSG00000116062_MSH6,10.92744472,mid
ENSG00000225733_FGD5-AS1,10.9272629,mid
ENSG00000197912_SPG7,10.92700841,mid
ENSG00000182220_ATP6AP2,10.92595024,mid
ENSG00000120805_ARL1,10.92592745,mid
ENSG00000110931_CAMKK2,10.92532759,mid
ENSG00000141759_TXNL4A,10.92459794,mid
ENSG00000030066_NUP160,10.9245765,mid
ENSG00000134900_TPP2,10.92447362,mid
ENSG00000091009_RBM27,10.924406,mid
ENSG00000052749_RRP12,10.92423836,mid
ENSG00000213983_AP1G2,10.92403533,mid
ENSG00000184384_MAML2,10.92394091,mid
ENSG00000138386_NAB1,10.92338231,mid
ENSG00000101474_APMAP,10.92326643,mid
ENSG00000116350_SRSF4,10.922817,mid
ENSG00000173621_LRFN4,10.92252844,mid
ENSG00000137992_DBT,10.92221893,mid
ENSG00000134882_UBAC2,10.92216718,mid
ENSG00000155313_USP25,10.92183103,mid
ENSG00000174021_GNG5,10.92137294,mid
ENSG00000137492_THAP12,10.92116413,mid
ENSG00000100568_VTI1B,10.92077825,mid
ENSG00000108055_SMC3,10.92024907,mid
ENSG00000134899_ERCC5,10.92016734,mid
ENSG00000164142_FAM160A1,10.91983498,mid
ENSG00000117906_RCN2,10.91953193,mid
ENSG00000103197_TSC2,10.91946337,mid
ENSG00000125505_MBOAT7,10.91931509,mid
ENSG00000003756_RBM5,10.91917247,mid
ENSG00000156011_PSD3,10.91913754,mid
ENSG00000177570_SAMD12,10.91881069,mid
ENSG00000011007_ELOA,10.918654,mid
ENSG00000139083_ETV6,10.91832474,mid
ENSG00000034152_MAP2K3,10.91822301,mid
ENSG00000162736_NCSTN,10.91725597,mid
ENSG00000163820_FYCO1,10.91700774,mid
ENSG00000115504_EHBP1,10.91699755,mid
ENSG00000164244_PRRC1,10.91697841,mid
ENSG00000122042_UBL3,10.91679147,mid
ENSG00000204673_AKT1S1,10.91547819,mid
ENSG00000110911_SLC11A2,10.9153371,mid
ENSG00000139921_TMX1,10.91459329,mid
ENSG00000083642_PDS5B,10.91359682,mid
ENSG00000137936_BCAR3,10.91347803,mid
ENSG00000176485_PLAAT3,10.91327823,mid
ENSG00000108039_XPNPEP1,10.91272839,mid
ENSG00000189079_ARID2,10.9126487,mid
ENSG00000188994_ZNF292,10.91087889,mid
ENSG00000131165_CHMP1A,10.91086348,mid
ENSG00000104613_INTS10,10.90979356,mid
ENSG00000138138_ATAD1,10.90966864,mid
ENSG00000140262_TCF12,10.90959324,mid
ENSG00000129559_NEDD8,10.90929669,mid
ENSG00000123200_ZC3H13,10.90893257,mid
ENSG00000055070_SZRD1,10.9086134,mid
ENSG00000137822_TUBGCP4,10.90840335,mid
ENSG00000131626_PPFIA1,10.90806026,mid
ENSG00000197603_CPLANE1,10.90631786,mid
ENSG00000101161_PRPF6,10.90556227,mid
ENSG00000166750_SLFN5,10.90552774,mid
ENSG00000118985_ELL2,10.90542103,mid
ENSG00000211460_TSN,10.90537024,mid
ENSG00000115207_GTF3C2,10.90421446,mid
ENSG00000111412_C12orf49,10.90418207,mid
ENSG00000177485_ZBTB33,10.90399879,mid
ENSG00000157020_SEC13,10.9038458,mid
ENSG00000164715_LMTK2,10.90367773,mid
ENSG00000143376_SNX27,10.90291325,mid
ENSG00000170145_SIK2,10.90263254,mid
ENSG00000144567_RETREG2,10.90223548,mid
ENSG00000183431_SF3A3,10.90132826,mid
ENSG00000082516_GEMIN5,10.90122465,mid
ENSG00000198862_LTN1,10.90083632,mid
ENSG00000166136_NDUFB8,10.89968489,mid
ENSG00000012983_MAP4K5,10.89964692,mid
ENSG00000148110_MFSD14B,10.89928909,mid
ENSG00000122203_KIAA1191,10.89896098,mid
ENSG00000102471_NDFIP2,10.89894879,mid
ENSG00000068724_TTC7A,10.89761652,mid
ENSG00000111843_TMEM14C,10.89744878,mid
ENSG00000120254_MTHFD1L,10.89713592,mid
ENSG00000001617_SEMA3F,10.89640507,mid
ENSG00000225830_ERCC6,10.89588133,mid
ENSG00000139641_ESYT1,10.89580942,mid
ENSG00000150527_MIA2,10.8954117,mid
ENSG00000104774_MAN2B1,10.89515749,mid
ENSG00000092621_PHGDH,10.89515085,mid
ENSG00000117036_ETV3,10.89510496,mid
ENSG00000167107_ACSF2,10.89502208,mid
ENSG00000104695_PPP2CB,10.89475771,mid
ENSG00000104881_PPP1R13L,10.89465796,mid
ENSG00000144560_VGLL4,10.89362784,mid
ENSG00000134375_TIMM17A,10.89236805,mid
ENSG00000135930_EIF4E2,10.89135374,mid
ENSG00000188895_MSL1,10.89127857,mid
ENSG00000100014_SPECC1L,10.88979206,mid
ENSG00000118579_MED28,10.88942214,mid
ENSG00000100503_NIN,10.88924867,mid
ENSG00000073008_PVR,10.8882644,mid
ENSG00000163781_TOPBP1,10.88817876,mid
ENSG00000101311_FERMT1,10.88779868,mid
ENSG00000101158_NELFCD,10.88698186,mid
ENSG00000130640_TUBGCP2,10.88677947,mid
ENSG00000112977_DAP,10.88673488,mid
ENSG00000278259_MYO19,10.8858298,mid
ENSG00000058091_CDK14,10.88574674,mid
ENSG00000101160_CTSZ,10.88453512,mid
ENSG00000050327_ARHGEF5,10.88444838,mid
ENSG00000101193_GID8,10.88439257,mid
ENSG00000152492_CCDC50,10.88431322,mid
ENSG00000101084_RAB5IF,10.88411976,mid
ENSG00000137815_RTF1,10.88396395,mid
ENSG00000184076_UQCR10,10.88324419,mid
ENSG00000171530_TBCA,10.88323052,mid
ENSG00000197894_ADH5,10.88322689,mid
ENSG00000180573_HIST1H2AC,10.88296345,mid
ENSG00000136986_DERL1,10.88290029,mid
ENSG00000163624_CDS1,10.88215985,mid
ENSG00000171109_MFN1,10.88211659,mid
ENSG00000035928_RFC1,10.88204652,mid
ENSG00000135525_MAP7,10.88172695,mid
ENSG00000100335_MIEF1,10.88171521,mid
ENSG00000185963_BICD2,10.88143162,mid
ENSG00000238227_TMEM250,10.88121847,mid
ENSG00000082438_COBLL1,10.87917282,mid
ENSG00000134339_SAA2,10.87886034,mid
ENSG00000115963_RND3,10.87880713,mid
ENSG00000154305_MIA3,10.87877646,mid
ENSG00000102189_EEA1,10.87849476,mid
ENSG00000180398_MCFD2,10.87841076,mid
ENSG00000163125_RPRD2,10.87796216,mid
ENSG00000204267_TAP2,10.87786927,mid
ENSG00000126883_NUP214,10.87743414,mid
ENSG00000140950_MEAK7,10.87724228,mid
ENSG00000099968_BCL2L13,10.87676733,mid
ENSG00000172830_SSH3,10.8766152,mid
ENSG00000105223_PLD3,10.87630734,mid
ENSG00000110330_BIRC2,10.87624259,mid
ENSG00000135108_FBXO21,10.87614577,mid
ENSG00000136143_SUCLA2,10.87501834,mid
ENSG00000106785_TRIM14,10.87492703,mid
ENSG00000122729_ACO1,10.87459889,mid
ENSG00000133275_CSNK1G2,10.87405703,mid
ENSG00000112343_TRIM38,10.87391833,mid
ENSG00000140521_POLG,10.87244424,mid
ENSG00000099917_MED15,10.87240614,mid
ENSG00000163960_UBXN7,10.87212785,mid
ENSG00000074054_CLASP1,10.87208875,mid
ENSG00000170571_EMB,10.87196349,mid
ENSG00000154845_PPP4R1,10.87142792,mid
ENSG00000099800_TIMM13,10.87114667,mid
ENSG00000204574_ABCF1,10.87057437,mid
ENSG00000130816_DNMT1,10.86944025,mid
ENSG00000108262_GIT1,10.86873165,mid
ENSG00000118246_FASTKD2,10.86723892,mid
ENSG00000170561_IRX2,10.86699731,mid
ENSG00000062582_MRPS24,10.8662825,mid
ENSG00000243156_MICAL3,10.86591788,mid
ENSG00000166266_CUL5,10.86488242,mid
ENSG00000166920_C15orf48,10.86336943,mid
ENSG00000165733_BMS1,10.86307658,mid
ENSG00000213625_LEPROT,10.86269744,mid
ENSG00000198952_SMG5,10.86262975,mid
ENSG00000151779_NBAS,10.86210052,mid
ENSG00000070814_TCOF1,10.86174801,mid
ENSG00000183020_AP2A2,10.86138562,mid
ENSG00000143322_ABL2,10.86077123,mid
ENSG00000151366_NDUFC2,10.86059489,mid
ENSG00000125834_STK35,10.86036722,mid
ENSG00000173193_PARP14,10.86007658,mid
ENSG00000090905_TNRC6A,10.85990431,mid
ENSG00000130821_SLC6A8,10.85949804,mid
ENSG00000122140_MRPS2,10.85942118,mid
ENSG00000111615_KRR1,10.85685319,mid
ENSG00000131724_IL13RA1,10.85649548,mid
ENSG00000095261_PSMD5,10.85640333,mid
ENSG00000144747_TMF1,10.85635586,mid
ENSG00000126464_PRR12,10.85561308,mid
ENSG00000185627_PSMD13,10.85476344,mid
ENSG00000133612_AGAP3,10.85473002,mid
ENSG00000065833_ME1,10.85458203,mid
ENSG00000076770_MBNL3,10.85458144,mid
ENSG00000124164_VAPB,10.85448154,mid
ENSG00000132612_VPS4A,10.8542561,mid
ENSG00000166908_PIP4K2C,10.85397229,mid
ENSG00000084463_WBP11,10.85318492,mid
ENSG00000184863_RBM33,10.85300207,mid
ENSG00000204713_TRIM27,10.85285747,mid
ENSG00000100897_DCAF11,10.85258278,mid
ENSG00000086712_TXLNG,10.85205501,mid
ENSG00000183726_TMEM50A,10.8509218,mid
ENSG00000166340_TPP1,10.85029462,mid
ENSG00000079691_CARMIL1,10.84982509,mid
ENSG00000170638_TRABD,10.8495697,mid
ENSG00000171552_BCL2L1,10.8495534,mid
ENSG00000128524_ATP6V1F,10.84905561,mid
ENSG00000167325_RRM1,10.84880086,mid
ENSG00000144043_TEX261,10.84844674,mid
ENSG00000130935_NOL11,10.84770441,mid
ENSG00000110395_CBL,10.84684911,mid
ENSG00000137207_YIPF3,10.84534206,mid
ENSG00000182054_IDH2,10.84524581,mid
ENSG00000091164_TXNL1,10.84510536,mid
ENSG00000118640_VAMP8,10.84504838,mid
ENSG00000114127_XRN1,10.84488753,mid
ENSG00000197713_RPE,10.84484059,mid
ENSG00000116688_MFN2,10.84451139,mid
ENSG00000188976_NOC2L,10.84446058,mid
ENSG00000171456_ASXL1,10.84345983,mid
ENSG00000272391_POM121C,10.84300329,mid
ENSG00000170035_UBE2E3,10.84275061,mid
ENSG00000247092_SNHG10,10.84244199,mid
ENSG00000144426_NBEAL1,10.84223135,mid
ENSG00000115355_CCDC88A,10.84215707,mid
ENSG00000119812_FAM98A,10.84117764,mid
ENSG00000127870_RNF6,10.84076529,mid
ENSG00000111641_NOP2,10.84058374,mid
ENSG00000179832_MROH1,10.83989543,mid
ENSG00000144724_PTPRG,10.83945745,mid
ENSG00000167767_KRT80,10.8391617,mid
ENSG00000145725_PPIP5K2,10.83909514,mid
ENSG00000213463_SYNJ2BP,10.8389151,mid
ENSG00000184900_SUMO3,10.83863397,mid
ENSG00000169756_LIMS1,10.83847759,mid
ENSG00000221914_PPP2R2A,10.83847515,mid
ENSG00000166135_HIF1AN,10.83845681,mid
ENSG00000164099_PRSS12,10.83750476,mid
ENSG00000141556_TBCD,10.83742309,mid
ENSG00000136824_SMC2,10.83730546,mid
ENSG00000007376_RPUSD1,10.83722407,mid
ENSG00000144580_CNOT9,10.8372043,mid
ENSG00000174953_DHX36,10.8360745,mid
ENSG00000004487_KDM1A,10.83464103,mid
ENSG00000214736_TOMM6,10.83447892,mid
ENSG00000151292_CSNK1G3,10.8343352,mid
ENSG00000118873_RAB3GAP2,10.83418761,mid
ENSG00000160803_UBQLN4,10.83387716,mid
ENSG00000075568_TMEM131,10.83298768,mid
ENSG00000179593_ALOX15B,10.83183678,mid
ENSG00000067334_DNTTIP2,10.83083916,mid
ENSG00000005889_ZFX,10.8302931,mid
ENSG00000114902_SPCS1,10.82968148,mid
ENSG00000163636_PSMD6,10.82885035,mid
ENSG00000132670_PTPRA,10.8286357,mid
ENSG00000254470_AP5B1,10.82755533,mid
ENSG00000151694_ADAM17,10.82744325,mid
ENSG00000133961_NUMB,10.82693968,mid
ENSG00000143815_LBR,10.82690402,mid
ENSG00000071189_SNX13,10.82672027,mid
ENSG00000160633_SAFB,10.82625863,mid
ENSG00000164506_STXBP5,10.82609491,mid
ENSG00000151465_CDC123,10.82523091,mid
ENSG00000110697_PITPNM1,10.82519338,mid
ENSG00000011295_TTC19,10.82480828,mid
ENSG00000106244_PDAP1,10.82469444,mid
ENSG00000187605_TET3,10.82454781,mid
ENSG00000132613_MTSS2,10.82399277,mid
ENSG00000168802_CHTF8,10.82387871,mid
ENSG00000077254_USP33,10.82366306,mid
ENSG00000073711_PPP2R3A,10.82330151,mid
ENSG00000114346_ECT2,10.82305572,mid
ENSG00000107263_RAPGEF1,10.82292612,mid
ENSG00000123146_ADGRE5,10.82235416,mid
ENSG00000174373_RALGAPA1,10.82223028,mid
ENSG00000104812_GYS1,10.82192705,mid
ENSG00000175792_RUVBL1,10.8218674,mid
ENSG00000136100_VPS36,10.82154321,mid
ENSG00000144029_MRPS5,10.82147098,mid
ENSG00000185359_HGS,10.8214606,mid
ENSG00000132383_RPA1,10.82123968,mid
ENSG00000162378_ZYG11B,10.82057047,mid
ENSG00000160767_FAM189B,10.82050403,mid
ENSG00000161091_MFSD12,10.81999391,mid
ENSG00000185129_PURA,10.81992298,mid
ENSG00000189180_ZNF33A,10.8199136,mid
ENSG00000144791_LIMD1,10.81966438,mid
ENSG00000185803_SLC52A2,10.81929485,mid
ENSG00000148840_PPRC1,10.81873183,mid
ENSG00000148498_PARD3,10.8187222,mid
ENSG00000146729_NIPSNAP2,10.8182886,mid
ENSG00000134186_PRPF38B,10.81719251,mid
ENSG00000151718_WWC2,10.81675338,mid
ENSG00000126581_BECN1,10.81667414,mid
ENSG00000242498_ARPIN,10.81637945,mid
ENSG00000113194_FAF2,10.81616121,mid
ENSG00000179134_SAMD4B,10.81614472,mid
ENSG00000173542_MOB1B,10.81525374,mid
ENSG00000156256_USP16,10.81523763,mid
ENSG00000054277_OPN3,10.81477698,mid
ENSG00000163930_BAP1,10.81477414,mid
ENSG00000100911_PSME2,10.81416803,mid
ENSG00000067955_CBFB,10.81412981,mid
ENSG00000125968_ID1,10.81360038,mid
ENSG00000109113_RAB34,10.81340329,mid
ENSG00000204371_EHMT2,10.81234475,mid
ENSG00000164050_PLXNB1,10.81132639,mid
ENSG00000138442_WDR12,10.81119298,mid
ENSG00000196352_CD55,10.81113741,mid
ENSG00000173166_RAPH1,10.8107996,mid
ENSG00000151929_BAG3,10.81030959,mid
ENSG00000095380_NANS,10.80989268,mid
ENSG00000110237_ARHGEF17,10.80984566,mid
ENSG00000133056_PIK3C2B,10.80981656,mid
ENSG00000135766_EGLN1,10.80930232,mid
ENSG00000123143_PKN1,10.80867326,mid
ENSG00000138398_PPIG,10.80828428,mid
ENSG00000089916_GPATCH2L,10.80793406,mid
ENSG00000132356_PRKAA1,10.80771971,mid
ENSG00000111670_GNPTAB,10.80611044,mid
ENSG00000153317_ASAP1,10.80593801,mid
ENSG00000078808_SDF4,10.80584953,mid
ENSG00000107185_RGP1,10.80573531,mid
ENSG00000132646_PCNA,10.80535142,mid
ENSG00000149091_DGKZ,10.80512276,mid
ENSG00000172936_MYD88,10.80400269,mid
ENSG00000197702_PARVA,10.80389969,mid
ENSG00000109920_FNBP4,10.80385727,mid
ENSG00000137692_DCUN1D5,10.80367088,mid
ENSG00000164096_C4orf3,10.80222384,mid
ENSG00000198218_QRICH1,10.80208802,mid
ENSG00000070061_ELP1,10.80207635,mid
ENSG00000108439_PNPO,10.80131673,mid
ENSG00000050820_BCAR1,10.80129169,mid
ENSG00000153250_RBMS1,10.80053296,mid
ENSG00000123836_PFKFB2,10.80028616,mid
ENSG00000122515_ZMIZ2,10.79971141,mid
ENSG00000103326_CAPN15,10.79937915,mid
ENSG00000011114_BTBD7,10.79919852,mid
ENSG00000107281_NPDC1,10.79825581,mid
ENSG00000165458_INPPL1,10.79744423,mid
ENSG00000144452_ABCA12,10.79725212,mid
ENSG00000123179_EBPL,10.79709424,mid
ENSG00000181090_EHMT1,10.79691562,mid
ENSG00000135655_USP15,10.7968145,mid
ENSG00000116237_ICMT,10.79646177,mid
ENSG00000136861_CDK5RAP2,10.79628027,mid
ENSG00000198160_MIER1,10.79481579,mid
ENSG00000158669_GPAT4,10.79391726,mid
ENSG00000172890_NADSYN1,10.79343192,mid
ENSG00000058272_PPP1R12A,10.79334672,mid
ENSG00000134504_KCTD1,10.79284338,mid
ENSG00000104960_PTOV1,10.79243488,mid
ENSG00000175073_VCPIP1,10.79106778,mid
ENSG00000138593_SECISBP2L,10.79095478,mid
ENSG00000176946_THAP4,10.79052815,mid
ENSG00000167461_RAB8A,10.79013666,mid
ENSG00000101346_POFUT1,10.78950203,mid
ENSG00000188647_PTAR1,10.78947268,mid
ENSG00000100991_TRPC4AP,10.78928083,mid
ENSG00000120437_ACAT2,10.78926062,mid
ENSG00000150687_PRSS23,10.78851476,mid
ENSG00000156531_PHF6,10.7882692,mid
ENSG00000166439_RNF169,10.78819754,mid
ENSG00000119777_TMEM214,10.78760722,mid
ENSG00000167770_OTUB1,10.78725352,mid
ENSG00000052344_PRSS8,10.78696577,mid
ENSG00000106028_SSBP1,10.7867452,mid
ENSG00000172239_PAIP1,10.78625284,mid
ENSG00000051596_THOC3,10.7862045,mid
ENSG00000120071_KANSL1,10.78536574,mid
ENSG00000150990_DHX37,10.78485495,mid
ENSG00000101439_CST3,10.78468857,mid
ENSG00000112514_CUTA,10.7846457,mid
ENSG00000114999_TTL,10.78430924,mid
ENSG00000143819_EPHX1,10.78377016,mid
ENSG00000164237_CMBL,10.78320887,mid
ENSG00000179364_PACS2,10.78255041,mid
ENSG00000143486_EIF2D,10.78247182,mid
ENSG00000048707_VPS13D,10.78204838,mid
ENSG00000076201_PTPN23,10.78186883,mid
ENSG00000075711_DLG1,10.78117587,mid
ENSG00000076944_STXBP2,10.78086466,mid
ENSG00000173418_NAA20,10.78082481,mid
ENSG00000169375_SIN3A,10.78078428,mid
ENSG00000117054_ACADM,10.7807673,mid
ENSG00000075391_RASAL2,10.78058625,mid
ENSG00000187164_SHTN1,10.78015262,mid
ENSG00000196961_AP2A1,10.77840316,mid
ENSG00000165609_NUDT5,10.77836665,mid
ENSG00000107164_FUBP3,10.77774813,mid
ENSG00000073969_NSF,10.77722027,mid
ENSG00000136877_FPGS,10.77702625,mid
ENSG00000112655_PTK7,10.77670614,mid
ENSG00000196937_FAM3C,10.77580743,mid
ENSG00000116478_HDAC1,10.77563763,mid
ENSG00000139180_NDUFA9,10.77544964,mid
ENSG00000166170_BAG5,10.77447631,mid
ENSG00000089063_TMEM230,10.77234318,mid
ENSG00000164209_SLC25A46,10.77219463,mid
ENSG00000162695_SLC30A7,10.77195819,mid
ENSG00000144744_UBA3,10.77178202,mid
ENSG00000100266_PACSIN2,10.77171105,mid
ENSG00000087502_ERGIC2,10.77103927,mid
ENSG00000141543_EIF4A3,10.77079459,mid
ENSG00000138085_ATRAID,10.77050724,mid
ENSG00000114933_INO80D,10.77038427,mid
ENSG00000066084_DIP2B,10.77035026,mid
ENSG00000167703_SLC43A2,10.77012111,mid
ENSG00000127824_TUBA4A,10.7701158,mid
ENSG00000166783_MARF1,10.77001941,mid
ENSG00000107949_BCCIP,10.76944331,mid
ENSG00000175334_BANF1,10.7683868,mid
ENSG00000135686_KLHL36,10.76719377,mid
ENSG00000117411_B4GALT2,10.76625029,mid
ENSG00000165688_PMPCA,10.76580322,mid
ENSG00000102858_MGRN1,10.76443014,mid
ENSG00000119414_PPP6C,10.76395022,mid
ENSG00000156171_DRAM2,10.76384242,mid
ENSG00000213965_NUDT19,10.76371938,mid
ENSG00000167323_STIM1,10.7628823,mid
ENSG00000102763_VWA8,10.76279993,mid
ENSG00000122674_CCZ1,10.76277727,mid
ENSG00000164327_RICTOR,10.76276563,mid
ENSG00000167470_MIDN,10.76220493,mid
ENSG00000164442_CITED2,10.76165765,mid
ENSG00000132912_DCTN4,10.76160626,mid
ENSG00000096401_CDC5L,10.76125104,mid
ENSG00000107771_CCSER2,10.76068697,mid
ENSG00000136699_SMPD4,10.7606731,mid
ENSG00000135269_TES,10.76062605,mid
ENSG00000115970_THADA,10.75937188,mid
ENSG00000124209_RAB22A,10.75904757,mid
ENSG00000128908_INO80,10.75897416,mid
ENSG00000171475_WIPF2,10.75732979,mid
ENSG00000085872_CHERP,10.75625426,mid
ENSG00000085449_WDFY1,10.75601095,mid
ENSG00000080854_IGSF9B,10.75585834,mid
ENSG00000145740_SLC30A5,10.75575571,mid
ENSG00000102780_DGKH,10.75534091,mid
ENSG00000152556_PFKM,10.75373602,mid
ENSG00000198740_ZNF652,10.75012083,mid
ENSG00000180011_ZADH2,10.74900453,mid
ENSG00000074071_MRPS34,10.74880573,mid
ENSG00000268104_SLC6A14,10.7481587,mid
ENSG00000174840_PDE12,10.74787387,mid
ENSG00000088833_NSFL1C,10.74785252,mid
ENSG00000077312_SNRPA,10.74766862,mid
ENSG00000174282_ZBTB4,10.7474259,mid
ENSG00000186566_GPATCH8,10.74641106,mid
ENSG00000141252_VPS53,10.74638614,mid
ENSG00000177971_IMP3,10.74591086,mid
ENSG00000131446_MGAT1,10.74560457,mid
ENSG00000117395_EBNA1BP2,10.74545447,mid
ENSG00000028203_VEZT,10.74542951,mid
ENSG00000109084_TMEM97,10.74519959,mid
ENSG00000103266_STUB1,10.74423429,mid
ENSG00000070047_PHRF1,10.74413891,mid
ENSG00000104081_BMF,10.74247611,mid
ENSG00000205413_SAMD9,10.74199521,mid
ENSG00000157557_ETS2,10.74187598,mid
ENSG00000271303_SRXN1,10.74163441,mid
ENSG00000090372_STRN4,10.74077304,mid
ENSG00000103978_TMEM87A,10.74066031,mid
ENSG00000099991_CABIN1,10.74044811,mid
ENSG00000186834_HEXIM1,10.74018049,mid
ENSG00000111596_CNOT2,10.74001681,mid
ENSG00000182196_ARL6IP4,10.73990916,mid
ENSG00000203814_HIST2H2BF,10.73967995,mid
ENSG00000182149_IST1,10.73835543,mid
ENSG00000064607_SUGP2,10.73814641,mid
ENSG00000183421_RIPK4,10.73803377,mid
ENSG00000021355_SERPINB1,10.73792201,mid
ENSG00000113360_DROSHA,10.73785754,mid
ENSG00000179409_GEMIN4,10.73773925,mid
ENSG00000100764_PSMC1,10.73744148,mid
ENSG00000067369_TP53BP1,10.73711699,mid
ENSG00000179912_R3HDM2,10.73619628,mid
ENSG00000187147_RNF220,10.73607202,mid
ENSG00000164465_DCBLD1,10.73589638,mid
ENSG00000114331_ACAP2,10.73532529,mid
ENSG00000197256_KANK2,10.73519557,mid
ENSG00000109586_GALNT7,10.73509979,mid
ENSG00000083896_YTHDC1,10.73489265,mid
ENSG00000122778_KIAA1549,10.73470655,mid
ENSG00000067596_DHX8,10.73428213,mid
ENSG00000133104_SPART,10.73382003,mid
ENSG00000105677_TMEM147,10.73375861,mid
ENSG00000254986_DPP3,10.73356491,mid
ENSG00000158604_TMED4,10.73324616,mid
ENSG00000103035_PSMD7,10.73308664,mid
ENSG00000119408_NEK6,10.73299816,mid
ENSG00000158373_HIST1H2BD,10.73298974,mid
ENSG00000129315_CCNT1,10.731943,mid
ENSG00000138698_RAP1GDS1,10.73147135,mid
ENSG00000149313_AASDHPPT,10.73100387,mid
ENSG00000099956_SMARCB1,10.73072108,mid
ENSG00000125952_MAX,10.73066927,mid
ENSG00000134109_EDEM1,10.73032011,mid
ENSG00000073849_ST6GAL1,10.73019453,mid
ENSG00000189306_RRP7A,10.72976799,mid
ENSG00000153339_TRAPPC8,10.72936442,mid
ENSG00000173039_RELA,10.72931332,mid
ENSG00000103249_CLCN7,10.72888721,mid
ENSG00000101290_CDS2,10.72846023,mid
ENSG00000189171_S100A13,10.72834302,mid
ENSG00000176994_SMCR8,10.72752279,mid
ENSG00000121022_COPS5,10.72692713,mid
ENSG00000139197_PEX5,10.72512886,mid
ENSG00000137073_UBAP2,10.72306523,mid
ENSG00000109861_CTSC,10.72212151,mid
ENSG00000134108_ARL8B,10.72207876,mid
ENSG00000186635_ARAP1,10.72192848,mid
ENSG00000103260_METRN,10.72149436,mid
ENSG00000163053_SLC16A14,10.72116746,mid
ENSG00000110172_CHORDC1,10.72064556,mid
ENSG00000276043_UHRF1,10.71918315,mid
ENSG00000015676_NUDCD3,10.71915705,mid
ENSG00000140464_PML,10.71875209,mid
ENSG00000275832_ARHGAP23,10.71869642,mid
ENSG00000050405_LIMA1,10.71786248,mid
ENSG00000066654_THUMPD1,10.71778974,mid
ENSG00000005020_SKAP2,10.71765663,mid
ENSG00000087191_PSMC5,10.71762313,mid
ENSG00000105355_PLIN3,10.71670282,mid
ENSG00000141456_PELP1,10.71560862,mid
ENSG00000133703_KRAS,10.71542307,mid
ENSG00000170854_RIOX2,10.71541147,mid
ENSG00000113141_IK,10.71533377,mid
ENSG00000117410_ATP6V0B,10.71511823,mid
ENSG00000075151_EIF4G3,10.71467718,mid
ENSG00000151131_C12orf45,10.71412583,mid
ENSG00000132471_WBP2,10.71346514,mid
ENSG00000188986_NELFB,10.71231545,mid
ENSG00000157625_TAB3,10.71218865,mid
ENSG00000076003_MCM6,10.71179111,mid
ENSG00000188021_UBQLN2,10.71174436,mid
ENSG00000143756_FBXO28,10.71165778,mid
ENSG00000064313_TAF2,10.71148892,mid
ENSG00000197312_DDI2,10.7095908,mid
ENSG00000161249_DMKN,10.70930865,mid
ENSG00000115234_SNX17,10.70929603,mid
ENSG00000138182_KIF20B,10.70885257,mid
ENSG00000188725_SMIM15,10.70869238,mid
ENSG00000123131_PRDX4,10.7078357,mid
ENSG00000176463_SLCO3A1,10.70752444,mid
ENSG00000148229_POLE3,10.70748636,mid
ENSG00000151150_ANK3,10.70714125,mid
ENSG00000136603_SKIL,10.70672661,mid
ENSG00000164930_FZD6,10.70649753,mid
ENSG00000101935_AMMECR1,10.70636528,mid
ENSG00000123136_DDX39A,10.70537855,mid
ENSG00000132963_POMP,10.70525914,mid
ENSG00000182952_HMGN4,10.70431236,mid
ENSG00000152409_JMY,10.70417378,mid
ENSG00000162623_TYW3,10.70349941,mid
ENSG00000198730_CTR9,10.70327971,mid
ENSG00000148334_PTGES2,10.70280274,mid
ENSG00000006451_RALA,10.70172148,mid
ENSG00000163162_RNF149,10.70150652,mid
ENSG00000110841_PPFIBP1,10.70131389,mid
ENSG00000152127_MGAT5,10.70041914,mid
ENSG00000102886_GDPD3,10.70030795,mid
ENSG00000127125_PPCS,10.70027806,mid
ENSG00000161217_PCYT1A,10.70017737,mid
ENSG00000131069_ACSS2,10.69995957,mid
ENSG00000089289_IGBP1,10.69891467,mid
ENSG00000153214_TMEM87B,10.69877058,mid
ENSG00000119787_ATL2,10.69841833,mid
ENSG00000128791_TWSG1,10.69758779,mid
ENSG00000095203_EPB41L4B,10.69632016,mid
ENSG00000169139_UBE2V2,10.69538235,mid
ENSG00000117298_ECE1,10.69470201,mid
ENSG00000203811_HIST2H3C,10.69461097,mid
ENSG00000140105_WARS,10.69449953,mid
ENSG00000166164_BRD7,10.69431415,mid
ENSG00000151502_VPS26B,10.6933577,mid
ENSG00000112062_MAPK14,10.69328017,mid
ENSG00000130202_NECTIN2,10.69291825,mid
ENSG00000005100_DHX33,10.69260533,mid
ENSG00000111639_MRPL51,10.69231814,mid
ENSG00000185009_AP3M1,10.69166894,mid
ENSG00000198301_SDAD1,10.69122565,mid
ENSG00000173113_TRMT112,10.69083696,mid
ENSG00000120063_GNA13,10.69040271,mid
ENSG00000103966_EHD4,10.6898116,mid
ENSG00000168769_TET2,10.68972106,mid
ENSG00000226479_TMEM185B,10.68971254,mid
ENSG00000164548_TRA2A,10.68929383,mid
ENSG00000122376_SHLD2,10.68922801,mid
ENSG00000204103_MAFB,10.68761446,mid
ENSG00000135924_DNAJB2,10.6874188,mid
ENSG00000149658_YTHDF1,10.68694018,mid
ENSG00000143149_ALDH9A1,10.68646022,mid
ENSG00000213079_SCAF8,10.68636977,mid
ENSG00000128607_KLHDC10,10.68605384,mid
ENSG00000183751_TBL3,10.6857368,mid
ENSG00000028528_SNX1,10.68567981,mid
ENSG00000162366_PDZK1IP1,10.68513708,mid
ENSG00000129562_DAD1,10.68489887,mid
ENSG00000198805_PNP,10.68477851,mid
ENSG00000135317_SNX14,10.68432716,mid
ENSG00000184428_TOP1MT,10.683605,mid
ENSG00000120008_WDR11,10.6835394,mid
ENSG00000145390_USP53,10.68322154,mid
ENSG00000112473_SLC39A7,10.68275325,mid
ENSG00000118046_STK11,10.68266629,mid
ENSG00000171940_ZNF217,10.68185624,mid
ENSG00000198793_MTOR,10.68137161,mid
ENSG00000142784_WDTC1,10.68099724,mid
ENSG00000106397_PLOD3,10.68094479,mid
ENSG00000133816_MICAL2,10.68048281,mid
ENSG00000204387_SNHG32,10.67959661,mid
ENSG00000161021_MAML1,10.67937985,mid
ENSG00000175866_BAIAP2,10.67933223,mid
ENSG00000120875_DUSP4,10.67920627,mid
ENSG00000083937_CHMP2B,10.67880582,mid
ENSG00000164934_DCAF13,10.6783191,mid
ENSG00000141564_RPTOR,10.67831191,mid
ENSG00000156875_MFSD14A,10.67749246,mid
ENSG00000072062_PRKACA,10.67674315,mid
ENSG00000167965_MLST8,10.67645008,mid
ENSG00000113732_ATP6V0E1,10.67608602,mid
ENSG00000155229_MMS19,10.6760163,mid
ENSG00000160293_VAV2,10.67579629,mid
ENSG00000079999_KEAP1,10.67562843,mid
ENSG00000108010_GLRX3,10.67436495,mid
ENSG00000143393_PI4KB,10.67388902,mid
ENSG00000144320_LNPK,10.67357367,mid
ENSG00000120685_PROSER1,10.67342828,mid
ENSG00000164031_DNAJB14,10.67283419,mid
ENSG00000107331_ABCA2,10.67272554,mid
ENSG00000170632_ARMC10,10.67252394,mid
ENSG00000100519_PSMC6,10.67249033,mid
ENSG00000130313_PGLS,10.67169408,mid
ENSG00000085377_PREP,10.67157813,mid
ENSG00000163029_SMC6,10.67117397,mid
ENSG00000106484_MEST,10.67094017,mid
ENSG00000086475_SEPHS1,10.6709199,mid
ENSG00000178691_SUZ12,10.66987024,mid
ENSG00000157637_SLC38A10,10.66879135,mid
ENSG00000257727_CNPY2,10.66862569,mid
ENSG00000173517_PEAK1,10.667908,mid
ENSG00000147155_EBP,10.6675495,mid
ENSG00000048991_R3HDM1,10.66717786,mid
ENSG00000148411_NACC2,10.66714417,mid
ENSG00000159352_PSMD4,10.66604131,mid
ENSG00000107833_NPM3,10.66442373,mid
ENSG00000006625_GGCT,10.66370245,mid
ENSG00000101224_CDC25B,10.66158189,mid
ENSG00000160299_PCNT,10.66061778,mid
ENSG00000205352_PRR13,10.66045871,mid
ENSG00000065060_UHRF1BP1,10.66013626,mid
ENSG00000100426_ZBED4,10.65981038,mid
ENSG00000102974_CTCF,10.65876968,mid
ENSG00000170653_ATF7,10.65872179,mid
ENSG00000169299_PGM2,10.65811782,mid
ENSG00000173273_TNKS,10.65744987,mid
ENSG00000173267_SNCG,10.65701215,mid
ENSG00000147010_SH3KBP1,10.65686786,mid
ENSG00000104325_DECR1,10.65685382,mid
ENSG00000170266_GLB1,10.65652848,mid
ENSG00000067248_DHX29,10.65642279,mid
ENSG00000175768_TOMM5,10.6561831,mid
ENSG00000168259_DNAJC7,10.65556612,mid
ENSG00000136045_PWP1,10.65497777,mid
ENSG00000066027_PPP2R5A,10.65404496,mid
ENSG00000166887_VPS39,10.65363379,mid
ENSG00000009844_VTA1,10.65254802,mid
ENSG00000170445_HARS,10.65182062,mid
ENSG00000116001_TIA1,10.65093351,mid
ENSG00000100614_PPM1A,10.65039834,mid
ENSG00000138767_CNOT6L,10.64912602,mid
ENSG00000072135_PTPN18,10.64898331,mid
ENSG00000188641_DPYD,10.64883068,mid
ENSG00000100934_SEC23A,10.6476127,mid
ENSG00000147164_SNX12,10.64698624,mid
ENSG00000114019_AMOTL2,10.64698196,mid
ENSG00000047188_YTHDC2,10.64640002,mid
ENSG00000083444_PLOD1,10.64523554,mid
ENSG00000147123_NDUFB11,10.64426057,mid
ENSG00000141699_RETREG3,10.64352758,mid
ENSG00000147394_ZNF185,10.64337944,mid
ENSG00000121039_RDH10,10.64319792,mid
ENSG00000171566_PLRG1,10.64310473,mid
ENSG00000156802_ATAD2,10.64301145,mid
ENSG00000177732_SOX12,10.64291747,mid
ENSG00000151422_FER,10.64130249,mid
ENSG00000214517_PPME1,10.64106461,mid
ENSG00000126214_KLC1,10.64101459,mid
ENSG00000176087_SLC35A4,10.64037566,mid
ENSG00000086102_NFX1,10.64032937,mid
ENSG00000266472_MRPS21,10.63990984,mid
ENSG00000066739_ATG2B,10.63985837,mid
ENSG00000131100_ATP6V1E1,10.63976032,mid
ENSG00000074603_DPP8,10.63973355,mid
ENSG00000239306_RBM14,10.63968361,mid
ENSG00000234127_TRIM26,10.63956556,mid
ENSG00000080608_PUM3,10.63938794,mid
ENSG00000101109_STK4,10.63918855,mid
ENSG00000116288_PARK7,10.6387693,mid
ENSG00000117143_UAP1,10.63875646,mid
ENSG00000131323_TRAF3,10.63831505,mid
ENSG00000141458_NPC1,10.63809079,mid
ENSG00000126773_PCNX4,10.63759335,mid
ENSG00000143337_TOR1AIP1,10.63734096,mid
ENSG00000204568_MRPS18B,10.63671111,mid
ENSG00000103404_USP31,10.63622815,mid
ENSG00000168827_GFM1,10.63609736,mid
ENSG00000111737_RAB35,10.63595004,mid
ENSG00000130024_PHF10,10.63566435,mid
ENSG00000101079_NDRG3,10.63533075,mid
ENSG00000187954_CYHR1,10.63484404,mid
ENSG00000123104_ITPR2,10.63483197,mid
ENSG00000130177_CDC16,10.63476291,mid
ENSG00000142507_PSMB6,10.63438989,mid
ENSG00000014123_UFL1,10.63398922,mid
ENSG00000170871_KIAA0232,10.63378956,mid
ENSG00000213024_NUP62,10.63271602,mid
ENSG00000164466_SFXN1,10.63258295,mid
ENSG00000182827_ACBD3,10.63203546,mid
ENSG00000107404_DVL1,10.63197372,mid
ENSG00000123636_BAZ2B,10.63188587,mid
ENSG00000184357_HIST1H1B,10.63067866,mid
ENSG00000100348_TXN2,10.63051162,mid
ENSG00000250479_CHCHD10,10.63000763,mid
ENSG00000176542_USF3,10.6298551,mid
ENSG00000165916_PSMC3,10.62967526,mid
ENSG00000156521_TYSND1,10.62929488,mid
ENSG00000140992_PDPK1,10.62909494,mid
ENSG00000163539_CLASP2,10.62824184,mid
ENSG00000164402_SEPTIN8,10.62821516,mid
ENSG00000095015_MAP3K1,10.62798873,mid
ENSG00000153130_SCOC,10.6274918,mid
ENSG00000105726_ATP13A1,10.62731843,mid
ENSG00000158092_NCK1,10.62724428,mid
ENSG00000115020_PIKFYVE,10.62642295,mid
ENSG00000166348_USP54,10.6262552,mid
ENSG00000149532_CPSF7,10.62624574,mid
ENSG00000161847_RAVER1,10.62585697,mid
ENSG00000130559_CAMSAP1,10.62579557,mid
ENSG00000213614_HEXA,10.62574464,mid
ENSG00000071794_HLTF,10.6249379,mid
ENSG00000132326_PER2,10.62410157,mid
ENSG00000177225_GATD1,10.62405191,mid
ENSG00000145041_DCAF1,10.62395245,mid
ENSG00000068305_MEF2A,10.62255862,mid
ENSG00000204842_ATXN2,10.62240974,mid
ENSG00000106443_PHF14,10.62225449,mid
ENSG00000278053_DDX52,10.62220322,mid
ENSG00000072803_FBXW11,10.62195675,mid
ENSG00000091490_SEL1L3,10.62181174,mid
ENSG00000175354_PTPN2,10.62121461,mid
ENSG00000147416_ATP6V1B2,10.62113183,mid
ENSG00000157617_C2CD2,10.62100762,mid
ENSG00000089876_DHX32,10.62035891,mid
ENSG00000067182_TNFRSF1A,10.62014949,mid
ENSG00000107566_ERLIN1,10.61839838,mid
ENSG00000123600_METTL8,10.61776697,mid
ENSG00000103018_CYB5B,10.61758362,mid
ENSG00000128951_DUT,10.61758256,mid
ENSG00000147813_NAPRT,10.61751747,mid
ENSG00000125826_RBCK1,10.61604669,mid
ENSG00000154727_GABPA,10.61565158,mid
ENSG00000169604_ANTXR1,10.61522986,mid
ENSG00000122884_P4HA1,10.61521417,mid
ENSG00000133121_STARD13,10.61510829,mid
ENSG00000198901_PRC1,10.61478894,mid
ENSG00000147408_CSGALNACT1,10.61464936,mid
ENSG00000143126_CELSR2,10.61314488,mid
ENSG00000126705_AHDC1,10.61270421,mid
ENSG00000118564_FBXL5,10.61167645,mid
ENSG00000168781_PPIP5K1,10.61116576,mid
ENSG00000119537_KDSR,10.61081955,mid
ENSG00000167088_SNRPD1,10.61043223,mid
ENSG00000172046_USP19,10.61040644,mid
ENSG00000153395_LPCAT1,10.6101912,mid
ENSG00000156411_ATP5MPL,10.60992572,mid
ENSG00000118007_STAG1,10.60977931,mid
ENSG00000159176_CSRP1,10.60894503,mid
ENSG00000131368_MRPS25,10.60889658,mid
ENSG00000198625_MDM4,10.60870057,mid
ENSG00000160948_VPS28,10.60848059,mid
ENSG00000105447_GRWD1,10.60838945,mid
ENSG00000159459_UBR1,10.60809132,mid
ENSG00000213676_ATF6B,10.60759165,mid
ENSG00000197714_ZNF460,10.60744255,mid
ENSG00000159842_ABR,10.6067598,mid
ENSG00000107485_GATA3,10.60671847,mid
ENSG00000198843_SELENOT,10.60609463,mid
ENSG00000120896_SORBS3,10.60527839,mid
ENSG00000198585_NUDT16,10.60493804,mid
ENSG00000105983_LMBR1,10.60473834,mid
ENSG00000002549_LAP3,10.60461179,mid
ENSG00000101639_CEP192,10.60387297,mid
ENSG00000108523_RNF167,10.60361595,mid
ENSG00000069248_NUP133,10.60337922,mid
ENSG00000012232_EXTL3,10.60239996,mid
ENSG00000111011_RSRC2,10.60201439,mid
ENSG00000221978_CCNL2,10.60186176,mid
ENSG00000174197_MGA,10.60154441,mid
ENSG00000118363_SPCS2,10.60067822,mid
ENSG00000055483_USP36,10.60058234,mid
ENSG00000077150_NFKB2,10.60006802,mid
ENSG00000134697_GNL2,10.59992923,mid
ENSG00000160972_PPP1R16A,10.59956025,mid
ENSG00000123739_PLA2G12A,10.59952933,mid
ENSG00000138035_PNPT1,10.59900353,mid
ENSG00000196363_WDR5,10.5985861,mid
ENSG00000134248_LAMTOR5,10.59857014,mid
ENSG00000156650_KAT6B,10.59838516,mid
ENSG00000025708_TYMP,10.59792192,mid
ENSG00000144566_RAB5A,10.59771149,mid
ENSG00000157823_AP3S2,10.5965783,mid
ENSG00000059588_TARBP1,10.59629824,mid
ENSG00000204316_MRPL38,10.59548101,mid
ENSG00000114054_PCCB,10.5946037,mid
ENSG00000167173_C15orf39,10.59334972,mid
ENSG00000088448_ANKRD10,10.59293696,mid
ENSG00000163430_FSTL1,10.59274706,mid
ENSG00000101974_ATP11C,10.59235552,mid
ENSG00000160218_TRAPPC10,10.59213506,mid
ENSG00000123989_CHPF,10.59183406,mid
ENSG00000143878_RHOB,10.59074622,mid
ENSG00000277791_PSMB3,10.59046671,mid
ENSG00000159086_PAXBP1,10.59042726,mid
ENSG00000009413_REV3L,10.59028656,mid
ENSG00000148143_ZNF462,10.59001028,mid
ENSG00000111237_VPS29,10.58890641,mid
ENSG00000143198_MGST3,10.5884553,mid
ENSG00000118900_UBN1,10.58813677,mid
ENSG00000120675_DNAJC15,10.58812916,mid
ENSG00000147874_HAUS6,10.58748522,mid
ENSG00000104897_SF3A2,10.58724787,mid
ENSG00000169594_BNC1,10.58704147,mid
ENSG00000171793_CTPS1,10.58673523,mid
ENSG00000141627_DYM,10.58656529,mid
ENSG00000134255_CEPT1,10.58628604,mid
ENSG00000105778_AVL9,10.5862252,mid
ENSG00000169032_MAP2K1,10.58575022,mid
ENSG00000185236_RAB11B,10.58506878,mid
ENSG00000092203_TOX4,10.58435431,mid
ENSG00000124535_WRNIP1,10.58372254,mid
ENSG00000157014_TATDN2,10.58351378,mid
ENSG00000109171_SLAIN2,10.5834157,mid
ENSG00000113083_LOX,10.58326656,mid
ENSG00000197442_MAP3K5,10.58304356,mid
ENSG00000112339_HBS1L,10.5818197,mid
ENSG00000075413_MARK3,10.58179778,mid
ENSG00000123124_WWP1,10.58174473,mid
ENSG00000151414_NEK7,10.58157423,mid
ENSG00000167378_IRGQ,10.58154058,mid
ENSG00000109917_ZPR1,10.58094104,mid
ENSG00000156017_CARNMT1,10.58072154,mid
ENSG00000006118_TMEM132A,10.58057058,mid
ENSG00000155438_NIFK,10.57974168,mid
ENSG00000082458_DLG3,10.57965002,mid
ENSG00000158545_ZC3H18,10.57799362,mid
ENSG00000196693_ZNF33B,10.57788027,mid
ENSG00000196510_ANAPC7,10.5776322,mid
ENSG00000117616_RSRP1,10.57669392,mid
ENSG00000173020_GRK2,10.57625379,mid
ENSG00000108106_UBE2S,10.57586239,mid
ENSG00000126107_HECTD3,10.57571885,mid
ENSG00000263465_SRSF8,10.57471478,mid
ENSG00000186377_CYP4X1,10.57467745,mid
ENSG00000158406_HIST1H4H,10.57321833,mid
ENSG00000119682_AREL1,10.57316881,mid
ENSG00000185090_MANEAL,10.57212916,mid
ENSG00000117597_UTP25,10.57196982,mid
ENSG00000156697_UTP14A,10.57149593,mid
ENSG00000120686_UFM1,10.57078042,mid
ENSG00000148484_RSU1,10.57030164,mid
ENSG00000178921_PFAS,10.57017424,mid
ENSG00000100603_SNW1,10.57002055,mid
ENSG00000139687_RB1,10.56996786,mid
ENSG00000130706_ADRM1,10.56775901,mid
ENSG00000077721_UBE2A,10.56694698,mid
ENSG00000131242_RAB11FIP4,10.56646349,mid
ENSG00000086666_ZFAND6,10.56623074,mid
ENSG00000196950_SLC39A10,10.56622684,mid
ENSG00000107679_PLEKHA1,10.56501205,mid
ENSG00000125733_TRIP10,10.56496222,mid
ENSG00000115129_TP53I3,10.56477337,mid
ENSG00000143977_SNRPG,10.56419178,mid
ENSG00000106144_CASP2,10.56377274,mid
ENSG00000197321_SVIL,10.56306189,mid
ENSG00000155508_CNOT8,10.56277853,mid
ENSG00000176624_MEX3C,10.56139849,mid
ENSG00000155876_RRAGA,10.56120486,mid
ENSG00000069956_MAPK6,10.56119357,mid
ENSG00000185033_SEMA4B,10.5606953,mid
ENSG00000134779_TPGS2,10.56019597,mid
ENSG00000167716_WDR81,10.55988205,mid
ENSG00000076826_CAMSAP3,10.55937101,mid
ENSG00000164818_DNAAF5,10.55937082,mid
ENSG00000126822_PLEKHG3,10.55934857,mid
ENSG00000133812_SBF2,10.55855221,mid
ENSG00000152939_MARVELD2,10.55850052,mid
ENSG00000129534_MIS18BP1,10.55841619,mid
ENSG00000211456_SACM1L,10.55768215,mid
ENSG00000182768_NGRN,10.55747068,mid
ENSG00000064999_ANKS1A,10.55744635,mid
ENSG00000179913_B3GNT3,10.55715463,mid
ENSG00000130725_UBE2M,10.5564052,mid
ENSG00000164941_INTS8,10.55618549,mid
ENSG00000091127_PUS7,10.55603562,mid
ENSG00000145715_RASA1,10.55550977,mid
ENSG00000079432_CIC,10.55520454,mid
ENSG00000188910_GJB3,10.55519557,mid
ENSG00000149930_TAOK2,10.55465206,mid
ENSG00000145050_MANF,10.55444561,mid
ENSG00000164168_TMEM184C,10.55391819,mid
ENSG00000058600_POLR3E,10.55341608,mid
ENSG00000100220_RTCB,10.55330002,mid
ENSG00000102081_FMR1,10.5532917,mid
ENSG00000136436_CALCOCO2,10.55314276,mid
ENSG00000099821_POLRMT,10.55170336,mid
ENSG00000180354_MTURN,10.55156154,mid
ENSG00000215012_RTL10,10.55140033,mid
ENSG00000168234_TTC39C,10.54969777,mid
ENSG00000198722_UNC13B,10.54945993,mid
ENSG00000065882_TBC1D1,10.54945169,mid
ENSG00000130340_SNX9,10.5494132,mid
ENSG00000166347_CYB5A,10.54873545,mid
ENSG00000083799_CYLD,10.54864601,mid
ENSG00000169359_SLC33A1,10.54845836,mid
ENSG00000169976_SF3B5,10.54688472,mid
ENSG00000175970_UNC119B,10.54660129,mid
ENSG00000142230_SAE1,10.54622303,mid
ENSG00000178078_STAP2,10.54546807,mid
ENSG00000099290_WASHC2A,10.54487869,mid
ENSG00000157954_WIPI2,10.54479656,mid
ENSG00000137547_MRPL15,10.54434657,mid
ENSG00000011009_LYPLA2,10.54361086,mid
ENSG00000073792_IGF2BP2,10.54279991,mid
ENSG00000182872_RBM10,10.54227904,mid
ENSG00000162734_PEA15,10.54117577,mid
ENSG00000049130_KITLG,10.54116881,mid
ENSG00000110717_NDUFS8,10.54081631,mid
ENSG00000107816_LZTS2,10.54080744,mid
ENSG00000086065_CHMP5,10.54064543,mid
ENSG00000133935_ERG28,10.54054799,mid
ENSG00000107984_DKK1,10.54031531,mid
ENSG00000254087_LYN,10.54014341,mid
ENSG00000085788_DDHD2,10.53957517,mid
ENSG00000165288_BRWD3,10.53957396,mid
ENSG00000143390_RFX5,10.53885352,mid
ENSG00000278311_GGNBP2,10.53797856,mid
ENSG00000155846_PPARGC1B,10.53775105,mid
ENSG00000214160_ALG3,10.53727336,mid
ENSG00000157193_LRP8,10.53626352,mid
ENSG00000147475_ERLIN2,10.53565156,mid
ENSG00000087448_KLHL42,10.53562018,mid
ENSG00000165417_GTF2A1,10.53516993,mid
ENSG00000087152_ATXN7L3,10.53514081,mid
ENSG00000052126_PLEKHA5,10.53510185,mid
ENSG00000004779_NDUFAB1,10.53477491,mid
ENSG00000160714_UBE2Q1,10.53393389,mid
ENSG00000183576_SETD3,10.53386177,mid
ENSG00000123384_LRP1,10.53289012,mid
ENSG00000111145_ELK3,10.53247099,mid
ENSG00000151461_UPF2,10.53149,mid
ENSG00000160886_LY6K,10.531065,mid
ENSG00000120314_WDR55,10.53088868,mid
ENSG00000027697_IFNGR1,10.53054356,mid
ENSG00000143457_GOLPH3L,10.5304142,mid
ENSG00000117448_AKR1A1,10.52948944,mid
ENSG00000109519_GRPEL1,10.52863041,mid
ENSG00000105197_TIMM50,10.52732509,mid
ENSG00000135090_TAOK3,10.52729285,mid
ENSG00000138160_KIF11,10.52728114,mid
ENSG00000164104_HMGB2,10.52716785,mid
ENSG00000161638_ITGA5,10.52691678,mid
ENSG00000132669_RIN2,10.52678985,mid
ENSG00000170185_USP38,10.52625373,mid
ENSG00000162377_COA7,10.52616004,mid
ENSG00000168453_HR,10.52554412,mid
ENSG00000177888_ZBTB41,10.5247115,mid
ENSG00000020922_MRE11,10.52465619,mid
ENSG00000101365_IDH3B,10.52395725,mid
ENSG00000286522_HIST1H3B,10.5238976,mid
ENSG00000136108_CKAP2,10.5238379,mid
ENSG00000141580_WDR45B,10.52357393,mid
ENSG00000101745_ANKRD12,10.52332673,mid
ENSG00000064102_INTS13,10.52330888,mid
ENSG00000161800_RACGAP1,10.5230132,mid
ENSG00000181924_COA4,10.52271438,mid
ENSG00000197712_FAM114A1,10.52240044,mid
ENSG00000196787_HIST1H2AG,10.52218075,mid
ENSG00000159228_CBR1,10.52212115,mid
ENSG00000114982_KANSL3,10.52115278,mid
ENSG00000139505_MTMR6,10.52078028,mid
ENSG00000086015_MAST2,10.52072738,mid
ENSG00000113163_CERT1,10.52032956,mid
ENSG00000100890_PRORP,10.52010961,mid
ENSG00000103591_AAGAB,10.51943888,mid
ENSG00000108465_CDK5RAP3,10.51932128,mid
ENSG00000133818_RRAS2,10.51866318,mid
ENSG00000076248_UNG,10.51791759,mid
ENSG00000168958_MFF,10.51753732,mid
ENSG00000134686_PHC2,10.51661755,mid
ENSG00000140455_USP3,10.51656405,mid
ENSG00000162885_B3GALNT2,10.51626848,mid
ENSG00000102119_EMD,10.51600723,mid
ENSG00000068438_FTSJ1,10.5157388,mid
ENSG00000171302_CANT1,10.51573134,mid
ENSG00000257218_GATC,10.51546308,mid
ENSG00000136279_DBNL,10.51520514,mid
ENSG00000075407_ZNF37A,10.51466508,mid
ENSG00000147202_DIAPH2,10.51459703,mid
ENSG00000111832_RWDD1,10.51431578,mid
ENSG00000133985_TTC9,10.51402676,mid
ENSG00000078070_MCCC1,10.51355761,mid
ENSG00000165006_UBAP1,10.51339287,mid
ENSG00000140332_TLE3,10.51311822,mid
ENSG00000145386_CCNA2,10.51250356,mid
ENSG00000100413_POLR3H,10.51230386,mid
ENSG00000182809_CRIP2,10.51218059,mid
ENSG00000139651_ZNF740,10.51173743,mid
ENSG00000077549_CAPZB,10.51131024,mid
ENSG00000127663_KDM4B,10.51016008,mid
ENSG00000092295_TGM1,10.51011264,mid
ENSG00000129493_HEATR5A,10.51002168,mid
ENSG00000160075_SSU72,10.50986307,mid
ENSG00000179820_MYADM,10.50976307,mid
ENSG00000132254_ARFIP2,10.50942309,mid
ENSG00000127947_PTPN12,10.50896775,mid
ENSG00000158985_CDC42SE2,10.50809474,mid
ENSG00000139289_PHLDA1,10.50639221,mid
ENSG00000143669_LYST,10.50567976,mid
ENSG00000033800_PIAS1,10.50560772,mid
ENSG00000100461_RBM23,10.50474945,mid
ENSG00000186063_AIDA,10.5045922,mid
ENSG00000110435_PDHX,10.50447376,mid
ENSG00000106803_SEC61B,10.50437079,mid
ENSG00000239900_ADSL,10.50263592,mid
ENSG00000078142_PIK3C3,10.5024729,mid
ENSG00000182197_EXT1,10.50223117,mid
ENSG00000074842_MYDGF,10.50208132,mid
ENSG00000165526_RPUSD4,10.50195122,mid
ENSG00000143294_PRCC,10.50161827,mid
ENSG00000167962_ZNF598,10.50124518,mid
ENSG00000079950_STX7,10.49987207,mid
ENSG00000069998_HDHD5,10.49944272,mid
ENSG00000183258_DDX41,10.49930569,mid
ENSG00000095321_CRAT,10.49854436,mid
ENSG00000139174_PRICKLE1,10.49844438,mid
ENSG00000196743_GM2A,10.49799387,mid
ENSG00000136874_STX17,10.49789031,mid
ENSG00000104093_DMXL2,10.49601476,mid
ENSG00000174886_NDUFA11,10.49585667,mid
ENSG00000117620_SLC35A3,10.49553805,mid
ENSG00000181929_PRKAG1,10.49543198,mid
ENSG00000164379_FOXQ1,10.49533608,mid
ENSG00000142687_KIAA0319L,10.49497054,mid
ENSG00000108443_RPS6KB1,10.49455053,mid
ENSG00000198894_CIPC,10.49447924,mid
ENSG00000120963_ZNF706,10.494111,mid
ENSG00000272333_KMT2B,10.49398787,mid
ENSG00000115368_WDR75,10.49381494,mid
ENSG00000099364_FBXL19,10.49344734,mid
ENSG00000102890_ELMO3,10.49341448,mid
ENSG00000006607_FARP2,10.49331216,mid
ENSG00000161999_JMJD8,10.49295719,mid
ENSG00000172197_MBOAT1,10.49289565,mid
ENSG00000123240_OPTN,10.49239528,mid
ENSG00000138081_FBXO11,10.49222681,mid
ENSG00000134371_CDC73,10.49195166,mid
ENSG00000188191_PRKAR1B,10.4916661,mid
ENSG00000164219_PGGT1B,10.49163225,mid
ENSG00000105443_CYTH2,10.49160766,mid
ENSG00000146072_TNFRSF21,10.49079253,mid
ENSG00000073417_PDE8A,10.49009416,mid
ENSG00000025293_PHF20,10.48977894,mid
ENSG00000108468_CBX1,10.48964381,mid
ENSG00000060971_ACAA1,10.48937192,mid
ENSG00000171467_ZNF318,10.48908282,mid
ENSG00000275700_AATF,10.48870157,mid
ENSG00000162607_USP1,10.48862324,mid
ENSG00000124532_MRS2,10.4884272,mid
ENSG00000163882_POLR2H,10.48829665,mid
ENSG00000127418_FGFRL1,10.48810581,mid
ENSG00000115648_MLPH,10.48772112,mid
ENSG00000099246_RAB18,10.4871116,mid
ENSG00000013374_NUB1,10.48706579,mid
ENSG00000047249_ATP6V1H,10.48495617,mid
ENSG00000104611_SH2D4A,10.48492575,mid
ENSG00000008869_HEATR5B,10.48457431,mid
ENSG00000167969_ECI1,10.48405584,mid
ENSG00000177084_POLE,10.4839098,mid
ENSG00000085511_MAP3K4,10.48375871,mid
ENSG00000198815_FOXJ3,10.48237401,mid
ENSG00000013375_PGM3,10.48206958,mid
ENSG00000178105_DDX10,10.482,mid
ENSG00000168653_NDUFS5,10.48194722,mid
ENSG00000119333_WDR34,10.48165209,mid
ENSG00000163728_TTC14,10.48149157,mid
ENSG00000014919_COX15,10.48049449,mid
ENSG00000188313_PLSCR1,10.47997685,mid
ENSG00000139263_LRIG3,10.4798597,mid
ENSG00000255529_POLR2M,10.47951241,mid
ENSG00000101966_XIAP,10.47949892,mid
ENSG00000054116_TRAPPC3,10.47942159,mid
ENSG00000177728_TMEM94,10.47919824,mid
ENSG00000180628_PCGF5,10.47913145,mid
ENSG00000104361_NIPAL2,10.47862146,mid
ENSG00000177239_MAN1B1,10.47801055,mid
ENSG00000118515_SGK1,10.47751874,mid
ENSG00000164904_ALDH7A1,10.47662148,mid
ENSG00000171865_RNASEH1,10.47640922,mid
ENSG00000115825_PRKD3,10.4753152,mid
ENSG00000102030_NAA10,10.47488873,mid
ENSG00000227500_SCAMP4,10.47376106,mid
ENSG00000155008_APOOL,10.4730721,mid
ENSG00000171219_CDC42BPG,10.47293552,mid
ENSG00000177463_NR2C2,10.47273983,mid
ENSG00000172296_SPTLC3,10.47242769,mid
ENSG00000019144_PHLDB1,10.47092408,mid
ENSG00000087266_SH3BP2,10.47062183,mid
ENSG00000198648_STK39,10.47026476,mid
ENSG00000185515_BRCC3,10.46978121,mid
ENSG00000178425_NT5DC1,10.46944891,mid
ENSG00000103429_BFAR,10.46943314,mid
ENSG00000149289_ZC3H12C,10.46864443,mid
ENSG00000111206_FOXM1,10.46855846,mid
ENSG00000152620_NADK2,10.46846329,mid
ENSG00000048544_MRPS10,10.46798024,mid
ENSG00000143442_POGZ,10.46796975,mid
ENSG00000160194_NDUFV3,10.46773903,mid
ENSG00000110768_GTF2H1,10.46718368,mid
ENSG00000142186_SCYL1,10.46706613,mid
ENSG00000120451_SNX19,10.46643266,mid
ENSG00000039319_ZFYVE16,10.46556423,mid
ENSG00000168143_FAM83B,10.46541595,mid
ENSG00000131788_PIAS3,10.46521161,mid
ENSG00000265354_TIMM23,10.46486543,mid
ENSG00000134744_TUT4,10.46485754,mid
ENSG00000171159_C9orf16,10.46482144,mid
ENSG00000134748_PRPF38A,10.46463347,mid
ENSG00000174306_ZHX3,10.46401196,mid
ENSG00000105723_GSK3A,10.46370232,mid
ENSG00000106367_AP1S1,10.46153489,mid
ENSG00000110104_CCDC86,10.46148406,mid
ENSG00000169020_ATP5ME,10.46068987,mid
ENSG00000166938_DIS3L,10.4582146,mid
ENSG00000196700_ZNF512B,10.45744052,mid
ENSG00000038358_EDC4,10.45649362,mid
ENSG00000136717_BIN1,10.45620699,mid
ENSG00000167699_GLOD4,10.45609509,mid
ENSG00000100330_MTMR3,10.45591482,mid
ENSG00000138756_BMP2K,10.45587032,mid
ENSG00000223482_NUTM2A-AS1,10.45571607,mid
ENSG00000120265_PCMT1,10.45558722,mid
ENSG00000038274_MAT2B,10.45534622,mid
ENSG00000134283_PPHLN1,10.45504805,mid
ENSG00000168090_COPS6,10.45499973,mid
ENSG00000168872_DDX19A,10.45418698,mid
ENSG00000154945_ANKRD40,10.45371282,mid
ENSG00000176095_IP6K1,10.45342927,mid
ENSG00000176407_KCMF1,10.45329177,mid
ENSG00000120899_PTK2B,10.4532104,mid
ENSG00000085982_USP40,10.45302976,mid
ENSG00000151176_PLBD2,10.45298657,mid
ENSG00000124177_CHD6,10.45297992,mid
ENSG00000169727_GPS1,10.45292038,mid
ENSG00000132481_TRIM47,10.45255054,mid
ENSG00000157224_CLDN12,10.45230847,mid
ENSG00000119041_GTF3C3,10.45167415,mid
ENSG00000114544_SLC41A3,10.45119992,mid
ENSG00000224470_ATXN1L,10.45006891,mid
ENSG00000115275_MOGS,10.44985869,mid
ENSG00000119392_GLE1,10.4485862,mid
ENSG00000165322_ARHGAP12,10.44846609,mid
ENSG00000115073_ACTR1B,10.44811233,mid
ENSG00000143190_POU2F1,10.44807874,mid
ENSG00000100347_SAMM50,10.44805292,mid
ENSG00000050426_LETMD1,10.44792006,mid
ENSG00000177879_AP3S1,10.4472912,mid
ENSG00000175066_GK5,10.4472002,mid
ENSG00000150403_TMCO3,10.44719401,mid
ENSG00000164823_OSGIN2,10.44686346,mid
ENSG00000073111_MCM2,10.44671571,mid
ENSG00000148834_GSTO1,10.44658246,mid
ENSG00000196428_TSC22D2,10.44647896,mid
ENSG00000054523_KIF1B,10.44625067,mid
ENSG00000196781_TLE1,10.44597101,mid
ENSG00000117899_MESD,10.44588167,mid
ENSG00000145293_ENOPH1,10.44542245,mid
ENSG00000119681_LTBP2,10.44514337,mid
ENSG00000163683_SMIM14,10.44503762,mid
ENSG00000122644_ARL4A,10.44473655,mid
ENSG00000145191_EIF2B5,10.44460437,mid
ENSG00000248905_FMN1,10.44455004,mid
ENSG00000180008_SOCS4,10.4444157,mid
ENSG00000125356_NDUFA1,10.44402454,mid
ENSG00000105339_DENND3,10.4435939,mid
ENSG00000163634_THOC7,10.44315731,mid
ENSG00000213563_C8orf82,10.44309402,mid
ENSG00000109814_UGDH,10.44307486,mid
ENSG00000166272_WBP1L,10.44287719,mid
ENSG00000110921_MVK,10.4427723,mid
ENSG00000114779_ABHD14B,10.44242435,mid
ENSG00000167700_MFSD3,10.44231785,mid
ENSG00000198420_TCAF1,10.44231252,mid
ENSG00000159593_NAE1,10.44201751,mid
ENSG00000111348_ARHGDIB,10.44158252,mid
ENSG00000198729_PPP1R14C,10.44134115,mid
ENSG00000150471_ADGRL3,10.44113185,mid
ENSG00000119185_ITGB1BP1,10.44104471,mid
ENSG00000105402_NAPA,10.44093612,mid
ENSG00000109736_MFSD10,10.44061258,mid
ENSG00000163602_RYBP,10.43978487,mid
ENSG00000088682_COQ9,10.43960158,mid
ENSG00000128915_ICE2,10.43929793,mid
ENSG00000198060_MARCH5,10.43811972,mid
ENSG00000124226_RNF114,10.43744275,mid
ENSG00000185043_CIB1,10.43635781,mid
ENSG00000164976_MYORG,10.43571919,mid
ENSG00000069020_MAST4,10.43562356,mid
ENSG00000146830_GIGYF1,10.43464336,mid
ENSG00000166471_TMEM41B,10.43437893,mid
ENSG00000111341_MGP,10.43436122,mid
ENSG00000223496_EXOSC6,10.43421806,mid
ENSG00000147419_CCDC25,10.43375268,mid
ENSG00000153936_HS2ST1,10.43350946,mid
ENSG00000022277_RTF2,10.4329975,mid
ENSG00000113716_HMGXB3,10.43248089,mid
ENSG00000140983_RHOT2,10.43226027,mid
ENSG00000106009_BRAT1,10.43224683,mid
ENSG00000166851_PLK1,10.43210955,mid
ENSG00000146416_AIG1,10.43198338,mid
ENSG00000167766_ZNF83,10.43184701,mid
ENSG00000061987_MON2,10.43178362,mid
ENSG00000184678_HIST2H2BE,10.43065001,mid
ENSG00000168268_NT5DC2,10.43062511,mid
ENSG00000108587_GOSR1,10.43049709,mid
ENSG00000186951_PPARA,10.43030258,mid
ENSG00000163872_YEATS2,10.42860506,mid
ENSG00000144136_SLC20A1,10.42793774,mid
ENSG00000155097_ATP6V1C1,10.42770925,mid
ENSG00000161956_SENP3,10.42733429,mid
ENSG00000213619_NDUFS3,10.42690773,mid
ENSG00000157741_UBN2,10.4267848,mid
ENSG00000168807_SNTB2,10.42612458,mid
ENSG00000116649_SRM,10.42602247,mid
ENSG00000266094_RASSF5,10.42583075,mid
ENSG00000136944_LMX1B,10.42582933,mid
ENSG00000124702_KLHDC3,10.42581753,mid
ENSG00000102931_ARL2BP,10.42552181,mid
ENSG00000112658_SRF,10.42487886,mid
ENSG00000010818_HIVEP2,10.4244811,mid
ENSG00000146535_GNA12,10.42421367,mid
ENSG00000126804_ZBTB1,10.42393924,mid
ENSG00000204138_PHACTR4,10.42366551,mid
ENSG00000165689_ENTR1,10.42320128,mid
ENSG00000089685_BIRC5,10.42307103,mid
ENSG00000144118_RALB,10.42293011,mid
ENSG00000146083_RNF44,10.42237141,mid
ENSG00000125726_CD70,10.42222391,mid
ENSG00000132780_NASP,10.42187765,mid
ENSG00000138640_FAM13A,10.42134093,mid
ENSG00000066422_ZBTB11,10.42127988,mid
ENSG00000103365_GGA2,10.42102724,mid
ENSG00000206418_RAB12,10.42011927,mid
ENSG00000162298_SYVN1,10.41999199,mid
ENSG00000104164_BLOC1S6,10.41990622,mid
ENSG00000198373_WWP2,10.41915651,mid
ENSG00000125445_MRPS7,10.41884408,mid
ENSG00000117318_ID3,10.41826253,mid
ENSG00000141198_TOM1L1,10.41716518,mid
ENSG00000137393_RNF144B,10.41689612,mid
ENSG00000134954_ETS1,10.41648922,mid
ENSG00000156709_AIFM1,10.41611861,mid
ENSG00000136754_ABI1,10.41585725,mid
ENSG00000186111_PIP5K1C,10.41499765,mid
ENSG00000127511_SIN3B,10.41460727,mid
ENSG00000100883_SRP54,10.4144176,mid
ENSG00000048140_TSPAN17,10.41421956,mid
ENSG00000166833_NAV2,10.41406765,mid
ENSG00000135127_BICDL1,10.41309975,mid
ENSG00000067066_SP100,10.4129026,mid
ENSG00000104267_CA2,10.41256224,mid
ENSG00000214944_ARHGEF28,10.41216158,mid
ENSG00000033867_SLC4A7,10.41202084,mid
ENSG00000134444_RELCH,10.41103776,mid
ENSG00000182004_SNRPE,10.41083401,mid
ENSG00000166333_ILK,10.41021916,mid
ENSG00000168487_BMP1,10.41018853,mid
ENSG00000158435_CNOT11,10.40951399,mid
ENSG00000148158_SNX30,10.40938178,mid
ENSG00000105058_FAM32A,10.40879465,mid
ENSG00000104885_DOT1L,10.40835116,mid
ENSG00000074356_NCBP3,10.40747605,mid
ENSG00000119950_MXI1,10.40746037,mid
ENSG00000182957_SPATA13,10.40738185,mid
ENSG00000134602_STK26,10.40724842,mid
ENSG00000071051_NCK2,10.4070405,mid
ENSG00000088179_PTPN4,10.4056153,mid
ENSG00000042753_AP2S1,10.40559984,mid
ENSG00000167114_SLC27A4,10.40533854,mid
ENSG00000049283_EPN3,10.40456341,mid
ENSG00000163950_SLBP,10.40361715,mid
ENSG00000146425_DYNLT1,10.4036153,mid
ENSG00000114796_KLHL24,10.40359005,mid
ENSG00000114021_NIT2,10.40356008,mid
ENSG00000213699_SLC35F6,10.40273919,mid
ENSG00000163754_GYG1,10.40247327,mid
ENSG00000113368_LMNB1,10.40203587,mid
ENSG00000106554_CHCHD3,10.40197486,mid
ENSG00000170088_TMEM192,10.40196791,mid
ENSG00000166821_PEX11A,10.40196602,mid
ENSG00000132313_MRPL35,10.40168541,mid
ENSG00000005156_LIG3,10.4016719,mid
ENSG00000089060_SLC8B1,10.4015835,mid
ENSG00000198742_SMURF1,10.40140408,mid
ENSG00000179918_SEPHS2,10.4013617,mid
ENSG00000134825_TMEM258,10.4010782,mid
ENSG00000281398_SNHG4,10.40016349,mid
ENSG00000140829_DHX38,10.39894257,mid
ENSG00000188486_H2AFX,10.39888717,mid
ENSG00000072736_NFATC3,10.398518,mid
ENSG00000128609_NDUFA5,10.39829486,mid
ENSG00000176058_TPRN,10.39829479,mid
ENSG00000169047_IRS1,10.39817972,mid
ENSG00000116977_LGALS8,10.39772525,mid
ENSG00000141030_COPS3,10.39762145,mid
ENSG00000159314_ARHGAP27,10.39711876,mid
ENSG00000104290_FZD3,10.3967768,mid
ENSG00000167112_TRUB2,10.39447452,mid
ENSG00000170677_SOCS6,10.39381618,mid
ENSG00000205765_C5orf51,10.39350163,mid
ENSG00000100938_GMPR2,10.39298275,mid
ENSG00000198315_ZKSCAN8,10.39289836,mid
ENSG00000173334_TRIB1,10.39243114,mid
ENSG00000131435_PDLIM4,10.39236343,mid
ENSG00000178567_EPM2AIP1,10.39194825,mid
ENSG00000125901_MRPS26,10.3904398,mid
ENSG00000125827_TMX4,10.39018337,mid
ENSG00000274523_RCC1L,10.38952076,mid
ENSG00000135966_TGFBRAP1,10.3891293,mid
ENSG00000196396_PTPN1,10.38776323,mid
ENSG00000153786_ZDHHC7,10.38717015,mid
ENSG00000172954_LCLAT1,10.38716274,mid
ENSG00000111331_OAS3,10.38692516,mid
ENSG00000124562_SNRPC,10.38568003,mid
ENSG00000159674_SPON2,10.38554674,mid
ENSG00000063601_MTMR1,10.38542945,mid
ENSG00000188636_RTL6,10.38541637,mid
ENSG00000140022_STON2,10.38538505,mid
ENSG00000100065_CARD10,10.38508526,mid
ENSG00000162924_REL,10.38503673,mid
ENSG00000137819_PAQR5,10.3839425,mid
ENSG00000143545_RAB13,10.3832808,mid
ENSG00000137509_PRCP,10.38291508,mid
ENSG00000168118_RAB4A,10.38283967,mid
ENSG00000169057_MECP2,10.38133858,mid
ENSG00000167632_TRAPPC9,10.38111312,mid
ENSG00000119820_YIPF4,10.38106665,mid
ENSG00000160959_LRRC14,10.3804679,mid
ENSG00000112234_FBXL4,10.38037819,mid
ENSG00000153815_CMIP,10.38013482,mid
ENSG00000133789_SWAP70,10.37989394,mid
ENSG00000175224_ATG13,10.3787038,mid
ENSG00000166716_ZNF592,10.37835884,mid
ENSG00000157593_SLC35B2,10.37813814,mid
ENSG00000061273_HDAC7,10.37809078,mid
ENSG00000178605_GTPBP6,10.37779344,mid
ENSG00000087263_OGFOD1,10.37733366,mid
ENSG00000129968_ABHD17A,10.37730871,mid
ENSG00000114126_TFDP2,10.37672201,mid
ENSG00000143398_PIP5K1A,10.37659921,mid
ENSG00000119616_FCF1,10.37537715,mid
ENSG00000141644_MBD1,10.37531485,mid
ENSG00000206538_VGLL3,10.37407565,mid
ENSG00000183010_PYCR1,10.37343118,mid
ENSG00000074410_CA12,10.37292018,mid
ENSG00000104765_BNIP3L,10.37269178,mid
ENSG00000129636_ITFG1,10.37199162,mid
ENSG00000169692_AGPAT2,10.37168715,mid
ENSG00000161057_PSMC2,10.37095824,mid
ENSG00000104231_ZFAND1,10.3705747,mid
ENSG00000108061_SHOC2,10.36983534,mid
ENSG00000168575_SLC20A2,10.36979171,mid
ENSG00000134824_FADS2,10.36967824,mid
ENSG00000113430_IRX4,10.36951167,mid
ENSG00000117115_PADI2,10.36927882,mid
ENSG00000164253_WDR41,10.36907234,mid
ENSG00000130724_CHMP2A,10.36907102,mid
ENSG00000078902_TOLLIP,10.36752241,mid
ENSG00000124006_OBSL1,10.36751401,mid
ENSG00000146414_SHPRH,10.3674041,mid
ENSG00000013275_PSMC4,10.36730842,mid
ENSG00000164252_AGGF1,10.36722236,mid
ENSG00000100359_SGSM3,10.36720988,mid
ENSG00000205250_E2F4,10.36702122,mid
ENSG00000137714_FDX1,10.36660539,mid
ENSG00000117525_F3,10.36643151,mid
ENSG00000099795_NDUFB7,10.36640777,mid
ENSG00000162601_MYSM1,10.36562618,mid
ENSG00000162959_MEMO1,10.36550219,mid
ENSG00000144848_ATG3,10.36467193,mid
ENSG00000135631_RAB11FIP5,10.36455207,mid
ENSG00000080822_CLDND1,10.3640534,mid
ENSG00000141076_UTP4,10.36402373,mid
ENSG00000103356_EARS2,10.3640212,mid
ENSG00000143319_ISG20L2,10.36350431,mid
ENSG00000120837_NFYB,10.36312729,mid
ENSG00000136271_DDX56,10.36288473,mid
ENSG00000140694_PARN,10.3618043,mid
ENSG00000118260_CREB1,10.36178786,mid
ENSG00000130810_PPAN,10.36172329,mid
ENSG00000213782_DDX47,10.36150432,mid
ENSG00000125870_SNRPB2,10.36127677,mid
ENSG00000151806_GUF1,10.35992285,mid
ENSG00000134452_FBH1,10.35888865,mid
ENSG00000185238_PRMT3,10.35882441,mid
ENSG00000197217_ENTPD4,10.35839728,mid
ENSG00000166946_CCNDBP1,10.35769807,mid
ENSG00000177951_BET1L,10.35761377,mid
ENSG00000130733_YIPF2,10.35742044,mid
ENSG00000197061_HIST1H4C,10.35714238,mid
ENSG00000162191_UBXN1,10.35681669,mid
ENSG00000136888_ATP6V1G1,10.3565987,mid
ENSG00000115942_ORC2,10.35623624,mid
ENSG00000110906_KCTD10,10.35611466,mid
ENSG00000164615_CAMLG,10.35555387,mid
ENSG00000151148_UBE3B,10.35535402,mid
ENSG00000163050_COQ8A,10.35487417,mid
ENSG00000008838_MED24,10.35474783,mid
ENSG00000198198_SZT2,10.35459932,mid
ENSG00000078269_SYNJ2,10.35433331,mid
ENSG00000198042_MAK16,10.35386627,mid
ENSG00000178988_MRFAP1L1,10.35248805,mid
ENSG00000119844_AFTPH,10.35243913,mid
ENSG00000183354_KIAA2026,10.35183131,mid
ENSG00000176834_VSIG10,10.35116744,mid
ENSG00000166889_PATL1,10.35080111,mid
ENSG00000085117_CD82,10.35022284,mid
ENSG00000164825_DEFB1,10.34884026,mid
ENSG00000115756_HPCAL1,10.34882043,mid
ENSG00000083099_LYRM2,10.34873819,mid
ENSG00000164080_RAD54L2,10.34856414,mid
ENSG00000114491_UMPS,10.3479223,mid
ENSG00000147996_CBWD5,10.3476776,mid
ENSG00000134049_IER3IP1,10.34602222,mid
ENSG00000143575_HAX1,10.34588498,mid
ENSG00000163590_PPM1L,10.3449163,mid
ENSG00000140320_BAHD1,10.34439077,mid
ENSG00000114993_RTKN,10.34405691,mid
ENSG00000135341_MAP3K7,10.34383711,mid
ENSG00000143368_SF3B4,10.34356443,mid
ENSG00000076924_XAB2,10.34270817,mid
ENSG00000123992_DNPEP,10.34228782,mid
ENSG00000105722_ERF,10.3412752,mid
ENSG00000101654_RNMT,10.34045805,mid
ENSG00000164830_OXR1,10.33962141,mid
ENSG00000100580_TMED8,10.33953316,mid
ENSG00000137713_PPP2R1B,10.33876797,mid
ENSG00000138074_SLC5A6,10.3382698,mid
ENSG00000109854_HTATIP2,10.33795698,mid
ENSG00000113758_DBN1,10.33793292,mid
ENSG00000116830_TTF2,10.33785929,mid
ENSG00000129474_AJUBA,10.33751829,mid
ENSG00000100442_FKBP3,10.33736368,mid
ENSG00000140941_MAP1LC3B,10.33670089,mid
ENSG00000186522_SEPTIN10,10.33669367,mid
ENSG00000090989_EXOC1,10.33659004,mid
ENSG00000136875_PRPF4,10.33648936,mid
ENSG00000090006_LTBP4,10.33628968,mid
ENSG00000143222_UFC1,10.33624671,mid
ENSG00000115977_AAK1,10.33612031,mid
ENSG00000072134_EPN2,10.3346709,mid
ENSG00000138381_ASNSD1,10.33466859,mid
ENSG00000082258_CCNT2,10.33354735,mid
ENSG00000047365_ARAP2,10.33331437,mid
ENSG00000139372_TDG,10.33287141,mid
ENSG00000172172_MRPL13,10.33250706,mid
ENSG00000164211_STARD4,10.33233,mid
ENSG00000169217_CD2BP2,10.33206523,mid
ENSG00000154059_IMPACT,10.33184261,mid
ENSG00000185813_PCYT2,10.33182919,mid
ENSG00000154978_VOPP1,10.33118037,mid
ENSG00000149357_LAMTOR1,10.33089165,mid
ENSG00000126070_AGO3,10.33087742,mid
ENSG00000066135_KDM4A,10.33070875,mid
ENSG00000138193_PLCE1,10.33060835,mid
ENSG00000147364_FBXO25,10.33045125,mid
ENSG00000136451_VEZF1,10.32980066,mid
ENSG00000134453_RBM17,10.32971434,mid
ENSG00000167930_FAM234A,10.3276398,mid
ENSG00000167110_GOLGA2,10.32753715,mid
ENSG00000180667_YOD1,10.3274968,mid
ENSG00000215252_GOLGA8B,10.327251,mid
ENSG00000167861_HID1,10.32706216,mid
ENSG00000116580_GON4L,10.32686265,mid
ENSG00000117118_SDHB,10.32659563,mid
ENSG00000096070_BRPF3,10.32543587,mid
ENSG00000177169_ULK1,10.32434964,mid
ENSG00000183684_ALYREF,10.32428413,mid
ENSG00000103550_KNOP1,10.32410446,mid
ENSG00000168300_PCMTD1,10.32365535,mid
ENSG00000138696_BMPR1B,10.32352633,mid
ENSG00000147854_UHRF2,10.32328319,mid
ENSG00000166228_PCBD1,10.32305387,mid
ENSG00000176720_BOK,10.32295468,mid
ENSG00000018408_WWTR1,10.3209098,mid
ENSG00000171766_GATM,10.32078328,mid
ENSG00000149499_EML3,10.3204005,mid
ENSG00000076984_MAP2K7,10.32037169,mid
ENSG00000142627_EPHA2,10.32022533,mid
ENSG00000102178_UBL4A,10.32003103,mid
ENSG00000157933_SKI,10.31916406,mid
ENSG00000135597_REPS1,10.31893518,mid
ENSG00000175455_CCDC14,10.31882219,mid
ENSG00000177830_CHID1,10.31812577,mid
ENSG00000142669_SH3BGRL3,10.3180584,mid
ENSG00000068745_IP6K2,10.31754383,mid
ENSG00000125656_CLPP,10.31747483,mid
ENSG00000078061_ARAF,10.31746298,mid
ENSG00000137312_FLOT1,10.31672908,mid
ENSG00000109790_KLHL5,10.31556075,mid
ENSG00000145494_NDUFS6,10.31509227,mid
ENSG00000185619_PCGF3,10.31502047,mid
ENSG00000119280_C1orf198,10.31475286,mid
ENSG00000243317_STMP1,10.31429311,mid
ENSG00000083097_DOP1A,10.31396882,mid
ENSG00000141934_PLPP2,10.31378076,mid
ENSG00000116473_RAP1A,10.31369875,mid
ENSG00000101447_FAM83D,10.31279674,mid
ENSG00000168936_TMEM129,10.31250606,mid
ENSG00000054267_ARID4B,10.31243926,mid
ENSG00000106992_AK1,10.31219038,mid
ENSG00000121957_GPSM2,10.31207877,mid
ENSG00000070159_PTPN3,10.31136183,mid
ENSG00000086200_IPO11,10.31120084,mid
ENSG00000126858_RHOT1,10.31085173,mid
ENSG00000161904_LEMD2,10.31072126,mid
ENSG00000148606_POLR3A,10.31056077,mid
ENSG00000003249_DBNDD1,10.31048639,mid
ENSG00000129925_TMEM8A,10.31020928,mid
ENSG00000146833_TRIM4,10.30916161,mid
ENSG00000160888_IER2,10.30901262,mid
ENSG00000119203_CPSF3,10.30872218,mid
ENSG00000156735_BAG4,10.30845205,mid
ENSG00000119321_FKBP15,10.30754858,mid
ENSG00000134709_HOOK1,10.30714063,mid
ENSG00000162129_CLPB,10.30664722,mid
ENSG00000125775_SDCBP2,10.30656206,mid
ENSG00000140718_FTO,10.30554812,mid
ENSG00000154124_OTULIN,10.30518838,mid
ENSG00000144824_PHLDB2,10.30506095,mid
ENSG00000052723_SIKE1,10.30486825,mid
ENSG00000187239_FNBP1,10.3048008,mid
ENSG00000106537_TSPAN13,10.30470993,mid
ENSG00000169715_MT1E,10.30397018,mid
ENSG00000182022_CHST15,10.30385761,mid
ENSG00000102921_N4BP1,10.30354853,mid
ENSG00000148296_SURF6,10.30348084,mid
ENSG00000129514_FOXA1,10.30335576,mid
ENSG00000073712_FERMT2,10.30290658,mid
ENSG00000111276_CDKN1B,10.30235066,mid
ENSG00000105612_DNASE2,10.30233282,mid
ENSG00000106683_LIMK1,10.30216032,mid
ENSG00000138759_FRAS1,10.30203568,mid
ENSG00000247828_TMEM161B-AS1,10.302029,mid
ENSG00000090266_NDUFB2,10.3015255,mid
ENSG00000172775_FAM192A,10.301056,mid
ENSG00000198826_ARHGAP11A,10.30105375,mid
ENSG00000137804_NUSAP1,10.30100078,mid
ENSG00000065357_DGKA,10.30088486,mid
ENSG00000157992_KRTCAP3,10.30006983,mid
ENSG00000185630_PBX1,10.29963121,mid
ENSG00000140688_C16orf58,10.29954866,mid
ENSG00000137055_PLAA,10.29942278,mid
ENSG00000130703_OSBPL2,10.29885187,mid
ENSG00000273983_HIST1H3G,10.29856673,mid
ENSG00000138709_LARP1B,10.29816901,mid
ENSG00000162928_PEX13,10.29776159,mid
ENSG00000143155_TIPRL,10.29751998,mid
ENSG00000119471_HSDL2,10.29704633,mid
ENSG00000183111_ARHGEF37,10.29662983,mid
ENSG00000184828_ZBTB7C,10.29643755,mid
ENSG00000124228_DDX27,10.29562542,mid
ENSG00000148154_UGCG,10.29556113,mid
ENSG00000066926_FECH,10.29534102,mid
ENSG00000203880_PCMTD2,10.29529841,mid
ENSG00000100221_JOSD1,10.29477483,mid
ENSG00000157110_RBPMS,10.29465788,mid
ENSG00000121390_PSPC1,10.29384443,mid
ENSG00000136868_SLC31A1,10.29383566,mid
ENSG00000127804_METTL16,10.29330647,mid
ENSG00000271447_MMP28,10.29290678,mid
ENSG00000163374_YY1AP1,10.29281214,mid
ENSG00000159199_ATP5MC1,10.29273485,mid
ENSG00000181915_ADO,10.2926299,mid
ENSG00000124222_STX16,10.29222532,mid
ENSG00000176102_CSTF3,10.29203851,mid
ENSG00000163608_NEPRO,10.2919346,mid
ENSG00000141664_ZCCHC2,10.29124871,mid
ENSG00000103502_CDIPT,10.29068051,mid
ENSG00000147133_TAF1,10.29064587,mid
ENSG00000153179_RASSF3,10.29042218,mid
ENSG00000125520_SLC2A4RG,10.29039811,mid
ENSG00000166925_TSC22D4,10.28991869,mid
ENSG00000067177_PHKA1,10.28975968,mid
ENSG00000168724_DNAJC21,10.28921741,mid
ENSG00000115548_KDM3A,10.28890015,mid
ENSG00000108094_CUL2,10.28698426,mid
ENSG00000189339_SLC35E2B,10.28694633,mid
ENSG00000115761_NOL10,10.28606772,mid
ENSG00000140400_MAN2C1,10.28579477,mid
ENSG00000107779_BMPR1A,10.2855313,mid
ENSG00000171466_ZNF562,10.28524862,mid
ENSG00000051382_PIK3CB,10.2847248,mid
ENSG00000166503_HDGFL3,10.2846169,mid
ENSG00000166337_TAF10,10.28425761,mid
ENSG00000138443_ABI2,10.28384198,mid
ENSG00000239305_RNF103,10.28373658,mid
ENSG00000035681_NSMAF,10.28362507,mid
ENSG00000011451_WIZ,10.2835651,mid
ENSG00000197563_PIGN,10.28354849,mid
ENSG00000105700_KXD1,10.28349904,mid
ENSG00000006715_VPS41,10.28273167,mid
ENSG00000115685_PPP1R7,10.28231795,mid
ENSG00000081791_DELE1,10.28186811,mid
ENSG00000134717_BTF3L4,10.28138213,mid
ENSG00000185104_FAF1,10.28117591,mid
ENSG00000136689_IL1RN,10.28072411,mid
ENSG00000168477_TNXB,10.27974557,mid
ENSG00000145604_SKP2,10.27942176,mid
ENSG00000133401_PDZD2,10.27838211,mid
ENSG00000011376_LARS2,10.27824873,mid
ENSG00000174106_LEMD3,10.27780364,mid
ENSG00000174307_PHLDA3,10.2777232,mid
ENSG00000132164_SLC6A11,10.27689991,mid
ENSG00000135272_MDFIC,10.27643914,mid
ENSG00000160310_PRMT2,10.2764223,mid
ENSG00000164305_CASP3,10.27504113,mid
ENSG00000063978_RNF4,10.27480816,mid
ENSG00000184634_MED12,10.27474497,mid
ENSG00000113742_CPEB4,10.27420668,mid
ENSG00000129255_MPDU1,10.27417925,mid
ENSG00000087111_PIGS,10.2741213,mid
ENSG00000166949_SMAD3,10.27316963,mid
ENSG00000158161_EYA3,10.27293906,mid
ENSG00000152242_C18orf25,10.27274447,mid
ENSG00000116906_GNPAT,10.27261939,mid
ENSG00000132694_ARHGEF11,10.27067862,mid
ENSG00000151553_FAM160B1,10.27007443,mid
ENSG00000217128_FNIP1,10.26989349,mid
ENSG00000101911_PRPS2,10.26979547,mid
ENSG00000257594_GALNT4,10.26969947,mid
ENSG00000068489_PRR11,10.2694522,mid
ENSG00000173757_STAT5B,10.26923491,mid
ENSG00000105357_MYH14,10.26923379,mid
ENSG00000107625_DDX50,10.26885268,mid
ENSG00000205302_SNX2,10.26817902,mid
ENSG00000060491_OGFR,10.26787933,mid
ENSG00000152520_PAN3,10.26766517,mid
ENSG00000179152_TCAIM,10.26718235,mid
ENSG00000182552_RWDD4,10.26641742,mid
ENSG00000064687_ABCA7,10.26612199,mid
ENSG00000179041_RRS1,10.26601018,mid
ENSG00000137411_VARS2,10.26587716,mid
ENSG00000135823_STX6,10.26499423,mid
ENSG00000170322_NFRKB,10.26471822,mid
ENSG00000214655_ZSWIM8,10.26470588,mid
ENSG00000031823_RANBP3,10.26329692,mid
ENSG00000118418_HMGN3,10.26186023,mid
ENSG00000163382_NAXE,10.26181596,mid
ENSG00000170581_STAT2,10.26144151,mid
ENSG00000154723_ATP5PF,10.26107781,mid
ENSG00000131408_NR1H2,10.26061966,mid
ENSG00000108406_DHX40,10.26026472,mid
ENSG00000157107_FCHO2,10.25983532,mid
ENSG00000188243_COMMD6,10.25975097,mid
ENSG00000106012_IQCE,10.25968958,mid
ENSG00000143375_CGN,10.2584424,mid
ENSG00000177663_IL17RA,10.25840434,mid
ENSG00000135040_NAA35,10.2581358,mid
ENSG00000141258_SGSM2,10.25812947,mid
ENSG00000008300_CELSR3,10.25801903,mid
ENSG00000164109_MAD2L1,10.25784106,mid
ENSG00000100926_TM9SF1,10.25734094,mid
ENSG00000173456_RNF26,10.25650512,mid
ENSG00000139990_DCAF5,10.25647617,mid
ENSG00000137871_ZNF280D,10.25614417,mid
ENSG00000111581_NUP107,10.25613689,mid
ENSG00000070882_OSBPL3,10.25513513,mid
ENSG00000185000_DGAT1,10.25503828,mid
ENSG00000131375_CAPN7,10.25442864,mid
ENSG00000128973_CLN6,10.25438039,mid
ENSG00000161921_CXCL16,10.25384678,mid
ENSG00000117479_SLC19A2,10.25327069,mid
ENSG00000188342_GTF2F2,10.25308008,mid
ENSG00000168538_TRAPPC11,10.25279037,mid
ENSG00000170265_ZNF282,10.25180188,mid
ENSG00000166801_FAM111A,10.25171535,mid
ENSG00000160058_BSDC1,10.25143975,mid
ENSG00000163644_PPM1K,10.25100329,mid
ENSG00000107951_MTPAP,10.25077279,mid
ENSG00000270629_NBPF14,10.25063384,mid
ENSG00000149182_ARFGAP2,10.25041853,mid
ENSG00000144231_POLR2D,10.24966928,mid
ENSG00000092108_SCFD1,10.24953607,mid
ENSG00000197555_SIPA1L1,10.2491334,mid
ENSG00000111361_EIF2B1,10.24859355,mid
ENSG00000129219_PLD2,10.2485133,mid
ENSG00000175931_UBE2O,10.24828826,mid
ENSG00000146373_RNF217,10.24772687,mid
ENSG00000148841_ITPRIP,10.24752898,mid
ENSG00000126254_RBM42,10.24655119,mid
ENSG00000048405_ZNF800,10.24634306,mid
ENSG00000163082_SGPP2,10.24591367,mid
ENSG00000185721_DRG1,10.24568973,mid
ENSG00000088836_SLC4A11,10.24568887,mid
ENSG00000136518_ACTL6A,10.24543194,mid
ENSG00000218336_TENM3,10.24508433,mid
ENSG00000112984_KIF20A,10.24419281,mid
ENSG00000105186_ANKRD27,10.24380927,mid
ENSG00000162664_ZNF326,10.24347858,mid
ENSG00000266338_NBPF15,10.24325342,mid
ENSG00000249859_PVT1,10.24319579,mid
ENSG00000170921_TANC2,10.24279971,mid
ENSG00000198399_ITSN2,10.24237421,mid
ENSG00000100983_GSS,10.24201075,mid
ENSG00000151503_NCAPD3,10.24143032,mid
ENSG00000166037_CEP57,10.24125486,mid
ENSG00000162714_ZNF496,10.24118313,mid
ENSG00000109189_USP46,10.24061501,mid
ENSG00000104442_ARMC1,10.24059633,mid
ENSG00000010165_EEF1AKNMT,10.23978835,mid
ENSG00000248098_BCKDHA,10.23967815,mid
ENSG00000165699_TSC1,10.23920879,mid
ENSG00000177706_FAM20C,10.2386498,mid
ENSG00000086189_DIMT1,10.23859455,mid
ENSG00000128626_MRPS12,10.23821823,mid
ENSG00000117602_RCAN3,10.23805407,mid
ENSG00000157764_BRAF,10.23788014,mid
ENSG00000173559_NABP1,10.23768044,mid
ENSG00000090776_EFNB1,10.23738063,mid
ENSG00000012822_CALCOCO1,10.23735457,mid
ENSG00000148429_USP6NL,10.23726145,mid
ENSG00000102606_ARHGEF7,10.23714092,mid
ENSG00000198356_GET3,10.23687555,mid
ENSG00000172175_MALT1,10.23686456,mid
ENSG00000153006_SREK1IP1,10.23626509,mid
ENSG00000140650_PMM2,10.2357027,mid
ENSG00000214253_FIS1,10.23508162,mid
ENSG00000135047_CTSL,10.2346823,mid
ENSG00000174738_NR1D2,10.23461556,mid
ENSG00000167196_FBXO22,10.23406954,mid
ENSG00000117593_DARS2,10.23372155,mid
ENSG00000172785_CBWD1,10.23248862,mid
ENSG00000113269_RNF130,10.23238778,mid
ENSG00000084112_SSH1,10.23178147,mid
ENSG00000170312_CDK1,10.23137678,mid
ENSG00000146007_ZMAT2,10.23132945,mid
ENSG00000106591_MRPL32,10.23106771,mid
ENSG00000108559_NUP88,10.23065475,mid
ENSG00000163161_ERCC3,10.23005025,mid
ENSG00000156304_SCAF4,10.23004915,mid
ENSG00000109184_DCUN1D4,10.22969209,mid
ENSG00000124275_MTRR,10.22944061,mid
ENSG00000154122_ANKH,10.22925365,mid
ENSG00000158987_RAPGEF6,10.22878283,mid
ENSG00000183889_AC138969.1,10.22848429,mid
ENSG00000150457_LATS2,10.22845057,mid
ENSG00000215114_UBXN2B,10.22814392,mid
ENSG00000100612_DHRS7,10.22813583,mid
ENSG00000135070_ISCA1,10.22725138,mid
ENSG00000131669_NINJ1,10.22692786,mid
ENSG00000105397_TYK2,10.22664547,mid
ENSG00000175895_PLEKHF2,10.22643071,mid
ENSG00000165102_HGSNAT,10.22619487,mid
ENSG00000171135_JAGN1,10.22580281,mid
ENSG00000029993_HMGB3,10.22521203,mid
ENSG00000137414_FAM8A1,10.22428307,mid
ENSG00000101220_C20orf27,10.22418482,mid
ENSG00000104728_ARHGEF10,10.22415612,mid
ENSG00000050748_MAPK9,10.22397717,mid
ENSG00000184983_NDUFA6,10.22337508,mid
ENSG00000123975_CKS2,10.22323752,mid
ENSG00000204356_NELFE,10.22323436,mid
ENSG00000100425_BRD1,10.22254734,mid
ENSG00000061936_SFSWAP,10.22207003,mid
ENSG00000179526_SHARPIN,10.21957289,mid
ENSG00000125633_CCDC93,10.21946657,mid
ENSG00000152944_MED21,10.21924472,mid
ENSG00000126821_SGPP1,10.21866594,mid
ENSG00000107819_SFXN3,10.21847442,mid
ENSG00000204304_PBX2,10.21746044,mid
ENSG00000068796_KIF2A,10.21707131,mid
ENSG00000130158_DOCK6,10.21663155,mid
ENSG00000114125_RNF7,10.21659232,mid
ENSG00000112640_PPP2R5D,10.21632291,mid
ENSG00000158246_TENT5B,10.2159165,mid
ENSG00000169738_DCXR,10.21563119,mid
ENSG00000179958_DCTPP1,10.21544054,mid
ENSG00000127334_DYRK2,10.21527988,mid
ENSG00000111962_UST,10.21514971,mid
ENSG00000110066_KMT5B,10.21514694,mid
ENSG00000171105_INSR,10.21504149,mid
ENSG00000116584_ARHGEF2,10.214405,mid
ENSG00000011275_RNF216,10.21392611,mid
ENSG00000021826_CPS1,10.21314229,mid
ENSG00000117862_TXNDC12,10.21177376,mid
ENSG00000140382_HMG20A,10.21160338,mid
ENSG00000100325_ASCC2,10.21119238,mid
ENSG00000204634_TBC1D8,10.20973613,mid
ENSG00000197498_RPF2,10.20960135,mid
ENSG00000066117_SMARCD1,10.20938852,mid
ENSG00000004799_PDK4,10.20916789,mid
ENSG00000104365_IKBKB,10.20887851,mid
ENSG00000155034_FBXL18,10.20887302,mid
ENSG00000010017_RANBP9,10.20820302,mid
ENSG00000105325_FZR1,10.2080173,mid
ENSG00000122484_RPAP2,10.20753786,mid
ENSG00000146834_MEPCE,10.20728788,mid
ENSG00000113845_TIMMDC1,10.20700874,mid
ENSG00000165912_PACSIN3,10.20675669,mid
ENSG00000156162_DPY19L4,10.20655705,mid
ENSG00000105856_HBP1,10.20653626,mid
ENSG00000170832_USP32,10.20648883,mid
ENSG00000101138_CSTF1,10.20619612,mid
ENSG00000100485_SOS2,10.20581844,mid
ENSG00000065268_WDR18,10.20579882,mid
ENSG00000106799_TGFBR1,10.20577865,mid
ENSG00000169221_TBC1D10B,10.20568982,mid
ENSG00000075856_SART3,10.20525654,mid
ENSG00000122591_FAM126A,10.20524075,mid
ENSG00000214026_MRPL23,10.20486072,mid
ENSG00000197565_COL4A6,10.20481538,mid
ENSG00000116455_WDR77,10.20480971,mid
ENSG00000183808_RBM12B,10.20410805,mid
ENSG00000087088_BAX,10.20381766,mid
ENSG00000103043_VAC14,10.20379929,mid
ENSG00000169118_CSNK1G1,10.20305699,mid
ENSG00000166987_MBD6,10.20284845,mid
ENSG00000120253_NUP43,10.20283845,mid
ENSG00000089094_KDM2B,10.2028278,mid
ENSG00000133422_MORC2,10.20277428,mid
ENSG00000105583_WDR83OS,10.20267951,mid
ENSG00000041802_LSG1,10.20257327,mid
ENSG00000138660_AP1AR,10.20220367,mid
ENSG00000196547_MAN2A2,10.20210322,mid
ENSG00000137770_CTDSPL2,10.20182514,mid
ENSG00000006432_MAP3K9,10.20180144,mid
ENSG00000128311_TST,10.20162687,mid
ENSG00000196704_AMZ2,10.2014849,mid
ENSG00000116096_SPR,10.20144546,mid
ENSG00000131778_CHD1L,10.20123865,mid
ENSG00000183955_KMT5A,10.20007131,mid
ENSG00000146872_TLK2,10.20003211,mid
ENSG00000181704_YIPF6,10.19933423,mid
ENSG00000269858_EGLN2,10.19867788,mid
ENSG00000110429_FBXO3,10.19737757,mid
ENSG00000070423_RNF126,10.19717968,mid
ENSG00000102870_ZNF629,10.19668633,mid
ENSG00000085998_POMGNT1,10.19652842,mid
ENSG00000138778_CENPE,10.19630257,mid
ENSG00000104880_ARHGEF18,10.19597189,mid
ENSG00000163961_RNF168,10.19590059,mid
ENSG00000108788_MLX,10.19447016,mid
ENSG00000132024_CC2D1A,10.19421825,mid
ENSG00000124333_VAMP7,10.19413344,mid
ENSG00000155363_MOV10,10.19410691,mid
ENSG00000008853_RHOBTB2,10.1940835,mid
ENSG00000081913_PHLPP1,10.19390466,mid
ENSG00000135976_ANKRD36,10.19271433,mid
ENSG00000181610_MRPS23,10.19254286,mid
ENSG00000218739_CEBPZOS,10.19209075,mid
ENSG00000120708_TGFBI,10.19205813,mid
ENSG00000132768_DPH2,10.19193812,mid
ENSG00000110400_NECTIN1,10.19158914,mid
ENSG00000025772_TOMM34,10.19132086,mid
ENSG00000198858_R3HDM4,10.19088965,mid
ENSG00000109654_TRIM2,10.19083796,mid
ENSG00000164611_PTTG1,10.19050731,mid
ENSG00000122512_PMS2,10.1895061,mid
ENSG00000106400_ZNHIT1,10.18794142,mid
ENSG00000139629_GALNT6,10.18776809,mid
ENSG00000185246_PRPF39,10.18587529,mid
ENSG00000165813_CCDC186,10.18547569,mid
ENSG00000135723_FHOD1,10.1853724,mid
ENSG00000128059_PPAT,10.18516984,mid
ENSG00000214530_STARD10,10.18502806,mid
ENSG00000008130_NADK,10.18491755,mid
ENSG00000128789_PSMG2,10.18486673,mid
ENSG00000198252_STYX,10.18450596,mid
ENSG00000164329_TENT2,10.18305483,mid
ENSG00000162302_RPS6KA4,10.18236368,mid
ENSG00000160271_RALGDS,10.18226744,mid
ENSG00000172840_PDP2,10.18176048,mid
ENSG00000105676_ARMC6,10.18175402,mid
ENSG00000119977_TCTN3,10.18068378,mid
ENSG00000006327_TNFRSF12A,10.18045084,mid
ENSG00000104979_C19orf53,10.17987714,mid
ENSG00000068912_ERLEC1,10.17968434,mid
ENSG00000204839_MROH6,10.17963116,mid
ENSG00000130589_HELZ2,10.17946655,mid
ENSG00000090520_DNAJB11,10.17935939,mid
ENSG00000112146_FBXO9,10.17897869,mid
ENSG00000237441_RGL2,10.17709664,mid
ENSG00000116918_TSNAX,10.17651563,mid
ENSG00000213380_COG8,10.17634664,mid
ENSG00000108651_UTP6,10.17503426,mid
ENSG00000162496_DHRS3,10.17450689,mid
ENSG00000198171_DDRGK1,10.17412726,mid
ENSG00000138685_FGF2,10.17408697,mid
ENSG00000107099_DOCK8,10.17344152,mid
ENSG00000105849_TWISTNB,10.17327029,mid
ENSG00000187778_MCRS1,10.17311715,mid
ENSG00000120053_GOT1,10.17308381,mid
ENSG00000099940_SNAP29,10.17263577,mid
ENSG00000129235_TXNDC17,10.17227402,mid
ENSG00000121879_PIK3CA,10.17195748,mid
ENSG00000187498_COL4A1,10.17175107,mid
ENSG00000197724_PHF2,10.17173414,mid
ENSG00000135900_MRPL44,10.17171693,mid
ENSG00000183520_UTP11,10.17141343,mid
ENSG00000102241_HTATSF1,10.17131606,mid
ENSG00000128463_EMC4,10.17123384,mid
ENSG00000225921_NOL7,10.17119734,mid
ENSG00000167656_LY6D,10.17056221,mid
ENSG00000167644_C19orf33,10.17039807,mid
ENSG00000095002_MSH2,10.16960572,mid
ENSG00000167778_SPRYD3,10.16910163,mid
ENSG00000038532_CLEC16A,10.1690092,mid
ENSG00000100105_PATZ1,10.16796003,mid
ENSG00000100023_PPIL2,10.16784527,mid
ENSG00000142634_EFHD2,10.16681439,mid
ENSG00000159267_HLCS,10.16627603,mid
ENSG00000130764_LRRC47,10.16601633,mid
ENSG00000010404_IDS,10.16579302,mid
ENSG00000157916_RER1,10.16577733,mid
ENSG00000112305_SMAP1,10.16572145,mid
ENSG00000090013_BLVRB,10.16568333,mid
ENSG00000176783_RUFY1,10.16552387,mid
ENSG00000227057_WDR46,10.16543415,mid
ENSG00000039560_RAI14,10.16526402,mid
ENSG00000230590_FTX,10.16524158,mid
ENSG00000036054_TBC1D23,10.16513467,mid
ENSG00000179119_SPTY2D1,10.16443122,mid
ENSG00000188603_CLN3,10.16435561,mid
ENSG00000099977_DDT,10.1642286,mid
ENSG00000117751_PPP1R8,10.16307574,mid
ENSG00000106608_URGCP,10.16240661,mid
ENSG00000165209_STRBP,10.16123702,mid
ENSG00000181029_TRAPPC5,10.16063904,mid
ENSG00000179222_MAGED1,10.16034737,mid
ENSG00000148019_CEP78,10.16015703,mid
ENSG00000116685_KIAA2013,10.16003513,mid
ENSG00000137747_TMPRSS13,10.15995091,mid
ENSG00000113552_GNPDA1,10.15978996,mid
ENSG00000112110_MRPL18,10.15824908,mid
ENSG00000196455_PIK3R4,10.15792251,mid
ENSG00000131269_ABCB7,10.15787517,mid
ENSG00000142409_ZNF787,10.15699584,mid
ENSG00000100084_HIRA,10.15680275,mid
ENSG00000174173_TRMT10C,10.15677016,mid
ENSG00000074319_TSG101,10.15658591,mid
ENSG00000119326_CTNNAL1,10.15585726,mid
ENSG00000113739_STC2,10.15576517,mid
ENSG00000139154_AEBP2,10.15553345,mid
ENSG00000141298_SSH2,10.15551462,mid
ENSG00000130787_HIP1R,10.15539106,mid
ENSG00000163362_INAVA,10.15530246,mid
ENSG00000110756_HPS5,10.15483011,mid
ENSG00000151327_FAM177A1,10.1548086,mid
ENSG00000163378_EOGT,10.15471642,mid
ENSG00000114316_USP4,10.1545654,mid
ENSG00000180104_EXOC3,10.15424393,mid
ENSG00000164347_GFM2,10.15402249,mid
ENSG00000103126_AXIN1,10.15398953,mid
ENSG00000204619_PPP1R11,10.1534568,mid
ENSG00000165055_METTL2B,10.15312697,mid
ENSG00000116750_UCHL5,10.15250703,mid
ENSG00000011260_UTP18,10.15216403,mid
ENSG00000128340_RAC2,10.15202583,mid
ENSG00000155090_KLF10,10.15175687,mid
ENSG00000157184_CPT2,10.15169594,mid
ENSG00000139433_GLTP,10.15166535,mid
ENSG00000113460_BRIX1,10.1510505,mid
ENSG00000164609_SLU7,10.15061886,mid
ENSG00000011485_PPP5C,10.15052798,mid
ENSG00000198690_FAN1,10.14971979,mid
ENSG00000062725_APPBP2,10.14915928,mid
ENSG00000182117_NOP10,10.1490517,mid
ENSG00000111424_VDR,10.14891529,mid
ENSG00000232119_MCTS1,10.14880881,mid
ENSG00000104472_CHRAC1,10.14854271,mid
ENSG00000144711_IQSEC1,10.14798988,mid
ENSG00000047346_FAM214A,10.14795233,mid
ENSG00000075240_GRAMD4,10.14772319,mid
ENSG00000107130_NCS1,10.14706503,mid
ENSG00000162073_PAQR4,10.14657546,mid
ENSG00000176101_SSNA1,10.14623894,mid
ENSG00000143771_CNIH4,10.14556139,mid
ENSG00000111266_DUSP16,10.144994,mid
ENSG00000143753_DEGS1,10.14494,mid
ENSG00000112759_SLC29A1,10.14474617,mid
ENSG00000143493_INTS7,10.14442821,mid
ENSG00000184203_PPP1R2,10.14356742,mid
ENSG00000198522_GPN1,10.14289519,mid
ENSG00000130311_DDA1,10.14279409,mid
ENSG00000151576_QTRT2,10.14243748,mid
ENSG00000170860_LSM3,10.14205487,mid
ENSG00000198258_UBL5,10.1418247,mid
ENSG00000141858_SAMD1,10.14158448,mid
ENSG00000158158_CNNM4,10.1414584,mid
ENSG00000130939_UBE4B,10.14087652,mid
ENSG00000126062_TMEM115,10.14066678,mid
ENSG00000156639_ZFAND3,10.14039792,mid
ENSG00000108395_TRIM37,10.14034559,mid
ENSG00000119729_RHOQ,10.13988113,mid
ENSG00000103202_NME4,10.13954458,mid
ENSG00000115568_ZNF142,10.13935923,mid
ENSG00000100034_PPM1F,10.13915043,mid
ENSG00000134086_VHL,10.13892386,mid
ENSG00000100575_TIMM9,10.13886567,mid
ENSG00000105393_BABAM1,10.13886189,mid
ENSG00000204977_TRIM13,10.13853355,mid
ENSG00000180263_FGD6,10.13763996,mid
ENSG00000130770_ATP5IF1,10.13695246,mid
ENSG00000137166_FOXP4,10.13667285,mid
ENSG00000116604_MEF2D,10.13621594,mid
ENSG00000054965_FAM168A,10.1361268,mid
ENSG00000130159_ECSIT,10.13586209,mid
ENSG00000109756_RAPGEF2,10.13571353,mid
ENSG00000174574_AKIRIN1,10.13560954,mid
ENSG00000099904_ZDHHC8,10.13546869,mid
ENSG00000115966_ATF2,10.13541425,mid
ENSG00000165410_CFL2,10.13527735,mid
ENSG00000170892_TSEN34,10.13487875,mid
ENSG00000213246_SUPT4H1,10.13486652,mid
ENSG00000197535_MYO5A,10.13475459,mid
ENSG00000149792_MRPL49,10.13474215,mid
ENSG00000137210_TMEM14B,10.13449729,mid
ENSG00000130827_PLXNA3,10.13416923,mid
ENSG00000169446_MMGT1,10.13394958,mid
ENSG00000137959_IFI44L,10.13392267,mid
ENSG00000231074_HCG18,10.13374237,mid
ENSG00000180917_CMTR2,10.13363203,mid
ENSG00000116521_SCAMP3,10.13318204,mid
ENSG00000164258_NDUFS4,10.13269765,mid
ENSG00000187840_EIF4EBP1,10.13255551,mid
ENSG00000117419_ERI3,10.13143888,mid
ENSG00000105643_ARRDC2,10.13109946,mid
ENSG00000115652_UXS1,10.13060788,mid
ENSG00000129911_KLF16,10.13032505,mid
ENSG00000165832_TRUB1,10.12893749,mid
ENSG00000108448_TRIM16L,10.12828123,mid
ENSG00000136840_ST6GALNAC4,10.12810677,mid
ENSG00000278705_HIST1H4B,10.12794998,mid
ENSG00000274211_SOCS7,10.12758982,mid
ENSG00000137038_DMAC1,10.12742899,mid
ENSG00000163874_ZC3H12A,10.12699984,mid
ENSG00000139428_MMAB,10.1264789,mid
ENSG00000090686_USP48,10.12604019,mid
ENSG00000149503_INCENP,10.12566359,mid
ENSG00000114812_VIPR1,10.12547212,mid
ENSG00000188483_IER5L,10.12521416,mid
ENSG00000120709_FAM53C,10.12507812,mid
ENSG00000105618_PRPF31,10.12478319,mid
ENSG00000145782_ATG12,10.12459372,mid
ENSG00000124160_NCOA5,10.12335961,mid
ENSG00000161204_ABCF3,10.12318887,mid
ENSG00000211455_STK38L,10.12296358,mid
ENSG00000266028_SRGAP2,10.12274213,mid
ENSG00000112144_ICK,10.12250892,mid
ENSG00000174579_MSL2,10.12219255,mid
ENSG00000132467_UTP3,10.12168105,mid
ENSG00000048392_RRM2B,10.12136601,mid
ENSG00000132274_TRIM22,10.12036019,mid
ENSG00000164687_FABP5,10.12015327,mid
ENSG00000180992_MRPL14,10.12007793,mid
ENSG00000106692_FKTN,10.11935529,mid
ENSG00000100344_PNPLA3,10.11928762,mid
ENSG00000178695_KCTD12,10.11926112,mid
ENSG00000113615_SEC24A,10.11907813,mid
ENSG00000174891_RSRC1,10.11869249,mid
ENSG00000268205_AC005261.1,10.11815826,mid
ENSG00000175221_MED16,10.11780438,mid
ENSG00000121900_TMEM54,10.11708638,mid
ENSG00000204209_DAXX,10.11596252,mid
ENSG00000198466_ZNF587,10.11442143,mid
ENSG00000136720_HS6ST1,10.11439043,mid
ENSG00000163512_AZI2,10.11348538,mid
ENSG00000204264_PSMB8,10.11298537,mid
ENSG00000119231_SENP5,10.11297871,mid
ENSG00000089057_SLC23A2,10.11293815,mid
ENSG00000112406_HECA,10.11275384,mid
ENSG00000166444_ST5,10.11184539,mid
ENSG00000081320_STK17B,10.11080987,mid
ENSG00000143674_MAP3K21,10.11062439,mid
ENSG00000132510_KDM6B,10.11030363,mid
ENSG00000127463_EMC1,10.11001454,mid
ENSG00000077044_DGKD,10.11001409,mid
ENSG00000105926_MPP6,10.10921248,mid
ENSG00000130312_MRPL34,10.10914212,mid
ENSG00000181192_DHTKD1,10.10868468,mid
ENSG00000197343_ZNF655,10.10865876,mid
ENSG00000198890_PRMT6,10.10841775,mid
ENSG00000164975_SNAPC3,10.10816984,mid
ENSG00000102934_PLLP,10.10811324,mid
ENSG00000287080_HIST1H3C,10.10793181,mid
ENSG00000162545_CAMK2N1,10.10757181,mid
ENSG00000023318_ERP44,10.10706589,mid
ENSG00000083844_ZNF264,10.10693553,mid
ENSG00000125746_EML2,10.10621297,mid
ENSG00000104756_KCTD9,10.10584181,mid
ENSG00000115540_MOB4,10.10528167,mid
ENSG00000125848_FLRT3,10.10516247,mid
ENSG00000164068_RNF123,10.10508704,mid
ENSG00000080189_SLC35C2,10.10498659,mid
ENSG00000143514_TP53BP2,10.10491914,mid
ENSG00000065054_SLC9A3R2,10.10430209,mid
ENSG00000147533_GOLGA7,10.10352673,mid
ENSG00000104980_TIMM44,10.10329846,mid
ENSG00000158528_PPP1R9A,10.10303475,mid
ENSG00000005812_FBXL3,10.10295754,mid
ENSG00000264522_OTUD7B,10.10275308,mid
ENSG00000100997_ABHD12,10.10260272,mid
ENSG00000183309_ZNF623,10.10252829,mid
ENSG00000183735_TBK1,10.10195989,mid
ENSG00000152413_HOMER1,10.10187356,mid
ENSG00000165282_PIGO,10.1013732,mid
ENSG00000111911_HINT3,10.1005822,mid
ENSG00000132199_ENOSF1,10.10014993,mid
ENSG00000110497_AMBRA1,10.10003773,mid
ENSG00000133983_COX16,10.09993368,mid
ENSG00000197989_SNHG12,10.09955738,mid
ENSG00000223501_VPS52,10.09952692,mid
ENSG00000112282_MED23,10.09934437,mid
ENSG00000181274_FRAT2,10.09932363,mid
ENSG00000196422_PPP1R26,10.09890066,mid
ENSG00000078403_MLLT10,10.09888649,mid
ENSG00000129071_MBD4,10.09877039,mid
ENSG00000125731_SH2D3A,10.09845385,mid
ENSG00000082996_RNF13,10.09780737,mid
ENSG00000090020_SLC9A1,10.09721334,mid
ENSG00000076928_ARHGEF1,10.09719865,mid
ENSG00000138399_FASTKD1,10.09708179,mid
ENSG00000141698_NT5C3B,10.09680397,mid
ENSG00000065559_MAP2K4,10.09675109,mid
ENSG00000134827_TCN1,10.09621833,mid
ENSG00000076043_REXO2,10.0958623,mid
ENSG00000144597_EAF1,10.0950566,mid
ENSG00000072071_ADGRL1,10.09456033,mid
ENSG00000139977_NAA30,10.0945291,mid
ENSG00000111802_TDP2,10.0944343,mid
ENSG00000143436_MRPL9,10.09425248,mid
ENSG00000152223_EPG5,10.09409,mid
ENSG00000161179_YDJC,10.09353696,mid
ENSG00000172366_MCRIP2,10.09236762,mid
ENSG00000133895_MEN1,10.09236511,mid
ENSG00000023041_ZDHHC6,10.09137309,mid
ENSG00000205726_ITSN1,10.09100089,mid
ENSG00000157259_GATAD1,10.09056057,mid
ENSG00000260916_CCPG1,10.08977928,mid
ENSG00000138073_PREB,10.08963186,mid
ENSG00000285756_BX890604.2,10.08961005,mid
ENSG00000006704_GTF2IRD1,10.08904012,mid
ENSG00000160746_ANO10,10.08759353,mid
ENSG00000156026_MCU,10.08748156,mid
ENSG00000066455_GOLGA5,10.0874669,mid
ENSG00000136770_DNAJC1,10.08733227,mid
ENSG00000188677_PARVB,10.08716149,mid
ENSG00000107036_RIC1,10.08569475,mid
ENSG00000137040_RANBP6,10.08565323,mid
ENSG00000166260_COX11,10.08560211,mid
ENSG00000072682_P4HA2,10.08541948,mid
ENSG00000176454_LPCAT4,10.08539502,mid
ENSG00000112667_DNPH1,10.08530886,mid
ENSG00000143061_IGSF3,10.08527507,mid
ENSG00000149476_TKFC,10.08500766,mid
ENSG00000007047_MARK4,10.08491625,mid
ENSG00000136003_ISCU,10.08424027,mid
ENSG00000168938_PPIC,10.08418016,mid
ENSG00000152778_IFIT5,10.08248624,mid
ENSG00000120727_PAIP2,10.0820761,mid
ENSG00000162517_PEF1,10.08183066,mid
ENSG00000120913_PDLIM2,10.08128379,mid
ENSG00000138303_ASCC1,10.08111264,mid
ENSG00000155827_RNF20,10.08057473,mid
ENSG00000007923_DNAJC11,10.08030373,mid
ENSG00000114423_CBLB,10.07955071,mid
ENSG00000164144_ARFIP1,10.07869548,mid
ENSG00000160445_ZER1,10.07772766,mid
ENSG00000277224_HIST1H2BF,10.0776574,mid
ENSG00000180694_TMEM64,10.07722214,mid
ENSG00000173145_NOC3L,10.07713754,mid
ENSG00000011638_TMEM159,10.07670056,mid
ENSG00000163516_ANKZF1,10.07666635,mid
ENSG00000136943_CTSV,10.07592492,mid
ENSG00000136522_MRPL47,10.07587508,mid
ENSG00000235173_HGH1,10.07586988,mid
ENSG00000197182_MIRLET7BHG,10.07559286,mid
ENSG00000174720_LARP7,10.07538326,mid
ENSG00000140265_ZSCAN29,10.0747313,mid
ENSG00000131381_RBSN,10.07464417,mid
ENSG00000092036_HAUS4,10.07450542,mid
ENSG00000135148_TRAFD1,10.07435485,mid
ENSG00000119801_YPEL5,10.07397338,mid
ENSG00000115286_NDUFS7,10.07358672,mid
ENSG00000162735_PEX19,10.07339347,mid
ENSG00000113583_C5orf15,10.07325919,mid
ENSG00000163463_KRTCAP2,10.07286439,mid
ENSG00000102900_NUP93,10.07263213,mid
ENSG00000006453_BAIAP2L1,10.07247447,mid
ENSG00000159322_ADPGK,10.07156767,mid
ENSG00000178188_SH2B1,10.0712597,mid
ENSG00000141349_G6PC3,10.07086488,mid
ENSG00000177853_ZNF518A,10.07035438,mid
ENSG00000033627_ATP6V0A1,10.07005787,mid
ENSG00000081307_UBA5,10.07004931,mid
ENSG00000147471_PLPBP,10.0699889,mid
ENSG00000128191_DGCR8,10.06961361,mid
ENSG00000172780_RAB43,10.06912212,mid
ENSG00000172661_WASHC2C,10.06899801,mid
ENSG00000157077_ZFYVE9,10.06815061,mid
ENSG00000181852_RNF41,10.06808029,mid
ENSG00000174013_FBXO45,10.06789723,mid
ENSG00000132680_KHDC4,10.06755496,mid
ENSG00000145780_FEM1C,10.06712344,mid
ENSG00000160214_RRP1,10.06684925,mid
ENSG00000107669_ATE1,10.06608198,mid
ENSG00000135912_TTLL4,10.06574009,mid
ENSG00000099622_CIRBP,10.06537854,mid
ENSG00000138604_GLCE,10.06463087,mid
ENSG00000100284_TOM1,10.06417028,mid
ENSG00000244274_DBNDD2,10.06416958,mid
ENSG00000100239_PPP6R2,10.06371368,mid
ENSG00000163166_IWS1,10.06368137,mid
ENSG00000103051_COG4,10.06323092,mid
ENSG00000122390_NAA60,10.06264951,mid
ENSG00000168140_VASN,10.06130046,mid
ENSG00000116266_STXBP3,10.06071144,mid
ENSG00000102103_PQBP1,10.05961592,mid
ENSG00000116337_AMPD2,10.05959043,mid
ENSG00000010322_NISCH,10.05957464,mid
ENSG00000141446_ESCO1,10.05893822,mid
ENSG00000184916_JAG2,10.05878518,mid
ENSG00000165661_QSOX2,10.05865619,mid
ENSG00000100625_SIX4,10.0581882,mid
ENSG00000122126_OCRL,10.05799578,mid
ENSG00000177646_ACAD9,10.05760592,mid
ENSG00000204351_SKIV2L,10.05743755,mid
ENSG00000027001_MIPEP,10.05728723,mid
ENSG00000119760_SUPT7L,10.05682598,mid
ENSG00000105379_ETFB,10.05657452,mid
ENSG00000160584_SIK3,10.05655899,mid
ENSG00000169410_PTPN9,10.05618155,mid
ENSG00000148308_GTF3C5,10.05611783,mid
ENSG00000160049_DFFA,10.05558768,mid
ENSG00000104973_MED25,10.05548803,mid
ENSG00000013523_ANGEL1,10.05485162,mid
ENSG00000110315_RNF141,10.05474723,mid
ENSG00000123472_ATPAF1,10.05439155,mid
ENSG00000160305_DIP2A,10.05324702,mid
ENSG00000080845_DLGAP4,10.05227756,mid
ENSG00000134508_CABLES1,10.05220233,mid
ENSG00000139405_RITA1,10.05216856,mid
ENSG00000159579_RSPRY1,10.05182566,mid
ENSG00000162231_NXF1,10.05158448,mid
ENSG00000175110_MRPS22,10.05130765,mid
ENSG00000165152_TMEM246,10.04993088,mid
ENSG00000136897_MRPL50,10.0496332,mid
ENSG00000129245_FXR2,10.04947658,mid
ENSG00000165105_RASEF,10.04926749,mid
ENSG00000143379_SETDB1,10.04883209,mid
ENSG00000136379_ABHD17C,10.0484675,mid
ENSG00000110063_DCPS,10.04793806,mid
ENSG00000144036_EXOC6B,10.04782613,mid
ENSG00000117174_ZNHIT6,10.04764979,mid
ENSG00000100949_RABGGTA,10.04735018,mid
ENSG00000171848_RRM2,10.0470338,mid
ENSG00000124541_RRP36,10.04654366,mid
ENSG00000179104_TMTC2,10.0464906,mid
ENSG00000129933_MAU2,10.0455637,mid
ENSG00000066855_MTFR1,10.04548136,mid
ENSG00000067829_IDH3G,10.04529468,mid
ENSG00000090061_CCNK,10.0442394,mid
ENSG00000124496_TRERF1,10.04410046,mid
ENSG00000066136_NFYC,10.04387126,mid
ENSG00000158042_MRPL17,10.04337839,mid
ENSG00000068308_OTUD5,10.04294173,mid
ENSG00000064651_SLC12A2,10.0417827,mid
ENSG00000179862_CITED4,10.04099149,mid
ENSG00000110619_CARS,10.04093657,mid
ENSG00000093167_LRRFIP2,10.0394571,mid
ENSG00000033100_CHPF2,10.03880795,mid
ENSG00000072786_STK10,10.03813807,mid
ENSG00000140307_GTF2A2,10.03809046,mid
ENSG00000143217_NECTIN4,10.0380111,mid
ENSG00000179886_TIGD5,10.03787471,mid
ENSG00000156463_SH3RF2,10.03737879,mid
ENSG00000183624_HMCES,10.03690404,mid
ENSG00000095951_HIVEP1,10.03677517,mid
ENSG00000163659_TIPARP,10.03644793,mid
ENSG00000183048_SLC25A10,10.03639643,mid
ENSG00000119778_ATAD2B,10.03632736,mid
ENSG00000196505_GDAP2,10.03585691,mid
ENSG00000174547_MRPL11,10.03563488,mid
ENSG00000164081_TEX264,10.03524934,mid
ENSG00000143079_CTTNBP2NL,10.03498671,mid
ENSG00000156931_VPS8,10.03493833,mid
ENSG00000147642_SYBU,10.03449774,mid
ENSG00000183426_NPIPA1,10.03442131,mid
ENSG00000112294_ALDH5A1,10.03434215,mid
ENSG00000040341_STAU2,10.03420832,mid
ENSG00000138614_INTS14,10.03403092,mid
ENSG00000164292_RHOBTB3,10.03361982,mid
ENSG00000163257_DCAF16,10.03354378,mid
ENSG00000076356_PLXNA2,10.03286532,mid
ENSG00000197982_C1orf122,10.03273873,mid
ENSG00000143499_SMYD2,10.03254035,mid
ENSG00000245910_SNHG6,10.0324306,mid
ENSG00000072121_ZFYVE26,10.0323203,mid
ENSG00000046651_OFD1,10.03145103,mid
ENSG00000157538_VPS26C,10.03130464,mid
ENSG00000213047_DENND1B,10.0309813,mid
ENSG00000070610_GBA2,10.0304985,mid
ENSG00000127838_PNKD,10.03045576,mid
ENSG00000145817_YIPF5,10.02977404,mid
ENSG00000253710_ALG11,10.02957325,mid
ENSG00000174851_YIF1A,10.02922354,mid
ENSG00000277972_CISD3,10.02897446,mid
ENSG00000131037_EPS8L1,10.02883523,mid
ENSG00000182628_SKA2,10.0286312,mid
ENSG00000093183_SEC22C,10.02850105,mid
ENSG00000177034_MTX3,10.02795802,mid
ENSG00000110013_SIAE,10.02784428,mid
ENSG00000232388_SMIM26,10.02776382,mid
ENSG00000013810_TACC3,10.0269055,mid
ENSG00000102710_SUPT20H,10.02690056,mid
ENSG00000186281_GPAT2,10.02678591,mid
ENSG00000086589_RBM22,10.02674589,mid
ENSG00000170881_RNF139,10.0264157,mid
ENSG00000166225_FRS2,10.02618844,mid
ENSG00000085871_MGST2,10.02591571,mid
ENSG00000148444_COMMD3,10.02583808,mid
ENSG00000099949_LZTR1,10.02570158,mid
ENSG00000262160_AC020978.5,10.02533369,mid
ENSG00000168763_CNNM3,10.02524289,mid
ENSG00000182150_ERCC6L2,10.02393828,mid
ENSG00000261609_GAN,10.023155,mid
ENSG00000136104_RNASEH2B,10.02298428,mid
ENSG00000135972_MRPS9,10.02282341,mid
ENSG00000109381_ELF2,10.02251243,mid
ENSG00000136504_KAT7,10.02245991,mid
ENSG00000112855_HARS2,10.02215077,mid
ENSG00000111726_CMAS,10.02178153,mid
ENSG00000119685_TTLL5,10.02097436,mid
ENSG00000114904_NEK4,10.02092503,mid
ENSG00000103415_HMOX2,10.02066221,mid
ENSG00000164951_PDP1,10.02053852,mid
ENSG00000092531_SNAP23,10.02044249,mid
ENSG00000107521_HPS1,10.01959575,mid
ENSG00000116285_ERRFI1,10.01944379,mid
ENSG00000164597_COG5,10.01924005,mid
ENSG00000147457_CHMP7,10.01835379,mid
ENSG00000119705_SLIRP,10.01821548,mid
ENSG00000182512_GLRX5,10.01813778,mid
ENSG00000159873_CCDC117,10.01761859,mid
ENSG00000125734_GPR108,10.01748512,mid
ENSG00000121274_TENT4B,10.0172634,mid
ENSG00000162104_ADCY9,10.01700166,mid
ENSG00000141582_CBX4,10.01589105,mid
ENSG00000163755_HPS3,10.01584264,mid
ENSG00000089022_MAPKAPK5,10.0155192,mid
ENSG00000196747_HIST1H2AI,10.01517619,mid
ENSG00000157456_CCNB2,10.01516351,mid
ENSG00000188419_CHM,10.01473461,mid
ENSG00000112773_TENT5A,10.01459159,mid
ENSG00000165392_WRN,10.01410351,mid
ENSG00000182463_TSHZ2,10.01357445,mid
ENSG00000137216_TMEM63B,10.01310894,mid
ENSG00000156671_SAMD8,10.01254754,mid
ENSG00000050393_MCUR1,10.01254175,mid
ENSG00000135776_ABCB10,10.01211393,mid
ENSG00000176903_PNMA1,10.01139159,mid
ENSG00000160410_SHKBP1,10.01135168,mid
ENSG00000126351_THRA,10.01078517,mid
ENSG00000152749_GPR180,10.01069941,mid
ENSG00000197147_LRRC8B,10.01066691,mid
ENSG00000018699_TTC27,10.01058568,mid
ENSG00000198053_SIRPA,10.01008859,mid
ENSG00000188042_ARL4C,10.00995716,mid
ENSG00000168813_ZNF507,10.00912885,mid
ENSG00000100106_TRIOBP,10.00805468,mid
ENSG00000159063_ALG8,10.00786087,mid
ENSG00000143314_MRPL24,10.00773195,mid
ENSG00000140577_CRTC3,10.0073758,mid
ENSG00000114745_GORASP1,10.00705108,mid
ENSG00000174227_PIGG,10.00697015,mid
ENSG00000175467_SART1,10.00616716,mid
ENSG00000077454_LRCH4,10.00559026,mid
ENSG00000100554_ATP6V1D,10.00357081,mid
ENSG00000011243_AKAP8L,10.00319711,mid
ENSG00000089351_GRAMD1A,10.00264431,mid
ENSG00000130348_QRSL1,10.00155808,mid
ENSG00000170802_FOXN2,10.00151794,mid
ENSG00000100599_RIN3,10.00073463,mid
ENSG00000134014_ELP3,10.00013002,mid
ENSG00000137831_UACA,9.999877185,mid
ENSG00000104140_RHOV,9.999292034,mid
ENSG00000150712_MTMR12,9.999269658,mid
ENSG00000099381_SETD1A,9.997474239,mid
ENSG00000180304_OAZ2,9.997200707,mid
ENSG00000184752_NDUFA12,9.996766776,mid
ENSG00000278828_HIST1H3H,9.996450119,mid
ENSG00000143324_XPR1,9.996374687,mid
ENSG00000139291_TMEM19,9.995992167,mid
ENSG00000146587_RBAK,9.994856707,mid
ENSG00000176731_RBIS,9.994592785,mid
ENSG00000119711_ALDH6A1,9.994312456,mid
ENSG00000166189_HPS6,9.99415131,mid
ENSG00000133641_C12orf29,9.993923676,mid
ENSG00000173272_MZT2A,9.99316418,mid
ENSG00000137054_POLR1E,9.99272213,mid
ENSG00000145868_FBXO38,9.992564877,mid
ENSG00000114631_PODXL2,9.992423208,mid
ENSG00000057294_PKP2,9.991977927,mid
ENSG00000136819_C9orf78,9.991448729,mid
ENSG00000086544_ITPKC,9.991418986,mid
ENSG00000122779_TRIM24,9.990973799,mid
ENSG00000204178_MACO1,9.990096503,mid
ENSG00000117543_DPH5,9.989363889,mid
ENSG00000167118_URM1,9.989133247,mid
ENSG00000105341_DMAC2,9.9891213,mid
ENSG00000187742_SECISBP2,9.98910588,mid
ENSG00000183011_NAA38,9.988975929,mid
ENSG00000171497_PPID,9.988448651,mid
ENSG00000131475_VPS25,9.987803258,mid
ENSG00000110514_MADD,9.987628782,mid
ENSG00000128699_ORMDL1,9.987477644,mid
ENSG00000196756_SNHG17,9.987424558,mid
ENSG00000116667_C1orf21,9.986766509,mid
ENSG00000164808_SPIDR,9.986222118,mid
ENSG00000101199_ARFGAP1,9.986090532,mid
ENSG00000143952_VPS54,9.986058007,mid
ENSG00000243989_ACY1,9.985308619,mid
ENSG00000164985_PSIP1,9.9849255,mid
ENSG00000171928_TVP23B,9.984450977,mid
ENSG00000225190_PLEKHM1,9.984404248,mid
ENSG00000172943_PHF8,9.983562091,mid
ENSG00000088038_CNOT3,9.983198146,mid
ENSG00000088766_CRLS1,9.982442806,mid
ENSG00000137812_KNL1,9.980790451,mid
ENSG00000132603_NIP7,9.980110605,mid
ENSG00000057663_ATG5,9.979979627,mid
ENSG00000275066_SYNRG,9.979635242,mid
ENSG00000197837_HIST4H4,9.979426323,mid
ENSG00000173141_MRPL57,9.979367767,mid
ENSG00000107815_TWNK,9.979052867,mid
ENSG00000182400_TRAPPC6B,9.978712122,mid
ENSG00000166450_PRTG,9.978433546,mid
ENSG00000134030_CTIF,9.978249561,mid
ENSG00000130529_TRPM4,9.978165717,mid
ENSG00000102595_UGGT2,9.977638375,mid
ENSG00000126756_UXT,9.976036734,mid
ENSG00000076053_RBM7,9.975928911,mid
ENSG00000001631_KRIT1,9.975562839,mid
ENSG00000057935_MTA3,9.975551764,mid
ENSG00000110660_SLC35F2,9.975380519,mid
ENSG00000175198_PCCA,9.975300474,mid
ENSG00000163348_PYGO2,9.97517995,mid
ENSG00000133265_HSPBP1,9.974781974,mid
ENSG00000113312_TTC1,9.974532277,mid
ENSG00000123130_ACOT9,9.973939129,mid
ENSG00000115657_ABCB6,9.973888449,mid
ENSG00000172262_ZNF131,9.973775775,mid
ENSG00000131023_LATS1,9.973641776,mid
ENSG00000230124_ACBD6,9.972616545,mid
ENSG00000011566_MAP4K3,9.97259856,mid
ENSG00000188064_WNT7B,9.972003221,mid
ENSG00000126746_ZNF384,9.971780796,mid
ENSG00000110851_PRDM4,9.97174285,mid
ENSG00000160688_FLAD1,9.971458655,mid
ENSG00000158863_FAM160B2,9.971423836,mid
ENSG00000157837_SPPL3,9.971164806,mid
ENSG00000004534_RBM6,9.970935936,mid
ENSG00000171204_TMEM126B,9.970100413,mid
ENSG00000104312_RIPK2,9.969421447,mid
ENSG00000179387_ELMOD2,9.968304893,mid
ENSG00000139436_GIT2,9.96793252,mid
ENSG00000150776_NKAPD1,9.967327065,mid
ENSG00000196369_SRGAP2B,9.967034543,mid
ENSG00000107745_MICU1,9.966659415,mid
ENSG00000196312_MFSD14C,9.966583509,mid
ENSG00000132823_OSER1,9.965664803,mid
ENSG00000104866_PPP1R37,9.965442473,mid
ENSG00000149257_SERPINH1,9.965150726,mid
ENSG00000155115_GTF3C6,9.96499143,mid
ENSG00000154447_SH3RF1,9.964828336,mid
ENSG00000109436_TBC1D9,9.964674062,mid
ENSG00000101544_ADNP2,9.963310092,mid
ENSG00000130940_CASZ1,9.962483338,mid
ENSG00000039523_RIPOR1,9.961845053,mid
ENSG00000213341_CHUK,9.961549932,mid
ENSG00000196177_ACADSB,9.960194252,mid
ENSG00000012171_SEMA3B,9.959524811,mid
ENSG00000106290_TAF6,9.959207199,mid
ENSG00000126226_PCID2,9.958041933,mid
ENSG00000165997_ARL5B,9.957533336,mid
ENSG00000117614_SYF2,9.957532027,mid
ENSG00000143093_STRIP1,9.957459508,mid
ENSG00000110536_PTPMT1,9.957363924,mid
ENSG00000145216_FIP1L1,9.956778421,mid
ENSG00000275342_PRAG1,9.956622745,mid
ENSG00000108506_INTS2,9.956184083,mid
ENSG00000108528_SLC25A11,9.956041441,mid
ENSG00000005194_CIAPIN1,9.955260331,mid
ENSG00000114742_WDR48,9.955079209,mid
ENSG00000121931_LRIF1,9.953915176,mid
ENSG00000164284_GRPEL2,9.953741764,mid
ENSG00000182195_LDOC1,9.952493056,mid
ENSG00000076351_SLC46A1,9.951881755,mid
ENSG00000204590_GNL1,9.950969442,mid
ENSG00000180228_PRKRA,9.950698904,mid
ENSG00000159128_IFNGR2,9.950243556,mid
ENSG00000125971_DYNLRB1,9.950051978,mid
ENSG00000101940_WDR13,9.949692712,mid
ENSG00000118496_FBXO30,9.948294214,mid
ENSG00000165669_FAM204A,9.948227196,mid
ENSG00000172269_DPAGT1,9.947692375,mid
ENSG00000056972_TRAF3IP2,9.947221789,mid
ENSG00000174996_KLC2,9.946871295,mid
ENSG00000198732_SMOC1,9.946605938,mid
ENSG00000134590_RTL8C,9.946364129,mid
ENSG00000136052_SLC41A2,9.946179632,mid
ENSG00000171298_GAA,9.945847738,mid
ENSG00000138382_METTL5,9.945744957,mid
ENSG00000165487_MICU2,9.94459591,mid
ENSG00000137449_CPEB2,9.944117947,mid
ENSG00000213551_DNAJC9,9.942811476,mid
ENSG00000170545_SMAGP,9.942729325,mid
ENSG00000203668_CHML,9.942434475,mid
ENSG00000145439_CBR4,9.942249821,mid
ENSG00000177606_JUN,9.941516868,mid
ENSG00000166797_CIAO2A,9.94143214,mid
ENSG00000156502_SUPV3L1,9.94102268,mid
ENSG00000132591_ERAL1,9.940025773,mid
ENSG00000178761_FAM219B,9.939618305,mid
ENSG00000146802_TMEM168,9.939109342,mid
ENSG00000106991_ENG,9.9385793,mid
ENSG00000227345_PARG,9.938087481,mid
ENSG00000167113_COQ4,9.937607314,mid
ENSG00000196588_MRTFA,9.937603604,mid
ENSG00000173905_GOLIM4,9.937513963,mid
ENSG00000233237_LINC00472,9.936909652,mid
ENSG00000171469_ZNF561,9.935972579,mid
ENSG00000213516_RBMXL1,9.935914137,mid
ENSG00000106638_TBL2,9.935781981,mid
ENSG00000156273_BACH1,9.934976229,mid
ENSG00000118939_UCHL3,9.93489225,mid
ENSG00000147799_ARHGAP39,9.934813681,mid
ENSG00000176248_ANAPC2,9.934737467,mid
ENSG00000136631_VPS45,9.934643572,mid
ENSG00000125877_ITPA,9.934637687,mid
ENSG00000068001_HYAL2,9.934430714,mid
ENSG00000114023_FAM162A,9.934074405,mid
ENSG00000124356_STAMBP,9.933988268,mid
ENSG00000112941_TENT4A,9.933823994,mid
ENSG00000175348_TMEM9B,9.932761767,mid
ENSG00000057252_SOAT1,9.932554777,mid
ENSG00000122299_ZC3H7A,9.932478531,mid
ENSG00000151729_SLC25A4,9.932371299,mid
ENSG00000135250_SRPK2,9.931315838,mid
ENSG00000102978_POLR2C,9.929957578,mid
ENSG00000259820_AC083843.3,9.929651477,mid
ENSG00000175662_TOM1L2,9.929529329,mid
ENSG00000048028_USP28,9.929277792,mid
ENSG00000269713_NBPF9,9.927733905,mid
ENSG00000100647_SUSD6,9.926842791,mid
ENSG00000173442_EHBP1L1,9.925395628,mid
ENSG00000170043_TRAPPC1,9.92468477,mid
ENSG00000181315_ZNF322,9.924676999,mid
ENSG00000142039_CCDC97,9.92410413,mid
ENSG00000109079_TNFAIP1,9.924077569,mid
ENSG00000090263_MRPS33,9.924060887,mid
ENSG00000179335_CLK3,9.923538259,mid
ENSG00000146085_MMUT,9.923181621,mid
ENSG00000139517_LNX2,9.92268825,mid
ENSG00000120868_APAF1,9.922231284,mid
ENSG00000150764_DIXDC1,9.922219157,mid
ENSG00000108509_CAMTA2,9.921907822,mid
ENSG00000126878_AIF1L,9.921435199,mid
ENSG00000117000_RLF,9.921353593,mid
ENSG00000174718_RESF1,9.921027137,mid
ENSG00000178502_KLHL11,9.919661061,mid
ENSG00000034713_GABARAPL2,9.919157052,mid
ENSG00000141068_KSR1,9.919057191,mid
ENSG00000143207_COP1,9.918143627,mid
ENSG00000109046_WSB1,9.917871288,mid
ENSG00000121940_CLCC1,9.917814852,mid
ENSG00000153046_CDYL,9.917785995,mid
ENSG00000168394_TAP1,9.917530803,mid
ENSG00000157978_LDLRAP1,9.917031961,mid
ENSG00000081014_AP4E1,9.916036335,mid
ENSG00000100297_MCM5,9.914874876,mid
ENSG00000100099_HPS4,9.914788314,mid
ENSG00000179933_C14orf119,9.914230462,mid
ENSG00000081177_EXD2,9.913427164,mid
ENSG00000171824_EXOSC10,9.912844923,mid
ENSG00000181396_OGFOD3,9.912681642,mid
ENSG00000154370_TRIM11,9.912388938,mid
ENSG00000125741_OPA3,9.912382846,mid
ENSG00000164896_FASTK,9.911734192,mid
ENSG00000280987_MATR3,9.911350066,mid
ENSG00000118412_CASP8AP2,9.911163117,mid
ENSG00000063241_ISOC2,9.910677839,mid
ENSG00000109270_LAMTOR3,9.910675005,mid
ENSG00000159111_MRPL10,9.910133986,mid
ENSG00000015133_CCDC88C,9.910058908,mid
ENSG00000157450_RNF111,9.909527373,mid
ENSG00000135778_NTPCR,9.909477142,mid
ENSG00000124802_EEF1E1,9.909180639,mid
ENSG00000102882_MAPK3,9.908707939,mid
ENSG00000114209_PDCD10,9.908578116,mid
ENSG00000111344_RASAL1,9.90847901,mid
ENSG00000006695_COX10,9.908284046,mid
ENSG00000150779_TIMM8B,9.907549565,mid
ENSG00000146386_ABRACL,9.907273718,mid
ENSG00000122965_RBM19,9.907045799,mid
ENSG00000080823_MOK,9.906929022,mid
ENSG00000104660_LEPROTL1,9.906912438,mid
ENSG00000280071_GATD3B,9.906763028,mid
ENSG00000111269_CREBL2,9.906295204,mid
ENSG00000091073_DTX2,9.906122537,mid
ENSG00000196227_FAM217B,9.905259412,mid
ENSG00000112983_BRD8,9.905153538,mid
ENSG00000048162_NOP16,9.904808029,mid
ENSG00000114861_FOXP1,9.904587961,mid
ENSG00000118454_ANKRD13C,9.90456794,mid
ENSG00000140367_UBE2Q2,9.904371817,mid
ENSG00000138663_COPS4,9.904200497,mid
ENSG00000182973_CNOT10,9.904169028,mid
ENSG00000152683_SLC30A6,9.903968616,mid
ENSG00000197375_SLC22A5,9.903445628,mid
ENSG00000146540_C7orf50,9.903362392,mid
ENSG00000109323_MANBA,9.903223756,mid
ENSG00000215256_DHRS4-AS1,9.903175853,mid
ENSG00000184047_DIABLO,9.902419261,mid
ENSG00000185024_BRF1,9.901816587,mid
ENSG00000105671_DDX49,9.901378313,mid
ENSG00000214114_MYCBP,9.901139723,mid
ENSG00000111906_HDDC2,9.901094658,mid
ENSG00000178234_GALNT11,9.900876103,mid
ENSG00000054611_TBC1D22A,9.900377031,mid
ENSG00000204231_RXRB,9.89997673,mid
ENSG00000119013_NDUFB3,9.899891382,mid
ENSG00000150907_FOXO1,9.899577748,mid
ENSG00000067533_RRP15,9.898973766,mid
ENSG00000146476_ARMT1,9.898878687,mid
ENSG00000101343_CRNKL1,9.898347963,mid
ENSG00000156970_BUB1B,9.898198331,mid
ENSG00000054148_PHPT1,9.897821975,mid
ENSG00000211450_SELENOH,9.897128504,mid
ENSG00000168246_UBTD2,9.896274489,mid
ENSG00000113318_MSH3,9.895827976,mid
ENSG00000180329_CCDC43,9.894809526,mid
ENSG00000137177_KIF13A,9.893893729,mid
ENSG00000198246_SLC29A3,9.892832011,mid
ENSG00000165868_HSPA12A,9.891262531,mid
ENSG00000142197_DOP1B,9.890973888,mid
ENSG00000156381_ANKRD9,9.890585849,mid
ENSG00000007080_CCDC124,9.889797845,mid
ENSG00000111602_TIMELESS,9.889664033,mid
ENSG00000105821_DNAJC2,9.889512325,mid
ENSG00000091640_SPAG7,9.889081156,mid
ENSG00000127554_GFER,9.888827369,mid
ENSG00000173540_GMPPB,9.888633284,mid
ENSG00000146909_NOM1,9.88763921,mid
ENSG00000171262_FAM98B,9.887219657,mid
ENSG00000144233_AMMECR1L,9.886611838,mid
ENSG00000179833_SERTAD2,9.88540183,mid
ENSG00000165704_HPRT1,9.885356098,mid
ENSG00000116127_ALMS1,9.885280697,mid
ENSG00000112584_FAM120B,9.885265288,mid
ENSG00000168216_LMBRD1,9.885048153,mid
ENSG00000073803_MAP3K13,9.883926102,mid
ENSG00000169592_INO80E,9.883578365,mid
ENSG00000125503_PPP1R12C,9.883497021,mid
ENSG00000100226_GTPBP1,9.883494335,mid
ENSG00000140836_ZFHX3,9.883021408,mid
ENSG00000146842_TMEM209,9.881317971,mid
ENSG00000112624_BICRAL,9.880648316,mid
ENSG00000166483_WEE1,9.880509802,mid
ENSG00000103932_RPAP1,9.880315303,mid
ENSG00000089048_ESF1,9.88030866,mid
ENSG00000185219_ZNF445,9.88000918,mid
ENSG00000117360_PRPF3,9.879844664,mid
ENSG00000181026_AEN,9.879621,mid
ENSG00000167513_CDT1,9.879495942,mid
ENSG00000163875_MEAF6,9.878618605,mid
ENSG00000117266_CDK18,9.878597695,mid
ENSG00000164294_GPX8,9.878531369,mid
ENSG00000101019_UQCC1,9.877878521,mid
ENSG00000133142_TCEAL4,9.877093193,mid
ENSG00000174485_DENND4A,9.877056213,mid
ENSG00000101413_RPRD1B,9.876696769,mid
ENSG00000042429_MED17,9.876171885,mid
ENSG00000125845_BMP2,9.875825992,mid
ENSG00000061938_TNK2,9.875794709,mid
ENSG00000104142_VPS18,9.87577401,mid
ENSG00000163635_ATXN7,9.875640676,mid
ENSG00000187091_PLCD1,9.875278498,mid
ENSG00000132286_TIMM10B,9.875239477,mid
ENSG00000060069_CTDP1,9.875127742,mid
ENSG00000100387_RBX1,9.874661949,mid
ENSG00000077238_IL4R,9.874021053,mid
ENSG00000104907_TRMT1,9.873702544,mid
ENSG00000162437_RAVER2,9.873437824,mid
ENSG00000172888_ZNF621,9.873242704,mid
ENSG00000142599_RERE,9.87260761,mid
ENSG00000151233_GXYLT1,9.871939163,mid
ENSG00000166004_CEP295,9.871795172,mid
ENSG00000168438_CDC40,9.871657126,mid
ENSG00000128039_SRD5A3,9.871352393,mid
ENSG00000003393_ALS2,9.871198445,mid
ENSG00000160190_SLC37A1,9.870683684,mid
ENSG00000154582_ELOC,9.869954443,mid
ENSG00000109390_NDUFC1,9.868954148,mid
ENSG00000131370_SH3BP5,9.868801035,mid
ENSG00000119523_ALG2,9.868757258,mid
ENSG00000155975_VPS37A,9.868630746,mid
ENSG00000273802_HIST1H2BG,9.868441631,mid
ENSG00000132432_SEC61G,9.868331845,mid
ENSG00000128708_HAT1,9.868324111,mid
ENSG00000126005_MMP24OS,9.868313576,mid
ENSG00000196730_DAPK1,9.868308171,mid
ENSG00000072506_HSD17B10,9.868143792,mid
ENSG00000179271_GADD45GIP1,9.868056706,mid
ENSG00000081803_CADPS2,9.868020692,mid
ENSG00000160094_ZNF362,9.867773361,mid
ENSG00000119906_SLF2,9.867755121,mid
ENSG00000103152_MPG,9.866771274,mid
ENSG00000169919_GUSB,9.866034833,mid
ENSG00000143702_CEP170,9.865949211,mid
ENSG00000111731_C2CD5,9.865618973,mid
ENSG00000101057_MYBL2,9.864792933,mid
ENSG00000197579_TOPORS,9.86477682,mid
ENSG00000165097_KDM1B,9.864758632,mid
ENSG00000187957_DNER,9.864480559,mid
ENSG00000128274_A4GALT,9.864388101,mid
ENSG00000114480_GBE1,9.862748021,mid
ENSG00000168014_C2CD3,9.862039946,mid
ENSG00000151748_SAV1,9.861011618,mid
ENSG00000187257_RSBN1L,9.859897867,mid
ENSG00000105518_TMEM205,9.859832922,mid
ENSG00000171720_HDAC3,9.859514745,mid
ENSG00000165983_PTER,9.859345514,mid
ENSG00000172301_COPRS,9.858769627,mid
ENSG00000187607_ZNF286A,9.858594263,mid
ENSG00000182154_MRPL41,9.857749223,mid
ENSG00000143158_MPC2,9.857281393,mid
ENSG00000070444_MNT,9.85700744,mid
ENSG00000112685_EXOC2,9.856954527,mid
ENSG00000118707_TGIF2,9.85669944,mid
ENSG00000171055_FEZ2,9.856629325,mid
ENSG00000166532_RIMKLB,9.854673074,mid
ENSG00000135002_RFK,9.854388375,mid
ENSG00000125821_DTD1,9.853961454,mid
ENSG00000149932_TMEM219,9.85393921,mid
ENSG00000182585_EPGN,9.853193627,mid
ENSG00000182903_ZNF721,9.853131684,mid
ENSG00000092140_G2E3,9.852663503,mid
LYT2,9.85204774,mid
ENSG00000168994_PXDC1,9.852015899,mid
ENSG00000166902_MRPL16,9.851592214,mid
ENSG00000117472_TSPAN1,9.851546226,mid
ENSG00000117408_IPO13,9.851514464,mid
ENSG00000168883_USP39,9.851485877,mid
ENSG00000127954_STEAP4,9.850623278,mid
ENSG00000137574_TGS1,9.850169787,mid
ENSG00000145819_ARHGAP26,9.849671384,mid
ENSG00000178467_P4HTM,9.849377794,mid
ENSG00000055950_MRPL43,9.849052919,mid
ENSG00000230937_MIR205HG,9.849051797,mid
ENSG00000111647_UHRF1BP1L,9.848358067,mid
ENSG00000125875_TBC1D20,9.848233686,mid
ENSG00000111652_COPS7A,9.848020549,mid
ENSG00000272888_LINC01578,9.847481603,mid
ENSG00000073169_SELENOO,9.84741949,mid
ENSG00000101546_RBFA,9.846893589,mid
ENSG00000177192_PUS1,9.846553698,mid
ENSG00000134153_EMC7,9.84653323,mid
ENSG00000146409_SLC18B1,9.84604871,mid
ENSG00000152256_PDK1,9.845706557,mid
ENSG00000014164_ZC3H3,9.845272382,mid
ENSG00000119684_MLH3,9.845215746,mid
ENSG00000134077_THUMPD3,9.845184784,mid
ENSG00000186687_LYRM7,9.844589641,mid
ENSG00000168411_RFWD3,9.84449946,mid
ENSG00000137996_RTCA,9.844478006,mid
ENSG00000114520_SNX4,9.844084138,mid
ENSG00000168282_MGAT2,9.843809668,mid
ENSG00000072840_EVC,9.843231345,mid
ENSG00000136950_ARPC5L,9.842976587,mid
ENSG00000169155_ZBTB43,9.842879316,mid
ENSG00000060688_SNRNP40,9.842742973,mid
ENSG00000179981_TSHZ1,9.842287371,mid
ENSG00000166123_GPT2,9.841620375,mid
ENSG00000086504_MRPL28,9.840948523,mid
ENSG00000099385_BCL7C,9.840508942,mid
ENSG00000169641_LUZP1,9.840373524,mid
ENSG00000171813_PWWP2B,9.840059924,mid
ENSG00000112242_E2F3,9.839366973,mid
ENSG00000216490_IFI30,9.838888598,mid
ENSG00000196372_ASB13,9.838675036,mid
ENSG00000170160_CCDC144A,9.838260381,mid
ENSG00000144659_SLC25A38,9.838169508,mid
ENSG00000100083_GGA1,9.838098019,mid
ENSG00000102805_CLN5,9.838006958,mid
ENSG00000108433_GOSR2,9.837786401,mid
ENSG00000175602_CCDC85B,9.837576509,mid
ENSG00000145919_BOD1,9.837069568,mid
ENSG00000163235_TGFA,9.836857549,mid
ENSG00000188522_FAM83G,9.836631818,mid
ENSG00000261371_PECAM1,9.836048539,mid
ENSG00000164902_PHAX,9.835797172,mid
ENSG00000131966_ACTR10,9.83545577,mid
ENSG00000119446_RBM18,9.835056375,mid
ENSG00000104723_TUSC3,9.834496369,mid
ENSG00000168916_ZNF608,9.834469512,mid
ENSG00000169957_ZNF768,9.834077804,mid
ENSG00000137642_SORL1,9.833734452,mid
ENSG00000171453_POLR1C,9.833576073,mid
ENSG00000164338_UTP15,9.833461187,mid
ENSG00000196199_MPHOSPH8,9.833232991,mid
ENSG00000130511_SSBP4,9.832531572,mid
ENSG00000225484_NUTM2B-AS1,9.832320513,mid
ENSG00000095066_HOOK2,9.832165283,mid
ENSG00000196542_SPTSSB,9.8320556,mid
ENSG00000140525_FANCI,9.831880624,mid
ENSG00000136560_TANK,9.831516541,mid
ENSG00000048471_SNX29,9.831213764,mid
ENSG00000178896_EXOSC4,9.830890349,mid
ENSG00000075945_KIFAP3,9.830298896,mid
ENSG00000272886_DCP1A,9.829710082,mid
ENSG00000147383_NSDHL,9.828707726,mid
ENSG00000187240_DYNC2H1,9.828503582,mid
ENSG00000148300_REXO4,9.828433483,mid
ENSG00000129055_ANAPC13,9.82825408,mid
ENSG00000101347_SAMHD1,9.828211731,mid
ENSG00000130560_UBAC1,9.827868212,mid
ENSG00000150961_SEC24D,9.827854699,mid
ENSG00000135521_LTV1,9.827578581,mid
ENSG00000185950_IRS2,9.827079635,mid
ENSG00000188739_RBM34,9.826632943,mid
ENSG00000134058_CDK7,9.826364313,mid
ENSG00000105963_ADAP1,9.826264212,mid
ENSG00000175130_MARCKSL1,9.825414966,mid
ENSG00000152484_USP12,9.825352802,mid
ENSG00000107560_RAB11FIP2,9.824350138,mid
ENSG00000130881_LRP3,9.824155824,mid
ENSG00000123728_RAP2C,9.823918622,mid
ENSG00000136783_NIPSNAP3A,9.822174047,mid
ENSG00000175756_AURKAIP1,9.821637294,mid
ENSG00000100523_DDHD1,9.821496041,mid
ENSG00000214717_ZBED1,9.821495696,mid
ENSG00000273136_NBPF26,9.82063029,mid
ENSG00000149577_SIDT2,9.820543925,mid
ENSG00000198839_ZNF277,9.820266899,mid
ENSG00000112033_PPARD,9.820153935,mid
ENSG00000163870_TPRA1,9.819856267,mid
ENSG00000104884_ERCC2,9.819795666,mid
ENSG00000134815_DHX34,9.819325934,mid
ENSG00000124383_MPHOSPH10,9.819153843,mid
ENSG00000183527_PSMG1,9.818610825,mid
ENSG00000113068_PFDN1,9.818166722,mid
ENSG00000118965_WDR35,9.817876361,mid
ENSG00000121864_ZNF639,9.817731395,mid
ENSG00000134291_TMEM106C,9.817573619,mid
ENSG00000040633_PHF23,9.817190266,mid
ENSG00000177383_MAGEF1,9.817141254,mid
ENSG00000242247_ARFGAP3,9.817107996,mid
ENSG00000244005_NFS1,9.81682871,mid
ENSG00000171421_MRPL36,9.81677265,mid
ENSG00000164251_F2RL1,9.816410745,mid
ENSG00000168303_MPLKIP,9.816307834,mid
ENSG00000178974_FBXO34,9.816211023,mid
ENSG00000119953_SMNDC1,9.815863927,mid
ENSG00000135763_URB2,9.815598761,mid
ENSG00000267855_NDUFA7,9.815385665,mid
ENSG00000198142_SOWAHC,9.815382547,mid
ENSG00000143437_ARNT,9.815050672,mid
ENSG00000113812_ACTR8,9.814260153,mid
ENSG00000083290_ULK2,9.814162377,mid
ENSG00000172331_BPGM,9.813531816,mid
ENSG00000162702_ZNF281,9.813519111,mid
ENSG00000115109_EPB41L5,9.812637478,mid
ENSG00000164332_UBLCP1,9.81256479,mid
ENSG00000164576_SAP30L,9.812477967,mid
ENSG00000131941_RHPN2,9.812136674,mid
ENSG00000101040_ZMYND8,9.812119506,mid
ENSG00000123268_ATF1,9.812099394,mid
ENSG00000214046_SMIM7,9.812014289,mid
ENSG00000204310_AGPAT1,9.811851073,mid
ENSG00000215251_FASTKD5,9.811632885,mid
ENSG00000147804_SLC39A4,9.811625557,mid
ENSG00000096080_MRPS18A,9.811412196,mid
ENSG00000126001_CEP250,9.811048383,mid
ENSG00000106392_C1GALT1,9.81088859,mid
ENSG00000171853_TRAPPC12,9.810868758,mid
ENSG00000244187_TMEM141,9.810548914,mid
ENSG00000134463_ECHDC3,9.810241283,mid
ENSG00000172765_TMCC1,9.809758495,mid
ENSG00000234678_ELF3-AS1,9.809718526,mid
ENSG00000122641_INHBA,9.809631163,mid
ENSG00000144228_SPOPL,9.80947535,mid
ENSG00000090447_TFAP4,9.808909123,mid
ENSG00000003147_ICA1,9.807206528,mid
ENSG00000094880_CDC23,9.806862117,mid
ENSG00000134758_RNF138,9.805951485,mid
ENSG00000204386_NEU1,9.805910047,mid
ENSG00000198721_ECI2,9.805668202,mid
ENSG00000105135_ILVBL,9.805635961,mid
ENSG00000001167_NFYA,9.805627626,mid
ENSG00000079313_REXO1,9.80546501,mid
ENSG00000116704_SLC35D1,9.805220966,mid
ENSG00000174669_SLC29A2,9.803796718,mid
ENSG00000049245_VAMP3,9.803603386,mid
ENSG00000140284_SLC27A2,9.803405258,mid
ENSG00000246705_H2AFJ,9.802550958,mid
ENSG00000170855_TRIAP1,9.802115955,mid
ENSG00000164631_ZNF12,9.801449059,mid
ENSG00000176155_CCDC57,9.801365117,mid
ENSG00000051108_HERPUD1,9.801277593,mid
ENSG00000111711_GOLT1B,9.801083922,mid
ENSG00000148737_TCF7L2,9.800831062,mid
ENSG00000079616_KIF22,9.79909174,mid
ENSG00000129691_ASH2L,9.798959001,mid
ENSG00000196705_ZNF431,9.798906352,mid
ENSG00000119969_HELLS,9.798637405,mid
ENSG00000100578_KIAA0586,9.798522116,mid
ENSG00000143772_ITPKB,9.798482481,mid
ENSG00000079215_SLC1A3,9.798195849,mid
ENSG00000100416_TRMU,9.798153268,mid
ENSG00000122783_CYREN,9.79814533,mid
ENSG00000101407_TTI1,9.797677626,mid
ENSG00000108854_SMURF2,9.796230592,mid
ENSG00000116095_PLEKHA3,9.796184862,mid
ENSG00000127980_PEX1,9.795992365,mid
ENSG00000117758_STX12,9.79599039,mid
ENSG00000109118_PHF12,9.794377764,mid
ENSG00000244879_GABPB1-AS1,9.794315197,mid
ENSG00000182108_DEXI,9.794310057,mid
ENSG00000136159_NUDT15,9.794259783,mid
ENSG00000140598_EFL1,9.79387378,mid
ENSG00000169682_SPNS1,9.793459715,mid
ENSG00000094914_AAAS,9.793297656,mid
ENSG00000141524_TMC6,9.793267182,mid
ENSG00000176715_ACSF3,9.792593594,mid
ENSG00000159256_MORC3,9.792336669,mid
ENSG00000176055_MBLAC2,9.79129783,mid
ENSG00000121486_TRMT1L,9.790743895,mid
ENSG00000129566_TEP1,9.789324714,mid
ENSG00000241258_CRCP,9.788736244,mid
ENSG00000103148_NPRL3,9.787916355,mid
ENSG00000164086_DUSP7,9.78781058,mid
ENSG00000142892_PIGK,9.787695981,mid
ENSG00000133393_FOPNL,9.78686996,mid
ENSG00000186767_SPIN4,9.786556666,mid
ENSG00000144455_SUMF1,9.786303989,mid
ENSG00000165724_ZMYND19,9.78609302,mid
ENSG00000183853_KIRREL1,9.785906809,mid
ENSG00000170584_NUDCD2,9.785780878,mid
ENSG00000021574_SPAST,9.785721539,mid
ENSG00000131148_EMC8,9.785626633,mid
ENSG00000095059_DHPS,9.785570899,mid
ENSG00000136827_TOR1A,9.785486646,mid
ENSG00000130254_SAFB2,9.785244454,mid
ENSG00000232677_LINC00665,9.784637501,mid
ENSG00000151092_NGLY1,9.784466654,mid
ENSG00000171148_TADA3,9.784370923,mid
ENSG00000107077_KDM4C,9.784166941,mid
ENSG00000198837_DENND4B,9.784010301,mid
ENSG00000132359_RAP1GAP2,9.783631358,mid
ENSG00000160949_TONSL,9.783503795,mid
ENSG00000170448_NFXL1,9.783360201,mid
ENSG00000167674_HDGFL2,9.783256983,mid
ENSG00000129473_BCL2L2,9.783108526,mid
ENSG00000151135_TMEM263,9.783059072,mid
ENSG00000152078_TLCD4,9.78281567,mid
ENSG00000137161_CNPY3,9.782536228,mid
ENSG00000163220_S100A9,9.78239077,mid
ENSG00000188690_UROS,9.781125805,mid
ENSG00000148468_FAM171A1,9.780424784,mid
ENSG00000196792_STRN3,9.779543775,mid
ENSG00000137944_KYAT3,9.779475229,mid
ENSG00000115486_GGCX,9.778584858,mid
ENSG00000138641_HERC3,9.778238165,mid
ENSG00000131876_SNRPA1,9.778013533,mid
ENSG00000119725_ZNF410,9.777482218,mid
ENSG00000236287_ZBED5,9.777466599,mid
ENSG00000175634_RPS6KB2,9.777292138,mid
ENSG00000275895_U2AF1L5,9.777168752,mid
ENSG00000147130_ZMYM3,9.777032541,mid
ENSG00000149308_NPAT,9.776225258,mid
ENSG00000141696_P3H4,9.776188458,mid
ENSG00000138750_NUP54,9.775627676,mid
ENSG00000105185_PDCD5,9.775596999,mid
ENSG00000064886_CHI3L2,9.775455971,mid
ENSG00000128534_LSM8,9.773502751,mid
ENSG00000147316_MCPH1,9.772705804,mid
ENSG00000082781_ITGB5,9.772685733,mid
ENSG00000203879_GDI1,9.772631424,mid
ENSG00000169679_BUB1,9.772038119,mid
ENSG00000047578_KIAA0556,9.771751634,mid
ENSG00000173638_SLC19A1,9.771679609,mid
ENSG00000187134_AKR1C1,9.771495357,mid
ENSG00000174606_ANGEL2,9.771470631,mid
ENSG00000126749_EMG1,9.770956525,mid
ENSG00000162069_BICDL2,9.770388587,mid
ENSG00000115649_CNPPD1,9.77027194,mid
ENSG00000133195_SLC39A11,9.769824152,mid
ENSG00000121067_SPOP,9.769573273,mid
ENSG00000127328_RAB3IP,9.769379043,mid
ENSG00000110274_CEP164,9.769042292,mid
ENSG00000148908_RGS10,9.76891602,mid
ENSG00000117475_BLZF1,9.767891206,mid
ENSG00000144635_DYNC1LI1,9.766595027,mid
ENSG00000106780_MEGF9,9.766215524,mid
ENSG00000126814_TRMT5,9.765875237,mid
ENSG00000049239_H6PD,9.76580691,mid
ENSG00000184207_PGP,9.76528999,mid
ENSG00000164654_MIOS,9.764735858,mid
ENSG00000172977_KAT5,9.764423686,mid
ENSG00000163214_DHX57,9.763510257,mid
ENSG00000100726_TELO2,9.763163616,mid
ENSG00000133315_MACROD1,9.762137101,mid
ENSG00000141569_TRIM65,9.761876354,mid
ENSG00000115840_SLC25A12,9.761250777,mid
ENSG00000126767_ELK1,9.760461145,mid
ENSG00000114744_COMMD2,9.760278087,mid
ENSG00000277075_HIST1H2AE,9.760184582,mid
ENSG00000038210_PI4K2B,9.760069937,mid
ENSG00000137337_MDC1,9.759608638,mid
ENSG00000107897_ACBD5,9.759403619,mid
ENSG00000113240_CLK4,9.759090555,mid
ENSG00000145779_TNFAIP8,9.758922602,mid
ENSG00000140450_ARRDC4,9.75798417,mid
ENSG00000158467_AHCYL2,9.756709523,mid
ENSG00000037749_MFAP3,9.755897839,mid
ENSG00000183336_BOLA2,9.755697093,mid
ENSG00000137100_DCTN3,9.755508443,mid
ENSG00000100296_THOC5,9.755243069,mid
ENSG00000134265_NAPG,9.755203474,mid
ENSG00000158623_COPG2,9.755008691,mid
ENSG00000107758_PPP3CB,9.754885685,mid
ENSG00000181649_PHLDA2,9.754719498,mid
ENSG00000012174_MBTPS2,9.754661815,mid
ENSG00000000419_DPM1,9.754200585,mid
ENSG00000037757_MRI1,9.753944146,mid
ENSG00000099899_TRMT2A,9.753820068,mid
ENSG00000114098_ARMC8,9.753791867,mid
ENSG00000120318_ARAP3,9.753037131,mid
ENSG00000185085_INTS5,9.752481022,mid
ENSG00000179151_EDC3,9.751908841,mid
ENSG00000168286_THAP11,9.751892413,mid
ENSG00000070190_DAPP1,9.75151303,mid
ENSG00000185344_ATP6V0A2,9.751481363,mid
ENSG00000165264_NDUFB6,9.751252845,mid
ENSG00000135775_COG2,9.751086252,mid
ENSG00000163904_SENP2,9.750835777,mid
ENSG00000142623_PADI1,9.750661598,mid
ENSG00000007545_CRAMP1,9.749601965,mid
ENSG00000128944_KNSTRN,9.749540273,mid
ENSG00000104886_PLEKHJ1,9.749461335,mid
ENSG00000108669_CYTH1,9.749205794,mid
ENSG00000050130_JKAMP,9.748591184,mid
ENSG00000117877_CD3EAP,9.748457103,mid
ENSG00000131043_AAR2,9.748404312,mid
ENSG00000198707_CEP290,9.748270764,mid
ENSG00000173085_COQ2,9.747452634,mid
ENSG00000020129_NCDN,9.747246986,mid
ENSG00000204560_DHX16,9.746938047,mid
ENSG00000130803_ZNF317,9.746655982,mid
ENSG00000198718_TOGARAM1,9.746610995,mid
ENSG00000153066_TXNDC11,9.746390973,mid
ENSG00000108592_FTSJ3,9.745676095,mid
ENSG00000118600_RXYLT1,9.745637211,mid
ENSG00000172062_SMN1,9.744278695,mid
ENSG00000012061_ERCC1,9.743943386,mid
ENSG00000125037_EMC3,9.743369932,mid
ENSG00000124181_PLCG1,9.743069095,mid
ENSG00000053372_MRTO4,9.742915364,mid
ENSG00000149657_LSM14B,9.74278954,mid
ENSG00000100744_GSKIP,9.742691371,mid
ENSG00000013503_POLR3B,9.742568718,mid
ENSG00000180488_MIGA1,9.742425024,mid
ENSG00000068323_TFE3,9.741393886,mid
ENSG00000122966_CIT,9.740666483,mid
ENSG00000184307_ZDHHC23,9.740325598,mid
ENSG00000028116_VRK2,9.740154306,mid
ENSG00000024526_DEPDC1,9.740056097,mid
ENSG00000256269_HMBS,9.739532048,mid
ENSG00000162775_RBM15,9.739054912,mid
ENSG00000225470_JPX,9.738987149,mid
ENSG00000107960_STN1,9.737722715,mid
ENSG00000144840_RABL3,9.736515655,mid
ENSG00000005175_RPAP3,9.736336928,mid
ENSG00000140403_DNAJA4,9.736044644,mid
ENSG00000136807_CDK9,9.735667835,mid
ENSG00000112651_MRPL2,9.735641449,mid
ENSG00000113504_SLC12A7,9.735484918,mid
ENSG00000105127_AKAP8,9.734903788,mid
ENSG00000120616_EPC1,9.733952664,mid
ENSG00000153879_CEBPG,9.733729662,mid
ENSG00000104343_UBE2W,9.733591477,mid
ENSG00000175137_SH3BP5L,9.733180604,mid
ENSG00000173960_UBXN2A,9.73252722,mid
ENSG00000140750_ARHGAP17,9.732362857,mid
ENSG00000144827_ABHD10,9.732085531,mid
ENSG00000183648_NDUFB1,9.732062781,mid
ENSG00000146828_SLC12A9,9.731969844,mid
ENSG00000162408_NOL9,9.731874394,mid
ENSG00000170365_SMAD1,9.731711821,mid
ENSG00000177303_CASKIN2,9.731055977,mid
ENSG00000139168_ZCRB1,9.731039914,mid
ENSG00000186001_LRCH3,9.730963339,mid
ENSG00000109193_SULT1E1,9.730884746,mid
ENSG00000105793_GTPBP10,9.730720613,mid
ENSG00000125447_GGA3,9.73069794,mid
ENSG00000172986_GXYLT2,9.730193045,mid
ENSG00000167775_CD320,9.728930698,mid
ENSG00000004975_DVL2,9.728781431,mid
ENSG00000228300_FAM174C,9.728655769,mid
ENSG00000058056_USP13,9.72833711,mid
ENSG00000198728_LDB1,9.727877127,mid
ENSG00000163947_ARHGEF3,9.727288605,mid
ENSG00000166575_TMEM135,9.726226532,mid
ENSG00000078237_TIGAR,9.726124697,mid
ENSG00000100258_LMF2,9.725322986,mid
ENSG00000106305_AIMP2,9.72530721,mid
ENSG00000136891_TEX10,9.725183935,mid
ENSG00000183605_SFXN4,9.724941204,mid
ENSG00000146918_NCAPG2,9.724900975,mid
ENSG00000167395_ZNF646,9.724891866,mid
ENSG00000111961_SASH1,9.724578754,mid
ENSG00000138835_RGS3,9.724538943,mid
ENSG00000160256_FAM207A,9.724008184,mid
ENSG00000168496_FEN1,9.723569195,mid
ENSG00000169255_B3GALNT1,9.7235434,mid
ENSG00000204054_LINC00963,9.723491571,mid
ENSG00000178802_MPI,9.7228173,mid
ENSG00000184232_OAF,9.721859949,mid
ENSG00000103507_BCKDK,9.720698728,mid
ENSG00000167608_TMC4,9.719490613,mid
ENSG00000188735_TMEM120B,9.71839523,mid
ENSG00000123595_RAB9A,9.718358677,mid
ENSG00000137168_PPIL1,9.717843136,mid
ENSG00000095906_NUBP2,9.717529017,mid
ENSG00000160255_ITGB2,9.717427401,mid
ENSG00000167695_TLCD3A,9.716938622,mid
ENSG00000134533_RERG,9.716574387,mid
ENSG00000184564_SLITRK6,9.716313811,mid
ENSG00000157657_ZNF618,9.716188092,mid
ENSG00000085276_MECOM,9.715936974,mid
ENSG00000161526_SAP30BP,9.715812731,mid
ENSG00000174915_PTDSS2,9.715803307,mid
ENSG00000161267_BDH1,9.715473006,mid
ENSG00000174917_MICOS13,9.715003411,mid
ENSG00000164933_SLC25A32,9.714843771,mid
ENSG00000182224_CYB5D1,9.714104387,mid
ENSG00000104412_EMC2,9.713709637,mid
ENSG00000168397_ATG4B,9.712450828,mid
ENSG00000028310_BRD9,9.712347234,mid
ENSG00000159079_CFAP298,9.712255896,mid
ENSG00000184182_UBE2F,9.712042843,mid
ENSG00000125657_TNFSF9,9.711813082,mid
ENSG00000094975_SUCO,9.710877443,mid
ENSG00000001497_LAS1L,9.710800406,mid
ENSG00000162627_SNX7,9.71072594,mid
ENSG00000158805_ZNF276,9.710557399,mid
ENSG00000121716_PILRB,9.710310549,mid
ENSG00000177030_DEAF1,9.710305175,mid
ENSG00000185924_RTN4RL1,9.709578811,mid
ENSG00000157796_WDR19,9.709565239,mid
ENSG00000131013_PPIL4,9.709345702,mid
ENSG00000115935_WIPF1,9.70884107,mid
ENSG00000164187_LMBRD2,9.707908702,mid
ENSG00000161542_PRPSAP1,9.707840472,mid
ENSG00000110046_ATG2A,9.707513548,mid
ENSG00000152061_RABGAP1L,9.707000846,mid
ENSG00000133059_DSTYK,9.706711462,mid
ENSG00000092098_RNF31,9.705747519,mid
ENSG00000155393_HEATR3,9.705519992,mid
ENSG00000126088_UROD,9.704254229,mid
ENSG00000145016_RUBCN,9.704167005,mid
ENSG00000176623_RMDN1,9.703474406,mid
ENSG00000159263_SIM2,9.703232465,mid
ENSG00000198464_ZNF480,9.703207296,mid
ENSG00000166579_NDEL1,9.703112165,mid
ENSG00000168256_NKIRAS2,9.703060625,mid
ENSG00000163701_IL17RE,9.701819459,mid
ENSG00000165572_KBTBD6,9.701205064,mid
ENSG00000143889_HNRNPLL,9.700191683,mid
ENSG00000079462_PAFAH1B3,9.699998313,mid
ENSG00000047644_WWC3,9.699297709,mid
ENSG00000006530_AGK,9.698536159,mid
ENSG00000156958_GALK2,9.698347455,mid
ENSG00000082269_FAM135A,9.69805722,mid
ENSG00000164180_TMEM161B,9.697822813,mid
ENSG00000090565_RAB11FIP3,9.697735739,mid
ENSG00000141012_GALNS,9.697543017,mid
ENSG00000155850_SLC26A2,9.697026238,mid
ENSG00000060558_GNA15,9.696577505,mid
ENSG00000163866_SMIM12,9.6960304,mid
ENSG00000130165_ELOF1,9.695600287,mid
ENSG00000147324_MFHAS1,9.695028108,mid
ENSG00000155744_FAM126B,9.694502664,mid
ENSG00000064933_PMS1,9.693517339,mid
ENSG00000145375_SPATA5,9.691997474,mid
ENSG00000189057_FAM111B,9.691839935,mid
ENSG00000135632_SMYD5,9.691590218,mid
ENSG00000121210_TMEM131L,9.691129435,mid
ENSG00000113448_PDE4D,9.690819474,mid
ENSG00000164938_TP53INP1,9.690586639,mid
ENSG00000143320_CRABP2,9.690423538,mid
ENSG00000137331_IER3,9.690130202,mid
ENSG00000204604_ZNF468,9.688869863,mid
ENSG00000117691_NENF,9.688649125,mid
ENSG00000141378_PTRH2,9.688513926,mid
ENSG00000005801_ZNF195,9.688465368,mid
ENSG00000151612_ZNF827,9.68843024,mid
ENSG00000018189_RUFY3,9.688134287,mid
ENSG00000188938_FAM120AOS,9.687737178,mid
ENSG00000112031_MTRF1L,9.687483402,mid
ENSG00000007520_TSR3,9.687160073,mid
ENSG00000135392_DNAJC14,9.687061344,mid
ENSG00000130768_SMPDL3B,9.686483043,mid
ENSG00000099849_RASSF7,9.686470885,mid
ENSG00000105552_BCAT2,9.686437872,mid
ENSG00000147050_KDM6A,9.6862448,mid
ENSG00000130332_LSM7,9.686006879,mid
ENSG00000108306_FBXL20,9.68472638,mid
ENSG00000132357_CARD6,9.684673704,mid
ENSG00000181588_MEX3D,9.68439523,mid
ENSG00000182247_UBE2E2,9.684144,mid
ENSG00000160439_RDH13,9.683778877,mid
ENSG00000182175_RGMA,9.68345926,mid
ENSG00000146411_SLC2A12,9.683330552,mid
ENSG00000138942_RNF185,9.683311638,mid
ENSG00000135297_MTO1,9.683175825,mid
ENSG00000130731_METTL26,9.682802277,mid
ENSG00000112561_TFEB,9.682556145,mid
ENSG00000123297_TSFM,9.682455921,mid
ENSG00000073536_NLE1,9.681549218,mid
ENSG00000116857_TMEM9,9.681413979,mid
ENSG00000121749_TBC1D15,9.680934546,mid
ENSG00000154144_TBRG1,9.680550552,mid
ENSG00000137824_RMDN3,9.68009045,mid
ENSG00000087338_GMCL1,9.680051557,mid
ENSG00000145388_METTL14,9.677412652,mid
ENSG00000147687_TATDN1,9.677332165,mid
ENSG00000170485_NPAS2,9.677307775,mid
ENSG00000215440_NPEPL1,9.67685809,mid
ENSG00000086827_ZW10,9.676692347,mid
ENSG00000068024_HDAC4,9.675886559,mid
ENSG00000163684_RPP14,9.675815963,mid
ENSG00000135164_DMTF1,9.675295111,mid
ENSG00000106003_LFNG,9.675212432,mid
ENSG00000174744_BRMS1,9.674579604,mid
ENSG00000167797_CDK2AP2,9.674541411,mid
ENSG00000215305_VPS16,9.674398251,mid
ENSG00000226742_HSBP1L1,9.674239158,mid
ENSG00000186205_MARC1,9.674214308,mid
ENSG00000134330_IAH1,9.674023998,mid
ENSG00000004766_VPS50,9.673840145,mid
ENSG00000162813_BPNT1,9.673783769,mid
ENSG00000102034_ELF4,9.673184534,mid
ENSG00000013561_RNF14,9.673177572,mid
ENSG00000111358_GTF2H3,9.67284651,mid
ENSG00000151353_TMEM18,9.672840213,mid
ENSG00000004700_RECQL,9.671531108,mid
ENSG00000137817_PARP6,9.671381691,mid
ENSG00000137807_KIF23,9.670977681,mid
ENSG00000171503_ETFDH,9.670905484,mid
ENSG00000170190_SLC16A5,9.670368665,mid
ENSG00000100711_ZFYVE21,9.669003358,mid
ENSG00000133103_COG6,9.6682084,mid
ENSG00000139323_POC1B,9.667297202,mid
ENSG00000070366_SMG6,9.66712602,mid
ENSG00000133884_DPF2,9.666948324,mid
ENSG00000104356_POP1,9.666805447,mid
ENSG00000225697_SLC26A6,9.666556681,mid
ENSG00000128159_TUBGCP6,9.666482038,mid
ENSG00000040933_INPP4A,9.666360674,mid
ENSG00000167702_KIFC2,9.666174188,mid
ENSG00000177150_FAM210A,9.665974371,mid
ENSG00000135945_REV1,9.665896522,mid
ENSG00000103226_NOMO3,9.66579874,mid
ENSG00000131495_NDUFA2,9.66528376,mid
ENSG00000181220_ZNF746,9.6650728,mid
ENSG00000139178_C1RL,9.665038629,mid
ENSG00000177613_CSTF2T,9.664375732,mid
ENSG00000100395_L3MBTL2,9.66406266,mid
ENSG00000175550_DRAP1,9.663849959,mid
ENSG00000070476_ZXDC,9.663586843,mid
ENSG00000169891_REPS2,9.663278476,mid
ENSG00000104915_STX10,9.663059731,mid
ENSG00000111490_TBC1D30,9.662340563,mid
ENSG00000166595_CIAO2B,9.66211719,mid
ENSG00000107554_DNMBP,9.662087952,mid
ENSG00000085978_ATG16L1,9.662061413,mid
ENSG00000144524_COPS7B,9.661276973,mid
ENSG00000148339_SLC25A25,9.661173274,mid
ENSG00000215271_HOMEZ,9.661083886,mid
ENSG00000162144_CYB561A3,9.661030978,mid
ENSG00000140548_ZNF710,9.660714411,mid
ENSG00000186470_BTN3A2,9.659919624,mid
ENSG00000134996_OSTF1,9.659767454,mid
ENSG00000146063_TRIM41,9.659228978,mid
ENSG00000268621_IGFL2-AS1,9.659216004,mid
ENSG00000205903_ZNF316,9.659180378,mid
ENSG00000116903_EXOC8,9.659066554,mid
ENSG00000178202_POGLUT3,9.658965866,mid
ENSG00000012048_BRCA1,9.658743456,mid
ENSG00000177683_THAP5,9.658236303,mid
ENSG00000070010_UFD1,9.6581132,mid
ENSG00000154229_PRKCA,9.657804833,mid
ENSG00000084693_AGBL5,9.657475048,mid
ENSG00000115145_STAM2,9.656173509,mid
ENSG00000103245_CIAO3,9.656149585,mid
ENSG00000102265_TIMP1,9.655953433,mid
ENSG00000136152_COG3,9.655276728,mid
ENSG00000253738_OTUD6B-AS1,9.655245496,mid
ENSG00000177556_ATOX1,9.654653318,mid
ENSG00000147679_UTP23,9.653976968,mid
ENSG00000020577_SAMD4A,9.653770566,mid
ENSG00000163913_IFT122,9.653539724,mid
ENSG00000135540_NHSL1,9.653410398,mid
ENSG00000105879_CBLL1,9.652952017,mid
ENSG00000087510_TFAP2C,9.652354566,mid
ENSG00000079819_EPB41L2,9.651489662,mid
ENSG00000139637_C12orf10,9.65141746,mid
ENSG00000103005_USB1,9.651127,mid
ENSG00000183741_CBX6,9.650990663,mid
ENSG00000165819_METTL3,9.6507737,mid
ENSG00000109670_FBXW7,9.650377403,mid
ENSG00000173511_VEGFB,9.65036838,mid
ENSG00000171451_DSEL,9.650244662,mid
ENSG00000145743_FBXL17,9.650000013,mid
ENSG00000147669_POLR2K,9.649896394,mid
ENSG00000169519_METTL15,9.649397484,mid
ENSG00000111364_DDX55,9.648719872,mid
ENSG00000135457_TFCP2,9.648450081,mid
ENSG00000149554_CHEK1,9.648217208,mid
ENSG00000132623_ANKEF1,9.64765657,mid
ENSG00000165644_COMTD1,9.647153719,mid
ENSG00000196670_ZFP62,9.646806245,mid
ENSG00000117155_SSX2IP,9.646548347,mid
ENSG00000103264_FBXO31,9.646393913,mid
ENSG00000004961_HCCS,9.646306609,mid
ENSG00000243646_IL10RB,9.646259341,mid
ENSG00000204160_ZDHHC18,9.646227666,mid
ENSG00000174749_FAM241A,9.645709135,mid
ENSG00000177426_TGIF1,9.645256687,mid
ENSG00000124120_TTPAL,9.644997499,mid
ENSG00000124788_ATXN1,9.644527184,mid
ENSG00000072756_TRNT1,9.643877604,mid
ENSG00000168040_FADD,9.643583016,mid
ENSG00000164172_MOCS2,9.643303126,mid
ENSG00000154832_CXXC1,9.643099853,mid
ENSG00000070081_NUCB2,9.64249341,mid
ENSG00000170906_NDUFA3,9.642340457,mid
ENSG00000013573_DDX11,9.640907369,mid
ENSG00000180346_TIGD2,9.639497009,mid
ENSG00000144802_NFKBIZ,9.638958786,mid
ENSG00000126787_DLGAP5,9.63808977,mid
ENSG00000135473_PAN2,9.637762517,mid
ENSG00000278730_AC005332.6,9.637586565,mid
ENSG00000130363_RSPH3,9.637390482,mid
ENSG00000163702_IL17RC,9.636305049,mid
ENSG00000068885_IFT80,9.635989718,mid
ENSG00000100814_CCNB1IP1,9.635260525,mid
ENSG00000010803_SCMH1,9.635129917,mid
ENSG00000138032_PPM1B,9.635004063,mid
ENSG00000111880_RNGTT,9.634605596,mid
ENSG00000112874_NUDT12,9.634112027,mid
ENSG00000101577_LPIN2,9.633770727,mid
ENSG00000064012_CASP8,9.633478747,mid
ENSG00000077713_SLC25A43,9.633464604,mid
ENSG00000147905_ZCCHC7,9.632846029,mid
ENSG00000241484_ARHGAP8,9.632698343,mid
ENSG00000197976_AKAP17A,9.632619928,mid
ENSG00000026103_FAS,9.632583006,mid
ENSG00000138271_GPR87,9.632232849,mid
ENSG00000076382_SPAG5,9.631871102,mid
ENSG00000100324_TAB1,9.631176922,mid
ENSG00000144554_FANCD2,9.631133138,mid
ENSG00000117640_MTFR1L,9.630500962,mid
ENSG00000131620_ANO1,9.630399455,mid
ENSG00000084636_COL16A1,9.630375381,mid
ENSG00000143373_ZNF687,9.630063815,mid
ENSG00000007392_LUC7L,9.629943041,mid
ENSG00000140474_ULK3,9.629803412,mid
ENSG00000147789_ZNF7,9.629772089,mid
ENSG00000130713_EXOSC2,9.629611239,mid
ENSG00000243927_MRPS6,9.628744369,mid
ENSG00000135549_PKIB,9.628692821,mid
ENSG00000135974_C2orf49,9.628279143,mid
ENSG00000103037_SETD6,9.627466848,mid
ENSG00000008256_CYTH3,9.627332109,mid
ENSG00000158850_B4GALT3,9.627005779,mid
ENSG00000137843_PAK6,9.626684663,mid
ENSG00000239857_GET4,9.626469,mid
ENSG00000140995_DEF8,9.626434605,mid
ENSG00000119125_GDA,9.62543906,mid
ENSG00000165516_KLHDC2,9.624311525,mid
ENSG00000048342_CC2D2A,9.624015738,mid
ENSG00000128016_ZFP36,9.62338568,mid
ENSG00000215182_MUC5AC,9.622974497,mid
ENSG00000170006_TMEM154,9.622512641,mid
ENSG00000150867_PIP4K2A,9.622281584,mid
ENSG00000108599_AKAP10,9.622095657,mid
ENSG00000083093_PALB2,9.621789468,mid
ENSG00000274070_CASTOR2,9.621749706,mid
ENSG00000109805_NCAPG,9.621374068,mid
ENSG00000166848_TERF2IP,9.620919893,mid
ENSG00000174125_TLR1,9.620714134,mid
ENSG00000224032_EPB41L4A-AS1,9.620539585,mid
ENSG00000071462_BUD23,9.619876637,mid
ENSG00000063322_MED29,9.619775709,mid
ENSG00000105755_ETHE1,9.618821579,mid
ENSG00000140395_WDR61,9.618697278,mid
ENSG00000184014_DENND5A,9.61840404,mid
ENSG00000102996_MMP15,9.617750773,mid
ENSG00000224578_HNRNPA1P48,9.617695018,mid
ENSG00000184675_AMER1,9.617095135,mid
ENSG00000165792_METTL17,9.616758184,mid
ENSG00000006712_PAF1,9.616719703,mid
ENSG00000120526_NUDCD1,9.615751597,mid
ENSG00000165806_CASP7,9.615711964,mid
ENSG00000057757_PITHD1,9.61538056,mid
ENSG00000159363_ATP13A2,9.615071222,mid
ENSG00000155252_PI4K2A,9.614987695,mid
ENSG00000204946_ZNF783,9.613543299,mid
ENSG00000141552_ANAPC11,9.613360005,mid
ENSG00000185504_FAAP100,9.612303195,mid
ENSG00000055163_CYFIP2,9.611639124,mid
ENSG00000122008_POLK,9.610673465,mid
ENSG00000188786_MTF1,9.610441083,mid
ENSG00000059728_MXD1,9.609734501,mid
ENSG00000176444_CLK2,9.609708771,mid
ENSG00000119048_UBE2B,9.609633277,mid
ENSG00000104671_DCTN6,9.609481024,mid
ENSG00000278129_ZNF8,9.609055025,mid
ENSG00000087995_METTL2A,9.607776107,mid
ENSG00000156504_FAM122B,9.607766084,mid
ENSG00000176018_LYSMD3,9.606708604,mid
ENSG00000178409_BEND3,9.606236183,mid
ENSG00000087586_AURKA,9.606234104,mid
ENSG00000119401_TRIM32,9.605432061,mid
ENSG00000182107_TMEM30B,9.6053229,mid
ENSG00000101187_SLCO4A1,9.604966002,mid
ENSG00000137413_TAF8,9.604482879,mid
ENSG00000110801_PSMD9,9.60360895,mid
ENSG00000185049_NELFA,9.603538218,mid
ENSG00000134480_CCNH,9.603441893,mid
ENSG00000198954_KIF1BP,9.603193605,mid
ENSG00000155959_VBP1,9.602783476,mid
ENSG00000150316_CWC15,9.602576078,mid
ENSG00000258429_PDF,9.601929816,mid
ENSG00000077684_JADE1,9.601461196,mid
ENSG00000147421_HMBOX1,9.601267785,mid
ENSG00000134897_BIVM,9.601141879,mid
ENSG00000205268_PDE7A,9.600868979,mid
ENSG00000081026_MAGI3,9.600809102,mid
ENSG00000198478_SH3BGRL2,9.600738088,mid
ENSG00000132275_RRP8,9.60042449,mid
ENSG00000112299_VNN1,9.600385604,mid
ENSG00000075188_NUP37,9.600326302,mid
ENSG00000120697_ALG5,9.600172086,mid
ENSG00000109445_ZNF330,9.600008916,mid
ENSG00000119421_NDUFA8,9.599370276,mid
ENSG00000145354_CISD2,9.599115597,mid
ENSG00000135249_RINT1,9.598945034,mid
ENSG00000185324_CDK10,9.59865253,mid
ENSG00000115274_INO80B,9.597773026,mid
ENSG00000114767_RRP9,9.597477747,mid
ENSG00000177302_TOP3A,9.597349016,mid
ENSG00000059378_PARP12,9.596877481,mid
ENSG00000127054_INTS11,9.596835219,mid
ENSG00000177105_RHOG,9.596144801,mid
ENSG00000114648_KLHL18,9.595734196,mid
ENSG00000084070_SMAP2,9.594790401,mid
ENSG00000196517_SLC6A9,9.594507057,mid
ENSG00000146263_MMS22L,9.594393264,mid
ENSG00000055211_GINM1,9.594235727,mid
ENSG00000117481_NSUN4,9.593903959,mid
ENSG00000019995_ZRANB1,9.59387219,mid
ENSG00000237515_SHISA9,9.593771595,mid
ENSG00000100422_CERK,9.592616271,mid
ENSG00000065621_GSTO2,9.59210265,mid
ENSG00000186416_NKRF,9.59134847,mid
ENSG00000130479_MAP1S,9.590926334,mid
ENSG00000053900_ANAPC4,9.590581634,mid
ENSG00000175193_PARL,9.590558508,mid
ENSG00000177576_C18orf32,9.590414644,mid
ENSG00000145332_KLHL8,9.590291952,mid
ENSG00000128513_POT1,9.590175835,mid
ENSG00000173011_TADA2B,9.590144138,mid
ENSG00000108826_MRPL27,9.589836512,mid
ENSG00000100439_ABHD4,9.589820086,mid
ENSG00000170113_NIPA1,9.589384633,mid
ENSG00000107829_FBXW4,9.588423192,mid
ENSG00000106355_LSM5,9.587456289,mid
ENSG00000184220_CMSS1,9.586381146,mid
ENSG00000141562_NARF,9.586194051,mid
ENSG00000203950_RTL8A,9.585409226,mid
ENSG00000125485_DDX31,9.584539262,mid
ENSG00000006652_IFRD1,9.584305225,mid
ENSG00000185800_DMWD,9.583739204,mid
ENSG00000139131_YARS2,9.583419893,mid
ENSG00000022567_SLC45A4,9.582901244,mid
ENSG00000182534_MXRA7,9.582854241,mid
ENSG00000119138_KLF9,9.582640386,mid
ENSG00000164038_SLC9B2,9.58212847,mid
ENSG00000087253_LPCAT2,9.582084551,mid
ENSG00000173065_FAM222B,9.582013687,mid
ENSG00000144468_RHBDD1,9.581446158,mid
ENSG00000179562_GCC1,9.581413321,mid
ENSG00000176845_METRNL,9.58126786,mid
ENSG00000133193_FAM104A,9.579919721,mid
ENSG00000164855_TMEM184A,9.579382811,mid
ENSG00000239779_WBP1,9.579100618,mid
ENSG00000169136_ATF5,9.578453736,mid
ENSG00000007384_RHBDF1,9.578416279,mid
ENSG00000181744_DIPK2A,9.578158246,mid
ENSG00000103091_WDR59,9.578142462,mid
ENSG00000164307_ERAP1,9.578083613,mid
ENSG00000115211_EIF2B4,9.577010683,mid
ENSG00000109466_KLHL2,9.576978625,mid
ENSG00000016391_CHDH,9.576955434,mid
ENSG00000177542_SLC25A22,9.576645363,mid
ENSG00000125450_NUP85,9.576478338,mid
ENSG00000116874_WARS2,9.576432755,mid
ENSG00000159792_PSKH1,9.576351608,mid
ENSG00000119522_DENND1A,9.57624195,mid
ENSG00000168395_ING5,9.575225403,mid
ENSG00000186493_C5orf38,9.574684247,mid
ENSG00000151012_SLC7A11,9.574651377,mid
ENSG00000197265_GTF2E2,9.574334374,mid
ENSG00000167862_MRPL58,9.574288744,mid
ENSG00000117308_GALE,9.573502511,mid
ENSG00000188352_FOCAD,9.573418573,mid
ENSG00000136146_MED4,9.572621695,mid
ENSG00000065308_TRAM2,9.572188403,mid
ENSG00000062822_POLD1,9.571933863,mid
ENSG00000101417_PXMP4,9.570987254,mid
ENSG00000064703_DDX20,9.570658103,mid
ENSG00000143845_ETNK2,9.570380517,mid
ENSG00000144535_DIS3L2,9.570027798,mid
ENSG00000165895_ARHGAP42,9.570006843,mid
ENSG00000067208_EVI5,9.569151822,mid
ENSG00000124664_SPDEF,9.568409632,mid
ENSG00000125148_MT2A,9.568296685,mid
ENSG00000187051_RPS19BP1,9.568027168,mid
ENSG00000164751_PEX2,9.567907761,mid
ENSG00000134317_GRHL1,9.567610683,mid
ENSG00000065802_ASB1,9.567481806,mid
ENSG00000065970_FOXJ2,9.567263647,mid
ENSG00000141384_TAF4B,9.566949836,mid
ENSG00000080819_CPOX,9.566190368,mid
ENSG00000129480_DTD2,9.564986014,mid
ENSG00000083123_BCKDHB,9.564961842,mid
ENSG00000112304_ACOT13,9.56477049,mid
ENSG00000118503_TNFAIP3,9.564378636,mid
ENSG00000142867_BCL10,9.564319591,mid
ENSG00000047230_CTPS2,9.563863927,mid
ENSG00000164897_TMUB1,9.563782932,mid
ENSG00000160785_SLC25A44,9.563702896,mid
ENSG00000115267_IFIH1,9.563698803,mid
ENSG00000135441_BLOC1S1,9.562964144,mid
ENSG00000089127_OAS1,9.562952373,mid
ENSG00000182568_SATB1,9.562904262,mid
ENSG00000164114_MAP9,9.562890526,mid
ENSG00000083544_TDRD3,9.562288067,mid
ENSG00000215845_TSTD1,9.562281676,mid
ENSG00000138496_PARP9,9.561132882,mid
ENSG00000137513_NARS2,9.560837539,mid
ENSG00000133065_SLC41A1,9.56072586,mid
ENSG00000135801_TAF5L,9.56058362,mid
ENSG00000137269_LRRC1,9.560214885,mid
ENSG00000099804_CDC34,9.560167771,mid
ENSG00000261824_LINC00662,9.558919583,mid
ENSG00000122557_HERPUD2,9.558587585,mid
ENSG00000254004_ZNF260,9.558472079,mid
ENSG00000275713_HIST1H2BH,9.557680746,mid
ENSG00000129667_RHBDF2,9.557605577,mid
ENSG00000163510_CWC22,9.556814865,mid
ENSG00000011258_MBTD1,9.556688752,mid
ENSG00000253293_HOXA10,9.556461041,mid
ENSG00000151552_QDPR,9.556297907,mid
ENSG00000176953_NFATC2IP,9.555827486,mid
ENSG00000104731_KLHDC4,9.555576998,mid
ENSG00000122643_NT5C3A,9.555540025,mid
ENSG00000079385_CEACAM1,9.555197047,mid
ENSG00000215421_ZNF407,9.554926104,mid
ENSG00000169629_RGPD8,9.554734195,mid
ENSG00000151151_IPMK,9.554679466,mid
ENSG00000184164_CRELD2,9.554669322,mid
ENSG00000188211_NCR3LG1,9.554559783,mid
ENSG00000197903_HIST1H2BK,9.5542875,mid
ENSG00000084676_NCOA1,9.553923665,mid
ENSG00000181788_SIAH2,9.553630242,mid
ENSG00000173207_CKS1B,9.55315671,mid
ENSG00000128654_MTX2,9.553077188,mid
ENSG00000168078_PBK,9.552921615,mid
ENSG00000160111_CPAMD8,9.552660801,mid
ENSG00000114770_ABCC5,9.552323236,mid
ENSG00000168495_POLR3D,9.552142595,mid
ENSG00000104219_ZDHHC2,9.551861814,mid
ENSG00000109534_GAR1,9.551795444,mid
ENSG00000177082_WDR73,9.55086777,mid
ENSG00000140199_SLC12A6,9.55052596,mid
ENSG00000127445_PIN1,9.549261585,mid
ENSG00000146109_ABT1,9.549241528,mid
ENSG00000085552_IGSF9,9.548574106,mid
ENSG00000185753_CXorf38,9.548186903,mid
ENSG00000128656_CHN1,9.54685105,mid
ENSG00000213648_SULT1A4,9.546619617,mid
ENSG00000132604_TERF2,9.546308587,mid
ENSG00000128923_MINDY2,9.545260233,mid
ENSG00000117133_RPF1,9.545063398,mid
ENSG00000185015_CA13,9.545036124,mid
ENSG00000127527_EPS15L1,9.543608228,mid
ENSG00000104872_PIH1D1,9.543272902,mid
ENSG00000130147_SH3BP4,9.543257591,mid
ENSG00000143374_TARS2,9.543055476,mid
ENSG00000126456_IRF3,9.542720377,mid
ENSG00000154639_CXADR,9.541462002,mid
ENSG00000131899_LLGL1,9.541240796,mid
ENSG00000286219_NOTCH2NLC,9.541147492,mid
ENSG00000198824_CHAMP1,9.5410956,mid
ENSG00000114315_HES1,9.539972341,mid
ENSG00000135241_PNPLA8,9.539297545,mid
ENSG00000155545_MIER3,9.53865705,mid
ENSG00000115827_DCAF17,9.538368065,mid
ENSG00000101871_MID1,9.538204006,mid
ENSG00000204104_TRAF3IP1,9.537203104,mid
ENSG00000138439_FAM117B,9.53697403,mid
ENSG00000100281_HMGXB4,9.536858057,mid
ENSG00000139926_FRMD6,9.535758116,mid
ENSG00000163251_FZD5,9.535524494,mid
ENSG00000163743_RCHY1,9.534421502,mid
ENSG00000033011_ALG1,9.534301937,mid
ENSG00000169583_CLIC3,9.534296762,mid
ENSG00000108963_DPH1,9.534126221,mid
ENSG00000160783_PMF1,9.533835594,mid
ENSG00000136682_CBWD2,9.532879287,mid
ENSG00000135750_KCNK1,9.532787178,mid
ENSG00000167136_ENDOG,9.532709754,mid
ENSG00000171943_SRGAP2C,9.532599819,mid
ENSG00000137200_CMTR1,9.532127146,mid
ENSG00000106351_AGFG2,9.531773807,mid
ENSG00000095485_CWF19L1,9.531644343,mid
ENSG00000262879_AC005670.3,9.530578443,mid
ENSG00000120306_CYSTM1,9.530492095,mid
ENSG00000151532_VTI1A,9.529934589,mid
ENSG00000131759_RARA,9.529794071,mid
ENSG00000121310_ECHDC2,9.529619428,mid
ENSG00000166822_TMEM170A,9.529084137,mid
ENSG00000160753_RUSC1,9.528877523,mid
ENSG00000122873_CISD1,9.528682188,mid
ENSG00000125995_ROMO1,9.528502668,mid
ENSG00000171307_ZDHHC16,9.52839948,mid
ENSG00000102100_SLC35A2,9.52837718,mid
ENSG00000118922_KLF12,9.528228255,mid
ENSG00000132964_CDK8,9.527399401,mid
ENSG00000182580_EPHB3,9.527354061,mid
ENSG00000163735_CXCL5,9.527123417,mid
ENSG00000119927_GPAM,9.526911365,mid
ENSG00000247596_TWF2,9.52680275,mid
ENSG00000267519_AC020916.1,9.526395815,mid
ENSG00000284024_HSPA14,9.526226289,mid
ENSG00000005436_GCFC2,9.525537234,mid
ENSG00000100592_DAAM1,9.525454455,mid
ENSG00000151116_UEVLD,9.525421692,mid
ENSG00000092871_RFFL,9.524685594,mid
ENSG00000000003_TSPAN6,9.523831259,mid
ENSG00000232956_SNHG15,9.523706825,mid
ENSG00000264230_ANXA8L1,9.523462914,mid
ENSG00000156990_RPUSD3,9.523434326,mid
ENSG00000160818_GPATCH4,9.522877745,mid
ENSG00000131873_CHSY1,9.522575365,mid
ENSG00000081019_RSBN1,9.522369833,mid
ENSG00000101843_PSMD10,9.52212527,mid
ENSG00000149328_GLB1L2,9.522109315,mid
ENSG00000198799_LRIG2,9.521179064,mid
ENSG00000197345_MRPL21,9.521012179,mid
ENSG00000167977_KCTD5,9.520641676,mid
ENSG00000136933_RABEPK,9.520536194,mid
ENSG00000162783_IER5,9.520482247,mid
ENSG00000117222_RBBP5,9.519774182,mid
ENSG00000172500_FIBP,9.519494829,mid
ENSG00000228223_HCG11,9.518719793,mid
ENSG00000139719_VPS33A,9.518615068,mid
ENSG00000049883_PTCD2,9.517983408,mid
ENSG00000239789_MRPS17,9.516386801,mid
ENSG00000004864_SLC25A13,9.516109849,mid
ENSG00000154127_UBASH3B,9.515780641,mid
ENSG00000164983_TMEM65,9.515208909,mid
ENSG00000136738_STAM,9.514961555,mid
ENSG00000154719_MRPL39,9.5147438,mid
ENSG00000144369_FAM171B,9.513709417,mid
ENSG00000120533_ENY2,9.513698517,mid
ENSG00000137500_CCDC90B,9.51336229,mid
ENSG00000198517_MAFK,9.51209497,mid
ENSG00000139233_LLPH,9.511784868,mid
ENSG00000154767_XPC,9.511751106,mid
ENSG00000115946_PNO1,9.511708429,mid
ENSG00000115947_ORC4,9.511700283,mid
ENSG00000005486_RHBDD2,9.511208654,mid
ENSG00000090470_PDCD7,9.510584989,mid
ENSG00000153933_DGKE,9.510552531,mid
ENSG00000179630_LACC1,9.509946171,mid
ENSG00000152942_RAD17,9.50989113,mid
ENSG00000125386_FAM193A,9.509735901,mid
ENSG00000122952_ZWINT,9.509281046,mid
ENSG00000186448_ZNF197,9.508916801,mid
ENSG00000198131_ZNF544,9.508459467,mid
ENSG00000113356_POLR3G,9.508450466,mid
ENSG00000164414_SLC35A1,9.50826494,mid
ENSG00000186812_ZNF397,9.50798423,mid
ENSG00000163159_VPS72,9.50754965,mid
ENSG00000170412_GPRC5C,9.507202175,mid
ENSG00000087008_ACOX3,9.507012665,mid
ENSG00000180801_ARSJ,9.50694014,mid
ENSG00000182749_PAQR7,9.506595335,mid
ENSG00000137074_APTX,9.506440923,mid
ENSG00000125124_BBS2,9.505848958,mid
ENSG00000148153_INIP,9.505835127,mid
ENSG00000162729_IGSF8,9.505791397,mid
ENSG00000165775_FUNDC2,9.50530259,mid
ENSG00000136463_TACO1,9.505239664,mid
ENSG00000122870_BICC1,9.505143035,mid
ENSG00000162139_NEU3,9.505136602,mid
ENSG00000147400_CETN2,9.505050346,mid
ENSG00000049323_LTBP1,9.504506441,mid
ENSG00000198538_ZNF28,9.504338758,mid
ENSG00000234912_SNHG20,9.504110974,mid
ENSG00000106603_COA1,9.503742415,mid
ENSG00000013583_HEBP1,9.501626134,mid
ENSG00000160957_RECQL4,9.501272482,mid
ENSG00000116752_BCAS2,9.500785408,mid
ENSG00000180979_LRRC57,9.500322094,mid
ENSG00000077348_EXOSC5,9.500147514,mid
ENSG00000103876_FAH,9.499943293,mid
ENSG00000136710_CCDC115,9.49944786,mid
ENSG00000168393_DTYMK,9.499152779,mid
ENSG00000168758_SEMA4C,9.497613206,mid
ENSG00000276850_AC245041.2,9.49731818,mid
ENSG00000104369_JPH1,9.49723903,mid
ENSG00000214113_LYRM4,9.497174231,mid
ENSG00000184677_ZBTB40,9.497074956,mid
ENSG00000156284_CLDN8,9.496829687,mid
ENSG00000075790_BCAP29,9.496792071,mid
ENSG00000186318_BACE1,9.495897707,mid
ENSG00000131779_PEX11B,9.495566346,mid
ENSG00000139144_PIK3C2G,9.495359487,mid
ENSG00000160953_PWWP3A,9.495237288,mid
ENSG00000072849_DERL2,9.495206486,mid
ENSG00000105298_CACTIN,9.495135939,mid
ENSG00000005302_MSL3,9.49501355,mid
ENSG00000151304_SRFBP1,9.493540804,mid
ENSG00000140259_MFAP1,9.493204848,mid
ENSG00000174839_DENND6A,9.491132714,mid
ENSG00000112365_ZBTB24,9.491020201,mid
ENSG00000138459_SLC35A5,9.490810513,mid
ENSG00000172992_DCAKD,9.49044377,mid
ENSG00000184465_WDR27,9.48990277,mid
ENSG00000143971_ETAA1,9.489743115,mid
ENSG00000152684_PELO,9.489569568,mid
ENSG00000102316_MAGED2,9.488812222,mid
ENSG00000117625_RCOR3,9.488300971,mid
ENSG00000080802_CNOT4,9.48821168,mid
ENSG00000115421_PAPOLG,9.488206123,mid
ENSG00000213672_NCKIPSD,9.48809809,mid
ENSG00000106635_BCL7B,9.488045014,mid
ENSG00000142751_GPN2,9.48764635,mid
ENSG00000136935_GOLGA1,9.486760871,mid
ENSG00000174136_RGMB,9.486720052,mid
ENSG00000108591_DRG2,9.486652572,mid
ENSG00000149089_APIP,9.486487289,mid
ENSG00000154760_SLFN13,9.486449724,mid
ENSG00000184887_BTBD6,9.486295003,mid
ENSG00000171723_GPHN,9.486218782,mid
ENSG00000071889_FAM3A,9.484757234,mid
ENSG00000128739_SNRPN,9.484729051,mid
ENSG00000162836_ACP6,9.484559995,mid
ENSG00000154710_RABGEF1,9.483745505,mid
ENSG00000159596_TMEM69,9.483280063,mid
ENSG00000113456_RAD1,9.483199151,mid
ENSG00000121207_LRAT,9.483198529,mid
ENSG00000106245_BUD31,9.483086301,mid
ENSG00000185163_DDX51,9.482959545,mid
ENSG00000182858_ALG12,9.482069199,mid
ENSG00000152904_GGPS1,9.481937694,mid
ENSG00000159210_SNF8,9.481923481,mid
ENSG00000100749_VRK1,9.48179041,mid
ENSG00000139668_WDFY2,9.481439976,mid
ENSG00000092969_TGFB2,9.481125543,mid
ENSG00000168000_BSCL2,9.481022424,mid
ENSG00000145247_OCIAD2,9.480451531,mid
ENSG00000106853_PTGR1,9.480148197,mid
ENSG00000127922_SEM1,9.480134099,mid
ENSG00000196405_EVL,9.479977262,mid
ENSG00000181991_MRPS11,9.479918502,mid
ENSG00000215041_NEURL4,9.478911322,mid
ENSG00000172081_MOB3A,9.478205814,mid
ENSG00000107938_EDRF1,9.477193911,mid
ENSG00000136811_ODF2,9.477168691,mid
ENSG00000158636_EMSY,9.476719651,mid
ENSG00000278615_C11orf98,9.476538443,mid
ENSG00000137275_RIPK1,9.476021361,mid
ENSG00000077157_PPP1R12B,9.474634536,mid
ENSG00000075914_EXOSC7,9.473487541,mid
ENSG00000006194_ZNF263,9.473434993,mid
ENSG00000198874_TYW1,9.471860139,mid
ENSG00000168404_MLKL,9.471601506,mid
ENSG00000145348_TBCK,9.471391698,mid
ENSG00000105287_PRKD2,9.469877224,mid
ENSG00000106080_FKBP14,9.469623112,mid
ENSG00000213465_ARL2,9.469537248,mid
ENSG00000006555_TTC22,9.469275192,mid
ENSG00000198964_SGMS1,9.468866988,mid
ENSG00000166166_TRMT61A,9.468444085,mid
ENSG00000086848_ALG9,9.468440031,mid
ENSG00000102743_SLC25A15,9.467524827,mid
ENSG00000148297_MED22,9.46729616,mid
ENSG00000197056_ZMYM1,9.466272167,mid
ENSG00000034677_RNF19A,9.465642105,mid
ENSG00000137288_UQCC2,9.465454655,mid
ENSG00000174130_TLR6,9.464508516,mid
ENSG00000125170_DOK4,9.464313543,mid
ENSG00000265491_RNF115,9.464088795,mid
ENSG00000205629_LCMT1,9.463832224,mid
ENSG00000170425_ADORA2B,9.462883669,mid
ENSG00000180185_FAHD1,9.461862965,mid
ENSG00000172586_CHCHD1,9.461804012,mid
ENSG00000175581_MRPL48,9.461571271,mid
ENSG00000112659_CUL9,9.459995002,mid
ENSG00000106086_PLEKHA8,9.459734947,mid
ENSG00000140365_COMMD4,9.459348413,mid
ENSG00000116791_CRYZ,9.459312836,mid
ENSG00000138642_HERC6,9.459294616,mid
ENSG00000166965_RCCD1,9.457626837,mid
ENSG00000109255_NMU,9.456879445,mid
ENSG00000078699_CBFA2T2,9.455882682,mid
ENSG00000162413_KLHL21,9.455822724,mid
ENSG00000079134_THOC1,9.455684301,mid
ENSG00000257621_PSMA3-AS1,9.455580761,mid
ENSG00000160695_VPS11,9.455562111,mid
ENSG00000180233_ZNRF2,9.455326841,mid
ENSG00000186141_POLR3C,9.454471593,mid
ENSG00000109501_WFS1,9.453633837,mid
ENSG00000119328_ABITRAM,9.453165892,mid
ENSG00000101868_POLA1,9.452277855,mid
ENSG00000180190_TDRP,9.452073108,mid
ENSG00000072609_CHFR,9.45200595,mid
ENSG00000100445_SDR39U1,9.451785937,mid
ENSG00000171365_CLCN5,9.451281659,mid
ENSG00000130856_ZNF236,9.451207299,mid
ENSG00000100600_LGMN,9.451095699,mid
ENSG00000196182_STK40,9.451007817,mid
ENSG00000115204_MPV17,9.449531463,mid
ENSG00000204899_MZT1,9.449267275,mid
ENSG00000135999_EPC2,9.448344852,mid
ENSG00000124786_SLC35B3,9.447972326,mid
ENSG00000101846_STS,9.447952534,mid
ENSG00000170633_RNF34,9.447902275,mid
ENSG00000108578_BLMH,9.447377042,mid
ENSG00000177054_ZDHHC13,9.446202399,mid
ENSG00000155256_ZFYVE27,9.445266195,mid
ENSG00000184967_NOC4L,9.444292318,mid
ENSG00000111790_FGFR1OP2,9.444191835,mid
ENSG00000203697_CAPN8,9.443000374,mid
ENSG00000196295_GARS-DT,9.44282396,mid
ENSG00000134698_AGO4,9.441926388,mid
ENSG00000094631_HDAC6,9.441362204,mid
ENSG00000164649_CDCA7L,9.441276892,mid
ENSG00000149196_HIKESHI,9.441045016,mid
ENSG00000184445_KNTC1,9.440435564,mid
ENSG00000109689_STIM2,9.440044222,mid
ENSG00000196912_ANKRD36B,9.43939523,mid
ENSG00000169189_NSMCE1,9.438901817,mid
ENSG00000137075_RNF38,9.438467105,mid
ENSG00000126216_TUBGCP3,9.438342133,mid
ENSG00000160221_GATD3A,9.438274781,mid
ENSG00000023697_DERA,9.438160165,mid
ENSG00000126391_FRMD8,9.437907166,mid
ENSG00000101493_ZNF516,9.437346663,mid
ENSG00000122882_ECD,9.436698364,mid
ENSG00000113272_THG1L,9.436631179,mid
ENSG00000125459_MSTO1,9.436575296,mid
ENSG00000107874_CUEDC2,9.436533878,mid
ENSG00000111684_LPCAT3,9.436463957,mid
ENSG00000132207_SLX1A,9.435547162,mid
ENSG00000142733_MAP3K6,9.435421916,mid
ENSG00000091157_WDR7,9.435391493,mid
ENSG00000040199_PHLPP2,9.435132033,mid
ENSG00000066427_ATXN3,9.435107538,mid
ENSG00000153029_MR1,9.432637359,mid
ENSG00000131748_STARD3,9.432592224,mid
ENSG00000084072_PPIE,9.43258492,mid
ENSG00000171163_ZNF692,9.431486533,mid
ENSG00000130517_PGPEP1,9.43113795,mid
ENSG00000178826_TMEM139,9.430597156,mid
ENSG00000157212_PAXIP1,9.429689839,mid
ENSG00000105254_TBCB,9.429255918,mid
ENSG00000160588_MPZL3,9.429041923,mid
ENSG00000007541_PIGQ,9.428984955,mid
ENSG00000114446_IFT57,9.428775501,mid
ENSG00000170846_AC093323.1,9.428569176,mid
ENSG00000109911_ELP4,9.427688027,mid
ENSG00000058729_RIOK2,9.4276778,mid
ENSG00000099860_GADD45B,9.427076596,mid
ENSG00000240184_PCDHGC3,9.42698015,mid
ENSG00000134955_SLC37A2,9.426845019,mid
ENSG00000139579_NABP2,9.426735696,mid
ENSG00000176171_BNIP3,9.425042499,mid
ENSG00000144959_NCEH1,9.424860104,mid
ENSG00000179431_FJX1,9.424518251,mid
ENSG00000115290_GRB14,9.423876662,mid
ENSG00000120129_DUSP1,9.42349612,mid
ENSG00000030110_BAK1,9.423426758,mid
ENSG00000110711_AIP,9.423129989,mid
ENSG00000170502_NUDT9,9.421446774,mid
ENSG00000149596_JPH2,9.420764164,mid
ENSG00000198130_HIBCH,9.420550861,mid
ENSG00000163626_COX18,9.420260521,mid
ENSG00000102401_ARMCX3,9.419775119,mid
ENSG00000171161_ZNF672,9.419547472,mid
ENSG00000156983_BRPF1,9.419494041,mid
ENSG00000157181_ODR4,9.418898403,mid
ENSG00000153714_LURAP1L,9.418883597,mid
ENSG00000131462_TUBG1,9.417021384,mid
ENSG00000174442_ZWILCH,9.4167623,mid
ENSG00000088280_ASAP3,9.416529673,mid
ENSG00000166128_RAB8B,9.416312359,mid
ENSG00000131089_ARHGEF9,9.416058906,mid
ENSG00000135913_USP37,9.415957886,mid
ENSG00000174165_ZDHHC24,9.41580535,mid
ENSG00000008083_JARID2,9.415132215,mid
ENSG00000120159_CAAP1,9.414949639,mid
ENSG00000135541_AHI1,9.414668708,mid
ENSG00000111845_PAK1IP1,9.414625357,mid
ENSG00000118495_PLAGL1,9.414173829,mid
ENSG00000119673_ACOT2,9.414114521,mid
ENSG00000187210_GCNT1,9.414080025,mid
ENSG00000183617_MRPL54,9.413982093,mid
ENSG00000119979_DENND10,9.413243863,mid
ENSG00000071242_RPS6KA2,9.413114043,mid
ENSG00000153037_SRP19,9.411942186,mid
ENSG00000116711_PLA2G4A,9.411858897,mid
ENSG00000173546_CSPG4,9.411284007,mid
ENSG00000187098_MITF,9.410957443,mid
ENSG00000197024_ZNF398,9.41089414,mid
ENSG00000159921_GNE,9.409599577,mid
ENSG00000082068_WDR70,9.408178118,mid
ENSG00000160446_ZDHHC12,9.407390177,mid
ENSG00000112130_RNF8,9.407278289,mid
ENSG00000183856_IQGAP3,9.407009611,mid
ENSG00000184178_SCFD2,9.406942151,mid
ENSG00000178295_GEN1,9.406909137,mid
ENSG00000138180_CEP55,9.406531297,mid
ENSG00000068903_SIRT2,9.406431488,mid
ENSG00000111700_SLCO1B3,9.406235755,mid
ENSG00000137968_SLC44A5,9.406206057,mid
ENSG00000144366_GULP1,9.406058664,mid
ENSG00000204392_LSM2,9.405996415,mid
ENSG00000115514_TXNDC9,9.405403354,mid
ENSG00000113851_CRBN,9.405208447,mid
ENSG00000117153_KLHL12,9.403851953,mid
ENSG00000259494_MRPL46,9.402957427,mid
ENSG00000130699_TAF4,9.402923294,mid
ENSG00000131979_GCH1,9.402791598,mid
ENSG00000214194_SMIM30,9.402396927,mid
ENSG00000154642_C21orf91,9.401798749,mid
ENSG00000092929_UNC13D,9.40072361,mid
ENSG00000173545_ZNF622,9.399621049,mid
ENSG00000105771_SMG9,9.399101085,mid
ENSG00000145916_RMND5B,9.399041369,mid
ENSG00000177694_NAALADL2,9.398894292,mid
ENSG00000204439_C6orf47,9.398636233,mid
ENSG00000149600_COMMD7,9.398045182,mid
ENSG00000131127_ZNF141,9.395819412,mid
ENSG00000186501_TMEM222,9.395677896,mid
ENSG00000174989_FBXW8,9.395676256,mid
ENSG00000177628_GBA,9.395095952,mid
ENSG00000142945_KIF2C,9.394910543,mid
ENSG00000107643_MAPK8,9.394303953,mid
ENSG00000131437_KIF3A,9.394061013,mid
ENSG00000167397_VKORC1,9.393994714,mid
ENSG00000171016_PYGO1,9.393769092,mid
ENSG00000118762_PKD2,9.393725624,mid
ENSG00000164116_GUCY1A1,9.393502002,mid
ENSG00000141994_DUS3L,9.393108136,mid
ENSG00000104228_TRIM35,9.393042346,mid
ENSG00000213160_KLHL23,9.392918062,mid
ENSG00000104643_MTMR9,9.391777033,mid
ENSG00000122033_MTIF3,9.39142491,mid
ENSG00000130818_ZNF426,9.390219673,mid
ENSG00000137814_HAUS2,9.390171859,mid
ENSG00000136141_LRCH1,9.390020201,mid
ENSG00000139618_BRCA2,9.38944361,mid
ENSG00000105877_DNAH11,9.389356585,mid
ENSG00000100109_TFIP11,9.388750064,mid
ENSG00000100865_CINP,9.388574268,mid
ENSG00000231365_WARS2-AS1,9.388182162,mid
ENSG00000163798_SLC4A1AP,9.387641856,mid
ENSG00000165169_DYNLT3,9.386458477,mid
ENSG00000196782_MAML3,9.386319415,mid
ENSG00000174791_RIN1,9.385950584,mid
ENSG00000123737_EXOSC9,9.385216917,mid
ENSG00000167515_TRAPPC2L,9.385049626,mid
ENSG00000130513_GDF15,9.384174479,mid
ENSG00000114853_ZBTB47,9.384161378,mid
ENSG00000175893_ZDHHC21,9.383534547,mid
ENSG00000185480_PARPBP,9.382833005,mid
ENSG00000123353_ORMDL2,9.381748434,mid
ENSG00000184260_HIST2H2AC,9.381351685,mid
ENSG00000198642_KLHL9,9.380476954,mid
ENSG00000175595_ERCC4,9.380164701,mid
ENSG00000006634_DBF4,9.378108356,mid
ENSG00000156299_TIAM1,9.37756444,mid
ENSG00000123395_ATG101,9.377551088,mid
ENSG00000105705_SUGP1,9.376751011,mid
ENSG00000100889_PCK2,9.37489229,mid
ENSG00000173214_MFSD4B,9.374628949,mid
ENSG00000197150_ABCB8,9.373674311,mid
ENSG00000122085_MTERF4,9.373662818,mid
ENSG00000169062_UPF3A,9.373634773,mid
ENSG00000204070_SYS1,9.373209693,mid
ENSG00000137563_GGH,9.372747525,mid
ENSG00000087299_L2HGDH,9.372133845,mid
ENSG00000148331_ASB6,9.371747652,mid
ENSG00000155100_OTUD6B,9.37162797,mid
ENSG00000197785_ATAD3A,9.370721365,mid
ENSG00000198780_FAM169A,9.37065152,mid
ENSG00000198026_ZNF335,9.370328399,mid
ENSG00000170340_B3GNT2,9.366643725,mid
ENSG00000089818_NECAP1,9.366229527,mid
ENSG00000198455_ZXDB,9.366224755,mid
ENSG00000044446_PHKA2,9.365895916,mid
ENSG00000082515_MRPL22,9.36525997,mid
ENSG00000116586_LAMTOR2,9.36482715,mid
ENSG00000139350_NEDD1,9.364122901,mid
ENSG00000170604_IRF2BP1,9.363910705,mid
ENSG00000214013_GANC,9.362564867,mid
ENSG00000155158_TTC39B,9.361987546,mid
ENSG00000113391_FAM172A,9.361970066,mid
ENSG00000185900_POMK,9.361764276,mid
ENSG00000100410_PHF5A,9.361479578,mid
ENSG00000229833_PET100,9.361294043,mid
ENSG00000118960_HS1BP3,9.36106498,mid
ENSG00000042088_TDP1,9.360785075,mid
ENSG00000115446_UNC50,9.360723511,mid
ENSG00000186204_CYP4F12,9.358911546,mid
ENSG00000124784_RIOK1,9.358690876,mid
ENSG00000170525_PFKFB3,9.358565368,mid
ENSG00000108984_MAP2K6,9.358441647,mid
ENSG00000116786_PLEKHM2,9.358210043,mid
ENSG00000107789_MINPP1,9.358172692,mid
ENSG00000243943_ZNF512,9.357857216,mid
ENSG00000078043_PIAS2,9.357432594,mid
ENSG00000141741_MIEN1,9.357341454,mid
ENSG00000185875_THNSL1,9.356925966,mid
ENSG00000196663_TECPR2,9.356892525,mid
ENSG00000127955_GNAI1,9.356396585,mid
ENSG00000135749_PCNX2,9.356275798,mid
ENSG00000124733_MEA1,9.355680838,mid
ENSG00000065809_FAM107B,9.355504021,mid
ENSG00000173530_TNFRSF10D,9.355460466,mid
ENSG00000178685_PARP10,9.355375013,mid
ENSG00000121578_B4GALT4,9.354633038,mid
ENSG00000164494_PDSS2,9.353113014,mid
ENSG00000175063_UBE2C,9.352311302,mid
ENSG00000130962_PRRG1,9.352285708,mid
ENSG00000180901_KCTD2,9.351956737,mid
ENSG00000196072_BLOC1S2,9.351476938,mid
ENSG00000183054_RGPD6,9.351263516,mid
ENSG00000060762_MPC1,9.350962634,mid
ENSG00000144354_CDCA7,9.350138756,mid
ENSG00000198959_TGM2,9.34967401,mid
ENSG00000100982_PCIF1,9.349600836,mid
ENSG00000071205_ARHGAP10,9.349517056,mid
ENSG00000135503_ACVR1B,9.349339029,mid
ENSG00000184708_EIF4ENIF1,9.349248209,mid
ENSG00000162961_DPY30,9.348900031,mid
ENSG00000146112_PPP1R18,9.348808333,mid
ENSG00000132522_GPS2,9.348493849,mid
ENSG00000101901_ALG13,9.348408307,mid
ENSG00000125871_MGME1,9.348275859,mid
ENSG00000002330_BAD,9.348255053,mid
ENSG00000184574_LPAR5,9.347700089,mid
ENSG00000126603_GLIS2,9.347696131,mid
ENSG00000109458_GAB1,9.347606515,mid
ENSG00000178057_NDUFAF3,9.347171127,mid
ENSG00000104859_CLASRP,9.347043852,mid
ENSG00000141441_GAREM1,9.346439025,mid
ENSG00000069869_NEDD4,9.345142455,mid
ENSG00000082213_C5orf22,9.344884475,mid
ENSG00000182263_FIGN,9.344745001,mid
ENSG00000116731_PRDM2,9.344744618,mid
ENSG00000101333_PLCB4,9.344515382,mid
ENSG00000169241_SLC50A1,9.344135413,mid
ENSG00000107537_PHYH,9.343601184,mid
ENSG00000106004_HOXA5,9.343560282,mid
ENSG00000168884_TNIP2,9.343001124,mid
ENSG00000163346_PBXIP1,9.342623252,mid
ENSG00000233822_HIST1H2BN,9.342395242,mid
ENSG00000139620_KANSL2,9.341637101,mid
ENSG00000044090_CUL7,9.340968446,mid
ENSG00000237765_FAM200B,9.340825467,mid
ENSG00000136048_DRAM1,9.340812972,mid
ENSG00000115042_FAHD2A,9.340286156,mid
ENSG00000106789_CORO2A,9.340261607,mid
ENSG00000165548_TMEM63C,9.339835279,mid
ENSG00000101246_ARFRP1,9.339386747,mid
ENSG00000182325_FBXL6,9.338559594,mid
ENSG00000107371_EXOSC3,9.338025208,mid
ENSG00000166167_BTRC,9.337700146,mid
ENSG00000152193_OBI1,9.336944714,mid
ENSG00000286140_DERPC,9.336466326,mid
ENSG00000147601_TERF1,9.336364837,mid
ENSG00000124575_HIST1H1D,9.33603483,mid
ENSG00000130598_TNNI2,9.335259754,mid
ENSG00000173276_ZBTB21,9.335250969,mid
ENSG00000198860_TSEN15,9.335066827,mid
ENSG00000111877_MCM9,9.335056549,mid
ENSG00000240857_RDH14,9.334952497,mid
ENSG00000166169_POLL,9.334779839,mid
ENSG00000143811_PYCR2,9.334035904,mid
ENSG00000132256_TRIM5,9.333905854,mid
ENSG00000151338_MIPOL1,9.333662331,mid
ENSG00000167081_PBX3,9.333210387,mid
ENSG00000175591_P2RY2,9.332449615,mid
ENSG00000051128_HOMER3,9.331921739,mid
ENSG00000143013_LMO4,9.331438,mid
ENSG00000141034_GID4,9.331276676,mid
ENSG00000106246_PTCD1,9.331087322,mid
ENSG00000178177_LCORL,9.3307971,mid
ENSG00000101146_RAE1,9.330067682,mid
ENSG00000095574_IKZF5,9.330059243,mid
ENSG00000249042_AC008771.1,9.330028888,mid
ENSG00000066583_ISOC1,9.328887834,mid
ENSG00000163739_CXCL1,9.328806148,mid
ENSG00000185127_C6orf120,9.328535083,mid
ENSG00000203709_MIR29B2CHG,9.328395181,mid
ENSG00000110721_CHKA,9.327712997,mid
ENSG00000108784_NAGLU,9.327493937,mid
ENSG00000175322_ZNF519,9.326953177,mid
ENSG00000166803_PCLAF,9.326117203,mid
ENSG00000165355_FBXO33,9.325711643,mid
ENSG00000198917_SPOUT1,9.325406164,mid
ENSG00000180448_ARHGAP45,9.325353082,mid
ENSG00000012963_UBR7,9.325003782,mid
ENSG00000164120_HPGD,9.324498242,mid
ENSG00000213186_TRIM59,9.32319625,mid
ENSG00000163389_POGLUT1,9.321838834,mid
ENSG00000175874_CREG2,9.321291334,mid
ENSG00000247315_ZCCHC3,9.320724103,mid
ENSG00000113593_PPWD1,9.320473131,mid
ENSG00000103150_MLYCD,9.320289579,mid
ENSG00000168887_C2orf68,9.319860041,mid
ENSG00000113319_RASGRF2,9.319783918,mid
ENSG00000147224_PRPS1,9.319038526,mid
ENSG00000152782_PANK1,9.318087839,mid
ENSG00000157326_DHRS4,9.317686696,mid
ENSG00000167220_HDHD2,9.31725482,mid
ENSG00000251022_THAP9-AS1,9.317218466,mid
ENSG00000075651_PLD1,9.316581115,mid
ENSG00000118508_RAB32,9.316526417,mid
ENSG00000139044_B4GALNT3,9.316428636,mid
ENSG00000114541_FRMD4B,9.315811143,mid
ENSG00000186283_TOR3A,9.315801135,mid
ENSG00000171222_SCAND1,9.315764591,mid
ENSG00000100077_GRK3,9.315575945,mid
ENSG00000089234_BRAP,9.315442701,mid
ENSG00000162384_CZIB,9.315257285,mid
ENSG00000105732_ZNF574,9.315154216,mid
ENSG00000148426_PROSER2,9.314684545,mid
ENSG00000101384_JAG1,9.314648119,mid
ENSG00000124839_RAB17,9.314462565,mid
ENSG00000107890_ANKRD26,9.314195813,mid
ENSG00000175318_GRAMD2A,9.314184938,mid
ENSG00000015568_RGPD5,9.313861758,mid
ENSG00000187713_TMEM203,9.313689433,mid
ENSG00000117020_AKT3,9.312819099,mid
ENSG00000119899_SLC17A5,9.312368579,mid
ENSG00000203326_ZNF525,9.311967166,mid
ENSG00000189007_ADAT2,9.311616773,mid
ENSG00000112699_GMDS,9.31139613,mid
ENSG00000198951_NAGA,9.31059266,mid
ENSG00000155957_TMBIM4,9.310570425,mid
ENSG00000121073_SLC35B1,9.309888855,mid
ENSG00000103024_NME3,9.309742005,mid
ENSG00000123374_CDK2,9.309103495,mid
ENSG00000197818_SLC9A8,9.308665909,mid
ENSG00000112679_DUSP22,9.30723181,mid
ENSG00000149269_PAK1,9.306832024,mid
ENSG00000059691_GATB,9.306802772,mid
ENSG00000125652_ALKBH7,9.306121914,mid
ENSG00000140006_WDR89,9.305621885,mid
ENSG00000185130_HIST1H2BL,9.305307299,mid
ENSG00000262664_OVCA2,9.304949412,mid
ENSG00000155304_HSPA13,9.304759754,mid
ENSG00000145220_LYAR,9.304180389,mid
ENSG00000074582_BCS1L,9.30410671,mid
ENSG00000171150_SOCS5,9.30359757,mid
ENSG00000172590_MRPL52,9.303503986,mid
ENSG00000108602_ALDH3A1,9.303466161,mid
ENSG00000134056_MRPS36,9.303335494,mid
ENSG00000215717_TMEM167B,9.303303572,mid
ENSG00000100372_SLC25A17,9.303047032,mid
ENSG00000173875_ZNF791,9.303040791,mid
ENSG00000166548_TK2,9.302791763,mid
ENSG00000111271_ACAD10,9.302667887,mid
ENSG00000183161_FANCF,9.302035533,mid
ENSG00000158773_USF1,9.301970905,mid
ENSG00000129518_EAPP,9.301672435,mid
ENSG00000167257_RNF214,9.300830364,mid
ENSG00000110987_BCL7A,9.300566423,mid
ENSG00000203667_COX20,9.300492023,mid
ENSG00000138629_UBL7,9.299869836,mid
ENSG00000234545_FAM133B,9.298971908,mid
ENSG00000117682_DHDDS,9.298885702,mid
ENSG00000109321_AREG,9.298552731,mid
ENSG00000170791_CHCHD7,9.298285478,mid
ENSG00000125863_MKKS,9.298277149,mid
ENSG00000064490_RFXANK,9.297154747,mid
ENSG00000116138_DNAJC16,9.296176871,mid
ENSG00000133114_GPALPP1,9.296175745,mid
ENSG00000188186_LAMTOR4,9.296126518,mid
ENSG00000103642_LACTB,9.295500192,mid
ENSG00000142188_TMEM50B,9.294891095,mid
ENSG00000144736_SHQ1,9.293910217,mid
ENSG00000163528_CHCHD4,9.293802694,mid
ENSG00000148925_BTBD10,9.293723625,mid
ENSG00000120725_SIL1,9.293683956,mid
ENSG00000277157_HIST1H4D,9.293216238,mid
ENSG00000165240_ATP7A,9.293055148,mid
ENSG00000198498_TMA16,9.292995261,mid
ENSG00000175606_TMEM70,9.292865993,mid
ENSG00000148218_ALAD,9.292846437,mid
ENSG00000148824_MTG1,9.292726719,mid
ENSG00000189046_ALKBH2,9.292393649,mid
ENSG00000271383_NBPF19,9.292152419,mid
ENSG00000161996_WDR90,9.290770733,mid
ENSG00000051825_MPHOSPH9,9.290388779,mid
ENSG00000146282_RARS2,9.290178597,mid
ENSG00000166971_AKTIP,9.289433357,mid
ENSG00000171310_CHST11,9.289244896,mid
ENSG00000116198_CEP104,9.288986571,mid
ENSG00000160201_U2AF1,9.287509815,mid
ENSG00000112367_FIG4,9.287096157,mid
ENSG00000163933_RFT1,9.286698663,mid
ENSG00000167900_TK1,9.286686359,mid
ENSG00000123545_NDUFAF4,9.286408764,mid
ENSG00000170473_PYM1,9.28613905,mid
ENSG00000071859_FAM50A,9.286034294,mid
ENSG00000103168_TAF1C,9.285756763,mid
ENSG00000175470_PPP2R2D,9.285291197,mid
ENSG00000175105_ZNF654,9.285273582,mid
ENSG00000196678_ERI2,9.284840858,mid
ENSG00000178927_CYBC1,9.284785333,mid
ENSG00000106066_CPVL,9.284419121,mid
ENSG00000072401_UBE2D1,9.283346061,mid
ENSG00000133773_CCDC59,9.283226495,mid
ENSG00000153574_RPIA,9.283072281,mid
ENSG00000242612_DECR2,9.283048085,mid
ENSG00000154134_ROBO3,9.282964924,mid
ENSG00000070669_ASNS,9.282830799,mid
ENSG00000205323_SARNP,9.282132937,mid
ENSG00000247626_MARS2,9.282070317,mid
ENSG00000122861_PLAU,9.281927932,mid
ENSG00000124380_SNRNP27,9.281801424,mid
ENSG00000155906_RMND1,9.281705241,mid
ENSG00000163001_CFAP36,9.281263935,mid
ENSG00000241878_PISD,9.281199016,mid
ENSG00000112742_TTK,9.280493119,mid
ENSG00000183172_SMDT1,9.280425421,mid
ENSG00000198040_ZNF84,9.280331107,mid
ENSG00000162851_TFB2M,9.280254739,mid
ENSG00000116353_MECR,9.280174641,mid
ENSG00000171155_C1GALT1C1,9.280001186,mid
ENSG00000090975_PITPNM2,9.279735325,mid
ENSG00000183474_GTF2H2C,9.279616821,mid
ENSG00000197562_RAB40C,9.279071057,mid
ENSG00000114107_CEP70,9.278872881,mid
ENSG00000196187_TMEM63A,9.277892117,mid
ENSG00000067992_PDK3,9.277495532,mid
ENSG00000205981_DNAJC19,9.277247382,mid
ENSG00000147099_HDAC8,9.276326556,mid
ENSG00000168275_COA6,9.276134986,mid
ENSG00000204220_PFDN6,9.275957705,mid
ENSG00000183598_HIST2H3D,9.275472448,mid
ENSG00000184281_TSSC4,9.27357106,mid
ENSG00000160072_ATAD3B,9.273493667,mid
ENSG00000119509_INVS,9.273490179,mid
ENSG00000164125_GASK1B,9.273232585,mid
ENSG00000172315_TP53RK,9.271902609,mid
ENSG00000079277_MKNK1,9.271877544,mid
ENSG00000004660_CAMKK1,9.271458267,mid
ENSG00000075089_ACTR6,9.271440126,mid
ENSG00000075336_TIMM21,9.27133984,mid
ENSG00000269609_RPARP-AS1,9.270726984,mid
ENSG00000169627_BOLA2B,9.270696723,mid
ENSG00000162032_SPSB3,9.270348639,mid
ENSG00000185973_TMLHE,9.270123326,mid
ENSG00000183087_GAS6,9.269910066,mid
ENSG00000132792_CTNNBL1,9.268524887,mid
ENSG00000117697_NSL1,9.268068284,mid
ENSG00000172469_MANEA,9.267325798,mid
ENSG00000112578_BYSL,9.267280546,mid
ENSG00000113621_TXNDC15,9.267262811,mid
ENSG00000173281_PPP1R3B,9.267040287,mid
ENSG00000100234_TIMP3,9.266920894,mid
ENSG00000197122_SRC,9.265419868,mid
ENSG00000213533_STIMATE,9.264812937,mid
ENSG00000197782_ZNF780A,9.263975738,mid
ENSG00000162409_PRKAA2,9.263622353,mid
ENSG00000136715_SAP130,9.263119164,mid
ENSG00000065615_CYB5R4,9.263116684,mid
ENSG00000116678_LEPR,9.262629881,mid
ENSG00000172336_POP7,9.262624907,mid
ENSG00000165655_ZNF503,9.262271069,mid
ENSG00000106266_SNX8,9.262267692,mid
ENSG00000150630_VEGFC,9.262047683,mid
ENSG00000173436_MICOS10,9.261020871,mid
ENSG00000183337_BCOR,9.26029645,mid
ENSG00000123815_COQ8B,9.260081398,mid
ENSG00000142684_ZNF593,9.259984031,mid
ENSG00000162065_TBC1D24,9.259678992,mid
ENSG00000259330_INAFM2,9.258496037,mid
ENSG00000068137_PLEKHH3,9.258361502,mid
ENSG00000284194_SCO2,9.258198837,mid
ENSG00000131791_PRKAB2,9.257963067,mid
ENSG00000100142_POLR2F,9.257524074,mid
ENSG00000145414_NAF1,9.257400181,mid
ENSG00000101751_POLI,9.256737229,mid
ENSG00000244242_IFITM10,9.25606457,mid
ENSG00000155903_RASA2,9.255997673,mid
ENSG00000118518_RNF146,9.25591869,mid
ENSG00000108799_EZH1,9.25564576,mid
ENSG00000096092_TMEM14A,9.255036582,mid
ENSG00000090581_GNPTG,9.25502118,mid
ENSG00000133740_E2F5,9.25430117,mid
ENSG00000269343_ZNF587B,9.253719961,mid
ENSG00000080546_SESN1,9.252642597,mid
ENSG00000184990_SIVA1,9.252446641,mid
ENSG00000032219_ARID4A,9.251970889,mid
ENSG00000160193_WDR4,9.251535899,mid
ENSG00000176890_TYMS,9.251312103,mid
ENSG00000023572_GLRX2,9.251107772,mid
ENSG00000101213_PTK6,9.249674081,mid
ENSG00000081386_ZNF510,9.248919432,mid
ENSG00000105229_PIAS4,9.247801886,mid
ENSG00000173409_ARV1,9.247773452,mid
ENSG00000141084_RANBP10,9.246958961,mid
ENSG00000266074_BAHCC1,9.244016819,mid
ENSG00000169490_TM2D2,9.243736533,mid
ENSG00000171425_ZNF581,9.243075655,mid
ENSG00000007866_TEAD3,9.242825686,mid
ENSG00000205220_PSMB10,9.242824422,mid
ENSG00000167447_SMG8,9.242560783,mid
ENSG00000112290_WASF1,9.242124797,mid
ENSG00000186529_CYP4F3,9.242022205,mid
ENSG00000110871_COQ5,9.241838332,mid
ENSG00000147100_SLC16A2,9.241786744,mid
ENSG00000144909_OSBPL11,9.241354036,mid
ENSG00000104835_SARS2,9.241265393,mid
ENSG00000104047_DTWD1,9.240879681,mid
ENSG00000089195_TRMT6,9.240659989,mid
ENSG00000059758_CDK17,9.239805391,mid
ENSG00000163393_SLC22A15,9.239754312,mid
ENSG00000100294_MCAT,9.239298559,mid
ENSG00000196458_ZNF605,9.239180674,mid
ENSG00000266962_AC067852.2,9.238807468,mid
ENSG00000178074_C2orf69,9.238602375,mid
ENSG00000198018_ENTPD7,9.23843645,mid
ENSG00000116954_RRAGC,9.237705482,mid
ENSG00000110328_GALNT18,9.237554556,mid
ENSG00000100104_SRRD,9.237068624,mid
ENSG00000122687_MRM2,9.235840758,mid
ENSG00000005206_SPPL2B,9.235591843,mid
ENSG00000149262_INTS4,9.235444843,mid
ENSG00000151746_BICD1,9.235431796,mid
ENSG00000119718_EIF2B2,9.235237344,mid
ENSG00000186130_ZBTB6,9.235190232,mid
ENSG00000172113_NME6,9.235178074,mid
ENSG00000016864_GLT8D1,9.235120986,mid
ENSG00000142765_SYTL1,9.235032342,mid
ENSG00000095383_TBC1D2,9.234921254,mid
ENSG00000063854_HAGH,9.234478844,mid
ENSG00000179178_TMEM125,9.234427119,mid
ENSG00000168818_STX18,9.234421324,mid
ENSG00000151665_PIGF,9.234024773,mid
ENSG00000070785_EIF2B3,9.233847845,mid
ENSG00000173588_CEP83,9.23328294,mid
ENSG00000237298_TTN-AS1,9.233110414,mid
ENSG00000105171_POP4,9.232984926,mid
ENSG00000166562_SEC11C,9.23261658,mid
ENSG00000100350_FOXRED2,9.232442437,mid
ENSG00000163867_ZMYM6,9.231668617,mid
ENSG00000261373_VPS9D1-AS1,9.230757851,mid
ENSG00000129347_KRI1,9.230114167,mid
ENSG00000165660_ABRAXAS2,9.230110492,mid
ENSG00000155111_CDK19,9.229930885,mid
ENSG00000280789_PAGR1,9.22965004,mid
ENSG00000041982_TNC,9.229205455,mid
ENSG00000151883_PARP8,9.228804817,mid
ENSG00000015532_XYLT2,9.228726348,mid
ENSG00000164066_INTU,9.228567799,mid
ENSG00000106571_GLI3,9.228553492,mid
ENSG00000198818_SFT2D1,9.227715877,mid
ENSG00000174652_ZNF266,9.227697907,mid
ENSG00000104679_R3HCC1,9.227340049,mid
ENSG00000264343_NOTCH2NLA,9.227167229,mid
ENSG00000106605_BLVRA,9.225493029,mid
ENSG00000088298_EDEM2,9.224326708,mid
ENSG00000204406_MBD5,9.223548985,mid
ENSG00000165915_SLC39A13,9.223401796,mid
ENSG00000260401_AP002761.4,9.223118753,mid
ENSG00000175087_PDIK1L,9.223074993,mid
ENSG00000090612_ZNF268,9.223015257,mid
ENSG00000109103_UNC119,9.222867489,mid
ENSG00000103042_SLC38A7,9.222360515,mid
ENSG00000204852_TCTN1,9.222047665,mid
ENSG00000175104_TRAF6,9.22134728,mid
ENSG00000149177_PTPRJ,9.220993806,mid
ENSG00000175155_YPEL2,9.220916456,mid
ENSG00000254685_FPGT,9.220431103,mid
ENSG00000169288_MRPL1,9.220425703,mid
ENSG00000196998_WDR45,9.220321501,mid
ENSG00000145241_CENPC,9.220206292,mid
ENSG00000149231_CCDC82,9.219801626,mid
ENSG00000180822_PSMG4,9.219769114,mid
ENSG00000031003_FAM13B,9.219680732,mid
ENSG00000101181_MTG2,9.219580784,mid
ENSG00000172432_GTPBP2,9.218764953,mid
ENSG00000185189_NRBP2,9.218407802,mid
ENSG00000263244_AC087190.3,9.218394887,mid
ENSG00000129197_RPAIN,9.218365048,mid
ENSG00000097096_SYDE2,9.217918531,mid
ENSG00000133597_ADCK2,9.217862861,mid
ENSG00000143862_ARL8A,9.217777118,mid
ENSG00000134013_LOXL2,9.217344922,mid
ENSG00000118193_KIF14,9.216442717,mid
ENSG00000141480_ARRB2,9.216394841,mid
ENSG00000158109_TPRG1L,9.216383075,mid
ENSG00000107882_SUFU,9.216186935,mid
ENSG00000186908_ZDHHC17,9.216169088,mid
ENSG00000100150_DEPDC5,9.216063491,mid
ENSG00000157216_SSBP3,9.215549642,mid
ENSG00000089682_RBM41,9.215531021,mid
ENSG00000270022_Z93241.1,9.215383517,mid
ENSG00000138794_CASP6,9.215238089,mid
ENSG00000142396_ERVK3-1,9.214810195,mid
ENSG00000132635_PCED1A,9.214198807,mid
ENSG00000166526_ZNF3,9.213754055,mid
ENSG00000120333_MRPS14,9.213446851,mid
ENSG00000120029_ARMH3,9.213051756,mid
ENSG00000152219_ARL14EP,9.21240977,mid
ENSG00000182544_MFSD5,9.212245914,mid
ENSG00000143748_NVL,9.211383376,mid
ENSG00000165185_KIAA1958,9.210878066,mid
ENSG00000170619_COMMD5,9.209835942,mid
ENSG00000143751_SDE2,9.209353375,mid
ENSG00000237190_CDKN2AIPNL,9.208252191,mid
ENSG00000185340_GAS2L1,9.208206948,mid
ENSG00000170852_KBTBD2,9.208163555,mid
ENSG00000089050_RBBP9,9.207215114,mid
ENSG00000187189_TSPYL4,9.207008268,mid
ENSG00000145246_ATP10D,9.206226397,mid
ENSG00000171617_ENC1,9.206191717,mid
ENSG00000141971_MVB12A,9.206111067,mid
ENSG00000104689_TNFRSF10A,9.205760791,mid
ENSG00000166263_STXBP4,9.205412726,mid
ENSG00000111696_NT5DC3,9.204792935,mid
ENSG00000163535_SGO2,9.204594227,mid
ENSG00000164877_MICALL2,9.204296772,mid
ENSG00000106070_GRB10,9.203779488,mid
ENSG00000183475_ASB7,9.203156698,mid
ENSG00000132952_USPL1,9.203075691,mid
ENSG00000090238_YPEL3,9.202244769,mid
ENSG00000064545_TMEM161A,9.201728596,mid
ENSG00000066651_TRMT11,9.20151092,mid
ENSG00000273611_ZNHIT3,9.201433708,mid
ENSG00000276045_ORAI1,9.201258075,mid
ENSG00000148848_ADAM12,9.201167751,mid
ENSG00000124374_PAIP2B,9.20024149,mid
ENSG00000090376_IRAK3,9.197967667,mid
ENSG00000141655_TNFRSF11A,9.197577125,mid
ENSG00000010072_SPRTN,9.197526219,mid
ENSG00000162063_CCNF,9.197231558,mid
ENSG00000235750_KIAA0040,9.197130649,mid
ENSG00000076242_MLH1,9.19650795,mid
ENSG00000213339_QTRT1,9.196459816,mid
ENSG00000010704_HFE,9.195801014,mid
ENSG00000153048_CARHSP1,9.195380891,mid
ENSG00000172086_KRCC1,9.19454435,mid
ENSG00000164078_MST1R,9.193468271,mid
ENSG00000136059_VILL,9.193274547,mid
ENSG00000033030_ZCCHC8,9.192691227,mid
ENSG00000146904_EPHA1,9.191549337,mid
ENSG00000107672_NSMCE4A,9.191426647,mid
ENSG00000163319_MRPS18C,9.190676347,mid
ENSG00000185298_CCDC137,9.190595146,mid
ENSG00000117748_RPA2,9.190421709,mid
ENSG00000204308_RNF5,9.190376617,mid
ENSG00000148343_MIGA2,9.188476258,mid
ENSG00000181577_C6orf223,9.188307253,mid
ENSG00000198825_INPP5F,9.187717872,mid
ENSG00000141219_C17orf80,9.187232681,mid
ENSG00000172663_TMEM134,9.187153351,mid
ENSG00000213995_NAXD,9.187062202,mid
ENSG00000221955_SLC12A8,9.187042874,mid
ENSG00000244509_APOBEC3C,9.186635767,mid
ENSG00000136158_SPRY2,9.185107219,mid
ENSG00000176148_TCP11L1,9.184972298,mid
ENSG00000153406_NMRAL1,9.184778053,mid
ENSG00000165406_MARCH8,9.184733572,mid
ENSG00000197763_TXNRD3,9.184239845,mid
ENSG00000177283_FZD8,9.183680837,mid
ENSG00000125945_ZNF436,9.183557916,mid
ENSG00000119042_SATB2,9.183481499,mid
ENSG00000136319_TTC5,9.183436448,mid
ENSG00000105404_RABAC1,9.18303222,mid
ENSG00000204822_MRPL53,9.182746922,mid
ENSG00000144591_GMPPA,9.182394324,mid
ENSG00000130305_NSUN5,9.182373595,mid
ENSG00000099326_MZF1,9.182287953,mid
ENSG00000092330_TINF2,9.182200556,mid
ENSG00000120699_EXOSC8,9.181546282,mid
ENSG00000134138_MEIS2,9.181415888,mid
ENSG00000125779_PANK2,9.181197482,mid
ENSG00000166897_ELFN2,9.180977669,mid
ENSG00000165533_TTC8,9.180839492,mid
ENSG00000102221_JADE3,9.180462872,mid
ENSG00000149474_KAT14,9.18019739,mid
ENSG00000179456_ZBTB18,9.180098272,mid
ENSG00000023330_ALAS1,9.179881356,mid
ENSG00000163291_PAQR3,9.179519666,mid
ENSG00000214063_TSPAN4,9.179291084,mid
ENSG00000101363_MANBAL,9.179200712,mid
ENSG00000167670_CHAF1A,9.179040597,mid
ENSG00000204544_MUC21,9.178784193,mid
ENSG00000176422_SPRYD4,9.178322159,mid
ENSG00000183696_UPP1,9.178179013,mid
ENSG00000131871_SELENOS,9.177723704,mid
ENSG00000132330_SCLY,9.177628556,mid
ENSG00000121350_PYROXD1,9.177331069,mid
ENSG00000213066_FGFR1OP,9.177010772,mid
ENSG00000185608_MRPL40,9.176349423,mid
ENSG00000020426_MNAT1,9.176268408,mid
ENSG00000069974_RAB27A,9.175839947,mid
ENSG00000181625_SLX1B,9.174521557,mid
ENSG00000169188_APEX2,9.174337777,mid
ENSG00000137601_NEK1,9.173905334,mid
ENSG00000132004_FBXW9,9.173468463,mid
ENSG00000243056_EIF4EBP3,9.173176712,mid
ENSG00000136444_RSAD1,9.172861716,mid
ENSG00000104375_STK3,9.172737894,mid
ENSG00000129680_MAP7D3,9.172617683,mid
ENSG00000163900_TMEM41A,9.171414166,mid
ENSG00000121481_RNF2,9.17134442,mid
ENSG00000090889_KIF4A,9.171117468,mid
ENSG00000138686_BBS7,9.16924304,mid
ENSG00000109536_FRG1,9.167888327,mid
ENSG00000185112_FAM43A,9.167136979,mid
ENSG00000132763_MMACHC,9.165888113,mid
ENSG00000168566_SNRNP48,9.165843794,mid
ENSG00000104936_DMPK,9.165825835,mid
ENSG00000104626_ERI1,9.165748018,mid
ENSG00000126775_ATG14,9.165132578,mid
ENSG00000196453_ZNF777,9.163516597,mid
ENSG00000181817_LSM10,9.163448277,mid
ENSG00000164542_KIAA0895,9.16316368,mid
ENSG00000222041_CYTOR,9.162941643,mid
ENSG00000205155_PSENEN,9.162296002,mid
ENSG00000104064_GABPB1,9.162092986,mid
ENSG00000158006_PAFAH2,9.161908042,mid
ENSG00000156928_MALSU1,9.161769554,mid
ENSG00000160741_CRTC2,9.16169912,mid
ENSG00000141098_GFOD2,9.161473239,mid
ENSG00000103510_KAT8,9.160814287,mid
ENSG00000134490_TMEM241,9.160224308,mid
ENSG00000141449_GREB1L,9.158094244,mid
ENSG00000177000_MTHFR,9.157474649,mid
ENSG00000143740_SNAP47,9.157332157,mid
ENSG00000120158_RCL1,9.15684478,mid
ENSG00000187522_HSPA14,9.156582965,mid
ENSG00000114383_TUSC2,9.156459837,mid
ENSG00000139734_DIAPH3,9.156319625,mid
ENSG00000182504_CEP97,9.155603725,mid
ENSG00000166046_TCP11L2,9.155191644,mid
ENSG00000154222_CC2D1B,9.155020314,mid
ENSG00000186654_PRR5,9.154719856,mid
ENSG00000167967_E4F1,9.154646068,mid
ENSG00000102901_CENPT,9.153646966,mid
ENSG00000089177_KIF16B,9.153064723,mid
ENSG00000181481_RNF135,9.152772202,mid
ENSG00000148362_PAXX,9.151946064,mid
ENSG00000173171_MTX1,9.150846616,mid
ENSG00000109066_TMEM104,9.150552416,mid
ENSG00000151090_THRB,9.150093125,mid
ENSG00000166900_STX3,9.150081843,mid
ENSG00000166912_MTMR10,9.149818344,mid
ENSG00000189280_GJB5,9.149769487,mid
ENSG00000101391_CDK5RAP1,9.149212779,mid
ENSG00000007968_E2F2,9.149009282,mid
ENSG00000198169_ZNF251,9.148961407,mid
ENSG00000122550_KLHL7,9.148865887,mid
ENSG00000134152_KATNBL1,9.148734982,mid
ENSG00000124574_ABCC10,9.148684691,mid
ENSG00000153443_UBALD1,9.148444622,mid
ENSG00000178307_TMEM11,9.14832213,mid
ENSG00000163611_SPICE1,9.148112264,mid
ENSG00000166979_EVA1C,9.148111951,mid
ENSG00000181751_C5orf30,9.14801603,mid
ENSG00000170468_RIOX1,9.147703282,mid
ENSG00000138376_BARD1,9.147317284,mid
ENSG00000143653_SCCPDH,9.147066116,mid
ENSG00000176973_FAM89B,9.147059956,mid
ENSG00000196459_TRAPPC2,9.146963043,mid
ENSG00000196655_TRAPPC4,9.14669629,mid
ENSG00000197063_MAFG,9.146332225,mid
ENSG00000163322_ABRAXAS1,9.14591303,mid
ENSG00000111678_C12orf57,9.145595852,mid
ENSG00000099284_H2AFY2,9.144852113,mid
ENSG00000187720_THSD4,9.1447669,mid
ENSG00000204237_OXLD1,9.144727448,mid
ENSG00000243725_TTC4,9.144629193,mid
ENSG00000198546_ZNF511,9.144386134,mid
ENSG00000077514_POLD3,9.144195207,mid
ENSG00000245937_LINC01184,9.142985029,mid
ENSG00000075975_MKRN2,9.14251359,mid
ENSG00000147654_EBAG9,9.142142471,mid
ENSG00000182372_CLN8,9.139701999,mid
ENSG00000162236_STX5,9.139251936,mid
ENSG00000124466_LYPD3,9.139143904,mid
ENSG00000256053_COA8,9.138344935,mid
ENSG00000081377_CDC14B,9.13807387,mid
ENSG00000198863_RUNDC1,9.137906733,mid
ENSG00000168476_REEP4,9.137271497,mid
ENSG00000073050_XRCC1,9.136823987,mid
ENSG00000126003_PLAGL2,9.136588762,mid
ENSG00000158796_DEDD,9.136547643,mid
ENSG00000179403_VWA1,9.13610695,mid
ENSG00000185101_ANO9,9.136040002,mid
ENSG00000116991_SIPA1L2,9.133300443,mid
ENSG00000188343_FAM92A,9.132284004,mid
ENSG00000198947_DMD,9.131202572,mid
ENSG00000205060_SLC35B4,9.130939698,mid
ENSG00000167657_DAPK3,9.130434829,mid
ENSG00000197372_ZNF675,9.129925106,mid
ENSG00000171100_MTM1,9.129892415,mid
ENSG00000168795_ZBTB5,9.128501786,mid
ENSG00000133119_RFC3,9.127915738,mid
ENSG00000162600_OMA1,9.127783821,mid
ENSG00000064692_SNCAIP,9.127777154,mid
ENSG00000109762_SNX25,9.125470967,mid
ENSG00000101442_ACTR5,9.124297374,mid
ENSG00000170234_PWWP2A,9.122653653,mid
ENSG00000121289_CEP89,9.122569194,mid
ENSG00000176124_DLEU1,9.122356342,mid
ENSG00000143033_MTF2,9.121908287,mid
ENSG00000151413_NUBPL,9.121658076,mid
ENSG00000277161_PIGW,9.121205887,mid
ENSG00000140479_PCSK6,9.121088299,mid
ENSG00000101811_CSTF2,9.120816004,mid
ENSG00000137478_FCHSD2,9.119711073,mid
ENSG00000197905_TEAD4,9.118725974,mid
ENSG00000138780_GSTCD,9.118308998,mid
ENSG00000168002_POLR2G,9.118122495,mid
ENSG00000072571_HMMR,9.116686643,mid
ENSG00000118804_STBD1,9.116212093,mid
ENSG00000159445_THEM4,9.115966968,mid
ENSG00000167280_ENGASE,9.115830598,mid
ENSG00000145781_COMMD10,9.115786633,mid
ENSG00000197548_ATG7,9.115778316,mid
ENSG00000165304_MELK,9.115619281,mid
ENSG00000083535_PIBF1,9.115069663,mid
ENSG00000170955_CAVIN3,9.11470798,mid
ENSG00000145365_TIFA,9.11397765,mid
ENSG00000142273_CBLC,9.113493191,mid
ENSG00000258484_SPESP1,9.113469697,mid
ENSG00000198920_KIAA0753,9.113124488,mid
ENSG00000119599_DCAF4,9.113036299,mid
ENSG00000182272_B4GALNT4,9.11283585,mid
ENSG00000226688_ENTPD1-AS1,9.112511264,mid
ENSG00000164124_TMEM144,9.11214748,mid
ENSG00000154429_CCSAP,9.111502788,mid
ENSG00000112208_BAG2,9.110771061,mid
ENSG00000168297_PXK,9.109465123,mid
ENSG00000114784_EIF1B,9.109300249,mid
ENSG00000154743_TSEN2,9.107666502,mid
ENSG00000070778_PTPN21,9.107639495,mid
ENSG00000103540_CCP110,9.107470641,mid
ENSG00000103707_MTFMT,9.107469816,mid
ENSG00000136243_NUP42,9.107468035,mid
ENSG00000134780_DAGLA,9.107401237,mid
ENSG00000120696_KBTBD7,9.106525376,mid
ENSG00000009830_POMT2,9.104407798,mid
ENSG00000059122_FLYWCH1,9.10419548,mid
ENSG00000198554_WDHD1,9.104098311,mid
ENSG00000137486_ARRB1,9.10401531,mid
ENSG00000135334_AKIRIN2,9.103817214,mid
ENSG00000269929_AL158152.1,9.103684584,mid
ENSG00000140832_MARVELD3,9.102439379,mid
ENSG00000163788_SNRK,9.101758223,mid
ENSG00000185989_RASA3,9.100972276,mid
ENSG00000141179_PCTP,9.100780916,mid
ENSG00000248008_NRAV,9.100697011,mid
ENSG00000128228_SDF2L1,9.100528986,mid
ENSG00000103047_TANGO6,9.10006231,mid
ENSG00000198055_GRK6,9.099740101,mid
ENSG00000189308_LIN54,9.099712746,mid
ENSG00000088808_PPP1R13B,9.09957183,mid
ENSG00000111875_ASF1A,9.099477587,mid
ENSG00000119403_PHF19,9.099475962,mid
ENSG00000163964_PIGX,9.09862818,mid
ENSG00000126768_TIMM17B,9.098022973,mid
ENSG00000198689_SLC9A6,9.097584472,mid
ENSG00000136908_DPM2,9.097074609,mid
ENSG00000224051_CPTP,9.095703371,mid
ENSG00000160087_UBE2J2,9.095448544,mid
ENSG00000135698_MPHOSPH6,9.095049789,mid
ENSG00000140854_KATNB1,9.094566998,mid
ENSG00000148985_PGAP2,9.094375698,mid
ENSG00000184924_PTRHD1,9.094113741,mid
ENSG00000079387_SENP1,9.093988371,mid
ENSG00000205572_SERF1B,9.093551626,mid
ENSG00000116514_RNF19B,9.093162041,mid
ENSG00000256537_SMIM10L1,9.093154801,mid
ENSG00000104524_PYCR3,9.092781039,mid
ENSG00000137364_TPMT,9.092567842,mid
ENSG00000204272_NBDY,9.092456396,mid
ENSG00000132640_BTBD3,9.091971805,mid
ENSG00000003989_SLC7A2,9.091470012,mid
ENSG00000122435_TRMT13,9.089640354,mid
ENSG00000137842_TMEM62,9.089614632,mid
ENSG00000160408_ST6GALNAC6,9.089602064,mid
ENSG00000132434_LANCL2,9.089527223,mid
ENSG00000005075_POLR2J,9.088521477,mid
ENSG00000137221_TJAP1,9.087946678,mid
ENSG00000131584_ACAP3,9.087711948,mid
ENSG00000197119_SLC25A29,9.087669607,mid
ENSG00000198720_ANKRD13B,9.087664238,mid
ENSG00000176532_PRR15,9.087219017,mid
ENSG00000089775_ZBTB25,9.087169693,mid
ENSG00000171124_FUT3,9.08681036,mid
ENSG00000140406_TLNRD1,9.086701485,mid
ENSG00000166881_NEMP1,9.086686713,mid
ENSG00000173950_XXYLT1,9.086535584,mid
ENSG00000204186_ZDBF2,9.085816635,mid
ENSG00000107175_CREB3,9.085661244,mid
ENSG00000169689_CENPX,9.085615444,mid
ENSG00000123552_USP45,9.085583385,mid
ENSG00000164815_ORC5,9.085182019,mid
ENSG00000127774_EMC6,9.084693527,mid
ENSG00000087206_UIMC1,9.084256767,mid
ENSG00000169612_RAMAC,9.083988521,mid
ENSG00000135365_PHF21A,9.083815232,mid
ENSG00000167535_CACNB3,9.083250465,mid
ENSG00000160570_DEDD2,9.083228512,mid
ENSG00000183513_COA5,9.082565865,mid
ENSG00000182919_C11orf54,9.082166734,mid
ENSG00000205571_SMN2,9.081465628,mid
ENSG00000257365_FNTB,9.080697485,mid
ENSG00000197774_EME2,9.080544957,mid
ENSG00000258315_C17orf49,9.080451032,mid
ENSG00000096717_SIRT1,9.080330721,mid
ENSG00000272602_ZNF595,9.079943614,mid
ENSG00000168944_CEP120,9.079194835,mid
ENSG00000026297_RNASET2,9.079157914,mid
ENSG00000196873_CBWD3,9.07821823,mid
ENSG00000115170_ACVR1,9.077984439,mid
ENSG00000136044_APPL2,9.076989851,mid
ENSG00000162441_LZIC,9.07673801,mid
ENSG00000177981_ASB8,9.076130413,mid
ENSG00000186185_KIF18B,9.075208631,mid
ENSG00000132478_UNK,9.074692574,mid
ENSG00000142459_EVI5L,9.074400649,mid
ENSG00000285437_POLR2J3,9.073924349,mid
ENSG00000065029_ZNF76,9.073569367,mid
ENSG00000235106_BRD3OS,9.073360255,mid
ENSG00000151689_INPP1,9.073137426,mid
ENSG00000213015_ZNF580,9.072810112,mid
ENSG00000136144_RCBTB1,9.071952337,mid
ENSG00000105329_TGFB1,9.07141885,mid
ENSG00000184470_TXNRD2,9.071318786,mid
ENSG00000127666_TICAM1,9.071085038,mid
ENSG00000187535_IFT140,9.070654319,mid
ENSG00000181638_ZFP41,9.069870413,mid
ENSG00000143363_PRUNE1,9.069805902,mid
ENSG00000120798_NR2C1,9.069130176,mid
ENSG00000006025_OSBPL7,9.068816306,mid
ENSG00000136273_HUS1,9.068662521,mid
ENSG00000184156_KCNQ3,9.068625954,mid
ENSG00000185252_ZNF74,9.067990669,mid
ENSG00000253313_C1orf210,9.067740598,mid
ENSG00000164574_GALNT10,9.067667238,mid
ENSG00000119720_NRDE2,9.066433803,mid
ENSG00000141639_MAPK4,9.06608415,mid
ENSG00000123473_STIL,9.065607657,mid
ENSG00000120656_TAF12,9.065558391,mid
ENSG00000032389_EIPR1,9.064598789,mid
ENSG00000144655_CSRNP1,9.064478495,mid
ENSG00000178537_SLC25A20,9.064107738,mid
ENSG00000168310_IRF2,9.063309062,mid
ENSG00000196083_IL1RAP,9.063132022,mid
ENSG00000125812_GZF1,9.062458216,mid
ENSG00000173611_SCAI,9.062323473,mid
ENSG00000182923_CEP63,9.0623049,mid
ENSG00000178814_OPLAH,9.061963677,mid
ENSG00000075234_TTC38,9.061933936,mid
ENSG00000214367_HAUS3,9.06175477,mid
ENSG00000242110_AMACR,9.061751946,mid
ENSG00000172728_FUT10,9.061574157,mid
ENSG00000107021_TBC1D13,9.061159424,mid
ENSG00000100038_TOP3B,9.060868392,mid
ENSG00000103496_STX4,9.060833416,mid
ENSG00000181472_ZBTB2,9.060698795,mid
ENSG00000103494_RPGRIP1L,9.060564778,mid
ENSG00000241945_PWP2,9.060322416,mid
ENSG00000271425_NBPF10,9.060263936,mid
ENSG00000130021_PUDP,9.060086475,mid
ENSG00000118961_LDAH,9.059477054,mid
ENSG00000142546_NOSIP,9.059449163,mid
ENSG00000094804_CDC6,9.058491578,mid
ENSG00000141873_SLC39A3,9.056912172,mid
ENSG00000140563_MCTP2,9.056590796,mid
ENSG00000139826_ABHD13,9.056174544,mid
ENSG00000099250_NRP1,9.056027428,mid
ENSG00000113638_TTC33,9.055032686,mid
ENSG00000166477_LEO1,9.054440036,mid
ENSG00000132376_INPP5K,9.054091548,mid
ENSG00000141560_FN3KRP,9.053768702,mid
ENSG00000121552_CSTA,9.053295119,mid
ENSG00000136878_USP20,9.052410479,mid
ENSG00000156239_N6AMT1,9.052290505,mid
ENSG00000163818_LZTFL1,9.051238025,mid
ENSG00000140534_TICRR,9.050945676,mid
ENSG00000151445_VIPAS39,9.05038703,mid
ENSG00000108469_RECQL5,9.050289311,mid
ENSG00000177370_TIMM22,9.050266372,mid
ENSG00000114739_ACVR2B,9.049623078,mid
ENSG00000114388_NPRL2,9.048814916,mid
ENSG00000120509_PDZD11,9.048173794,mid
ENSG00000095209_TMEM38B,9.047560333,mid
ENSG00000276023_DUSP14,9.047196646,mid
ENSG00000159479_MED8,9.0470233,mid
ENSG00000145687_SSBP2,9.045628968,mid
ENSG00000172057_ORMDL3,9.045624759,mid
ENSG00000171401_KRT13,9.045350763,mid
ENSG00000103253_HAGHL,9.045286069,mid
ENSG00000132581_SDF2,9.04474091,mid
ENSG00000165060_FXN,9.043810567,mid
ENSG00000161618_ALDH16A1,9.043739324,mid
ENSG00000182963_GJC1,9.043738812,mid
ENSG00000186187_ZNRF1,9.043535504,mid
ENSG00000100151_PICK1,9.043305717,mid
ENSG00000072958_AP1M1,9.043081591,mid
ENSG00000149541_B3GAT3,9.042789995,mid
ENSG00000181826_RELL1,9.041637027,mid
ENSG00000137947_GTF2B,9.041050293,mid
ENSG00000133739_LRRCC1,9.040877676,mid
ENSG00000162616_DNAJB4,9.040410343,mid
ENSG00000274997_HIST1H2AH,9.040071082,mid
ENSG00000180902_D2HGDH,9.03982518,mid
ENSG00000105486_LIG1,9.039642782,mid
ENSG00000127995_CASD1,9.039239016,mid
ENSG00000110442_COMMD9,9.039125642,mid
ENSG00000168591_TMUB2,9.038695417,mid
ENSG00000178607_ERN1,9.038560008,mid
ENSG00000187531_SIRT7,9.038540341,mid
ENSG00000111261_MANSC1,9.038398421,mid
ENSG00000162769_FLVCR1,9.037683023,mid
ENSG00000119411_BSPRY,9.036964207,mid
ENSG00000196465_MYL6B,9.036956054,mid
ENSG00000172071_EIF2AK3,9.036758138,mid
ENSG00000166435_XRRA1,9.036356777,mid
ENSG00000126522_ASL,9.036235001,mid
ENSG00000163877_SNIP1,9.035219089,mid
ENSG00000100429_HDAC10,9.03500158,mid
ENSG00000170085_SIMC1,9.034758039,mid
ENSG00000240682_ISY1,9.034709803,mid
ENSG00000104218_CSPP1,9.034414919,mid
ENSG00000183826_BTBD9,9.03387311,mid
ENSG00000156831_NSMCE2,9.033857437,mid
ENSG00000079974_RABL2B,9.033561138,mid
ENSG00000163344_PMVK,9.033060515,mid
ENSG00000144306_SCRN3,9.032536022,mid
ENSG00000100124_ANKRD54,9.031569556,mid
ENSG00000204427_ABHD16A,9.031507332,mid
ENSG00000149179_C11orf49,9.031486122,mid
ENSG00000128881_TTBK2,9.030717049,mid
ENSG00000145214_DGKQ,9.030690937,mid
ENSG00000157778_PSMG3,9.030647983,mid
ENSG00000130695_CEP85,9.02957694,mid
ENSG00000110925_CSRNP2,9.029208835,mid
ENSG00000053254_FOXN3,9.02912392,mid
ENSG00000081692_JMJD4,9.02901178,mid
ENSG00000274290_HIST1H2BE,9.028659605,mid
ENSG00000175707_KDF1,9.027538452,mid
ENSG00000165943_MOAP1,9.027165611,mid
ENSG00000121766_ZCCHC17,9.026592649,mid
ENSG00000242259_C22orf39,9.02601549,mid
ENSG00000124357_NAGK,9.025837611,mid
ENSG00000051009_FAM160A2,9.025460363,mid
ENSG00000117305_HMGCL,9.025391874,mid
ENSG00000171067_C11orf24,9.024975305,mid
ENSG00000139343_SNRPF,9.02473056,mid
ENSG00000165684_SNAPC4,9.024567454,mid
ENSG00000178694_NSUN3,9.024380913,mid
ENSG00000157800_SLC37A3,9.024194307,mid
ENSG00000167755_KLK6,9.024102009,mid
ENSG00000147586_MRPS28,9.024088762,mid
ENSG00000070269_TMEM260,9.022859511,mid
ENSG00000120738_EGR1,9.022085101,mid
ENSG00000101457_DNTTIP1,9.021926891,mid
ENSG00000135336_ORC3,9.021871446,mid
ENSG00000167566_NCKAP5L,9.021588972,mid
ENSG00000091947_TMEM101,9.021336666,mid
ENSG00000071539_TRIP13,9.02122304,mid
ENSG00000185808_PIGP,9.020546952,mid
ENSG00000258441_LINC00641,9.020494163,mid
ENSG00000170734_POLH,9.020092406,mid
ENSG00000115317_HTRA2,9.019308987,mid
ENSG00000070950_RAD18,9.019220264,mid
ENSG00000136816_TOR1B,9.018979693,mid
ENSG00000188917_TRMT2B,9.018614875,mid
ENSG00000082512_TRAF5,9.018126218,mid
ENSG00000079308_TNS1,9.018126197,mid
ENSG00000176142_TMEM39A,9.017722295,mid
ENSG00000157349_DDX19B,9.017192382,mid
ENSG00000137802_MAPKBP1,9.017026633,mid
ENSG00000174775_HRAS,9.016408924,mid
ENSG00000184277_TM2D3,9.016176905,mid
ENSG00000141504_SAT2,9.015176141,mid
ENSG00000141295_SCRN2,9.014297593,mid
ENSG00000176022_B3GALT6,9.014175691,mid
ENSG00000072864_NDE1,9.013770575,mid
ENSG00000078246_TULP3,9.013715616,mid
ENSG00000144034_TPRKB,9.012807404,mid
ENSG00000137764_MAP2K5,9.012799833,mid
ENSG00000264112_AC015813.1,9.011422543,mid
ENSG00000198482_ZNF808,9.010783058,mid
ENSG00000258890_CEP95,9.009639669,mid
ENSG00000082146_STRADB,9.009195971,mid
ENSG00000172766_NAA16,9.008758749,mid
ENSG00000154678_PDE1C,9.008637185,mid
ENSG00000170903_MSANTD4,9.008585676,mid
ENSG00000053371_AKR7A2,9.008431846,mid
ENSG00000119397_CNTRL,9.006527039,mid
ENSG00000135828_RNASEL,9.006387625,mid
ENSG00000173894_CBX2,9.006034447,mid
ENSG00000165124_SVEP1,9.005221328,mid
ENSG00000136280_CCM2,9.004768113,mid
ENSG00000071575_TRIB2,9.004587534,mid
ENSG00000188707_ZBED6CL,9.003820673,mid
ENSG00000128185_DGCR6L,9.003450217,mid
ENSG00000171861_MRM3,9.003429225,mid
ENSG00000164045_CDC25A,9.003272687,mid
ENSG00000154328_NEIL2,9.003137893,mid
ENSG00000185946_RNPC3,9.003099085,mid
ENSG00000106415_GLCCI1,9.002035686,mid
ENSG00000070495_JMJD6,9.001919588,mid
ENSG00000153774_CFDP1,9.000971845,mid
ENSG00000138231_DBR1,9.000895734,mid
ENSG00000065485_PDIA5,9.00068979,mid
ENSG00000073331_ALPK1,8.999707466,mid
ENSG00000154511_DIPK1A,8.997936131,mid
ENSG00000089639_GMIP,8.997333485,mid
ENSG00000065717_TLE2,8.997275307,mid
ENSG00000124313_IQSEC2,8.997092366,mid
ENSG00000168434_COG7,8.99676126,mid
ENSG00000169570_DTWD2,8.996553414,mid
ENSG00000170549_IRX1,8.996012455,mid
ENSG00000153721_CNKSR3,8.995122304,mid
ENSG00000169599_NFU1,8.99449248,mid
ENSG00000046647_GEMIN8,8.994451998,mid
ENSG00000273213_HIST2H3PS2,8.994154766,mid
ENSG00000178980_SELENOW,8.993803633,mid
ENSG00000185947_ZNF267,8.991750242,mid
ENSG00000158526_TSR2,8.991653455,mid
ENSG00000138190_EXOC6,8.991572814,mid
ENSG00000020256_ZFP64,8.991346318,mid
ENSG00000198382_UVRAG,8.990943684,mid
ENSG00000177125_ZBTB34,8.990567927,mid
ENSG00000142675_CNKSR1,8.989975503,mid
ENSG00000109065_NAT9,8.988986206,mid
ENSG00000284770_TBCE,8.988702288,mid
ENSG00000092978_GPATCH2,8.988191052,mid
ENSG00000170946_DNAJC24,8.988075791,mid
ENSG00000123191_ATP7B,8.988055711,mid
ENSG00000164051_CCDC51,8.987643698,mid
ENSG00000088035_ALG6,8.987280979,mid
ENSG00000102226_USP11,8.986966153,mid
ENSG00000213096_ZNF254,8.986960408,mid
ENSG00000165804_ZNF219,8.985816239,mid
ENSG00000174080_CTSF,8.98536418,mid
ENSG00000114956_DGUOK,8.984790695,mid
ENSG00000138433_CIR1,8.984783241,mid
ENSG00000172059_KLF11,8.984206906,mid
ENSG00000163131_CTSS,8.983901906,mid
ENSG00000197780_TAF13,8.982833499,mid
ENSG00000180773_SLC36A4,8.982560066,mid
ENSG00000167685_ZNF444,8.981660077,mid
ENSG00000160703_NLRX1,8.981504136,mid
ENSG00000119242_CCDC92,8.981343811,mid
ENSG00000197409_HIST1H3D,8.98102697,mid
ENSG00000125347_IRF1,8.980333936,mid
ENSG00000198807_PAX9,8.979075365,mid
ENSG00000140153_WDR20,8.977597969,mid
ENSG00000156253_RWDD2B,8.976768824,mid
ENSG00000144589_STK11IP,8.976405242,mid
ENSG00000148399_DPH7,8.975831532,mid
ENSG00000099308_MAST3,8.975796202,mid
ENSG00000263528_IKBKE,8.975598229,mid
ENSG00000183077_AFMID,8.975258849,mid
ENSG00000165506_DNAAF2,8.975251646,mid
ENSG00000102738_MRPS31,8.975080285,mid
ENSG00000100577_GSTZ1,8.974354916,mid
ENSG00000213799_ZNF845,8.972546777,mid
ENSG00000168894_RNF181,8.972460344,mid
ENSG00000150995_ITPR1,8.972440765,mid
ENSG00000163297_ANTXR2,8.971987763,mid
ENSG00000116922_C1orf109,8.97174141,mid
ENSG00000102302_FGD1,8.971569972,mid
ENSG00000106346_USP42,8.971339368,mid
ENSG00000254911_SCARNA9,8.971193003,mid
ENSG00000137274_BPHL,8.97075641,mid
ENSG00000112312_GMNN,8.970695773,mid
ENSG00000182752_PAPPA,8.969217303,mid
ENSG00000119878_CRIPT,8.969084353,mid
ENSG00000169762_TAPT1,8.968162232,mid
ENSG00000213722_DDAH2,8.968039362,mid
ENSG00000242485_MRPL20,8.967886595,mid
ENSG00000172375_C2CD2L,8.96731487,mid
ENSG00000111679_PTPN6,8.967128555,mid
ENSG00000138375_SMARCAL1,8.966469707,mid
ENSG00000184939_ZFP90,8.965978619,mid
ENSG00000175376_EIF1AD,8.965723333,mid
ENSG00000166685_COG1,8.964810508,mid
ENSG00000025770_NCAPH2,8.964248995,mid
ENSG00000172428_COPS9,8.964179749,mid
ENSG00000107140_TESK1,8.963784477,mid
ENSG00000215417_MIR17HG,8.963634413,mid
ENSG00000066827_ZFAT,8.963544205,mid
ENSG00000157895_C12orf43,8.963467618,mid
ENSG00000085274_MYNN,8.963430987,mid
ENSG00000138495_COX17,8.963073816,mid
ENSG00000157510_AFAP1L1,8.963050488,mid
ENSG00000196155_PLEKHG4,8.962708303,mid
ENSG00000121058_COIL,8.962504716,mid
ENSG00000171017_LRRC8E,8.961329796,mid
ENSG00000153246_PLA2R1,8.961274195,mid
ENSG00000136925_TSTD2,8.96124814,mid
ENSG00000100056_ESS2,8.961234728,mid
ENSG00000106399_RPA3,8.961120447,mid
ENSG00000124610_HIST1H1A,8.960569919,mid
ENSG00000124596_OARD1,8.959321563,mid
ENSG00000158234_FAIM,8.959317302,mid
ENSG00000043514_TRIT1,8.958968234,mid
ENSG00000268043_NBPF12,8.958851229,mid
ENSG00000011523_CEP68,8.958590279,mid
ENSG00000116863_ADPRHL2,8.957331812,mid
ENSG00000075303_SLC25A40,8.957162881,mid
ENSG00000204524_ZNF805,8.955948019,mid
ENSG00000103534_TMC5,8.95543523,mid
ENSG00000184402_SS18L1,8.955219002,mid
ENSG00000163013_FBXO41,8.955198964,mid
ENSG00000065457_ADAT1,8.954382804,mid
ENSG00000243147_MRPL33,8.954005902,mid
ENSG00000070731_ST6GALNAC2,8.953942214,mid
ENSG00000101986_ABCD1,8.953790474,mid
ENSG00000127337_YEATS4,8.952695296,mid
ENSG00000138101_DTNB,8.952530549,mid
ENSG00000139679_LPAR6,8.951825529,mid
ENSG00000184661_CDCA2,8.951661097,mid
ENSG00000094755_GABRP,8.951009671,mid
ENSG00000158716_DUSP23,8.950135093,mid
ENSG00000140859_KIFC3,8.948452594,mid
ENSG00000185475_TMEM179B,8.948034741,mid
ENSG00000124641_MED20,8.947209821,mid
ENSG00000116729_WLS,8.94664406,mid
ENSG00000167964_RAB26,8.946642977,mid
ENSG00000187838_PLSCR3,8.946628528,mid
ENSG00000117480_FAAH,8.946562771,mid
ENSG00000065057_NTHL1,8.946399545,mid
ENSG00000163703_CRELD1,8.945363823,mid
ENSG00000170779_CDCA4,8.945111247,mid
ENSG00000136371_MTHFS,8.944452322,mid
ENSG00000153015_CWC27,8.944319049,mid
ENSG00000004866_ST7,8.943633943,mid
ENSG00000181722_ZBTB20,8.943421117,mid
ENSG00000163719_MTMR14,8.943074002,mid
ENSG00000183978_COA3,8.942897306,mid
ENSG00000175548_ALG10B,8.942865892,mid
ENSG00000108479_GALK1,8.942809634,mid
ENSG00000224531_SMIM13,8.942320393,mid
ENSG00000167985_SDHAF2,8.942313199,mid
ENSG00000140743_CDR2,8.942160613,mid
ENSG00000182010_RTKN2,8.941952359,mid
ENSG00000034693_PEX3,8.941309719,mid
ENSG00000123415_SMUG1,8.940967676,mid
ENSG00000103381_CPPED1,8.939644478,mid
ENSG00000184436_THAP7,8.939266218,mid
ENSG00000163738_MTHFD2L,8.938226052,mid
ENSG00000148120_AOPEP,8.938192229,mid
ENSG00000125629_INSIG2,8.937620351,mid
ENSG00000074266_EED,8.93750763,mid
ENSG00000198753_PLXNB3,8.936660745,mid
ENSG00000176641_RNF152,8.936491613,mid
ENSG00000103995_CEP152,8.936386776,mid
ENSG00000155275_TRMT44,8.936098708,mid
ENSG00000162419_GMEB1,8.935394601,mid
ENSG00000099337_KCNK6,8.934224832,mid
ENSG00000169991_IFFO2,8.933838146,mid
ENSG00000172732_MUS81,8.933465532,mid
ENSG00000167543_TP53I13,8.933162079,mid
ENSG00000198276_UCKL1,8.931791667,mid
ENSG00000143842_SOX13,8.931641795,mid
ENSG00000148356_LRSAM1,8.931627639,mid
ENSG00000164105_SAP30,8.931520525,mid
ENSG00000119862_LGALSL,8.931489123,mid
ENSG00000196968_FUT11,8.931486017,mid
ENSG00000122417_ODF2L,8.931111485,mid
ENSG00000219481_NBPF1,8.930726837,mid
ENSG00000236699_ARHGEF38,8.930193784,mid
ENSG00000135049_AGTPBP1,8.929906467,mid
ENSG00000123352_SPATS2,8.929589259,mid
ENSG00000146670_CDCA5,8.928903205,mid
ENSG00000171763_SPATA5L1,8.928645399,mid
ENSG00000164073_MFSD8,8.928155712,mid
ENSG00000129158_SERGEF,8.927145192,mid
ENSG00000226887_ERVMER34-1,8.926696002,mid
ENSG00000167987_VPS37C,8.926548392,mid
ENSG00000152464_RPP38,8.926094994,mid
ENSG00000107201_DDX58,8.92595231,mid
ENSG00000065491_TBC1D22B,8.925672393,mid
ENSG00000136940_PDCL,8.925370869,mid
ENSG00000143315_PIGM,8.925046145,mid
ENSG00000243701_DUBR,8.924920687,mid
ENSG00000139354_GAS2L3,8.924452058,mid
ENSG00000284753_EEF1AKMT4,8.92398882,mid
ENSG00000148481_MINDY3,8.923925257,mid
ENSG00000269190_FBXO17,8.923629825,mid
ENSG00000047621_C12orf4,8.922350745,mid
ENSG00000070718_AP3M2,8.921844126,mid
ENSG00000169851_PCDH7,8.921805638,mid
ENSG00000148688_RPP30,8.921680182,mid
ENSG00000132005_RFX1,8.921556153,mid
ENSG00000197296_FITM2,8.920732478,mid
ENSG00000183779_ZNF703,8.920182777,mid
ENSG00000080298_RFX3,8.919050977,mid
ENSG00000187630_DHRS4L2,8.918863284,mid
ENSG00000108239_TBC1D12,8.918272941,mid
ENSG00000156858_PRR14,8.917973163,mid
ENSG00000138002_IFT172,8.917955503,mid
ENSG00000102390_PBDC1,8.917948856,mid
ENSG00000144401_METTL21A,8.917676674,mid
ENSG00000130449_ZSWIM6,8.917662559,mid
ENSG00000152455_SUV39H2,8.917393576,mid
ENSG00000117151_CTBS,8.917102117,mid
ENSG00000159348_CYB5R1,8.916945115,mid
ENSG00000174292_TNK1,8.916284433,mid
ENSG00000102349_KLF8,8.916193898,mid
ENSG00000169696_ASPSCR1,8.915562507,mid
ENSG00000099203_TMED1,8.914399578,mid
ENSG00000140939_NOL3,8.914304967,mid
ENSG00000255248_MIR100HG,8.913907684,mid
ENSG00000171960_PPIH,8.912973678,mid
ENSG00000278318_ZNF229,8.912803178,mid
ENSG00000165238_WNK2,8.91265415,mid
ENSG00000149761_NUDT22,8.912340673,mid
ENSG00000122696_SLC25A51,8.912273898,mid
ENSG00000277775_HIST1H3F,8.911390041,mid
ENSG00000168806_LCMT2,8.910605763,mid
ENSG00000198924_DCLRE1A,8.909303261,mid
ENSG00000127586_CHTF18,8.908924369,mid
ENSG00000172932_ANKRD13D,8.907377833,mid
ENSG00000221968_FADS3,8.906491315,mid
ENSG00000143382_ADAMTSL4,8.905438059,mid
ENSG00000139370_SLC15A4,8.90514085,mid
ENSG00000162645_GBP2,8.905085502,mid
ENSG00000104976_SNAPC2,8.904806652,mid
ENSG00000101255_TRIB3,8.904708934,mid
ENSG00000163170_BOLA3,8.90469128,mid
ENSG00000147144_CCDC120,8.904579633,mid
ENSG00000162972_MAIP1,8.903310618,mid
ENSG00000181873_IBA57,8.903188966,mid
ENSG00000112167_SAYSD1,8.903164317,mid
ENSG00000187764_SEMA4D,8.90252574,mid
ENSG00000174804_FZD4,8.901786277,mid
ENSG00000112763_BTN2A1,8.901610365,mid
ENSG00000182287_AP1S2,8.900443996,mid
ENSG00000175324_LSM1,8.899990749,mid
ENSG00000121964_GTDC1,8.898789573,mid
ENSG00000142330_CAPN10,8.898780863,mid
ENSG00000055147_FAM114A2,8.898723308,mid
ENSG00000186867_QRFPR,8.898701916,mid
ENSG00000141013_GAS8,8.898633583,mid
ENSG00000187866_FAM122A,8.896955496,mid
ENSG00000166275_BORCS7,8.895922579,mid
ENSG00000092931_MFSD11,8.895235396,mid
ENSG00000109107_ALDOC,8.893525221,mid
ENSG00000178149_DALRD3,8.892993864,mid
ENSG00000164118_CEP44,8.892326748,mid
ENSG00000118242_MREG,8.892189762,mid
ENSG00000144647_POMGNT2,8.891494076,mid
ENSG00000204588_LINC01123,8.890791319,mid
ENSG00000144048_DUSP11,8.89044585,mid
ENSG00000162300_ZFPL1,8.888955418,mid
ENSG00000074211_PPP2R2C,8.888267852,mid
ENSG00000124608_AARS2,8.888009382,mid
ENSG00000179021_C3orf38,8.88734929,mid
ENSG00000134575_ACP2,8.887309709,mid
ENSG00000139437_TCHP,8.886535847,mid
ENSG00000166788_SAAL1,8.886373601,mid
ENSG00000157353_FCSK,8.885957476,mid
ENSG00000087495_PHACTR3,8.885345138,mid
ENSG00000119431_HDHD3,8.884989989,mid
ENSG00000125967_NECAB3,8.884456712,mid
ENSG00000006576_PHTF2,8.884379755,mid
ENSG00000141127_PRPSAP2,8.882417394,mid
ENSG00000182208_MOB2,8.882322407,mid
ENSG00000170037_CNTROB,8.882024734,mid
ENSG00000117262_GPR89A,8.881796104,mid
ENSG00000130299_GTPBP3,8.881682023,mid
ENSG00000278291_AL161772.1,8.881556896,mid
ENSG00000069399_BCL3,8.879597991,mid
ENSG00000103274_NUBP1,8.879493865,mid
ENSG00000178028_DMAP1,8.879446856,mid
ENSG00000087074_PPP1R15A,8.878570015,mid
ENSG00000148335_NTMT1,8.878523257,mid
ENSG00000152147_GEMIN6,8.877408616,mid
ENSG00000078124_ACER3,8.875884683,mid
ENSG00000154813_DPH3,8.875479791,mid
ENSG00000117650_NEK2,8.87503767,mid
ENSG00000104946_TBC1D17,8.874792968,mid
ENSG00000169093_ASMTL,8.874690584,mid
ENSG00000159082_SYNJ1,8.874510107,mid
ENSG00000196866_HIST1H2AD,8.874246653,mid
ENSG00000101003_GINS1,8.873085849,mid
ENSG00000129451_KLK10,8.872718657,mid
ENSG00000006015_REX1BD,8.872681091,mid
ENSG00000160799_CCDC12,8.872584684,mid
ENSG00000175309_PHYKPL,8.872103219,mid
ENSG00000154803_FLCN,8.871750889,mid
ENSG00000106993_CDC37L1,8.871196218,mid
ENSG00000130734_ATG4D,8.870931144,mid
ENSG00000068400_GRIPAP1,8.870058486,mid
ENSG00000101216_GMEB2,8.87003479,mid
ENSG00000103061_SLC7A6OS,8.870022375,mid
ENSG00000163138_PACRGL,8.869744528,mid
ENSG00000135185_TMEM243,8.869604745,mid
ENSG00000143622_RIT1,8.868936918,mid
ENSG00000097021_ACOT7,8.868924649,mid
ENSG00000143801_PSEN2,8.868840884,mid
ENSG00000175573_C11orf68,8.868515298,mid
ENSG00000151276_MAGI1,8.868339575,mid
ENSG00000267322_SNHG22,8.868061809,mid
ENSG00000118263_KLF7,8.86780628,mid
ENSG00000167182_SP2,8.867662121,mid
ENSG00000196290_NIF3L1,8.867580924,mid
ENSG00000181458_TMEM45A,8.867281997,mid
ENSG00000174405_LIG4,8.867217958,mid
ENSG00000158882_TOMM40L,8.86716908,mid
ENSG00000172965_MIR4435-2HG,8.866903436,mid
ENSG00000165675_ENOX2,8.866884218,mid
ENSG00000157191_NECAP2,8.866024703,mid
ENSG00000204084_INPP5B,8.865876518,mid
ENSG00000169247_SH3TC2,8.864376877,mid
ENSG00000120942_UBIAD1,8.864324868,mid
ENSG00000206573_THUMPD3-AS1,8.864320855,mid
ENSG00000136643_RPS6KC1,8.863693441,mid
ENSG00000272047_GTF2H5,8.862457375,mid
ENSG00000142178_SIK1,8.86182526,mid
ENSG00000185022_MAFF,8.861643957,mid
ENSG00000151466_SCLT1,8.861478737,mid
ENSG00000180964_TCEAL8,8.861405399,mid
ENSG00000164077_MON1A,8.86070552,mid
ENSG00000186847_KRT14,8.860700765,mid
ENSG00000132323_ILKAP,8.860057848,mid
ENSG00000132825_PPP1R3D,8.859109251,mid
ENSG00000138463_SLC49A4,8.858735437,mid
ENSG00000113805_CNTN3,8.858013502,mid
ENSG00000141622_RNF165,8.857798697,mid
ENSG00000068097_HEATR6,8.857699,mid
ENSG00000198168_SVIP,8.85768942,mid
ENSG00000075218_GTSE1,8.85732301,mid
ENSG00000172530_BANP,8.857142092,mid
ENSG00000116205_TCEANC2,8.856919686,mid
ENSG00000066379_ZNRD1,8.855884354,mid
ENSG00000127989_MTERF1,8.855801936,mid
ENSG00000112210_RAB23,8.855127516,mid
ENSG00000198853_RUSC2,8.855016426,mid
ENSG00000171130_ATP6V0E2,8.854349473,mid
ENSG00000173226_IQCB1,8.853706747,mid
ENSG00000188026_RILPL1,8.853637731,mid
ENSG00000140386_SCAPER,8.852078157,mid
ENSG00000198105_ZNF248,8.851633912,mid
ENSG00000105258_POLR2I,8.851219686,mid
ENSG00000051341_POLQ,8.850727096,mid
ENSG00000132394_EEFSEC,8.850505818,mid
ENSG00000136169_SETDB2,8.850234146,mid
ENSG00000125885_MCM8,8.84976268,mid
ENSG00000236088_COX10-AS1,8.848710049,mid
ENSG00000165118_C9orf64,8.847955707,mid
ENSG00000144161_ZC3H8,8.847526144,mid
ENSG00000167637_ZNF283,8.845997123,mid
ENSG00000143256_PFDN2,8.845721281,mid
ENSG00000163710_PCOLCE2,8.845061676,mid
ENSG00000110200_ANAPC15,8.844734908,mid
ENSG00000125772_GPCPD1,8.843700512,mid
ENSG00000160917_CPSF4,8.843624308,mid
ENSG00000123607_TTC21B,8.843191165,mid
ENSG00000070761_CFAP20,8.842588574,mid
ENSG00000234608_MAPKAPK5-AS1,8.842105783,mid
ENSG00000023839_ABCC2,8.841944429,mid
ENSG00000006459_KDM7A,8.841838472,mid
ENSG00000120278_PLEKHG1,8.840536028,mid
ENSG00000204227_RING1,8.840299793,mid
ENSG00000062598_ELMO2,8.839979207,mid
ENSG00000163281_GNPDA2,8.839831911,mid
ENSG00000179454_KLHL28,8.83971471,mid
ENSG00000148450_MSRB2,8.839346791,mid
ENSG00000125850_OVOL2,8.838462403,mid
ENSG00000106462_EZH2,8.838281013,mid
ENSG00000018610_CXorf56,8.837382239,mid
ENSG00000113597_TRAPPC13,8.837116806,mid
ENSG00000130717_UCK1,8.83557694,mid
ENSG00000185262_UBALD2,8.834650268,mid
ENSG00000178971_CTC1,8.834483193,mid
ENSG00000120925_RNF170,8.834307894,mid
ENSG00000124067_SLC12A4,8.834245254,mid
ENSG00000146576_C7orf26,8.83369944,mid
ENSG00000139546_TARBP2,8.833289065,mid
ENSG00000128578_STRIP2,8.833024798,mid
ENSG00000091986_CCDC80,8.832717654,mid
ENSG00000198715_GLMP,8.832130952,mid
ENSG00000081087_OSTM1,8.832123674,mid
ENSG00000154889_MPPE1,8.83198517,mid
ENSG00000128335_APOL2,8.831645361,mid
ENSG00000155755_TMEM237,8.83072027,mid
ENSG00000272405_AL365181.3,8.830716257,mid
ENSG00000124688_MAD2L1BP,8.830143823,mid
ENSG00000115661_STK16,8.828432602,mid
ENSG00000176945_MUC20,8.827582189,mid
ENSG00000174483_BBS1,8.827573623,mid
ENSG00000198001_IRAK4,8.82734659,mid
ENSG00000175283_DOLK,8.825290127,mid
ENSG00000132600_PRMT7,8.825001291,mid
ENSG00000142856_ITGB3BP,8.824733401,mid
ENSG00000078177_N4BP2,8.824362064,mid
ENSG00000168564_CDKN2AIP,8.823068169,mid
ENSG00000170836_PPM1D,8.823035286,mid
ENSG00000153767_GTF2E1,8.820691539,mid
ENSG00000166140_ZFYVE19,8.820016712,mid
ENSG00000164074_ABHD18,8.819732768,mid
ENSG00000261221_ZNF865,8.818994586,mid
ENSG00000167925_GHDC,8.81875873,mid
ENSG00000080839_RBL1,8.817618816,mid
ENSG00000127191_TRAF2,8.817464298,mid
ENSG00000205758_CRYZL1,8.816684634,mid
ENSG00000160124_CCDC58,8.81502878,mid
ENSG00000163935_SFMBT1,8.813821712,mid
ENSG00000175482_POLD4,8.813499327,mid
ENSG00000167130_DOLPP1,8.813282491,mid
ENSG00000162458_FBLIM1,8.813032053,mid
ENSG00000101882_NKAP,8.812990075,mid
ENSG00000116212_LRRC42,8.812586024,mid
ENSG00000159388_BTG2,8.811394497,mid
ENSG00000122335_SERAC1,8.811211563,mid
ENSG00000220205_VAMP2,8.810743335,mid
ENSG00000146733_PSPH,8.81067095,mid
ENSG00000137700_SLC37A4,8.810383108,mid
ENSG00000144741_SLC25A26,8.810242155,mid
ENSG00000136213_CHST12,8.808012273,mid
ENSG00000159110_IFNAR2,8.807797414,mid
ENSG00000074964_ARHGEF10L,8.807747677,mid
ENSG00000196417_ZNF765,8.807649341,mid
ENSG00000154814_OXNAD1,8.806631049,mid
ENSG00000058799_YIPF1,8.806386892,mid
ENSG00000126903_SLC10A3,8.805319078,mid
ENSG00000197121_PGAP1,8.804952386,mid
ENSG00000180376_CCDC66,8.804681672,mid
ENSG00000145996_CDKAL1,8.804202298,mid
ENSG00000096872_IFT74,8.804032384,mid
ENSG00000261175_LINC02188,8.803480241,mid
ENSG00000115594_IL1R1,8.803147383,mid
ENSG00000244045_TMEM199,8.802776284,mid
ENSG00000124171_PARD6B,8.802387926,mid
ENSG00000134285_FKBP11,8.801210486,mid
ENSG00000164366_CCDC127,8.800804231,mid
ENSG00000107443_CCNJ,8.798997744,mid
ENSG00000012211_PRICKLE3,8.798579532,mid
ENSG00000253797_UTP14C,8.798504101,mid
ENSG00000165474_GJB2,8.797630047,mid
ENSG00000162852_CNST,8.797342845,mid
ENSG00000119559_C19orf25,8.796931585,mid
ENSG00000134597_RBMX2,8.796074848,mid
ENSG00000166016_ABTB2,8.795727649,mid
ENSG00000100299_ARSA,8.795688342,mid
ENSG00000124523_SIRT5,8.795103951,mid
ENSG00000106526_ACTR3C,8.794706532,mid
ENSG00000143643_TTC13,8.794667888,mid
ENSG00000165782_PIP4P1,8.794500121,mid
ENSG00000167904_TMEM68,8.793940723,mid
ENSG00000176390_CRLF3,8.793828475,mid
ENSG00000155729_KCTD18,8.793729213,mid
ENSG00000161888_SPC24,8.793251007,mid
ENSG00000160199_PKNOX1,8.79263597,mid
ENSG00000015153_YAF2,8.79187774,mid
ENSG00000187736_NHEJ1,8.791277469,mid
ENSG00000158019_BABAM2,8.790306055,mid
ENSG00000135452_TSPAN31,8.790003843,mid
ENSG00000198113_TOR4A,8.789937793,mid
ENSG00000163283_ALPP,8.78947415,mid
ENSG00000105053_VRK3,8.78878732,mid
ENSG00000234771_SLC25A25-AS1,8.788623319,mid
ENSG00000169857_AVEN,8.787954517,mid
ENSG00000135587_SMPD2,8.786619266,mid
ENSG00000181218_HIST3H2A,8.783064376,mid
ENSG00000164182_NDUFAF2,8.782938981,mid
ENSG00000013563_DNASE1L1,8.78254215,mid
ENSG00000164535_DAGLB,8.782460442,mid
ENSG00000260565_ERVK13-1,8.781519936,mid
ENSG00000125247_TMTC4,8.781511429,mid
ENSG00000102393_GLA,8.781081974,mid
ENSG00000122678_POLM,8.780399489,mid
ENSG00000273604_EPOP,8.779130719,mid
ENSG00000178764_ZHX2,8.778898238,mid
ENSG00000007038_PRSS21,8.778523841,mid
ENSG00000107338_SHB,8.778067192,mid
ENSG00000006757_PNPLA4,8.777308326,mid
ENSG00000110888_CAPRIN2,8.77600374,mid
ENSG00000148572_NRBF2,8.775422263,mid
ENSG00000185418_TARSL2,8.775195429,mid
ENSG00000168876_ANKRD49,8.774869959,mid
ENSG00000177045_SIX5,8.774401114,mid
ENSG00000085644_ZNF213,8.774295822,mid
ENSG00000187097_ENTPD5,8.773939566,mid
ENSG00000184602_SNN,8.773066869,mid
ENSG00000171443_ZNF524,8.772739558,mid
ENSG00000132541_RIDA,8.771422605,mid
ENSG00000126653_NSRP1,8.771390884,mid
ENSG00000146054_TRIM7,8.771244908,mid
ENSG00000101190_TCFL5,8.770977613,mid
ENSG00000154217_PITPNC1,8.770892685,mid
ENSG00000133466_C1QTNF6,8.77032335,mid
ENSG00000176208_ATAD5,8.769444931,mid
ENSG00000129455_KLK8,8.769141314,mid
ENSG00000148842_CNNM2,8.768877018,mid
ENSG00000151498_ACAD8,8.768129203,mid
ENSG00000204271_SPIN3,8.767935267,mid
ENSG00000143353_LYPLAL1,8.767475692,mid
ENSG00000141376_BCAS3,8.767163112,mid
ENSG00000121152_NCAPH,8.766488715,mid
ENSG00000005059_MCUB,8.766475506,mid
ENSG00000114735_HEMK1,8.766474548,mid
ENSG00000169955_ZNF747,8.765293562,mid
ENSG00000127507_ADGRE2,8.765128645,mid
ENSG00000130150_MOSPD2,8.765084408,mid
ENSG00000270069_MIR222HG,8.764497041,mid
ENSG00000154265_ABCA5,8.76416559,mid
ENSG00000177685_CRACR2B,8.763985069,mid
ENSG00000177042_TMEM80,8.763202796,mid
ENSG00000106077_ABHD11,8.763080389,mid
ENSG00000157379_DHRS1,8.762798764,mid
ENSG00000196470_SIAH1,8.762559141,mid
ENSG00000132793_LPIN3,8.762383649,mid
ENSG00000115392_FANCL,8.762052615,mid
ENSG00000135845_PIGC,8.761886719,mid
ENSG00000146067_FAM193B,8.761451726,mid
ENSG00000166377_ATP9B,8.760522912,mid
ENSG00000170325_PRDM10,8.759458968,mid
ENSG00000095739_BAMBI,8.759036553,mid
ENSG00000117569_PTBP2,8.758766575,mid
ENSG00000197943_PLCG2,8.758074237,mid
ENSG00000150977_RILPL2,8.757947696,mid
ENSG00000149346_SLX4IP,8.757822609,mid
ENSG00000111785_RIC8B,8.757287852,mid
ENSG00000213949_ITGA1,8.756461087,mid
ENSG00000105520_PLPPR2,8.756019243,mid
ENSG00000197696_NMB,8.7555509,mid
ENSG00000090432_MUL1,8.754683723,mid
ENSG00000131725_WDR44,8.754659468,mid
ENSG00000196116_TDRD7,8.754604211,mid
ENSG00000184371_CSF1,8.753987128,mid
ENSG00000145982_FARS2,8.75375237,mid
ENSG00000161955_TNFSF13,8.753742754,mid
ENSG00000104714_ERICH1,8.751981793,mid
ENSG00000103121_CMC2,8.751708125,mid
ENSG00000047056_WDR37,8.751586304,mid
ENSG00000129460_NGDN,8.750813619,mid
ENSG00000120055_C10orf95,8.750196986,mid
ENSG00000115350_POLE4,8.74951012,mid
ENSG00000156869_FRRS1,8.748830983,mid
ENSG00000179941_BBS10,8.74837725,mid
ENSG00000171311_EXOSC1,8.748269578,mid
ENSG00000087157_PGS1,8.747606687,mid
ENSG00000169019_COMMD8,8.747527449,mid
ENSG00000100526_CDKN3,8.747437078,mid
ENSG00000281991_TMEM265,8.74730713,mid
ENSG00000168101_NUDT16L1,8.747135236,mid
ENSG00000103160_HSDL1,8.746541844,mid
ENSG00000266967_AARSD1,8.74645745,mid
ENSG00000161243_FBXO27,8.74609919,mid
ENSG00000103254_ANTKMT,8.745605277,mid
ENSG00000167264_DUS2,8.745513188,mid
ENSG00000180574_EIF2S3B,8.745098094,mid
ENSG00000124102_PI3,8.744913347,mid
ENSG00000079482_OPHN1,8.744732482,mid
ENSG00000154188_ANGPT1,8.744636607,mid
ENSG00000164039_BDH2,8.744606755,mid
ENSG00000069966_GNB5,8.744605928,mid
ENSG00000152443_ZNF776,8.744488189,mid
ENSG00000205544_TMEM256,8.743383346,mid
ENSG00000133678_TMEM254,8.742948197,mid
ENSG00000128563_PRKRIP1,8.74294586,mid
ENSG00000275183_LENG9,8.742047906,mid
ENSG00000154640_BTG3,8.740832953,mid
ENSG00000213020_ZNF611,8.740588187,mid
ENSG00000177058_SLC38A9,8.739053648,mid
ENSG00000063169_BICRA,8.738759615,mid
ENSG00000274265_AC245297.3,8.738265792,mid
ENSG00000139531_SUOX,8.738230792,mid
ENSG00000074416_MGLL,8.737978382,mid
ENSG00000003509_NDUFAF7,8.737930341,mid
ENSG00000133997_MED6,8.737860993,mid
ENSG00000087095_NLK,8.73775025,mid
ENSG00000184860_SDR42E1,8.737633051,mid
ENSG00000054282_SDCCAG8,8.736125644,mid
ENSG00000011422_PLAUR,8.73549557,mid
ENSG00000204348_DXO,8.734289175,mid
ENSG00000166068_SPRED1,8.733692174,mid
ENSG00000156795_WDYHV1,8.733285206,mid
ENSG00000248092_NNT-AS1,8.733183087,mid
ENSG00000174684_B4GAT1,8.733142428,mid
ENSG00000281406_BLACAT1,8.732959144,mid
ENSG00000275835_TUBGCP5,8.731553913,mid
ENSG00000214049_UCA1,8.731450785,mid
ENSG00000163507_CIP2A,8.731334106,mid
ENSG00000104299_INTS9,8.730734659,mid
ENSG00000101132_PFDN4,8.73069582,mid
ENSG00000149016_TUT1,8.729625398,mid
ENSG00000213523_SRA1,8.728396486,mid
ENSG00000172922_RNASEH2C,8.727264589,mid
ENSG00000008324_SS18L2,8.725975502,mid
ENSG00000178449_COX14,8.725158164,mid
ENSG00000169252_ADRB2,8.725152647,mid
ENSG00000261069_AC124312.3,8.724957378,mid
ENSG00000110074_FOXRED1,8.724733504,mid
ENSG00000204520_MICA,8.724591929,mid
ENSG00000135414_GDF11,8.724348638,mid
ENSG00000125149_C16orf70,8.72382969,mid
ENSG00000109775_UFSP2,8.721745514,mid
ENSG00000188811_NHLRC3,8.721707947,mid
ENSG00000163002_NUP35,8.719714616,mid
ENSG00000138028_CGREF1,8.719099171,mid
ENSG00000143590_EFNA3,8.718348821,mid
ENSG00000196154_S100A4,8.71832478,mid
ENSG00000187741_FANCA,8.718004574,mid
ENSG00000205084_TMEM231,8.717223308,mid
ENSG00000142731_PLK4,8.716672169,mid
ENSG00000155287_SLC25A28,8.716599162,mid
ENSG00000114698_PLSCR4,8.716559394,mid
ENSG00000267795_SMIM22,8.716167079,mid
ENSG00000143553_SNAPIN,8.715535151,mid
ENSG00000105829_BET1,8.714810706,mid
ENSG00000101412_E2F1,8.714581875,mid
ENSG00000164181_ELOVL7,8.714244797,mid
ENSG00000196449_YRDC,8.713503485,mid
ENSG00000168701_TMEM208,8.713472583,mid
ENSG00000103544_VPS35L,8.713452413,mid
ENSG00000127080_IPPK,8.713110371,mid
ENSG00000167645_YIF1B,8.71303585,mid
ENSG00000052795_FNIP2,8.712333999,mid
ENSG00000138785_INTS12,8.711673161,mid
ENSG00000182173_TSEN54,8.711612509,mid
ENSG00000141448_GATA6,8.710968893,mid
ENSG00000175906_ARL4D,8.709441167,mid
ENSG00000167333_TRIM68,8.709415998,mid
ENSG00000197223_C1D,8.709272451,mid
ENSG00000138744_NAAA,8.707695478,mid
ENSG00000008086_CDKL5,8.707620238,mid
ENSG00000164967_RPP25L,8.707609459,mid
ENSG00000185730_ZNF696,8.707171201,mid
ENSG00000185621_LMLN,8.706972647,mid
ENSG00000068354_TBC1D25,8.706612001,mid
ENSG00000169371_SNUPN,8.705668247,mid
ENSG00000103852_TTC23,8.705312772,mid
ENSG00000040275_SPDL1,8.70487646,mid
ENSG00000241370_RPP21,8.70478784,mid
ENSG00000162971_TYW5,8.704422311,mid
ENSG00000242114_MTFP1,8.704139945,mid
ENSG00000273559_CWC25,8.703548674,mid
ENSG00000105607_GCDH,8.703316887,mid
ENSG00000100288_CHKB,8.703161042,mid
ENSG00000105662_CRTC1,8.702727969,mid
ENSG00000161513_FDXR,8.702397949,mid
ENSG00000089335_ZNF302,8.702153341,mid
ENSG00000087842_PIR,8.701842188,mid
ENSG00000166860_ZBTB39,8.701276351,mid
ENSG00000167785_ZNF558,8.698203334,mid
ENSG00000271601_LIX1L,8.698087203,mid
ENSG00000267680_ZNF224,8.697224942,mid
ENSG00000205560_CPT1B,8.696816882,mid
ENSG00000272335_AC093297.2,8.6966728,mid
ENSG00000177917_ARL6IP6,8.696203326,mid
ENSG00000198089_SFI1,8.695978195,mid
ENSG00000178385_PLEKHM3,8.69551475,mid
ENSG00000148384_INPP5E,8.695442045,mid
ENSG00000113790_EHHADH,8.695336965,mid
ENSG00000103351_CLUAP1,8.695012883,mid
ENSG00000203791_EEF1AKMT2,8.694436972,mid
ENSG00000242802_AP5Z1,8.694337335,mid
ENSG00000147439_BIN3,8.694200769,mid
ENSG00000171103_TRMT61B,8.694062139,mid
ENSG00000174607_UGT8,8.694041133,mid
ENSG00000152240_HAUS1,8.693500567,mid
ENSG00000064995_TAF11,8.692871629,mid
ENSG00000130349_MTRES1,8.692478179,mid
ENSG00000101695_RNF125,8.691913756,mid
ENSG00000197530_MIB2,8.691360459,mid
ENSG00000102897_LYRM1,8.691287075,mid
ENSG00000164342_TLR3,8.690738875,mid
ENSG00000156232_WHAMM,8.689795809,mid
ENSG00000166451_CENPN,8.689742461,mid
ENSG00000237649_KIFC1,8.689321159,mid
ENSG00000169683_LRRC45,8.68899872,mid
ENSG00000143303_RRNAD1,8.68864668,mid
ENSG00000131373_HACL1,8.688230114,mid
ENSG00000160336_ZNF761,8.688143538,mid
ENSG00000188242_AC010442.1,8.687776791,mid
ENSG00000167380_ZNF226,8.687630602,mid
ENSG00000140326_CDAN1,8.687384328,mid
ENSG00000177352_CCDC71,8.687250584,mid
ENSG00000174206_C12orf66,8.687159197,mid
ENSG00000099282_TSPAN15,8.686689231,mid
ENSG00000181284_TMEM102,8.686582155,mid
ENSG00000204922_UQCC3,8.686307183,mid
ENSG00000132746_ALDH3B2,8.684575081,mid
ENSG00000010270_STARD3NL,8.684282433,mid
ENSG00000146143_PRIM2,8.683231975,mid
ENSG00000171241_SHCBP1,8.683157972,mid
ENSG00000104825_NFKBIB,8.682680405,mid
ENSG00000173264_GPR137,8.682419438,mid
ENSG00000184481_FOXO4,8.682282254,mid
ENSG00000165632_TAF3,8.681336782,mid
ENSG00000274173_AL035661.1,8.681235146,mid
ENSG00000169131_ZNF354A,8.680525337,mid
ENSG00000183323_CCDC125,8.680447738,mid
ENSG00000076321_KLHL20,8.679363664,mid
ENSG00000066557_LRRC40,8.67913784,mid
ENSG00000070540_WIPI1,8.676597862,mid
ENSG00000174428_GTF2IRD2B,8.675579417,mid
ENSG00000267575_AC006504.5,8.67546668,mid
ENSG00000140853_NLRC5,8.673731214,mid
ENSG00000137760_ALKBH8,8.673022822,mid
ENSG00000234745_HLA-B,8.672892737,mid
ENSG00000008405_CRY1,8.672451998,mid
ENSG00000160606_TLCD1,8.671891271,mid
ENSG00000141452_RMC1,8.671029805,mid
ENSG00000177051_FBXO46,8.671028736,mid
ENSG00000158106_RHPN1,8.669962335,mid
ENSG00000167625_ZNF526,8.669659132,mid
ENSG00000165480_SKA3,8.668666343,mid
ENSG00000253368_TRNP1,8.668383706,mid
ENSG00000137502_RAB30,8.668219431,mid
ENSG00000198081_ZBTB14,8.668113661,mid
ENSG00000049167_ERCC8,8.667620147,mid
ENSG00000122970_IFT81,8.66698258,mid
ENSG00000099992_TBC1D10A,8.666123951,mid
ENSG00000170442_KRT86,8.665359803,mid
ENSG00000136870_ZNF189,8.665055858,mid
ENSG00000143476_DTL,8.664967284,mid
ENSG00000170310_STX8,8.664275642,mid
ENSG00000078399_HOXA9,8.663525559,mid
ENSG00000197429_IPP,8.662643841,mid
ENSG00000141956_PRDM15,8.66171151,mid
ENSG00000204764_RANBP17,8.661455901,mid
ENSG00000120832_MTERF2,8.66131615,mid
ENSG00000102125_TAZ,8.659679384,mid
ENSG00000133661_SFTPD,8.659675234,mid
ENSG00000171792_RHNO1,8.659071948,mid
ENSG00000103248_MTHFSD,8.657906153,mid
ENSG00000110628_SLC22A18,8.656622115,mid
ENSG00000118894_EEF2KMT,8.655569107,mid
ENSG00000165861_ZFYVE1,8.655495371,mid
ENSG00000133027_PEMT,8.654044908,mid
ENSG00000198369_SPRED2,8.653757706,mid
ENSG00000113595_TRIM23,8.653326212,mid
ENSG00000130714_POMT1,8.652906629,mid
ENSG00000114988_LMAN2L,8.652707221,mid
ENSG00000277258_PCGF2,8.652292736,mid
ENSG00000049541_RFC2,8.651724658,mid
ENSG00000166199_ALKBH3,8.651461376,mid
ENSG00000077463_SIRT6,8.651145497,mid
ENSG00000123427_EEF1AKMT3,8.650767959,mid
ENSG00000151500_THYN1,8.65028086,mid
ENSG00000174501_ANKRD36C,8.650180216,mid
ENSG00000167972_ABCA3,8.648420032,mid
ENSG00000111445_RFC5,8.648381426,mid
ENSG00000143546_S100A8,8.648000493,mid
ENSG00000166401_SERPINB8,8.647003636,mid
ENSG00000099910_KLHL22,8.646185131,mid
ENSG00000168116_KIAA1586,8.645843719,mid
ENSG00000250317_SMIM20,8.645780868,mid
ENSG00000143458_GABPB2,8.645610648,mid
ENSG00000188827_SLX4,8.645346018,mid
ENSG00000068784_SRBD1,8.645155939,mid
ENSG00000105656_ELL,8.64369667,mid
ENSG00000146530_VWDE,8.64303969,mid
ENSG00000144026_ZNF514,8.642755521,mid
ENSG00000127952_STYXL1,8.642537451,mid
ENSG00000115282_TTC31,8.6422737,mid
ENSG00000142556_ZNF614,8.642256618,mid
ENSG00000119688_ABCD4,8.640808949,mid
ENSG00000066697_MSANTD3,8.640134191,mid
ENSG00000174276_ZNHIT2,8.63987196,mid
ENSG00000121897_LIAS,8.639422271,mid
ENSG00000273899_NOL12,8.639055895,mid
ENSG00000078804_TP53INP2,8.638798772,mid
ENSG00000181392_SYNE4,8.638727485,mid
ENSG00000155893_PXYLP1,8.63845276,mid
ENSG00000110011_DNAJC4,8.638307792,mid
ENSG00000182093_GET1,8.637770744,mid
ENSG00000164543_STK17A,8.63732624,mid
ENSG00000162604_TM2D1,8.636823805,mid
ENSG00000167920_TMEM99,8.636588731,mid
ENSG00000185278_ZBTB37,8.635882194,mid
ENSG00000172273_HINFP,8.635670796,mid
ENSG00000182810_DDX28,8.634861411,mid
ENSG00000269825_AC022150.4,8.634070421,mid
ENSG00000197114_ZGPAT,8.63356043,mid
ENSG00000196839_ADA,8.632933213,mid
ENSG00000111860_CEP85L,8.632690752,mid
ENSG00000166024_R3HCC1L,8.632328604,mid
ENSG00000183597_TANGO2,8.63207659,mid
ENSG00000161981_SNRNP25,8.631246437,mid
ENSG00000143409_MINDY1,8.630327982,mid
ENSG00000184270_HIST2H2AB,8.630154223,mid
ENSG00000085231_AK6,8.629429635,mid
ENSG00000173486_FKBP2,8.629392322,mid
ENSG00000144451_SPAG16,8.62831481,mid
ENSG00000105556_MIER2,8.627602709,mid
ENSG00000181982_CCDC149,8.627505492,mid
ENSG00000140044_JDP2,8.627061718,mid
ENSG00000167272_POP5,8.626963241,mid
ENSG00000196214_ZNF766,8.626938822,mid
ENSG00000204498_NFKBIL1,8.62617218,mid
ENSG00000025434_NR1H3,8.625842664,mid
ENSG00000254505_CHMP4A,8.625395257,mid
ENSG00000128891_CCDC32,8.624873331,mid
ENSG00000161048_NAPEPLD,8.624800366,mid
ENSG00000271254_AC240274.1,8.624393198,mid
ENSG00000109738_GLRB,8.62437008,mid
ENSG00000105245_NUMBL,8.624079989,mid
ENSG00000037241_RPL26L1,8.623904462,mid
ENSG00000186866_POFUT2,8.623323426,mid
ENSG00000101189_MRGBP,8.623171104,mid
ENSG00000170949_ZNF160,8.623077434,mid
ENSG00000172878_METAP1D,8.622559167,mid
ENSG00000130958_SLC35D2,8.621610635,mid
ENSG00000117280_RAB29,8.621447719,mid
ENSG00000267368_UPK3BL1,8.621040323,mid
ENSG00000217930_PAM16,8.62066789,mid
ENSG00000105085_MED26,8.620410241,mid
ENSG00000128000_ZNF780B,8.619680955,mid
ENSG00000131732_ZCCHC9,8.6195615,mid
ENSG00000111196_MAGOHB,8.619180428,mid
ENSG00000121989_ACVR2A,8.618617263,mid
ENSG00000167842_MIS12,8.617969815,mid
ENSG00000213793_ZNF888,8.617716663,mid
ENSG00000143147_GPR161,8.617679594,mid
ENSG00000203812_HIST2H2AA3,8.617229512,mid
ENSG00000000457_SCYL3,8.617172815,mid
ENSG00000115468_EFHD1,8.616227594,mid
ENSG00000277534_AC007996.1,8.615803385,mid
ENSG00000163069_SGCB,8.615790374,mid
ENSG00000140280_LYSMD2,8.614625381,mid
ENSG00000116497_S100PBP,8.614561554,mid
ENSG00000180035_ZNF48,8.613428304,mid
ENSG00000137494_ANKRD42,8.612894711,mid
ENSG00000124787_RPP40,8.611876201,mid
ENSG00000189114_BLOC1S3,8.610665872,mid
ENSG00000166478_ZNF143,8.610470128,mid
ENSG00000181038_METTL23,8.609605668,mid
ENSG00000129484_PARP2,8.609226411,mid
ENSG00000157870_PRXL2B,8.608995947,mid
ENSG00000161036_LRWD1,8.608869157,mid
ENSG00000101888_NXT2,8.608658817,mid
ENSG00000137171_KLC4,8.608525988,mid
ENSG00000166398_KIAA0355,8.60725664,mid
ENSG00000213859_KCTD11,8.607248961,mid
ENSG00000167565_SERTAD3,8.607040615,mid
ENSG00000078967_UBE2D4,8.606784876,mid
ENSG00000127399_LRRC61,8.604310589,mid
ENSG00000169607_CKAP2L,8.601774636,mid
ENSG00000158122_PRXL2C,8.600932994,mid
ENSG00000010219_DYRK4,8.600829101,mid
ENSG00000169733_RFNG,8.600286308,mid
ENSG00000101464_PIGU,8.599551928,mid
ENSG00000076706_MCAM,8.598624473,mid
ENSG00000144504_ANKMY1,8.598138752,mid
ENSG00000164117_FBXO8,8.59751787,mid
ENSG00000140807_NKD1,8.596878716,mid
ENSG00000143258_USP21,8.5966384,mid
ENSG00000189190_ZNF600,8.596582612,mid
ENSG00000100916_BRMS1L,8.596493585,mid
ENSG00000125458_NT5C,8.596218249,mid
ENSG00000155858_LSM11,8.596050393,mid
ENSG00000115520_COQ10B,8.595920227,mid
ENSG00000102977_ACD,8.595401143,mid
ENSG00000185483_ROR1,8.595330144,mid
ENSG00000110218_PANX1,8.595164706,mid
ENSG00000134775_FHOD3,8.594333341,mid
ENSG00000179348_GATA2,8.594105801,mid
ENSG00000092094_OSGEP,8.593860435,mid
ENSG00000214756_CSKMT,8.593336522,mid
ENSG00000119574_ZBTB45,8.593240307,mid
ENSG00000204130_RUFY2,8.592999878,mid
ENSG00000131943_C19orf12,8.592886361,mid
ENSG00000138286_FAM149B1,8.592869149,mid
ENSG00000174943_KCTD13,8.592736654,mid
ENSG00000183579_ZNRF3,8.591499717,mid
ENSG00000211584_SLC48A1,8.59129995,mid
ENSG00000078687_TNRC6C,8.590992124,mid
ENSG00000100246_DNAL4,8.590181738,mid
ENSG00000175772_LINC01106,8.589661167,mid
ENSG00000101247_NDUFAF5,8.589005133,mid
ENSG00000154781_CCDC174,8.588252484,mid
ENSG00000155329_ZCCHC10,8.58676306,mid
ENSG00000186106_ANKRD46,8.585493614,mid
ENSG00000181666_ZNF875,8.585420375,mid
ENSG00000261068_AL512274.1,8.584944155,mid
ENSG00000077458_FAM76B,8.584747738,mid
ENSG00000104856_RELB,8.584560946,mid
ENSG00000166261_ZNF202,8.584480558,mid
ENSG00000188070_C11orf95,8.583663474,mid
ENSG00000164463_CREBRF,8.583128481,mid
ENSG00000244165_P2RY11,8.582987303,mid
ENSG00000134986_NREP,8.581619507,mid
ENSG00000232445_AC006329.1,8.581486312,mid
ENSG00000160908_ZNF394,8.581276126,mid
ENSG00000151725_CENPU,8.580676086,mid
ENSG00000153975_ZUP1,8.580646268,mid
ENSG00000125843_AP5S1,8.580449783,mid
ENSG00000132740_IGHMBP2,8.579910637,mid
ENSG00000276368_HIST1H2AJ,8.57931986,mid
ENSG00000096093_EFHC1,8.579056525,mid
ENSG00000129932_DOHH,8.575619428,mid
ENSG00000171606_ZNF274,8.575361883,mid
ENSG00000158691_ZSCAN12,8.574520461,mid
ENSG00000152457_DCLRE1C,8.574388284,mid
ENSG00000135953_MFSD9,8.574220153,mid
ENSG00000099889_ARVCF,8.573714896,mid
ENSG00000068383_INPP5A,8.573270561,mid
ENSG00000197381_ADARB1,8.573083173,mid
ENSG00000167186_COQ7,8.572488911,mid
ENSG00000275464_FP565260.1,8.572256438,mid
ENSG00000083635_NUFIP1,8.571313014,mid
ENSG00000158201_ABHD3,8.571205949,mid
ENSG00000133302_SLF1,8.570694414,mid
ENSG00000071243_ING3,8.570453476,mid
ENSG00000198945_L3MBTL3,8.56985035,mid
ENSG00000166188_ZNF319,8.569236527,mid
ENSG00000092853_CLSPN,8.568489734,mid
ENSG00000168792_ABHD15,8.568132455,mid
ENSG00000189227_C15orf61,8.567760367,mid
ENSG00000185187_SIGIRR,8.567721031,mid
ENSG00000262919_CCNQ,8.567602367,mid
ENSG00000070501_POLB,8.567323098,mid
ENSG00000161642_ZNF385A,8.567167395,mid
ENSG00000151881_TMEM267,8.565932885,mid
ENSG00000166974_MAPRE2,8.565412718,mid
ENSG00000122912_SLC25A16,8.564610595,mid
ENSG00000158315_RHBDL2,8.564230404,mid
ENSG00000028839_TBPL1,8.563653984,mid
ENSG00000099994_SUSD2,8.562766237,mid
ENSG00000115687_PASK,8.562720986,mid
ENSG00000153044_CENPH,8.562060445,mid
ENSG00000100116_GCAT,8.560560991,mid
ENSG00000111725_PRKAB1,8.56031592,mid
ENSG00000125482_TTF1,8.56024617,mid
ENSG00000183155_RABIF,8.559918122,mid
ENSG00000131116_ZNF428,8.55986195,mid
ENSG00000109618_SEPSECS,8.559386083,mid
ENSG00000146243_IRAK1BP1,8.558552672,mid
ENSG00000092445_TYRO3,8.556631492,mid
ENSG00000113811_SELENOK,8.556612543,mid
ENSG00000166813_KIF7,8.555535296,mid
ENSG00000137868_STRA6,8.554964254,mid
ENSG00000170100_ZNF778,8.554815949,mid
ENSG00000071073_MGAT4A,8.554475448,mid
ENSG00000189376_C8orf76,8.553546733,mid
ENSG00000197302_ZNF720,8.553212965,mid
ENSG00000111231_GPN3,8.553179531,mid
ENSG00000197417_SHPK,8.553166025,mid
ENSG00000165475_CRYL1,8.552573622,mid
ENSG00000130545_CRB3,8.552444873,mid
ENSG00000102967_DHODH,8.552309946,mid
ENSG00000157911_PEX10,8.552281944,mid
ENSG00000205208_C4orf46,8.551644611,mid
ENSG00000110719_TCIRG1,8.550877805,mid
ENSG00000197852_INKA2,8.550313648,mid
ENSG00000177548_RABEP2,8.550047942,mid
ENSG00000032742_IFT88,8.548507863,mid
ENSG00000183963_SMTN,8.547954794,mid
ENSG00000131652_THOC6,8.547780087,mid
ENSG00000185880_TRIM69,8.54763164,mid
ENSG00000171823_FBXL14,8.547513433,mid
ENSG00000175575_PAAF1,8.547405111,mid
ENSG00000176920_FUT2,8.547373972,mid
ENSG00000099139_PCSK5,8.547237853,mid
ENSG00000183840_GPR39,8.547020231,mid
ENSG00000159200_RCAN1,8.546970278,mid
ENSG00000124299_PEPD,8.546233606,mid
ENSG00000233429_HOTAIRM1,8.545843612,mid
ENSG00000126243_LRFN3,8.54555268,mid
ENSG00000136378_ADAMTS7,8.545423584,mid
ENSG00000123609_NMI,8.544718552,mid
ENSG00000162222_TTC9C,8.54442636,mid
ENSG00000215424_MCM3AP-AS1,8.543860827,mid
ENSG00000256525_POLG2,8.543619252,mid
ENSG00000157426_AASDH,8.543385699,mid
ENSG00000074855_ANO8,8.541904566,mid
ENSG00000119723_COQ6,8.540840634,mid
ENSG00000156787_TBC1D31,8.540233812,mid
ENSG00000175414_ARL10,8.538729556,mid
ENSG00000184588_PDE4B,8.538023418,mid
ENSG00000174151_CYB561D1,8.537349522,mid
ENSG00000116128_BCL9,8.536374649,mid
ENSG00000027847_B4GALT7,8.536149056,mid
ENSG00000162869_PPP1R21,8.535825447,mid
ENSG00000166452_AKIP1,8.535514407,mid
ENSG00000213780_GTF2H4,8.534664251,mid
ENSG00000235437_LINC01278,8.532627444,mid
ENSG00000118513_MYB,8.532372045,mid
ENSG00000095303_PTGS1,8.531378208,mid
ENSG00000174842_GLMN,8.529742155,mid
ENSG00000136826_KLF4,8.529585339,mid
ENSG00000125354_SEPTIN6,8.529374278,mid
ENSG00000206530_CFAP44,8.529171865,mid
ENSG00000174010_KLHL15,8.529104722,mid
ENSG00000136147_PHF11,8.528621742,mid
ENSG00000142875_PRKACB,8.528416983,mid
ENSG00000142235_LMTK3,8.527682882,mid
ENSG00000156136_DCK,8.527564294,mid
ENSG00000118096_IFT46,8.527486803,mid
ENSG00000138050_THUMPD2,8.527249262,mid
ENSG00000060642_PIGV,8.527075538,mid
ENSG00000124659_TBCC,8.526870718,mid
ENSG00000223768_LINC00205,8.525550619,mid
ENSG00000184508_HDDC3,8.525336883,mid
ENSG00000173083_HPSE,8.524260527,mid
ENSG00000156170_NDUFAF6,8.524107073,mid
ENSG00000100211_CBY1,8.523711553,mid
ENSG00000184731_FAM110C,8.522892806,mid
ENSG00000155330_C16orf87,8.522699071,mid
ENSG00000150787_PTS,8.521985134,mid
ENSG00000140987_ZSCAN32,8.520466342,mid
ENSG00000135709_KIAA0513,8.520411909,mid
ENSG00000142686_C1orf216,8.518601589,mid
ENSG00000151364_KCTD14,8.518416939,mid
ENSG00000130684_ZNF337,8.517909332,mid
ENSG00000156876_SASS6,8.51753835,mid
ENSG00000137806_NDUFAF1,8.517464509,mid
ENSG00000169016_E2F6,8.517271643,mid
ENSG00000165898_ISCA2,8.516972003,mid
ENSG00000105248_YJU2,8.516134094,mid
ENSG00000163472_TMEM79,8.515873355,mid
ENSG00000044459_CNTLN,8.515549556,mid
ENSG00000116675_DNAJC6,8.515481138,mid
ENSG00000164647_STEAP1,8.515272901,mid
ENSG00000102547_CAB39L,8.515169871,mid
ENSG00000188092_GPR89B,8.514699022,mid
ENSG00000158793_NIT1,8.514132683,mid
ENSG00000132170_PPARG,8.514100212,mid
ENSG00000115750_TAF1B,8.512504028,mid
ENSG00000123106_CCDC91,8.512196387,mid
ENSG00000110583_NAA40,8.51204005,mid
ENSG00000196628_TCF4,8.511441966,mid
ENSG00000152404_CWF19L2,8.511087449,mid
ENSG00000154914_USP43,8.511003438,mid
ENSG00000266173_STRADA,8.510702704,mid
ENSG00000178531_CTXN1,8.51055012,mid
ENSG00000241360_PDXP,8.51005341,mid
ENSG00000143633_C1orf131,8.509551563,mid
ENSG00000139182_CLSTN3,8.509478576,mid
ENSG00000125703_ATG4C,8.509385241,mid
ENSG00000172007_RAB33B,8.509223046,mid
ENSG00000233608_TWIST2,8.509208046,mid
ENSG00000197037_ZSCAN25,8.508593336,mid
ENSG00000163808_KIF15,8.508161497,mid
ENSG00000185305_ARL15,8.507550589,mid
ENSG00000269556_TMEM185A,8.507363851,mid
ENSG00000113273_ARSB,8.507320294,mid
ENSG00000188177_ZC3H6,8.505938194,mid
ENSG00000149483_TMEM138,8.505376727,mid
ENSG00000119938_PPP1R3C,8.504916012,mid
ENSG00000081721_DUSP12,8.503396628,mid
ENSG00000243667_WDR92,8.503216332,mid
ENSG00000134690_CDCA8,8.502963126,mid
ENSG00000140545_MFGE8,8.502856258,mid
ENSG00000125898_FAM110A,8.502180004,mid
ENSG00000124459_ZNF45,8.501813045,mid
ENSG00000122971_ACADS,8.500380794,mid
ENSG00000143882_ATP6V1C2,8.499806885,mid
ENSG00000135116_HRK,8.498476003,mid
ENSG00000089123_TASP1,8.49792789,mid
ENSG00000148690_FRA10AC1,8.497564333,mid
ENSG00000163482_STK36,8.496919071,mid
ENSG00000188428_BLOC1S5,8.49687177,mid
ENSG00000105483_CARD8,8.496818747,mid
ENSG00000189221_MAOA,8.494837397,mid
ENSG00000154114_TBCEL,8.49421337,mid
ENSG00000184903_IMMP2L,8.494163051,mid
ENSG00000162929_KIAA1841,8.493106765,mid
ENSG00000125846_ZNF133,8.492953135,mid
ENSG00000122691_TWIST1,8.492510424,mid
ENSG00000101574_METTL4,8.491865862,mid
ENSG00000106025_TSPAN12,8.491544735,mid
ENSG00000137656_BUD13,8.4914393,mid
ENSG00000162910_MRPL55,8.490068567,mid
ENSG00000161980_POLR3K,8.489746789,mid
ENSG00000074935_TUBE1,8.489680096,mid
ENSG00000163607_GTPBP8,8.489405532,mid
ENSG00000227036_LINC00511,8.488945145,mid
ENSG00000033170_FUT8,8.488497441,mid
ENSG00000143365_RORC,8.487524761,mid
ENSG00000130304_SLC27A1,8.487127461,mid
ENSG00000006062_MAP3K14,8.48708978,mid
ENSG00000100802_C14orf93,8.486123114,mid
ENSG00000146232_NFKBIE,8.486052276,mid
ENSG00000180155_LYNX1,8.485978535,mid
ENSG00000205707_ETFRF1,8.485101084,mid
ENSG00000139112_GABARAPL1,8.484907601,mid
ENSG00000172339_ALG14,8.484563723,mid
ENSG00000170430_MGMT,8.484328961,mid
ENSG00000104998_IL27RA,8.483793617,mid
ENSG00000188033_ZNF490,8.483380032,mid
ENSG00000102452_NALCN,8.483016884,mid
ENSG00000258634_AL160006.1,8.482933918,mid
ENSG00000119661_DNAL1,8.482905546,mid
ENSG00000154359_LONRF1,8.482504091,mid
ENSG00000158825_CDA,8.482431237,mid
ENSG00000127990_SGCE,8.482075785,mid
ENSG00000138175_ARL3,8.481859645,mid
ENSG00000162341_TPCN2,8.48156722,mid
ENSG00000184056_VPS33B,8.481407963,mid
ENSG00000186104_CYP2R1,8.481406664,mid
ENSG00000198182_ZNF607,8.481185782,mid
ENSG00000119771_KLHL29,8.481057865,mid
ENSG00000121621_KIF18A,8.480661799,mid
ENSG00000170456_DENND5B,8.480263362,mid
ENSG00000156469_MTERF3,8.479978998,mid
ENSG00000258366_RTEL1,8.479959429,mid
ENSG00000176225_RTTN,8.479337529,mid
ENSG00000165630_PRPF18,8.478379092,mid
ENSG00000185829_ARL17A,8.477900969,mid
ENSG00000151093_OXSM,8.476858185,mid
ENSG00000123178_SPRYD7,8.476529418,mid
ENSG00000169964_TMEM42,8.475905312,mid
ENSG00000248333_CDK11B,8.475150675,mid
ENSG00000198909_MAP3K3,8.474736711,mid
ENSG00000240207_AC080013.1,8.47453739,mid
ENSG00000131115_ZNF227,8.474313618,mid
ENSG00000225663_MCRIP1,8.473725755,mid
ENSG00000135045_C9orf40,8.473116916,mid
ENSG00000063587_ZNF275,8.472623196,mid
ENSG00000213390_ARHGAP19,8.472302557,mid
ENSG00000187554_TLR5,8.472215781,mid
ENSG00000173715_C11orf80,8.471232695,mid
ENSG00000144749_LRIG1,8.471123485,mid
ENSG00000269335_IKBKG,8.47091953,mid
ENSG00000147124_ZNF41,8.470143874,mid
ENSG00000180071_ANKRD18A,8.469985227,mid
ENSG00000166507_NDST2,8.469706847,mid
ENSG00000163006_CCDC138,8.469546744,mid
ENSG00000120519_SLC10A7,8.469061399,mid
ENSG00000101052_IFT52,8.468978122,mid
ENSG00000169609_C15orf40,8.468858802,mid
ENSG00000141428_C18orf21,8.468641075,mid
ENSG00000002822_MAD1L1,8.468564529,mid
ENSG00000151575_TEX9,8.468058794,mid
ENSG00000121542_SEC22A,8.467562134,mid
ENSG00000112812_PRSS16,8.467096548,mid
ENSG00000120688_WBP4,8.464908453,mid
ENSG00000204116_CHIC1,8.464680453,mid
ENSG00000166133_RPUSD2,8.464431948,mid
ENSG00000135451_TROAP,8.464283133,mid
ENSG00000113924_HGD,8.463642917,mid
ENSG00000180098_TRNAU1AP,8.463177233,mid
ENSG00000144559_TAMM41,8.46303981,mid
ENSG00000130244_FAM98C,8.462832765,mid
ENSG00000102312_PORCN,8.462362568,mid
ENSG00000151715_TMEM45B,8.46177735,mid
ENSG00000065328_MCM10,8.460637728,mid
ENSG00000173221_GLRX,8.460467584,mid
ENSG00000165434_PGM2L1,8.460431395,mid
ENSG00000163918_RFC4,8.45858291,mid
ENSG00000113761_ZNF346,8.458043394,mid
ENSG00000169403_PTAFR,8.457246884,mid
ENSG00000165501_LRR1,8.456961101,mid
ENSG00000136247_ZDHHC4,8.456474877,mid
ENSG00000171953_ATPAF2,8.456435234,mid
ENSG00000092470_WDR76,8.456128727,mid
ENSG00000163517_HDAC11,8.455682182,mid
ENSG00000110881_ASIC1,8.455629575,mid
ENSG00000132846_ZBED3,8.453789581,mid
ENSG00000174032_SLC25A30,8.453528512,mid
ENSG00000170291_ELP5,8.452388436,mid
ENSG00000160813_PPP1R35,8.452113908,mid
ENSG00000153823_PID1,8.45197539,mid
ENSG00000141570_CBX8,8.451745015,mid
ENSG00000120784_ZFP30,8.451684882,mid
ENSG00000176108_CHMP6,8.45115938,mid
ENSG00000146574_CCZ1B,8.450454399,mid
ENSG00000143995_MEIS1,8.449731192,mid
ENSG00000129472_RAB2B,8.449528848,mid
ENSG00000236104_ZBTB22,8.449485251,mid
ENSG00000145908_ZNF300,8.449483761,mid
ENSG00000154153_RETREG1,8.449444091,mid
ENSG00000149716_LTO1,8.448902415,mid
ENSG00000155636_RBM45,8.44840405,mid
ENSG00000154102_C16orf74,8.448217815,mid
ENSG00000124635_HIST1H2BJ,8.448129911,mid
ENSG00000148090_AUH,8.446793744,mid
ENSG00000155324_GRAMD2B,8.446739504,mid
ENSG00000173992_CCS,8.446313244,mid
ENSG00000104691_UBXN8,8.445661566,mid
ENSG00000213588_ZBTB9,8.44566134,mid
ENSG00000275379_HIST1H3I,8.444805762,mid
ENSG00000183718_TRIM52,8.443696637,mid
ENSG00000170345_FOS,8.443324539,mid
ENSG00000100968_NFATC4,8.443308273,mid
ENSG00000130762_ARHGEF16,8.443173968,mid
ENSG00000140297_GCNT3,8.44021297,mid
ENSG00000104205_SGK3,8.440040148,mid
ENSG00000171045_TSNARE1,8.439691574,mid
ENSG00000126458_RRAS,8.438327119,mid
ENSG00000103671_TRIP4,8.438171031,mid
ENSG00000187790_FANCM,8.436975469,mid
ENSG00000092020_PPP2R3C,8.436109004,mid
ENSG00000198551_ZNF627,8.435792181,mid
ENSG00000175701_MTLN,8.43535449,mid
ENSG00000085433_WDR47,8.435314461,mid
ENSG00000213445_SIPA1,8.434321845,mid
ENSG00000151849_CENPJ,8.434252967,mid
ENSG00000138092_CENPO,8.434196965,mid
ENSG00000126953_TIMM8A,8.433923645,mid
ENSG00000139266_MARCH9,8.433851227,mid
ENSG00000105011_ASF1B,8.433624821,mid
ENSG00000135476_ESPL1,8.43315037,mid
ENSG00000197162_ZNF785,8.43298546,mid
ENSG00000186230_ZNF749,8.432391506,mid
ENSG00000138172_CALHM2,8.43238611,mid
ENSG00000280832_GSEC,8.432223274,mid
ENSG00000064547_LPAR2,8.431973908,mid
ENSG00000260604_AL590004.3,8.431749384,mid
ENSG00000163026_WDCP,8.431267943,mid
ENSG00000163293_NIPAL1,8.430852893,mid
ENSG00000124217_MOCS3,8.430189616,mid
ENSG00000145022_TCTA,8.429982581,mid
ENSG00000172031_EPHX4,8.429381764,mid
ENSG00000254635_WAC-AS1,8.4290561,mid
ENSG00000153140_CETN3,8.427904426,mid
ENSG00000167302_TEPSIN,8.427872061,mid
ENSG00000134809_TIMM10,8.427566286,mid
ENSG00000198816_ZNF358,8.427143325,mid
ENSG00000166582_CENPV,8.427078043,mid
ENSG00000006282_SPATA20,8.427026768,mid
ENSG00000233493_TMEM238,8.426468013,mid
ENSG00000196652_ZKSCAN5,8.426033995,mid
ENSG00000153885_KCTD15,8.425516618,mid
ENSG00000204856_FAM216A,8.424282009,mid
ENSG00000111653_ING4,8.423981899,mid
ENSG00000177674_AGTRAP,8.422866269,mid
ENSG00000132819_RBM38,8.421472869,mid
ENSG00000079156_OSBPL6,8.420764306,mid
ENSG00000164053_ATRIP,8.420747887,mid
ENSG00000132196_HSD17B7,8.419156169,mid
ENSG00000100290_BIK,8.418295146,mid
ENSG00000273015_AC008124.1,8.417858362,mid
ENSG00000188807_TMEM201,8.41742912,mid
ENSG00000198783_ZNF830,8.416941857,mid
ENSG00000029639_TFB1M,8.416212328,mid
ENSG00000159167_STC1,8.415084428,mid
ENSG00000244694_PTCHD4,8.414666039,mid
ENSG00000123358_NR4A1,8.414598886,mid
ENSG00000040531_CTNS,8.413371899,mid
ENSG00000144681_STAC,8.413239787,mid
ENSG00000125375_DMAC2L,8.412939399,mid
ENSG00000173163_COMMD1,8.412577425,mid
ENSG00000186007_LEMD1,8.412323895,mid
ENSG00000102871_TRADD,8.412259066,mid
ENSG00000165521_EML5,8.411685694,mid
ENSG00000163832_ELP6,8.411465218,mid
ENSG00000198841_KTI12,8.410242294,mid
ENSG00000218891_ZNF579,8.41017202,mid
ENSG00000240303_ACAD11,8.408279794,mid
ENSG00000215126_CBWD6,8.408163968,mid
ENSG00000083807_SLC27A5,8.407956127,mid
ENSG00000188997_KCTD21,8.40713393,mid
ENSG00000114859_CLCN2,8.406543991,mid
ENSG00000205808_PLPP6,8.404276828,mid
ENSG00000110025_SNX15,8.401904022,mid
ENSG00000263956_NBPF11,8.401510206,mid
ENSG00000144120_TMEM177,8.401479397,mid
ENSG00000154310_TNIK,8.400917764,mid
ENSG00000141026_MED9,8.400555191,mid
ENSG00000039650_PNKP,8.399655067,mid
ENSG00000166681_BEX3,8.399257499,mid
ENSG00000111752_PHC1,8.396851397,mid
ENSG00000100092_SH3BP1,8.396368636,mid
ENSG00000104957_CCDC130,8.396360723,mid
ENSG00000162390_ACOT11,8.396288451,mid
ENSG00000107872_FBXL15,8.395584864,mid
ENSG00000102096_PIM2,8.395468125,mid
ENSG00000067606_PRKCZ,8.393945321,mid
ENSG00000138346_DNA2,8.393015271,mid
ENSG00000132003_ZSWIM4,8.392848691,mid
ENSG00000197283_SYNGAP1,8.391693488,mid
ENSG00000003400_CASP10,8.39134466,mid
ENSG00000149292_TTC12,8.390654293,mid
ENSG00000157045_NTAN1,8.390174937,mid
ENSG00000162825_NBPF20,8.389347173,mid
ENSG00000087301_TXNDC16,8.389243978,mid
ENSG00000137310_TCF19,8.389112754,mid
ENSG00000152465_NMT2,8.388370776,mid
ENSG00000111203_ITFG2,8.388045652,mid
ENSG00000232838_PET117,8.386497423,mid
ENSG00000176273_SLC35G1,8.386012816,mid
ENSG00000158480_SPATA2,8.385902856,mid
ENSG00000187118_CMC1,8.385666675,mid
ENSG00000136155_SCEL,8.384243907,mid
ENSG00000148290_SURF1,8.384014366,mid
ENSG00000142528_ZNF473,8.383892789,mid
ENSG00000168061_SAC3D1,8.383605824,mid
ENSG00000257949_TEN1,8.38151343,mid
ENSG00000108666_C17orf75,8.381338411,mid
ENSG00000268362_AC092279.1,8.380478593,mid
ENSG00000188130_MAPK12,8.380244928,mid
ENSG00000162642_C1orf52,8.380163781,mid
ENSG00000187994_RINL,8.379613829,mid
ENSG00000213462_ERV3-1,8.37913391,mid
ENSG00000122483_CCDC18,8.378870141,mid
ENSG00000124249_KCNK15,8.378365465,mid
ENSG00000138036_DYNC2LI1,8.378248066,mid
ENSG00000009780_FAM76A,8.377623276,mid
ENSG00000104427_ZC2HC1A,8.377591081,mid
ENSG00000153558_FBXL2,8.377575951,mid
ENSG00000037897_METTL1,8.376983007,mid
ENSG00000110844_PRPF40B,8.376708996,mid
ENSG00000107362_ABHD17B,8.376617069,mid
ENSG00000042286_AIFM2,8.375776756,mid
ENSG00000158411_MITD1,8.375570189,mid
ENSG00000123643_SLC36A1,8.374551622,mid
ENSG00000186854_TRABD2A,8.374246467,mid
ENSG00000142082_SIRT3,8.373683874,mid
ENSG00000154358_OBSCN,8.373486134,mid
ENSG00000082497_SERTAD4,8.372681414,mid
ENSG00000179532_DNHD1,8.371751586,mid
ENSG00000174796_THAP6,8.370492156,mid
ENSG00000140043_PTGR2,8.370307654,mid
ENSG00000196636_SDHAF3,8.368182423,mid
ENSG00000286075_AC009412.1,8.367969562,mid
ENSG00000134262_AP4B1,8.366179726,mid
ENSG00000169814_BTD,8.366051855,mid
ENSG00000181404_WASHC1,8.366045046,mid
ENSG00000121680_PEX16,8.365542853,mid
ENSG00000130772_MED18,8.365399097,mid
ENSG00000176396_EID2,8.363046,mid
ENSG00000213930_GALT,8.362629455,mid
ENSG00000127564_PKMYT1,8.361989522,mid
ENSG00000167617_CDC42EP5,8.361335593,mid
ENSG00000178935_ZNF552,8.360493247,mid
ENSG00000131931_THAP1,8.360410102,mid
ENSG00000173653_RCE1,8.360209631,mid
ENSG00000111727_HCFC2,8.359405718,mid
ENSG00000179085_DPM3,8.359365813,mid
ENSG00000164603_BMT2,8.358298928,mid
ENSG00000127993_RBM48,8.358113591,mid
ENSG00000105875_WDR91,8.357878564,mid
ENSG00000079435_LIPE,8.355997699,mid
ENSG00000107864_CPEB3,8.355399457,mid
ENSG00000069812_HES2,8.354947902,mid
ENSG00000205138_SDHAF1,8.354729415,mid
ENSG00000259673_IQCH-AS1,8.354522244,mid
ENSG00000168005_SPINDOC,8.352724259,mid
ENSG00000126790_L3HYPDH,8.351440662,mid
ENSG00000176209_SMIM19,8.350567457,mid
ENSG00000198848_CES1,8.350489597,mid
ENSG00000152382_TADA1,8.349181411,mid
ENSG00000185760_KCNQ5,8.349138546,mid
ENSG00000145979_TBC1D7,8.348653971,mid
ENSG00000101997_CCDC22,8.347897274,mid
ENSG00000157240_FZD1,8.34700902,mid
ENSG00000184709_LRRC26,8.345794442,mid
ENSG00000026950_BTN3A1,8.345529017,mid
ENSG00000157869_RAB28,8.344769362,mid
ENSG00000132661_NXT1,8.344030118,mid
ENSG00000141577_CEP131,8.343061989,mid
ENSG00000177788_AL162595.1,8.343044961,mid
ENSG00000069943_PIGB,8.342793779,mid
ENSG00000115539_PDCL3,8.342765059,mid
ENSG00000204611_ZNF616,8.342007855,mid
ENSG00000158169_FANCC,8.341481654,mid
ENSG00000126561_STAT5A,8.341017485,mid
ENSG00000186222_BLOC1S4,8.340981994,mid
ENSG00000157470_FAM81A,8.339717887,mid
ENSG00000152217_SETBP1,8.339688206,mid
ENSG00000213762_ZNF134,8.339484854,mid
ENSG00000056050_HPF1,8.338765664,mid
ENSG00000155592_ZKSCAN2,8.337805266,mid
ENSG00000188215_DCUN1D3,8.337704334,mid
ENSG00000118197_DDX59,8.336625733,mid
ENSG00000280433_FP565260.6,8.336607751,mid
ENSG00000007341_ST7L,8.336214572,mid
ENSG00000176046_NUPR1,8.336192011,mid
ENSG00000104518_GSDMD,8.335822319,mid
ENSG00000158062_UBXN11,8.335456995,mid
ENSG00000122386_ZNF205,8.335294985,mid
ENSG00000178904_DPY19L3,8.334169931,mid
ENSG00000137522_RNF121,8.333617134,mid
ENSG00000130544_ZNF557,8.333563989,mid
ENSG00000125352_RNF113A,8.333030662,mid
ENSG00000092068_SLC7A8,8.33251293,mid
ENSG00000000460_C1orf112,8.332291345,mid
ENSG00000147894_C9orf72,8.33190206,mid
ENSG00000261183_SPINT1-AS1,8.331809381,mid
ENSG00000178075_GRAMD1C,8.331625056,mid
ENSG00000090097_PCBP4,8.330195552,mid
ENSG00000158292_GPR153,8.329643345,mid
ENSG00000110060_PUS3,8.328967008,mid
ENSG00000113838_TBCCD1,8.328377846,mid
ENSG00000280798_LINC00294,8.328295386,mid
ENSG00000180861_LINC01559,8.327664777,mid
ENSG00000221838_AP4M1,8.326998906,mid
ENSG00000011143_MKS1,8.326934543,mid
ENSG00000074219_TEAD2,8.326727282,mid
ENSG00000270170_NCBP2AS2,8.325436751,mid
ENSG00000164695_CHMP4C,8.325113243,mid
ENSG00000134258_VTCN1,8.3243514,mid
ENSG00000196123_KIAA0895L,8.32280651,mid
ENSG00000132406_TMEM128,8.322787406,mid
ENSG00000147535_PLPP5,8.321910078,mid
ENSG00000161677_JOSD2,8.321711433,mid
ENSG00000109083_IFT20,8.320541047,mid
ENSG00000108840_HDAC5,8.319751577,mid
ENSG00000135931_ARMC9,8.319540181,mid
ENSG00000246067_RAB30-DT,8.319043627,mid
ENSG00000088970_KIZ,8.318624888,mid
ENSG00000196387_ZNF140,8.316876226,mid
ENSG00000103174_NAGPA,8.316459517,mid
ENSG00000183665_TRMT12,8.315989902,mid
ENSG00000122420_PTGFR,8.315920227,mid
ENSG00000143036_SLC44A3,8.315856946,mid
ENSG00000120860_WASHC3,8.315130786,mid
ENSG00000124279_FASTKD3,8.314715327,mid
ENSG00000183340_JRKL,8.314690185,mid
ENSG00000151229_SLC2A13,8.312912577,mid
ENSG00000171132_PRKCE,8.312845509,mid
ENSG00000106829_TLE4,8.311665651,mid
ENSG00000170191_NANP,8.310951571,mid
ENSG00000101670_LIPG,8.310883016,mid
ENSG00000146757_ZNF92,8.310204286,mid
ENSG00000026652_AGPAT4,8.310069481,mid
ENSG00000124444_ZNF576,8.309328919,mid
ENSG00000180758_GPR157,8.309015501,mid
ENSG00000196810_CTBP1-DT,8.308621718,mid
ENSG00000160062_ZBTB8A,8.308278341,mid
ENSG00000156973_PDE6D,8.308205019,mid
ENSG00000139675_HNRNPA1L2,8.306859995,mid
ENSG00000178053_MLF1,8.306079301,mid
ENSG00000115641_FHL2,8.305380888,mid
ENSG00000100908_EMC9,8.305285339,mid
ENSG00000148926_ADM,8.305128262,mid
ENSG00000196247_ZNF107,8.305012443,mid
ENSG00000120162_MOB3B,8.30454841,mid
ENSG00000215712_TMEM242,8.304247495,mid
ENSG00000170153_RNF150,8.304140744,mid
ENSG00000205356_TECPR1,8.303542516,mid
ENSG00000247708_STX18-AS1,8.303247228,mid
ENSG00000278677_HIST1H2AM,8.303021879,mid
ENSG00000120662_MTRF1,8.302497964,mid
ENSG00000180891_CUEDC1,8.302302163,mid
ENSG00000132570_PCBD2,8.301697799,mid
ENSG00000186472_PCLO,8.300189106,mid
ENSG00000214021_TTLL3,8.300118154,mid
ENSG00000157036_EXOG,8.29875005,mid
ENSG00000105997_HOXA3,8.298027025,mid
ENSG00000142961_MOB3C,8.297675775,mid
ENSG00000114529_C3orf52,8.297647914,mid
ENSG00000198324_PHETA1,8.296624352,mid
ENSG00000179627_ZBTB42,8.296574661,mid
ENSG00000143554_SLC27A3,8.295028342,mid
ENSG00000219545_UMAD1,8.294897529,mid
ENSG00000005882_PDK2,8.294785473,mid
ENSG00000169660_HEXD,8.294407624,mid
ENSG00000166436_TRIM66,8.293917411,mid
ENSG00000236144_TMEM147-AS1,8.293160893,mid
ENSG00000064309_CDON,8.290607036,mid
ENSG00000181191_PJA1,8.290085343,mid
ENSG00000134146_DPH6,8.289245332,mid
ENSG00000178913_TAF7,8.288990683,mid
ENSG00000146858_ZC3HAV1L,8.288722369,mid
ENSG00000116815_CD58,8.288487499,mid
ENSG00000165312_OTUD1,8.288463462,mid
ENSG00000142544_CTU1,8.287333261,mid
ENSG00000186594_MIR22HG,8.287247351,mid
ENSG00000138613_APH1B,8.286513908,mid
ENSG00000214029_ZNF891,8.285481472,mid
ENSG00000284976_BX255925.3,8.285316472,mid
ENSG00000139117_CPNE8,8.284604674,mid
ENSG00000161010_MRNIP,8.283479952,mid
ENSG00000136982_DSCC1,8.282816277,mid
ENSG00000169992_NLGN2,8.282412034,mid
ENSG00000171320_ESCO2,8.281136489,mid
ENSG00000174327_SLC16A13,8.280862657,mid
ENSG00000164010_ERMAP,8.280014916,mid
ENSG00000283633_AP000547.3,8.279919862,mid
ENSG00000221829_FANCG,8.279835475,mid
ENSG00000178996_SNX18,8.278145122,mid
ENSG00000150756_ATPSCKMT,8.277434553,mid
ENSG00000164331_ANKRA2,8.277353307,mid
ENSG00000189120_SP6,8.277193993,mid
ENSG00000081052_COL4A4,8.277014628,mid
ENSG00000165115_KIF27,8.27683672,mid
ENSG00000184083_FAM120C,8.275981381,mid
ENSG00000128590_DNAJB9,8.275235225,mid
ENSG00000148459_PDSS1,8.273919475,mid
ENSG00000240230_COX19,8.273890816,mid
ENSG00000123444_KBTBD4,8.272784809,mid
ENSG00000163156_SCNM1,8.272574964,mid
ENSG00000126106_TMEM53,8.272329579,mid
ENSG00000214719_AC005562.1,8.272261608,mid
ENSG00000186532_SMYD4,8.271708286,mid
ENSG00000146826_MAP11,8.27060618,mid
ENSG00000177707_NECTIN3,8.269325076,mid
ENSG00000151332_MBIP,8.268968258,mid
ENSG00000133131_MORC4,8.268614736,mid
ENSG00000084764_MAPRE3,8.268586487,mid
ENSG00000155792_DEPTOR,8.267409262,mid
ENSG00000100263_RHBDD3,8.266745904,mid
ENSG00000117791_MARC2,8.266159983,mid
ENSG00000031081_ARHGAP31,8.266011427,mid
ENSG00000130023_ERMARD,8.265177367,mid
ENSG00000073464_CLCN4,8.264926385,mid
ENSG00000112592_TBP,8.263551023,mid
ENSG00000068028_RASSF1,8.262778539,mid
ENSG00000059145_UNKL,8.262585062,mid
ENSG00000186376_ZNF75D,8.261716859,mid
ENSG00000176386_CDC26,8.261281631,mid
ENSG00000159147_DONSON,8.260539681,mid
ENSG00000233461_AL445524.1,8.258970087,mid
ENSG00000163945_UVSSA,8.258321625,mid
ENSG00000117226_GBP3,8.258294666,mid
ENSG00000114395_CYB561D2,8.258008639,mid
ENSG00000167207_NOD2,8.257154524,mid
ENSG00000133943_DGLUCY,8.25703516,mid
ENSG00000136932_TRMO,8.256779454,mid
ENSG00000244300_GATA2-AS1,8.256439064,mid
ENSG00000127423_AUNIP,8.256138194,mid
ENSG00000117533_VAMP4,8.254889797,mid
ENSG00000159259_CHAF1B,8.254390561,mid
ENSG00000135318_NT5E,8.254229302,mid
ENSG00000085840_ORC1,8.254113479,mid
ENSG00000176410_DNAJC30,8.253642092,mid
ENSG00000165195_PIGA,8.25168786,mid
ENSG00000171757_LRRC34,8.250696794,mid
ENSG00000159685_CHCHD6,8.249164705,mid
ENSG00000088876_ZNF343,8.24869875,mid
ENSG00000172465_TCEAL1,8.247913476,mid
ENSG00000108961_RANGRF,8.247316244,mid
ENSG00000221988_PPT2,8.246560963,mid
ENSG00000143367_TUFT1,8.245771429,mid
ENSG00000126215_XRCC3,8.244608827,mid
ENSG00000254858_MPV17L2,8.243707499,mid
ENSG00000100376_FAM118A,8.242502783,mid
ENSG00000080986_NDC80,8.242443191,mid
ENSG00000212747_RTL8B,8.241613826,mid
ENSG00000131845_ZNF304,8.239336704,mid
ENSG00000128294_TPST2,8.239066731,mid
ENSG00000241399_CD302,8.238892116,mid
ENSG00000126870_WDR60,8.237584191,mid
ENSG00000132017_DCAF15,8.23739815,mid
ENSG00000226067_LINC00623,8.23732779,mid
ENSG00000162407_PLPP3,8.23701994,mid
ENSG00000181004_BBS12,8.236619446,mid
ENSG00000167562_ZNF701,8.236262549,mid
ENSG00000181450_ZNF678,8.235990005,mid
ENSG00000178966_RMI1,8.235391404,mid
ENSG00000155621_C9orf85,8.235241654,mid
ENSG00000188039_NWD1,8.234941534,mid
ENSG00000101473_ACOT8,8.234340208,mid
ENSG00000125449_ARMC7,8.233768524,mid
ENSG00000140398_NEIL1,8.233185334,mid
ENSG00000172985_SH3RF3,8.232846022,mid
ENSG00000130766_SESN2,8.232327455,mid
ENSG00000163071_SPATA18,8.232024747,mid
ENSG00000204991_SPIRE2,8.231775629,mid
ENSG00000037965_HOXC8,8.231563538,mid
ENSG00000134574_DDB2,8.229718134,mid
ENSG00000125351_UPF3B,8.229285611,mid
ENSG00000160392_C19orf47,8.229276595,mid
ENSG00000127081_ZNF484,8.228816924,mid
ENSG00000112029_FBXO5,8.228600112,mid
ENSG00000068394_GPKOW,8.228337259,mid
ENSG00000133433_GSTT2B,8.227619407,mid
ENSG00000143479_DYRK3,8.227597131,mid
ENSG00000125611_CHCHD5,8.226862053,mid
ENSG00000066230_SLC9A3,8.22682499,mid
ENSG00000249115_HAUS5,8.226078442,mid
ENSG00000165714_BORCS5,8.225693991,mid
ENSG00000104889_RNASEH2A,8.224955825,mid
ENSG00000137198_GMPR,8.224902628,mid
ENSG00000111077_TNS2,8.224160707,mid
ENSG00000088826_SMOX,8.223873427,mid
ENSG00000183765_CHEK2,8.222882901,mid
ENSG00000198598_MMP17,8.22167659,mid
ENSG00000204564_C6orf136,8.221342599,mid
ENSG00000168679_SLC16A4,8.220571687,mid
ENSG00000025156_HSF2,8.219810102,mid
ENSG00000169084_DHRSX,8.217771165,mid
ENSG00000182141_ZNF708,8.217313391,mid
ENSG00000123485_HJURP,8.217117579,mid
ENSG00000276256_AC011043.1,8.216680455,mid
ENSG00000248049_UBA6-AS1,8.216621324,mid
ENSG00000153485_TMEM251,8.214801683,mid
ENSG00000166484_MAPK7,8.213779257,mid
ENSG00000160352_ZNF714,8.213088256,mid
ENSG00000136197_C7orf25,8.21297519,mid
ENSG00000059769_DNAJC25,8.209842085,mid
ENSG00000203760_CENPW,8.207440061,mid
ENSG00000275714_HIST1H3A,8.207219752,mid
ENSG00000149054_ZNF215,8.205990433,mid
ENSG00000112559_MDFI,8.205459694,mid
ENSG00000002919_SNX11,8.204344494,mid
ENSG00000169981_ZNF35,8.199675753,mid
ENSG00000233184_AC093157.1,8.199609088,mid
ENSG00000278463_HIST1H2AB,8.198905453,mid
ENSG00000197841_ZNF181,8.198841242,mid
ENSG00000163312_HELQ,8.198163068,mid
ENSG00000139832_RAB20,8.197011261,mid
ENSG00000181381_DDX60L,8.196896497,mid
ENSG00000178999_AURKB,8.196787634,mid
ENSG00000169826_CSGALNACT2,8.196532577,mid
ENSG00000100036_SLC35E4,8.19632607,mid
ENSG00000054690_PLEKHH1,8.194990759,mid
ENSG00000179111_HES7,8.194864695,mid
ENSG00000157765_SLC34A2,8.194181177,mid
ENSG00000187193_MT1X,8.193988357,mid
ENSG00000168612_ZSWIM1,8.193803712,mid
ENSG00000115459_ELMOD3,8.19380247,mid
ENSG00000186073_C15orf41,8.192926971,mid
ENSG00000130921_C12orf65,8.192164494,mid
ENSG00000268350_FAM156A,8.191034107,mid
ENSG00000197329_PELI1,8.190940191,mid
ENSG00000106125_MINDY4,8.190353814,mid
ENSG00000140471_LINS1,8.188087957,mid
ENSG00000169105_CHST14,8.188064073,mid
ENSG00000145911_N4BP3,8.186821016,mid
ENSG00000186792_HYAL3,8.186579852,mid
ENSG00000111252_SH2B3,8.186036677,mid
ENSG00000090971_NAT14,8.185859104,mid
ENSG00000189077_TMEM120A,8.184250995,mid
ENSG00000166387_PPFIBP2,8.1836171,mid
ENSG00000183386_FHL3,8.182965718,mid
ENSG00000243449_C4orf48,8.182933101,mid
ENSG00000081870_HSPB11,8.181557166,mid
ENSG00000147650_LRP12,8.181313381,mid
ENSG00000099260_PALMD,8.181274237,mid
ENSG00000179163_FUCA1,8.180996321,mid
ENSG00000101849_TBL1X,8.179919076,mid
ENSG00000107902_LHPP,8.17951881,mid
ENSG00000120910_PPP3CC,8.17825978,mid
ENSG00000234444_ZNF736,8.177572566,mid
ENSG00000125454_SLC25A19,8.176557252,mid
ENSG00000165030_NFIL3,8.176061384,mid
ENSG00000111554_MDM1,8.175753484,mid
ENSG00000198960_ARMCX6,8.174941242,mid
ENSG00000143793_C1orf35,8.17493287,mid
ENSG00000165244_ZNF367,8.174369373,mid
ENSG00000140830_TXNL4B,8.174364772,mid
ENSG00000197299_BLM,8.173785513,mid
ENSG00000149948_HMGA2,8.173725765,mid
ENSG00000162976_SLC66A3,8.173604426,mid
ENSG00000106479_ZNF862,8.172929068,mid
ENSG00000197608_ZNF841,8.172458998,mid
ENSG00000022976_ZNF839,8.172003427,mid
ENSG00000185838_GNB1L,8.171586236,mid
ENSG00000106477_CEP41,8.171399905,mid
ENSG00000274750_HIST1H3E,8.170839681,mid
ENSG00000251136_AF117829.1,8.170734491,mid
ENSG00000116793_PHTF1,8.170731959,mid
ENSG00000135636_DYSF,8.170669146,mid
ENSG00000178338_ZNF354B,8.170348738,mid
ENSG00000164008_C1orf50,8.170291738,mid
ENSG00000186625_KATNA1,8.169377717,mid
ENSG00000080561_MID2,8.169300913,mid
ENSG00000250571_GLI4,8.168603531,mid
ENSG00000198056_PRIM1,8.168362006,mid
ENSG00000181513_ACBD4,8.168355228,mid
ENSG00000106714_CNTNAP3,8.16830506,mid
ENSG00000162066_AMDHD2,8.168142046,mid
ENSG00000165233_CARD19,8.16805354,mid
ENSG00000177873_ZNF619,8.168011272,mid
ENSG00000114026_OGG1,8.167857856,mid
ENSG00000141404_GNAL,8.166990369,mid
ENSG00000197798_FAM118B,8.166886507,mid
ENSG00000148291_SURF2,8.166543122,mid
ENSG00000067113_PLPP1,8.166027429,mid
ENSG00000151136_BTBD11,8.165277782,mid
ENSG00000085185_BCORL1,8.164167809,mid
ENSG00000102181_CD99L2,8.162887948,mid
ENSG00000248487_ABHD14A,8.161402366,mid
ENSG00000132664_POLR3F,8.161095774,mid
ENSG00000197021_CXorf40B,8.160353401,mid
ENSG00000101928_MOSPD1,8.159177277,mid
ENSG00000133731_IMPA1,8.158697986,mid
ENSG00000213214_ARHGEF35,8.158213128,mid
ENSG00000276234_TADA2A,8.156305674,mid
ENSG00000133627_ACTR3B,8.156242199,mid
ENSG00000069424_KCNAB2,8.155961449,mid
ENSG00000125814_NAPB,8.155040296,mid
ENSG00000091732_ZC3HC1,8.15454583,mid
ENSG00000143942_CHAC2,8.153429186,mid
ENSG00000230606_AC092683.1,8.153257591,mid
ENSG00000197779_ZNF81,8.152958561,mid
ENSG00000106459_NRF1,8.151486465,mid
ENSG00000162542_TMCO4,8.150709919,mid
ENSG00000158552_ZFAND2B,8.150414446,mid
ENSG00000241058_NSUN6,8.149983811,mid
ENSG00000278619_MRM1,8.149322415,mid
ENSG00000093217_XYLB,8.148979521,mid
ENSG00000137648_TMPRSS4,8.148936641,mid
ENSG00000168096_ANKS3,8.14845109,mid
ENSG00000133138_TBC1D8B,8.147320553,mid
ENSG00000064652_SNX24,8.145602832,mid
ENSG00000088356_PDRG1,8.144223244,mid
ENSG00000153071_DAB2,8.143034799,mid
ENSG00000163795_ZNF513,8.14269435,mid
ENSG00000131187_F12,8.141184528,mid
ENSG00000166171_DPCD,8.139436338,mid
ENSG00000132109_TRIM21,8.138827755,mid
ENSG00000182712_CMC4,8.138627333,mid
ENSG00000161920_MED11,8.138470027,mid
ENSG00000139624_CERS5,8.136977575,mid
ENSG00000132773_TOE1,8.136565743,mid
ENSG00000188785_ZNF548,8.13567422,mid
ENSG00000072195_SPEG,8.135141485,mid
ENSG00000016402_IL20RA,8.134219159,mid
ENSG00000119650_IFT43,8.133760136,mid
ENSG00000137193_PIM1,8.13375809,mid
ENSG00000064199_SPA17,8.133317214,mid
ENSG00000276180_HIST1H4I,8.131991738,mid
ENSG00000161395_PGAP3,8.13195689,mid
ENSG00000183971_NPW,8.131349115,mid
ENSG00000183828_NUDT14,8.131184711,mid
ENSG00000113971_NPHP3,8.131099844,mid
ENSG00000197483_ZNF628,8.130806322,mid
ENSG00000171574_ZNF584,8.129262999,mid
ENSG00000125962_ARMCX5,8.126671463,mid
ENSG00000072954_TMEM38A,8.125827218,mid
ENSG00000167528_ZNF641,8.125381451,mid
ENSG00000067836_ROGDI,8.12473149,mid
ENSG00000125089_SH3TC1,8.123372681,mid
ENSG00000196757_ZNF700,8.122833137,mid
ENSG00000169228_RAB24,8.120697718,mid
ENSG00000157693_TMEM268,8.119805711,mid
ENSG00000187024_PTRH1,8.119128296,mid
ENSG00000260260_SNHG19,8.118883288,mid
ENSG00000170270_GON7,8.118382087,mid
ENSG00000179943_FIZ1,8.118052715,mid
ENSG00000278768_BACE1-AS,8.117602996,mid
ENSG00000162396_PARS2,8.116938339,mid
ENSG00000164221_CCDC112,8.116742854,mid
ENSG00000174109_C16orf91,8.115938726,mid
ENSG00000166147_FBN1,8.113991597,mid
ENSG00000105559_PLEKHA4,8.113870341,mid
ENSG00000083812_ZNF324,8.113182852,mid
ENSG00000267520_AC010733.2,8.113116655,mid
ENSG00000085382_HACE1,8.112709745,mid
ENSG00000107954_NEURL1,8.112284048,mid
ENSG00000131019_ULBP3,8.111923766,mid
ENSG00000142871_CCN1,8.11117551,mid
ENSG00000196659_TTC30B,8.111069274,mid
ENSG00000170631_ZNF16,8.110686107,mid
ENSG00000142444_TIMM29,8.110132029,mid
ENSG00000104237_RP1,8.109932432,mid
ENSG00000172915_NBEA,8.107052562,mid
ENSG00000172123_SLFN12,8.106143522,mid
ENSG00000171735_CAMTA1,8.105046687,mid
ENSG00000167740_CYB5D2,8.103643029,mid
ENSG00000197461_PDGFA,8.103479305,mid
ENSG00000131188_PRR7,8.102488266,mid
ENSG00000224877_NDUFAF8,8.101474063,mid
ENSG00000278970_HEIH,8.099216203,mid
ENSG00000173706_HEG1,8.096294818,mid
ENSG00000198912_C1orf174,8.096043053,mid
ENSG00000162227_TAF6L,8.095967199,mid
ENSG00000152133_GPATCH11,8.094413241,mid
ENSG00000128510_CPA4,8.094341731,mid
ENSG00000185716_MOSMO,8.09412385,mid
ENSG00000102218_RP2,8.09386274,mid
ENSG00000104892_KLC3,8.093738771,mid
ENSG00000225932_CTAGE4,8.093533758,mid
ENSG00000272087_AC080013.4,8.093461593,mid
ENSG00000263002_ZNF234,8.091603342,mid
ENSG00000203965_EFCAB7,8.0904508,mid
ENSG00000173137_ADCK5,8.090264631,mid
ENSG00000181896_ZNF101,8.090210229,mid
ENSG00000162385_MAGOH,8.0892485,mid
ENSG00000167394_ZNF668,8.089061451,mid
ENSG00000285410_GABPB1-IT1,8.088437651,mid
ENSG00000240445_FOXO3B,8.087284295,mid
ENSG00000142973_CYP4B1,8.085759155,mid
ENSG00000134461_ANKRD16,8.085741143,mid
ENSG00000002016_RAD52,8.085485979,mid
ENSG00000115239_ASB3,8.084495051,mid
ENSG00000240344_PPIL3,8.084123074,mid
ENSG00000243477_NAA80,8.083933104,mid
ENSG00000088451_TGDS,8.083450251,mid
ENSG00000155085_AK9,8.082209034,mid
ENSG00000197860_SGTB,8.081728956,mid
ENSG00000101452_DHX35,8.081387999,mid
ENSG00000127152_BCL11B,8.081135996,mid
ENSG00000251369_ZNF550,8.080266512,mid
ENSG00000123364_HOXC13,8.07928849,mid
ENSG00000156873_PHKG2,8.078191795,mid
ENSG00000135093_USP30,8.077531552,mid
ENSG00000145014_TMEM44,8.076847082,mid
ENSG00000189050_RNFT1,8.076146983,mid
ENSG00000117069_ST6GALNAC5,8.075943171,mid
ENSG00000204954_C12orf73,8.075918123,mid
ENSG00000164403_SHROOM1,8.074956738,mid
ENSG00000196872_KIAA1211L,8.074317675,mid
ENSG00000184162_NR2C2AP,8.073941979,mid
ENSG00000153551_CMTM7,8.073634628,mid
ENSG00000101844_ATG4A,8.073506109,mid
ENSG00000104154_SLC30A4,8.073493952,mid
ENSG00000179818_PCBP1-AS1,8.073222887,mid
ENSG00000100767_PAPLN,8.072580388,mid
ENSG00000160447_PKN3,8.072483446,mid
ENSG00000182057_OGFRP1,8.072453433,mid
ENSG00000152669_CCNO,8.071877889,mid
ENSG00000128581_IFT22,8.071845331,mid
ENSG00000160563_MED27,8.07121848,mid
ENSG00000115738_ID2,8.07098383,mid
ENSG00000104450_SPAG1,8.070675611,mid
ENSG00000185904_LINC00839,8.068128835,mid
ENSG00000096654_ZNF184,8.067921426,mid
ENSG00000196584_XRCC2,8.066654001,mid
ENSG00000132429_POPDC3,8.06627172,mid
ENSG00000164169_PRMT9,8.065066618,mid
ENSG00000123080_CDKN2C,8.064684138,mid
ENSG00000023892_DEF6,8.063527672,mid
ENSG00000115289_PCGF1,8.063470027,mid
ENSG00000181135_ZNF707,8.062139458,mid
ENSG00000103089_FA2H,8.062042931,mid
ENSG00000206562_METTL6,8.061238554,mid
ENSG00000102309_PIN4,8.061155786,mid
ENSG00000149798_CDC42EP2,8.06078573,mid
ENSG00000188566_NDOR1,8.06003449,mid
ENSG00000175315_CST6,8.059317072,mid
ENSG00000237807_AC022034.1,8.059283149,mid
ENSG00000165996_HACD1,8.05928007,mid
ENSG00000185864_NPIPB4,8.059117725,mid
ENSG00000127580_WDR24,8.058434869,mid
ENSG00000176261_ZBTB8OS,8.058349629,mid
ENSG00000111325_OGFOD2,8.057624982,mid
ENSG00000109881_CCDC34,8.056473237,mid
ENSG00000100558_PLEK2,8.055990893,mid
ENSG00000140691_ARMC5,8.054258371,mid
ENSG00000090674_MCOLN1,8.053599895,mid
ENSG00000104129_DNAJC17,8.053065938,mid
ENSG00000233024_NPIPA9,8.051778949,mid
ENSG00000198331_HYLS1,8.051326521,mid
ENSG00000179029_TMEM107,8.051287982,mid
ENSG00000043355_ZIC2,8.050537528,mid
ENSG00000177595_PIDD1,8.050450684,mid
ENSG00000213145_CRIP1,8.048063625,mid
ENSG00000047634_SCML1,8.048001775,mid
ENSG00000173041_ZNF680,8.047573758,mid
ENSG00000157368_IL34,8.047276301,mid
ENSG00000076650_GPATCH1,8.046966988,mid
ENSG00000167074_TEF,8.04689914,mid
ENSG00000165752_STK32C,8.046849971,mid
ENSG00000137133_HINT2,8.045521392,mid
ENSG00000117385_P3H1,8.045136986,mid
ENSG00000132950_ZMYM5,8.045123799,mid
ENSG00000130590_SAMD10,8.044068178,mid
ENSG00000133398_MED10,8.04323045,mid
ENSG00000137752_CASP1,8.043138368,mid
ENSG00000162694_EXTL2,8.042612677,mid
ENSG00000197620_CXorf40A,8.042359059,mid
ENSG00000169684_CHRNA5,8.040683428,mid
ENSG00000196150_ZNF250,8.040464775,mid
ENSG00000136122_BORA,8.040410091,mid
ENSG00000245680_ZNF585B,8.039397256,mid
ENSG00000138347_MYPN,8.039121469,mid
ENSG00000185379_RAD51D,8.038606029,mid
ENSG00000175938_ORAI3,8.038177532,mid
ENSG00000118369_USP35,8.036475536,mid
ENSG00000168890_TMEM150A,8.03622608,mid
ENSG00000126249_PDCD2L,8.034910388,mid
ENSG00000145736_GTF2H2,8.034828024,mid
ENSG00000178773_CPNE7,8.034585876,mid
ENSG00000103145_HCFC1R1,8.034437797,mid
ENSG00000014138_POLA2,8.032240365,mid
ENSG00000115163_CENPA,8.031754697,mid
ENSG00000135315_CEP162,8.030102804,mid
ENSG00000276903_HIST1H2AL,8.030032498,mid
ENSG00000273329_AC078846.1,8.029662723,mid
ENSG00000263731_AC145207.5,8.029648669,mid
ENSG00000214087_ARL16,8.028800788,mid
ENSG00000062282_DGAT2,8.028793926,mid
ENSG00000164048_ZNF589,8.028127323,mid
ENSG00000115598_IL1RL2,8.027535645,mid
ENSG00000151470_C4orf33,8.02745293,mid
ENSG00000196976_LAGE3,8.024997153,mid
ENSG00000238266_LINC00707,8.024410804,mid
ENSG00000167779_IGFBP6,8.024238369,mid
ENSG00000196923_PDLIM7,8.023238732,mid
ENSG00000116396_KCNC4,8.023228474,mid
ENSG00000119004_CYP20A1,8.020654922,mid
ENSG00000138356_AOX1,8.019906514,mid
ENSG00000196268_ZNF493,8.018736829,mid
ENSG00000171202_TMEM126A,8.018606375,mid
ENSG00000166311_SMPD1,8.017174048,mid
ENSG00000124104_SNX21,8.017069722,mid
ENSG00000174177_CTU2,8.01694079,mid
ENSG00000170458_CD14,8.016220342,mid
ENSG00000177427_MIEF2,8.015251054,mid
ENSG00000196911_KPNA5,8.015165441,mid
ENSG00000126453_BCL2L12,8.014783672,mid
ENSG00000173349_SFT2D3,8.013433232,mid
ENSG00000157214_STEAP2,8.013144323,mid
ENSG00000153487_ING1,8.011736131,mid
ENSG00000204519_ZNF551,8.011279388,mid
ENSG00000232098_AC012313.1,8.010937004,mid
ENSG00000124216_SNAI1,8.010933458,mid
ENSG00000183137_CEP57L1,8.010636642,mid
ENSG00000008517_IL32,8.010423488,mid
ENSG00000136492_BRIP1,8.010313239,mid
ENSG00000105321_CCDC9,8.010298254,mid
ENSG00000143412_ANXA9,8.010101057,mid
ENSG00000038002_AGA,8.009302409,mid
ENSG00000083457_ITGAE,8.009221457,mid
ENSG00000143919_CAMKMT,8.008672363,mid
ENSG00000185917_SETD4,8.008305894,mid
ENSG00000174371_EXO1,8.007604446,mid
ENSG00000275764_AC092747.4,8.006619027,mid
ENSG00000118655_DCLRE1B,8.004442985,mid
ENSG00000267002_AC060780.1,8.002704911,mid
ENSG00000142252_GEMIN7,8.001628893,mid
ENSG00000214413_BBIP1,8.001543661,mid
ENSG00000160360_GPSM1,7.998031891,mid
ENSG00000171295_ZNF440,7.997906623,mid
ENSG00000183655_KLHL25,7.997352552,mid
ENSG00000106524_ANKMY2,7.997109691,mid
ENSG00000121988_ZRANB3,7.996995857,mid
ENSG00000273760_AC245041.1,7.99641573,mid
ENSG00000162086_ZNF75A,7.995990674,mid
ENSG00000162076_FLYWCH2,7.995985994,mid
ENSG00000105865_DUS4L,7.995847862,mid
ENSG00000153391_INO80C,7.995618123,mid
ENSG00000121281_ADCY7,7.995491818,mid
ENSG00000187325_TAF9B,7.993552025,mid
ENSG00000128512_DOCK4,7.993388529,mid
ENSG00000267673_FDX2,7.993019204,mid
ENSG00000159433_STARD9,7.992613748,mid
ENSG00000118420_UBE3D,7.992008531,mid
ENSG00000186020_ZNF529,7.991874793,mid
ENSG00000188010_MORN2,7.990872864,mid
ENSG00000138617_PARP16,7.989928147,mid
ENSG00000142655_PEX14,7.989858217,mid
ENSG00000006756_ARSD,7.9897908,mid
ENSG00000035499_DEPDC1B,7.98917864,mid
ENSG00000163083_INHBB,7.98867927,mid
ENSG00000132854_KANK4,7.988146768,mid
ENSG00000114166_KAT2B,7.986096792,mid
ENSG00000133460_SLC2A11,7.985925612,mid
ENSG00000119929_CUTC,7.985034784,mid
ENSG00000173914_RBM4B,7.984786208,mid
ENSG00000106948_AKNA,7.984344134,mid
ENSG00000241860_AL627309.5,7.984066672,mid
ENSG00000171700_RGS19,7.983904238,mid
ENSG00000177602_HASPIN,7.983867347,mid
ENSG00000129810_SGO1,7.983615895,mid
ENSG00000204536_CCHCR1,7.98333017,mid
ENSG00000089486_CDIP1,7.983059271,mid
ENSG00000204599_TRIM39,7.982913386,mid
ENSG00000198093_ZNF649,7.982573893,mid
ENSG00000224259_LINC01133,7.981464462,mid
ENSG00000168502_MTCL1,7.981039831,mid
ENSG00000158156_XKR8,7.980789925,mid
ENSG00000213694_S1PR3,7.980596511,mid
ENSG00000196793_ZNF239,7.980020498,mid
ENSG00000164978_NUDT2,7.979216433,mid
ENSG00000129696_TTI2,7.97898717,mid
ENSG00000135637_CCDC142,7.978947856,mid
ENSG00000189377_CXCL17,7.978710354,mid
ENSG00000273033_LINC02035,7.978004728,mid
ENSG00000164953_TMEM67,7.977639835,mid
ENSG00000078018_MAP2,7.976393047,mid
ENSG00000128604_IRF5,7.976195175,mid
ENSG00000204438_GPANK1,7.9756049,mid
ENSG00000105327_BBC3,7.975044769,mid
ENSG00000274641_HIST1H2BO,7.974763647,mid
ENSG00000136231_IGF2BP3,7.973786352,mid
ENSG00000149636_DSN1,7.973456555,mid
ENSG00000129173_E2F8,7.972458224,mid
ENSG00000096968_JAK2,7.97152998,mid
ENSG00000162520_SYNC,7.971268724,mid
ENSG00000168569_TMEM223,7.968990892,mid
ENSG00000151611_MMAA,7.968573257,mid
ENSG00000170917_NUDT6,7.967428842,mid
ENSG00000159055_MIS18A,7.967359427,mid
ENSG00000262246_CORO7,7.966273617,mid
ENSG00000108375_RNF43,7.965681797,mid
ENSG00000120915_EPHX2,7.965355908,mid
ENSG00000141738_GRB7,7.965346165,mid
ENSG00000173465_ZNRD2,7.965204292,mid
ENSG00000137460_FHDC1,7.964675505,mid
ENSG00000164318_EGFLAM,7.964272921,mid
ENSG00000138658_ZGRF1,7.963827807,mid
ENSG00000101000_PROCR,7.963500507,mid
ENSG00000062370_ZNF112,7.962912091,mid
ENSG00000099377_HSD3B7,7.962468716,mid
ENSG00000105948_TTC26,7.962135299,mid
ENSG00000103199_ZNF500,7.959922782,mid
ENSG00000164885_CDK5,7.95982017,mid
ENSG00000241127_YAE1,7.959200324,mid
ENSG00000151014_NOCT,7.958873724,mid
ENSG00000254726_MEX3A,7.958564306,mid
ENSG00000111665_CDCA3,7.957757625,mid
ENSG00000166886_NAB2,7.95685593,mid
ENSG00000105808_RASA4,7.956714089,mid
ENSG00000026025_VIM,7.955924185,mid
ENSG00000144445_KANSL1L,7.955902385,mid
ENSG00000109016_DHRS7B,7.954781388,mid
ENSG00000186160_CYP4Z1,7.953434353,mid
ENSG00000136732_GYPC,7.95340288,mid
ENSG00000107796_ACTA2,7.952281635,mid
ENSG00000100360_IFT27,7.950955434,mid
ENSG00000163637_PRICKLE2,7.950810947,mid
ENSG00000186017_ZNF566,7.950225806,mid
ENSG00000145331_TRMT10A,7.94952305,mid
ENSG00000134215_VAV3,7.949420323,mid
ENSG00000005469_CROT,7.948485772,mid
ENSG00000185361_TNFAIP8L1,7.947738279,mid
ENSG00000204642_HLA-F,7.947697345,mid
ENSG00000168228_ZCCHC4,7.947144698,mid
ENSG00000183814_LIN9,7.946468359,mid
ENSG00000137628_DDX60,7.946365035,mid
ENSG00000169752_NRG4,7.946206959,mid
ENSG00000278588_HIST1H2BI,7.945176068,mid
ENSG00000101945_SUV39H1,7.943079756,mid
ENSG00000132436_FIGNL1,7.941258843,mid
ENSG00000127311_HELB,7.940640301,mid
ENSG00000247516_MIR4458HG,7.939666525,mid
ENSG00000204147_ASAH2B,7.939008505,mid
ENSG00000175806_MSRA,7.938430834,mid
ENSG00000120539_MASTL,7.938204803,mid
ENSG00000090339_ICAM1,7.937966941,mid
ENSG00000170684_ZNF296,7.936909436,mid
ENSG00000072422_RHOBTB1,7.936392947,mid
ENSG00000168778_TCTN2,7.936357938,mid
ENSG00000169258_GPRIN1,7.93630482,mid
ENSG00000164659_KIAA1324L,7.935882215,mid
ENSG00000148735_PLEKHS1,7.934991254,mid
ENSG00000103343_ZNF174,7.933853543,mid
ENSG00000137185_ZSCAN9,7.932321791,mid
ENSG00000261052_SULT1A3,7.930788975,mid
ENSG00000169635_HIC2,7.930227389,mid
ENSG00000264247_LINC00909,7.929126746,mid
ENSG00000197619_ZNF615,7.928859954,mid
ENSG00000130758_MAP3K10,7.927855661,mid
ENSG00000162591_MEGF6,7.927267528,mid
ENSG00000069509_FUNDC1,7.926896062,mid
ENSG00000094841_UPRT,7.926544712,mid
ENSG00000067365_METTL22,7.925579816,mid
ENSG00000198393_ZNF26,7.924889107,mid
ENSG00000011478_QPCTL,7.923552089,mid
ENSG00000105173_CCNE1,7.92308125,mid
ENSG00000100564_PIGH,7.922996466,mid
ENSG00000189337_KAZN,7.922839326,mid
ENSG00000106733_NMRK1,7.922423581,mid
ENSG00000140104_CLBA1,7.922272414,mid
ENSG00000138311_ZNF365,7.922119161,mid
ENSG00000172409_CLP1,7.921022255,mid
ENSG00000131773_KHDRBS3,7.919752604,mid
ENSG00000155016_CYP2U1,7.919747066,mid
ENSG00000101400_SNTA1,7.919201911,mid
ENSG00000226419_SLC16A1-AS1,7.919195862,mid
ENSG00000011132_APBA3,7.918677567,mid
ENSG00000108384_RAD51C,7.91705381,mid
ENSG00000204366_ZBTB12,7.91541655,mid
ENSG00000204262_COL5A2,7.915224468,mid
ENSG00000178229_ZNF543,7.914739915,mid
ENSG00000065600_PACC1,7.914409521,mid
ENSG00000011105_TSPAN9,7.91391304,mid
ENSG00000196544_BORCS6,7.91299012,mid
ENSG00000000971_CFH,7.911981452,mid
ENSG00000113966_ARL6,7.911371096,mid
ENSG00000121671_CRY2,7.911120079,mid
ENSG00000197385_ZNF860,7.91068543,mid
ENSG00000129007_CALML4,7.910511867,mid
ENSG00000277203_F8A1,7.908406568,mid
ENSG00000164291_ARSK,7.90578588,mid
ENSG00000143228_NUF2,7.905670068,mid
ENSG00000175213_ZNF408,7.904907847,mid
ENSG00000188493_C19orf54,7.90378815,mid
ENSG00000174628_IQCK,7.903663552,mid
ENSG00000181027_FKRP,7.902095793,mid
ENSG00000133101_CCNA1,7.900904861,mid
ENSG00000141933_TPGS1,7.899332048,mid
ENSG00000189195_BTBD8,7.89915028,mid
ENSG00000164620_RELL2,7.898171178,mid
ENSG00000185842_DNAH14,7.897966567,mid
ENSG00000158856_DMTN,7.895554689,mid
ENSG00000167595_PROSER3,7.895221775,mid
ENSG00000185920_PTCH1,7.894379546,mid
ENSG00000122481_RWDD3,7.894176667,mid
ENSG00000109846_CRYAB,7.89395945,mid
ENSG00000083828_ZNF586,7.893090444,mid
ENSG00000111801_BTN3A3,7.892851026,mid
ENSG00000118507_AKAP7,7.892776317,mid
ENSG00000106100_NOD1,7.892751336,mid
ENSG00000137673_MMP7,7.892509752,mid
ENSG00000255737_AGAP2-AS1,7.892184395,mid
ENSG00000270800_RPS10-NUDT3,7.890161843,mid
ENSG00000150433_TMEM218,7.890083256,mid
ENSG00000067191_CACNB1,7.889313909,mid
ENSG00000152926_ZNF117,7.888973758,mid
ENSG00000145723_GIN1,7.888894839,mid
ENSG00000215790_SLC35E2A,7.888342672,mid
ENSG00000186814_ZSCAN30,7.887962445,mid
ENSG00000132334_PTPRE,7.886471923,mid
ENSG00000152348_ATG10,7.886381488,mid
ENSG00000228649_SNHG26,7.884623829,mid
ENSG00000113119_TMCO6,7.883909267,mid
ENSG00000138670_RASGEF1B,7.883457781,mid
ENSG00000180340_FZD2,7.882141813,mid
ENSG00000169203_NPIPB12,7.881928566,mid
ENSG00000160223_ICOSLG,7.880892188,mid
ENSG00000212719_LINC02693,7.879055526,mid
ENSG00000253716_MINCR,7.878567561,mid
ENSG00000171703_TCEA2,7.877220674,mid
ENSG00000143816_WNT9A,7.875519668,mid
ENSG00000150401_DCUN1D2,7.874244097,mid
ENSG00000156603_MED19,7.873647003,mid
ENSG00000141499_WRAP53,7.871773674,mid
ENSG00000155868_MED7,7.871469282,mid
ENSG00000145882_PCYOX1L,7.870793877,mid
ENSG00000277701_AC159540.2,7.870417106,mid
ENSG00000101276_SLC52A3,7.869505227,mid
ENSG00000088727_KIF9,7.869474889,mid
ENSG00000168803_ADAL,7.868740792,mid
ENSG00000173681_BCLAF3,7.86865856,mid
ENSG00000184209_SNRNP35,7.867827995,mid
ENSG00000140848_CPNE2,7.867734875,mid
ENSG00000174132_FAM174A,7.867564877,mid
ENSG00000112039_FANCE,7.866891006,mid
ENSG00000213918_DNASE1,7.862966306,mid
ENSG00000135617_PRADC1,7.862336147,mid
ENSG00000166165_CKB,7.861660937,mid
ENSG00000175305_CCNE2,7.861202993,mid
ENSG00000278535_DHRS11,7.860883361,mid
ENSG00000158321_AUTS2,7.860855179,mid
ENSG00000164309_CMYA5,7.858695431,mid
ENSG00000185561_TLCD2,7.858601484,mid
ENSG00000184857_TMEM186,7.858084539,mid
ENSG00000197142_ACSL5,7.857581283,mid
ENSG00000186166_CCDC84,7.85397292,mid
ENSG00000186088_GSAP,7.853969216,mid
ENSG00000144642_RBMS3,7.852953468,mid
ENSG00000054967_RELT,7.852622508,mid
ENSG00000130347_RTN4IP1,7.851822315,mid
ENSG00000232040_ZBED9,7.851435872,mid
ENSG00000164970_FAM219A,7.849715899,mid
ENSG00000168904_LRRC28,7.849189001,mid
ENSG00000116213_WRAP73,7.84874706,mid
ENSG00000118620_ZNF430,7.848384642,mid
ENSG00000238083_LRRC37A2,7.846380691,mid
ENSG00000081059_TCF7,7.846320075,mid
ENSG00000132970_WASF3,7.845646042,mid
ENSG00000138336_TET1,7.844862278,mid
ENSG00000146267_FAXC,7.844202398,mid
ENSG00000130844_ZNF331,7.84378799,mid
ENSG00000165891_E2F7,7.843622823,mid
ENSG00000197506_SLC28A3,7.843308741,mid
ENSG00000176894_PXMP2,7.842373572,mid
ENSG00000163155_LYSMD1,7.842174221,mid
ENSG00000106701_FSD1L,7.841850128,mid
ENSG00000133805_AMPD3,7.840683205,mid
ENSG00000169972_PUSL1,7.840080088,mid
ENSG00000174799_CEP135,7.839846789,mid
ENSG00000162757_C1orf74,7.838641037,mid
ENSG00000184584_TMEM173,7.838495538,mid
ENSG00000128694_OSGEPL1,7.838451212,mid
ENSG00000263590_LINC02591,7.837804424,mid
ENSG00000172171_TEFM,7.836919689,mid
ENSG00000261326_LINC01355,7.836297266,mid
ENSG00000151065_DCP1B,7.836185723,mid
ENSG00000136161_RCBTB2,7.835316861,mid
ENSG00000173269_MMRN2,7.834941538,mid
ENSG00000127220_ABHD8,7.83445761,mid
ENSG00000100490_CDKL1,7.832569644,mid
ENSG00000196814_MVB12B,7.831894478,mid
ENSG00000164898_FMC1,7.831883592,mid
ENSG00000204860_FAM201A,7.831800174,mid
ENSG00000118276_B4GALT6,7.831682509,mid
ENSG00000163481_RNF25,7.831481055,mid
ENSG00000184517_ZFP1,7.830567178,mid
ENSG00000150455_TIRAP,7.830441597,mid
ENSG00000158079_PTPDC1,7.829751517,mid
ENSG00000197948_FCHSD1,7.828671938,mid
ENSG00000260917_AL158212.3,7.828515106,mid
ENSG00000156853_ZNF689,7.82788579,mid
ENSG00000222011_FAM185A,7.827051017,mid
ENSG00000143156_NME7,7.826789691,mid
ENSG00000167711_SERPINF2,7.826291801,mid
ENSG00000070759_TESK2,7.823780462,mid
ENSG00000239697_TNFSF12,7.823272107,mid
ENSG00000104497_SNX16,7.823034437,mid
ENSG00000136936_XPA,7.821727116,mid
ENSG00000158715_SLC45A3,7.820812969,mid
ENSG00000172159_FRMD3,7.82054474,mid
ENSG00000174516_PELI3,7.820200119,mid
ENSG00000179588_ZFPM1,7.820013998,mid
ENSG00000167384_ZNF180,7.819854515,mid
ENSG00000164167_LSM6,7.819605791,mid
ENSG00000162585_FAAP20,7.819459733,mid
ENSG00000170537_TMC7,7.819224661,mid
ENSG00000185507_IRF7,7.816973135,mid
ENSG00000196151_WDSUB1,7.816850883,mid
ENSG00000144730_IL17RD,7.816204217,mid
ENSG00000139636_LMBR1L,7.814936764,mid
ENSG00000132879_FBXO44,7.814276415,mid
ENSG00000176476_SGF29,7.813031104,mid
ENSG00000165512_ZNF22,7.812677449,mid
ENSG00000114270_COL7A1,7.811969556,mid
ENSG00000185347_TEDC1,7.811211966,mid
ENSG00000182584_ACTL10,7.810503194,mid
ENSG00000138468_SENP7,7.810030179,mid
ENSG00000122592_HOXA7,7.808581112,mid
ENSG00000268858_AL118506.1,7.807801279,mid
ENSG00000148200_NR6A1,7.806725986,mid
ENSG00000185420_SMYD3,7.806239729,mid
ENSG00000181409_AATK,7.806140672,mid
ENSG00000121743_GJA3,7.805634582,mid
ENSG00000129226_CD68,7.805461719,mid
ENSG00000198074_AKR1B10,7.805184778,mid
ENSG00000010539_ZNF200,7.804856189,mid
ENSG00000158186_MRAS,7.804811023,mid
ENSG00000101665_SMAD7,7.803553159,mid
ENSG00000281344_HELLPAR,7.803181735,mid
ENSG00000074621_SLC24A1,7.801610407,mid
ENSG00000168301_KCTD6,7.800874101,mid
ENSG00000102243_VGLL1,7.800718566,mid
ENSG00000178718_RPP25,7.800037018,mid
ENSG00000169231_THBS3,7.799737011,mid
ENSG00000175611_LINC00476,7.799721964,mid
ENSG00000213397_HAUS7,7.799155587,mid
ENSG00000184831_APOO,7.795954395,mid
ENSG00000205423_CNEP1R1,7.795226012,mid
ENSG00000167536_DHRS13,7.794942722,mid
ENSG00000139133_ALG10,7.792125455,mid
ENSG00000215883_CYB5RL,7.791283115,mid
ENSG00000217555_CKLF,7.790957061,mid
ENSG00000247271_ZBED5-AS1,7.788927976,mid
ENSG00000143224_PPOX,7.788574727,mid
ENSG00000132749_TESMIN,7.786707637,mid
ENSG00000133794_ARNTL,7.786232142,mid
ENSG00000126460_PRRG2,7.785975176,mid
ENSG00000158966_CACHD1,7.785088666,mid
ENSG00000262714_AC007342.5,7.784001641,mid
ENSG00000077152_UBE2T,7.783907556,mid
ENSG00000142065_ZFP14,7.782926048,mid
ENSG00000198746_GPATCH3,7.78256631,mid
ENSG00000116771_AGMAT,7.782334915,mid
ENSG00000147536_GINS4,7.781863423,mid
ENSG00000198919_DZIP3,7.78141104,mid
ENSG00000188158_NHS,7.781164815,mid
ENSG00000063176_SPHK2,7.780787196,mid
ENSG00000271122_AC018647.2,7.780262462,mid
ENSG00000228794_LINC01128,7.77970353,mid
ENSG00000154839_SKA1,7.77790839,mid
ENSG00000250899_AC125807.2,7.777491104,mid
ENSG00000239911_PRKAG2-AS1,7.777470554,mid
ENSG00000111450_STX2,7.774277929,mid
ENSG00000119772_DNMT3A,7.773955669,mid
ENSG00000187626_ZKSCAN4,7.773451976,mid
ENSG00000260244_AC104083.1,7.773115299,mid
ENSG00000256087_ZNF432,7.769874963,mid
ENSG00000119922_IFIT2,7.766293157,mid
ENSG00000276547_PCDHGB5,7.764099822,mid
ENSG00000115425_PECR,7.763243356,mid
ENSG00000204344_STK19,7.763213416,mid
ENSG00000107968_MAP3K8,7.761272985,mid
ENSG00000103066_PLA2G15,7.75866598,mid
ENSG00000273045_C2orf15,7.758437564,mid
ENSG00000273018_FAM106A,7.757010404,mid
ENSG00000138738_PRDM5,7.755946974,mid
ENSG00000171448_ZBTB26,7.755939652,mid
ENSG00000173818_ENDOV,7.755672057,mid
ENSG00000159714_ZDHHC1,7.755573339,mid
ENSG00000075131_TIPIN,7.754558886,mid
ENSG00000175782_SLC35E3,7.754234833,mid
ENSG00000164241_C5orf63,7.75420255,mid
ENSG00000088854_C20orf194,7.754079051,mid
ENSG00000024862_CCDC28A,7.75346155,mid
ENSG00000204681_GABBR1,7.752570661,mid
ENSG00000188283_ZNF383,7.751836804,mid
ENSG00000197355_UAP1L1,7.7512682,mid
ENSG00000250565_ATP6V1E2,7.750836197,mid
ENSG00000106330_MOSPD3,7.750660548,mid
ENSG00000175745_NR2F1,7.749671794,mid
ENSG00000083454_P2RX5,7.749027143,mid
ENSG00000243749_TMEM35B,7.746468731,mid
ENSG00000156374_PCGF6,7.746341632,mid
ENSG00000204152_TIMM23B,7.745924123,mid
ENSG00000114268_PFKFB4,7.745224763,mid
ENSG00000131067_GGT7,7.744081826,mid
ENSG00000146776_ATXN7L1,7.743774873,mid
ENSG00000182378_PLCXD1,7.743750176,mid
ENSG00000121690_DEPDC7,7.743365545,mid
ENSG00000119632_IFI27L2,7.742758556,mid
ENSG00000133619_KRBA1,7.742721696,mid
ENSG00000188878_FBF1,7.742034827,mid
ENSG00000120458_MSANTD2,7.741562082,mid
ENSG00000131061_ZNF341,7.741446674,mid
ENSG00000213337_ANKRD39,7.74053292,mid
ENSG00000197362_ZNF786,7.739911388,mid
ENSG00000259070_LINC00639,7.739564599,mid
ENSG00000135245_HILPDA,7.73852408,mid
ENSG00000069482_GAL,7.736756599,mid
ENSG00000196981_WDR5B,7.736561719,mid
ENSG00000176182_MYPOP,7.736276285,mid
ENSG00000196074_SYCP2,7.736094958,mid
ENSG00000248429_FAM198B-AS1,7.735508606,mid
ENSG00000159788_RGS12,7.734121971,mid
ENSG00000113594_LIFR,7.733573736,mid
ENSG00000171428_NAT1,7.732141512,mid
ENSG00000124508_BTN2A2,7.731181442,mid
ENSG00000151376_ME3,7.730865361,mid
ENSG00000239887_C1orf226,7.730669629,mid
ENSG00000275126_HIST1H4L,7.729996159,mid
ENSG00000124074_ENKD1,7.72726549,mid
ENSG00000203705_TATDN3,7.727178546,mid
ENSG00000153898_MCOLN2,7.723450553,mid
ENSG00000108474_PIGL,7.720574635,mid
ENSG00000105497_ZNF175,7.719381896,mid
ENSG00000169246_NPIPB3,7.718878921,mid
ENSG00000261578_AP003119.3,7.718676138,mid
ENSG00000124613_ZNF391,7.717607638,mid
ENSG00000077782_FGFR1,7.717306974,mid
ENSG00000106772_PRUNE2,7.716510249,mid
ENSG00000185404_SP140L,7.716398267,mid
ENSG00000150967_ABCB9,7.716212412,mid
ENSG00000116273_PHF13,7.716063616,mid
ENSG00000205885_C1RL-AS1,7.715494402,mid
ENSG00000253276_CCDC71L,7.715078859,mid
ENSG00000197020_ZNF100,7.7145546,mid
ENSG00000169429_CXCL8,7.714273775,mid
ENSG00000128298_BAIAP2L2,7.7137715,mid
ENSG00000135482_ZC3H10,7.713247945,mid
ENSG00000181523_SGSH,7.712737242,mid
ENSG00000108590_MED31,7.711099872,mid
ENSG00000232931_LINC00342,7.710139909,mid
ENSG00000155974_GRIP1,7.709248516,mid
ENSG00000197008_ZNF138,7.709103426,mid
ENSG00000249471_ZNF324B,7.70731522,mid
ENSG00000162078_ZG16B,7.705089035,mid
ENSG00000279738_AL022311.1,7.704673034,mid
ENSG00000119866_BCL11A,7.704221282,mid
ENSG00000186666_BCDIN3D,7.703909784,mid
ENSG00000185100_ADSSL1,7.703858915,mid
ENSG00000102048_ASB9,7.702286495,mid
ENSG00000239665_AL157392.3,7.70218228,mid
ENSG00000138111_MFSD13A,7.701675878,mid
ENSG00000196418_ZNF124,7.701201625,mid
ENSG00000213123_TCTEX1D2,7.699832076,mid
ENSG00000110318_CEP126,7.698815933,mid
ENSG00000134061_CD180,7.698627173,mid
ENSG00000141542_RAB40B,7.698201792,mid
ENSG00000235823_OLMALINC,7.697712174,mid
ENSG00000182700_IGIP,7.694063047,mid
ENSG00000124588_NQO2,7.693818744,mid
ENSG00000158483_FAM86C1,7.693554064,mid
ENSG00000162994_CLHC1,7.691930288,mid
ENSG00000130701_RBBP8NL,7.690419488,mid
ENSG00000132423_COQ3,7.690230519,mid
ENSG00000188167_TMPPE,7.690117998,mid
ENSG00000198736_MSRB1,7.687133425,mid
ENSG00000131697_NPHP4,7.686660773,mid
ENSG00000205403_CFI,7.686623561,mid
ENSG00000115998_C2orf42,7.685715794,mid
ENSG00000170634_ACYP2,7.684569114,mid
ENSG00000100601_ALKBH1,7.683789306,mid
ENSG00000285967_NIPBL-DT,7.683545104,mid
ENSG00000091651_ORC6,7.683163076,mid
ENSG00000286070_GGT1,7.682593636,mid
ENSG00000173451_THAP2,7.68179422,mid
ENSG00000175048_ZDHHC14,7.679767678,mid
ENSG00000249395_CASC9,7.679730242,mid
ENSG00000144815_NXPE3,7.678113369,mid
ENSG00000263155_MYZAP,7.677815565,mid
ENSG00000127329_PTPRB,7.677357236,mid
ENSG00000226328_NUP50-DT,7.675292785,mid
ENSG00000170364_SETMAR,7.674774266,mid
ENSG00000183208_GDPGP1,7.673926448,mid
ENSG00000047579_DTNBP1,7.673184362,mid
ENSG00000154079_SDHAF4,7.671701254,mid
ENSG00000177096_PHETA2,7.670688585,mid
ENSG00000050344_NFE2L3,7.670515232,mid
ENSG00000148835_TAF5,7.670264386,mid
ENSG00000273590_SMIM11B,7.669275358,mid
ENSG00000223960_CHROMR,7.66923263,mid
ENSG00000231607_DLEU2,7.668255149,mid
ENSG00000137880_GCHFR,7.667589172,mid
ENSG00000271533_Z83843.1,7.666695851,mid
ENSG00000204228_HSD17B8,7.666212056,mid
ENSG00000106089_STX1A,7.666133019,mid
ENSG00000163328_GPR155,7.66585494,mid
ENSG00000196159_FAT4,7.665222158,mid
ENSG00000197019_SERTAD1,7.664695953,mid
ENSG00000169914_OTUD3,7.664476503,mid
ENSG00000211448_DIO2,7.66443622,mid
ENSG00000008382_MPND,7.663868334,mid
ENSG00000160993_ALKBH4,7.663539451,mid
ENSG00000283154_IQCJ-SCHIP1,7.663318099,mid
ENSG00000007255_TRAPPC6A,7.66293511,mid
ENSG00000135048_CEMIP2,7.661994471,mid
ENSG00000125457_MIF4GD,7.661343383,mid
ENSG00000168734_PKIG,7.66097731,mid
ENSG00000136098_NEK3,7.660803026,mid
ENSG00000256043_CTSO,7.660801968,mid
ENSG00000143507_DUSP10,7.660755015,mid
ENSG00000166845_C18orf54,7.659503924,mid
ENSG00000005238_FAM214B,7.658670806,mid
ENSG00000128342_LIF,7.656121308,mid
ENSG00000235954_TTC28-AS1,7.655711173,mid
ENSG00000172164_SNTB1,7.655404472,mid
ENSG00000196967_ZNF585A,7.655143335,mid
ENSG00000214941_ZSWIM7,7.654752962,mid
ENSG00000168010_ATG16L2,7.654377737,mid
ENSG00000156345_CDK20,7.654235273,mid
ENSG00000158055_GRHL3,7.653997698,mid
ENSG00000274180_NATD1,7.653922714,mid
ENSG00000171612_SLC25A33,7.652701402,mid
ENSG00000169239_CA5B,7.649736003,mid
ENSG00000184898_RBM43,7.648931121,mid
ENSG00000142227_EMP3,7.6487707,mid
ENSG00000158792_SPATA2L,7.646619887,mid
ENSG00000130720_FIBCD1,7.645883878,mid
ENSG00000123219_CENPK,7.645199518,mid
ENSG00000135596_MICAL1,7.644138507,mid
ENSG00000196267_ZNF836,7.64395287,mid
ENSG00000156398_SFXN2,7.643807284,mid
ENSG00000198814_GK,7.643389705,mid
ENSG00000182836_PLCXD3,7.643360578,mid
ENSG00000108641_B9D1,7.643081383,mid
ENSG00000160226_CFAP410,7.641155691,mid
ENSG00000182134_TDRKH,7.640971214,mid
ENSG00000056277_ZNF280C,7.640021398,mid
ENSG00000115507_OTX1,7.639925202,mid
ENSG00000116809_ZBTB17,7.639209759,mid
ENSG00000198496_NBR2,7.636552873,mid
ENSG00000100784_RPS6KA5,7.636492288,mid
ENSG00000164162_ANAPC10,7.636117533,mid
ENSG00000153234_NR4A2,7.635017309,mid
ENSG00000226137_BAIAP2-DT,7.634324865,mid
ENSG00000135205_CCDC146,7.633651213,mid
ENSG00000182165_TP53TG1,7.632579151,mid
ENSG00000179598_PLD6,7.632185573,mid
ENSG00000048052_HDAC9,7.63186118,mid
ENSG00000163734_CXCL3,7.630545366,mid
ENSG00000243364_EFNA4,7.629234811,mid
ENSG00000161551_ZNF577,7.627423021,mid
ENSG00000058453_CROCC,7.625443302,mid
ENSG00000171169_NAIF1,7.625156619,mid
ENSG00000157350_ST3GAL2,7.625108841,mid
ENSG00000147592_LACTB2,7.625002755,mid
ENSG00000130600_H19,7.624900502,mid
ENSG00000177989_ODF3B,7.623574107,mid
ENSG00000143578_CREB3L4,7.621819873,mid
ENSG00000182318_ZSCAN22,7.621430451,mid
ENSG00000107020_PLGRKT,7.619008537,mid
ENSG00000182179_UBA7,7.618953491,mid
ENSG00000280383_Z95331.1,7.617928917,mid
ENSG00000157881_PANK4,7.615358591,mid
ENSG00000167393_PPP2R3B,7.614768185,mid
ENSG00000164056_SPRY1,7.614429128,mid
ENSG00000259623_AC125257.1,7.612092432,mid
ENSG00000270504_AL391422.4,7.611883512,mid
ENSG00000259959_AC107068.1,7.611701873,mid
ENSG00000127452_FBXL12,7.611608454,mid
ENSG00000063761_ADCK1,7.610352132,mid
ENSG00000138030_KHK,7.60988096,mid
ENSG00000116661_FBXO2,7.6092489,mid
ENSG00000198535_C2CD4A,7.608728771,mid
ENSG00000023608_SNAPC1,7.607084348,mid
ENSG00000180257_ZNF816,7.606820802,mid
ENSG00000142185_TRPM2,7.606407153,mid
ENSG00000167377_ZNF23,7.605846602,mid
ENSG00000236901_MIR600HG,7.605171156,mid
ENSG00000130748_TMEM160,7.60462879,mid
ENSG00000170745_KCNS3,7.604286142,mid
ENSG00000259431_THTPA,7.602129949,mid
ENSG00000116525_TRIM62,7.601133631,mid
ENSG00000169750_RAC3,7.60068967,mid
ENSG00000160781_PAQR6,7.599199183,mid
ENSG00000138678_GPAT3,7.597762223,mid
ENSG00000257337_AC068888.1,7.597214172,mid
ENSG00000085831_TTC39A,7.596407638,mid
ENSG00000127419_TMEM175,7.5945131,mid
ENSG00000165886_UBTD1,7.59400823,mid
ENSG00000041880_PARP3,7.593369185,mid
ENSG00000138735_PDE5A,7.593131209,mid
ENSG00000175984_DENND2C,7.592038784,mid
ENSG00000186026_ZNF284,7.591975414,mid
ENSG00000186638_KIF24,7.591794127,mid
ENSG00000185220_PGBD2,7.590921549,mid
ENSG00000149743_TRPT1,7.590602632,mid
ENSG00000149809_TM7SF2,7.588589713,mid
ENSG00000254093_PINX1,7.584471727,mid
ENSG00000243279_PRAF2,7.582825975,mid
ENSG00000197062_ZSCAN26,7.58233403,mid
ENSG00000178700_DHFR2,7.58106879,mid
ENSG00000166173_LARP6,7.580998346,mid
ENSG00000187792_ZNF70,7.578340035,mid
ENSG00000126368_NR1D1,7.578108714,mid
ENSG00000165801_ARHGEF40,7.577262189,mid
ENSG00000227403_LINC01806,7.577048512,mid
ENSG00000167705_RILP,7.576769882,mid
ENSG00000135622_SEMA4F,7.576757899,mid
ENSG00000140025_EFCAB11,7.575266385,mid
ENSG00000178585_CTNNBIP1,7.574965769,mid
ENSG00000231721_LINC-PINT,7.574602235,mid
ENSG00000167840_ZNF232,7.570611568,mid
ENSG00000228672_PROB1,7.569260433,mid
ENSG00000175182_FAM131A,7.568065142,mid
ENSG00000273344_PAXIP1-AS1,7.567696386,mid
ENSG00000196081_ZNF724,7.566743787,mid
ENSG00000110002_VWA5A,7.566337062,mid
ENSG00000224870_MRPL20-AS1,7.566059571,mid
ENSG00000159423_ALDH4A1,7.566047055,mid
ENSG00000274512_TBC1D3L,7.565071164,mid
ENSG00000164087_POC1A,7.564368567,mid
ENSG00000013619_MAMLD1,7.563465231,mid
ENSG00000164430_CGAS,7.562719098,mid
ENSG00000261804_AC007342.4,7.560677172,mid
ENSG00000170260_ZNF212,7.558322743,mid
ENSG00000141750_STAC2,7.557850672,mid
ENSG00000170379_TCAF2,7.55777446,mid
ENSG00000197191_CYSRT1,7.557716455,mid
ENSG00000204410_MSH5,7.557417279,mid
ENSG00000101624_CEP76,7.557144631,mid
ENSG00000130475_FCHO1,7.556579024,mid
ENSG00000232434_AJM1,7.556277603,mid
ENSG00000120885_CLU,7.555688385,mid
ENSG00000100629_CEP128,7.554952904,mid
ENSG00000135338_LCA5,7.554918739,mid
ENSG00000179240_GVQW3,7.554695123,mid
ENSG00000100319_ZMAT5,7.554436076,mid
ENSG00000131153_GINS2,7.554216816,mid
ENSG00000142102_PGGHG,7.55299639,mid
ENSG00000186871_ERCC6L,7.552728742,mid
ENSG00000075826_SEC31B,7.552101631,mid
ENSG00000135537_AFG1L,7.552021275,mid
ENSG00000171097_KYAT1,7.55152028,mid
ENSG00000178922_HYI,7.551286522,mid
ENSG00000171488_LRRC8C,7.549636311,mid
ENSG00000064205_CCN5,7.549443099,mid
ENSG00000102384_CENPI,7.549212053,mid
ENSG00000106366_SERPINE1,7.549136126,mid
ENSG00000124370_MCEE,7.548872472,mid
ENSG00000181938_GINS3,7.547888313,mid
ENSG00000135111_TBX3,7.547843616,mid
ENSG00000036672_USP2,7.547499873,mid
ENSG00000111846_GCNT2,7.547427114,mid
ENSG00000196172_ZNF681,7.546790691,mid
ENSG00000260772_AC012321.1,7.542860866,mid
ENSG00000134901_POGLUT2,7.54203948,mid
ENSG00000246273_SBF2-AS1,7.541215754,mid
ENSG00000198346_ZNF813,7.540358048,mid
ENSG00000139173_TMEM117,7.540183349,mid
ENSG00000161647_MPP3,7.539754092,mid
ENSG00000119686_FLVCR2,7.539397138,mid
ENSG00000172613_RAD9A,7.538631933,mid
ENSG00000265817_FSBP,7.538554575,mid
ENSG00000213928_IRF9,7.537802005,mid
ENSG00000197857_ZNF44,7.537715565,mid
ENSG00000243414_TICAM2,7.537469347,mid
ENSG00000172478_MAB21L4,7.535854219,mid
ENSG00000197279_ZNF165,7.534462674,mid
ENSG00000245556_SCAMP1-AS1,7.533886367,mid
ENSG00000119965_C10orf88,7.533404078,mid
ENSG00000110171_TRIM3,7.532774281,mid
ENSG00000084444_FAM234B,7.532659441,mid
ENSG00000259583_AC015712.2,7.531601985,mid
ENSG00000187244_BCAM,7.530040951,mid
ENSG00000188312_CENPP,7.528493912,mid
ENSG00000007944_MYLIP,7.526748372,mid
ENSG00000112511_PHF1,7.526550206,mid
ENSG00000185670_ZBTB3,7.525343041,mid
ENSG00000175592_FOSL1,7.525278002,mid
ENSG00000169087_HSPBAP1,7.524269993,mid
ENSG00000198933_TBKBP1,7.521326858,mid
ENSG00000167487_KLHL26,7.520973766,mid
ENSG00000221909_FAM200A,7.520576478,mid
ENSG00000103021_CCDC113,7.520352975,mid
ENSG00000073910_FRY,7.517650662,mid
ENSG00000047597_XK,7.515648523,mid
ENSG00000156689_GLYATL2,7.515636376,mid
ENSG00000184205_TSPYL2,7.515448446,mid
ENSG00000114670_NEK11,7.515147067,mid
ENSG00000260852_FBXL19-AS1,7.514333232,mid
ENSG00000121775_TMEM39B,7.513781349,mid
ENSG00000151657_KIN,7.513629653,mid
ENSG00000164306_PRIMPOL,7.512348476,mid
ENSG00000152422_XRCC4,7.510927418,mid
ENSG00000235194_PPP1R3E,7.510830327,mid
ENSG00000178096_BOLA1,7.510793906,mid
ENSG00000230724_LINC01001,7.509887161,mid
ENSG00000116117_PARD3B,7.509885312,mid
ENSG00000168765_GSTM4,7.509412786,mid
ENSG00000174951_FUT1,7.509041001,mid
ENSG00000092208_GEMIN2,7.508929093,mid
ENSG00000151623_NR3C2,7.508816047,mid
ENSG00000005001_PRSS22,7.50868493,mid
ENSG00000213638_ADAT3,7.507664251,mid
ENSG00000267534_S1PR2,7.507612386,mid
ENSG00000188959_C9orf152,7.507519756,mid
ENSG00000158286_RNF207,7.507354718,mid
ENSG00000104221_BRF2,7.50668765,mid
ENSG00000151876_FBXO4,7.506608028,mid
ENSG00000160284_SPATC1L,7.505261183,mid
ENSG00000178776_C5orf46,7.503370506,mid
ENSG00000253982_AC100810.1,7.503281856,mid
ENSG00000250312_ZNF718,7.500935596,mid
ENSG00000109674_NEIL3,7.500192062,mid
ENSG00000179965_ZNF771,7.499511424,mid
ENSG00000149929_HIRIP3,7.497153181,mid
ENSG00000242715_CCDC169,7.494854061,mid
ENSG00000256683_ZNF350,7.494419788,mid
ENSG00000231131_LNCAROD,7.493448069,mid
ENSG00000053501_USE1,7.49332379,mid
ENSG00000185019_UBOX5,7.492475512,mid
ENSG00000198157_HMGN5,7.491487885,mid
ENSG00000197128_ZNF772,7.491239311,mid
ENSG00000083750_RRAGB,7.491024785,mid
ENSG00000127946_HIP1,7.489529467,mid
ENSG00000234171_RNASEH1-AS1,7.485691788,mid
ENSG00000175556_LONRF3,7.484749388,mid
ENSG00000196597_ZNF782,7.481942328,mid
ENSG00000165591_FAAH2,7.481473615,mid
ENSG00000152503_TRIM36,7.480323305,mid
ENSG00000107614_TRDMT1,7.479438737,mid
ENSG00000189298_ZKSCAN3,7.47942676,mid
ENSG00000160325_CACFD1,7.476574007,mid
ENSG00000106868_SUSD1,7.476572394,mid
ENSG00000111247_RAD51AP1,7.473930216,mid
ENSG00000186272_ZNF17,7.473592187,mid
ENSG00000001460_STPG1,7.471787333,mid
ENSG00000137720_C11orf1,7.471667744,mid
ENSG00000186153_WWOX,7.471345864,mid
ENSG00000143498_TAF1A,7.471162213,mid
ENSG00000168993_CPLX1,7.469775687,mid
ENSG00000187815_ZFP69,7.468532483,mid
ENSG00000172167_MTBP,7.468443855,mid
ENSG00000112877_CEP72,7.468213653,mid
ENSG00000261167_AC107027.3,7.467384944,mid
ENSG00000173846_PLK3,7.466411669,mid
ENSG00000136869_TLR4,7.46484997,mid
ENSG00000260804_LINC01963,7.461237342,mid
ENSG00000184305_CCSER1,7.46043163,mid
ENSG00000266208_AC080112.1,7.459856199,mid
ENSG00000164002_EXO5,7.459827157,mid
ENSG00000186523_FAM86B1,7.458483033,mid
ENSG00000133111_RFXAP,7.458213499,mid
ENSG00000067221_STOML1,7.457838942,mid
ENSG00000171914_TLN2,7.457740146,mid
ENSG00000197885_NKIRAS1,7.457430395,mid
ENSG00000140463_BBS4,7.457142869,mid
ENSG00000027075_PRKCH,7.457126438,mid
ENSG00000171843_MLLT3,7.456945647,mid
ENSG00000144935_TRPC1,7.456814201,mid
ENSG00000138380_CARF,7.453923954,mid
ENSG00000261799_AC007406.5,7.453576405,mid
ENSG00000130956_HABP4,7.453542541,mid
ENSG00000170915_PAQR8,7.453032786,mid
ENSG00000239523_MYLK-AS1,7.451943748,mid
ENSG00000197951_ZNF71,7.451559097,mid
ENSG00000109220_CHIC2,7.450487979,mid
ENSG00000178878_APOLD1,7.449755133,mid
ENSG00000171806_METTL18,7.449020282,mid
ENSG00000126016_AMOT,7.444760456,mid
ENSG00000135919_SERPINE2,7.443701822,mid
ENSG00000187609_EXD3,7.442308954,mid
ENSG00000014257_ACPP,7.442136042,mid
ENSG00000169951_ZNF764,7.442128152,mid
ENSG00000131771_PPP1R1B,7.441361769,mid
ENSG00000283103_AC010642.2,7.440888298,mid
ENSG00000182118_FAM89A,7.440472693,mid
ENSG00000215068_AC025171.2,7.433341761,mid
ENSG00000162004_CCDC78,7.433038285,mid
ENSG00000278224_PRICKLE4,7.432461277,mid
ENSG00000081041_CXCL2,7.431682128,mid
ENSG00000101104_PABPC1L,7.431638042,mid
ENSG00000107159_CA9,7.431359863,mid
ENSG00000163686_ABHD6,7.429865156,mid
ENSG00000239382_ALKBH6,7.429671777,mid
ENSG00000101298_SNPH,7.429535824,mid
ENSG00000137135_ARHGEF39,7.427356935,mid
ENSG00000172731_LRRC20,7.427149861,mid
ENSG00000105072_C19orf44,7.425878315,mid
ENSG00000197050_ZNF420,7.424416239,mid
ENSG00000183098_GPC6,7.424225441,mid
ENSG00000158717_RNF166,7.424135147,mid
ENSG00000106268_NUDT1,7.423729814,mid
ENSG00000158555_GDPD5,7.422948195,mid
ENSG00000176749_CDK5R1,7.422353013,mid
ENSG00000040608_RTN4R,7.421471157,mid
ENSG00000198624_CCDC69,7.421182272,mid
ENSG00000240204_SMKR1,7.419701251,mid
ENSG00000136854_STXBP1,7.419641857,mid
ENSG00000011021_CLCN6,7.418695328,mid
ENSG00000108423_TUBD1,7.41829484,mid
ENSG00000008128_CDK11A,7.41715419,mid
ENSG00000197978_GOLGA6L9,7.415051335,mid
ENSG00000150456_EEF1AKMT1,7.415025142,mid
ENSG00000161692_DBF4B,7.414815217,mid
ENSG00000112186_CAP2,7.414751041,mid
ENSG00000174446_SNAPC5,7.414585368,mid
ENSG00000135124_P2RX4,7.411070843,mid
ENSG00000151287_TEX30,7.409494851,mid
ENSG00000213903_LTB4R,7.40875453,mid
ENSG00000196812_ZSCAN16,7.40844527,mid
ENSG00000267321_SNHG30,7.405029737,mid
ENSG00000182362_YBEY,7.404944647,mid
ENSG00000102543_CDADC1,7.404806343,mid
ENSG00000189362_NEMP2,7.404135476,mid
ENSG00000188290_HES4,7.403746473,mid
ENSG00000248994_AC124852.1,7.40321567,mid
ENSG00000282508_LINC01002,7.403074972,mid
ENSG00000102781_KATNAL1,7.402458599,mid
ENSG00000260711_AL121839.2,7.400582812,mid
ENSG00000129038_LOXL1,7.39953789,mid
ENSG00000142279_WTIP,7.398350572,mid
ENSG00000204576_PRR3,7.398147953,mid
ENSG00000180425_C11orf71,7.396221393,mid
ENSG00000168016_TRANK1,7.395765163,mid
ENSG00000124743_KLHL31,7.394582161,mid
ENSG00000283199_C13orf46,7.394440075,mid
ENSG00000229989_MIR181A1HG,7.392423029,mid
ENSG00000186665_C17orf58,7.39156125,mid
ENSG00000189042_ZNF567,7.390288868,mid
ENSG00000281026_N4BP2L2-IT2,7.389280164,mid
ENSG00000233757_AC092835.1,7.388962682,mid
ENSG00000109944_JHY,7.388350896,mid
ENSG00000233695_GAS6-AS1,7.386874688,mid
ENSG00000251095_AC093866.1,7.383336329,mid
ENSG00000117242_PINK1-AS,7.38306891,mid
ENSG00000130813_SHFL,7.382314421,mid
ENSG00000093009_CDC45,7.382042743,mid
ENSG00000108733_PEX12,7.379582632,mid
ENSG00000165490_DDIAS,7.3793371,mid
ENSG00000256294_ZNF225,7.378613035,mid
ENSG00000160055_TMEM234,7.378567786,mid
ENSG00000025039_RRAGD,7.377689251,mid
ENSG00000088002_SULT2B1,7.375790036,mid
ENSG00000164236_ANKRD33B,7.374424867,mid
ENSG00000138411_HECW2,7.374296436,mid
ENSG00000174365_SNHG11,7.373927099,mid
ENSG00000224660_SH3BP5-AS1,7.373349055,mid
ENSG00000176371_ZSCAN2,7.372265237,mid
ENSG00000105523_FAM83E,7.37216764,mid
ENSG00000228594_FNDC10,7.371103389,mid
ENSG00000227124_ZNF717,7.370199908,mid
ENSG00000249437_NAIP,7.36902419,mid
ENSG00000237330_RNF223,7.368414552,mid
ENSG00000099330_OCEL1,7.368330659,mid
ENSG00000249709_ZNF564,7.367233704,mid
ENSG00000130775_THEMIS2,7.3666003,mid
ENSG00000197933_ZNF823,7.362409362,mid
ENSG00000143867_OSR1,7.361018934,mid
ENSG00000164741_DLC1,7.360790926,mid
ENSG00000167578_RAB4B,7.360361285,mid
ENSG00000156218_ADAMTSL3,7.359637782,mid
ENSG00000100417_PMM1,7.359293665,mid
ENSG00000167799_NUDT8,7.35918897,mid
ENSG00000183671_GPR1,7.357981049,mid
ENSG00000234602_MCIDAS,7.357384469,mid
ENSG00000105619_TFPT,7.356665709,mid
ENSG00000105866_SP4,7.356390595,mid
ENSG00000120093_HOXB3,7.356199067,mid
ENSG00000189283_FHIT,7.354534973,mid
ENSG00000104983_CCDC61,7.354485942,mid
ENSG00000171970_ZNF57,7.35023818,mid
ENSG00000221944_TIGD1,7.349986226,mid
ENSG00000112425_EPM2A,7.348343201,mid
ENSG00000144134_RABL2A,7.348084087,mid
ENSG00000125735_TNFSF14,7.348057195,mid
ENSG00000179859_RNF227,7.347395376,mid
ENSG00000148225_WDR31,7.345360594,mid
ENSG00000137878_GCOM1,7.344165306,mid
ENSG00000172243_CLEC7A,7.343931754,mid
ENSG00000167523_SPATA33,7.341186344,mid
ENSG00000185453_ZSWIM9,7.339125771,mid
ENSG00000145476_CYP4V2,7.338697441,mid
ENSG00000141682_PMAIP1,7.338596915,mid
ENSG00000128805_ARHGAP22,7.3382646,mid
ENSG00000120370_GORAB,7.337932463,mid
ENSG00000113734_BNIP1,7.337079711,mid
ENSG00000086548_CEACAM6,7.337054183,mid
ENSG00000042317_SPATA7,7.336001324,mid
ENSG00000106123_EPHB6,7.333334422,mid
ENSG00000277991_FP236241.1,7.332462453,mid
ENSG00000133321_PLAAT4,7.331327382,mid
ENSG00000184922_FMNL1,7.329778669,mid
ENSG00000136842_TMOD1,7.329513609,mid
ENSG00000148950_IMMP1L,7.329465194,mid
ENSG00000280693_SH3PXD2A-AS1,7.326948438,mid
ENSG00000180626_ZNF594,7.326910482,mid
ENSG00000205002_AARD,7.325220374,mid
ENSG00000119946_CNNM1,7.324993301,mid
ENSG00000173480_ZNF417,7.323525704,mid
ENSG00000204172_AGAP9,7.322788117,mid
ENSG00000197863_ZNF790,7.322422892,mid
ENSG00000013392_RWDD2A,7.320730546,mid
ENSG00000274349_ZNF658,7.320372824,mid
ENSG00000122507_BBS9,7.318580804,mid
ENSG00000271133_AC004130.2,7.318514465,mid
ENSG00000141642_ELAC1,7.316997948,mid
ENSG00000122862_SRGN,7.316284799,mid
ENSG00000103490_PYCARD,7.315500932,mid
ENSG00000203644_AC083799.1,7.313219826,mid
ENSG00000164308_ERAP2,7.313021176,mid
ENSG00000034533_ASTE1,7.312096089,mid
ENSG00000116717_GADD45A,7.311856491,mid
ENSG00000254901_BORCS8,7.311737501,mid
ENSG00000068971_PPP2R5B,7.311095043,mid
ENSG00000249673_NOP14-AS1,7.309095971,mid
ENSG00000121211_MND1,7.307949639,mid
ENSG00000163898_LIPH,7.307378766,mid
ENSG00000224914_LINC00863,7.30713066,mid
ENSG00000102362_SYTL4,7.306748781,mid
ENSG00000186615_KTN1-AS1,7.305191191,mid
ENSG00000215784_FAM72D,7.304429528,mid
ENSG00000123689_G0S2,7.300156745,mid
ENSG00000263072_ZNF213-AS1,7.299971287,mid
ENSG00000197757_HOXC6,7.299573254,mid
ENSG00000164011_ZNF691,7.299402257,mid
ENSG00000144115_THNSL2,7.298540526,mid
ENSG00000171621_SPSB1,7.298151003,mid
ENSG00000198948_MFAP3L,7.297089789,mid
ENSG00000121903_ZSCAN20,7.295336042,mid
ENSG00000182518_FAM104B,7.295212969,mid
ENSG00000169379_ARL13B,7.295021535,mid
ENSG00000100292_HMOX1,7.294229615,mid
ENSG00000175854_SWI5,7.293631235,mid
ENSG00000286388_AC026748.3,7.292892908,mid
ENSG00000164663_USP49,7.292738242,mid
ENSG00000124882_EREG,7.292668475,mid
ENSG00000237651_C2orf74,7.292123424,mid
ENSG00000155760_FZD7,7.291924967,mid
ENSG00000197275_RAD54B,7.289860228,mid
ENSG00000162650_ATXN7L2,7.289390556,mid
ENSG00000133247_KMT5C,7.288376371,mid
ENSG00000235314_LINC00957,7.288239967,mid
ENSG00000079150_FKBP7,7.287536629,mid
ENSG00000137834_SMAD6,7.286271068,mid
ENSG00000169129_AFAP1L2,7.286224503,mid
ENSG00000079335_CDC14A,7.28562488,mid
ENSG00000179523_EIF3J-DT,7.285081102,mid
ENSG00000167676_PLIN4,7.284469342,mid
ENSG00000260267_AC026471.1,7.282509937,mid
ENSG00000168556_ING2,7.282489508,mid
ENSG00000112357_PEX7,7.282210479,mid
ENSG00000165359_INTS6L,7.281004663,mid
ENSG00000245849_RAD51-AS1,7.279484412,mid
ENSG00000136828_RALGPS1,7.279203688,mid
ENSG00000116691_MIIP,7.279125718,mid
ENSG00000285796_AL162458.1,7.27862176,mid
ENSG00000176809_LRRC37A3,7.278260973,mid
ENSG00000171729_TMEM51,7.277921251,mid
ENSG00000110492_MDK,7.277886859,mid
ENSG00000173275_ZNF449,7.276244989,mid
ENSG00000112276_BVES,7.275760662,mid
ENSG00000105991_HOXA1,7.275472684,mid
ENSG00000198298_ZNF485,7.275226725,mid
ENSG00000131591_C1orf159,7.273421338,mid
ENSG00000260528_FAM157C,7.273385899,mid
ENSG00000160404_TOR2A,7.272570829,mid
ENSG00000105649_RAB3A,7.270947912,mid
ENSG00000168067_MAP4K2,7.270510362,mid
ENSG00000127720_METTL25,7.270144155,mid
ENSG00000253552_HOXA-AS2,7.269838663,mid
ENSG00000162927_PUS10,7.269817949,mid
ENSG00000078401_EDN1,7.267638423,mid
ENSG00000174456_C12orf76,7.267398672,mid
ENSG00000267100_ILF3-DT,7.265355049,mid
ENSG00000183762_KREMEN1,7.264626339,mid
ENSG00000258301_VASH1-AS1,7.264120811,mid
ENSG00000135899_SP110,7.262227933,mid
ENSG00000081665_ZNF506,7.262019344,mid
ENSG00000147118_ZNF182,7.261544944,mid
ENSG00000158050_DUSP2,7.260988951,mid
ENSG00000196408_NOXO1,7.260417988,mid
ENSG00000076662_ICAM3,7.259428571,mid
ENSG00000133250_ZNF414,7.2568655,mid
ENSG00000148803_FUOM,7.256201796,mid
ENSG00000198937_CCDC167,7.256125328,mid
ENSG00000186567_CEACAM19,7.254658647,mid
ENSG00000136867_SLC31A2,7.253673163,mid
ENSG00000170222_ADPRM,7.252076474,mid
ENSG00000176692_FOXC2,7.251930953,mid
ENSG00000188610_FAM72B,7.251415184,mid
ENSG00000243708_PLA2G4B,7.250168488,mid
ENSG00000008311_AASS,7.248741757,mid
ENSG00000277150_F8A3,7.247670072,mid
ENSG00000138134_STAMBPL1,7.247409965,mid
ENSG00000159884_CCDC107,7.247165077,mid
ENSG00000166033_HTRA1,7.244425854,mid
ENSG00000231527_FAM27C,7.244120508,mid
ENSG00000206337_HCP5,7.243815159,mid
ENSG00000168269_FOXI1,7.242186423,mid
ENSG00000185513_L3MBTL1,7.241680484,mid
ENSG00000165338_HECTD2,7.240550072,mid
ENSG00000120647_CCDC77,7.240217539,mid
ENSG00000275221_HIST1H2AK,7.239735539,mid
ENSG00000111199_TRPV4,7.237038909,mid
ENSG00000139631_CSAD,7.23693115,mid
ENSG00000099999_RNF215,7.236851287,mid
ENSG00000254614_AP003068.2,7.234408447,mid
ENSG00000132781_MUTYH,7.234327615,mid
ENSG00000137267_TUBB2A,7.233183492,mid
ENSG00000197632_SERPINB2,7.231559247,mid
ENSG00000268471_MIR4453HG,7.230830701,mid
ENSG00000169193_CCDC126,7.229363489,mid
ENSG00000187049_TMEM216,7.228583358,mid
ENSG00000169740_ZNF32,7.228070317,mid
ENSG00000228065_LINC01515,7.226554824,mid
ENSG00000177144_NUDT4B,7.226495855,mid
ENSG00000184719_RNLS,7.224628615,mid
ENSG00000100162_CENPM,7.224590491,mid
ENSG00000275234_AC010503.4,7.22426626,mid
ENSG00000269937_AC093525.7,7.222162244,mid
ENSG00000139874_SSTR1,7.222109089,mid
ENSG00000265763_ZNF488,7.222077077,mid
ENSG00000110455_ACCS,7.222001,mid
ENSG00000229891_LINC01315,7.221638813,mid
ENSG00000213221_DNLZ,7.220774709,mid
ENSG00000125744_RTN2,7.21987988,mid
ENSG00000104899_AMH,7.219522812,mid
ENSG00000204516_MICB,7.219480035,mid
ENSG00000137103_TMEM8B,7.218630283,mid
ENSG00000145362_ANK2,7.217228798,mid
ENSG00000147509_RGS20,7.216981844,mid
ENSG00000100483_VCPKMT,7.213685358,mid
ENSG00000118777_ABCG2,7.213676254,mid
ENSG00000250722_SELENOP,7.212164761,mid
ENSG00000133106_EPSTI1,7.211119165,mid
ENSG00000168389_MFSD2A,7.211005254,mid
ENSG00000152229_PSTPIP2,7.209894401,mid
ENSG00000169598_DFFB,7.209060796,mid
ENSG00000270344_POC1B-AS1,7.208284319,mid
ENSG00000196275_GTF2IRD2,7.205864925,mid
ENSG00000214900_LINC01588,7.205320179,mid
ENSG00000204920_ZNF155,7.203564275,mid
ENSG00000188234_AGAP4,7.203288949,mid
ENSG00000120334_CENPL,7.203127126,mid
ENSG00000228526_MIR34AHG,7.201329251,mid
ENSG00000172927_MYEOV,7.200714152,mid
ENSG00000181619_GPR135,7.200417502,mid
ENSG00000213689_TREX1,7.199831232,mid
ENSG00000185436_IFNLR1,7.198824506,mid
ENSG00000185222_TCEAL9,7.198688186,mid
ENSG00000131459_GFPT2,7.197939355,mid
ENSG00000105204_DYRK1B,7.197547574,mid
ENSG00000167720_SRR,7.196165747,mid
ENSG00000241852_C8orf58,7.195586686,mid
ENSG00000237172_B3GNT9,7.194714292,mid
ENSG00000102760_RGCC,7.191067727,mid
ENSG00000176681_LRRC37A,7.189694265,mid
ENSG00000234072_AC074117.1,7.188412333,mid
ENSG00000105136_ZNF419,7.187911632,mid
ENSG00000177868_SVBP,7.187030524,mid
ENSG00000212978_AC016747.1,7.186795302,mid
ENSG00000169220_RGS14,7.185241398,mid
ENSG00000087245_MMP2,7.185033538,mid
ENSG00000008323_PLEKHG6,7.183512272,mid
ENSG00000168152_THAP9,7.18326261,mid
ENSG00000169372_CRADD,7.180342323,mid
ENSG00000123094_RASSF8,7.17830966,mid
ENSG00000176531_PHLDB3,7.178243773,mid
ENSG00000001561_ENPP4,7.177002032,mid
ENSG00000164610_RP9,7.175469341,mid
ENSG00000205978_NYNRIN,7.173281953,mid
ENSG00000281332_LINC00997,7.172236851,mid
ENSG00000232593_KANTR,7.172176563,mid
ENSG00000183060_LYSMD4,7.166926815,mid
ENSG00000272142_AL359643.3,7.16669702,mid
ENSG00000110031_LPXN,7.166335984,mid
ENSG00000054983_GALC,7.165581991,mid
ENSG00000111885_MAN1A1,7.16494673,mid
ENSG00000187676_B3GLCT,7.16442744,mid
ENSG00000187017_ESPN,7.162897813,mid
ENSG00000150477_KIAA1328,7.16219104,mid
ENSG00000118402_ELOVL4,7.161298901,mid
ENSG00000041988_THAP3,7.161287927,mid
ENSG00000104147_OIP5,7.159677949,mid
ENSG00000176024_ZNF613,7.15872275,mid
ENSG00000102359_SRPX2,7.156569893,mid
ENSG00000121406_ZNF549,7.156192527,mid
ENSG00000139192_TAPBPL,7.155574969,mid
ENSG00000242474_AC093627.5,7.154549414,mid
ENSG00000140451_PIF1,7.153580642,mid
ENSG00000189144_ZNF573,7.153452595,mid
ENSG00000198908_BHLHB9,7.15272848,mid
ENSG00000237424_FOXD2-AS1,7.152023985,mid
ENSG00000205643_CDPF1,7.150635343,mid
ENSG00000197183_NOL4L,7.149613076,mid
ENSG00000172264_MACROD2,7.148979716,mid
ENSG00000188833_ENTPD8,7.148745153,mid
ENSG00000197261_C6orf141,7.147824677,mid
ENSG00000233006_MIR3936HG,7.147029635,mid
ENSG00000177854_TMEM187,7.145030274,mid
ENSG00000153814_JAZF1,7.144050615,mid
ENSG00000165626_BEND7,7.142741972,mid
ENSG00000156313_RPGR,7.141291035,mid
ENSG00000102878_HSF4,7.141088674,mid
ENSG00000114626_ABTB1,7.141035654,mid
ENSG00000136237_RAPGEF5,7.140621185,mid
ENSG00000148814_LRRC27,7.136212446,mid
ENSG00000229809_ZNF688,7.136170646,mid
ENSG00000163923_RPL39L,7.135873941,mid
ENSG00000106976_DNM1,7.134861601,mid
ENSG00000184227_ACOT1,7.13347636,mid
ENSG00000169249_ZRSR2,7.133289566,mid
ENSG00000276410_HIST1H2BB,7.131402506,mid
ENSG00000137691_CFAP300,7.130061757,mid
ENSG00000185885_IFITM1,7.127855088,mid
ENSG00000006047_YBX2,7.126331368,mid
ENSG00000049246_PER3,7.126196387,mid
ENSG00000171345_KRT19,7.124013607,mid
ENSG00000170417_TMEM182,7.122430936,mid
ENSG00000095539_SEMA4G,7.120137835,mid
ENSG00000139278_GLIPR1,7.119715393,mid
ENSG00000179542_SLITRK4,7.119358814,mid
ENSG00000120594_PLXDC2,7.118081235,mid
ENSG00000111850_SMIM8,7.117733594,mid
ENSG00000241322_CDRT1,7.117339265,mid
ENSG00000130487_KLHDC7B,7.11732938,mid
ENSG00000189164_ZNF527,7.116606861,mid
ENSG00000155542_SETD9,7.115947616,mid
ENSG00000160602_NEK8,7.113644934,mid
ENSG00000168661_ZNF30,7.113549242,mid
ENSG00000166896_ATP23,7.111308902,mid
ENSG00000156587_UBE2L6,7.110162093,mid
ENSG00000256060_TRAPPC2B,7.109581336,mid
ENSG00000147912_FBXO10,7.10770798,mid
ENSG00000100209_HSCB,7.107203367,mid
ENSG00000079337_RAPGEF3,7.106749116,mid
ENSG00000149260_CAPN5,7.106336164,mid
ENSG00000085999_RAD54L,7.10605981,mid
ENSG00000203993_ARRDC1-AS1,7.104530232,mid
ENSG00000104381_GDAP1,7.101889692,mid
ENSG00000100532_CGRRF1,7.100643263,mid
ENSG00000135951_TSGA10,7.100478822,mid
ENSG00000105516_DBP,7.100285179,mid
ENSG00000144182_LIPT1,7.098604548,mid
ENSG00000261512_AC092368.3,7.097269971,mid
ENSG00000279170_TSTD3,7.095524883,mid
ENSG00000099785_MARCH2,7.092852891,mid
ENSG00000182405_PGBD4,7.090535787,mid
ENSG00000204149_AGAP6,7.088389575,mid
ENSG00000272872_AP000525.1,7.086175912,mid
ENSG00000247572_CKMT2-AS1,7.086071289,mid
ENSG00000213906_LTB4R2,7.085218506,mid
ENSG00000204179_PTPN20,7.084785475,mid
ENSG00000270276_HIST2H4B,7.084510958,mid
ENSG00000137343_ATAT1,7.083710348,mid
ENSG00000143067_ZNF697,7.083013956,mid
ENSG00000197647_ZNF433,7.082468615,mid
ENSG00000164520_RAET1E,7.082146023,mid
ENSG00000137965_IFI44,7.081564101,mid
ENSG00000152766_ANKRD22,7.079517282,mid
ENSG00000121417_ZNF211,7.076882822,mid
ENSG00000196391_ZNF774,7.076786884,mid
ENSG00000235162_C12orf75,7.075425193,mid
ENSG00000075399_VPS9D1,7.074891488,mid
ENSG00000273703_HIST1H2BM,7.07221972,mid
ENSG00000243789_JMJD7,7.071247928,mid
ENSG00000254682_AP002387.2,7.071089256,mid
ENSG00000197472_ZNF695,7.070578244,mid
ENSG00000175643_RMI2,7.069895346,mid
ENSG00000275111_ZNF2,7.065001516,mid
ENSG00000166130_IKBIP,7.062117785,mid
ENSG00000140543_DET1,7.057377158,mid
ENSG00000167065_DUSP18,7.056307514,mid
ENSG00000198832_SELENOM,7.054930287,mid
ENSG00000125430_HS3ST3B1,7.054277117,mid
ENSG00000166002_SMCO4,7.054125637,mid
ENSG00000231187_AL356056.2,7.053982514,mid
ENSG00000037042_TUBG2,7.052335225,mid
ENSG00000174370_C11orf45,7.050705723,mid
ENSG00000181544_FANCB,7.050611974,mid
ENSG00000285517_AC010198.2,7.049664388,mid
ENSG00000166289_PLEKHF1,7.047984768,mid
ENSG00000127415_IDUA,7.047871574,mid
ENSG00000085465_OVGP1,7.047812799,mid
ENSG00000285043_AC093512.2,7.044693799,mid
ENSG00000177932_ZNF354C,7.042019552,mid
ENSG00000113108_APBB3,7.041266898,mid
ENSG00000167981_ZNF597,7.040365359,mid
ENSG00000168273_SMIM4,7.040286161,mid
ENSG00000135211_TMEM60,7.037924813,mid
ENSG00000185115_NSMCE3,7.036301171,mid
ENSG00000153291_SLC25A27,7.036054593,mid
ENSG00000249007_AL691482.3,7.035888592,mid
ENSG00000255455_AP003486.1,7.035886884,mid
ENSG00000256223_ZNF10,7.032883335,mid
ENSG00000161914_ZNF653,7.030581292,mid
ENSG00000115137_DNAJC27,7.029982293,mid
ENSG00000165879_FRAT1,7.029666458,mid
ENSG00000278637_HIST1H4A,7.028032088,mid
ENSG00000100196_KDELR3,7.027773857,mid
ENSG00000173614_NMNAT1,7.027750244,mid
ENSG00000147121_KRBOX4,7.02635948,mid
ENSG00000186787_SPIN2B,7.025470315,mid
ENSG00000106078_COBL,7.021157476,mid
ENSG00000152359_POC5,7.020541696,mid
ENSG00000185261_KIAA0825,7.018405069,mid
ENSG00000170919_TPT1-AS1,7.017688405,mid
ENSG00000095794_CREM,7.015092918,mid
ENSG00000151773_CCDC122,7.015088402,mid
ENSG00000288380_CRIPAK,7.014650885,mid
ENSG00000150054_MPP7,7.01398152,mid
ENSG00000214106_PAXIP1-AS2,7.01397313,mid
ENSG00000277142_LINC00235,7.013808988,mid
ENSG00000188277_C15orf62,7.013384978,mid
ENSG00000179304_FAM156B,7.012778799,mid
ENSG00000275074_NUDT18,7.012273536,mid
ENSG00000278175_GLIDR,7.011936894,mid
ENSG00000082482_KCNK2,7.010482155,mid
ENSG00000168907_PLA2G4F,7.009955072,mid
ENSG00000168961_LGALS9,7.00991449,mid
ENSG00000247400_DNAJC3-DT,7.009638561,mid
ENSG00000212864_RNF208,7.007640681,mid
ENSG00000246898_LINC00920,7.005241427,mid
ENSG00000197363_ZNF517,7.00510896,mid
ENSG00000183621_ZNF438,7.00343613,mid
ENSG00000185666_SYN3,7.003186425,mid
ENSG00000174928_C3orf33,7.002882657,mid
ENSG00000177946_CENPBD1,7.002564708,mid
ENSG00000271147_ARMCX5-GPRASP2,7.002110235,mid
ENSG00000267796_LIN37,6.997250452,mid
ENSG00000164296_TIGD6,6.996004806,mid
ENSG00000131351_HAUS8,6.993915849,mid
ENSG00000105227_PRX,6.993609965,mid
ENSG00000066248_NGEF,6.991597945,mid
ENSG00000267508_ZNF285,6.990194315,mid
ENSG00000106538_RARRES2,6.990045634,mid
ENSG00000143344_RGL1,6.987104955,mid
ENSG00000188542_DUSP28,6.986446532,mid
ENSG00000129194_SOX15,6.986218294,mid
ENSG00000287431_AC027601.6,6.986120038,mid
ENSG00000100147_CCDC134,6.984041764,mid
ENSG00000186300_ZNF555,6.983393582,mid
ENSG00000184979_USP18,6.982881342,mid
ENSG00000205269_TMEM170B,6.981610472,mid
ENSG00000235109_ZSCAN31,6.98085747,mid
ENSG00000196550_FAM72A,6.980199027,mid
ENSG00000100307_CBX7,6.979574348,mid
ENSG00000146350_TBC1D32,6.978694688,mid
ENSG00000174469_CNTNAP2,6.978113407,mid
ENSG00000109680_TBC1D19,6.976808322,mid
ENSG00000167105_TMEM92,6.975387197,mid
ENSG00000063180_CA11,6.97508457,mid
ENSG00000105750_ZNF85,6.974646144,mid
ENSG00000162194_LBHD1,6.974637955,mid
ENSG00000107105_ELAVL2,6.972832875,mid
ENSG00000121851_POLR3GL,6.971913239,mid
ENSG00000135929_CYP27A1,6.971543445,mid
ENSG00000175764_TTLL11,6.971348283,mid
ENSG00000114841_DNAH1,6.9705924,mid
ENSG00000184381_PLA2G6,6.969658475,mid
ENSG00000171236_LRG1,6.968463249,mid
ENSG00000272686_AC006333.2,6.967707382,mid
ENSG00000051180_RAD51,6.964071964,mid
ENSG00000139508_SLC46A3,6.963425209,mid
ENSG00000115363_EVA1A,6.963309584,mid
ENSG00000197576_HOXA4,6.960806192,mid
ENSG00000139974_SLC38A6,6.959879225,mid
ENSG00000179406_LINC00174,6.957496602,mid
ENSG00000178917_ZNF852,6.957234979,mid
ENSG00000204685_STARD7-AS1,6.956914247,mid
ENSG00000259976_AC093010.3,6.955885018,mid
ENSG00000203896_LIME1,6.955445922,mid
ENSG00000261786_AC006058.1,6.954355663,mid
ENSG00000178440_TIMM23B-AGAP6,6.954299388,mid
ENSG00000237187_NR2F1-AS1,6.953075249,mid
ENSG00000258659_TRIM34,6.952978451,mid
ENSG00000118162_KPTN,6.952747254,mid
ENSG00000121858_TNFSF10,6.952068363,mid
ENSG00000117009_KMO,6.949167128,mid
ENSG00000173890_GPR160,6.949057188,mid
ENSG00000203666_EFCAB2,6.947987517,mid
ENSG00000245060_LINC00847,6.947916161,mid
ENSG00000287839_AL353807.5,6.946471216,mid
ENSG00000204859_ZBTB48,6.945371038,mid
ENSG00000075213_SEMA3A,6.943267703,mid
ENSG00000140323_DISP2,6.942527985,mid
ENSG00000261971_MMP25-AS1,6.942447331,mid
ENSG00000255198_SNHG9,6.941405898,mid
ENSG00000157064_NMNAT2,6.940611507,mid
ENSG00000120693_SMAD9,6.937208115,mid
ENSG00000108960_MMD,6.937150992,mid
ENSG00000163093_BBS5,6.936356845,mid
ENSG00000274276_CBSL,6.935217002,mid
ENSG00000185158_LRRC37B,6.935035174,mid
ENSG00000160961_ZNF333,6.934054415,mid
ENSG00000170873_MTSS1,6.931816715,mid
ENSG00000169330_MINAR1,6.931687193,mid
ENSG00000226380_AC016831.1,6.931656062,mid
ENSG00000119917_IFIT3,6.929525548,mid
ENSG00000135916_ITM2C,6.929111571,mid
ENSG00000106688_SLC1A1,6.925781094,mid
ENSG00000183891_TTC32,6.925378621,mid
ENSG00000168038_ULK4,6.925304698,mid
ENSG00000185736_ADARB2,6.923910528,mid
ENSG00000196890_HIST3H2BB,6.923682846,mid
ENSG00000184500_PROS1,6.921672241,mid
ENSG00000156384_SFR1,6.916748111,mid
ENSG00000255154_HTD2,6.91654227,mid
ENSG00000137261_KIAA0319,6.91536143,mid
ENSG00000228801_AC064807.1,6.915321623,mid
ENSG00000172244_C5orf34,6.915208113,mid
ENSG00000180855_ZNF443,6.91391443,mid
ENSG00000198205_ZXDA,6.912440176,mid
ENSG00000132906_CASP9,6.911951887,mid
ENSG00000137404_NRM,6.911632405,mid
ENSG00000138621_PPCDC,6.911221411,mid
ENSG00000158125_XDH,6.905022401,mid
ENSG00000185909_KLHDC8B,6.904896936,mid
ENSG00000149300_C11orf52,6.904328383,mid
ENSG00000116668_SWT1,6.904059937,mid
ENSG00000137338_PGBD1,6.902564694,mid
ENSG00000143951_WDPCP,6.90243189,mid
ENSG00000116885_OSCP1,6.901221018,mid
ENSG00000188315_C3orf62,6.899188473,mid
ENSG00000179988_PSTK,6.898824009,mid
ENSG00000054179_ENTPD2,6.897279651,mid
ENSG00000228049_POLR2J2,6.89446771,mid
ENSG00000145147_SLIT2,6.891271563,mid
ENSG00000135838_NPL,6.890160724,mid
ENSG00000236333_TRHDE-AS1,6.889320338,mid
ENSG00000184949_FAM227A,6.888165562,mid
ENSG00000129521_EGLN3,6.887846145,mid
ENSG00000251615_AC104825.1,6.886286781,mid
ENSG00000127124_HIVEP3,6.884659831,mid
ENSG00000224389_C4B,6.882959914,mid
ENSG00000146410_MTFR2,6.881275904,mid
ENSG00000006042_TMEM98,6.881178328,mid
ENSG00000151651_ADAM8,6.880263258,mid
ENSG00000175279_CENPS,6.879802526,mid
ENSG00000033327_GAB2,6.879601091,mid
ENSG00000124406_ATP8A1,6.878570045,mid
ENSG00000159917_ZNF235,6.878134526,mid
ENSG00000272068_AL365181.2,6.876594198,mid
ENSG00000196689_TRPV1,6.875467934,mid
ENSG00000246582_AC100861.1,6.873522585,mid
ENSG00000119699_TGFB3,6.871977468,mid
ENSG00000198435_NRARP,6.871563175,mid
ENSG00000225828_FAM229A,6.87127108,mid
ENSG00000234899_SOX9-AS1,6.870187122,mid
ENSG00000281183_NPTN-IT1,6.870116821,mid
ENSG00000261801_LOXL1-AS1,6.868939213,mid
ENSG00000185798_WDR53,6.868826443,mid
ENSG00000214293_APTR,6.867918788,mid
ENSG00000231312_MAP4K3-DT,6.867527465,mid
ENSG00000116670_MAD2L2,6.867313006,mid
ENSG00000287906_AC127526.5,6.866818032,mid
ENSG00000152253_SPC25,6.865351409,mid
ENSG00000284491_THSD8,6.863711935,mid
ENSG00000038427_VCAN,6.862712743,mid
ENSG00000180806_HOXC9,6.862296674,mid
ENSG00000166529_ZSCAN21,6.861626398,mid
ENSG00000158402_CDC25C,6.861613919,mid
ENSG00000204618_RNF39,6.861264259,mid
ENSG00000261455_LINC01003,6.859716043,mid
ENSG00000281195_AC007878.1,6.859691274,mid
ENSG00000271643_AC112220.2,6.858263592,mid
ENSG00000173535_TNFRSF10C,6.855571158,mid
ENSG00000261116_AL049555.1,6.854736742,mid
ENSG00000126803_HSPA2,6.854474263,mid
ENSG00000165275_TRMT10B,6.854089355,mid
ENSG00000139880_CDH24,6.854007555,mid
ENSG00000143443_C1orf56,6.853109652,mid
ENSG00000257354_AC048341.1,6.851515885,mid
ENSG00000271976_AC012467.2,6.85028366,mid
ENSG00000166192_SENP8,6.85025604,mid
ENSG00000176399_DMRTA1,6.849740506,mid
ENSG00000239282_CASTOR1,6.849666522,mid
ENSG00000198556_ZNF789,6.849011524,mid
ENSG00000159214_CCDC24,6.845028917,mid
ENSG00000100100_PIK3IP1,6.844233815,mid
ENSG00000162804_SNED1,6.843837676,mid
ENSG00000237523_LINC00857,6.843518667,mid
ENSG00000074181_NOTCH3,6.841143198,mid
ENSG00000162636_FAM102B,6.837217789,mid
ENSG00000116761_CTH,6.836695919,mid
ENSG00000182359_KBTBD3,6.836402317,mid
ENSG00000197557_TTC30A,6.83248467,mid
ENSG00000253284_AC092828.1,6.830060729,mid
ENSG00000095585_BLNK,6.829668458,mid
ENSG00000221995_TIAF1,6.829035413,mid
ENSG00000182185_RAD51B,6.827467848,mid
ENSG00000111012_CYP27B1,6.826509601,mid
ENSG00000221994_ZNF630,6.826182882,mid
ENSG00000074590_NUAK1,6.825773821,mid
ENSG00000245571_FAM111A-DT,6.82264037,mid
ENSG00000177380_PPFIA3,6.821482538,mid
ENSG00000204315_FKBPL,6.81853437,mid
ENSG00000205659_LIN52,6.818092765,mid
ENSG00000188266_HYKK,6.81806603,mid
ENSG00000154309_DISP1,6.817162523,mid
ENSG00000131018_SYNE1,6.815114505,mid
ENSG00000285646_AL021155.5,6.811732555,mid
ENSG00000267317_AC027307.2,6.810119135,mid
ENSG00000116663_FBXO6,6.809500777,mid
ENSG00000101977_MCF2,6.807757586,mid
ENSG00000177432_NAP1L5,6.806593839,mid
ENSG00000223546_LINC00630,6.805114866,mid
ENSG00000213347_MXD3,6.804798655,mid
ENSG00000125246_CLYBL,6.802525909,mid
ENSG00000109472_CPE,6.801844524,mid
ENSG00000142794_NBPF3,6.801636015,mid
ENSG00000138166_DUSP5,6.80157159,mid
ENSG00000213999_MEF2B,6.800514418,mid
ENSG00000128872_TMOD2,6.79948395,mid
ENSG00000106665_CLIP2,6.797826217,mid
ENSG00000131080_EDA2R,6.795975147,mid
ENSG00000178386_ZNF223,6.795525327,mid
ENSG00000172456_FGGY,6.794188879,mid
ENSG00000102078_SLC25A14,6.792981721,mid
ENSG00000186564_FOXD2,6.792764331,mid
ENSG00000256628_ZBTB11-AS1,6.792666843,mid
ENSG00000237943_PRKCQ-AS1,6.792287625,mid
ENSG00000228340_MIR646HG,6.786593898,mid
ENSG00000266402_SNHG25,6.784720241,mid
ENSG00000171160_MORN4,6.781119286,mid
ENSG00000125650_PSPN,6.779808151,mid
ENSG00000247137_AP000873.2,6.779694021,mid
ENSG00000237440_ZNF737,6.779524443,mid
ENSG00000162062_TEDC2,6.777637473,mid
ENSG00000157570_TSPAN18,6.776295811,mid
ENSG00000179750_APOBEC3B,6.775774087,mid
ENSG00000174938_SEZ6L2,6.775532472,mid
ENSG00000122035_RASL11A,6.774832025,mid
ENSG00000260196_AC124798.1,6.77161749,mid
ENSG00000277462_ZNF670,6.770771482,mid
ENSG00000131848_ZSCAN5A,6.770723437,mid
ENSG00000287331_AC106045.1,6.768239035,mid
ENSG00000176170_SPHK1,6.767493572,mid
ENSG00000112852_PCDHB2,6.766707445,mid
ENSG00000147697_GSDMC,6.766423478,mid
ENSG00000179023_KLHDC7A,6.765913177,mid
ENSG00000173040_EVC2,6.765089602,mid
ENSG00000224186_C5orf66,6.764354244,mid
ENSG00000128886_ELL3,6.76311245,mid
ENSG00000116701_NCF2,6.762222932,mid
ENSG00000040487_SLC66A1,6.76087106,mid
ENSG00000175197_DDIT3,6.760841216,mid
ENSG00000158301_GPRASP2,6.760522047,mid
ENSG00000259943_AL050341.2,6.759364471,mid
ENSG00000115271_GCA,6.758835078,mid
ENSG00000284707_AC079781.5,6.757074608,mid
ENSG00000070371_CLTCL1,6.755628688,mid
ENSG00000166704_ZNF606,6.755523407,mid
ENSG00000168237_GLYCTK,6.755288951,mid
ENSG00000135605_TEC,6.754606394,mid
ENSG00000274020_LINC01138,6.751328093,mid
ENSG00000260924_LINC01311,6.751213445,mid
ENSG00000163376_KBTBD8,6.750373115,mid
ENSG00000263513_FAM72C,6.750072479,mid
ENSG00000100068_LRP5L,6.746963322,mid
ENSG00000114473_IQCG,6.746191502,mid
ENSG00000272316_AL021368.2,6.745710849,mid
ENSG00000180884_ZNF792,6.745618133,mid
ENSG00000175106_TVP23C,6.744805868,mid
ENSG00000088899_LZTS3,6.744032475,mid
ENSG00000099974_DDTL,6.742244753,mid
ENSG00000087903_RFX2,6.741672289,mid
ENSG00000178026_LRRC75B,6.740683233,mid
ENSG00000073605_GSDMB,6.739113286,mid
ENSG00000235863_B3GALT4,6.735407692,mid
ENSG00000100311_PDGFB,6.734520832,mid
ENSG00000275097_AC024940.6,6.733346273,mid
ENSG00000075702_WDR62,6.733203255,mid
ENSG00000037637_FBXO42,6.732566746,mid
ENSG00000186314_PRELID2,6.732224029,mid
ENSG00000115255_REEP6,6.730721965,mid
ENSG00000242028_HYPK,6.730525214,mid
ENSG00000014914_MTMR11,6.729527693,mid
ENSG00000135722_FBXL8,6.725955274,mid
ENSG00000165259_HDX,6.725458902,mid
ENSG00000287562_AL109615.4,6.725254946,mid
ENSG00000287222_AC234917.3,6.725194305,mid
ENSG00000113070_HBEGF,6.723401858,mid
ENSG00000158457_TSPAN33,6.720073756,mid
ENSG00000136235_GPNMB,6.718581905,mid
ENSG00000123154_WDR83,6.718282177,mid
ENSG00000198513_ATL1,6.717064938,mid
ENSG00000100478_AP4S1,6.716948035,mid
ENSG00000136383_ALPK3,6.716946141,mid
ENSG00000153294_ADGRF4,6.716489291,mid
ENSG00000119943_PYROXD2,6.715656884,mid
ENSG00000197872_FAM49A,6.714406199,mid
ENSG00000273420_AC008738.7,6.712296875,mid
ENSG00000185697_MYBL1,6.711950305,mid
ENSG00000261286_ATP2C2-AS1,6.710432806,mid
ENSG00000277476_AC005332.5,6.710008892,mid
ENSG00000148219_ASTN2,6.709348009,mid
ENSG00000197568_HHLA3,6.708459041,mid
ENSG00000287151_C2orf27A,6.707782995,mid
ENSG00000167034_NKX3-1,6.70711208,mid
ENSG00000182310_SPACA6,6.705637995,mid
ENSG00000136630_HLX,6.705405591,mid
ENSG00000163888_CAMK2N2,6.702812,mid
ENSG00000112293_GPLD1,6.700016919,mid
ENSG00000204682_MIR1915HG,6.699503878,mid
ENSG00000172650_AGAP5,6.696893289,mid
ENSG00000182871_COL18A1,6.696497511,mid
ENSG00000176473_WDR25,6.696411492,mid
ENSG00000247796_AC008966.1,6.695661432,mid
ENSG00000196284_SUPT3H,6.693883114,mid
ENSG00000019549_SNAI2,6.693091095,mid
ENSG00000173531_MST1,6.69265357,mid
ENSG00000225377_NRSN2-AS1,6.690416586,mid
ENSG00000114251_WNT5A,6.690095054,mid
ENSG00000160229_ZNF66,6.688275368,mid
ENSG00000136856_SLC2A8,6.688226864,mid
ENSG00000162105_SHANK2,6.687204623,mid
ENSG00000170464_DNAJC18,6.686997814,mid
ENSG00000166455_C16orf46,6.686971278,mid
ENSG00000134470_IL15RA,6.685625355,mid
ENSG00000139211_AMIGO2,6.68390985,mid
ENSG00000153896_ZNF599,6.681772744,mid
ENSG00000057704_TMCC3,6.680988581,mid
ENSG00000129195_PIMREG,6.680820843,mid
ENSG00000163638_ADAMTS9,6.680553997,mid
ENSG00000161558_TMEM143,6.67889589,mid
ENSG00000137462_TLR2,6.67801709,mid
ENSG00000114405_C3orf14,6.677379253,mid
ENSG00000260257_AL035071.1,6.677338989,mid
ENSG00000068079_IFI35,6.677178307,mid
ENSG00000083817_ZNF416,6.677131016,mid
ENSG00000196639_HRH1,6.677122074,mid
ENSG00000196684_HSH2D,6.677120615,mid
ENSG00000004399_PLXND1,6.675302412,mid
ENSG00000172006_ZNF554,6.673619878,mid
ENSG00000243335_KCTD7,6.672752664,mid
ENSG00000146707_POMZP3,6.671972465,mid
ENSG00000197816_CCDC180,6.671101766,mid
ENSG00000154274_C4orf19,6.667568333,mid
ENSG00000175471_MCTP1,6.667053727,mid
ENSG00000198453_ZNF568,6.663003358,mid
ENSG00000257815_AC025159.1,6.661288747,mid
ENSG00000135469_COQ10A,6.660932704,mid
ENSG00000172687_ZNF738,6.659872618,mid
ENSG00000132010_ZNF20,6.656274255,mid
ENSG00000083838_ZNF446,6.655297317,mid
ENSG00000178498_DTX3,6.6544854,mid
ENSG00000205670_SMIM11A,6.653745383,mid
ENSG00000256771_ZNF253,6.652806899,mid
ENSG00000175600_SUGCT,6.651184462,mid
ENSG00000177943_MAMDC4,6.649462116,mid
ENSG00000145029_NICN1,6.649089127,mid
ENSG00000151917_BEND6,6.648742472,mid
ENSG00000268895_A1BG-AS1,6.648493126,mid
ENSG00000016082_ISL1,6.646747748,mid
ENSG00000196646_ZNF136,6.644149796,mid
ENSG00000256061_DNAAF4,6.641267046,mid
ENSG00000286912_AC006008.1,6.638620475,mid
ENSG00000233223_AC016876.1,6.63651309,mid
ENSG00000165698_SPACA9,6.635721218,mid
ENSG00000284634_AC092821.3,6.634741013,mid
ENSG00000166819_PLIN1,6.634610514,mid
ENSG00000112769_LAMA4,6.630839111,mid
ENSG00000214447_FAM187A,6.630271159,mid
ENSG00000171509_RXFP1,6.629922016,mid
ENSG00000186212_SOWAHB,6.627362688,mid
ENSG00000253187_HOXA10-AS,6.62595804,mid
ENSG00000233937_AC008443.1,6.625950261,mid
ENSG00000121104_FAM117A,6.625281615,mid
ENSG00000273247_AC097376.3,6.62447106,mid
ENSG00000231566_LINC02595,6.623296996,mid
ENSG00000160712_IL6R,6.622197491,mid
ENSG00000158163_DZIP1L,6.620963436,mid
ENSG00000168071_CCDC88B,6.619643015,mid
ENSG00000181418_DDN,6.618976354,mid
ENSG00000134222_PSRC1,6.61513724,mid
ENSG00000149679_CABLES2,6.613951903,mid
ENSG00000125841_NRSN2,6.611953641,mid
ENSG00000138606_SHF,6.610111429,mid
ENSG00000285508_AL034430.1,6.609018062,mid
ENSG00000254837_AP001372.2,6.608689647,mid
ENSG00000140682_TGFB1I1,6.60680111,mid
ENSG00000259768_AC004943.2,6.606101527,mid
ENSG00000160233_LRRC3,6.603721167,mid
ENSG00000068985_PAGE1,6.603351466,mid
ENSG00000254860_TMEM9B-AS1,6.597539412,mid
ENSG00000173917_HOXB2,6.596927385,mid
ENSG00000155265_GOLGA7B,6.5968696,mid
ENSG00000274925_ZKSCAN2-DT,6.595115286,mid
ENSG00000106686_SPATA6L,6.594287486,mid
ENSG00000123411_IKZF4,6.593023047,mid
ENSG00000169554_ZEB2,6.592898174,mid
ENSG00000170271_FAXDC2,6.592410362,mid
ENSG00000249592_AC139887.2,6.591534002,mid
ENSG00000167604_NFKBID,6.591089369,mid
ENSG00000259972_AC009120.2,6.589618298,mid
ENSG00000223745_CCDC18-AS1,6.589465639,mid
ENSG00000151967_SCHIP1,6.586481335,mid
ENSG00000273748_AL592183.1,6.58469293,mid
ENSG00000164136_IL15,6.584398491,mid
ENSG00000133962_CATSPERB,6.581372927,mid
ENSG00000183778_B3GALT5,6.581324174,mid
ENSG00000239521_CASTOR3,6.579965825,mid
ENSG00000141391_PRELID3A,6.578325079,mid
ENSG00000262454_MIR193BHG,6.578043461,mid
ENSG00000178809_TRIM73,6.577430478,mid
ENSG00000179922_ZNF784,6.576445746,mid
ENSG00000180479_ZNF571,6.574496228,mid
ENSG00000118322_ATP10B,6.5744626,mid
ENSG00000109576_AADAT,6.573961189,mid
ENSG00000153832_FBXO36,6.573696694,mid
ENSG00000160298_C21orf58,6.572397498,mid
ENSG00000187801_ZFP69B,6.572324474,mid
ENSG00000158813_EDA,6.571531015,mid
ENSG00000175787_ZNF169,6.571431847,mid
ENSG00000142632_ARHGEF19,6.571423679,mid
ENSG00000171992_SYNPO,6.570145986,mid
ENSG00000119782_FKBP1B,6.567942907,mid
ENSG00000183763_TRAIP,6.567425774,mid
ENSG00000171903_CYP4F11,6.564670047,mid
ENSG00000108821_COL1A1,6.562660841,mid
ENSG00000253251_SHLD3,6.562299091,mid
ENSG00000152763_WDR78,6.558900349,mid
ENSG00000269973_AC010969.2,6.558159072,mid
ENSG00000175711_B3GNTL1,6.558121004,mid
ENSG00000221886_ZBED8,6.55794619,mid
ENSG00000182324_KCNJ14,6.557508499,mid
ENSG00000123388_HOXC11,6.556991387,mid
ENSG00000197044_ZNF441,6.555537018,mid
ENSG00000187187_ZNF546,6.555050525,mid
ENSG00000174640_SLCO2A1,6.554209084,mid
ENSG00000274605_PCCA-DT,6.553673466,mid
ENSG00000163617_CCDC191,6.552704976,mid
ENSG00000259642_ST20-AS1,6.552548474,mid
ENSG00000115226_FNDC4,6.551906025,mid
ENSG00000166352_C11orf74,6.549852712,mid
ENSG00000169621_APLF,6.549442786,mid
ENSG00000182742_HOXB4,6.549120964,mid
ENSG00000185585_OLFML2A,6.546129369,mid
ENSG00000260552_AC023043.1,6.544381155,mid
ENSG00000197566_ZNF624,6.54425427,mid
ENSG00000155099_PIP4P2,6.54396849,mid
ENSG00000143630_HCN3,6.54281008,mid
ENSG00000267080_ASB16-AS1,6.541398702,mid
ENSG00000035664_DAPK2,6.540036872,mid
ENSG00000212694_LINC01089,6.533486121,mid
ENSG00000088305_DNMT3B,6.533442855,mid
ENSG00000176714_CCDC121,6.533345315,mid
ENSG00000119640_ACYP1,6.532634803,mid
ENSG00000281207_SLFNL1-AS1,6.532405618,mid
ENSG00000187961_KLHL17,6.528690215,mid
ENSG00000187650_VMAC,6.526694162,mid
ENSG00000170161_AL512625.1,6.526303509,mid
ENSG00000196378_ZNF34,6.526060227,mid
ENSG00000196189_SEMA4A,6.520138215,mid
ENSG00000259994_AL353796.1,6.51947034,mid
ENSG00000167772_ANGPTL4,6.51922252,mid
ENSG00000272923_AC092139.1,6.519009202,mid
ENSG00000188868_ZNF563,6.518662764,mid
ENSG00000178381_ZFAND2A,6.518185302,mid
ENSG00000116151_MORN1,6.517443329,mid
ENSG00000154065_ANKRD29,6.514776353,mid
ENSG00000186777_ZNF732,6.514512661,mid
ENSG00000250988_SNHG21,6.514021132,mid
ENSG00000145945_FAM50B,6.51182777,mid
ENSG00000246922_UBAP1L,6.510361316,mid
ENSG00000164758_MED30,6.508702032,mid
ENSG00000186889_TMEM17,6.506700444,mid
ENSG00000204802_AL590399.1,6.505810294,mid
ENSG00000167555_ZNF528,6.505791021,mid
ENSG00000285331_AC090517.5,6.503943203,mid
ENSG00000140961_OSGIN1,6.501412071,mid
ENSG00000258738_AL121603.2,6.501283317,mid
ENSG00000112902_SEMA5A,6.500085819,mid
ENSG00000114923_SLC4A3,6.499860091,mid
ENSG00000144199_FAHD2B,6.498876063,mid
ENSG00000272711_AC019069.1,6.496809345,mid
ENSG00000213963_AC019080.1,6.494295862,mid
ENSG00000188321_ZNF559,6.493160171,mid
ENSG00000198929_NOS1AP,6.492038495,mid
ENSG00000229953_AL590666.2,6.49195377,mid
ENSG00000171044_XKR6,6.491867884,mid
ENSG00000258643_BCL2L2-PABPN1,6.491799856,mid
ENSG00000097046_CDC7,6.490745768,mid
ENSG00000102796_DHRS12,6.490671842,mid
ENSG00000186469_GNG2,6.490207866,mid
ENSG00000251322_SHANK3,6.489421747,mid
ENSG00000279342_AP000866.6,6.489270957,mid
ENSG00000240875_LINC00886,6.487864911,mid
ENSG00000010361_FUZ,6.487821448,mid
ENSG00000288398_AL109627.1,6.487327798,mid
ENSG00000224897_POT1-AS1,6.48698944,mid
ENSG00000204021_LIPK,6.486443065,mid
ENSG00000215375_MYL5,6.486370815,mid
ENSG00000126091_ST3GAL3,6.485655559,mid
ENSG00000182253_SYNM,6.485260379,mid
ENSG00000154957_ZNF18,6.485142682,mid
ENSG00000257027_AC010186.3,6.48460821,mid
ENSG00000153363_LINC00467,6.482855519,mid
ENSG00000108786_HSD17B1,6.479742134,mid
ENSG00000135423_GLS2,6.479334263,mid
ENSG00000261857_MIA,6.478460925,mid
ENSG00000106804_C5,6.478440994,mid
ENSG00000277117_FP565260.3,6.47775202,mid
ENSG00000087884_AAMDC,6.477301878,mid
ENSG00000137857_DUOX1,6.476556744,mid
ENSG00000214960_CRPPA,6.476490682,mid
ENSG00000176125_UFSP1,6.474824158,mid
ENSG00000228506_AL513550.1,6.473786218,mid
ENSG00000236778_INTS6-AS1,6.473704149,mid
ENSG00000272447_AL135925.1,6.473487819,mid
ENSG00000149050_ZNF214,6.464854992,mid
ENSG00000111859_NEDD9,6.464850804,mid
ENSG00000285106_AC016831.7,6.464843253,mid
ENSG00000168517_HEXIM2,6.463498281,mid
ENSG00000223891_OSER1-DT,6.463068366,mid
ENSG00000173320_STOX2,6.46086183,mid
ENSG00000105519_CAPS,6.460276724,mid
ENSG00000011347_SYT7,6.459622731,mid
ENSG00000198682_PAPSS2,6.457532591,mid
ENSG00000198088_NUP62CL,6.457027165,mid
ENSG00000168917_SLC35G2,6.452441491,mid
ENSG00000255561_FDXACB1,6.452207396,mid
ENSG00000196110_ZNF699,6.447404268,mid
ENSG00000223784_LINP1,6.445400387,mid
ENSG00000019485_PRDM11,6.445138357,mid
ENSG00000175395_ZNF25,6.444624842,mid
ENSG00000180834_MAP6D1,6.44391044,mid
ENSG00000119227_PIGZ,6.443516017,mid
ENSG00000114805_PLCH1,6.443317397,mid
ENSG00000182578_CSF1R,6.440469149,mid
ENSG00000250903_GMDS-DT,6.439174899,mid
ENSG00000173918_C1QTNF1,6.439037778,mid
ENSG00000159882_ZNF230,6.437762714,mid
ENSG00000129682_FGF13,6.436831712,mid
ENSG00000161958_FGF11,6.436722699,mid
ENSG00000261188_Z95115.1,6.43659447,mid
ENSG00000280441_FP236383.3,6.436304672,mid
ENSG00000236255_AC009404.1,6.436034147,mid
ENSG00000031691_CENPQ,6.432901761,mid
ENSG00000169884_WNT10B,6.431491665,mid
ENSG00000160345_C9orf116,6.429258372,mid
ENSG00000213920_MDP1,6.428956428,mid
ENSG00000133019_CHRM3,6.42740197,mid
ENSG00000196476_C20orf96,6.426282348,mid
ENSG00000108244_KRT23,6.424967867,mid
ENSG00000164088_PPM1M,6.423461277,mid
ENSG00000111671_SPSB2,6.423314656,mid
ENSG00000135439_AGAP2,6.423213435,mid
ENSG00000185070_FLRT2,6.421873807,mid
ENSG00000181264_TLCD5,6.418884522,mid
ENSG00000282393_AC016588.2,6.418541679,mid
ENSG00000180447_GAS1,6.413498074,mid
ENSG00000188747_NOXA1,6.408825033,mid
ENSG00000241404_EGFL8,6.408584734,mid
ENSG00000197140_ADAM32,6.407633561,mid
ENSG00000114790_ARHGEF26,6.406787553,mid
ENSG00000268573_AC011815.1,6.406268545,mid
ENSG00000089723_OTUB2,6.405067163,mid
ENSG00000186577_SMIM29,6.404121467,mid
ENSG00000280145_CU638689.4,6.403743497,mid
ENSG00000196118_CCDC189,6.403669334,mid
ENSG00000276216_AC245014.3,6.403243631,mid
ENSG00000183508_TENT5C,6.40232457,mid
ENSG00000241990_PRR34-AS1,6.402091905,mid
ENSG00000244198_AC004889.1,6.401735426,mid
ENSG00000188818_ZDHHC11,6.401485807,mid
ENSG00000203724_C1orf53,6.401276067,mid
ENSG00000189157_FAM47E,6.399684671,mid
ENSG00000164197_RNF180,6.39901039,mid
ENSG00000235703_LINC00894,6.398732119,mid
ENSG00000196466_ZNF799,6.397573704,mid
ENSG00000171051_FPR1,6.396552883,mid
ENSG00000170477_KRT4,6.394800245,mid
ENSG00000198270_TMEM116,6.39250968,mid
ENSG00000235453_SMIM27,6.39183575,mid
ENSG00000198873_GRK5,6.391695766,mid
ENSG00000215067_ALOX12-AS1,6.391445377,mid
ENSG00000186684_CYP27C1,6.388103934,mid
ENSG00000245498_AP000866.1,6.387885209,mid
ENSG00000125257_ABCC4,6.387798558,mid
ENSG00000174808_BTC,6.38757437,mid
ENSG00000188295_ZNF669,6.384846407,mid
ENSG00000225439_BOLA3-AS1,6.383897712,mid
ENSG00000221817_PPP3CB-AS1,6.383394949,mid
ENSG00000214050_FBXO16,6.381621918,mid
ENSG00000269958_AL049840.5,6.37814843,mid
ENSG00000027869_SH2D2A,6.377175188,mid
ENSG00000120327_PCDHB14,6.37694059,mid
ENSG00000180423_HARBI1,6.376503097,mid
ENSG00000213062_Z99572.1,6.376253529,mid
ENSG00000250742_LINC02381,6.375046784,mid
ENSG00000248019_FAM13A-AS1,6.371985686,mid
ENSG00000168631_MUCL3,6.371647599,mid
ENSG00000117016_RIMS3,6.371302555,mid
ENSG00000186056_MATN1-AS1,6.371146009,mid
ENSG00000198892_SHISA4,6.371079034,mid
ENSG00000139190_VAMP1,6.370606866,mid
ENSG00000184206_GOLGA6L4,6.368831558,mid
ENSG00000240053_LY6G5B,6.368725365,mid
ENSG00000253438_PCAT1,6.368169864,mid
ENSG00000116035_VAX2,6.367439093,mid
ENSG00000258655_ARHGAP5-AS1,6.366084105,mid
ENSG00000197808_ZNF461,6.366018702,mid
ENSG00000273415_LINC02725,6.363758852,mid
ENSG00000049192_ADAMTS6,6.360490627,mid
ENSG00000114200_BCHE,6.360248373,mid
ENSG00000165905_LARGE2,6.359976323,mid
ENSG00000179674_ARL14,6.359574101,mid
ENSG00000185869_ZNF829,6.358694397,mid
ENSG00000285053_TBCE,6.358055226,mid
ENSG00000153976_HS3ST3A1,6.357433232,mid
ENSG00000106404_CLDN15,6.355959754,mid
ENSG00000143333_RGS16,6.354822461,mid
ENSG00000239704_CDRT4,6.354042805,mid
ENSG00000230453_ANKRD18B,6.352869754,mid
ENSG00000134198_TSPAN2,6.352753178,mid
ENSG00000115556_PLCD4,6.351839116,mid
ENSG00000251580_LINC02482,6.3494941,mid
ENSG00000225953_SATB2-AS1,6.348977591,mid
ENSG00000146233_CYP39A1,6.348975703,mid
ENSG00000117228_GBP1,6.348311009,mid
ENSG00000105996_HOXA2,6.346960473,mid
ENSG00000161265_U2AF1L4,6.346484577,mid
ENSG00000165948_IFI27L1,6.342751255,mid
ENSG00000178150_ZNF114,6.342704924,mid
ENSG00000245213_AC105285.1,6.342089368,mid
ENSG00000249087_ZNF436-AS1,6.341535444,mid
ENSG00000236618_PITPNA-AS1,6.340413264,mid
ENSG00000160991_ORAI2,6.339313544,mid
ENSG00000121236_TRIM6,6.339267583,mid
ENSG00000158296_SLC13A3,6.338640565,mid
ENSG00000205593_DENND6B,6.334660206,mid
ENSG00000175691_ZNF77,6.333847293,mid
ENSG00000240891_PLCXD2,6.330398105,mid
ENSG00000120149_MSX2,6.327695475,mid
ENSG00000144485_HES6,6.327382682,mid
ENSG00000146426_TIAM2,6.326498809,mid
ENSG00000130518_IQCN,6.326300138,mid
ENSG00000259953_AL138756.1,6.324157497,mid
ENSG00000126882_FAM78A,6.32206122,mid
ENSG00000272462_U91328.1,6.320772053,mid
ENSG00000069493_CLEC2D,6.319866859,mid
ENSG00000139547_RDH16,6.319569025,mid
ENSG00000175449_RFESD,6.318281538,mid
ENSG00000177409_SAMD9L,6.318054622,mid
ENSG00000272631_AC067750.1,6.315830228,mid
ENSG00000236859_NIFK-AS1,6.315110859,mid
ENSG00000233766_AC098617.1,6.314496978,mid
ENSG00000245149_RNF139-AS1,6.312333555,mid
ENSG00000153982_GDPD1,6.312226449,mid
ENSG00000160117_ANKLE1,6.311692891,mid
ENSG00000260942_CAPN10-DT,6.310341156,mid
ENSG00000229043_AC091729.3,6.309600252,mid
ENSG00000139835_GRTP1,6.309424484,mid
ENSG00000253522_MIR3142HG,6.30926197,mid
ENSG00000128011_LRFN1,6.309198181,mid
ENSG00000154319_FAM167A,6.307501708,mid
ENSG00000198483_ANKRD35,6.306908347,mid
ENSG00000182489_XKRX,6.305892495,mid
ENSG00000130653_PNPLA7,6.305829035,mid
ENSG00000261526_AC012615.1,6.305512755,mid
ENSG00000172671_ZFAND4,6.304744127,mid
ENSG00000147119_CHST7,6.304373768,mid
ENSG00000254827_SLC22A18AS,6.304210504,mid
ENSG00000196843_ARID5A,6.303092032,mid
ENSG00000160050_CCDC28B,6.302183118,mid
ENSG00000231770_TMEM44-AS1,6.300858163,mid
ENSG00000186446_ZNF501,6.299324895,mid
ENSG00000246089_AC016065.1,6.298086324,mid
ENSG00000108187_PBLD,6.297407343,mid
ENSG00000261770_AC006504.1,6.29670585,mid
ENSG00000184786_TCTE3,6.296580645,mid
ENSG00000226200_SGMS1-AS1,6.293334471,mid
ENSG00000244731_C4A,6.293002152,mid
ENSG00000186132_C2orf76,6.291411715,mid
ENSG00000021300_PLEKHB1,6.286438601,mid
ENSG00000278384_AL354822.1,6.286387952,mid
ENSG00000136305_CIDEB,6.286201445,mid
ENSG00000145284_SCD5,6.283806745,mid
ENSG00000162999_DUSP19,6.283465899,mid
ENSG00000245248_USP2-AS1,6.281960194,mid
ENSG00000105767_CADM4,6.280697208,mid
ENSG00000152439_ZNF773,6.280304547,mid
ENSG00000282961_PRNCR1,6.279372624,mid
ENSG00000231574_LINC02015,6.278164194,mid
ENSG00000171791_BCL2,6.275457811,mid
ENSG00000122707_RECK,6.273123682,mid
ENSG00000268403_AC132192.2,6.270865176,mid
ENSG00000196152_ZNF79,6.270768518,mid
ENSG00000149548_CCDC15,6.270747933,mid
ENSG00000198039_ZNF273,6.26932234,mid
ENSG00000224616_RTCA-AS1,6.269269942,mid
ENSG00000276791_AC092117.1,6.267868587,mid
ENSG00000120820_GLT8D2,6.26405157,mid
ENSG00000147041_SYTL5,6.263102111,mid
ENSG00000235244_DANT2,6.262316983,mid
ENSG00000132122_SPATA6,6.259812976,mid
ENSG00000138623_SEMA7A,6.259461874,mid
ENSG00000155367_PPM1J,6.259455931,mid
ENSG00000261534_AL596244.1,6.258794161,mid
ENSG00000124813_RUNX2,6.258761214,mid
ENSG00000012223_LTF,6.257937146,mid
ENSG00000269982_AC018809.2,6.256129194,mid
ENSG00000159640_ACE,6.255763385,mid
ENSG00000156172_C8orf37,6.254510148,mid
ENSG00000254531_AP001816.1,6.254108042,mid
ENSG00000057657_PRDM1,6.253765442,mid
ENSG00000243896_OR2A7,6.251790181,mid
ENSG00000204396_VWA7,6.25141938,mid
ENSG00000167995_BEST1,6.246328062,mid
ENSG00000181894_ZNF329,6.245375853,mid
ENSG00000151743_AMN1,6.242645902,mid
ENSG00000105427_CNFN,6.242309707,mid
ENSG00000005448_WDR54,6.242192843,mid
ENSG00000152582_SPEF2,6.241559609,mid
ENSG00000107821_KAZALD1,6.240413392,mid
ENSG00000109265_KIAA1211,6.238179341,mid
ENSG00000178372_CALML5,6.237009826,mid
ENSG00000216937_CCDC7,6.236964986,mid
ENSG00000244055_AC007566.1,6.236324514,mid
ENSG00000260708_AL118516.1,6.23598745,mid
ENSG00000163596_ICA1L,6.23596515,mid
ENSG00000255346_NOX5,6.235637181,mid
ENSG00000235706_DICER1-AS1,6.234455968,mid
ENSG00000258727_AL135999.1,6.234175545,mid
ENSG00000124243_BCAS4,6.232782349,mid
ENSG00000198429_ZNF69,6.230507079,mid
ENSG00000173928_SWSAP1,6.229435352,mid
ENSG00000137496_IL18BP,6.228097137,mid
ENSG00000258839_MC1R,6.227743102,mid
ENSG00000225973_PIGBOS1,6.227320253,mid
ENSG00000277283_AC004812.2,6.225494029,mid
ENSG00000112218_GPR63,6.225114812,mid
ENSG00000159905_ZNF221,6.22496673,mid
ENSG00000258056_AC009779.2,6.222383726,mid
ENSG00000277196_AC007325.2,6.221271287,mid
ENSG00000172818_OVOL1,6.219753707,mid
ENSG00000167123_CERCAM,6.219248989,mid
ENSG00000134070_IRAK2,6.219108848,mid
ENSG00000170667_RASA4B,6.215764392,mid
ENSG00000261659_Z92544.2,6.215267871,mid
ENSG00000076864_RAP1GAP,6.214818999,mid
ENSG00000141753_IGFBP4,6.213099855,mid
ENSG00000228192_AL512353.1,6.212405026,mid
ENSG00000176383_B3GNT4,6.212349718,mid
ENSG00000125319_C17orf53,6.212012,mid
ENSG00000237413_AC096531.2,6.211851292,mid
ENSG00000170264_FAM161A,6.208431857,mid
ENSG00000233527_ZNF529-AS1,6.208119417,mid
ENSG00000101096_NFATC2,6.206165879,mid
ENSG00000269044_AC024075.2,6.204770552,mid
ENSG00000285077_AC091057.6,6.204731349,mid
ENSG00000262152_LINC00514,6.203765774,mid
ENSG00000101955_SRPX,6.203227132,mid
ENSG00000227354_RBM26-AS1,6.202058153,mid
ENSG00000234869_AL021392.1,6.199082527,mid
ENSG00000133328_PLAAT2,6.198835115,mid
ENSG00000226833_AC092164.1,6.194244939,mid
ENSG00000251192_ZNF674,6.192209373,mid
ENSG00000227885_AL590652.1,6.192085275,mid
ENSG00000137070_IL11RA,6.191993176,mid
ENSG00000276980_AC008760.2,6.18860706,mid
ENSG00000168826_ZBTB49,6.187612302,mid
ENSG00000144395_CCDC150,6.185260419,mid
ENSG00000160051_IQCC,6.184966406,mid
ENSG00000177459_ERICH5,6.18442475,mid
ENSG00000227039_ITGB2-AS1,6.182762559,mid
ENSG00000260920_AL031985.3,6.182679502,mid
ENSG00000215386_MIR99AHG,6.180163526,mid
ENSG00000203780_FANK1,6.179926934,mid
ENSG00000166510_CCDC68,6.178273732,mid
ENSG00000186868_MAPT,6.17664736,mid
ENSG00000232653_GOLGA8N,6.176282352,mid
ENSG00000225791_TRAM2-AS1,6.174668738,mid
ENSG00000173597_SULT1B1,6.171599817,mid
ENSG00000270103_AL360012.1,6.171345493,mid
ENSG00000204282_TNRC6C-AS1,6.170138242,mid
ENSG00000227292_AC009229.1,6.16998965,mid
ENSG00000171476_HOPX,6.168955491,mid
ENSG00000137218_FRS3,6.166978808,mid
ENSG00000258818_RNASE4,6.165056175,mid
ENSG00000213742_ZNF337-AS1,6.164666502,mid
ENSG00000254598_CSNK2A3,6.164178514,mid
ENSG00000168398_BDKRB2,6.162658797,mid
ENSG00000197415_VEPH1,6.162591664,mid
ENSG00000106006_HOXA6,6.161901764,mid
ENSG00000188906_LRRK2,6.161872328,mid
ENSG00000273203_AC006946.2,6.160659769,mid
ENSG00000273706_LHX1,6.160592006,mid
ENSG00000233834_AC005083.1,6.157365729,mid
ENSG00000196196_HRCT1,6.149668341,mid
ENSG00000186409_CCDC30,6.149637236,mid
ENSG00000272994_AC012360.3,6.148634472,mid
ENSG00000150627_WDR17,6.145923931,mid
ENSG00000144362_PHOSPHO2,6.144498395,mid
ENSG00000105792_CFAP69,6.143181797,mid
ENSG00000166546_BEAN1,6.143025314,mid
ENSG00000151687_ANKAR,6.141794237,mid
ENSG00000228696_ARL17B,6.140429143,mid
ENSG00000056736_IL17RB,6.139297353,mid
ENSG00000158220_ESYT3,6.138181028,mid
ENSG00000168427_KLHL30,6.137840385,mid
ENSG00000253200_AC037459.2,6.137146247,mid
ENSG00000288187_CU633906.5,6.136813562,mid
ENSG00000214248_AC010336.1,6.135099552,mid
ENSG00000134253_TRIM45,6.134912525,mid
ENSG00000130675_MNX1,6.134744231,mid
ENSG00000129151_BBOX1,6.133608763,mid
ENSG00000250506_CDK3,6.133506988,mid
ENSG00000188613_NANOS1,6.129549727,mid
ENSG00000215039_CD27-AS1,6.129327085,mid
ENSG00000260285_AL133367.1,6.129283817,mid
ENSG00000184012_TMPRSS2,6.126551437,mid
ENSG00000241316_SUCLG2-AS1,6.126145329,mid
ENSG00000139318_DUSP6,6.123398483,mid
ENSG00000179476_C14orf28,6.122611069,mid
ENSG00000175445_LPL,6.121523478,mid
ENSG00000272189_AL024508.2,6.120507276,mid
ENSG00000174586_ZNF497,6.120349405,mid
ENSG00000259248_USP3-AS1,6.119681082,mid
ENSG00000087258_GNAO1,6.114742128,mid
ENSG00000101098_RIMS4,6.114176739,mid
ENSG00000172058_SERF1A,6.113589246,mid
ENSG00000250132_AC004803.1,6.113577129,mid
ENSG00000243176_AC092944.1,6.1128143,mid
ENSG00000175147_TMEM51-AS1,6.1124924,mid
ENSG00000170577_SIX2,6.111720547,mid
ENSG00000149489_ROM1,6.109042928,mid
ENSG00000065665_SEC61A2,6.10798424,mid
ENSG00000162738_VANGL2,6.107203713,mid
ENSG00000274559_CU639417.1,6.107072568,mid
ENSG00000132561_MATN2,6.106647907,mid
ENSG00000228434_AC004951.1,6.106275957,mid
ENSG00000234665_LERFS,6.106026213,mid
ENSG00000123810_B9D2,6.105946416,mid
ENSG00000255310_AF131215.5,6.103651473,mid
ENSG00000273373_AL355488.1,6.10258976,mid
ENSG00000224934_AL391684.1,6.100343215,mid
ENSG00000135083_CCNJL,6.0980402,mid
ENSG00000080031_PTPRH,6.097929225,mid
ENSG00000137709_POU2F3,6.096074524,mid
ENSG00000170293_CMTM8,6.096055388,mid
ENSG00000239213_NCK1-DT,6.093480012,mid
ENSG00000277287_AL109976.1,6.091235196,mid
ENSG00000089091_DZANK1,6.091058996,mid
ENSG00000183072_NKX2-5,6.090444678,mid
ENSG00000240859_AC093627.4,6.090315809,mid
ENSG00000167103_PIP5KL1,6.087292348,mid
ENSG00000247134_AC090204.1,6.087251577,mid
ENSG00000214860_EVPLL,6.083056792,mid
ENSG00000175544_CABP4,6.082742917,mid
ENSG00000230844_ZNF674-AS1,6.082676728,mid
ENSG00000139865_TTC6,6.082051312,mid
ENSG00000196371_FUT4,6.081759274,mid
ENSG00000185250_PPIL6,6.081204798,mid
ENSG00000250135_AL049795.2,6.077759479,mid
ENSG00000205464_ATP6AP1L,6.076102325,mid
ENSG00000175505_CLCF1,6.074672081,mid
ENSG00000262049_AC139530.1,6.07465289,mid
ENSG00000090924_PLEKHG2,6.072968196,mid
ENSG00000273230_AC102953.2,6.071653629,mid
ENSG00000198774_RASSF9,6.071362821,mid
ENSG00000278600_AC015871.4,6.069870285,mid
ENSG00000284981_UPK3BL2,6.069234474,mid
ENSG00000114656_KIAA1257,6.067521928,mid
ENSG00000084731_KIF3C,6.067165255,mid
ENSG00000185339_TCN2,6.064216386,mid
ENSG00000214654_B3GNT10,6.062635909,mid
ENSG00000267270_PARD6G-AS1,6.062352938,mid
ENSG00000176438_SYNE3,6.059936075,mid
ENSG00000157306_ZFHX2-AS1,6.059051499,mid
ENSG00000256073_URB1-AS1,6.058897547,mid
ENSG00000251664_PCDHA12,6.05626321,mid
ENSG00000103227_LMF1,6.054343675,mid
ENSG00000135253_KCP,6.053966894,mid
ENSG00000253106_AC090198.1,6.053391897,mid
ENSG00000258947_TUBB3,6.052581872,mid
ENSG00000182685_BRICD5,6.050339752,mid
ENSG00000241794_SPRR2A,6.049169903,mid
ENSG00000147036_LANCL3,6.047671809,mid
ENSG00000204311_PJVK,6.04761791,mid
ENSG00000246263_UBR5-AS1,6.046346968,mid
ENSG00000233967_AL359715.1,6.045982452,mid
ENSG00000183032_SLC25A21,6.045287816,mid
ENSG00000233589_AL138789.1,6.045220095,mid
ENSG00000160200_CBS,6.044173776,mid
ENSG00000214940_NPIPA8,6.043072165,mid
ENSG00000121068_TBX2,6.04106929,mid
ENSG00000168811_IL12A,6.040617903,mid
ENSG00000188372_ZP3,6.040212695,mid
ENSG00000284428_AC092329.4,6.039642457,mid
ENSG00000100302_RASD2,6.038468699,mid
ENSG00000046653_GPM6B,6.03667397,mid
ENSG00000100479_POLE2,6.03647472,mid
ENSG00000105388_CEACAM5,6.033797803,mid
ENSG00000119636_BBOF1,6.032629792,mid
ENSG00000160183_TMPRSS3,6.032559342,mid
ENSG00000271079_CTAGE15,6.029129526,mid
ENSG00000141527_CARD14,6.028091016,mid
ENSG00000260428_SCX,6.027365132,mid
ENSG00000197580_BCO2,6.02727266,mid
ENSG00000261087_AP003469.4,6.024733242,mid
ENSG00000278341_AC138028.6,6.024296538,mid
ENSG00000165113_GKAP1,6.020282369,mid
ENSG00000281706_AL009179.1,6.019397642,mid
ENSG00000005189_REXO5,6.018566728,mid
ENSG00000198855_FICD,6.018462337,mid
ENSG00000125864_BFSP1,6.018203947,mid
ENSG00000253671_AC027117.1,6.017840263,mid
ENSG00000225138_SLC9A3-AS1,6.017548119,mid
ENSG00000270574_AC010680.2,6.015140872,mid
ENSG00000145949_MYLK4,6.014305667,mid
ENSG00000010438_PRSS3,6.012928242,mid
ENSG00000172183_ISG20,6.012215071,mid
ENSG00000240065_PSMB9,6.011923973,mid
ENSG00000270696_AC005034.3,6.009440582,mid
ENSG00000134874_DZIP1,6.006991771,mid
ENSG00000081181_ARG2,6.006473232,mid
ENSG00000184154_LRTOMT,6.005790593,mid
ENSG00000235560_AC002310.1,6.005715277,mid
ENSG00000168779_SHOX2,6.005381669,mid
ENSG00000010626_LRRC23,6.001880064,mid
ENSG00000003137_CYP26B1,6.000558802,mid
ENSG00000274422_AC245060.5,6.000441021,mid
ENSG00000274828_AC068473.5,6.000144549,mid
ENSG00000267374_MIR924HG,5.999283437,mid
ENSG00000256806_C17orf100,5.998702968,mid
ENSG00000240038_AMY2B,5.998421231,mid
ENSG00000214595_EML6,5.998297261,mid
ENSG00000117425_PTCH2,5.998079825,mid
ENSG00000248846_LINC02065,5.996052281,mid
ENSG00000257704_INAFM1,5.995693675,mid
ENSG00000184441_AP001062.1,5.995473401,mid
ENSG00000178401_DNAJC22,5.994245308,mid
ENSG00000088543_C3orf18,5.994081531,mid
ENSG00000170775_GPR37,5.992677856,mid
ENSG00000273038_AL365203.2,5.991583473,mid
ENSG00000130234_ACE2,5.991411258,mid
ENSG00000198189_HSD17B11,5.98996521,mid
ENSG00000119737_GPR75,5.988648061,mid
ENSG00000231711_LINC00899,5.986120405,mid
ENSG00000196357_ZNF565,5.985556124,mid
ENSG00000105376_ICAM5,5.985324508,mid
ENSG00000232442_MHENCR,5.984378286,mid
ENSG00000151474_FRMD4A,5.982286719,mid
ENSG00000244239_AC007009.1,5.981768077,mid
ENSG00000165887_ANKRD2,5.980382777,mid
ENSG00000273311_DGCR11,5.979492527,mid
ENSG00000233396_LINC01719,5.978235661,mid
ENSG00000269983_AC146944.4,5.977766516,mid
ENSG00000255650_FAM222A-AS1,5.977717442,mid
ENSG00000131470_PSMC3IP,5.977678965,mid
ENSG00000152433_ZNF547,5.977133834,mid
ENSG00000185761_ADAMTSL5,5.97618092,mid
ENSG00000255857_PXN-AS1,5.975409729,mid
ENSG00000184378_ACTRT3,5.975399279,mid
ENSG00000171174_RBKS,5.973270478,mid
ENSG00000196507_TCEAL3,5.972211527,mid
ENSG00000183250_LINC01547,5.972090939,mid
ENSG00000247081_BAALC-AS1,5.972067182,mid
ENSG00000215695_RSC1A1,5.971435585,mid
ENSG00000237512_UNC5B-AS1,5.970867569,mid
ENSG00000286965_AC108066.2,5.969418057,mid
ENSG00000266993_AL050343.2,5.968880451,mid
ENSG00000179776_CDH5,5.968078225,mid
ENSG00000186352_ANKRD37,5.967387229,mid
ENSG00000251247_ZNF345,5.965723966,mid
ENSG00000143001_TMEM61,5.965686052,mid
ENSG00000214562_NUTM2D,5.965081349,mid
ENSG00000128284_APOL3,5.964992738,mid
ENSG00000176896_TCEANC,5.962170964,mid
ENSG00000270362_HMGN3-AS1,5.961358373,mid
ENSG00000272734_ADIRF-AS1,5.961272691,mid
ENSG00000005187_ACSM3,5.961215946,mid
ENSG00000255284_AP006621.3,5.961034906,mid
ENSG00000177822_TENM3-AS1,5.960297008,mid
ENSG00000135119_RNFT2,5.959414397,mid
ENSG00000223478_AL441992.1,5.958515512,mid
ENSG00000100379_KCTD17,5.958366626,mid
ENSG00000267858_MZF1-AS1,5.957717055,mid
ENSG00000272145_NFYC-AS1,5.955348079,mid
ENSG00000185745_IFIT1,5.954684968,mid
ENSG00000100033_PRODH,5.952881593,mid
ENSG00000113389_NPR3,5.952121155,mid
ENSG00000159885_ZNF222,5.950639111,mid
ENSG00000185477_GPRIN3,5.947551118,mid
ENSG00000229422_AL512625.2,5.946666969,mid
ENSG00000197935_ZNF311,5.946547665,mid
ENSG00000270012_AC232271.1,5.944655766,mid
ENSG00000139626_ITGB7,5.943791821,mid
ENSG00000151006_PRSS53,5.942175649,mid
ENSG00000287252_AL009179.2,5.941033736,mid
ENSG00000197536_C5orf56,5.938618164,mid
ENSG00000285294_LINC00842,5.937962784,mid
ENSG00000219626_FAM228B,5.933711663,mid
ENSG00000268364_SMC5-AS1,5.93020423,mid
ENSG00000260083_MIR762HG,5.929515503,mid
ENSG00000261468_AC096921.2,5.923705349,mid
ENSG00000166321_NUDT13,5.921652304,mid
ENSG00000167889_MGAT5B,5.920404031,mid
ENSG00000132801_ZSWIM3,5.919222952,mid
ENSG00000180953_AC015871.1,5.918896486,mid
ENSG00000242689_CNTF,5.916265638,mid
ENSG00000185010_F8,5.915663492,mid
ENSG00000167524_RSKR,5.913802509,mid
ENSG00000166073_GPR176,5.913650968,mid
ENSG00000172889_EGFL7,5.913576594,mid
ENSG00000144040_SFXN5,5.911845303,mid
ENSG00000164989_CCDC171,5.908775223,mid
ENSG00000154040_CABYR,5.905394356,mid
ENSG00000270277_AC009948.2,5.904426259,mid
ENSG00000274425_AC114271.1,5.904382255,mid
ENSG00000185133_INPP5J,5.90226097,mid
ENSG00000065413_ANKRD44,5.901937205,mid
ENSG00000057149_SERPINB3,5.901841302,mid
ENSG00000156050_FAM161B,5.899678335,mid
ENSG00000261324_AC010168.2,5.896563894,mid
ENSG00000166394_CYB5R2,5.8938109,mid
ENSG00000249641_HOXC13-AS,5.891095656,mid
ENSG00000135736_CCDC102A,5.890964917,mid
ENSG00000049769_PPP1R3F,5.890841187,mid
ENSG00000272668_AL590560.3,5.888749606,mid
ENSG00000216895_AC009403.1,5.886647711,mid
ENSG00000260923_LINC02193,5.882564186,mid
ENSG00000171121_KCNMB3,5.881983895,mid
ENSG00000187372_PCDHB13,5.881922773,mid
ENSG00000256940_PPP1R14B-AS1,5.880417088,mid
ENSG00000177842_ZNF620,5.879936176,mid
ENSG00000259291_ZNF710-AS1,5.879908974,mid
ENSG00000128052_KDR,5.879056555,mid
ENSG00000250486_FAM218A,5.878754351,mid
ENSG00000137825_ITPKA,5.876840502,mid
ENSG00000282936_AC004706.3,5.876318846,mid
ENSG00000181626_ANKRD62,5.876210095,mid
ENSG00000179583_CIITA,5.876207328,mid
ENSG00000163485_ADORA1,5.875400127,mid
ENSG00000285230_RALY-AS1,5.875305108,mid
ENSG00000053918_KCNQ1,5.873260988,mid
ENSG00000187624_C17orf97,5.87295814,mid
ENSG00000116017_ARID3A,5.872672301,mid
ENSG00000204923_FBXO48,5.872528176,mid
ENSG00000138587_MNS1,5.871896922,mid
ENSG00000230797_YY2,5.871431089,mid
ENSG00000235097_LINC00330,5.871158974,mid
ENSG00000196091_MYBPC1,5.870487571,mid
ENSG00000172594_SMPDL3A,5.869885494,mid
ENSG00000167363_FN3K,5.868953024,mid
ENSG00000166823_MESP1,5.868256831,mid
ENSG00000128849_CGNL1,5.868031051,mid
ENSG00000150625_GPM6A,5.867555064,mid
ENSG00000196503_ARL9,5.86743107,mid
ENSG00000187987_ZSCAN23,5.867224154,mid
ENSG00000273820_USP27X,5.865464481,mid
ENSG00000212123_PRR22,5.864092568,mid
ENSG00000260276_AC022167.2,5.863568036,mid
ENSG00000284797_AC008397.1,5.859533792,mid
ENSG00000141854_MISP3,5.858636908,mid
ENSG00000237037_NDUFA6-DT,5.857588361,mid
ENSG00000078098_FAP,5.857218275,mid
ENSG00000283886_BX664615.2,5.857098209,mid
ENSG00000267106_ZNF561-AS1,5.856973852,mid
ENSG00000162772_ATF3,5.856396578,mid
ENSG00000274333_CU633967.1,5.856255314,mid
ENSG00000198440_ZNF583,5.854689657,mid
ENSG00000121653_MAPK8IP1,5.853255127,mid
ENSG00000214922_HLA-F-AS1,5.852981706,mid
ENSG00000276672_AL161891.1,5.850067196,mid
ENSG00000181035_SLC25A42,5.845560251,mid
ENSG00000246228_CASC8,5.845038078,mid
ENSG00000177076_ACER2,5.84386185,mid
ENSG00000102038_SMARCA1,5.842946906,mid
ENSG00000168899_VAMP5,5.842463354,mid
ENSG00000259865_AL390728.6,5.839567584,mid
ENSG00000130830_MPP1,5.838222668,mid
ENSG00000064270_ATP2C2,5.838215574,mid
ENSG00000177640_CASC2,5.837090744,mid
ENSG00000204934_ATP6V0E2-AS1,5.836347029,mid
ENSG00000184271_POU6F1,5.83493094,mid
ENSG00000163545_NUAK2,5.834241149,mid
ENSG00000277559_AC018553.1,5.833720544,mid
ENSG00000280206_AC026401.3,5.833527456,mid
ENSG00000267278_MAP3K14-AS1,5.831854242,mid
ENSG00000221821_C6orf226,5.831423837,mid
ENSG00000238113_LINC01410,5.829010953,mid
ENSG00000065325_GLP2R,5.828658122,mid
ENSG00000169435_RASSF6,5.827075006,mid
ENSG00000172789_HOXC5,5.825648056,mid
ENSG00000146094_DOK3,5.824808232,mid
ENSG00000165568_AKR1E2,5.82330427,mid
ENSG00000257084_MIR200CHG,5.821103334,mid
ENSG00000236830_CBR3-AS1,5.820917772,mid
ENSG00000284906_ARHGAP11B,5.820587655,mid
ENSG00000278599_TBC1D3E,5.820424127,mid
ENSG00000180881_CAPS2,5.820133598,mid
ENSG00000272825_AL844908.1,5.815153543,mid
ENSG00000105048_TNNT1,5.813438,mid
ENSG00000229152_ANKRD10-IT1,5.812139005,mid
ENSG00000267041_ZNF850,5.81209007,mid
ENSG00000273270_AC090114.2,5.810894616,mid
ENSG00000112149_CD83,5.810280785,mid
ENSG00000241839_PLEKHO2,5.809961804,mid
ENSG00000110195_FOLR1,5.809917576,mid
ENSG00000148053_NTRK2,5.808202501,mid
ENSG00000283341_AC068205.2,5.807945779,mid
ENSG00000137731_FXYD2,5.807888234,mid
ENSG00000260948_AL390195.2,5.80478395,mid
ENSG00000163406_SLC15A2,5.804609224,mid
ENSG00000112303_VNN2,5.802858679,mid
ENSG00000214357_NEURL1B,5.802587775,mid
ENSG00000233725_NRAD1,5.802381572,mid
ENSG00000171889_MIR31HG,5.800768156,mid
ENSG00000269940_AL049840.4,5.800606757,mid
ENSG00000248932_AC046134.2,5.799062275,mid
ENSG00000258708_SLC25A21-AS1,5.799053387,mid
ENSG00000178750_STX19,5.797970988,mid
ENSG00000224905_AP001347.1,5.79772067,mid
ENSG00000247240_UBL7-AS1,5.796967426,mid
ENSG00000270055_AC127502.2,5.795174364,mid
ENSG00000095637_SORBS1,5.792827712,mid
ENSG00000248275_TRIM52-AS1,5.792596034,mid
ENSG00000278834_AC073508.3,5.792551919,mid
ENSG00000165424_ZCCHC24,5.790709105,mid
ENSG00000139438_FAM222A,5.790339591,mid
ENSG00000167165_UGT1A6,5.79028921,mid
ENSG00000123096_SSPN,5.790108025,mid
ENSG00000259341_AC015660.1,5.789771626,mid
ENSG00000236499_LINC00896,5.78822706,mid
ENSG00000269918_AF131215.6,5.787748608,mid
ENSG00000168918_INPP5D,5.787278095,mid
ENSG00000168461_RAB31,5.786991741,mid
ENSG00000167741_GGT6,5.786553955,mid
ENSG00000143248_RGS5,5.782511573,mid
ENSG00000164749_HNF4G,5.779124389,mid
ENSG00000175164_ABO,5.778854054,mid
ENSG00000092529_CAPN3,5.778485135,mid
ENSG00000188185_LINC00265,5.777874291,mid
ENSG00000280434_AL031595.3,5.777358939,mid
ENSG00000140993_TIGD7,5.774485544,mid
ENSG00000261104_AC093904.4,5.77288262,mid
ENSG00000069702_TGFBR3,5.772570722,mid
ENSG00000251432_LINC02615,5.772209939,mid
ENSG00000144810_COL8A1,5.768980951,mid
ENSG00000168077_SCARA3,5.768240594,mid
ENSG00000285906_AC083855.2,5.767538554,mid
ENSG00000233621_LINC01137,5.767508962,mid
ENSG00000270157_AC004918.4,5.766759686,mid
ENSG00000286237_ARMCX5-GPRASP2,5.766366857,mid
ENSG00000245904_AC025164.1,5.765119305,mid
ENSG00000261051_AC107021.2,5.763898138,mid
ENSG00000260597_AC012531.1,5.758522525,mid
ENSG00000175183_CSRP2,5.758323239,mid
ENSG00000142530_FAM71E1,5.757336305,mid
ENSG00000259828_AL355596.1,5.755894653,mid
ENSG00000183647_ZNF530,5.754727001,mid
ENSG00000144061_NPHP1,5.75453192,mid
ENSG00000172748_ZNF596,5.75365951,mid
ENSG00000183401_CCDC159,5.753586334,mid
ENSG00000082014_SMARCD3,5.75353128,mid
ENSG00000180914_OXTR,5.751207555,mid
ENSG00000285533_RELA-DT,5.75106745,mid
ENSG00000120833_SOCS2,5.750779836,mid
ENSG00000198468_FLVCR1-DT,5.749442005,mid
ENSG00000242590_AL645608.5,5.746913516,mid
ENSG00000187800_PEAR1,5.74687021,mid
ENSG00000278133_AC135050.6,5.744926546,mid
ENSG00000263412_AC004477.1,5.743369961,mid
ENSG00000169469_SPRR1B,5.742286602,mid
ENSG00000165046_LETM2,5.74175687,mid
ENSG00000166106_ADAMTS15,5.74100764,mid
ENSG00000224699_LAMTOR5-AS1,5.737865834,mid
ENSG00000115525_ST3GAL5,5.731105632,mid
ENSG00000184545_DUSP8,5.729715128,mid
ENSG00000178665_ZNF713,5.729449256,mid
ENSG00000115841_RMDN2,5.725756464,mid
ENSG00000280670_CCDC163,5.725582785,mid
ENSG00000196167_COLCA1,5.725281757,mid
ENSG00000234327_AC012146.1,5.719256493,mid
ENSG00000108515_ENO3,5.718007243,mid
ENSG00000173926_MARCH3,5.715256364,mid
ENSG00000276529_AP001505.1,5.713298877,mid
ENSG00000050730_TNIP3,5.713293856,mid
ENSG00000224043_CCNT2-AS1,5.712623321,mid
ENSG00000163072_NOSTRIN,5.712245344,mid
ENSG00000166762_CATSPER2,5.710149434,mid
ENSG00000205559_CHKB-DT,5.70905858,mid
ENSG00000273151_AC073957.3,5.702746684,mid
ENSG00000114646_CSPG5,5.702722881,mid
ENSG00000159899_NPR2,5.702375767,mid
ENSG00000162241_SLC25A45,5.69927553,mid
ENSG00000163577_EIF5A2,5.697134937,mid
ENSG00000105708_ZNF14,5.696930266,mid
ENSG00000276855_AC015922.3,5.696032174,mid
ENSG00000185386_MAPK11,5.693300994,mid
ENSG00000226149_AL356124.1,5.690065283,mid
ENSG00000108947_EFNB3,5.689989404,mid
ENSG00000226784_PGAM4,5.68992701,mid
ENSG00000154920_EME1,5.68961598,mid
ENSG00000100228_RAB36,5.689610542,mid
ENSG00000115414_FN1,5.688105226,mid
ENSG00000198590_C3orf35,5.685489123,mid
ENSG00000281404_LINC01176,5.68331949,mid
ENSG00000198932_GPRASP1,5.682900894,mid
ENSG00000177406_AC021054.1,5.682650841,mid
ENSG00000253549_CA3-AS1,5.682419013,mid
ENSG00000229127_AC007038.1,5.681919157,mid
ENSG00000073756_PTGS2,5.679747138,mid
ENSG00000181031_RPH3AL,5.678957977,mid
ENSG00000114378_HYAL1,5.677578082,mid
ENSG00000263272_AC004148.1,5.677245666,mid
ENSG00000243660_ZNF487,5.677196545,mid
ENSG00000161653_NAGS,5.676339694,mid
ENSG00000165092_ALDH1A1,5.674804263,mid
ENSG00000272079_AC004233.2,5.674584765,mid
ENSG00000188368_PRR19,5.674187236,mid
ENSG00000246174_KCTD21-AS1,5.672595827,mid
ENSG00000243479_MNX1-AS1,5.671353701,mid
ENSG00000105852_PON3,5.670371031,mid
ENSG00000261098_AP000766.1,5.669456709,mid
ENSG00000234684_SDCBP2-AS1,5.668703807,mid
ENSG00000157873_TNFRSF14,5.667338579,mid
ENSG00000160999_SH2B2,5.667148813,mid
ENSG00000214226_C17orf67,5.666892249,mid
ENSG00000155666_KDM8,5.66674523,mid
ENSG00000130303_BST2,5.66545137,mid
ENSG00000266680_AL135905.1,5.6650483,mid
ENSG00000188015_S100A3,5.664660723,mid
ENSG00000170175_CHRNB1,5.663162729,mid
ENSG00000286786_AC116158.3,5.661257897,mid
ENSG00000159733_ZFYVE28,5.65745708,mid
ENSG00000248866_USP46-AS1,5.654288794,mid
ENSG00000260912_AL158206.1,5.653317579,mid
ENSG00000248483_POU5F2,5.653251305,mid
ENSG00000132031_MATN3,5.65282675,mid
ENSG00000230082_PRRT3-AS1,5.652061946,mid
ENSG00000163704_PRRT3,5.652055832,mid
ENSG00000100271_TTLL1,5.651711872,mid
ENSG00000011028_MRC2,5.651421181,mid
ENSG00000136542_GALNT5,5.650821166,mid
ENSG00000133216_EPHB2,5.649320046,mid
ENSG00000279175_AL033543.1,5.64891317,mid
ENSG00000187860_CCDC157,5.647114132,mid
ENSG00000105617_LENG1,5.646197353,mid
ENSG00000141337_ARSG,5.646188591,mid
ENSG00000186326_RGS9BP,5.644299529,mid
ENSG00000205309_NT5M,5.643839865,mid
ENSG00000230387_AL118508.1,5.643192997,mid
ENSG00000039139_DNAH5,5.642397543,mid
ENSG00000277400_AC145212.1,5.640962307,mid
ENSG00000227398_KIF9-AS1,5.64045801,mid
ENSG00000223829_AC004870.2,5.640127826,mid
ENSG00000247095_MIR210HG,5.639642213,mid
ENSG00000269293_ZSCAN16-AS1,5.638864631,mid
ENSG00000019169_MARCO,5.635457324,mid
ENSG00000137841_PLCB2,5.634791793,mid
ENSG00000272356_AL080317.2,5.634069126,mid
ENSG00000244625_MIATNB,5.633786888,mid
ENSG00000248508_SRP14-AS1,5.633449872,mid
ENSG00000239653_PSMD6-AS2,5.633236685,mid
ENSG00000152804_HHEX,5.63257884,mid
ENSG00000261061_AC092718.4,5.631116053,mid
ENSG00000237036_ZEB1-AS1,5.629714356,mid
ENSG00000162511_LAPTM5,5.625981336,mid
ENSG00000250067_YJEFN3,5.625515356,mid
ENSG00000224152_AC009506.1,5.625229271,mid
ENSG00000272604_AC073073.2,5.623166048,mid
ENSG00000171877_FRMD5,5.62299398,mid
ENSG00000278192_AL118505.1,5.622970156,mid
ENSG00000275496_CU633906.1,5.619034173,mid
ENSG00000280279_AC240565.2,5.618885416,mid
ENSG00000102981_PARD6A,5.617349617,mid
ENSG00000083814_ZNF671,5.616320587,mid
ENSG00000213888_LINC01521,5.61530118,mid
ENSG00000227896_AL731569.1,5.613850092,mid
ENSG00000274026_FAM27E3,5.613497652,mid
ENSG00000204362_LINC02783,5.611636198,mid
ENSG00000161277_THAP8,5.609648992,mid
ENSG00000159208_CIART,5.607088362,mid
ENSG00000259605_AC074212.1,5.606597763,mid
ENSG00000070526_ST6GALNAC1,5.605612502,mid
ENSG00000171522_PTGER4,5.603840745,mid
ENSG00000285669_AC026979.4,5.603352899,mid
ENSG00000272758_AC083798.2,5.601447368,mid
ENSG00000214145_LINC00887,5.598263756,mid
ENSG00000286451_AL499602.1,5.597865583,mid
ENSG00000128394_APOBEC3F,5.595655273,mid
ENSG00000198208_RPS6KL1,5.59529275,mid
ENSG00000169031_COL4A3,5.594642656,mid
ENSG00000285399_AC104162.2,5.594431286,mid
ENSG00000152527_PLEKHH2,5.592483425,mid
ENSG00000286698_AC027612.5,5.591158012,mid
ENSG00000116106_EPHA4,5.590088653,mid
ENSG00000179361_ARID3B,5.589460095,mid
ENSG00000273014_AC018645.3,5.589373544,mid
ENSG00000232995_AL592435.1,5.579127704,mid
ENSG00000159403_C1R,5.577321053,mid
ENSG00000064225_ST3GAL6,5.575939096,mid
ENSG00000061918_GUCY1B1,5.573389512,mid
ENSG00000232533_AC093673.1,5.57282032,mid
ENSG00000116990_MYCL,5.570027231,mid
ENSG00000283992_SLURP2,5.569927924,mid
ENSG00000240771_ARHGEF25,5.569457031,mid
ENSG00000170786_SDR16C5,5.56941506,mid
ENSG00000004139_SARM1,5.569113132,mid
ENSG00000287778_AC006230.1,5.568066916,mid
ENSG00000101445_PPP1R16B,5.563008843,mid
ENSG00000010318_PHF7,5.561848004,mid
ENSG00000255517_AP002748.4,5.559881011,mid
ENSG00000231887_PRH1,5.559505186,mid
ENSG00000164627_KIF6,5.559368341,mid
ENSG00000180332_KCTD4,5.558307017,mid
ENSG00000134245_WNT2B,5.555380439,mid
ENSG00000242094_FOXP1-IT1,5.555158867,mid
ENSG00000276334_AL133243.2,5.554937469,mid
ENSG00000227471_AKR1B15,5.554422665,mid
ENSG00000153531_ADPRHL1,5.5544081,mid
ENSG00000287569_AL078587.2,5.553346383,mid
ENSG00000287672_AC003086.1,5.553334852,mid
ENSG00000285820_AL157829.1,5.55071882,mid
ENSG00000130584_ZBTB46,5.549374421,mid
ENSG00000263327_TAPT1-AS1,5.546200022,mid
ENSG00000227252_AC012063.1,5.542188593,mid
ENSG00000268061_NAPA-AS1,5.539648589,mid
ENSG00000279145_AC011912.1,5.538582855,mid
ENSG00000288025_AC093849.4,5.536470811,mid
ENSG00000112599_GUCA1B,5.534779013,mid
ENSG00000180089_TMEM86B,5.534294583,mid
ENSG00000143502_SUSD4,5.532666522,mid
ENSG00000168939_SPRY3,5.532133517,mid
ENSG00000132881_CPLANE2,5.531425676,mid
ENSG00000279078_SND1-IT1,5.531339153,mid
ENSG00000172824_CES4A,5.530133131,mid
ENSG00000161791_FMNL3,5.529869777,mid
ENSG00000244041_LINC01011,5.52736617,mid
ENSG00000182600_SNORC,5.527069828,mid
ENSG00000153822_KCNJ16,5.526911415,mid
ENSG00000272106_AL691432.2,5.524008875,mid
ENSG00000185522_LMNTD2,5.52322303,mid
ENSG00000118523_CCN2,5.523012548,mid
ENSG00000237149_ZNF503-AS2,5.522108615,mid
ENSG00000136367_ZFHX2,5.522080354,mid
ENSG00000236432_AC097662.1,5.51982084,mid
ENSG00000167733_HSD11B1L,5.517047523,mid
ENSG00000204060_FOXO6,5.51578882,mid
ENSG00000117010_ZNF684,5.515512298,mid
ENSG00000167994_RAB3IL1,5.515406274,mid
ENSG00000255423_EBLN2,5.513022782,mid
ENSG00000231767_AL136454.1,5.510830695,mid
ENSG00000198934_MAGEE1,5.509464563,mid
ENSG00000224420_ADM5,5.509326814,mid
ENSG00000215241_LINC02449,5.508838952,mid
ENSG00000230487_PSMG3-AS1,5.502991257,mid
ENSG00000256092_SBNO1-AS1,5.501653625,mid
ENSG00000242622_AC092910.3,5.501558018,mid
ENSG00000265688_MAFG-DT,5.50097466,mid
ENSG00000287929_AL354953.1,5.500013443,mid
ENSG00000235381_AL596202.1,5.497810172,mid
ENSG00000277149_TYW1B,5.495914545,mid
ENSG00000156222_SLC28A1,5.494360203,mid
ENSG00000164362_TERT,5.491226174,mid
ENSG00000125434_SLC25A35,5.489661185,mid
ENSG00000204176_SYT15,5.48929285,mid
ENSG00000260630_SNAI3-AS1,5.488711897,mid
ENSG00000275894_AL021578.1,5.488463717,mid
ENSG00000269743_SLC25A53,5.486385763,mid
ENSG00000002587_HS3ST1,5.48635836,mid
ENSG00000197249_SERPINA1,5.485141274,mid
ENSG00000183773_AIFM3,5.484304102,mid
ENSG00000102109_PCSK1N,5.483952162,mid
ENSG00000284968_AC093827.4,5.482918576,mid
ENSG00000105472_CLEC11A,5.48220522,mid
ENSG00000286760_AL022069.3,5.479427265,mid
ENSG00000247498_GPRC5D-AS1,5.478669107,mid
ENSG00000139160_ETFBKMT,5.476586994,mid
ENSG00000204305_AGER,5.474921166,mid
ENSG00000177337_DLGAP1-AS1,5.474484872,mid
ENSG00000198691_ABCA4,5.474339121,mid
ENSG00000178199_ZC3H12D,5.472358573,mid
ENSG00000247809_NR2F2-AS1,5.472097025,mid
ENSG00000130005_GAMT,5.46995644,mid
ENSG00000224397_SMIM25,5.469324794,mid
ENSG00000131480_AOC2,5.468697609,mid
ENSG00000260409_AC012414.5,5.465470429,mid
ENSG00000159231_CBR3,5.464733017,mid
ENSG00000166391_MOGAT2,5.464025617,mid
ENSG00000187583_PLEKHN1,5.463598743,mid
ENSG00000267040_AC027097.1,5.462846145,mid
ENSG00000261423_TMEM202-AS1,5.462680659,mid
ENSG00000142920_AZIN2,5.461689691,mid
ENSG00000135114_OASL,5.459772481,mid
ENSG00000287769_AL353748.3,5.459336056,mid
ENSG00000179698_WDR97,5.459157797,mid
ENSG00000086619_ERO1B,5.457537834,mid
ENSG00000204540_PSORS1C1,5.455805057,mid
ENSG00000245573_BDNF-AS,5.455196436,mid
ENSG00000272341_AL137003.2,5.45416062,mid
ENSG00000170214_ADRA1B,5.454028782,mid
ENSG00000183044_ABAT,5.45313159,mid
ENSG00000171680_PLEKHG5,5.451815777,mid
ENSG00000267882_AL031666.2,5.450403301,mid
ENSG00000259153_AC004816.1,5.447170791,mid
ENSG00000157429_ZNF19,5.446826147,mid
ENSG00000175536_LIPT2,5.445818171,mid
ENSG00000286482_AL117344.2,5.443526834,mid
ENSG00000106823_ECM2,5.442682001,mid
ENSG00000181804_SLC9A9,5.440756887,mid
ENSG00000278921_EPB41L4A-DT,5.440466498,mid
ENSG00000269386_RAB11B-AS1,5.439290974,mid
ENSG00000186806_VSIG10L,5.438547277,mid
ENSG00000182902_SLC25A18,5.437060711,mid
ENSG00000147174_GCNA,5.435591636,mid
ENSG00000241764_AC002467.1,5.434718676,mid
ENSG00000146950_SHROOM2,5.434420381,mid
ENSG00000177465_ACOT4,5.430960808,mid
ENSG00000247373_TMED2-DT,5.430292578,mid
ENSG00000255135_AP002360.1,5.429439113,mid
ENSG00000170469_SPATA24,5.428202426,mid
ENSG00000174939_ASPHD1,5.426941844,mid
ENSG00000268996_MAN1B1-DT,5.425623786,mid
ENSG00000273221_AL355816.2,5.425591651,mid
ENSG00000272338_AC067838.1,5.423768591,mid
ENSG00000277969_AC006449.6,5.423325189,mid
ENSG00000229619_MBNL1-AS1,5.422758986,mid
ENSG00000260793_AC003102.1,5.422730988,mid
ENSG00000203804_ADAMTSL4-AS1,5.422542757,mid
ENSG00000067798_NAV3,5.421186715,mid
ENSG00000204967_PCDHA4,5.419818621,mid
ENSG00000061656_SPAG4,5.417767888,mid
ENSG00000175832_ETV4,5.417619989,mid
ENSG00000285933_AP003498.2,5.417518521,mid
ENSG00000269439_AC010618.3,5.417341897,mid
ENSG00000131944_FAAP24,5.4164222,mid
ENSG00000123892_RAB38,5.416055543,mid
ENSG00000239407_Z68871.1,5.415613406,mid
ENSG00000244701_AC004918.1,5.415368849,mid
ENSG00000163032_VSNL1,5.414884601,mid
ENSG00000139946_PELI2,5.413622768,mid
ENSG00000278817_AC007325.4,5.412470987,mid
ENSG00000273156_AC124016.2,5.41201703,mid
ENSG00000264895_AC006141.1,5.41121323,mid
ENSG00000146205_ANO7,5.411028815,mid
ENSG00000276517_AL133243.3,5.408377474,mid
ENSG00000203999_LINC01270,5.40832214,mid
ENSG00000256029_AL590560.2,5.407926271,mid
ENSG00000127364_TAS2R4,5.406213849,mid
ENSG00000164850_GPER1,5.403723346,mid
ENSG00000176406_RIMS2,5.402793431,mid
ENSG00000286106_AC253572.1,5.400052646,mid
ENSG00000183569_SERHL2,5.398488182,mid
ENSG00000276564_AC130650.2,5.396926081,mid
ENSG00000272807_AC007038.2,5.396129469,mid
ENSG00000272129_AL359715.3,5.395772942,mid
ENSG00000163810_TGM4,5.395727774,mid
ENSG00000271605_MILR1,5.395614592,mid
ENSG00000261488_TBILA,5.395360324,mid
ENSG00000135314_KHDC1,5.395037556,mid
ENSG00000184635_ZNF93,5.394312554,mid
ENSG00000218510_LINC00339,5.39402246,mid
ENSG00000174514_MFSD4A,5.393154377,mid
ENSG00000125388_GRK4,5.392435555,mid
ENSG00000135740_SLC9A5,5.391817402,mid
ENSG00000237491_LINC01409,5.390964265,mid
ENSG00000255182_AC084125.2,5.390710686,mid
ENSG00000286480_AC009501.3,5.388100517,mid
ENSG00000256235_SMIM3,5.387678541,mid
ENSG00000245146_MALINC1,5.384902062,mid
ENSG00000267288_AC138150.2,5.384713419,mid
ENSG00000180769_WDFY3-AS2,5.384326342,mid
ENSG00000253305_PCDHGB6,5.382624875,mid
ENSG00000114737_CISH,5.382003086,mid
ENSG00000171224_FAM241B,5.381976527,mid
ENSG00000121410_A1BG,5.380823194,mid
ENSG00000157445_CACNA2D3,5.377929874,mid
ENSG00000204049_AL391421.1,5.377643871,mid
ENSG00000115828_QPCT,5.377287994,mid
ENSG00000142224_IL19,5.375247768,mid
ENSG00000259488_AC023355.1,5.375071345,mid
ENSG00000005249_PRKAR2B,5.374453103,mid
ENSG00000260456_C16orf95,5.374399466,mid
ENSG00000137266_SLC22A23,5.374092066,mid
ENSG00000116652_DLEU2L,5.373339407,mid
ENSG00000272977_AL008721.2,5.372587511,mid
ENSG00000214274_ANG,5.372150633,mid
ENSG00000270605_AL353622.1,5.370668673,mid
ENSG00000278784_AL136295.7,5.369588432,mid
ENSG00000267165_CHMP1B-AS1,5.368718306,mid
ENSG00000270194_AC097359.2,5.366675143,mid
ENSG00000257167_TMPO-AS1,5.366078831,mid
ENSG00000170075_GPR37L1,5.366005113,mid
ENSG00000173581_CCDC106,5.363268583,mid
ENSG00000219665_ZNF433-AS1,5.362894425,mid
ENSG00000247317_LY6E-DT,5.362000925,mid
ENSG00000284691_AC073111.4,5.361397344,mid
ENSG00000263884_AP000845.1,5.360611215,mid
ENSG00000259366_AC108449.2,5.359916689,mid
ENSG00000151320_AKAP6,5.358441224,mid
ENSG00000238045_AC009133.1,5.358433591,mid
ENSG00000271918_AC034236.2,5.355792434,mid
ENSG00000076555_ACACB,5.353891223,mid
ENSG00000261136_AC023908.3,5.353125632,mid
ENSG00000176244_ACBD7,5.351459802,mid
ENSG00000253626_EIF5AL1,5.350591692,mid
ENSG00000231856_AL162377.1,5.349955209,mid
ENSG00000174721_FGFBP3,5.347938035,mid
ENSG00000221990_EXOC3-AS1,5.347851764,mid
ENSG00000125551_PLGLB2,5.347806131,mid
ENSG00000253910_PCDHGB2,5.346117114,mid
ENSG00000243960_AL390195.1,5.345482868,mid
ENSG00000180611_MB21D2,5.345108089,mid
ENSG00000197479_PCDHB11,5.345029581,mid
ENSG00000165072_MAMDC2,5.338158792,mid
ENSG00000156966_B3GNT7,5.337933284,mid
ENSG00000287692_AC053545.1,5.33792507,mid
ENSG00000169902_TPST1,5.33676187,mid
ENSG00000183793_NPIPA5,5.335854755,mid
ENSG00000196456_ZNF775,5.335767262,mid
ENSG00000140511_HAPLN3,5.335612336,mid
ENSG00000235530_AC087294.1,5.3350552,mid
ENSG00000117013_KCNQ4,5.332462273,mid
ENSG00000232721_AC239800.2,5.330190083,mid
ENSG00000262468_LINC01569,5.32850404,mid
ENSG00000231826_LINC01819,5.328387643,mid
ENSG00000264920_AC018521.5,5.326185213,mid
ENSG00000288044_AL096870.8,5.325702638,mid
ENSG00000172738_TMEM217,5.325390533,mid
ENSG00000213190_MLLT11,5.32461783,mid
ENSG00000227268_KLLN,5.322915551,mid
ENSG00000262712_AC012676.1,5.322752577,mid
ENSG00000140465_CYP1A1,5.321664353,mid
ENSG00000272077_AC124045.1,5.320538754,mid
ENSG00000261542_AC011978.2,5.319914187,mid
ENSG00000188883_KLRG2,5.3182854,mid
ENSG00000107742_SPOCK2,5.313793925,mid
ENSG00000203943_SAMD13,5.313593704,mid
ENSG00000188760_TMEM198,5.313213621,mid
ENSG00000182993_C12orf60,5.311507639,mid
ENSG00000115009_CCL20,5.310543841,mid
ENSG00000129028_THAP10,5.310081853,mid
ENSG00000105464_GRIN2D,5.309067783,mid
ENSG00000229980_TOB1-AS1,5.308654251,mid
ENSG00000205133_TRIQK,5.308536541,mid
ENSG00000261366_MANEA-DT,5.307553347,mid
ENSG00000273576_AC009283.1,5.306982118,mid
ENSG00000196208_GREB1,5.305311822,mid
ENSG00000232973_CYP1B1-AS1,5.304736922,mid
ENSG00000286416_AL442067.3,5.303314149,mid
ENSG00000102174_PHEX,5.301271783,mid
ENSG00000196366_C9orf163,5.300212628,mid
ENSG00000111879_FAM184A,5.298929791,mid
ENSG00000148965_SAA4,5.297830536,mid
ENSG00000170465_KRT6C,5.296585731,mid
ENSG00000118690_ARMC2,5.296213126,mid
ENSG00000244486_SCARF2,5.292993097,mid
ENSG00000163633_C4orf36,5.290454574,mid
ENSG00000116741_RGS2,5.290334708,mid
ENSG00000273117_AC144652.1,5.289420591,mid
ENSG00000251493_FOXD1,5.288362397,mid
ENSG00000163126_ANKRD23,5.284571982,mid
ENSG00000143369_ECM1,5.28434503,mid
ENSG00000141086_CTRL,5.28412322,mid
ENSG00000274712_AC005332.4,5.279111815,mid
ENSG00000261008_LINC01572,5.278489867,mid
ENSG00000240288_GHRLOS,5.278271325,mid
ENSG00000276728_AC142472.1,5.277982174,mid
ENSG00000163521_GLB1L,5.276531014,mid
ENSG00000265666_RARA-AS1,5.275692846,mid
ENSG00000145358_DDIT4L,5.274809984,mid
ENSG00000242759_LINC00882,5.274437494,mid
ENSG00000224903_AC005534.1,5.273856756,mid
ENSG00000105137_SYDE1,5.272918012,mid
ENSG00000204397_CARD16,5.267191887,mid
ENSG00000176472_ZNF575,5.265647813,mid
ENSG00000205930_C21orf62-AS1,5.26498779,mid
ENSG00000283122_HYMAI,5.263214032,mid
ENSG00000273729_AC007686.3,5.262474775,mid
ENSG00000162746_FCRLB,5.262017289,mid
ENSG00000274292_AC084018.2,5.26004818,mid
ENSG00000227946_AC007383.2,5.258514875,mid
ENSG00000187634_SAMD11,5.255829944,mid
ENSG00000134240_HMGCS2,5.254226358,mid
ENSG00000232850_AL590708.1,5.254083603,mid
ENSG00000168350_DEGS2,5.253682559,mid
ENSG00000241697_TMEFF1,5.253205694,mid
ENSG00000236753_MKLN1-AS,5.251589422,mid
ENSG00000271204_AC016831.5,5.251393015,mid
ENSG00000104883_PEX11G,5.248087216,mid
ENSG00000128965_CHAC1,5.246305708,mid
ENSG00000204514_ZNF814,5.245217778,mid
ENSG00000286813_AC015871.7,5.244613997,mid
ENSG00000284526_AC015802.6,5.243099906,mid
ENSG00000205078_SYCE1L,5.243086186,mid
ENSG00000287190_AC239799.2,5.241590243,mid
ENSG00000273466_AC012510.1,5.24119058,mid
ENSG00000124615_MOCS1,5.241159273,mid
ENSG00000250328_AC022101.1,5.240683931,mid
ENSG00000259663_AC010478.1,5.240007374,mid
ENSG00000280164_CU638689.5,5.237783823,mid
ENSG00000273142_LINC02604,5.236342648,mid
ENSG00000204947_ZNF425,5.236069558,mid
ENSG00000280018_CU634019.5,5.235505613,mid
ENSG00000162894_FCMR,5.234515519,mid
ENSG00000130997_POLN,5.233889316,mid
ENSG00000198417_MT1F,5.233658098,mid
ENSG00000055732_MCOLN3,5.230610225,mid
ENSG00000158806_NPM2,5.229452322,mid
ENSG00000130592_LSP1,5.227366295,mid
ENSG00000173110_HSPA6,5.227048826,mid
ENSG00000229692_SOS1-IT1,5.226693416,mid
ENSG00000231890_DARS-AS1,5.225142521,mid
ENSG00000126562_WNK4,5.224566741,mid
ENSG00000213185_FAM24B,5.223388446,mid
ENSG00000283000_LINC02635,5.221857612,mid
ENSG00000196502_SULT1A1,5.221801503,mid
ENSG00000124257_NEURL2,5.221400491,mid
ENSG00000257086_AP001453.2,5.219299252,mid
ENSG00000254469_AP002495.1,5.218161041,mid
ENSG00000176153_GPX2,5.217399945,mid
ENSG00000261490_AC005674.2,5.216751576,mid
ENSG00000107736_CDH23,5.216378651,mid
ENSG00000132535_DLG4,5.214394078,mid
ENSG00000172345_STARD5,5.211720644,mid
ENSG00000182986_ZNF320,5.20785738,mid
ENSG00000214309_MBLAC1,5.206659031,mid
ENSG00000280195_AC245140.2,5.205614023,mid
ENSG00000224424_PRKAR2A-AS1,5.205422104,mid
ENSG00000072657_TRHDE,5.205141344,mid
ENSG00000213967_ZNF726,5.204910006,mid
ENSG00000225177_AL590617.2,5.204668341,mid
ENSG00000140481_CCDC33,5.201079193,mid
ENSG00000128408_RIBC2,5.200216966,mid
ENSG00000056558_TRAF1,5.197773051,mid
ENSG00000101898_MCTS2P,5.197582321,mid
ENSG00000227258_SMIM2-AS1,5.197330631,mid
ENSG00000232093_DCST1-AS1,5.196936335,mid
ENSG00000101460_MAP1LC3A,5.196172149,mid
ENSG00000247765_AC068446.2,5.195640482,mid
ENSG00000259354_AC025580.2,5.195012193,mid
ENSG00000253846_PCDHGA10,5.194853126,mid
ENSG00000160207_HSF2BP,5.194767854,mid
ENSG00000171357_LURAP1,5.194261544,mid
ENSG00000167601_AXL,5.194245939,mid
ENSG00000233008_LINC01725,5.19100284,mid
ENSG00000196604_POTEF,5.187863087,mid
ENSG00000108932_SLC16A6,5.186806639,mid
ENSG00000213199_ASIC3,5.186613733,mid
ENSG00000198910_L1CAM,5.184864128,mid
ENSG00000233175_AC008105.1,5.184851568,mid
ENSG00000117407_ARTN,5.184831439,mid
ENSG00000272703_AP005137.2,5.184059472,mid
ENSG00000178752_ERFE,5.18387886,mid
ENSG00000180287_PLD5,5.1816004,mid
ENSG00000154262_ABCA6,5.18011989,mid
ENSG00000152380_FAM151B,5.179321822,mid
ENSG00000184557_SOCS3,5.178804613,mid
ENSG00000261437_AC108860.2,5.177999195,mid
ENSG00000174007_CEP19,5.177026974,mid
ENSG00000273381_AL158071.5,5.176661259,mid
ENSG00000203635_AC144450.1,5.17364393,mid
ENSG00000238035_AC138035.1,5.173320797,mid
ENSG00000240583_AQP1,5.172143739,mid
ENSG00000165949_IFI27,5.171329894,mid
ENSG00000285184_AC244033.2,5.169681066,mid
ENSG00000205740_AL359878.1,5.168907472,mid
ENSG00000287104_AC097382.3,5.166795024,mid
ENSG00000225975_LINC01534,5.165583741,mid
ENSG00000102879_CORO1A,5.165533121,mid
ENSG00000184619_KRBA2,5.164261034,mid
ENSG00000265750_AC090772.3,5.163878288,mid
ENSG00000287707_AC115284.4,5.160816399,mid
ENSG00000214967_NPIPA7,5.160768416,mid
ENSG00000105219_CNTD2,5.159369033,mid
ENSG00000180096_SEPTIN1,5.158553416,mid
ENSG00000225335_AC016027.1,5.158471101,mid
ENSG00000156113_KCNMA1,5.158290361,mid
ENSG00000287966_AL590062.1,5.152145143,mid
ENSG00000204052_LRRC73,5.15206857,mid
ENSG00000186652_PRG2,5.147692149,mid
ENSG00000059915_PSD,5.145751655,mid
ENSG00000129355_CDKN2D,5.145487532,mid
ENSG00000271870_AC024060.2,5.144959444,mid
ENSG00000275880_AL139385.1,5.140549853,mid
ENSG00000235919_ASH1L-AS1,5.139766815,mid
ENSG00000073282_TP63,5.137104615,mid
ENSG00000227533_SLC2A1-AS1,5.136420508,mid
ENSG00000124429_POF1B,5.135975446,mid
ENSG00000135299_ANKRD6,5.13560912,mid
ENSG00000125740_FOSB,5.13502306,mid
ENSG00000261338_AC021016.2,5.13494365,mid
ENSG00000137941_TTLL7,5.133453569,mid
ENSG00000171984_SHLD1,5.132572586,mid
ENSG00000104055_TGM5,5.131669637,mid
ENSG00000253731_PCDHGA6,5.131123704,mid
ENSG00000010610_CD4,5.130666585,mid
ENSG00000275180_AC048341.2,5.130236148,mid
ENSG00000247950_SEC24B-AS1,5.127658391,mid
ENSG00000077264_PAK3,5.126929503,mid
ENSG00000250786_SNHG18,5.126846119,mid
ENSG00000119703_ZC2HC1C,5.124422549,mid
ENSG00000227627_AL080276.2,5.124238926,mid
ENSG00000223969_AC002456.1,5.122836528,mid
ENSG00000249456_AL731577.2,5.122646844,mid
ENSG00000067141_NEO1,5.118590613,mid
ENSG00000264207_AC239868.1,5.117637589,mid
ENSG00000165730_STOX1,5.117347892,mid
ENSG00000157833_GAREM2,5.114355341,mid
ENSG00000099625_CBARP,5.11390394,mid
ENSG00000276255_LINC02809,5.113651621,mid
ENSG00000135925_WNT10A,5.113413626,mid
ENSG00000223797_ENTPD3-AS1,5.113330919,mid
ENSG00000272667_AC012306.2,5.113071332,mid
ENSG00000269968_AC006064.4,5.112761289,mid
ENSG00000278576_AL162171.3,5.112699244,mid
ENSG00000271270_TMCC1-AS1,5.109310666,mid
ENSG00000162614_NEXN,5.107245251,mid
ENSG00000234477_AC004231.1,5.106725375,mid
ENSG00000204444_APOM,5.105870696,mid
ENSG00000186364_NUDT17,5.105286043,mid
ENSG00000140931_CMTM3,5.104763024,mid
ENSG00000219607_PPP1R3G,5.104512125,mid
ENSG00000226824_AC006001.2,5.103727712,mid
ENSG00000149646_CNBD2,5.103599328,mid
ENSG00000276077_CU633904.1,5.103492527,mid
ENSG00000168026_TTC21A,5.100577725,mid
ENSG00000176912_TYMSOS,5.100059696,mid
ENSG00000272455_AL391244.2,5.099925432,mid
ENSG00000214827_MTCP1,5.096478908,mid
ENSG00000023902_PLEKHO1,5.09622477,mid
ENSG00000120217_CD274,5.095054366,mid
ENSG00000171817_ZNF540,5.093138411,mid
ENSG00000196436_NPIPB15,5.0908569,mid
ENSG00000146592_CREB5,5.089948971,mid
ENSG00000165140_FBP1,5.088325856,mid
ENSG00000257591_ZNF625,5.085846981,mid
ENSG00000131849_ZNF132,5.084853444,mid
ENSG00000198125_MB,5.084319809,mid
ENSG00000173212_MAB21L3,5.084261839,mid
ENSG00000125378_BMP4,5.084230846,mid
ENSG00000228630_HOTAIR,5.083542659,mid
ENSG00000204390_HSPA1L,5.082078611,mid
ENSG00000258472_AC005726.1,5.081783876,mid
ENSG00000171435_KSR2,5.079878798,mid
ENSG00000198626_RYR2,5.079433623,mid
ENSG00000253210_AC040970.1,5.078130921,mid
ENSG00000168874_ATOH8,5.077844219,mid
ENSG00000100060_MFNG,5.076849683,mid
ENSG00000183248_PRR36,5.076647813,mid
ENSG00000237476_LINC01637,5.076495274,mid
ENSG00000166780_BMERB1,5.075823537,mid
ENSG00000162620_LRRIQ3,5.074500567,mid
ENSG00000103044_HAS3,5.073052421,mid
ENSG00000244128_LINC01322,5.072862049,mid
ENSG00000268006_PTOV1-AS1,5.065759655,mid
ENSG00000260000_AL133338.1,5.064191156,mid
ENSG00000129646_QRICH2,5.063949564,mid
ENSG00000189433_GJB4,5.062637495,mid
ENSG00000247679_AC139795.2,5.061779517,mid
ENSG00000183486_MX2,5.060432942,mid
ENSG00000260274_AC068338.2,5.057989605,mid
ENSG00000100918_REC8,5.057264749,mid
ENSG00000170122_FOXD4,5.054468201,mid
ENSG00000271936_AC012073.1,5.05376969,mid
ENSG00000212127_TAS2R14,5.052382548,mid
ENSG00000270959_LPP-AS2,5.05004179,mid
ENSG00000188859_FAM78B,5.049592677,mid
ENSG00000167619_TMEM145,5.048286773,mid
ENSG00000228106_AL392172.1,5.047840522,mid
ENSG00000255150_EID3,5.04691484,mid
ENSG00000107242_PIP5K1B,5.046604296,mid
ENSG00000092421_SEMA6A,5.043441342,mid
ENSG00000247934_AC022364.1,5.042746542,mid
ENSG00000203722_RAET1G,5.042047355,mid
ENSG00000181045_SLC26A11,5.041774349,mid
ENSG00000197168_NEK5,5.040394048,mid
ENSG00000119915_ELOVL3,5.039490037,mid
ENSG00000273314_AC005229.4,5.03883787,mid
ENSG00000102984_ZNF821,5.038802277,mid
ENSG00000133083_DCLK1,5.038691905,mid
ENSG00000166997_CNPY4,5.037008944,mid
ENSG00000260001_TGFBR3L,5.035470474,mid
ENSG00000261654_AL360270.2,5.035066461,mid
ENSG00000261934_PCDHGA9,5.035049318,mid
ENSG00000226124_FTCDNL1,5.0345676,mid
ENSG00000255495_AC145124.1,5.033015711,mid
ENSG00000275395_FCGBP,5.031231733,mid
ENSG00000259932_AC051619.7,5.031014955,mid
ENSG00000174529_TMEM81,5.029801101,mid
ENSG00000135678_CPM,5.029527116,mid
ENSG00000268460_AC006262.1,5.029124285,mid
ENSG00000267152_AC093227.1,5.027848949,mid
ENSG00000143387_CTSK,5.026685534,mid
ENSG00000167552_TUBA1A,5.026085083,mid
ENSG00000276248_AL442125.1,5.024207159,mid
ENSG00000229321_AC008269.1,5.023455395,mid
ENSG00000183914_DNAH2,5.023120211,mid
ENSG00000176884_GRIN1,5.022830753,mid
ENSG00000049089_COL9A2,5.020798596,mid
ENSG00000147606_SLC26A7,5.019628915,mid
ENSG00000115325_DOK1,5.019297567,mid
ENSG00000064787_BCAS1,5.018919631,mid
ENSG00000223573_TINCR,5.017370601,mid
ENSG00000071282_LMCD1,5.015618453,mid
ENSG00000275560_AC008115.3,5.013155717,mid
ENSG00000103599_IQCH,5.012999985,mid
ENSG00000187608_ISG15,5.012831781,mid
ENSG00000272269_AL138724.1,5.008029659,mid
ENSG00000245275_SAP30L-AS1,5.005475768,mid
ENSG00000278903_CU633906.2,5.00488725,mid
ENSG00000143178_TBX19,5.004771321,mid
ENSG00000120211_INSL4,5.004769396,mid
ENSG00000102043_MTMR8,5.003648329,mid
ENSG00000148057_IDNK,5.000531959,mid
ENSG00000151117_TMEM86A,4.999874633,mid
ENSG00000134398_ERN2,4.998762089,mid
ENSG00000245025_AC107959.1,4.997741976,mid
ENSG00000237950_AL357079.1,4.9954765,mid
ENSG00000271646_AC099343.3,4.995127009,mid
ENSG00000253417_LINC02159,4.99463734,mid
ENSG00000132141_CCT6B,4.993895139,mid
ENSG00000127083_OMD,4.993829785,mid
ENSG00000134072_CAMK1,4.992548669,mid
ENSG00000273888_FRMD6-AS1,4.992200101,mid
ENSG00000006747_SCIN,4.991921745,mid
ENSG00000237310_AC008267.5,4.991464784,mid
ENSG00000243509_TNFRSF6B,4.987804662,mid
ENSG00000273486_AC096992.2,4.984253267,mid
ENSG00000205754_SLCO1B7,4.982886589,mid
ENSG00000231177_LINC00852,4.982845893,mid
ENSG00000214708_AC116407.1,4.979521513,mid
ENSG00000267160_AC091152.2,4.978889668,mid
ENSG00000197208_SLC22A4,4.978822146,mid
ENSG00000206127_GOLGA8O,4.977353602,mid
ENSG00000159871_LYPD5,4.976655475,mid
ENSG00000243566_UPK3B,4.976504424,mid
ENSG00000273619_AL121832.2,4.975851832,mid
ENSG00000270820_AC016727.1,4.973733558,mid
ENSG00000183049_CAMK1D,4.972155118,mid
ENSG00000128203_ASPHD2,4.970228962,mid
ENSG00000228889_UBAC2-AS1,4.970013721,mid
ENSG00000166262_FAM227B,4.969774957,mid
ENSG00000285867_BX470102.2,4.969144028,mid
ENSG00000124602_UNC5CL,4.968256315,mid
ENSG00000214279_SCART1,4.966883123,mid
ENSG00000147852_VLDLR,4.966598736,mid
ENSG00000272345_AL031775.1,4.966244723,mid
ENSG00000272831_AC027644.3,4.966231592,mid
ENSG00000004777_ARHGAP33,4.962593409,mid
ENSG00000039987_BEST2,4.960946186,mid
ENSG00000144843_ADPRH,4.960149818,mid
ENSG00000258768_AL356019.2,4.957339313,mid
ENSG00000232233_LINC02043,4.957335087,mid
ENSG00000132016_C19orf57,4.957189828,mid
ENSG00000259877_AC009113.1,4.956220685,mid
ENSG00000278869_BX539320.1,4.955562402,mid
ENSG00000260233_SSSCA1-AS1,4.955537575,mid
ENSG00000146192_FGD2,4.955318115,mid
ENSG00000271780_AL118558.3,4.953329671,mid
ENSG00000184988_TMEM106A,4.953106637,mid
ENSG00000257702_LBX2-AS1,4.95258561,mid
ENSG00000225950_NTF4,4.948740618,mid
ENSG00000205861_PCOTH,4.947249185,mid
ENSG00000166669_ATF7IP2,4.945522899,mid
ENSG00000253958_CLDN23,4.945352744,mid
ENSG00000237877_LINC01473,4.944472052,mid
ENSG00000134256_CD101,4.944333242,mid
ENSG00000254206_NPIPB11,4.944315858,mid
Mcherry,4.939405835,mid
ENSG00000279277_AC012020.1,4.937430663,mid
ENSG00000261613_AC093525.6,4.934717712,mid
ENSG00000277938_AL035252.3,4.93447518,mid
ENSG00000147576_ADHFE1,4.934332999,mid
ENSG00000225526_MKRN2OS,4.931001876,mid
ENSG00000263069_RNF213-AS1,4.930803462,mid
ENSG00000277151_AL138820.1,4.927503075,mid
ENSG00000272870_AC097534.2,4.927121072,mid
ENSG00000136866_ZFP37,4.925117618,mid
ENSG00000255559_ZNF252P-AS1,4.92482181,mid
ENSG00000163995_ABLIM2,4.924672468,mid
ENSG00000172137_CALB2,4.924460038,mid
ENSG00000163806_SPDYA,4.923526576,mid
ENSG00000104324_CPQ,4.921621938,mid
ENSG00000237883_DGUOK-AS1,4.92147616,mid
ENSG00000261485_PAN3-AS1,4.921159969,mid
ENSG00000225361_PPP1R26-AS1,4.921133731,mid
ENSG00000118997_DNAH7,4.918077048,mid
ENSG00000020181_ADGRA2,4.917998187,mid
ENSG00000272086_AC025181.2,4.917392543,mid
ENSG00000137975_CLCA2,4.917027729,mid
ENSG00000054392_HHAT,4.916989556,mid
ENSG00000127249_ATP13A4,4.916521433,mid
ENSG00000066629_EML1,4.916491617,mid
ENSG00000141519_CCDC40,4.916204911,mid
ENSG00000103269_RHBDL1,4.914182994,mid
ENSG00000203852_HIST2H3A,4.912071496,mid
ENSG00000281903_LINC02246,4.911491173,mid
ENSG00000286207_AC012443.2,4.909858276,mid
ENSG00000150773_PIH1D2,4.906858691,mid
ENSG00000100342_APOL1,4.906703378,mid
ENSG00000286519_AC009236.1,4.906137431,mid
ENSG00000233654_AC108047.1,4.903994181,mid
ENSG00000135363_LMO2,4.903325398,mid
ENSG00000146666_LINC00525,4.90255308,mid
ENSG00000147437_GNRH1,4.902474288,mid
ENSG00000254528_AP000757.1,4.901970892,mid
ENSG00000106333_PCOLCE,4.900076523,mid
ENSG00000246334_PRR7-AS1,4.899767641,mid
ENSG00000174502_SLC26A9,4.899728968,mid
ENSG00000267757_EML2-AS1,4.898719803,mid
ENSG00000203739_AL645568.1,4.897970019,mid
ENSG00000272953_AC092171.4,4.896958739,mid
ENSG00000182326_C1S,4.896717896,mid
ENSG00000186862_PDZD7,4.895863668,mid
ENSG00000089505_CMTM1,4.894335294,mid
ENSG00000168754_FAM178B,4.892418611,mid
ENSG00000108813_DLX4,4.890474846,mid
ENSG00000176678_FOXL1,4.890163209,mid
ENSG00000232527_LINC02802,4.889973253,mid
ENSG00000250802_ZBED3-AS1,4.886726638,mid
ENSG00000287576_AC067930.8,4.885008412,mid
ENSG00000224652_LINC00885,4.883011138,mid
ENSG00000102962_CCL22,4.882958406,mid
ENSG00000249992_TMEM158,4.882609796,mid
ENSG00000120669_SOHLH2,4.878629601,mid
ENSG00000159588_CCDC17,4.878221712,mid
ENSG00000260417_AC092127.1,4.877505994,mid
ENSG00000263843_AC022211.2,4.875237195,mid
ENSG00000261652_C15orf65,4.874956809,mid
ENSG00000260136_AC008915.2,4.874469933,mid
ENSG00000230074_AL162231.2,4.873712862,mid
ENSG00000253190_AC084082.1,4.872928142,mid
ENSG00000206535_LNP1,4.870916923,mid
ENSG00000226029_LINC01772,4.870091167,mid
ENSG00000131650_KREMEN2,4.868920314,mid
ENSG00000196917_HCAR1,4.868720281,mid
ENSG00000234432_AC092171.3,4.868681704,mid
ENSG00000165029_ABCA1,4.86804331,mid
ENSG00000224687_RASAL2-AS1,4.867810847,mid
ENSG00000184730_APOBR,4.86695295,mid
ENSG00000272031_ANKRD34A,4.865708712,mid
ENSG00000253636_AC022893.1,4.864999245,mid
ENSG00000008516_MMP25,4.864885396,mid
ENSG00000273289_AL121672.3,4.86476284,mid
ENSG00000197457_STMN3,4.863042786,mid
ENSG00000162878_PKDCC,4.861069197,mid
ENSG00000224975_INE1,4.859611054,mid
ENSG00000281501_SEPSECS-AS1,4.85851799,mid
ENSG00000261115_TMEM178B,4.85506874,mid
ENSG00000204261_PSMB8-AS1,4.854808275,mid
ENSG00000231889_TRAF3IP2-AS1,4.854262197,mid
ENSG00000272606_AC015982.2,4.854219161,mid
ENSG00000185186_LINC00313,4.852356182,mid
ENSG00000271862_AC104118.1,4.851621105,mid
ENSG00000275481_AC025031.4,4.851407133,mid
ENSG00000280739_EIF1B-AS1,4.850285711,mid
ENSG00000253669_GASAL1,4.847800182,mid
ENSG00000281468_AC006504.7,4.846381786,mid
ENSG00000185467_KPNA7,4.845666938,mid
ENSG00000271851_AC087501.4,4.845072776,mid
ENSG00000106069_CHN2,4.843910878,mid
ENSG00000140876_NUDT7,4.843754545,mid
ENSG00000105613_MAST1,4.843058755,mid
ENSG00000166341_DCHS1,4.840681781,mid
ENSG00000168490_PHYHIP,4.838087761,mid
ENSG00000278299_TBC1D3C,4.837475867,mid
ENSG00000285999_AC025442.2,4.836888052,mid
ENSG00000165507_DEPP1,4.830158844,mid
ENSG00000131015_ULBP2,4.829718114,mid
ENSG00000143450_OAZ3,4.828194621,mid
ENSG00000123610_TNFAIP6,4.826879195,mid
ENSG00000259498_TPM1-AS,4.825360726,mid
ENSG00000222047_C10orf55,4.824557087,mid
ENSG00000164674_SYTL3,4.822095318,mid
ENSG00000284602_AL031432.4,4.816034392,mid
ENSG00000272288_AL451165.2,4.815735429,mid
ENSG00000271754_AL355802.3,4.813793998,mid
ENSG00000155093_PTPRN2,4.813755934,mid
ENSG00000197766_CFD,4.813020657,mid
ENSG00000281357_ARRDC3-AS1,4.812905854,mid
ENSG00000286214_AUXG01000058.1,4.81284027,mid
ENSG00000254122_PCDHGB7,4.812340986,mid
ENSG00000271789_AL080317.1,4.807576882,mid
ENSG00000269906_AL606834.1,4.807286255,mid
ENSG00000273723_AL139089.1,4.806509795,mid
ENSG00000206140_TMEM191C,4.805832078,mid
ENSG00000181690_PLAG1,4.803724284,mid
ENSG00000231881_AL109615.2,4.803505558,mid
ENSG00000203778_FAM229B,4.800980071,mid
ENSG00000269176_AP001160.3,4.800963361,mid
ENSG00000277879_AL391988.1,4.800879507,mid
ENSG00000286532_PARTICL,4.80046894,mid
ENSG00000278709_NKILA,4.79954309,mid
ENSG00000269939_PCF11-AS1,4.798984582,mid
ENSG00000167971_CASKIN1,4.798862996,mid
ENSG00000261094_AC007066.2,4.796957236,mid
ENSG00000128564_VGF,4.79661402,mid
ENSG00000197332_AC008543.1,4.795205541,mid
ENSG00000255874_LINC00346,4.789916854,mid
ENSG00000260293_AC106820.4,4.789193774,mid
ENSG00000281453_TGFB2-OT1,4.788808716,mid
ENSG00000173705_SUSD5,4.78852585,mid
ENSG00000286805_AL138716.1,4.788238525,mid
ENSG00000231028_LINC00271,4.787815396,mid
ENSG00000272141_AL390719.2,4.787781831,mid
ENSG00000225032_AL162586.1,4.786396657,mid
ENSG00000179743_AL450998.2,4.785904281,mid
ENSG00000267259_ERVE-1,4.782223479,mid
ENSG00000164879_CA3,4.781210047,mid
ENSG00000158427_TMSB15B,4.780290705,mid
ENSG00000240889_NDUFB2-AS1,4.775726362,mid
ENSG00000156103_MMP16,4.775346762,mid
ENSG00000243137_PSG4,4.77455286,mid
ENSG00000163286_ALPG,4.773686823,mid
ENSG00000269473_AC012313.8,4.773505519,mid
ENSG00000268592_AL355312.3,4.772851902,mid
ENSG00000227388_AL133410.1,4.771248168,mid
ENSG00000275964_AL355001.2,4.77108958,mid
ENSG00000139899_CBLN3,4.770438107,mid
ENSG00000181444_ZNF467,4.769241103,mid
ENSG00000287697_Z99127.4,4.767894044,mid
ENSG00000264456_AC138207.4,4.767545405,mid
ENSG00000272853_AC069544.1,4.767449134,mid
ENSG00000176593_AC008969.1,4.767139261,mid
ENSG00000273449_AC093788.1,4.764710955,mid
ENSG00000269399_AC008764.6,4.764705133,mid
ENSG00000262580_AC087741.1,4.764572589,mid
ENSG00000253537_PCDHGA7,4.763188294,mid
ENSG00000143494_VASH2,4.7627345,mid
ENSG00000257242_LINC01619,4.762438228,mid
ENSG00000152137_HSPB8,4.761470648,mid
ENSG00000236548_RNF217-AS1,4.758240174,mid
ENSG00000220201_ZGLP1,4.757484389,mid
ENSG00000235499_AC073046.1,4.757182484,mid
ENSG00000123838_C4BPA,4.756772824,mid
ENSG00000278000_AC139100.2,4.756669125,mid
ENSG00000226696_LENG8-AS1,4.755141092,mid
ENSG00000088726_TMEM40,4.754484129,mid
ENSG00000228544_CCDC183-AS1,4.753538435,mid
ENSG00000213937_CLDN9,4.752143127,mid
ENSG00000214401_KANSL1-AS1,4.750278016,mid
ENSG00000272221_AL645933.2,4.747939203,mid
ENSG00000107249_GLIS3,4.747633821,mid
ENSG00000160867_FGFR4,4.747474649,mid
ENSG00000125508_SRMS,4.74630928,mid
ENSG00000286193_AC025449.2,4.745947357,mid
ENSG00000156042_CFAP70,4.745771355,mid
ENSG00000270562_AC097634.1,4.74438055,mid
ENSG00000275601_AC011330.2,4.743188836,mid
ENSG00000269313_MAGIX,4.74314071,mid
ENSG00000234753_FOXP4-AS1,4.74229414,mid
ENSG00000284954_AL662884.3,4.742033701,mid
ENSG00000167968_DNASE1L2,4.740712339,mid
ENSG00000286340_AL356776.2,4.74068759,mid
ENSG00000171962_DRC3,4.737893871,mid
ENSG00000177839_PCDHB9,4.737267394,mid
ENSG00000213658_LAT,4.737123819,mid
ENSG00000254815_AP006284.1,4.736098971,mid
ENSG00000167646_DNAAF3,4.731570079,mid
ENSG00000282851_BISPR,4.730892334,mid
ENSG00000273382_AL356488.3,4.729121831,mid
ENSG00000272599_AC016394.2,4.728871139,mid
ENSG00000226332_AL354836.1,4.728489903,mid
ENSG00000228393_LINC01004,4.728424711,mid
ENSG00000181104_F2R,4.728318363,mid
ENSG00000178163_ZNF518B,4.728142431,mid
ENSG00000260339_HEXA-AS1,4.72751986,mid
ENSG00000257261_AC008014.1,4.727182609,mid
ENSG00000229950_TFAP2A-AS1,4.725331901,mid
ENSG00000109667_SLC2A9,4.725144871,mid
ENSG00000148357_HMCN2,4.724673519,mid
ENSG00000165125_TRPV6,4.724286424,mid
ENSG00000172575_RASGRP1,4.724278854,mid
ENSG00000162572_SCNN1D,4.722098399,mid
ENSG00000250608_AC010210.1,4.721887506,mid
ENSG00000183691_NOG,4.720161851,mid
ENSG00000228486_C2orf92,4.720122578,mid
ENSG00000127129_EDN2,4.716839586,mid
ENSG00000272750_AL592148.3,4.716001264,mid
ENSG00000177483_RBM44,4.715200328,mid
ENSG00000273148_LINC00653,4.71485284,mid
ENSG00000205913_SRRM2-AS1,4.71383446,mid
ENSG00000260077_AC104794.3,4.712505603,mid
ENSG00000272140_AC022400.4,4.712423243,mid
ENSG00000260495_AC009148.1,4.711994296,mid
ENSG00000113578_FGF1,4.711243231,mid
ENSG00000286019_NOTCH2NLB,4.710040483,mid
ENSG00000223813_AC007255.1,4.709573093,mid
ENSG00000279529_AC008764.8,4.709026563,mid
ENSG00000108771_DHX58,4.708473424,mid
ENSG00000144481_TRPM8,4.707658872,mid
ENSG00000141497_ZMYND15,4.706215678,mid
ENSG00000276449_AC004076.2,4.70369384,mid
ENSG00000257557_PPP1R12A-AS1,4.703644535,mid
ENSG00000278156_TSC22D1-AS1,4.701172424,mid
ENSG00000281641_SAMD12-AS1,4.699475859,mid
ENSG00000272933_AL391121.1,4.699463163,mid
ENSG00000152475_ZNF837,4.697973558,mid
ENSG00000241769_LINC00893,4.694538647,mid
ENSG00000265778_AC018413.1,4.69306528,mid
ENSG00000268798_AC027307.3,4.691600178,mid
ENSG00000270049_AC009061.2,4.688576994,mid
ENSG00000213398_LCAT,4.687384155,mid
ENSG00000157578_LCA5L,4.685341624,mid
ENSG00000177374_HIC1,4.685198553,mid
ENSG00000023171_GRAMD1B,4.684656533,mid
ENSG00000105717_PBX4,4.684553404,mid
ENSG00000136695_IL36RN,4.684500603,mid
ENSG00000282572_AC215522.2,4.684085762,mid
ENSG00000213139_CRYGS,4.683882956,mid
ENSG00000100031_GGT1,4.683244776,mid
ENSG00000128045_RASL11B,4.682384989,mid
ENSG00000255224_AC109322.1,4.682280573,mid
ENSG00000233058_LINC00884,4.680405262,mid
ENSG00000234949_AC104667.2,4.679902797,mid
ENSG00000163412_EIF4E3,4.679224553,mid
ENSG00000157653_C9orf43,4.679129801,mid
ENSG00000260526_AC109347.1,4.678683867,mid
ENSG00000241106_HLA-DOB,4.678237068,mid
ENSG00000174567_GOLT1A,4.677747453,mid
ENSG00000009694_TENM1,4.677683074,mid
ENSG00000212993_POU5F1B,4.675818675,mid
ENSG00000135362_PRR5L,4.6751826,mid
ENSG00000232300_FAM215B,4.674086983,mid
ENSG00000204677_FAM153CP,4.671906849,mid
ENSG00000109771_LRP2BP,4.670419972,mid
ENSG00000162913_OBSCN-AS1,4.670326331,mid
ENSG00000135604_STX11,4.669539783,mid
ENSG00000165215_CLDN3,4.669090348,mid
ENSG00000273445_AC133644.2,4.666826414,mid
ENSG00000169245_CXCL10,4.66611579,mid
ENSG00000136425_CIB2,4.665528974,mid
ENSG00000108924_HLF,4.664792778,mid
ENSG00000100170_SLC5A1,4.659740412,mid
ENSG00000078487_ZCWPW1,4.658845244,mid
ENSG00000138161_CUZD1,4.657871325,mid
ENSG00000187796_CARD9,4.657674761,mid
ENSG00000104870_FCGRT,4.657283521,mid
ENSG00000157601_MX1,4.656463545,mid
ENSG00000185065_AC000068.1,4.656340196,mid
ENSG00000138316_ADAMTS14,4.655908421,mid
ENSG00000286909_AC024560.4,4.655772197,mid
ENSG00000182379_NXPH4,4.655742601,mid
ENSG00000158445_KCNB1,4.654788997,mid
ENSG00000272990_AC084036.1,4.653948849,mid
ENSG00000154917_RAB6B,4.652813807,mid
ENSG00000182612_TSPAN10,4.65166598,mid
ENSG00000282164_PEG13,4.650966129,mid
ENSG00000270589_AL158163.1,4.650551058,mid
ENSG00000129535_NRL,4.649418417,mid
ENSG00000228358_LINC02263,4.647896631,mid
ENSG00000103740_ACSBG1,4.647284983,mid
ENSG00000261126_RBFADN,4.645733621,mid
ENSG00000163141_BNIPL,4.645133061,mid
ENSG00000114115_RBP1,4.643573925,mid
ENSG00000177675_CD163L1,4.639956352,mid
ENSG00000122694_GLIPR2,4.638395073,mid
ENSG00000161328_LRRC56,4.636448334,mid
ENSG00000245848_CEBPA,4.635040324,mid
ENSG00000261071_AL441883.1,4.631094837,mid
ENSG00000174950_CD164L2,4.629883233,mid
ENSG00000136895_GARNL3,4.629697636,mid
ENSG00000233041_PHGR1,4.628842196,mid
ENSG00000259802_AC012640.2,4.627842706,mid
ENSG00000213901_SLC23A3,4.626594648,mid
ENSG00000225783_MIAT,4.626069631,mid
ENSG00000277687_AL139407.1,4.623833312,mid
ENSG00000245614_DDX11-AS1,4.622919403,mid
ENSG00000272195_AL356512.1,4.620461877,mid
ENSG00000259985_AC017100.1,4.620299722,mid
ENSG00000213057_C1orf220,4.619603573,mid
ENSG00000285219_HULC,4.619273192,mid
ENSG00000274561_AC005332.3,4.617992503,mid
ENSG00000248538_AC022784.1,4.612096403,mid
ENSG00000185338_SOCS1,4.610703258,mid
ENSG00000172482_AGXT,4.609289692,mid
ENSG00000283689_AC018553.2,4.60797144,mid
ENSG00000164761_TNFRSF11B,4.607661208,mid
ENSG00000205307_SAP25,4.607250851,mid
ENSG00000237975_FLG-AS1,4.605353855,mid
ENSG00000260461_AL133355.1,4.603464995,mid
ENSG00000242252_BGLAP,4.602853201,mid
ENSG00000135643_KCNMB4,4.601337223,mid
ENSG00000143434_SEMA6C,4.600705379,mid
ENSG00000272909_AL122035.2,4.59988281,mid
ENSG00000185046_ANKS1B,4.599191405,mid
ENSG00000179715_PCED1B,4.591958467,mid
ENSG00000272812_AC004908.2,4.591477611,mid
ENSG00000005243_COPZ2,4.589889737,mid
ENSG00000266900_AC027514.1,4.58979707,mid
ENSG00000265393_AC084125.4,4.589572829,mid
ENSG00000205085_FAM71F2,4.588617702,mid
ENSG00000255568_BRWD1-AS2,4.587225791,mid
ENSG00000180113_TDRD6,4.585883837,mid
ENSG00000274897_PANO1,4.585279272,mid
ENSG00000196741_LINC01560,4.582960096,mid
ENSG00000286996_AC099332.2,4.58191161,mid
ENSG00000224281_SLC25A5-AS1,4.581627254,mid
ENSG00000235257_ITGA9-AS1,4.579679109,mid
ENSG00000185532_PRKG1,4.579488996,mid
ENSG00000229337_AC079305.3,4.579474632,mid
ENSG00000196653_ZNF502,4.579154311,mid
ENSG00000234494_SP2-AS1,4.578492776,mid
ENSG00000223855_AC147651.1,4.574742912,mid
ENSG00000256188_TAS2R30,4.57381407,mid
ENSG00000273084_AC092171.5,4.573016413,mid
ENSG00000249348_UGDH-AS1,4.572772265,mid
ENSG00000173013_CCDC96,4.571718011,mid
ENSG00000258701_LINC00638,4.571077047,mid
ENSG00000266714_MYO15B,4.57104993,mid
ENSG00000229739_AL096803.2,4.571007126,mid
ENSG00000255893_AP000786.1,4.569469376,mid
ENSG00000214954_LRRC69,4.56756766,mid
ENSG00000149922_TBX6,4.565479765,mid
ENSG00000108379_WNT3,4.563014743,mid
ENSG00000100583_SAMD15,4.562973148,mid
ENSG00000254872_LINC02688,4.560938641,mid
ENSG00000092758_COL9A3,4.560260146,mid
ENSG00000244405_ETV5,4.560200259,mid
ENSG00000160191_PDE9A,4.559484888,mid
ENSG00000088538_DOCK3,4.558017278,mid
ENSG00000165300_SLITRK5,4.556980713,mid
ENSG00000259891_AC107375.1,4.556382815,mid
ENSG00000286314_AC010359.3,4.554271546,mid
ENSG00000156500_FAM122C,4.5541809,mid
ENSG00000275457_AL117332.1,4.553692989,mid
ENSG00000279873_LINC01126,4.553574071,mid
ENSG00000247728_AC091057.2,4.553150498,mid
ENSG00000121895_TMEM156,4.552801233,mid
ENSG00000287979_AC253572.2,4.552621435,mid
ENSG00000219435_CATSPERZ,4.551055272,mid
ENSG00000166278_C2,4.550109001,mid
ENSG00000260566_AC127459.1,4.54928842,mid
ENSG00000256982_AC135782.1,4.544654888,mid
ENSG00000260287_TBC1D3G,4.544210109,mid
ENSG00000260806_AL163051.1,4.54072301,mid
ENSG00000111215_PRR4,4.539428823,mid
ENSG00000173762_CD7,4.539127614,mid
ENSG00000153162_BMP6,4.538168365,mid
ENSG00000127362_TAS2R3,4.537305607,mid
ENSG00000189184_PCDH18,4.535864075,mid
ENSG00000168785_TSPAN5,4.535507492,mid
ENSG00000204706_MAMDC2-AS1,4.531978168,mid
ENSG00000260231_KDM7A-DT,4.531047289,mid
ENSG00000272368_AC074032.1,4.530731085,mid
ENSG00000082196_C1QTNF3,4.530356056,mid
ENSG00000196993_NPIPB9,4.524425851,mid
ENSG00000185482_STAC3,4.523905074,mid
ENSG00000224635_AL391095.1,4.523652391,mid
ENSG00000100321_SYNGR1,4.523557648,mid
ENSG00000285108_AC103718.1,4.522900358,mid
ENSG00000154240_CEP112,4.522615357,mid
ENSG00000260572_AC069224.1,4.52146653,mid
ENSG00000204956_PCDHGA1,4.521325954,mid
ENSG00000273173_SNURF,4.521257788,mid
ENSG00000183023_SLC8A1,4.520098296,mid
ENSG00000205189_ZBTB10,4.519982069,mid
ENSG00000288235_FAM106C,4.518233158,mid
ENSG00000254402_LRRC24,4.518167071,mid
ENSG00000273448_AC006480.2,4.517825688,mid
ENSG00000286828_AC008883.3,4.517702049,mid
ENSG00000135074_ADAM19,4.51611217,mid
ENSG00000167771_RCOR2,4.516000114,mid
ENSG00000268516_AC020915.2,4.515638456,mid
ENSG00000127366_TAS2R5,4.512846552,mid
ENSG00000125804_FAM182A,4.512171579,mid
ENSG00000287126_AC108488.3,4.509732492,mid
ENSG00000225092_AL355336.1,4.509529108,mid
ENSG00000172382_PRSS27,4.506887576,mid
ENSG00000221949_LINC01465,4.506642679,mid
ENSG00000269934_AL353593.1,4.506385259,mid
ENSG00000271971_AC120053.1,4.505149427,mid
ENSG00000283703_VSIG10L2,4.504175284,mid
ENSG00000227540_AC016394.1,4.502394229,mid
ENSG00000177692_DNAJC28,4.502078758,mid
ENSG00000253948_VPS13B-DT,4.501764247,mid
ENSG00000236810_ELOA-AS1,4.500464607,mid
ENSG00000248161_AC098487.1,4.499928588,mid
ENSG00000203865_ATP1A1-AS1,4.499913143,mid
ENSG00000215912_TTC34,4.499194163,mid
ENSG00000255153_TOLLIP-AS1,4.498850777,mid
ENSG00000133710_SPINK5,4.498673071,mid
ENSG00000262209_PCDHGB3,4.498377994,mid
ENSG00000253873_PCDHGA11,4.498274229,mid
ENSG00000146938_NLGN4X,4.49762227,mid
ENSG00000108511_HOXB6,4.496932812,mid
ENSG00000115266_APC2,4.496146978,mid
ENSG00000188825_LINC00910,4.495785842,mid
ENSG00000139410_SDSL,4.495474761,mid
ENSG00000222009_BTBD19,4.49415791,mid
ENSG00000256433_AC005840.2,4.493640514,mid
ENSG00000247199_AC011346.1,4.493610035,mid
ENSG00000268001_CARD8-AS1,4.492988391,mid
ENSG00000158104_HPD,4.492693594,mid
ENSG00000159915_ZNF233,4.492069685,mid
ENSG00000265100_AC005332.1,4.491554531,mid
ENSG00000111110_PPM1H,4.491306555,mid
ENSG00000158023_WDR66,4.491137545,mid
ENSG00000236761_CTAGE9,4.491081722,mid
ENSG00000225793_AL080250.1,4.489091005,mid
ENSG00000261351_AC116913.1,4.488985841,mid
ENSG00000246889_AP000487.1,4.488430763,mid
ENSG00000276337_AC105429.1,4.488214007,mid
ENSG00000272054_AC007390.2,4.488034586,mid
ENSG00000253250_C8orf88,4.487076819,mid
ENSG00000262001_DLGAP1-AS2,4.485607679,mid
ENSG00000272518_AC036214.2,4.484870013,mid
ENSG00000260691_ANKRD20A1,4.483941744,mid
ENSG00000162755_KLHDC9,4.483534415,mid
ENSG00000270640_AC104695.4,4.48280586,mid
ENSG00000228172_AL020996.1,4.482508369,mid
ENSG00000272800_AC021851.1,4.481718467,mid
ENSG00000225880_LINC00115,4.481577572,mid
ENSG00000233954_UQCRHL,4.481011119,mid
ENSG00000287978_AC245407.2,4.480991717,mid
ENSG00000182308_DCAF4L1,4.480967728,mid
ENSG00000142677_IL22RA1,4.479903944,mid
ENSG00000099840_IZUMO4,4.479377832,mid
ENSG00000260400_AL513534.2,4.477309222,mid
ENSG00000259826_AC072061.1,4.475497237,mid
ENSG00000162643_WDR63,4.473306344,mid
ENSG00000174137_FAM53A,4.472437294,mid
ENSG00000176971_FIBIN,4.471460638,mid
ENSG00000254109_RBPMS-AS1,4.469915482,mid
ENSG00000267493_CIRBP-AS1,4.469650318,mid
ENSG00000187699_C2orf88,4.469589696,mid
ENSG00000226754_AL606760.1,4.466829638,mid
ENSG00000245552_AP000787.1,4.46682394,mid
ENSG00000086300_SNX10,4.466018527,mid
ENSG00000287051_AC121757.2,4.465563022,mid
ENSG00000147251_DOCK11,4.465029601,mid
ENSG00000231760_AL355312.2,4.464093872,mid
ENSG00000235831_BHLHE40-AS1,4.463905051,mid
ENSG00000237773_AC073332.1,4.463355975,mid
ENSG00000272030_AL162258.2,4.463227315,mid
ENSG00000101307_SIRPB1,4.462426642,mid
ENSG00000254221_PCDHGB1,4.461542116,mid
ENSG00000261997_AC007336.1,4.458607346,mid
ENSG00000273132_AL355312.4,4.45738985,mid
ENSG00000266053_NDUFV2-AS1,4.456070666,mid
ENSG00000269951_AC090181.2,4.455418517,mid
ENSG00000138829_FBN2,4.453337378,mid
ENSG00000204616_TRIM31,4.452285091,mid
ENSG00000267169_AC022098.1,4.452191945,mid
ENSG00000257038_AP002761.3,4.451640112,mid
ENSG00000226403_AL392089.1,4.451366981,mid
ENSG00000229512_AC068580.1,4.44897991,mid
ENSG00000197361_FBXL22,4.448723327,mid
ENSG00000163354_DCST2,4.447251061,mid
ENSG00000274964_AC026356.1,4.446216883,mid
ENSG00000215817_ZC3H11B,4.445763382,mid
ENSG00000168386_FILIP1L,4.444954863,mid
ENSG00000172638_EFEMP2,4.444692549,mid
ENSG00000146856_AGBL3,4.444289908,mid
ENSG00000177494_ZBED2,4.442803547,mid
ENSG00000269902_AC234772.2,4.442785698,mid
ENSG00000260018_AC040169.1,4.44046231,mid
ENSG00000175564_UCP3,4.439941463,mid
ENSG00000271614_ATP2B1-AS1,4.439578733,mid
ENSG00000204248_COL11A2,4.438650002,mid
ENSG00000269514_AC024257.3,4.438303038,mid
ENSG00000065534_MYLK,4.436201551,mid
ENSG00000287811_AL391840.3,4.434109034,mid
ENSG00000267058_AC006213.2,4.432471976,mid
ENSG00000275202_AL161421.1,4.432064294,mid
ENSG00000153165_RGPD3,4.431839344,mid
ENSG00000183784_DOCK8-AS1,4.429961635,mid
ENSG00000120324_PCDHB10,4.429695505,mid
ENSG00000278662_GOLGA6L10,4.429544106,mid
ENSG00000204257_HLA-DMA,4.424969175,mid
ENSG00000260743_AC007823.1,4.423889879,mid
ENSG00000229589_ACVR2B-AS1,4.423832128,mid
ENSG00000274460_AC092119.2,4.423778607,mid
ENSG00000213316_LTC4S,4.422177032,mid
ENSG00000286846_Z93943.1,4.422013523,mid
ENSG00000257303_AC073896.2,4.421763149,mid
ENSG00000243926_TIPARP-AS1,4.421136961,mid
ENSG00000182890_GLUD2,4.420932809,mid
ENSG00000274270_AL137060.3,4.42068128,mid
ENSG00000165181_SHOC1,4.420265099,mid
ENSG00000173237_C11orf86,4.417781628,mid
ENSG00000137094_DNAJB5,4.417603761,mid
ENSG00000230896_AL604028.1,4.417185065,mid
ENSG00000276649_AL117335.1,4.416193224,mid
ENSG00000229124_VIM-AS1,4.415587622,mid
ENSG00000164406_LEAP2,4.415486922,mid
ENSG00000286634_AC146507.3,4.414353952,mid
ENSG00000183628_DGCR6,4.412938125,mid
ENSG00000276603_AL109614.1,4.411282726,mid
ENSG00000273284_AP001033.2,4.411248301,mid
ENSG00000275437_AL121832.3,4.40828648,mid
ENSG00000286811_AL353138.1,4.408206057,mid
ENSG00000269486_ERVK9-11,4.405053503,mid
ENSG00000176222_ZNF404,4.404967466,mid
ENSG00000170899_GSTA4,4.40435701,mid
ENSG00000276600_RAB7B,4.403221035,mid
ENSG00000226007_BX005266.2,4.402194865,mid
ENSG00000275854_AC084824.4,4.401890376,mid
ENSG00000101353_MROH8,4.401730092,mid
ENSG00000178460_MCMDC2,4.40114565,mid
ENSG00000204323_SMIM5,4.401005535,mid
ENSG00000213904_LIPE-AS1,4.400375593,mid
ENSG00000287837_AL590064.1,4.39873832,mid
ENSG00000090554_FLT3LG,4.398312299,mid
ENSG00000198203_SULT1C2,4.397081741,mid
ENSG00000123999_INHA,4.396912266,mid
ENSG00000271913_AL035530.2,4.395226271,mid
ENSG00000165914_TTC7B,4.395211817,mid
ENSG00000116852_KIF21B,4.394049443,mid
ENSG00000244067_GSTA2,4.393385956,mid
ENSG00000189223_PAX8-AS1,4.392888102,mid
ENSG00000254615_AC027031.2,4.392581913,mid
ENSG00000228727_SAPCD1,4.391736848,mid
ENSG00000260470_AC023794.6,4.390454096,mid
ENSG00000164509_IL31RA,4.385881367,mid
ENSG00000287932_AC000065.2,4.382426648,mid
ENSG00000238197_PAXBP1-AS1,4.378781521,mid
ENSG00000230510_PPP5D1,4.378037482,mid
ENSG00000151846_PABPC3,4.374804974,mid
ENSG00000241313_WWTR1-AS1,4.374490378,mid
ENSG00000101004_NINL,4.373979927,mid
ENSG00000268713_AC005261.3,4.371372335,mid
ENSG00000148935_GAS2,4.371272481,mid
ENSG00000166578_IQCD,4.36945076,mid
ENSG00000187824_TMEM220,4.36909089,mid
ENSG00000271895_AL109811.2,4.368434821,mid
ENSG00000285427_SOD2-OT1,4.365259673,mid
ENSG00000109339_MAPK10,4.364300908,mid
ENSG00000164061_BSN,4.363903482,mid
ENSG00000073737_DHRS9,4.363751746,mid
ENSG00000246877_DNM1P35,4.363402653,mid
ENSG00000197959_DNM3,4.362688773,mid
ENSG00000242866_STRC,4.361723047,mid
ENSG00000180938_ZNF572,4.359382912,mid
ENSG00000287168_AL512625.3,4.356708107,mid
ENSG00000115257_PCSK4,4.356151183,mid
ENSG00000257176_AC009318.1,4.355742039,mid
ENSG00000228288_PCAT6,4.35478499,mid
ENSG00000230454_U73166.1,4.354016898,mid
ENSG00000167525_PROCA1,4.353607786,mid
ENSG00000163794_UCN,4.35299386,mid
ENSG00000232648_AC107214.1,4.352254183,mid
ENSG00000188766_SPRED3,4.35207158,mid
ENSG00000232940_HCG25,4.349973976,mid
ENSG00000130208_APOC1,4.348635138,mid
ENSG00000156510_HKDC1,4.347858726,mid
ENSG00000272293_AC083964.1,4.347021213,mid
ENSG00000236751_LINC01186,4.346124063,mid
ENSG00000172458_IL17D,4.345695043,mid
ENSG00000269949_AC069307.1,4.345074764,mid
ENSG00000286408_AC113410.4,4.343722768,mid
ENSG00000250302_LINC01618,4.342463021,mid
ENSG00000099822_HCN2,4.342108774,mid
ENSG00000262877_AC110285.2,4.339844672,mid
ENSG00000091831_ESR1,4.339647762,mid
ENSG00000184923_NUTM2A,4.339319941,mid
ENSG00000261889_AC108134.2,4.337468252,mid
ENSG00000232859_LYRM9,4.337039102,mid
ENSG00000111224_PARP11,4.336109198,mid
ENSG00000180592_SKIDA1,4.336003472,mid
ENSG00000188611_ASAH2,4.33579761,mid
ENSG00000230732_AC016949.1,4.335457145,mid
ENSG00000234617_SNRK-AS1,4.335398679,mid
ENSG00000268670_AC016586.1,4.334233455,mid
ENSG00000236682_MAP3K2-DT,4.332197242,mid
ENSG00000169783_LINGO1,4.331334358,mid
ENSG00000259426_AC027237.3,4.325126858,mid
ENSG00000230061_TRPM2-AS,4.323671262,mid
ENSG00000188732_FAM221A,4.323669905,mid
ENSG00000139625_MAP3K12,4.322236652,mid
ENSG00000213213_CCDC183,4.32174043,mid
ENSG00000226471_Z93930.2,4.319705718,mid
ENSG00000107014_RLN2,4.319617783,mid
ENSG00000274414_AL121772.1,4.319503571,mid
ENSG00000163501_IHH,4.314035453,mid
ENSG00000166343_MSS51,4.312386843,mid
ENSG00000236017_ASMTL-AS1,4.311853926,mid
ENSG00000138944_SHISAL1,4.311351012,mid
ENSG00000267530_LINC01836,4.311339121,mid
ENSG00000182472_CAPN12,4.31059635,mid
ENSG00000148082_SHC3,4.310113274,mid
ENSG00000133874_RNF122,4.310088772,mid
ENSG00000270964_AC016355.1,4.309212134,mid
ENSG00000276900_AC023157.3,4.308985622,mid
ENSG00000104043_ATP8B4,4.306980478,mid
ENSG00000007062_PROM1,4.30622427,mid
ENSG00000281530_AC004461.2,4.30621879,mid
ENSG00000152785_BMP3,4.305633975,mid
ENSG00000233554_B4GALT1-AS1,4.304509237,mid
ENSG00000246350_AL049543.1,4.304470187,mid
ENSG00000273297_AC009275.1,4.302759707,mid
ENSG00000130222_GADD45G,4.301919363,mid
ENSG00000213424_KRT222,4.301650749,mid
ENSG00000181754_AMIGO1,4.299743604,mid
ENSG00000235590_GNAS-AS1,4.298639732,mid
ENSG00000196209_SIRPB2,4.297807385,mid
ENSG00000144218_AFF3,4.297357185,mid
ENSG00000198835_GJC2,4.296279199,mid
ENSG00000245281_AC124242.1,4.294719377,mid
ENSG00000249740_OSMR-AS1,4.291952098,mid
ENSG00000244607_CCDC13,4.291047737,mid
ENSG00000185437_SH3BGR,4.291009049,mid
ENSG00000105655_ISYNA1,4.28953489,mid
ENSG00000104863_LIN7B,4.28898769,mid
ENSG00000257298_AC008147.2,4.288895625,mid
ENSG00000281005_LINC00921,4.284708604,mid
ENSG00000072858_SIDT1,4.284489443,mid
ENSG00000260589_STAM-AS1,4.279466161,mid
ENSG00000270175_AC023509.3,4.27823468,mid
ENSG00000267838_AC245884.8,4.277140161,mid
ENSG00000267397_AC090229.1,4.276244457,mid
ENSG00000277007_AC096642.1,4.275372907,mid
ENSG00000205041_AC118344.1,4.273363925,mid
ENSG00000277363_SRCIN1,4.270294002,mid
ENSG00000183578_TNFAIP8L3,4.269797568,mid
ENSG00000170324_FRMPD2,4.267526462,mid
ENSG00000135063_FAM189A2,4.265501635,mid
ENSG00000250451_HOXC-AS1,4.265182706,mid
ENSG00000137726_FXYD6,4.264537272,mid
ENSG00000178977_LINC00324,4.262928948,mid
ENSG00000245888_NSMCE1-DT,4.262263267,mid
ENSG00000287733_AC083862.3,4.261040482,mid
ENSG00000270419_CAHM,4.2605329,mid
ENSG00000128594_LRRC4,4.260273954,mid
ENSG00000275765_AC091982.3,4.259760877,mid
ENSG00000229666_MAST4-AS1,4.259158423,mid
ENSG00000249492_AC114956.3,4.259158243,mid
ENSG00000135407_AVIL,4.258324914,mid
ENSG00000286724_AL732509.1,4.257841336,mid
ENSG00000261220_AC103706.1,4.254679211,mid
ENSG00000271141_AC010680.4,4.253696007,mid
ENSG00000273893_AL133520.1,4.251136926,mid
ENSG00000112981_NME5,4.249053777,mid
ENSG00000197980_LEKR1,4.248160746,mid
ENSG00000124215_CDH26,4.24735286,mid
ENSG00000112562_SMOC2,4.2465138,mid
ENSG00000168685_IL7R,4.242948556,mid
ENSG00000261320_AC009061.1,4.242478452,mid
ENSG00000179148_ALOXE3,4.242443732,mid
ENSG00000272688_AP005329.3,4.23463582,mid
ENSG00000197405_C5AR1,4.234327397,mid
ENSG00000168079_SCARA5,4.233683578,mid
ENSG00000288012_AP003307.1,4.233567646,mid
ENSG00000254165_AC090739.1,4.233446747,mid
ENSG00000272525_AC099522.2,4.232705881,mid
ENSG00000161381_PLXDC1,4.232578359,mid
ENSG00000131711_MAP1B,4.232043922,mid
ENSG00000280594_BTG3-AS1,4.231475918,mid
ENSG00000215458_AATBC,4.231067155,mid
ENSG00000198064_NPIPB13,4.230561271,mid
ENSG00000224790_AP000704.1,4.228047233,mid
ENSG00000134242_PTPN22,4.225992087,mid
ENSG00000278932_CR381653.1,4.225219716,mid
ENSG00000260418_AL023284.4,4.224813901,mid
ENSG00000275322_AC103746.1,4.219881371,mid
ENSG00000260577_AC126773.4,4.217950756,mid
ENSG00000185664_PMEL,4.216411062,mid
ENSG00000269984_AC078795.1,4.215376058,mid
ENSG00000184185_KCNJ12,4.211782084,mid
ENSG00000177294_FBXO39,4.210843422,mid
ENSG00000006837_CDKL3,4.209765728,mid
ENSG00000273691_AC087284.1,4.209605166,mid
ENSG00000162733_DDR2,4.209104928,mid
ENSG00000198673_TAFA2,4.208814604,mid
ENSG00000278467_AC138393.3,4.208206264,mid
ENSG00000261529_AC100774.1,4.207937729,mid
ENSG00000267940_AC022762.2,4.204910678,mid
ENSG00000270019_AC110769.2,4.20445472,mid
ENSG00000261879_AC087500.1,4.20204262,mid
ENSG00000203872_C6orf163,4.201250742,mid
ENSG00000260563_AC132872.1,4.201203219,mid
ENSG00000233198_RNF224,4.200068061,mid
ENSG00000112796_ENPP5,4.199741169,mid
ENSG00000198156_NPIPB6,4.199061451,mid
ENSG00000154146_NRGN,4.198562821,mid
ENSG00000278376_AP004609.3,4.198325863,mid
ENSG00000164418_GRIK2,4.198211508,mid
ENSG00000133640_LRRIQ1,4.197934391,mid
ENSG00000261840_AC093249.6,4.195488082,mid
ENSG00000168491_CCDC110,4.194732369,mid
ENSG00000184374_COLEC10,4.194161519,mid
ENSG00000214435_AS3MT,4.193810225,mid
ENSG00000167895_TMC8,4.192843521,mid
ENSG00000254389_RHPN1-AS1,4.192597729,mid
ENSG00000253485_PCDHGA5,4.192204619,mid
ENSG00000176909_MAMSTR,4.191284481,mid
ENSG00000250072_SH3TC2-DT,4.190866969,mid
ENSG00000178093_TSSK6,4.190654307,mid
ENSG00000272768_AC004854.2,4.189924007,mid
ENSG00000224358_TMCO1-AS1,4.188230189,mid
ENSG00000167723_TRPV3,4.184846648,mid
ENSG00000273058_AL359921.2,4.184155527,mid
ENSG00000248727_LINC01948,4.183669372,mid
ENSG00000288075_AC108519.1,4.183407087,mid
ENSG00000149591_TAGLN,4.18214565,mid
ENSG00000266947_AC022916.1,4.178846493,mid
ENSG00000234129_AC073529.1,4.173826701,mid
ENSG00000179299_NSUN7,4.170179541,mid
ENSG00000173467_AGR3,4.170039761,mid
ENSG00000187186_AL162231.1,4.168692586,mid
ENSG00000154263_ABCA10,4.16797065,mid
ENSG00000221890_NPTXR,4.167928075,mid
ENSG00000108797_CNTNAP1,4.167421122,mid
ENSG00000186496_ZNF396,4.164998964,mid
ENSG00000212122_TSSK1B,4.164330931,mid
ENSG00000276107_AC037198.1,4.163959457,mid
ENSG00000150281_CTF1,4.163724555,mid
ENSG00000274847_MAFIP,4.162453671,mid
ENSG00000286177_AC011462.5,4.160491448,mid
ENSG00000142694_EVA1B,4.158120143,mid
ENSG00000285723_AL034430.2,4.156817602,mid
ENSG00000272906_AL353708.3,4.156707857,mid
ENSG00000133069_TMCC2,4.156640644,mid
ENSG00000125531_FNDC11,4.156327857,mid
ENSG00000284052_AC006460.2,4.156231966,mid
ENSG00000105290_APLP1,4.156089759,mid
ENSG00000229334_AC046143.1,4.155848376,mid
ENSG00000164691_TAGAP,4.152981138,mid
ENSG00000157322_CLEC18A,4.145557571,mid
ENSG00000225556_C2CD4D,4.144897498,mid
ENSG00000151962_RBM46,4.144470839,mid
ENSG00000113205_PCDHB3,4.14368413,mid
ENSG00000238009_AL627309.1,4.143539229,mid
ENSG00000275954_TBC1D3F,4.140470268,mid
ENSG00000139597_N4BP2L1,4.139214254,mid
ENSG00000179841_AKAP5,4.139075301,mid
ENSG00000285278_TFAP2A-AS2,4.13661061,mid
ENSG00000181097_AC105219.1,4.13661061,mid
ENSG00000127084_FGD3,4.135887198,mid
ENSG00000074660_SCARF1,4.132272743,mid
ENSG00000224843_LINC00240,4.130359936,mid
ENSG00000203497_PDCD4-AS1,4.129088703,mid
ENSG00000230513_THAP7-AS1,4.128179625,mid
ENSG00000189369_GSPT2,4.127523451,mid
ENSG00000130829_DUSP9,4.127300451,mid
ENSG00000137821_LRRC49,4.126802059,mid
ENSG00000084110_HAL,4.126404654,mid
ENSG00000257556_LINC02298,4.126396252,mid
ENSG00000236423_LINC01134,4.125755675,mid
ENSG00000214870_AC004540.1,4.124125873,mid
ENSG00000162981_LRATD1,4.122992723,mid
ENSG00000174599_TRAM1L1,4.12181474,mid
ENSG00000247287_AL359220.1,4.121195365,mid
ENSG00000183780_SLC35F3,4.120237318,mid
ENSG00000272040_AC010245.2,4.119758988,mid
ENSG00000254473_AL354920.1,4.118389202,mid
ENSG00000272666_U62317.1,4.116238938,mid
ENSG00000261386_AC027682.4,4.116158532,mid
ENSG00000269318_AC007292.2,4.11521187,mid
ENSG00000274104_AC020910.5,4.114867701,mid
ENSG00000077935_SMC1B,4.113892305,mid
ENSG00000240291_AL450384.2,4.11162699,mid
ENSG00000205710_C17orf107,4.111527709,mid
ENSG00000180209_MYLPF,4.109232427,mid
ENSG00000182511_FES,4.108892346,mid
ENSG00000087128_TMPRSS11E,4.108707888,mid
ENSG00000227400_AC012501.2,4.108292712,mid
ENSG00000082556_OPRK1,4.105301248,mid
ENSG00000257433_AC004241.1,4.104897546,mid
ENSG00000272842_AL391834.1,4.100496958,mid
ENSG00000272630_AL731563.3,4.100194799,mid
ENSG00000154529_CNTNAP3B,4.099265164,mid
ENSG00000271969_U47924.1,4.098409813,mid
ENSG00000130045_NXNL2,4.098014161,mid
ENSG00000254936_AF131215.4,4.097612958,mid
ENSG00000267309_AC092295.2,4.097029089,mid
ENSG00000242375_AL590705.3,4.096877491,mid
ENSG00000260265_LINC02562,4.096564989,mid
ENSG00000269352_PTOV1-AS2,4.09537965,mid
ENSG00000260236_AC099778.1,4.094835591,mid
ENSG00000264853_AC011933.2,4.093965712,mid
ENSG00000268584_AC073389.1,4.093686159,mid
ENSG00000224822_THRB-IT1,4.091114837,mid
ENSG00000171631_P2RY6,4.090450357,mid
ENSG00000005073_HOXA11,4.090256977,mid
ENSG00000095397_WHRN,4.089127235,mid
ENSG00000251455_AC092611.1,4.088475288,mid
ENSG00000186517_ARHGAP30,4.087622447,mid
ENSG00000064763_FAR2,4.087575108,mid
ENSG00000286116_AL157394.3,4.086481632,mid
ENSG00000272936_AC096586.1,4.08506321,mid
ENSG00000145088_EAF2,4.084718489,mid
ENSG00000269680_AC008760.1,4.083036669,mid
ENSG00000135218_CD36,4.082485125,mid
ENSG00000225279_AL121987.1,4.081184039,mid
ENSG00000125618_PAX8,4.080719784,mid
ENSG00000141540_TTYH2,4.080148644,mid
ENSG00000256894_AC022509.3,4.079785907,mid
ENSG00000257497_AC121761.1,4.079651756,mid
ENSG00000258017_AC011603.2,4.079151428,mid
ENSG00000183128_CALHM3,4.077979444,mid
ENSG00000213889_PPM1N,4.075105631,mid
ENSG00000234160_AL513165.1,4.073724082,mid
ENSG00000255031_AP002807.1,4.072735699,mid
ENSG00000272644_AC097468.3,4.071823362,mid
ENSG00000246145_RRS1-AS1,4.071377724,mid
ENSG00000287584_AC004837.4,4.071039508,mid
ENSG00000144649_GASK1A,4.070733843,mid
ENSG00000183785_TUBA8,4.070246246,mid
ENSG00000255145_STX17-AS1,4.069154035,mid
ENSG00000271778_AC080013.3,4.06784081,mid
ENSG00000277639_AC007906.2,4.067119727,mid
ENSG00000227764_LINC01693,4.063131928,mid
ENSG00000234028_EIF2AK3-DT,4.061483398,mid
ENSG00000271380_AL451085.2,4.060087601,mid
ENSG00000196605_ZNF846,4.059248255,mid
ENSG00000266554_LINC01443,4.056992362,mid
ENSG00000235501_AC105942.1,4.056656336,mid
ENSG00000265413_AP001094.2,4.055839316,mid
ENSG00000266904_LINC00663,4.055765325,mid
ENSG00000272918_AC005070.3,4.054787758,mid
ENSG00000285728_AC098484.4,4.054242163,mid
ENSG00000120049_KCNIP2,4.05355411,mid
ENSG00000169962_TAS1R3,4.053121578,mid
ENSG00000275734_AC010538.1,4.052840274,mid
ENSG00000234284_ZNF879,4.051503037,mid
ENSG00000129749_CHRNA10,4.051297893,mid
ENSG00000060140_STYK1,4.050151172,mid
ENSG00000240032_LNCSRLR,4.049732998,mid
ENSG00000236671_PRKG1-AS1,4.049672702,mid
ENSG00000267801_AC087289.5,4.048188853,mid
ENSG00000267504_AC090236.2,4.048093654,mid
ENSG00000204428_LY6G5C,4.046964447,mid
ENSG00000260464_AL049796.1,4.046954171,mid
ENSG00000144648_ACKR2,4.045790582,mid
ENSG00000267064_UXT-AS1,4.045465456,mid
ENSG00000258057_BCDIN3D-AS1,4.041096437,mid
ENSG00000277511_AC116407.2,4.040654177,mid
ENSG00000166816_LDHD,4.0402728,mid
ENSG00000187867_PALM3,4.0390884,mid
ENSG00000246560_UBE2D3-AS1,4.038091497,mid
ENSG00000164849_GPR146,4.036482473,mid
ENSG00000100197_CYP2D6,4.035020132,mid
ENSG00000287817_AL096701.4,4.034850555,mid
ENSG00000160188_RSPH1,4.034466479,mid
ENSG00000165168_CYBB,4.033859165,mid
ENSG00000235652_AL356599.1,4.032159704,mid
ENSG00000286162_AL162253.2,4.031359338,mid
ENSG00000275888_AC132872.3,4.030210521,mid
ENSG00000286825_AL096870.6,4.029258709,mid
ENSG00000235169_SMIM1,4.028526504,mid
ENSG00000166396_SERPINB7,4.027088359,mid
ENSG00000273485_AL139339.2,4.026985256,mid
ENSG00000273680_AC009318.2,4.026516892,mid
ENSG00000152463_OLAH,4.026419779,mid
ENSG00000146955_RAB19,4.024395468,mid
ENSG00000081842_PCDHA6,4.023561608,mid
ENSG00000275223_AL121906.2,4.0223846,mid
ENSG00000281912_LINC01144,4.02158505,mid
ENSG00000267904_AC024075.1,4.020826497,mid
ENSG00000273387_AC005005.3,4.020512241,mid
ENSG00000176401_EID2B,4.020446722,mid
ENSG00000224950_AL390066.1,4.019462196,mid
ENSG00000204314_PRRT1,4.016393524,mid
ENSG00000271335_AL117336.2,4.013607576,mid
ENSG00000127561_SYNGR3,4.009080616,mid
ENSG00000251219_LINC01217,4.008015352,mid
ENSG00000269959_SPACA6P-AS,4.006781865,mid
ENSG00000105650_PDE4C,4.001363461,mid
ENSG00000138378_STAT4,4.000414298,mid
ENSG00000008735_MAPK8IP2,3.999931496,mid
ENSG00000135697_BCO1,3.999375928,mid
ENSG00000204175_GPRIN2,3.99853635,mid
ENSG00000203288_TDRKH-AS1,3.997693635,mid
ENSG00000278002_AL627171.1,3.997465271,mid
ENSG00000267280_TBX2-AS1,3.996361004,mid
ENSG00000181016_LSMEM1,3.995241673,mid
ENSG00000278266_AC079949.2,3.993644348,mid
ENSG00000247982_LINC00926,3.992821504,mid
ENSG00000111913_RIPOR2,3.992125752,mid
ENSG00000230555_AL450326.1,3.991852474,mid
ENSG00000167549_CORO6,3.99174843,mid
ENSG00000143355_LHX9,3.991499666,mid
ENSG00000176928_GCNT4,3.99090134,mid
ENSG00000247121_AC009126.1,3.98999337,mid
ENSG00000228109_MELTF-AS1,3.988296939,mid
ENSG00000246859_STARD4-AS1,3.987054633,mid
ENSG00000230498_AL035409.1,3.986916319,mid
ENSG00000185267_CDNF,3.986564576,mid
ENSG00000254369_HOXA-AS3,3.986545556,mid
ENSG00000064655_EYA2,3.982461601,mid
ENSG00000241935_HOGA1,3.982302069,mid
ENSG00000260388_LINC00562,3.981960077,mid
ENSG00000273062_AL449106.1,3.981670993,mid
ENSG00000237399_PITRM1-AS1,3.980384922,mid
ENSG00000280303_ERICD,3.980308244,mid
ENSG00000272146_ARF4-AS1,3.979225769,mid
ENSG00000286042_LCAL1,3.978856213,mid
ENSG00000253767_PCDHGA8,3.976783263,mid
ENSG00000184368_MAP7D2,3.976627503,mid
ENSG00000203392_AC105020.1,3.976625374,mid
ENSG00000137877_SPTBN5,3.97482455,mid
ENSG00000271551_AL355297.4,3.973060285,mid
ENSG00000140506_LMAN1L,3.971683529,mid
ENSG00000261096_AC073476.3,3.971055491,mid
ENSG00000261360_AC010491.1,3.970809659,mid
ENSG00000272899_ATP6V1FNB,3.970016873,mid
ENSG00000253154_AC100801.1,3.967838161,mid
ENSG00000223802_CERS1,3.966086239,mid
ENSG00000287566_AL732437.3,3.96522627,mid
ENSG00000242396_AC096536.2,3.964539844,mid
ENSG00000248734_AC008906.1,3.964028083,mid
ENSG00000260645_AL359715.2,3.962402001,mid
ENSG00000263004_AC007114.1,3.961367066,mid
ENSG00000267871_ZNF460-AS1,3.960236882,mid
ENSG00000113946_CLDN16,3.959951612,mid
ENSG00000271452_AC005034.5,3.956853095,mid
ENSG00000276259_AC009118.3,3.955590642,mid
ENSG00000271011_AC010680.3,3.954216586,mid
ENSG00000232656_IDI2-AS1,3.953515743,mid
ENSG00000232860_SMG7-AS1,3.953505555,mid
ENSG00000233871_DLG5-AS1,3.95350029,mid
ENSG00000143512_HHIPL2,3.951652933,mid
ENSG00000254343_AC091563.1,3.950561526,mid
ENSG00000206073_SERPINB4,3.949137691,mid
ENSG00000273271_AP000254.2,3.949123776,mid
ENSG00000243107_AC000120.1,3.949029357,mid
ENSG00000225855_RUSC1-AS1,3.947857414,mid
ENSG00000263235_AC006111.2,3.94747255,mid
ENSG00000286548_AL596214.1,3.947342403,mid
ENSG00000135437_RDH5,3.946685395,mid
ENSG00000254556_AF131215.2,3.946569202,mid
ENSG00000163209_SPRR3,3.946393206,mid
ENSG00000148680_HTR7,3.946229035,mid
ENSG00000253315_LINC01932,3.945788991,mid
ENSG00000130711_PRDM12,3.945431099,mid
ENSG00000104953_TLE6,3.945297196,mid
ENSG00000143127_ITGA10,3.944507035,mid
ENSG00000227486_AL050309.1,3.942417709,mid
ENSG00000120664_SPART-AS1,3.940199393,mid
ENSG00000287035_AC138470.2,3.934995724,mid
ENSG00000272263_AC034198.2,3.934968644,mid
ENSG00000239569_KMT2E-AS1,3.93446525,mid
ENSG00000183760_ACP7,3.93268737,mid
ENSG00000099256_PRTFDC1,3.931043246,mid
ENSG00000225265_TAF1A-AS1,3.930928723,mid
ENSG00000262823_AC127521.1,3.930425401,mid
ENSG00000285825_CCDC15-DT,3.929704756,mid
ENSG00000258938_AL162311.3,3.927720167,mid
ENSG00000073150_PANX2,3.927524674,mid
ENSG00000261441_AC124068.2,3.926969283,mid
ENSG00000258559_AC005519.1,3.925680422,mid
ENSG00000101605_MYOM1,3.923806705,mid
ENSG00000128271_ADORA2A,3.923514782,mid
ENSG00000246695_RASSF8-AS1,3.923041918,mid
ENSG00000127863_TNFRSF19,3.923008763,mid
ENSG00000197180_AC244090.1,3.922969751,mid
ENSG00000224023_EDRF1-DT,3.922714659,mid
ENSG00000187950_OVCH1,3.921992486,mid
ENSG00000255837_TAS2R20,3.920934679,mid
ENSG00000183092_BEGAIN,3.919214263,mid
ENSG00000127528_KLF2,3.915708892,mid
ENSG00000253944_AC027117.2,3.912008547,mid
ENSG00000168306_ACOX2,3.911286407,mid
ENSG00000154133_ROBO4,3.911264629,mid
ENSG00000274213_AC015912.3,3.911041748,mid
ENSG00000134363_FST,3.910353229,mid
ENSG00000262227_AC004771.3,3.909665415,mid
ENSG00000182782_HCAR2,3.908228618,mid
ENSG00000267787_AC027097.2,3.907447668,mid
ENSG00000206417_H1FX-AS1,3.906862836,mid
ENSG00000253741_LNCOC1,3.906356071,mid
ENSG00000223749_MIR503HG,3.906240905,mid
ENSG00000234719_NPIPB2,3.90448317,mid
ENSG00000275719_AC008622.2,3.903642375,mid
ENSG00000274421_AL162390.1,3.903172088,mid
ENSG00000271855_AC073195.1,3.902014479,mid
ENSG00000262265_AC002558.3,3.901728013,mid
ENSG00000243004_AC005062.1,3.899677304,mid
ENSG00000278035_AL121895.2,3.899550621,mid
ENSG00000233251_AC007743.1,3.899544799,mid
ENSG00000134830_C5AR2,3.896353079,mid
ENSG00000186105_LRRC70,3.895862656,mid
ENSG00000270638_AL023806.1,3.894212656,mid
ENSG00000101335_MYL9,3.893940865,mid
ENSG00000115318_LOXL3,3.893800704,mid
ENSG00000260855_AL591848.4,3.892903016,mid
ENSG00000242539_AC007620.2,3.889591532,mid
ENSG00000059377_TBXAS1,3.888940771,mid
ENSG00000246792_AC106038.1,3.888217981,mid
ENSG00000224418_STK24-AS1,3.886912043,mid
ENSG00000251359_WWC2-AS2,3.885102497,mid
ENSG00000274849_AC023043.4,3.884842873,mid
ENSG00000284308_C2orf81,3.884176557,mid
ENSG00000233452_STXBP5-AS1,3.883860349,mid
ENSG00000228878_SEPTIN7-AS1,3.883117023,mid
ENSG00000282977_PCBP2-OT1,3.883086552,mid
ENSG00000286327_AL035427.2,3.882079302,mid
ENSG00000274922_AL139384.1,3.881062444,mid
ENSG00000127324_TSPAN8,3.878011172,mid
ENSG00000232306_AC012485.2,3.877835213,mid
ENSG00000286558_AC098679.5,3.877108772,mid
ENSG00000118194_TNNT2,3.875347413,mid
ENSG00000128165_ADM2,3.873359465,mid
ENSG00000280007_AC008079.1,3.872844656,mid
ENSG00000184068_SREBF2-AS1,3.871848862,mid
ENSG00000251442_LINC01094,3.871348824,mid
ENSG00000253953_PCDHGB4,3.869467038,mid
ENSG00000231683_AL033397.1,3.869222243,mid
ENSG00000180176_TH,3.867781989,mid
ENSG00000261737_AL049597.2,3.867683901,mid
ENSG00000276997_AL513314.2,3.867513876,mid
ENSG00000115902_SLC1A4,3.866941162,mid
ENSG00000234476_LINC02765,3.865762713,mid
ENSG00000270720_AC104785.1,3.863477086,mid
ENSG00000206567_AC022007.1,3.861804805,mid
ENSG00000138639_ARHGAP24,3.860837063,mid
ENSG00000271151_AC016737.1,3.857951338,mid
ENSG00000256040_PAPPA-AS1,3.857923499,mid
ENSG00000286699_AC084198.2,3.857287578,mid
ENSG00000225269_LINC00705,3.852757083,mid
ENSG00000283378_CNTNAP3C,3.851729141,mid
ENSG00000214290_COLCA2,3.851400888,mid
ENSG00000285886_AC211476.6,3.851201493,mid
ENSG00000183281_PLGLB1,3.851079432,mid
ENSG00000139187_KLRG1,3.850579936,mid
ENSG00000050438_SLC4A8,3.850557929,mid
ENSG00000241962_AC079447.1,3.848990366,mid
ENSG00000275807_AC145285.6,3.848218968,mid
ENSG00000277662_AL354696.1,3.847814299,mid
ENSG00000272767_JMJD1C-AS1,3.847806891,mid
ENSG00000169550_MUC15,3.846398043,mid
ENSG00000182791_CCDC87,3.846353509,mid
ENSG00000259349_AC011921.1,3.846267981,mid
ENSG00000178573_MAF,3.844910115,mid
ENSG00000232160_RAP2C-AS1,3.844832397,mid
ENSG00000272425_AC009902.3,3.844628666,mid
ENSG00000165071_TMEM71,3.844384366,mid
ENSG00000170049_KCNAB3,3.842266259,mid
ENSG00000152454_ZNF256,3.839333799,mid
ENSG00000237188_AC242426.2,3.8390186,mid
ENSG00000108622_ICAM2,3.837096349,mid
ENSG00000263823_AC009831.1,3.836957057,mid
ENSG00000144355_DLX1,3.836621856,mid
ENSG00000285128_AC092306.1,3.835490508,mid
ENSG00000274220_AC009163.7,3.832958871,mid
ENSG00000272277_AL031963.3,3.831519569,mid
ENSG00000251161_AC020661.1,3.830209833,mid
ENSG00000162676_GFI1,3.829184164,mid
ENSG00000255750_AC022509.1,3.828862854,mid
ENSG00000280036_AC020661.4,3.826984577,mid
ENSG00000226609_AL390067.1,3.825957651,mid
ENSG00000231064_AC234582.1,3.825577777,mid
ENSG00000108176_DNAJC12,3.825112809,mid
ENSG00000260578_AC110597.1,3.824367702,mid
ENSG00000127530_OR7C1,3.822627258,mid
ENSG00000287110_AC112484.5,3.822609156,mid
ENSG00000142046_TMEM91,3.820195637,mid
ENSG00000203706_SERTAD4-AS1,3.817969582,mid
ENSG00000277715_AC079174.2,3.817088058,mid
ENSG00000137285_TUBB2B,3.816141035,mid
ENSG00000214188_ST7-OT4,3.815363253,mid
ENSG00000165757_JCAD,3.815061449,mid
ENSG00000270177_AC104109.2,3.813558493,mid
ENSG00000251660_AC007036.3,3.812377168,mid
ENSG00000227082_LINC02798,3.812357772,mid
ENSG00000274808_TBC1D3B,3.809533909,mid
ENSG00000160323_ADAMTS13,3.808735077,mid
ENSG00000165028_NIPSNAP3B,3.808015762,mid
ENSG00000184659_FOXD4L4,3.807275582,mid
ENSG00000123685_BATF3,3.80720622,mid
ENSG00000273008_AC010864.1,3.80709722,mid
ENSG00000166589_CDH16,3.80665704,mid
ENSG00000272173_U47924.2,3.806408224,mid
ENSG00000286264_AP001453.3,3.806232562,mid
ENSG00000224086_AC245452.1,3.804826283,mid
ENSG00000286817_AC105339.6,3.804227467,mid
ENSG00000126709_IFI6,3.803703699,mid
ENSG00000277619_AC008406.3,3.79905045,mid
ENSG00000055955_ITIH4,3.797025196,mid
ENSG00000226180_AC010536.1,3.796180241,mid
ENSG00000159753_CARMIL2,3.794034806,mid
ENSG00000275580_AC022306.2,3.792980739,mid
ENSG00000261189_AL031058.1,3.791807739,mid
ENSG00000234694_AL139289.2,3.791035624,mid
ENSG00000251636_LINC01218,3.790005625,mid
ENSG00000271826_PLS3-AS1,3.789067422,mid
ENSG00000268049_AC012313.2,3.787109127,mid
ENSG00000124116_WFDC3,3.786195624,mid
ENSG00000127578_WFIKKN1,3.78531524,mid
ENSG00000118557_PMFBP1,3.784544253,mid
ENSG00000260369_AC120024.1,3.783008987,mid
ENSG00000162814_SPATA17,3.781875964,mid
ENSG00000196511_TPK1,3.779567271,mid
ENSG00000242082_SLC5A4-AS1,3.778708551,mid
ENSG00000177725_AC105206.1,3.775657324,mid
ENSG00000280543_ASAP1-IT2,3.770299717,mid
ENSG00000247735_AC120114.1,3.769423777,mid
ENSG00000181856_SLC2A4,3.769422977,mid
ENSG00000131386_GALNT15,3.769332177,mid
ENSG00000261251_Z97055.2,3.767998662,mid
ENSG00000286964_AL136169.1,3.766894609,mid
ENSG00000234076_TPRG1-AS1,3.766884443,mid
ENSG00000274204_AL138689.1,3.765159951,mid
ENSG00000171368_TPPP,3.764347168,mid
ENSG00000253598_SLC10A5,3.764036636,mid
ENSG00000230002_ALMS1-IT1,3.760091759,mid
ENSG00000278023_RDM1,3.759158276,mid
ENSG00000266709_AC005224.3,3.757986395,mid
ENSG00000266965_AC090220.1,3.757738583,mid
ENSG00000225806_AL121917.1,3.757510496,mid
ENSG00000186907_RTN4RL2,3.757410729,mid
ENSG00000272523_LINC01023,3.7570966,mid
ENSG00000269985_AL021328.1,3.756604773,mid
ENSG00000232803_SLCO4A1-AS1,3.756123565,mid
ENSG00000261758_AC117382.2,3.752543828,mid
ENSG00000167701_GPT,3.751197813,mid
ENSG00000261451_AC104964.3,3.751039964,mid
ENSG00000288068_AC027088.5,3.750863775,mid
ENSG00000189108_IL1RAPL2,3.749795227,mid
ENSG00000142619_PADI3,3.74929414,mid
ENSG00000285693_AP002381.2,3.74928625,mid
ENSG00000162148_PPP1R32,3.747078217,mid
ENSG00000265458_AC132938.3,3.745313475,mid
ENSG00000275793_RIMBP3,3.744784368,mid
ENSG00000276527_AL356515.1,3.74475544,mid
ENSG00000228775_WEE2-AS1,3.742516713,mid
ENSG00000105929_ATP6V0A4,3.742027697,mid
ENSG00000227954_TARID,3.741628628,mid
ENSG00000113721_PDGFRB,3.740939572,mid
ENSG00000221916_C19orf73,3.739763099,mid
ENSG00000204219_TCEA3,3.739668244,mid
ENSG00000287037_AC097709.1,3.737756047,mid
ENSG00000273162_AL133215.2,3.736291091,mid
ENSG00000273064_AC017083.1,3.734968736,mid
ENSG00000273306_AC018690.1,3.734563402,mid
ENSG00000283528_TCAF2C,3.733935665,mid
ENSG00000132026_RTBDN,3.73366461,mid
ENSG00000150672_DLG2,3.731890509,mid
ENSG00000131016_AKAP12,3.731664462,mid
ENSG00000270956_AC009948.3,3.731335556,mid
ENSG00000260949_AP006545.1,3.730973915,mid
ENSG00000131781_FMO5,3.730766963,mid
ENSG00000182950_ODF3L1,3.73075716,mid
ENSG00000197153_HIST1H3J,3.730342482,mid
ENSG00000280374_AC019080.6,3.729075633,mid
ENSG00000272760_AC093726.1,3.724780947,mid
ENSG00000235527_HIPK1-AS1,3.724561247,mid
ENSG00000231125_AF129075.1,3.724505882,mid
ENSG00000188095_MESP2,3.723524728,mid
ENSG00000286861_AL049779.4,3.723250897,mid
ENSG00000185614_INKA1,3.722213575,mid
ENSG00000234390_USP27X-AS1,3.721732916,mid
ENSG00000258526_AL049828.1,3.720959823,mid
ENSG00000268189_AC005785.1,3.72080292,mid
ENSG00000186019_AC021092.1,3.717521037,mid
ENSG00000196569_LAMA2,3.717005732,mid
ENSG00000176428_VPS37D,3.715525232,mid
ENSG00000273245_AC092653.1,3.715206691,mid
ENSG00000176020_AMIGO3,3.715080685,mid
ENSG00000174236_REP15,3.713908062,mid
ENSG00000178397_FAM220A,3.711846653,mid
ENSG00000275401_AL391095.3,3.711477813,mid
ENSG00000275494_AC133552.5,3.710568808,mid
ENSG00000287306_AC016821.1,3.70943498,mid
ENSG00000272323_AC026801.2,3.708053228,mid
ENSG00000093134_VNN3,3.70525437,mid
ENSG00000205784_ARRDC5,3.700387373,mid
ENSG00000163216_SPRR2D,3.698385987,mid
ENSG00000215374_FAM66B,3.6979432,mid
ENSG00000010810_FYN,3.697849936,mid
ENSG00000272970_AC107294.2,3.697737576,mid
ENSG00000267221_C17orf113,3.696513918,mid
ENSG00000286753_AC091978.1,3.693605179,mid
ENSG00000272374_Z97832.2,3.693294604,mid
ENSG00000273226_AL391834.2,3.690537674,mid
ENSG00000142449_FBN3,3.689267095,mid
ENSG00000266805_AP005432.1,3.686712354,mid
ENSG00000188293_IGFL1,3.68448665,mid
ENSG00000180998_GPR137C,3.683925269,mid
ENSG00000150540_HNMT,3.680996173,mid
ENSG00000131233_GJA9,3.680060654,mid
ENSG00000259230_LINC02323,3.678793586,mid
ENSG00000267121_AC008105.3,3.677018669,mid
ENSG00000286010_AC108925.1,3.674271639,mid
ENSG00000249364_AC112206.2,3.674106245,mid
ENSG00000240224_UGT1A5,3.671773872,mid
ENSG00000263786_AC022211.1,3.671702725,mid
ENSG00000233901_LINC01503,3.671059059,mid
ENSG00000157111_TMEM171,3.669612393,mid
ENSG00000234546_LNCTAM34A,3.665807011,mid
ENSG00000145020_AMT,3.665536164,mid
ENSG00000172828_CES3,3.665493968,mid
ENSG00000183287_CCBE1,3.665149055,mid
ENSG00000205177_C11orf91,3.664056777,mid
ENSG00000250950_AC093752.2,3.663799193,mid
ENSG00000274015_AL136038.5,3.663688755,mid
ENSG00000261584_AL513548.1,3.663447528,mid
ENSG00000223685_LINC00571,3.663211656,mid
ENSG00000276007_AC079414.3,3.662800963,mid
ENSG00000254676_AP000873.4,3.661216413,mid
ENSG00000188171_ZNF626,3.660558886,mid
ENSG00000218537_MIF-AS1,3.658990532,mid
ENSG00000184995_IFNE,3.658215436,mid
ENSG00000112175_BMP5,3.6568918,mid
ENSG00000270108_AL049840.6,3.656762876,mid
ENSG00000225205_AC078883.1,3.656439083,mid
ENSG00000286180_AC073140.2,3.65571689,mid
ENSG00000287527_AC005753.3,3.655631887,mid
ENSG00000172940_SLC22A13,3.655517204,mid
ENSG00000197054_ZNF763,3.653822748,mid
ENSG00000095932_SMIM24,3.653705182,mid
ENSG00000261560_AC007216.3,3.651939411,mid
ENSG00000224536_AC096677.1,3.651735075,mid
ENSG00000272563_AC016745.2,3.649350754,mid
ENSG00000272010_AC100814.1,3.648727847,mid
ENSG00000246526_LINC002481,3.648138045,mid
ENSG00000126246_IGFLR1,3.647526103,mid
ENSG00000287750_AL353572.4,3.646962039,mid
ENSG00000111305_GSG1,3.646503721,mid
ENSG00000111254_AKAP3,3.643491282,mid
ENSG00000277383_AC010331.1,3.643168973,mid
ENSG00000278727_AC000403.1,3.642885813,mid
ENSG00000272892_AL133551.1,3.640875891,mid
ENSG00000205890_AC108134.1,3.639025477,mid
ENSG00000267475_AC008736.1,3.638050949,mid
ENSG00000066923_STAG3,3.636587061,mid
ENSG00000186648_CARMIL3,3.636253575,mid
ENSG00000177738_AC025171.1,3.635994339,mid
ENSG00000272476_AL024507.2,3.635738015,mid
ENSG00000287335_AL139351.3,3.630652479,mid
ENSG00000227959_AL451042.2,3.630329809,mid
ENSG00000272308_AC104113.1,3.62661122,mid
ENSG00000135436_FAM186B,3.626338684,mid
ENSG00000259326_AC116158.1,3.626333749,mid
ENSG00000237886_NALT1,3.625568058,mid
ENSG00000255046_AC069185.1,3.625169137,mid
ENSG00000237686_AL109615.3,3.62406073,mid
ENSG00000055813_CCDC85A,3.623396922,mid
ENSG00000246339_EXTL3-AS1,3.623356356,mid
ENSG00000121454_LHX4,3.623308467,mid
ENSG00000287502_AC092418.2,3.621971649,mid
ENSG00000260035_AC051619.8,3.621720943,mid
ENSG00000206077_ZDHHC11B,3.618451356,mid
ENSG00000116985_BMP8B,3.617689357,mid
ENSG00000231010_AL121672.1,3.617470407,mid
ENSG00000170558_CDH2,3.617323071,mid
ENSG00000179071_CCDC89,3.616725642,mid
ENSG00000136040_PLXNC1,3.615394927,mid
ENSG00000135702_CHST5,3.615152126,mid
ENSG00000163121_NEURL3,3.615147016,mid
ENSG00000150667_FSIP1,3.614416954,mid
ENSG00000211643_IGLV5-52,3.612906673,mid
ENSG00000260219_CD2BP2-DT,3.612636265,mid
ENSG00000180245_RRH,3.612609494,mid
ENSG00000287265_AL365272.1,3.610804189,mid
ENSG00000232485_AC098820.1,3.609535938,mid
ENSG00000258561_AL359232.1,3.607519666,mid
ENSG00000184925_LCN12,3.606589827,mid
ENSG00000267073_AC005256.1,3.606192694,mid
ENSG00000276131_AC009118.2,3.604579519,mid
ENSG00000273759_AL117379.1,3.603430064,mid
ENSG00000287032_AC018647.3,3.601209478,mid
ENSG00000215483_LINC00598,3.600802039,mid
ENSG00000164035_EMCN,3.60051015,mid
ENSG00000111863_ADTRP,3.598851499,mid
ENSG00000261135_AL137802.2,3.597535047,mid
ENSG00000227811_INKA2-AS1,3.59471541,mid
ENSG00000178462_TUBAL3,3.59441969,mid
ENSG00000270179_AP002840.2,3.593887324,mid
ENSG00000182492_BGN,3.593032603,mid
ENSG00000235092_ID2-AS1,3.591359132,mid
ENSG00000198342_ZNF442,3.591107947,mid
ENSG00000250012_AC079848.1,3.590971625,mid
ENSG00000213654_GPSM3,3.590054932,mid
ENSG00000253159_PCDHGA12,3.589231524,mid
ENSG00000124920_MYRF,3.588836955,mid
ENSG00000150656_CNDP1,3.587156889,mid
ENSG00000171403_KRT9,3.587083618,mid
ENSG00000169282_KCNAB1,3.58672748,mid
ENSG00000267069_AP005264.1,3.585765495,mid
ENSG00000129009_ISLR,3.584329961,mid
ENSG00000271155_AL161729.1,3.58341293,mid
ENSG00000177721_ANXA2R,3.583265504,mid
ENSG00000242419_PCDHGC4,3.581811614,mid
ENSG00000261186_LINC01238,3.581811076,mid
ENSG00000129295_LRRC6,3.581082853,mid
ENSG00000173947_PIFO,3.580095223,mid
ENSG00000254028_AC083843.2,3.576930757,mid
ENSG00000198515_CNGA1,3.57688668,mid
ENSG00000182648_LINC01006,3.576688018,mid
ENSG00000283632_EXOC3L2,3.576041695,mid
ENSG00000272112_AC011374.2,3.572911232,mid
ENSG00000181798_LINC00471,3.572649069,mid
ENSG00000250120_PCDHA10,3.572158041,mid
ENSG00000272654_AL358472.2,3.571478565,mid
ENSG00000075290_WNT8B,3.571343354,mid
ENSG00000104213_PDGFRL,3.571196868,mid
ENSG00000105419_MEIS3,3.568556833,mid
ENSG00000287387_AC010883.3,3.567792085,mid
ENSG00000262663_AC087222.1,3.566961635,mid
ENSG00000204965_PCDHA5,3.566829552,mid
ENSG00000101230_ISM1,3.566276467,mid
ENSG00000176732_PFN4,3.565789585,mid
ENSG00000137745_MMP13,3.564747024,mid
ENSG00000270127_AC027020.2,3.564304607,mid
ENSG00000270673_YTHDF3-AS1,3.563669714,mid
ENSG00000261798_AL033527.3,3.56190221,mid
ENSG00000257671_KRT7-AS,3.560377261,mid
ENSG00000230490_AL139383.1,3.559983565,mid
ENSG00000250091_DNAH10OS,3.558673776,mid
ENSG00000175567_UCP2,3.557693817,mid
ENSG00000144214_LYG1,3.557666259,mid
ENSG00000255121_CCDC84-DT,3.555749355,mid
ENSG00000184492_FOXD4L1,3.5554088,mid
ENSG00000236194_AC099811.1,3.553777281,mid
ENSG00000181350_LRRC75A,3.553506052,mid
ENSG00000268912_AC012313.5,3.551739572,mid
ENSG00000273192_AL671710.1,3.551436957,mid
ENSG00000215853_RPTN,3.550481456,mid
ENSG00000214770_AL161756.1,3.550434047,mid
ENSG00000130270_ATP8B3,3.550115846,mid
ENSG00000239945_AL627309.3,3.549738785,mid
ENSG00000258302_AC025034.1,3.549470495,mid
ENSG00000100206_DMC1,3.547134838,mid
ENSG00000125931_CITED1,3.546639464,mid
ENSG00000286472_AL035252.5,3.545293985,mid
ENSG00000251023_AC114980.1,3.544115682,mid
ENSG00000248050_AC079061.1,3.543215189,mid
ENSG00000102003_SYP,3.543134212,mid
ENSG00000231652_AL590428.1,3.542699563,mid
ENSG00000251169_LINC01843,3.542686182,mid
ENSG00000226281_AL031123.1,3.540446263,mid
ENSG00000162415_ZSWIM5,3.540076881,mid
ENSG00000204086_RPA4,3.538725579,mid
ENSG00000227695_DNMBP-AS1,3.538601116,mid
ENSG00000214184_GCC2-AS1,3.53750179,mid
ENSG00000265478_AC107982.3,3.535484922,mid
ENSG00000251456_AC113398.2,3.535182698,mid
ENSG00000271553_AC018638.7,3.534913703,mid
ENSG00000213420_GPC2,3.533824555,mid
ENSG00000264596_AP000897.1,3.53351859,mid
ENSG00000115844_DLX2,3.532834675,mid
ENSG00000270091_AC015726.1,3.531903439,mid
ENSG00000069764_PLA2G10,3.530713033,mid
ENSG00000272033_AL136984.1,3.529766374,mid
ENSG00000268069_AC004466.1,3.528961391,mid
ENSG00000249898_MCPH1-AS1,3.528827386,mid
ENSG00000232611_AL683813.1,3.527437607,mid
ENSG00000178852_EFCAB13,3.527392648,mid
ENSG00000234807_LINC01135,3.526817347,mid
ENSG00000187678_SPRY4,3.526698467,mid
ENSG00000265148_TSPOAP1-AS1,3.526535571,mid
ENSG00000267199_AP001029.2,3.526482412,mid
ENSG00000255491_AC100858.3,3.5240852,mid
ENSG00000273442_AC006946.3,3.523617222,mid
ENSG00000166407_LMO1,3.523205447,mid
ENSG00000266010_GATA6-AS1,3.521641448,mid
ENSG00000258940_AL132639.2,3.521469572,mid
ENSG00000198794_SCAMP5,3.521352721,mid
ENSG00000167588_GPD1,3.52124657,mid
ENSG00000261140_AC093525.4,3.521115874,mid
ENSG00000102524_TNFSF13B,3.520622088,mid
ENSG00000187105_HEATR4,3.519849807,mid
ENSG00000270062_AL606834.2,3.519659413,mid
ENSG00000229956_ZRANB2-AS2,3.519555194,mid
ENSG00000269275_AC020922.3,3.518743482,mid
ENSG00000272841_AL139393.3,3.517874138,mid
ENSG00000103184_SEC14L5,3.517848723,mid
ENSG00000274383_AC103691.1,3.516284501,mid
ENSG00000010319_SEMA3G,3.515946341,mid
ENSG00000163207_IVL,3.515493905,mid
ENSG00000196421_C20orf204,3.51407972,mid
ENSG00000259275_AC087477.2,3.513518896,mid
ENSG00000265218_AC103810.2,3.513450711,mid
ENSG00000285644_AC108448.3,3.511616325,mid
ENSG00000245648_AC022075.1,3.509894871,mid
ENSG00000270195_AC016773.1,3.507951765,mid
ENSG00000235529_AGAP1-IT1,3.507241381,mid
ENSG00000259921_AC022819.1,3.507057277,mid
ENSG00000263120_AC004584.3,3.504836257,mid
ENSG00000115604_IL18R1,3.50323984,mid
ENSG00000225518_LINC01703,3.502847113,mid
ENSG00000160471_COX6B2,3.502647059,mid
ENSG00000246763_RGMB-AS1,3.502238595,mid
ENSG00000120471_TP53AIP1,3.501384264,mid
ENSG00000273702_AC091271.1,3.499403027,mid
ENSG00000262420_AC007613.1,3.497490687,mid
ENSG00000198225_FKBP1C,3.497251811,mid
ENSG00000237357_BX088651.4,3.496986515,mid
ENSG00000110427_KIAA1549L,3.496278896,mid
ENSG00000262668_AJ003147.2,3.49441209,mid
ENSG00000196338_NLGN3,3.493919995,mid
ENSG00000233178_AL161457.2,3.491633453,mid
ENSG00000270681_AC095055.1,3.490912137,mid
ENSG00000263826_AC112907.3,3.488054423,mid
ENSG00000205488_CALML3-AS1,3.487008868,mid
ENSG00000070729_CNGB1,3.48689388,mid
ENSG00000287160_Z82195.3,3.485693493,mid
ENSG00000278899_AL358852.1,3.48564481,mid
ENSG00000149781_FERMT3,3.484765462,mid
ENSG00000286133_AC093817.2,3.484663964,mid
ENSG00000275055_AC011468.5,3.484429589,mid
ENSG00000170835_CEL,3.484091907,mid
ENSG00000176402_GJC3,3.482154374,mid
ENSG00000159339_PADI4,3.480367112,mid
ENSG00000279168_AC105052.4,3.478295228,mid
ENSG00000275056_AC020663.3,3.477932249,mid
ENSG00000151164_RAD9B,3.477377911,mid
ENSG00000237753_AC079922.2,3.477377911,mid
ENSG00000187266_EPOR,3.47601351,mid
ENSG00000232586_KIAA1614-AS1,3.474824473,mid
ENSG00000169989_TIGD4,3.474294395,mid
ENSG00000270115_AL513327.3,3.473914633,mid
ENSG00000138646_HERC5,3.473610455,mid
ENSG00000179397_CATSPERE,3.473370466,mid
ENSG00000198454_LINC02692,3.473219654,mid
ENSG00000115008_IL1A,3.472316342,mid
ENSG00000245317_AC008393.1,3.472178732,mid
ENSG00000104327_CALB1,3.471097905,mid
ENSG00000249738_AC008691.1,3.470791941,mid
ENSG00000010030_ETV7,3.470362902,mid
ENSG00000260778_AC009065.4,3.470208787,mid
ENSG00000283078_AL137077.2,3.469002399,mid
ENSG00000287860_AC079804.3,3.465981416,mid
ENSG00000076258_FMO4,3.465505699,mid
ENSG00000260879_AL359258.2,3.462659518,mid
ENSG00000203327_AC012358.1,3.461926841,mid
ENSG00000196296_ATP2A1,3.461831298,mid
ENSG00000260368_AC027373.1,3.460828495,mid
ENSG00000274315_AC009318.3,3.459716508,mid
ENSG00000132938_MTUS2,3.459064722,mid
ENSG00000276116_FUT8-AS1,3.458070232,mid
ENSG00000185332_AC027601.1,3.456852679,mid
ENSG00000176927_EFCAB5,3.456780251,mid
ENSG00000273243_Z82243.1,3.455713164,mid
ENSG00000171462_DLK2,3.455523604,mid
ENSG00000272661_AC021097.1,3.453923292,mid
ENSG00000251143_AP002490.1,3.453257331,mid
ENSG00000120328_PCDHB12,3.452051173,mid
ENSG00000277232_GTSE1-DT,3.451936576,mid
ENSG00000262903_AC027796.4,3.451580912,mid
ENSG00000272989_LINC02012,3.450153267,mid
ENSG00000135324_MRAP2,3.449943585,mid
ENSG00000129757_CDKN1C,3.449443564,mid
ENSG00000157423_HYDIN,3.448071645,mid
ENSG00000272144_AC025171.4,3.445629698,mid
ENSG00000171116_HSFX1,3.44431542,mid
ENSG00000258744_AL132800.1,3.443930554,mid
ENSG00000188659_SAXO2,3.443242282,mid
ENSG00000240240_BX664727.3,3.439969158,mid
ENSG00000287400_AC093151.8,3.439033581,mid
ENSG00000271888_AL136162.1,3.43675867,mid
ENSG00000161040_FBXL13,3.434700048,mid
ENSG00000060982_BCAT1,3.433960306,mid
ENSG00000273514_FOXD4L6,3.432864121,mid
ENSG00000203737_GPR52,3.43283136,mid
ENSG00000247595_SPTY2D1OS,3.432074023,mid
ENSG00000287200_AC022506.2,3.429837845,mid
ENSG00000273149_AL138963.4,3.428631918,mid
ENSG00000273356_LINC02019,3.428455118,mid
ENSG00000272084_AL137127.1,3.426552248,mid
ENSG00000278385_AC121338.2,3.425470483,mid
ENSG00000180066_C10orf91,3.424037518,mid
ENSG00000122547_EEPD1,3.423788218,mid
ENSG00000275120_AC048382.5,3.423687101,mid
ENSG00000163536_SERPINI1,3.423000788,mid
ENSG00000172602_RND1,3.421590452,mid
ENSG00000274943_AC079684.1,3.420364422,mid
ENSG00000271576_AL359504.2,3.4200649,mid
ENSG00000150556_LYPD6B,3.419330657,mid
ENSG00000166963_MAP1A,3.419111889,mid
ENSG00000262766_AC135050.5,3.418831027,mid
ENSG00000278558_TMEM191B,3.41875825,mid
ENSG00000214851_LINC00612,3.417516181,mid
ENSG00000276698_AL136295.6,3.417118054,mid
ENSG00000018869_ZNF582,3.416918381,mid
ENSG00000254027_AC009902.2,3.415980729,mid
ENSG00000272622_AC010735.2,3.415242323,mid
ENSG00000259527_LINC00052,3.414772968,mid
ENSG00000231419_LINC00689,3.412389783,mid
ENSG00000128917_DLL4,3.412252365,mid
ENSG00000141294_LRRC46,3.411944453,mid
ENSG00000004838_ZMYND10,3.410845677,mid
ENSG00000274751_AC120498.9,3.410626976,mid
ENSG00000253853_AC246817.1,3.409613728,mid
ENSG00000259049_AL139317.3,3.409443048,mid
ENSG00000259644_AC022613.3,3.409204682,mid
ENSG00000103196_CRISPLD2,3.409155663,mid
ENSG00000113248_PCDHB15,3.408906075,mid
ENSG00000242147_LINC02657,3.408670654,mid
ENSG00000224842_AL161908.1,3.407395072,mid
ENSG00000188322_SBK1,3.407019034,mid
ENSG00000272931_AC099568.2,3.402934015,mid
ENSG00000177688_SUMO4,3.402755055,mid
ENSG00000270137_AF230666.2,3.40217176,mid
ENSG00000139890_REM2,3.401925481,mid
ENSG00000166268_MYRFL,3.400830183,mid
ENSG00000138669_PRKG2,3.400476487,mid
ENSG00000170681_CAVIN4,3.399193074,mid
ENSG00000137474_MYO7A,3.398484511,mid
ENSG00000287737_AC132872.5,3.397661633,mid
ENSG00000185442_FAM174B,3.396950731,mid
ENSG00000138080_EMILIN1,3.396897953,mid
ENSG00000285581_AC091196.1,3.396738948,mid
ENSG00000279094_LINC01670,3.395443237,mid
ENSG00000258710_LINC01193,3.394909675,mid
ENSG00000260805_AC092803.1,3.392482426,mid
ENSG00000256436_TAS2R31,3.39052796,mid
ENSG00000239415_AP001469.3,3.389535235,mid
ENSG00000187908_DMBT1,3.389064717,mid
ENSG00000243244_STON1,3.388937377,mid
ENSG00000212124_TAS2R19,3.388674405,mid
ENSG00000270659_AC079610.1,3.387621497,mid
ENSG00000109743_BST1,3.387611824,mid
ENSG00000266783_AP005136.3,3.387520212,mid
ENSG00000286707_AC010896.1,3.385881103,mid
ENSG00000188761_BCL2L15,3.384804833,mid
ENSG00000255176_AP000941.1,3.383863995,mid
ENSG00000235568_NFAM1,3.381013709,mid
ENSG00000184060_ADAP2,3.380894858,mid
ENSG00000007516_BAIAP3,3.380870635,mid
ENSG00000288032_AC104472.5,3.380760021,mid
ENSG00000267272_LINC01140,3.378261397,mid
ENSG00000250131_AC078881.1,3.377407457,mid
ENSG00000287528_AL121749.2,3.377392425,mid
ENSG00000117586_TNFSF4,3.377366281,mid
ENSG00000276115_AC026356.2,3.376607366,mid
ENSG00000261888_AC144831.1,3.376596012,mid
ENSG00000266921_AC006213.1,3.375804824,mid
ENSG00000071246_VASH1,3.375146182,mid
ENSG00000235631_RNF148,3.375007183,mid
ENSG00000272498_AC090948.2,3.37195625,mid
ENSG00000269416_LINC01224,3.370673323,mid
ENSG00000269226_TMSB15B,3.369242546,mid
ENSG00000152377_SPOCK1,3.368315775,mid
ENSG00000145794_MEGF10,3.366543694,mid
ENSG00000224959_AC017002.1,3.364926646,mid
ENSG00000275185_AC130324.3,3.364682191,mid
ENSG00000280136_AC240565.1,3.364629846,mid
ENSG00000175697_GPR156,3.364557613,mid
ENSG00000118514_ALDH8A1,3.364407068,mid
ENSG00000273204_AC104506.1,3.363198342,mid
ENSG00000162946_DISC1,3.362406394,mid
ENSG00000171790_SLFNL1,3.359345613,mid
ENSG00000272787_AC253536.6,3.356045166,mid
ENSG00000267632_AC067852.3,3.354940352,mid
ENSG00000108370_RGS9,3.354848801,mid
ENSG00000258920_FOXN3-AS1,3.354502599,mid
ENSG00000181585_TMIE,3.354013971,mid
ENSG00000270332_SMC2-AS1,3.353795284,mid
ENSG00000270076_AF131215.7,3.353523784,mid
ENSG00000258824_AL122035.1,3.352326769,mid
ENSG00000130052_STARD8,3.352052673,mid
ENSG00000215595_C20orf202,3.350901154,mid
ENSG00000251323_LINC02728,3.350781165,mid
ENSG00000260992_DOCK9-DT,3.350379076,mid
ENSG00000243155_AL162431.1,3.350129943,mid
ENSG00000283415_AC087280.2,3.350075032,mid
ENSG00000268262_AC011445.1,3.349823379,mid
ENSG00000146700_SSC4D,3.3437008,mid
ENSG00000266289_AC012213.3,3.342821109,mid
ENSG00000264235_AP005329.1,3.341398491,mid
ENSG00000235138_AL445931.1,3.340767123,mid
ENSG00000264278_ZNF236-DT,3.340205251,mid
ENSG00000275897_AC021491.4,3.33880097,mid
ENSG00000248445_SEMA6A-AS1,3.338569356,mid
ENSG00000287686_AC062029.1,3.338491957,mid
ENSG00000275632_AL035461.2,3.337709159,mid
ENSG00000166153_DEPDC4,3.337344704,mid
ENSG00000285679_AC079142.1,3.336939557,mid
ENSG00000228624_HDAC2-AS2,3.336939557,mid
ENSG00000256453_DND1,3.336190679,mid
ENSG00000206561_COLQ,3.335662299,mid
ENSG00000272514_CFAP206,3.335580478,mid
ENSG00000229167_AC114488.1,3.333535111,mid
ENSG00000130055_GDPD2,3.333402132,mid
ENSG00000243819_RN7SL832P,3.333319716,mid
ENSG00000272589_ZSWIM8-AS1,3.333313511,mid
ENSG00000260063_AL512408.1,3.333053996,mid
ENSG00000287925_AL353576.1,3.332552627,mid
ENSG00000268129_AC026304.1,3.330932436,mid
ENSG00000267751_AC009005.1,3.330588028,mid
ENSG00000203279_AL590705.1,3.327831181,mid
ENSG00000240541_TM4SF1-AS1,3.32711714,mid
ENSG00000278126_AC139768.1,3.325341512,mid
ENSG00000084674_APOB,3.324755303,mid
ENSG00000105672_ETV2,3.324364596,mid
ENSG00000178184_PARD6G,3.322249533,mid
ENSG00000179546_HTR1D,3.320524622,mid
ENSG00000144893_MED12L,3.31904684,mid
ENSG00000248383_PCDHAC1,3.317300627,mid
ENSG00000227014_AC007285.1,3.316921504,mid
ENSG00000287710_AC067852.5,3.316858899,mid
ENSG00000224165_DNAJC27-AS1,3.316771751,mid
ENSG00000261242_AL136038.3,3.314956593,mid
ENSG00000042832_TG,3.314672898,mid
ENSG00000233117_LINC00702,3.313615293,mid
ENSG00000135835_KIAA1614,3.312487386,mid
ENSG00000236514_AL135791.1,3.310948824,mid
ENSG00000147485_PXDNL,3.309825511,mid
ENSG00000206559_ZCWPW2,3.309791566,mid
ENSG00000198353_HOXC4,3.308939577,mid
ENSG00000273391_AC083880.1,3.308623199,mid
ENSG00000111886_GABRR2,3.307248402,mid
ENSG00000171847_FAM90A1,3.306644846,mid
ENSG00000275393_AC018695.6,3.306582594,mid
ENSG00000085514_PILRA,3.306482044,mid
ENSG00000257534_AC023794.5,3.306268419,mid
ENSG00000262801_U91319.1,3.304477772,mid
ENSG00000259952_AC009133.2,3.304396946,mid
ENSG00000271797_AC008494.3,3.303412123,mid
ENSG00000274093_AC009032.1,3.303338704,mid
ENSG00000089041_P2RX7,3.302976087,mid
ENSG00000286379_AL591845.1,3.300242731,mid
ENSG00000258593_AL583810.1,3.300230963,mid
ENSG00000110811_P3H3,3.299069544,mid
ENSG00000214691_LINC01913,3.298392885,mid
ENSG00000169184_MN1,3.298322886,mid
ENSG00000272701_MESTIT1,3.295479068,mid
ENSG00000162482_AKR7A3,3.294721799,mid
ENSG00000238058_AL355574.1,3.294716061,mid
ENSG00000254852_NPIPA2,3.294629346,mid
ENSG00000258525_AL049830.3,3.294176321,mid
ENSG00000273350_AC004832.5,3.294086724,mid
ENSG00000272482_AC254633.1,3.29362923,mid
ENSG00000257599_OVCH1-AS1,3.292785676,mid
ENSG00000257335_MGAM,3.292505857,mid
ENSG00000273542_HIST1H4K,3.292122073,mid
ENSG00000270096_AC078795.2,3.291459228,mid
ENSG00000230084_AC006059.1,3.290961539,mid
ENSG00000169248_CXCL11,3.290836878,mid
ENSG00000228221_LINC00578,3.290629198,mid
ENSG00000259362_AC046168.1,3.290413104,mid
ENSG00000187733_AMY1C,3.290037975,mid
ENSG00000272894_AC004982.2,3.289408162,mid
ENSG00000258725_PRC1-AS1,3.28899816,mid
ENSG00000280614_FP236383.4,3.287105657,mid
ENSG00000280800_FP671120.6,3.287105657,mid
ENSG00000281181_FP236383.5,3.287105657,mid
ENSG00000244122_UGT1A7,3.284248383,mid
ENSG00000254231_AC103760.1,3.284232663,mid
ENSG00000154764_WNT7A,3.283794508,mid
ENSG00000285155_AC092153.1,3.28158412,mid
ENSG00000178726_THBD,3.279767022,mid
ENSG00000232063_AL691447.2,3.279197208,mid
ENSG00000276809_AL138955.1,3.279046527,mid
ENSG00000188779_SKOR1,3.278965135,mid
ENSG00000257681_AC025265.1,3.278449219,mid
ENSG00000285730_Z94721.3,3.278127437,mid
ENSG00000272582_AL031587.3,3.278042164,mid
ENSG00000166126_AMN,3.276840449,mid
ENSG00000217236_SP9,3.275645523,mid
ENSG00000239474_KLHL41,3.275335263,mid
ENSG00000154493_C10orf90,3.275177777,mid
ENSG00000106336_FBXO24,3.274213583,mid
ENSG00000196337_CGB7,3.273571598,mid
ENSG00000069535_MAOB,3.273311867,mid
ENSG00000278601_AL158163.2,3.27228641,mid
ENSG00000233221_AC133785.1,3.271340855,mid
ENSG00000258325_ITFG2-AS1,3.269623253,mid
ENSG00000255120_OVOL1-AS1,3.269340952,mid
ENSG00000178201_VN1R1,3.268375386,mid
ENSG00000273320_AC007032.1,3.268188169,mid
ENSG00000010295_IFFO1,3.266056554,mid
ENSG00000155749_FLACC1,3.265902036,mid
ENSG00000237489_C10orf143,3.265270194,mid
ENSG00000269054_AC012313.6,3.26500482,mid
ENSG00000188897_AC099489.1,3.264505189,mid
ENSG00000272183_AC005041.3,3.262644702,mid
ENSG00000231160_KLF3-AS1,3.261943608,mid
ENSG00000259780_AC009065.1,3.261214048,mid
ENSG00000184702_SEPTIN5,3.259208219,mid
ENSG00000186399_GOLGA8R,3.259005018,mid
ENSG00000101746_NOL4,3.258382988,mid
ENSG00000099953_MMP11,3.258264413,mid
ENSG00000163449_TMEM169,3.257256417,mid
ENSG00000256576_LINC02361,3.255999912,mid
ENSG00000122477_LRRC39,3.254803328,mid
ENSG00000170962_PDGFD,3.254803328,mid
ENSG00000072201_LNX1,3.254710196,mid
ENSG00000214773_AC112512.1,3.25358809,mid
ENSG00000255871_AC007529.1,3.253504986,mid
ENSG00000212128_TAS2R13,3.253496679,mid
ENSG00000259456_ADNP-AS1,3.252920732,mid
ENSG00000248360_LINC00504,3.251974027,mid
ENSG00000187559_FOXD4L3,3.249691074,mid
ENSG00000114248_LRRC31,3.248389194,mid
ENSG00000140835_CHST4,3.246405133,mid
ENSG00000263276_AC020978.7,3.246314838,mid
ENSG00000117594_HSD11B1,3.24433806,mid
ENSG00000180739_S1PR5,3.239235871,mid
ENSG00000286873_AC012306.3,3.238726586,mid
ENSG00000273145_BX537318.1,3.238422438,mid
ENSG00000161682_FAM171A2,3.23797316,mid
ENSG00000143110_C1orf162,3.237876882,mid
ENSG00000261334_AL353803.4,3.237745543,mid
ENSG00000136286_MYO1G,3.237547474,mid
ENSG00000251141_MRPS30-DT,3.237283201,mid
ENSG00000089847_ANKRD24,3.237271396,mid
ENSG00000260118_AL157700.1,3.237220851,mid
ENSG00000276853_AC026124.2,3.235741955,mid
ENSG00000283696_AL592295.4,3.234128985,mid
ENSG00000120341_SEC16B,3.232121793,mid
ENSG00000234997_AC016745.1,3.230450741,mid
ENSG00000273343_AC007663.4,3.229485877,mid
ENSG00000228436_AL139260.1,3.229169465,mid
ENSG00000275493_AL627230.1,3.228407865,mid
ENSG00000153446_C16orf89,3.226771447,mid
ENSG00000103742_IGDCC4,3.225947301,mid
ENSG00000125122_LRRC29,3.224610718,mid
ENSG00000243710_CFAP57,3.224343078,mid
ENSG00000095752_IL11,3.223444105,mid
ENSG00000260093_AC034111.1,3.222248007,mid
ENSG00000271737_AC008608.2,3.221470465,mid
ENSG00000258365_AC073655.2,3.220405961,mid
ENSG00000068615_REEP1,3.219984656,mid
ENSG00000276744_AC105137.2,3.219754839,mid
ENSG00000255468_AP001107.9,3.219353914,mid
ENSG00000081818_PCDHB4,3.218017857,mid
ENSG00000107551_RASSF4,3.21795446,mid
ENSG00000277067_CU634019.1,3.217084088,mid
ENSG00000121742_GJB6,3.216357205,mid
ENSG00000184313_MROH7,3.214171244,mid
ENSG00000271815_AC008897.3,3.214171244,mid
ENSG00000244968_LIFR-AS1,3.213500225,mid
ENSG00000269559_AC093677.2,3.212233326,mid
ENSG00000272072_AC004492.1,3.211912558,mid
ENSG00000233220_LINC00167,3.211861475,mid
ENSG00000143028_SYPL2,3.211545281,mid
ENSG00000188199_NUTM2B,3.211183484,mid
ENSG00000173261_PLAC8L1,3.210379212,mid
ENSG00000130751_NPAS1,3.209934473,mid
ENSG00000255647_AC093510.1,3.208564958,mid
ENSG00000230148_HOXB-AS1,3.205759642,mid
ENSG00000226562_CYP4F26P,3.205550429,mid
ENSG00000241288_LINC02614,3.202928692,mid
ENSG00000287263_AC008875.3,3.20271856,mid
ENSG00000278627_AC005962.1,3.202633573,mid
ENSG00000183496_MEX3B,3.202533891,mid
ENSG00000102057_KCND1,3.201489528,mid
ENSG00000263874_LINC00672,3.201164197,mid
ENSG00000267249_AP005482.3,3.198344753,mid
ENSG00000170209_ANKK1,3.198019044,mid
ENSG00000154646_TMPRSS15,3.197032905,mid
ENSG00000259571_BLID,3.196404079,mid
ENSG00000186047_DLEU7,3.196219706,mid
ENSG00000258102_MAP1LC3B2,3.195913754,mid
ENSG00000259287_AC010809.1,3.195821273,mid
ENSG00000155530_LRGUK,3.19420334,mid
ENSG00000188993_LRRC66,3.193856486,mid
ENSG00000067715_SYT1,3.192999407,mid
ENSG00000275485_AL512652.1,3.192869592,mid
ENSG00000228043_AC114763.1,3.192136578,mid
ENSG00000272168_CASC15,3.191681427,mid
ENSG00000260816_AC027279.1,3.19161884,mid
ENSG00000131471_AOC3,3.190207059,mid
ENSG00000136114_THSD1,3.190133243,mid
ENSG00000271714_AC010501.2,3.189547429,mid
ENSG00000165935_SMCO2,3.189329568,mid
ENSG00000235903_CPB2-AS1,3.188963123,mid
ENSG00000251194_AL133330.1,3.188722537,mid
ENSG00000163467_TSACC,3.187446255,mid
ENSG00000165923_AGBL2,3.186617282,mid
ENSG00000269653_AC011479.3,3.185175798,mid
ENSG00000204584_FLJ45513,3.1834422,mid
ENSG00000135905_DOCK10,3.180880257,mid
ENSG00000183479_TREX2,3.179376608,mid
ENSG00000087494_PTHLH,3.179162624,mid
ENSG00000163689_C3orf67,3.178477852,mid
ENSG00000183908_LRRC55,3.178124517,mid
ENSG00000150636_CCDC102B,3.177887056,mid
ENSG00000271327_AC010201.2,3.177801651,mid
ENSG00000226965_AC073114.1,3.177532656,mid
ENSG00000242220_TCP10L,3.176012187,mid
ENSG00000287665_AC092428.1,3.175810443,mid
ENSG00000227782_AC002553.1,3.174819428,mid
ENSG00000285667_AC012291.3,3.174471087,mid
ENSG00000250616_AC012645.1,3.174092438,mid
ENSG00000105270_CLIP3,3.173524382,mid
ENSG00000259065_AC005520.2,3.172303929,mid
ENSG00000267348_GEMIN7-AS1,3.171995711,mid
ENSG00000270426_AC099343.2,3.170217127,mid
ENSG00000262728_AC123768.3,3.1701465,mid
ENSG00000270154_AC130352.1,3.16994806,mid
ENSG00000181634_TNFSF15,3.169310383,mid
ENSG00000229544_NKX1-2,3.168222933,mid
ENSG00000262576_PCDHGA4,3.167462079,mid
ENSG00000283667_AC009802.1,3.166576433,mid
ENSG00000245322_AC097460.1,3.166490786,mid
ENSG00000256341_AP006333.1,3.165753511,mid
ENSG00000272375_AC026979.3,3.165419506,mid
ENSG00000213402_PTPRCAP,3.164715551,mid
ENSG00000276593_AC022306.3,3.16452524,mid
ENSG00000251365_LINC02236,3.16443265,mid
ENSG00000086570_FAT2,3.164408664,mid
ENSG00000140254_DUOXA1,3.163162051,mid
ENSG00000118292_C1orf54,3.162736373,mid
ENSG00000272702_AC010913.1,3.162327327,mid
ENSG00000179774_ATOH7,3.161946642,mid
ENSG00000157343_ARMC12,3.16192055,mid
ENSG00000228791_THRB-AS1,3.161251735,mid
ENSG00000227740_LINC02803,3.159793151,mid
ENSG00000172361_CFAP53,3.159397195,mid
ENSG00000167037_SGSM1,3.157750061,mid
ENSG00000109063_MYH3,3.156246655,mid
ENSG00000237222_LINC01968,3.155794111,mid
ENSG00000242861_AL591895.1,3.155732552,mid
ENSG00000158423_RIBC1,3.155644868,mid
ENSG00000232347_AL390728.5,3.155088552,mid
ENSG00000250326_AC104596.1,3.154735718,mid
ENSG00000233230_AC079807.1,3.152968271,mid
ENSG00000266490_AC127024.5,3.152900189,mid
ENSG00000225206_MIR137HG,3.152595728,mid
ENSG00000274956_NKAIN3-IT1,3.152546824,mid
ENSG00000259895_AC106820.2,3.151203635,mid
ENSG00000163666_HESX1,3.15052031,mid
ENSG00000236200_KDM4A-AS1,3.149588367,mid
ENSG00000162526_TSSK3,3.149006386,mid
ENSG00000277324_AC093462.1,3.148680306,mid
ENSG00000152154_TMEM178A,3.14680862,mid
ENSG00000241563_CORT,3.146470375,mid
ENSG00000286812_AP001120.5,3.146256541,mid
ENSG00000105538_RASIP1,3.146173775,mid
ENSG00000261587_TMEM249,3.146173775,mid
ENSG00000225187_AC073283.1,3.144882489,mid
ENSG00000156413_FUT6,3.144706233,mid
ENSG00000274105_AC084824.3,3.144167666,mid
ENSG00000171786_NHLH1,3.143446835,mid
ENSG00000089820_ARHGAP4,3.142920191,mid
ENSG00000286299_AL121938.1,3.142863636,mid
ENSG00000273061_CDC37L1-DT,3.142221725,mid
ENSG00000188001_TPRG1,3.139609775,mid
ENSG00000261335_AC005837.1,3.139519792,mid
ENSG00000173805_HAP1,3.13862433,mid
ENSG00000254319_AC246817.2,3.137980426,mid
ENSG00000229852_AC019205.1,3.137058841,mid
ENSG00000269924_AC024451.4,3.136478423,mid
ENSG00000206344_HCG27,3.134449348,mid
ENSG00000286681_AF235103.3,3.132165862,mid
ENSG00000264964_AP001033.1,3.131575102,mid
ENSG00000270116_AP001429.1,3.128971855,mid
ENSG00000249476_AC008467.1,3.127566086,mid
ENSG00000259071_AL359397.2,3.125199194,mid
ENSG00000224596_ZMIZ1-AS1,3.123737239,mid
ENSG00000229267_SNHG31,3.122876917,mid
ENSG00000248954_AC027801.1,3.122543705,mid
ENSG00000178821_TMEM52,3.122533007,mid
ENSG00000223764_LINC02593,3.121982961,mid
ENSG00000276266_FP325318.1,3.117603552,mid
ENSG00000269887_AL391001.1,3.11759393,mid
ENSG00000156219_ART3,3.11572858,mid
ENSG00000260442_ATP2A1-AS1,3.113183759,mid
ENSG00000233030_AC243772.2,3.112942564,mid
ENSG00000232692_AP001596.1,3.111869125,mid
ENSG00000184933_OR6A2,3.110606498,mid
ENSG00000275763_C18orf65,3.110127041,mid
ENSG00000019582_CD74,3.109965132,mid
ENSG00000269397_AC011503.2,3.109226165,mid
ENSG00000164176_EDIL3,3.108982338,mid
ENSG00000187753_C9orf153,3.108982338,mid
ENSG00000226377_AC084809.1,3.108859339,mid
ENSG00000140092_FBLN5,3.107747899,mid
ENSG00000148516_ZEB1,3.106677177,mid
ENSG00000153233_PTPRR,3.106254156,mid
ENSG00000188107_EYS,3.106088792,mid
ENSG00000273456_AC064836.3,3.10380376,mid
ENSG00000287158_AC117464.1,3.10240832,mid
ENSG00000099866_MADCAM1,3.101416594,mid
ENSG00000183690_EFHC2,3.101305544,mid
ENSG00000260493_AC011773.4,3.101229024,mid
ENSG00000269947_AC135178.6,3.101140459,mid
ENSG00000273599_AL731571.1,3.100421465,mid
ENSG00000276223_AL118522.1,3.099070402,mid
ENSG00000182389_CACNB4,3.097171518,mid
ENSG00000262979_AC124319.1,3.095974559,mid
ENSG00000235272_RAMACL,3.095075974,mid
ENSG00000266371_AC079915.1,3.095068015,mid
ENSG00000283635_AC012485.3,3.094898606,mid
ENSG00000111674_ENO2,3.094001917,mid
ENSG00000283445_AL136985.3,3.092280123,mid
ENSG00000278916_CEP83-DT,3.092044727,mid
ENSG00000102128_RAB40AL,3.090184921,mid
ENSG00000260060_AC009088.1,3.089557706,mid
ENSG00000147059_SPIN2A,3.08867995,mid
ENSG00000270039_AC025165.5,3.087170393,mid
ENSG00000253704_AC023632.2,3.087051811,mid
ENSG00000205111_CDKL4,3.085768861,mid
ENSG00000116783_TNNI3K,3.085458408,mid
ENSG00000061455_PRDM6,3.08483306,mid
ENSG00000135454_B4GALNT1,3.084758531,mid
ENSG00000260193_LINC02846,3.084166687,mid
ENSG00000244265_SIAH2-AS1,3.084061455,mid
ENSG00000111335_OAS2,3.083837285,mid
ENSG00000166592_RRAD,3.082449777,mid
ENSG00000248671_ALG1L9P,3.082408566,mid
ENSG00000128536_CDHR3,3.081554511,mid
ENSG00000231154_MORF4L2-AS1,3.079505821,mid
ENSG00000002726_AOC1,3.07893283,mid
ENSG00000123700_KCNJ2,3.078932225,mid
ENSG00000172403_SYNPO2,3.078658554,mid
ENSG00000269855_RNF225,3.078534772,mid
ENSG00000204961_PCDHA9,3.078408015,mid
ENSG00000166323_C11orf65,3.078309867,mid
ENSG00000281904_AC233263.6,3.078240543,mid
ENSG00000165171_METTL27,3.077609673,mid
ENSG00000273275_AC017083.2,3.075590359,mid
ENSG00000264546_AC008026.3,3.075325485,mid
ENSG00000234913_AC016027.2,3.074471923,mid
ENSG00000272848_AL135910.1,3.073813845,mid
ENSG00000178395_CCDC185,3.072889166,mid
ENSG00000287214_AC021321.2,3.071884889,mid
ENSG00000249572_AC034231.1,3.07165056,mid
ENSG00000242852_ZNF709,3.071460563,mid
ENSG00000176907_TCIM,3.071460563,mid
ENSG00000126778_SIX1,3.071400824,mid
ENSG00000272716_AL121658.1,3.071099702,mid
ENSG00000260751_AC008870.2,3.070373748,mid
ENSG00000128606_LRRC17,3.067035666,mid
ENSG00000265107_GJA5,3.066857426,mid
ENSG00000259539_AC051619.6,3.06665555,mid
ENSG00000278829_AC099811.5,3.06628763,mid
ENSG00000163331_DAPL1,3.065302396,mid
ENSG00000235245_AL360181.2,3.064454181,mid
ENSG00000176136_MC5R,3.064454181,mid
ENSG00000240764_PCDHGC5,3.063834186,mid
ENSG00000183091_NEB,3.06322667,mid
ENSG00000278238_AL359513.1,3.063131592,mid
ENSG00000013016_EHD3,3.063018681,mid
ENSG00000271858_CYB561D2,3.062931669,mid
ENSG00000089472_HEPH,3.062919662,mid
ENSG00000226891_LINC01359,3.06273123,mid
ENSG00000286107_AC007655.2,3.06123291,mid
ENSG00000234264_DEPDC1-AS1,3.060889904,mid
ENSG00000178404_CEP295NL,3.060575554,mid
ENSG00000144130_NT5DC4,3.056757703,mid
ENSG00000271755_AL031118.1,3.056395868,mid
ENSG00000144857_BOC,3.055366991,mid
ENSG00000183196_CHST6,3.055127973,mid
ENSG00000092607_TBX15,3.054747404,mid
ENSG00000204161_TMEM273,3.053796121,mid
ENSG00000161281_COX7A1,3.053624568,mid
ENSG00000116544_DLGAP3,3.052412802,mid
ENSG00000267607_AC011511.5,3.051457924,mid
ENSG00000085741_WNT11,3.049918097,mid
ENSG00000224376_AC017104.1,3.049559461,mid
ENSG00000273007_AC021205.3,3.049095388,mid
ENSG00000163462_TRIM46,3.048395895,mid
ENSG00000152705_CATSPER3,3.044602346,mid
ENSG00000280997_CCAT2,3.04409406,mid
ENSG00000174171_AC020659.1,3.044034052,mid
ENSG00000188269_OR7A5,3.042883655,mid
ENSG00000272690_LINC02018,3.04235518,mid
ENSG00000286593_AP006261.1,3.038428651,mid
ENSG00000248079_DPH6-DT,3.037579265,mid
ENSG00000277840_AC026368.1,3.036993177,mid
ENSG00000286689_AC090946.1,3.036191328,mid
ENSG00000258354_AC138932.2,3.03579214,mid
ENSG00000273254_AF129075.2,3.034497195,mid
ENSG00000151490_PTPRO,3.034160332,mid
ENSG00000244151_AC010973.2,3.033640164,mid
ENSG00000233602_ERI3-IT1,3.031699941,mid
ENSG00000248323_LUCAT1,3.031661174,mid
ENSG00000181240_SLC25A41,3.031488588,mid
ENSG00000272851_AC096772.1,3.031214364,mid
ENSG00000246982_Z84485.1,3.030570152,mid
ENSG00000196388_INCA1,3.030138094,mid
ENSG00000184489_PTP4A3,3.029922356,mid
ENSG00000287574_AC004938.2,3.028849448,mid
ENSG00000215788_TNFRSF25,3.028812531,mid
ENSG00000236345_SCAT8,3.028667693,mid
ENSG00000120262_CCDC170,3.027331478,mid
ENSG00000229931_AL137003.1,3.025791859,mid
ENSG00000213085_CFAP45,3.025002273,mid
ENSG00000275389_AC068790.9,3.024559282,mid
ENSG00000273451_AL031666.3,3.021385316,mid
ENSG00000066185_ZMYND12,3.020740434,mid
ENSG00000250069_AC011379.1,3.020347168,mid
ENSG00000235159_AL121672.2,3.019935763,mid
ENSG00000229656_ITGB1-DT,3.019825882,mid
ENSG00000183979_NPB,3.017599575,mid
ENSG00000272610_MAGI1-IT1,3.017212006,mid
ENSG00000226763_SRRM5,3.016628235,mid
ENSG00000276203_ANKRD20A3,3.016511142,mid
ENSG00000235142_LINC02532,3.01635993,mid
ENSG00000154175_ABI3BP,3.015319054,mid
ENSG00000228906_AL353804.1,3.011241174,mid
ENSG00000272871_AL159169.2,3.010375753,mid
ENSG00000256001_AC079949.1,3.010352702,mid
ENSG00000214999_AC129492.1,3.009457417,mid
ENSG00000272156_AC008280.3,3.007575127,mid
ENSG00000273253_AL022328.4,3.006757289,mid
ENSG00000204301_NOTCH4,3.00525521,mid
ENSG00000276390_AC004241.3,3.004707254,mid
ENSG00000128596_CCDC136,3.00459542,mid
ENSG00000270021_AC026691.1,3.003944699,mid
ENSG00000245261_AL133375.1,3.003326838,mid
ENSG00000261101_AC234775.3,3.002903486,mid
ENSG00000186526_CYP4F8,3.001093802,mid
ENSG00000286940_AL645933.3,3.000804421,mid
ENSG00000250413_AC005674.1,2.998980475,mid
ENSG00000005379_TSPOAP1,2.994501284,mid
ENSG00000171608_PIK3CD,2.993638868,mid
ENSG00000150045_KLRF1,2.99317295,mid
ENSG00000254539_AC239804.1,2.992249853,mid
ENSG00000164404_GDF9,2.99186437,mid
ENSG00000253878_AC087752.3,2.990745267,mid
ENSG00000116819_TFAP2E,2.985120173,mid
ENSG00000147166_ITGB1BP2,2.985035109,mid
ENSG00000214376_VSTM5,2.984497814,mid
ENSG00000140057_AK7,2.984319867,mid
ENSG00000260458_KCNJ18,2.984139455,mid
ENSG00000276278_AC048382.6,2.983056282,mid
ENSG00000179242_CDH4,2.98261255,mid
ENSG00000276702_AC010809.3,2.982403572,mid
ENSG00000261114_AC012181.1,2.982164884,mid
ENSG00000232810_TNF,2.982135063,mid
ENSG00000272512_AL645608.7,2.979779235,mid
ENSG00000213578_CPLX3,2.978790475,mid
ENSG00000196260_SFTA2,2.977350469,mid
ENSG00000276814_AC004801.6,2.975436093,mid
ENSG00000285583_AC010422.7,2.974978836,mid
ENSG00000230368_FAM41C,2.973833127,mid
ENSG00000261777_AC012184.3,2.973559857,mid
ENSG00000245522_LINC02709,2.973123744,mid
ENSG00000286721_AC010623.1,2.972978551,mid
ENSG00000261596_AC005632.3,2.972595553,mid
ENSG00000166922_SCG5,2.971547842,mid
ENSG00000266278_LINC01910,2.970714122,mid
ENSG00000286086_AC099661.1,2.96939157,mid
ENSG00000269961_AC010359.2,2.968941575,mid
ENSG00000261420_AL022069.1,2.968406564,mid
ENSG00000251364_AC107884.1,2.967900948,mid
ENSG00000198553_KCNRG,2.965734751,mid
ENSG00000123612_ACVR1C,2.965377316,mid
ENSG00000205683_DPF3,2.965294515,mid
ENSG00000204385_SLC44A4,2.963092311,mid
ENSG00000103355_PRSS33,2.962779523,mid
ENSG00000274227_AC073575.2,2.962205632,mid
ENSG00000215018_COL28A1,2.961510131,mid
ENSG00000287261_AL139243.1,2.958223867,mid
ENSG00000253320_AZIN1-AS1,2.957511882,mid
ENSG00000235852_AC005540.1,2.957367044,mid
ENSG00000248362_AC011352.1,2.957252271,mid
ENSG00000205810_KLRC3,2.956747599,mid
ENSG00000283897_AC011416.3,2.956241666,mid
ENSG00000274776_AC090241.3,2.954694214,mid
ENSG00000215014_AL645728.1,2.953300148,mid
ENSG00000205682_AC020741.1,2.953032367,mid
ENSG00000266469_AC005288.1,2.952611447,mid
ENSG00000065675_PRKCQ,2.952509936,mid
ENSG00000277170_AC012676.3,2.95237055,mid
ENSG00000267698_AC002116.2,2.951800198,mid
ENSG00000250999_AC136604.3,2.951712735,mid
ENSG00000172379_ARNT2,2.951631941,mid
ENSG00000170523_KRT83,2.951278097,mid
ENSG00000143786_CNIH3,2.950712425,mid
ENSG00000273056_AL354694.1,2.950025164,mid
ENSG00000231113_AL035587.1,2.947647641,mid
ENSG00000272219_AC005072.1,2.947501103,mid
ENSG00000274340_AC032011.1,2.94686951,mid
ENSG00000090512_FETUB,2.946693873,mid
ENSG00000257698_GIHCG,2.946383905,mid
ENSG00000221883_ARIH2OS,2.944723154,mid
ENSG00000100167_SEPTIN3,2.944537291,mid
ENSG00000259659_AC009996.1,2.943426638,mid
ENSG00000244040_IL12A-AS1,2.9432818,mid
ENSG00000189409_MMP23B,2.943023294,mid
ENSG00000260273_AL359711.2,2.942290788,mid
ENSG00000167131_CCDC103,2.93995622,mid
ENSG00000116299_KIAA1324,2.938759513,mid
ENSG00000121318_TAS2R10,2.938759513,mid
ENSG00000284882_AL359762.1,2.938492641,mid
ENSG00000286053_ASDURF,2.938207203,mid
ENSG00000226174_TEX22,2.938021494,mid
ENSG00000236641_Z99916.1,2.934266962,mid
ENSG00000132518_GUCY2D,2.933918621,mid
ENSG00000287825_AL035587.2,2.933328337,mid
ENSG00000226853_AC010894.2,2.932253022,mid
ENSG00000272573_MUSTN1,2.932253022,mid
ENSG00000183662_TAFA1,2.932034782,mid
ENSG00000170689_HOXB9,2.929537554,mid
ENSG00000273010_AL360270.3,2.928738198,mid
ENSG00000242282_AC108488.1,2.928684796,mid
ENSG00000277182_AC006449.5,2.928519672,mid
ENSG00000123405_NFE2,2.928509822,mid
ENSG00000186451_SPATA12,2.927573623,mid
ENSG00000114854_TNNC1,2.927411879,mid
ENSG00000057468_MSH4,2.925218159,mid
ENSG00000105639_JAK3,2.924146768,mid
ENSG00000243543_WFDC6,2.923608385,mid
ENSG00000271978_AL359643.2,2.921346275,mid
ENSG00000100027_YPEL1,2.920980343,mid
ENSG00000285571_AL513548.4,2.920642688,mid
ENSG00000146215_CRIP3,2.920330597,mid
ENSG00000204539_CDSN,2.920046981,mid
ENSG00000185519_FAM131C,2.919654505,mid
ENSG00000160973_FOXH1,2.918628638,mid
ENSG00000011332_DPF1,2.918481884,mid
ENSG00000275092_AL031710.2,2.918264268,mid
ENSG00000178226_PRSS36,2.917127779,mid
ENSG00000275846_AL513548.3,2.916884335,mid
ENSG00000237166_LINC01792,2.916538803,mid
ENSG00000272983_AL117339.4,2.916461307,mid
ENSG00000236519_LINC01424,2.915837209,mid
ENSG00000258457_AL132780.2,2.915494987,mid
ENSG00000196972_SMIM10L2B,2.915102034,mid
ENSG00000230667_SETSIP,2.914917318,mid
ENSG00000227953_LINC01341,2.914279939,mid
ENSG00000273248_AC010997.5,2.914279939,mid
ENSG00000197467_COL13A1,2.914177013,mid
ENSG00000204767_INSYN2B,2.913641771,mid
ENSG00000235358_AC093151.3,2.913133196,mid
ENSG00000137434_C6orf52,2.913119249,mid
ENSG00000268947_AC002128.1,2.913065084,mid
ENSG00000262898_AC139099.2,2.91111678,mid
ENSG00000172771_EFCAB12,2.910835134,mid
ENSG00000244479_OR2A1-AS1,2.908703983,mid
ENSG00000278878_CU638689.1,2.908619849,mid
ENSG00000263335_AF001548.2,2.906540679,mid
ENSG00000273783_AL136040.1,2.905999393,mid
ENSG00000270765_GAS2L2,2.905806287,mid
ENSG00000264448_MIR378D2HG,2.904674053,mid
ENSG00000286638_AC123595.2,2.904045362,mid
ENSG00000267283_AC005306.1,2.903986774,mid
ENSG00000271966_AC021321.1,2.9036654,mid
ENSG00000175820_CCDC168,2.9036654,mid
ENSG00000237638_LINC02245,2.902890682,mid
ENSG00000249173_LINC01093,2.901438053,mid
ENSG00000154277_UCHL1,2.899198653,mid
ENSG00000284830_AL049557.1,2.899047478,mid
ENSG00000143847_PPFIA4,2.898836924,mid
ENSG00000182459_TEX19,2.894513007,mid
ENSG00000025423_HSD17B6,2.894497968,mid
ENSG00000131400_NAPSA,2.893170693,mid
ENSG00000286834_AL360020.1,2.892878517,mid
ENSG00000272669_AL021707.6,2.892362245,mid
ENSG00000287918_AF274853.1,2.892362245,mid
ENSG00000090932_DLL3,2.892124554,mid
ENSG00000267198_AC091132.4,2.891968717,mid
ENSG00000244752_CRYBB2,2.890193428,mid
ENSG00000277369_AC010654.1,2.889125104,mid
ENSG00000123496_IL13RA2,2.88876788,mid
ENSG00000286633_AL160400.1,2.888748072,mid
ENSG00000278383_AL031673.1,2.887918094,mid
ENSG00000188738_FSIP2,2.887918094,mid
ENSG00000120658_ENOX1,2.887616971,mid
ENSG00000235078_AC231981.1,2.883643985,mid
ENSG00000123843_C4BPB,2.883434582,mid
ENSG00000260742_AC009962.1,2.882021648,mid
ENSG00000249279_LINC02057,2.882021648,mid
ENSG00000139055_ERP27,2.87784031,mid
ENSG00000111981_ULBP1,2.87577928,mid
ENSG00000260361_AC106028.3,2.874777601,mid
ENSG00000225472_AL136366.1,2.871295459,mid
ENSG00000171931_FBXW10,2.8706679,mid
ENSG00000198939_ZFP2,2.870330827,mid
ENSG00000204779_FOXD4L5,2.870319257,mid
ENSG00000250397_AP006623.1,2.869102126,mid
ENSG00000149634_SPATA25,2.868932553,mid
ENSG00000075073_TACR2,2.865347285,mid
ENSG00000272472_AL512283.1,2.864738178,mid
ENSG00000244952_AC123768.2,2.864477428,mid
ENSG00000271781_AC026740.1,2.864443882,mid
ENSG00000287193_AC132938.6,2.864075665,mid
ENSG00000269938_AC068790.2,2.863950015,mid
ENSG00000272434_AC137630.3,2.863714466,mid
ENSG00000111837_MAK,2.863581366,mid
ENSG00000263718_SEPTIN9-DT,2.863352462,mid
ENSG00000272182_AC135507.1,2.862291893,mid
ENSG00000258512_LINC00239,2.861740289,mid
ENSG00000124343_XG,2.861740289,mid
ENSG00000124391_IL17C,2.861507219,mid
ENSG00000272121_AC006058.3,2.861274681,mid
ENSG00000204174_NPY4R,2.860693451,mid
ENSG00000224505_AC138150.1,2.858724065,mid
ENSG00000089163_SIRT4,2.85734252,mid
ENSG00000159556_ISL2,2.857049003,mid
ENSG00000272449_AL139246.5,2.855665413,mid
ENSG00000264635_AP001020.2,2.853895529,mid
ENSG00000225555_AP000320.1,2.852265839,mid
ENSG00000280384_FP325332.1,2.850954751,mid
ENSG00000267546_AC015802.4,2.850411381,mid
ENSG00000277566_AC089999.2,2.849411708,mid
ENSG00000188219_POTEE,2.848513047,mid
ENSG00000232070_TMEM253,2.847029403,mid
ENSG00000179761_PIPOX,2.845888767,mid
ENSG00000272092_AC087623.2,2.844842191,mid
ENSG00000244617_ASPRV1,2.844393344,mid
ENSG00000028277_POU2F2,2.843180231,mid
ENSG00000197353_LYPD2,2.841459021,mid
ENSG00000269989_AC036176.3,2.840817197,mid
ENSG00000173991_TCAP,2.840352273,mid
ENSG00000267311_AC007673.1,2.839412375,mid
ENSG00000282221_AC119427.1,2.839108751,mid
ENSG00000106302_HYAL4,2.838973737,mid
ENSG00000271964_AC090948.1,2.836783943,mid
ENSG00000240057_AC078785.1,2.833742861,mid
ENSG00000287091_AC009961.4,2.830543745,mid
ENSG00000232295_AL589935.1,2.829740723,mid
ENSG00000167191_GPRC5B,2.829362654,mid
ENSG00000138379_MSTN,2.826853936,mid
ENSG00000245105_A2M-AS1,2.826796943,mid
ENSG00000226266_AC009961.1,2.823708535,mid
ENSG00000253327_RAD21-AS1,2.822228257,mid
ENSG00000225762_LINC01389,2.82203292,mid
ENSG00000107611_CUBN,2.821624258,mid
ENSG00000267060_PTGES3L,2.820868812,mid
ENSG00000147614_ATP6V0D2,2.81748251,mid
ENSG00000188660_LINC00319,2.81640361,mid
ENSG00000277806_AC006213.4,2.81624187,mid
ENSG00000176236_RPP38-DT,2.815866805,mid
ENSG00000244513_AC109587.1,2.815589681,mid
ENSG00000227199_ST7-AS1,2.814993291,mid
ENSG00000267811_AP001160.2,2.814503854,mid
ENSG00000178115_GOLGA8Q,2.814130133,mid
ENSG00000272379_AL008729.2,2.814020743,mid
ENSG00000163749_CCDC158,2.81135932,mid
ENSG00000236283_AC019197.1,2.811068022,mid
ENSG00000241472_PTPRG-AS1,2.811068022,mid
ENSG00000246863_GPR176-DT,2.810861165,mid
ENSG00000124212_PTGIS,2.810437813,mid
ENSG00000127533_F2RL3,2.810275077,mid
ENSG00000287114_AC104024.3,2.810247018,mid
ENSG00000272744_AC107214.2,2.810227684,mid
ENSG00000196834_POTEI,2.809147272,mid
ENSG00000226465_AL390198.1,2.808690528,mid
ENSG00000275454_AC105020.6,2.808393797,mid
ENSG00000187955_COL14A1,2.808393797,mid
ENSG00000272426_BX284668.6,2.807786878,mid
ENSG00000196951_SCOC-AS1,2.807374654,mid
ENSG00000273374_AC069222.1,2.80723403,mid
ENSG00000256802_AC022613.1,2.805392607,mid
ENSG00000184343_SRPK3,2.803626824,mid
ENSG00000286994_AC069243.1,2.803039779,mid
ENSG00000213760_ATP6V1G2,2.803039779,mid
ENSG00000149656_LINC00266-1,2.802768047,mid
ENSG00000248489_LINC02062,2.802507227,mid
ENSG00000272505_AC104964.4,2.802409248,mid
ENSG00000130203_APOE,2.802407152,mid
ENSG00000275645_AC068338.3,2.802407152,mid
ENSG00000237813_AC002066.1,2.80158423,mid
ENSG00000145103_ILDR1,2.80115987,mid
ENSG00000226761_TAS2R46,2.799886832,mid
ENSG00000268628_AL121761.1,2.799224318,mid
ENSG00000171951_SCG2,2.798693396,mid
ENSG00000261693_AC134682.1,2.793289248,mid
ENSG00000090382_LYZ,2.79222811,mid
ENSG00000273139_AC007663.3,2.791207941,mid
ENSG00000134627_PIWIL4,2.789848384,mid
ENSG00000125384_PTGER2,2.788607197,mid
ENSG00000186976_EFCAB6,2.787631733,mid
ENSG00000259804_AC027682.1,2.786758128,mid
ENSG00000232310_AL078590.2,2.786758128,mid
ENSG00000184809_B3GALT5-AS1,2.786288533,mid
ENSG00000123342_MMP19,2.785454062,mid
ENSG00000269997_AC068790.3,2.784675737,mid
ENSG00000272501_AL662844.4,2.782849475,mid
ENSG00000134538_SLCO1B1,2.782404726,mid
ENSG00000262050_AC005696.1,2.781728981,mid
ENSG00000260101_AC008074.2,2.780686961,mid
ENSG00000259915_AC017071.1,2.779344997,mid
ENSG00000277152_AC110048.2,2.777676284,mid
ENSG00000287042_AC090945.1,2.777291135,mid
ENSG00000179388_EGR3,2.777139496,mid
ENSG00000184497_TMEM255B,2.777028755,mid
ENSG00000183308_AC005037.1,2.777028755,mid
ENSG00000228242_AC093495.1,2.776027309,mid
ENSG00000273437_AC108673.3,2.775234464,mid
ENSG00000267127_AC090360.1,2.773551419,mid
ENSG00000230530_LIMD1-AS1,2.773419244,mid
ENSG00000076716_GPC4,2.770850104,mid
ENSG00000175946_KLHL38,2.768135035,mid
ENSG00000287670_AC108479.3,2.767828367,mid
ENSG00000230091_TMEM254-AS1,2.765962728,mid
ENSG00000185008_ROBO2,2.765740851,mid
ENSG00000258813_AL442663.3,2.765313168,mid
ENSG00000205090_TMEM240,2.763629879,mid
ENSG00000271926_AC008972.1,2.7630725,mid
ENSG00000214842_RAD51AP2,2.761342967,mid
ENSG00000177453_NIM1K,2.760513245,mid
ENSG00000103528_SYT17,2.759997595,mid
ENSG00000259775_AL138976.2,2.757230693,mid
ENSG00000258689_LINC01269,2.757230693,mid
ENSG00000118298_CA14,2.756891069,mid
ENSG00000259818_AL606760.3,2.755936887,mid
ENSG00000225380_IGKV1OR9-2,2.755283882,mid
ENSG00000165695_AK8,2.75521178,mid
ENSG00000272509_AC087752.4,2.753809928,mid
ENSG00000267277_AC024575.1,2.75364187,mid
ENSG00000205809_KLRC2,2.750993253,mid
ENSG00000174123_TLR10,2.750372347,mid
ENSG00000273472_AC096733.2,2.749432663,mid
ENSG00000261229_AC021483.2,2.748275532,mid
ENSG00000134007_ADAM20,2.748275532,mid
ENSG00000197558_SSPO,2.748237738,mid
ENSG00000287765_AL136295.17,2.748237738,mid
ENSG00000273568_AC131009.3,2.746330558,mid
ENSG00000121769_FABP3,2.746167207,mid
ENSG00000212766_EWSAT1,2.74562887,mid
ENSG00000272567_AC109347.2,2.744433587,mid
ENSG00000166292_TMEM100,2.744237729,mid
ENSG00000272205_AL451050.2,2.744204042,mid
ENSG00000255389_Z97989.1,2.740404479,mid
ENSG00000240401_AC012358.3,2.739497014,mid
ENSG00000142959_BEST4,2.739159313,mid
ENSG00000163116_STPG2,2.738801027,mid
ENSG00000259460_AC078909.1,2.73878382,mid
ENSG00000091844_RGS17,2.73761538,mid
ENSG00000286324_AL033381.3,2.737286247,mid
ENSG00000274667_AC090517.2,2.737115613,mid
ENSG00000287016_AC010996.1,2.736292672,mid
ENSG00000189410_SH2D5,2.734993201,mid
ENSG00000237870_AC073130.1,2.734070887,mid
ENSG00000245017_LINC02453,2.732964505,mid
ENSG00000259319_AF111167.2,2.732391381,mid
ENSG00000287218_AL359962.3,2.730298436,mid
ENSG00000231742_LINC01273,2.724418307,mid
ENSG00000272081_AC008972.2,2.723959603,mid
ENSG00000270210_AC104695.3,2.721992251,mid
ENSG00000285597_AC051619.11,2.721836077,mid
ENSG00000183150_GPR19,2.721231146,mid
ENSG00000272755_AC245297.2,2.72024375,mid
ENSG00000091262_ABCC6,2.720186451,mid
ENSG00000138400_MDH1B,2.719633992,mid
ENSG00000269889_AC078802.1,2.71538934,mid
ENSG00000260328_AC104024.2,2.715244501,mid
ENSG00000160318_CLDND2,2.714481875,mid
ENSG00000164185_ZNF474,2.714415779,mid
ENSG00000286835_AL133477.2,2.713440736,mid
ENSG00000266896_AL354892.3,2.712960819,mid
ENSG00000232284_GNG12-AS1,2.711507182,mid
ENSG00000253392_AC119403.1,2.710470481,mid
ENSG00000223799_IL10RB-DT,2.708883154,mid
ENSG00000271427_AL358072.1,2.707484703,mid
ENSG00000277130_AC073569.3,2.707200039,mid
ENSG00000073670_ADAM11,2.70714165,mid
ENSG00000228274_AL021707.2,2.706884173,mid
ENSG00000132000_PODNL1,2.704220632,mid
ENSG00000263753_LINC00667,2.70390948,mid
ENSG00000273113_AC133528.1,2.701558982,mid
ENSG00000100365_NCF4,2.699841114,mid
ENSG00000203985_LDLRAD1,2.698993344,mid
ENSG00000278396_AL122023.1,2.698510084,mid
ENSG00000164867_NOS3,2.69806813,mid
ENSG00000170298_LGALS9B,2.697680003,mid
ENSG00000267390_AC036176.1,2.697143045,mid
ENSG00000250337_PURPL,2.697038933,mid
ENSG00000161298_ZNF382,2.69687435,mid
ENSG00000223776_LGALS8-AS1,2.6961268,mid
ENSG00000058866_DGKG,2.695664707,mid
ENSG00000142233_NTN5,2.693944577,mid
ENSG00000186280_KDM4D,2.69215457,mid
ENSG00000074966_TXK,2.69187655,mid
ENSG00000248367_AC008610.1,2.691114266,mid
ENSG00000240990_HOXA11-AS,2.689165003,mid
ENSG00000254973_AC105219.4,2.688790523,mid
ENSG00000230325_AL359921.1,2.686202771,mid
ENSG00000272008_AL139274.2,2.685769134,mid
ENSG00000120051_CFAP58,2.684438875,mid
ENSG00000260302_AP005482.1,2.683487349,mid
ENSG00000169918_OTUD7A,2.682842423,mid
ENSG00000269930_AC091057.3,2.680801368,mid
ENSG00000229539_AL353194.1,2.679783274,mid
ENSG00000175920_DOK7,2.679690166,mid
ENSG00000270084_GAS5-AS1,2.679690166,mid
ENSG00000286808_AC092338.3,2.679193589,mid
ENSG00000236204_LINC01376,2.679086624,mid
ENSG00000178301_AQP11,2.678957576,mid
ENSG00000167476_JSRP1,2.678202036,mid
ENSG00000261187_AC079322.1,2.678071692,mid
ENSG00000269894_AC018809.1,2.675736493,mid
ENSG00000170989_S1PR1,2.675356539,mid
ENSG00000106624_AEBP1,2.67517577,mid
ENSG00000144671_SLC22A14,2.674720636,mid
ENSG00000159761_C16orf86,2.674514596,mid
ENSG00000278611_ZNF426-DT,2.674098277,mid
ENSG00000254665_AC091053.1,2.673890936,mid
ENSG00000244541_LINC01213,2.673146762,mid
ENSG00000145002_FAM86B2,2.671168323,mid
ENSG00000139985_ADAM21,2.670828711,mid
ENSG00000232671_ZNF687-AS1,2.670749186,mid
ENSG00000148832_PAOX,2.66723276,mid
ENSG00000146859_TMEM140,2.66723276,mid
ENSG00000276571_AC002550.2,2.665509521,mid
ENSG00000278112_AC145423.3,2.665260991,mid
ENSG00000230615_AL139220.2,2.664112303,mid
ENSG00000229178_AC233280.1,2.662562029,mid
ENSG00000260648_AC020658.3,2.662218188,mid
ENSG00000274372_LINC02804,2.662026181,mid
ENSG00000257829_AC121757.1,2.661687783,mid
ENSG00000262228_AC087392.3,2.661112881,mid
ENSG00000110799_VWF,2.661075087,mid
ENSG00000162728_KCNJ9,2.660801103,mid
ENSG00000257139_LINC02821,2.659543963,mid
ENSG00000273080_AC009309.1,2.658568628,mid
ENSG00000258458_AL160314.2,2.656455086,mid
ENSG00000137098_SPAG8,2.655950903,mid
ENSG00000063438_AHRR,2.653638554,mid
ENSG00000237772_LINC02631,2.653082796,mid
ENSG00000270953_AC007938.3,2.652892304,mid
ENSG00000185345_PRKN,2.651393321,mid
ENSG00000287656_AL591069.1,2.650313248,mid
ENSG00000251602_AL928654.1,2.649890358,mid
ENSG00000205129_C4orf47,2.648328205,mid
ENSG00000121380_BCL2L14,2.647997787,mid
ENSG00000145335_SNCA,2.647896181,mid
ENSG00000215244_LINC02649,2.64787821,mid
ENSG00000286563_AC078983.1,2.647003571,mid
ENSG00000235978_AC018816.1,2.64685631,mid
ENSG00000180139_ACTA2-AS1,2.646758353,mid
ENSG00000262312_AC004494.1,2.643745365,mid
ENSG00000107317_PTGDS,2.643745365,mid
ENSG00000110375_UPK2,2.642961116,mid
ENSG00000185837_HDHD5-AS1,2.64292485,mid
ENSG00000287337_AC005962.2,2.64292485,mid
ENSG00000269967_AL136115.2,2.642710671,mid
ENSG00000281376_ABALON,2.642694418,mid
ENSG00000180535_BHLHA15,2.642553005,mid
ENSG00000231327_LINC01816,2.639767799,mid
ENSG00000286802_AC104459.1,2.637840023,mid
ENSG00000271843_AC012557.1,2.637164262,mid
ENSG00000250765_AC138035.2,2.637146657,mid
ENSG00000177519_RPRM,2.636947413,mid
ENSG00000246523_FZD4-DT,2.636867888,mid
ENSG00000269921_AC068620.1,2.634339766,mid
ENSG00000264548_AC132872.2,2.633070083,mid
ENSG00000260025_CRIM1-DT,2.63266477,mid
ENSG00000246090_AP002026.1,2.631454881,mid
ENSG00000251396_LINC01301,2.62948672,mid
ENSG00000224046_AC005076.1,2.628900632,mid
ENSG00000261476_AC009163.4,2.628900632,mid
ENSG00000276282_AC022960.2,2.627531652,mid
ENSG00000166349_RAG1,2.627319224,mid
ENSG00000262185_AC005736.1,2.627248312,mid
ENSG00000256973_AC053513.2,2.62522816,mid
ENSG00000254535_PABPC4L,2.624386207,mid
ENSG00000228606_AL139011.1,2.624386207,mid
ENSG00000276867_AC074050.4,2.623425567,mid
ENSG00000233922_LINC01694,2.623031168,mid
ENSG00000248712_CCDC153,2.622011706,mid
ENSG00000260278_AC098818.2,2.621504534,mid
ENSG00000281731_METTL14-DT,2.621065285,mid
ENSG00000248517_LINC02437,2.620833824,mid
ENSG00000270894_AC015849.4,2.620410489,mid
ENSG00000276075_AC027682.6,2.619721522,mid
ENSG00000109182_CWH43,2.619289913,mid
ENSG00000223379_AL391987.3,2.618589288,mid
ENSG00000280191_LINC01669,2.617803483,mid
ENSG00000268333_AL132655.1,2.617617016,mid
ENSG00000273004_AL078644.2,2.614603891,mid
ENSG00000261118_AC092123.1,2.614178034,mid
ENSG00000272572_AL138762.1,2.613734877,mid
ENSG00000236263_AC234582.2,2.612917007,mid
ENSG00000274031_AC092140.2,2.612635406,mid
ENSG00000276445_AC005393.1,2.611849141,mid
ENSG00000272902_TBC1D8-AS1,2.611849141,mid
ENSG00000240137_ERICH6-AS1,2.611213436,mid
ENSG00000272148_AC013403.2,2.608552815,mid
ENSG00000099338_CATSPERG,2.60676209,mid
ENSG00000172508_CARNS1,2.606558105,mid
ENSG00000224609_AC093425.1,2.606054827,mid
ENSG00000198542_ITGBL1,2.605843796,mid
ENSG00000261342_AC006538.1,2.605037704,mid
ENSG00000267547_AC060766.4,2.603796386,mid
ENSG00000287808_AL355999.1,2.603732748,mid
ENSG00000138798_EGF,2.60312131,mid
ENSG00000251393_AC005280.1,2.601960648,mid
ENSG00000261668_AC093591.2,2.601545145,mid
ENSG00000277342_AC048344.4,2.601349931,mid
ENSG00000100399_CHADL,2.601066481,mid
ENSG00000091513_TF,2.60063342,mid
ENSG00000081148_IMPG2,2.600068182,mid
ENSG00000271659_AL161729.4,2.599470686,mid
ENSG00000147003_CLTRN,2.598621688,mid
ENSG00000099937_SERPIND1,2.598129572,mid
ENSG00000141665_FBXO15,2.598112762,mid
ENSG00000205325_AC005863.1,2.597594025,mid
ENSG00000286809_AC008964.1,2.597106237,mid
ENSG00000272202_AC097358.2,2.597085451,mid
ENSG00000262413_AC145207.2,2.596984956,mid
ENSG00000272529_AC090948.3,2.596502695,mid
ENSG00000154548_SRSF12,2.596368759,mid
ENSG00000272692_AC010997.4,2.596324698,mid
ENSG00000171564_FGB,2.59563853,mid
ENSG00000170482_SLC23A1,2.59559523,mid
ENSG00000159784_FAM131B,2.593191825,mid
ENSG00000277728_AC097641.2,2.591412594,mid
ENSG00000227308_LINC02832,2.591363015,mid
ENSG00000286535_AC139019.1,2.589946398,mid
ENSG00000272986_AC009570.1,2.589437824,mid
ENSG00000273812_BX640514.2,2.588229049,mid
ENSG00000244558_KCNK15-AS1,2.587905755,mid
ENSG00000274444_AC078909.2,2.587290128,mid
ENSG00000276934_AC009704.2,2.586883682,mid
ENSG00000136490_LIMD2,2.585220837,mid
ENSG00000179133_C10orf67,2.584786868,mid
ENSG00000227591_HSD11B1-AS1,2.584001262,mid
ENSG00000237978_KCNMB2-AS1,2.582994848,mid
ENSG00000261357_AC099518.2,2.582658003,mid
ENSG00000187808_SOWAHD,2.582117465,mid
ENSG00000259920_AC007938.1,2.580969906,mid
ENSG00000125910_S1PR4,2.579979014,mid
ENSG00000260625_AC026471.2,2.579509817,mid
ENSG00000272009_AL121944.1,2.577741468,mid
ENSG00000267213_AC007773.1,2.576997003,mid
ENSG00000267481_AC011477.2,2.576956243,mid
ENSG00000122877_EGR2,2.576260809,mid
ENSG00000284959_AC007262.2,2.574784965,mid
ENSG00000288093_AL592295.5,2.574164324,mid
ENSG00000100505_TRIM9,2.573638453,mid
ENSG00000164199_ADGRV1,2.573328267,mid
ENSG00000225300_AL591623.1,2.573004972,mid
ENSG00000267298_AC006116.5,2.573004972,mid
ENSG00000272844_AC074044.1,2.572591259,mid
ENSG00000272799_AC006238.1,2.572506219,mid
ENSG00000274001_AL512506.1,2.572248675,mid
ENSG00000273355_AP000894.4,2.572232422,mid
ENSG00000277873_AC131159.2,2.571675371,mid
ENSG00000197776_KLHDC1,2.569274052,mid
ENSG00000268401_AC007785.3,2.568387373,mid
ENSG00000145703_IQGAP2,2.567748117,mid
ENSG00000286373_AC022387.2,2.566711461,mid
ENSG00000265933_LINC00668,2.565707348,mid
ENSG00000266933_AC005775.1,2.565532176,mid
ENSG00000258944_AC004846.2,2.564427432,mid
ENSG00000262884_AC015921.1,2.56138627,mid
ENSG00000273165_AL121652.1,2.56053281,mid
ENSG00000260288_AC019294.2,2.560150659,mid
ENSG00000140488_CELF6,2.559146641,mid
ENSG00000171227_TMEM37,2.559114738,mid
ENSG00000188124_OR2AG2,2.558954635,mid
ENSG00000272777_AC019131.2,2.558714617,mid
ENSG00000229261_AL596223.1,2.556269442,mid
ENSG00000074370_ATP2A3,2.555752672,mid
ENSG00000186710_CFAP73,2.554709347,mid
ENSG00000278075_AC114341.1,2.554161733,mid
ENSG00000270190_AC068491.3,2.553260724,mid
ENSG00000287601_BX323046.2,2.552936904,mid
ENSG00000272477_AC144521.1,2.552872811,mid
ENSG00000261839_AL358933.1,2.551102169,mid
ENSG00000229951_AC104695.2,2.550469181,mid
ENSG00000228137_AP001469.2,2.549766027,mid
ENSG00000212126_TAS2R50,2.549388234,mid
ENSG00000228033_AC010967.1,2.548858562,mid
ENSG00000273951_AL031667.3,2.547540316,mid
ENSG00000157734_SNX22,2.547385709,mid
ENSG00000276724_AC123768.4,2.546315972,mid
ENSG00000237280_AL136982.3,2.545561923,mid
ENSG00000245685_FRG1-DT,2.545473699,mid
ENSG00000259577_CERNA1,2.544583964,mid
ENSG00000204241_LINC02731,2.543832193,mid
ENSG00000258377_AL139099.1,2.543058664,mid
ENSG00000205853_RFPL3S,2.542904141,mid
ENSG00000275198_AL512791.2,2.542670703,mid
ENSG00000183018_SPNS2,2.542664041,mid
ENSG00000226310_AL022157.1,2.541467744,mid
ENSG00000114654_EFCC1,2.539066879,mid
ENSG00000163157_TMOD4,2.535842635,mid
ENSG00000234776_C11orf94,2.535355451,mid
ENSG00000204805_AL391987.2,2.534673944,mid
ENSG00000237505_PKN2-AS1,2.53380145,mid
ENSG00000230337_EXOSC10-AS1,2.533221549,mid
ENSG00000179066_AC020907.1,2.53277315,mid
ENSG00000168062_BATF2,2.528352441,mid
ENSG00000224712_NPIPA3,2.527428104,mid
ENSG00000269189_AL445223.1,2.526968953,mid
ENSG00000204758_AC008429.1,2.526308843,mid
ENSG00000267296_CEBPA-DT,2.526298243,mid
ENSG00000172901_LVRN,2.525664762,mid
ENSG00000158859_ADAMTS4,2.525664762,mid
ENSG00000260367_AC109460.1,2.524486281,mid
ENSG00000242136_AC093904.2,2.523066076,mid
ENSG00000232732_AC097717.1,2.522078681,mid
ENSG00000144045_DQX1,2.520628391,mid
ENSG00000146005_PSD2,2.52055132,mid
ENSG00000286989_AL691432.4,2.520435398,mid
ENSG00000224093_AL109613.1,2.51999491,mid
ENSG00000277595_AC007546.1,2.51999491,mid
ENSG00000165816_VWA2,2.519098217,mid
ENSG00000273002_AL355388.2,2.51799996,mid
ENSG00000089692_LAG3,2.517875053,mid
ENSG00000165555_NOXRED1,2.517875053,mid
ENSG00000049540_ELN,2.517875053,mid
ENSG00000163803_PLB1,2.517801374,mid
ENSG00000254568_AP003501.1,2.517385794,mid
ENSG00000269106_AC012313.7,2.51702657,mid
ENSG00000229388_LINC01715,2.515597959,mid
ENSG00000274677_AC040169.3,2.51538272,mid
ENSG00000164082_GRM2,2.513848359,mid
ENSG00000224066_AL049795.1,2.512486467,mid
ENSG00000249685_AC079921.2,2.511998067,mid
ENSG00000197748_CFAP43,2.511784219,mid
ENSG00000166743_ACSM1,2.510816114,mid
ENSG00000237689_AC007064.2,2.510402272,mid
ENSG00000235269_LINC02331,2.509048167,mid
ENSG00000186765_FSCN2,2.508232657,mid
ENSG00000074276_CDHR2,2.50812359,mid
ENSG00000287879_AC114341.2,2.507903887,mid
ENSG00000231212_AL590399.3,2.506262964,mid
ENSG00000277589_AC244093.4,2.506218557,mid
ENSG00000273523_AL139082.1,2.504777735,mid
ENSG00000228793_AL033523.1,2.50473242,mid
ENSG00000163884_KLF15,2.504208358,mid
ENSG00000265692_LINC01970,2.502440834,mid
ENSG00000278546_AC003101.2,2.500959784,mid
ENSG00000256139_AC007637.1,2.499220012,mid
ENSG00000236305_SLC12A9-AS1,2.499220012,mid
ENSG00000244502_HDAC11-AS1,2.498074211,mid
ENSG00000225891_AL513365.2,2.497624217,mid
ENSG00000257135_ODC1-DT,2.496854852,mid
ENSG00000286966_AL137800.1,2.490405697,mid
ENSG00000265967_AC100830.3,2.489682122,mid
ENSG00000228113_AC003991.1,2.489434562,mid
ENSG00000228395_AL356481.1,2.48880901,mid
ENSG00000259408_AC010809.2,2.488497487,mid
ENSG00000256603_AP003170.4,2.484407516,mid
ENSG00000271980_AC012640.4,2.484294367,mid
ENSG00000238005_AL391832.2,2.483477273,mid
ENSG00000150637_CD226,2.482936443,mid
ENSG00000134716_CYP2J2,2.481701014,mid
ENSG00000228044_AL160408.1,2.481701014,mid
ENSG00000227195_MIR663AHG,2.48114601,mid
ENSG00000270885_RASL10B,2.480313337,mid
ENSG00000259347_AC087482.1,2.480092488,mid
ENSG00000204421_LY6G6C,2.479507531,mid
ENSG00000274825_AL023803.2,2.478000193,mid
ENSG00000259146_AC005476.2,2.477713093,mid
ENSG00000156006_NAT2,2.476835816,mid
ENSG00000227477_STK4-AS1,2.476806498,mid
ENSG00000152284_TCF7L1,2.476752279,mid
ENSG00000203721_LINC00862,2.476752279,mid
ENSG00000243224_AC006252.1,2.47574189,mid
ENSG00000231305_AC112484.1,2.474056006,mid
ENSG00000273141_AP001269.4,2.473305683,mid
ENSG00000235072_AC012074.1,2.472449939,mid
ENSG00000230587_LINC02580,2.472225992,mid
ENSG00000271993_AC126118.1,2.471227084,mid
ENSG00000135424_ITGA7,2.471158503,mid
ENSG00000266903_AC243964.3,2.470873863,mid
ENSG00000260647_AC127537.1,2.470758263,mid
ENSG00000213988_ZNF90,2.468848868,mid
ENSG00000272910_AC090425.3,2.467314434,mid
ENSG00000167874_TMEM88,2.466891599,mid
ENSG00000270060_AC090589.3,2.465499061,mid
ENSG00000105737_GRIK5,2.464866788,mid
ENSG00000236914_LINC01852,2.464478552,mid
ENSG00000259863_SH3RF3-AS1,2.462991611,mid
ENSG00000287244_AL020997.5,2.461695911,mid
ENSG00000281566_AL157778.1,2.461695911,mid
ENSG00000269873_AC245884.10,2.461695911,mid
ENSG00000272735_AC007881.3,2.461237207,mid
ENSG00000170423_KRT78,2.45850366,mid
ENSG00000128655_PDE11A,2.457828653,mid
ENSG00000267096_AC008735.1,2.45739221,mid
ENSG00000273300_AC000068.3,2.456120376,mid
ENSG00000272663_AC093635.1,2.456061839,mid
ENSG00000270557_AC013731.1,2.455796686,mid
ENSG00000246548_LINC02288,2.45535535,mid
ENSG00000163576_EFHB,2.45535535,mid
ENSG00000161860_SYCE2,2.454908617,mid
ENSG00000255471_AP001528.1,2.454758957,mid
ENSG00000166313_APBB1,2.453906203,mid
ENSG00000226604_PAPPA-AS2,2.453906203,mid
ENSG00000230928_AL139241.1,2.453764412,mid
ENSG00000276718_AC005840.4,2.453764412,mid
ENSG00000100053_CRYBB3,2.453639505,mid
ENSG00000265222_AC079336.2,2.453284495,mid
ENSG00000243902_FP325335.1,2.452316814,mid
ENSG00000260966_AP001486.2,2.451821131,mid
ENSG00000236308_AL138921.2,2.449617961,mid
ENSG00000162461_SLC25A34,2.448744224,mid
ENSG00000281849_AL732314.6,2.447894862,mid
ENSG00000103723_AP3B2,2.44685108,mid
ENSG00000213886_UBD,2.445685625,mid
ENSG00000163491_NEK10,2.444845144,mid
ENSG00000249116_AC025183.1,2.444614156,mid
ENSG00000287655_AC023283.1,2.443964292,mid
ENSG00000081189_MEF2C,2.44346995,mid
ENSG00000166839_ANKDD1A,2.441983009,mid
ENSG00000272542_AL137246.1,2.440660876,mid
ENSG00000257743_MGAM2,2.440576353,mid
ENSG00000272574_AL596325.2,2.440404834,mid
ENSG00000175728_C11orf44,2.438812526,mid
ENSG00000130649_CYP2E1,2.436983187,mid
ENSG00000094963_FMO2,2.436359527,mid
ENSG00000254419_AL139349.1,2.435835348,mid
ENSG00000232934_AL157786.1,2.435794209,mid
ENSG00000126860_EVI2A,2.435175863,mid
ENSG00000275759_AC026367.3,2.434105361,mid
ENSG00000236137_AL445231.1,2.433002174,mid
ENSG00000286977_Z83745.1,2.430497788,mid
ENSG00000164047_CAMP,2.429905625,mid
ENSG00000204683_C10orf113,2.429701351,mid
ENSG00000269688_AC008982.2,2.42814941,mid
ENSG00000230185_C9orf147,2.423749386,mid
ENSG00000278390_AL354696.2,2.422300239,mid
ENSG00000215022_AL008729.1,2.421638046,mid
ENSG00000231246_AL445426.1,2.419537539,mid
ENSG00000272677_AC124016.1,2.419508422,mid
ENSG00000128482_RNF112,2.418694587,mid
ENSG00000147082_CCNB3,2.417363851,mid
ENSG00000231663_COA6-AS1,2.417302602,mid
ENSG00000236723_AL606760.2,2.41655961,mid
ENSG00000163661_PTX3,2.412600268,mid
ENSG00000271795_AC011337.1,2.410296436,mid
ENSG00000198754_OXCT2,2.410196839,mid
ENSG00000263307_AC007216.4,2.409970272,mid
ENSG00000254485_AC026191.1,2.409690496,mid
ENSG00000264608_AC005726.3,2.409536729,mid
ENSG00000272108_AC244517.1,2.40868585,mid
ENSG00000260296_AC095057.3,2.407556436,mid
ENSG00000272103_AC026741.1,2.407556436,mid
ENSG00000238039_AC244197.2,2.407082629,mid
ENSG00000271917_AL357568.2,2.406541296,mid
ENSG00000188916_INSYN2A,2.406034428,mid
ENSG00000137101_CD72,2.405988661,mid
ENSG00000128383_APOBEC3A,2.405203148,mid
ENSG00000268307_LINC02560,2.403811036,mid
ENSG00000274370_AC130371.2,2.403795578,mid
ENSG00000226051_ZNF503-AS1,2.403222796,mid
ENSG00000226009_KCNIP2-AS1,2.401806124,mid
ENSG00000139574_NPFF,2.401615349,mid
ENSG00000111275_ALDH2,2.400673791,mid
ENSG00000130783_CCDC62,2.400629444,mid
ENSG00000237594_AP000251.1,2.400629444,mid
ENSG00000250222_AC008443.5,2.400594365,mid
ENSG00000233077_LINC01271,2.400476605,mid
ENSG00000189233_NUGGC,2.399686326,mid
ENSG00000287133_AC007279.2,2.399259576,mid
ENSG00000229109_AL137847.1,2.399069145,mid
ENSG00000273035_AC007684.2,2.399022761,mid
ENSG00000260898_ADPGK-AS1,2.399019366,mid
ENSG00000276651_AC007950.2,2.395375253,mid
ENSG00000188050_RNF133,2.395225953,mid
ENSG00000267469_AC005944.1,2.394936998,mid
ENSG00000229587_AL158825.2,2.394495497,mid
ENSG00000287236_Z73420.1,2.394172231,mid
ENSG00000139914_FITM1,2.39325626,mid
ENSG00000259172_AC023024.1,2.393236142,mid
ENSG00000177938_CAPZA3,2.393017648,mid
ENSG00000283646_LINC02009,2.392777438,mid
ENSG00000198569_SLC34A3,2.391131773,mid
ENSG00000277449_CEBPB-AS1,2.390673069,mid
ENSG00000229563_LINC01204,2.39030636,mid
ENSG00000245975_AC090515.2,2.389670655,mid
ENSG00000072818_ACAP1,2.38916208,mid
ENSG00000288018_AP003120.1,2.389077659,mid
ENSG00000273375_AC055764.2,2.387510439,mid
ENSG00000231170_AC002451.1,2.383977139,mid
ENSG00000099365_STX1B,2.383302416,mid
ENSG00000275709_AC090527.3,2.383157578,mid
ENSG00000271387_AL445228.2,2.383027772,mid
ENSG00000187486_KCNJ11,2.382989743,mid
ENSG00000280587_LINC01348,2.381853269,mid
ENSG00000248015_AC005329.1,2.3810953,mid
ENSG00000126759_CFP,2.380083449,mid
ENSG00000263429_TMEM238L,2.380083449,mid
ENSG00000163359_COL6A3,2.379378254,mid
ENSG00000263603_AC127024.2,2.378582766,mid
ENSG00000170390_DCLK2,2.37821212,mid
ENSG00000228812_LAMA5-AS1,2.378074192,mid
ENSG00000189045_ANKDD1B,2.37727938,mid
ENSG00000175202_HIGD2B,2.377213082,mid
ENSG00000271991_AC013400.1,2.377070254,mid
ENSG00000227507_LTB,2.376427858,mid
ENSG00000286529_AC090398.2,2.376409176,mid
ENSG00000261794_GOLGA8H,2.375655827,mid
ENSG00000232618_AL355304.1,2.375650309,mid
ENSG00000228444_AL137244.1,2.375583688,mid
ENSG00000246225_AC006299.1,2.37543007,mid
ENSG00000224940_PRRT4,2.373774973,mid
ENSG00000267682_AC016590.2,2.373707569,mid
ENSG00000109099_PMP22,2.373097362,mid
ENSG00000171916_LGALS9C,2.372961084,mid
ENSG00000250508_LINC02701,2.372462891,mid
ENSG00000224738_AC099850.1,2.372401335,mid
ENSG00000260160_AC011468.1,2.372163797,mid
ENSG00000271869_AC026979.2,2.371094626,mid
ENSG00000174827_PDZK1,2.370379523,mid
ENSG00000086730_LAT2,2.369749565,mid
ENSG00000273261_AC092953.2,2.368546391,mid
ENSG00000249307_LINC01088,2.366932086,mid
ENSG00000168124_OR1F1,2.366372703,mid
ENSG00000286136_AC107071.1,2.365279936,mid
ENSG00000148483_TMEM236,2.36446767,mid
ENSG00000205639_MFSD2B,2.36435548,mid
ENSG00000232807_AL137186.2,2.363978401,mid
ENSG00000173809_TDRD12,2.363773574,mid
ENSG00000233672_RNASEH2B-AS1,2.363773574,mid
ENSG00000279571_AL162426.1,2.363464638,mid
ENSG00000169896_ITGAM,2.362857592,mid
ENSG00000145700_ANKRD31,2.362163496,mid
ENSG00000279066_HEXD-IT1,2.362163496,mid
ENSG00000280273_AF131216.4,2.361954224,mid
ENSG00000231999_LRRC8C-DT,2.358270531,mid
ENSG00000254554_AC080023.1,2.358185546,mid
ENSG00000226237_GAS1RR,2.358185546,mid
ENSG00000186897_C1QL4,2.356775768,mid
ENSG00000273338_AC103591.3,2.356509606,mid
ENSG00000227456_LINC00310,2.354386389,mid
ENSG00000264812_AC132938.2,2.353912893,mid
ENSG00000228613_AC141930.1,2.353508881,mid
ENSG00000275902_AC139530.3,2.353508881,mid
ENSG00000287355_AL451123.2,2.353242183,mid
ENSG00000274737_AC004466.2,2.352588903,mid
ENSG00000265800_AC022211.3,2.352346115,mid
ENSG00000172014_ANKRD20A4,2.34894204,mid
ENSG00000197934_CYYR1-AS1,2.346519592,mid
ENSG00000256571_AC079866.2,2.346060888,mid
ENSG00000280734_LINC01232,2.341056538,mid
ENSG00000272172_AC138696.2,2.339974174,mid
ENSG00000113494_PRLR,2.337570576,mid
ENSG00000279968_GVQW2,2.336781767,mid
ENSG00000271871_AC005740.4,2.336625514,mid
ENSG00000266498_AC055811.3,2.335396887,mid
ENSG00000117643_MAN1C1,2.335375897,mid
ENSG00000109927_TECTA,2.335136718,mid
ENSG00000270006_AC010531.6,2.334783479,mid
ENSG00000231971_CT69,2.332374888,mid
ENSG00000165197_VEGFD,2.332374888,mid
ENSG00000262585_LINC01979,2.3302012,mid
ENSG00000235313_HM13-IT1,2.328465687,mid
ENSG00000239332_LINC01119,2.328050267,mid
ENSG00000105928_GSDME,2.328006983,mid
ENSG00000224020_MIR181A2HG,2.327577441,mid
ENSG00000122432_SPATA1,2.323926371,mid
ENSG00000273211_AC137630.4,2.323858874,mid
ENSG00000203808_BVES-AS1,2.323541589,mid
ENSG00000235027_AC068580.3,2.321902917,mid
ENSG00000272562_AL512343.2,2.321240724,mid
ENSG00000232034_AC092168.2,2.32080993,mid
ENSG00000250803_AC010255.3,2.319413526,mid
ENSG00000243232_PCDHAC2,2.319083837,mid
ENSG00000271784_AL031055.1,2.318708193,mid
ENSG00000103056_SMPD3,2.318700084,mid
ENSG00000274929_AL157813.1,2.318007885,mid
ENSG00000284657_AL031432.5,2.317182398,mid
ENSG00000226904_AL353608.2,2.315847901,mid
ENSG00000165511_C10orf25,2.315847901,mid
ENSG00000198520_ARMH1,2.315746248,mid
ENSG00000205959_AC105345.1,2.313451029,mid
ENSG00000245080_MIR3150BHG,2.312096925,mid
ENSG00000244733_AL132656.2,2.308935465,mid
ENSG00000188629_ZNF177,2.308635332,mid
ENSG00000188004_SNHG28,2.30705216,mid
ENSG00000272720_AL022322.1,2.306971464,mid
ENSG00000273367_AL355472.3,2.306971464,mid
ENSG00000205923_CEMP1,2.306380133,mid
ENSG00000267139_AC005262.2,2.305675284,mid
ENSG00000102904_TSNAXIP1,2.305661315,mid
ENSG00000272155_AC055822.1,2.304435478,mid
ENSG00000277423_AC069234.5,2.303094257,mid
ENSG00000228701_TNKS2-AS1,2.30049882,mid
ENSG00000170961_HAS2,2.300402018,mid
ENSG00000258711_AL358334.2,2.300232122,mid
ENSG00000267263_AC111170.2,2.300232122,mid
ENSG00000198221_AFDN-DT,2.299804724,mid
ENSG00000248810_LINC02432,2.299607099,mid
ENSG00000260121_AC138028.4,2.296451651,mid
ENSG00000267549_AC006116.8,2.296451651,mid
ENSG00000235989_MORC2-AS1,2.293716328,mid
ENSG00000262514_AC020978.6,2.293716328,mid
ENSG00000278765_AC004477.3,2.293393072,mid
ENSG00000223947_AC016738.1,2.292013333,mid
ENSG00000272662_AC073352.1,2.292013333,mid
ENSG00000267672_AC010632.2,2.291746636,mid
ENSG00000257509_AC073487.1,2.291455032,mid
ENSG00000277767_AL442128.2,2.291013634,mid
ENSG00000091428_RAPGEF4,2.290951251,mid
ENSG00000133958_UNC79,2.290417538,mid
ENSG00000132837_DMGDH,2.289944043,mid
ENSG00000228084_AC118553.1,2.289721693,mid
ENSG00000226711_FAM66C,2.285561985,mid
ENSG00000051523_CYBA,2.279773662,mid
ENSG00000267143_AP001120.2,2.278754929,mid
ENSG00000259868_AL163952.1,2.278661474,mid
ENSG00000261000_AC244034.2,2.278458851,mid
ENSG00000129204_USP6,2.278278901,mid
ENSG00000039600_SOX30,2.277191139,mid
ENSG00000271998_AC034229.3,2.27686386,mid
ENSG00000222020_HDAC4-AS1,2.276365651,mid
ENSG00000204581_ACOXL-AS1,2.276365651,mid
ENSG00000267394_AC004596.1,2.276115775,mid
ENSG00000273369_AC096586.2,2.275130041,mid
ENSG00000257607_AC073957.2,2.274625665,mid
ENSG00000239335_LLPH-DT,2.272766508,mid
ENSG00000091137_SLC26A4,2.272305545,mid
ENSG00000149201_CCDC81,2.271298807,mid
ENSG00000179846_NKPD1,2.270356873,mid
ENSG00000177340_AC024940.1,2.269688729,mid
ENSG00000260448_LCMT1-AS1,2.267947334,mid
ENSG00000180481_GLIPR1L2,2.267783696,mid
ENSG00000275329_AL138781.1,2.266222091,mid
ENSG00000267030_AC011498.2,2.264432739,mid
ENSG00000145198_VWA5B2,2.264415771,mid
ENSG00000174871_CNIH2,2.264201935,mid
ENSG00000124507_PACSIN1,2.263975139,mid
ENSG00000266126_AC005730.3,2.263303468,mid
ENSG00000176533_GNG7,2.263188814,mid
ENSG00000255062_AP001318.2,2.262132644,mid
ENSG00000274695_AC108704.1,2.261760113,mid
ENSG00000261092_LINC02178,2.26102263,mid
ENSG00000225963_AC009950.1,2.260253751,mid
ENSG00000162552_WNT4,2.260107755,mid
ENSG00000261064_LINC02256,2.259251458,mid
ENSG00000287170_AC010327.8,2.259086863,mid
ENSG00000273489_AC008264.2,2.258846653,mid
ENSG00000287074_AC137561.1,2.258846653,mid
ENSG00000259523_AC022613.2,2.258007968,mid
ENSG00000203797_DDO,2.257665934,mid
ENSG00000242808_SOX2-OT,2.257187452,mid
ENSG00000231908_IDH1-AS1,2.257187452,mid
ENSG00000268520_AC008750.5,2.256935455,mid
ENSG00000227210_AC079145.1,2.255906703,mid
ENSG00000273181_AC131235.3,2.254916542,mid
ENSG00000182545_RNASE10,2.253415047,mid
ENSG00000272247_AC080013.5,2.252811523,mid
ENSG00000133067_LGR6,2.25024142,mid
ENSG00000286931_AL136419.3,2.249088149,mid
ENSG00000238142_BX284668.5,2.246925318,mid
ENSG00000267532_MIR497HG,2.24514319,mid
ENSG00000197813_AC011450.1,2.241115102,mid
ENSG00000261291_AC007906.1,2.240488198,mid
ENSG00000249637_AC008438.1,2.240482313,mid
ENSG00000261019_AC010132.4,2.240262485,mid
ENSG00000236039_AC019117.1,2.239408285,mid
ENSG00000231920_NEBL-AS1,2.23860542,mid
ENSG00000251259_AC004069.1,2.238348614,mid
ENSG00000281333_AC024941.2,2.238332562,mid
ENSG00000253102_AC004707.1,2.238065864,mid
ENSG00000239732_TLR9,2.238065864,mid
ENSG00000260475_AL353719.1,2.237932308,mid
ENSG00000262772_LINC01977,2.237932308,mid
ENSG00000275484_AP003419.3,2.237407477,mid
ENSG00000259448_LINC02352,2.237185127,mid
ENSG00000249502_AC006160.1,2.236826882,mid
ENSG00000287539_AC022966.2,2.236826882,mid
ENSG00000232645_LINC01431,2.236826882,mid
ENSG00000272945_AL356299.2,2.236263272,mid
ENSG00000260941_LINC00622,2.236263272,mid
ENSG00000171557_FGG,2.236263272,mid
ENSG00000272973_AP000350.5,2.236263272,mid
ENSG00000116014_KISS1R,2.234727782,mid
ENSG00000213366_GSTM2,2.232407465,mid
ENSG00000167244_IGF2,2.231026542,mid
ENSG00000262484_CCER2,2.230845234,mid
ENSG00000203441_LINC00449,2.229747478,mid
ENSG00000286288_AL109809.5,2.229288774,mid
ENSG00000167216_KATNAL2,2.229157524,mid
ENSG00000158815_FGF17,2.227847375,mid
ENSG00000257588_AC025154.2,2.227777785,mid
ENSG00000136274_NACAD,2.227141695,mid
ENSG00000277440_AC012676.4,2.22618199,mid
ENSG00000278107_AC027575.2,2.224858568,mid
ENSG00000228956_SATB1-AS1,2.224858568,mid
ENSG00000263639_MSMB,2.223036781,mid
ENSG00000287078_AL513218.2,2.222022687,mid
ENSG00000286874_AC072054.1,2.220806669,mid
ENSG00000178623_GPR35,2.2182379,mid
ENSG00000105479_CCDC114,2.217198569,mid
ENSG00000146070_PLA2G7,2.216853616,mid
ENSG00000234614_C2CD4D-AS1,2.216689897,mid
ENSG00000130477_UNC13A,2.216607563,mid
ENSG00000287853_AL031668.2,2.216358487,mid
ENSG00000104951_IL4I1,2.216320059,mid
ENSG00000186952_TMEM232,2.215395977,mid
ENSG00000267342_AC087289.2,2.215024881,mid
ENSG00000203867_RBM20,2.214199393,mid
ENSG00000278668_AC005899.7,2.214170681,mid
ENSG00000267395_DM1-AS,2.213672131,mid
ENSG00000255256_AL136146.2,2.212331903,mid
ENSG00000204620_AC115618.1,2.212130103,mid
ENSG00000212743_LINC02656,2.211084214,mid
ENSG00000286975_AP005136.4,2.211084214,tail
ENSG00000167371_PRRT2,2.211063898,tail
ENSG00000188394_GPR21,2.209942203,tail
ENSG00000131484_AC091132.1,2.209148549,tail
ENSG00000286171_AC073140.1,2.208273142,tail
ENSG00000236529_AC093582.1,2.206613265,tail
ENSG00000258791_LINC00520,2.205998132,tail
ENSG00000174099_MSRB3,2.204542194,tail
ENSG00000164385_LINC01600,2.203925394,tail
ENSG00000225675_LINC01771,2.20303959,tail
ENSG00000234840_LINC01239,2.202041769,tail
ENSG00000167046_AL357033.1,2.200410283,tail
ENSG00000224292_AF196972.1,2.199553848,tail
ENSG00000169474_SPRR1A,2.196926651,tail
ENSG00000262155_LINC02175,2.1962849,tail
ENSG00000227070_AC104170.1,2.196145489,tail
ENSG00000118307_CASC1,2.194576026,tail
ENSG00000286431_BX842570.1,2.193142102,tail
ENSG00000272913_AC009237.14,2.192727618,tail
ENSG00000287001_AC010624.5,2.192691735,tail
ENSG00000186603_HPDL,2.190592098,tail
ENSG00000287009_AC021037.1,2.189737899,tail
ENSG00000159958_TNFRSF13C,2.189379062,tail
ENSG00000142347_MYO1F,2.189042217,tail
ENSG00000286626_AC090469.1,2.188287084,tail
ENSG00000272444_AL118558.4,2.186588192,tail
ENSG00000236871_LINC00106,2.186396186,tail
ENSG00000272037_AP002907.1,2.185094033,tail
ENSG00000276533_AC018926.2,2.18508262,tail
ENSG00000248677_LINC02102,2.183571811,tail
ENSG00000258199_AC073896.4,2.182587268,tail
ENSG00000238121_LINC00426,2.182526078,tail
ENSG00000126010_GRPR,2.182526078,tail
ENSG00000247624_CPEB2-DT,2.179851994,tail
ENSG00000203711_C6orf99,2.177936623,tail
ENSG00000261670_AC012213.2,2.177082699,tail
ENSG00000274403_AC090510.2,2.176338975,tail
ENSG00000155307_SAMSN1,2.175029487,tail
ENSG00000229017_LINC01277,2.175029487,tail
ENSG00000287480_AL158832.2,2.17502676,tail
ENSG00000111058_ACSS3,2.174622404,tail
ENSG00000232623_AP000266.1,2.174097014,tail
ENSG00000255910_AC024901.1,2.173171929,tail
ENSG00000111644_ACRBP,2.171158454,tail
ENSG00000276148_AC084824.5,2.170850981,tail
ENSG00000262188_LINC01978,2.17069975,tail
ENSG00000163040_CCDC74A,2.169580812,tail
ENSG00000282386_AL358472.4,2.169349686,tail
ENSG00000276851_AC002401.4,2.168912359,tail
ENSG00000163499_CRYBA2,2.166912895,tail
ENSG00000175985_PLEKHD1,2.16532848,tail
ENSG00000272576_AC027271.1,2.165136531,tail
ENSG00000277895_AC135279.4,2.164597343,tail
ENSG00000164764_SBSPON,2.163940068,tail
ENSG00000272638_AC006027.1,2.163810705,tail
ENSG00000276931_AC009041.4,2.163461054,tail
ENSG00000270061_AC068790.5,2.163172844,tail
ENSG00000166246_C16orf71,2.163045354,tail
ENSG00000270607_AC009549.1,2.162593474,tail
ENSG00000230537_AL158071.3,2.162593474,tail
ENSG00000273079_GRIN2B,2.162531789,tail
ENSG00000266378_AC005224.2,2.162478748,tail
ENSG00000172794_RAB37,2.162071521,tail
ENSG00000246283_AC090510.1,2.162071521,tail
ENSG00000285737_LINC02680,2.161559978,tail
ENSG00000253641_AC104964.1,2.161362792,tail
ENSG00000235663_SAPCD1-AS1,2.160889718,tail
ENSG00000223356_AL590666.1,2.160889718,tail
ENSG00000183153_GJD3,2.160889718,tail
ENSG00000268201_AC020915.1,2.159824526,tail
ENSG00000069696_DRD4,2.159593537,tail
ENSG00000284738_AL358472.5,2.158225547,tail
ENSG00000231482_AC105450.1,2.157831487,tail
ENSG00000288108_AC126768.3,2.157321266,tail
ENSG00000243762_AC006547.2,2.157321266,tail
ENSG00000227963_RBM15-AS1,2.157268612,tail
ENSG00000286787_AL110114.1,2.157268612,tail
ENSG00000253854_AC010834.3,2.154129056,tail
ENSG00000149243_KLHL35,2.154099507,tail
ENSG00000018625_ATP1A2,2.14956835,tail
ENSG00000281189_GHET1,2.148709563,tail
ENSG00000256050_AL583722.1,2.146284742,tail
ENSG00000240567_LINC02067,2.140906519,tail
ENSG00000177599_ZNF491,2.138533136,tail
ENSG00000250519_AP002784.1,2.138377483,tail
ENSG00000250371_AC007370.2,2.13836607,tail
ENSG00000183347_GBP6,2.137635204,tail
ENSG00000277050_AL122125.1,2.137635204,tail
ENSG00000277758_FO681492.1,2.137060665,tail
ENSG00000166682_TMPRSS5,2.136174735,tail
ENSG00000231473_RB1-DT,2.136085839,tail
ENSG00000272672_AL391497.1,2.13605173,tail
ENSG00000215692_AC114730.1,2.134224222,tail
ENSG00000274598_AC087893.2,2.13378274,tail
ENSG00000259321_AL136295.2,2.133249958,tail
ENSG00000169418_NPR1,2.132662617,tail
ENSG00000187689_AMTN,2.131387837,tail
ENSG00000068976_PYGM,2.129988468,tail
ENSG00000184451_CCR10,2.128109883,tail
ENSG00000260672_AC100827.4,2.127753826,tail
ENSG00000272695_GAS6-DT,2.127610984,tail
ENSG00000155918_RAET1L,2.125784811,tail
ENSG00000169085_VXN,2.125410211,tail
ENSG00000144821_MYH15,2.124806669,tail
ENSG00000205436_EXOC3L4,2.12394949,tail
ENSG00000006210_CX3CL1,2.12394949,tail
ENSG00000231050_AL109917.1,2.123892524,tail
ENSG00000258099_ATXN2-AS,2.123892524,tail
ENSG00000284523_AC004834.1,2.123304843,tail
ENSG00000165807_PPP1R36,2.123304843,tail
ENSG00000276272_AC024884.2,2.122619342,tail
ENSG00000229314_ORM1,2.122280641,tail
ENSG00000113763_UNC5A,2.121987522,tail
ENSG00000284902_AC074008.1,2.121520678,tail
ENSG00000232104_RFX3-AS1,2.121450703,tail
ENSG00000273026_AL358472.3,2.121125183,tail
ENSG00000255100_AP003119.2,2.119950985,tail
ENSG00000270130_AC068790.7,2.119457888,tail
ENSG00000213171_LINGO4,2.119165727,tail
ENSG00000009950_MLXIPL,2.119034731,tail
ENSG00000239713_APOBEC3G,2.118993001,tail
ENSG00000121753_ADGRB2,2.11847096,tail
ENSG00000100298_APOBEC3H,2.118058267,tail
ENSG00000269926_DDIT4-AS1,2.117928016,tail
ENSG00000274259_SYNGAP1-AS1,2.117689689,tail
ENSG00000254363_AC011379.2,2.117675109,tail
ENSG00000214534_ZNF705E,2.112774137,tail
ENSG00000112394_SLC16A10,2.112737697,tail
ENSG00000286579_AC023483.1,2.111508996,tail
ENSG00000214694_ARHGEF33,2.110176156,tail
ENSG00000119121_TRPM6,2.108872314,tail
ENSG00000258682_AL132989.1,2.104449814,tail
ENSG00000272217_AL645940.1,2.102718803,tail
ENSG00000183423_LRIT3,2.101603915,tail
ENSG00000287507_AP001053.1,2.098937296,tail
ENSG00000287927_AC100801.2,2.098624623,tail
ENSG00000234817_AL136309.2,2.098144706,tail
ENSG00000232316_LINC02518,2.097631974,tail
ENSG00000197308_GATA3-AS1,2.09665417,tail
ENSG00000138135_CH25H,2.096283074,tail
ENSG00000247853_AC006064.2,2.095357989,tail
ENSG00000230699_AL645608.2,2.094793095,tail
ENSG00000233885_YEATS2-AS1,2.094189969,tail
ENSG00000227542_AC092614.1,2.094177269,tail
ENSG00000173567_ADGRF3,2.093972303,tail
ENSG00000221932_HEPN1,2.093351484,tail
ENSG00000147872_PLIN2,2.093344514,tail
ENSG00000260693_AC026150.1,2.093097516,tail
ENSG00000173338_KCNK7,2.092131478,tail
ENSG00000121270_ABCC11,2.091236132,tail
ENSG00000231646_FSIP2-AS1,2.089866507,tail
ENSG00000214432_VPS33B-DT,2.089734637,tail
ENSG00000213471_TTLL13P,2.087674663,tail
ENSG00000125510_OPRL1,2.087674663,tail
ENSG00000272948_AP001412.1,2.087574763,tail
ENSG00000196748_CLPSL2,2.087536735,tail
ENSG00000249684_AC106795.2,2.087532593,tail
ENSG00000231969_AC007364.1,2.086203074,tail
ENSG00000259453_AC087286.4,2.085890401,tail
ENSG00000110693_SOX6,2.085358904,tail
ENSG00000250634_LINC01182,2.085358904,tail
ENSG00000285938_AC072022.2,2.085251619,tail
ENSG00000273328_AC099329.2,2.084685299,tail
ENSG00000261469_AC020978.4,2.084664808,tail
ENSG00000264019_AC018521.2,2.083862086,tail
ENSG00000283907_AD000090.1,2.082413585,tail
ENSG00000180044_C3orf80,2.082134243,tail
ENSG00000145244_CORIN,2.081628361,tail
ENSG00000230825_AC005532.1,2.079454672,tail
ENSG00000158008_EXTL1,2.077611297,tail
ENSG00000256671_LIMS4,2.077291567,tail
ENSG00000134532_SOX5,2.076369988,tail
ENSG00000272674_PCDHB16,2.076054108,tail
ENSG00000237017_AC245052.4,2.075919621,tail
ENSG00000274987_AC092794.1,2.074734153,tail
ENSG00000273416_AL732292.2,2.074734153,tail
ENSG00000156509_FBXO43,2.074408632,tail
ENSG00000277782_AC068870.2,2.074408632,tail
ENSG00000231989_PPP1R2B,2.073958498,tail
ENSG00000126264_HCST,2.073616621,tail
ENSG00000230423_AL672310.1,2.072784297,tail
ENSG00000229325_ACAP2-IT1,2.072028723,tail
ENSG00000254859_AC067930.3,2.071850291,tail
ENSG00000260698_AL591848.3,2.07175441,tail
ENSG00000167614_TTYH1,2.068113083,tail
ENSG00000232774_AL355916.1,2.067846385,tail
ENSG00000277218_AL139123.1,2.065821728,tail
ENSG00000269834_ZNF528-AS1,2.064839935,tail
ENSG00000164675_IQUB,2.063642134,tail
ENSG00000105610_KLF1,2.063375436,tail
ENSG00000266258_LINC01909,2.062356354,tail
ENSG00000072952_MRVI1,2.062097211,tail
ENSG00000138207_RBP4,2.061674199,tail
ENSG00000261159_AC112484.3,2.061369863,tail
ENSG00000278925_AC005753.1,2.06046856,tail
ENSG00000274251_AP003419.2,2.060335112,tail
ENSG00000278493_AC039056.2,2.059656976,tail
ENSG00000053524_MCF2L2,2.059600676,tail
ENSG00000164776_PHKG1,2.058928082,tail
ENSG00000269038_AP001462.1,2.058614185,tail
ENSG00000270120_AC007728.3,2.058221052,tail
ENSG00000236535_RC3H1-IT1,2.058050575,tail
ENSG00000235192_AC009495.3,2.055982135,tail
ENSG00000241520_AC098820.3,2.052577572,tail
ENSG00000069667_RORA,2.05060788,tail
ENSG00000253304_TMEM200B,2.049565088,tail
ENSG00000261916_AC027796.1,2.049012085,tail
ENSG00000268649_AL132655.2,2.048557769,tail
ENSG00000142583_SLC2A5,2.046597233,tail
ENSG00000232536_AL365436.2,2.046394724,tail
ENSG00000275441_AC020765.2,2.044805402,tail
ENSG00000276136_AC016957.2,2.043951202,tail
ENSG00000182621_PLCB1,2.042794667,tail
ENSG00000229153_EPHA1-AS1,2.040334453,tail
ENSG00000273402_AC004908.3,2.040243294,tail
ENSG00000236581_STARD13-AS,2.038797022,tail
ENSG00000162174_ASRGL1,2.036729873,tail
ENSG00000106328_FSCN3,2.03642059,tail
ENSG00000261211_AL031123.2,2.035845953,tail
ENSG00000167680_SEMA6B,2.0353577,tail
ENSG00000287548_AC021269.3,2.0353577,tail
ENSG00000272829_AC002470.1,2.034564702,tail
ENSG00000287185_AC041005.1,2.034487912,tail
ENSG00000165269_AQP7,2.033917406,tail
ENSG00000287299_AC012459.1,2.033917406,tail
ENSG00000273212_AC000068.2,2.033779478,tail
ENSG00000229591_AC006017.1,2.032796236,tail
ENSG00000166317_SYNPO2L,2.032796236,tail
ENSG00000265625_AC104564.5,2.032796236,tail
ENSG00000130812_ANGPTL6,2.03035045,tail
ENSG00000180818_HOXC10,2.030160051,tail
ENSG00000277215_SPANXA2-OT1,2.029054269,tail
ENSG00000185942_NKAIN3,2.029054269,tail
ENSG00000246777_AC044802.1,2.029033999,tail
ENSG00000182557_SPNS3,2.029033999,tail
ENSG00000277959_AL162274.2,2.028055231,tail
ENSG00000115423_DNAH6,2.027408645,tail
ENSG00000269028_MTRNR2L12,2.027092232,tail
ENSG00000237356_AL365295.1,2.025719378,tail
ENSG00000248898_AC022126.1,2.025335452,tail
ENSG00000261079_AC009053.2,2.024758065,tail
ENSG00000231119_AL031666.1,2.023563742,tail
ENSG00000139351_SYCP3,2.023563742,tail
ENSG00000126970_ZC4H2,2.023297045,tail
ENSG00000268836_Z69706.1,2.023297045,tail
ENSG00000171431_KRT20,2.023111731,tail
ENSG00000154258_ABCA9,2.022519041,tail
ENSG00000249628_LINC00942,2.022267561,tail
ENSG00000254166_CASC19,2.021757626,tail
ENSG00000260468_LINC01290,2.021605369,tail
ENSG00000273209_AC069148.1,2.021054502,tail
ENSG00000271344_AC018638.6,2.02090952,tail
ENSG00000286084_AL096794.1,2.020727861,tail
ENSG00000125999_BPIFB1,2.020247327,tail
ENSG00000286226_AC093849.3,2.019114995,tail
ENSG00000277453_AC010271.2,2.01884023,tail
ENSG00000167748_KLK1,2.01884023,tail
ENSG00000229848_AC139149.1,2.018444735,tail
ENSG00000254024_AP001207.3,2.018073639,tail
ENSG00000185634_SHC4,2.018073639,tail
ENSG00000244219_TMEM225B,2.01765951,tail
ENSG00000183154_AC138356.1,2.017148554,tail
ENSG00000283959_AP002851.1,2.017010625,tail
ENSG00000223343_AC137630.1,2.016379698,tail
ENSG00000275426_AC253576.2,2.014901839,tail
ENSG00000237499_WAKMAR2,2.008621667,tail
ENSG00000276408_AC025287.2,2.00502174,tail
ENSG00000250697_AC010343.3,2.004426118,tail
ENSG00000287022_AC079841.2,2.003877535,tail
ENSG00000203684_IBA57-DT,2.003428093,tail
ENSG00000262652_AC124283.3,2.00331464,tail
ENSG00000272696_AL359091.4,2.002603345,tail
ENSG00000179477_ALOX12B,2.001475876,tail
ENSG00000211644_IGLV1-51,2.001475876,tail
ENSG00000272732_AC004982.1,2.001155902,tail
ENSG00000272944_AC079834.2,2.000256061,tail
ENSG00000204963_PCDHA7,2.000105115,tail
ENSG00000260750_AC092720.1,1.999401862,tail
ENSG00000272858_Z93930.3,1.999130207,tail
ENSG00000286378_AL713852.2,1.997561378,tail
ENSG00000196353_CPNE4,1.996948654,tail
ENSG00000119535_CSF3R,1.996927108,tail
ENSG00000160161_CILP2,1.996927108,tail
ENSG00000286145_AC068282.1,1.996761825,tail
ENSG00000151023_ENKUR,1.996594692,tail
ENSG00000270118_AC138894.2,1.99619086,tail
ENSG00000268583_AC011466.1,1.995916643,tail
ENSG00000226889_AL359541.1,1.995884317,tail
ENSG00000237343_AC246785.3,1.994959232,tail
ENSG00000122986_HVCN1,1.994377864,tail
ENSG00000162040_HS3ST6,1.994377864,tail
ENSG00000110876_SELPLG,1.99405151,tail
ENSG00000185168_LINC00482,1.993265676,tail
ENSG00000212916_MAP10,1.992080472,tail
ENSG00000260465_AC018557.1,1.990299143,tail
ENSG00000162595_DIRAS3,1.990285009,tail
ENSG00000286785_LINC01622,1.990285009,tail
ENSG00000259687_LINC01220,1.98963695,tail
ENSG00000104368_PLAT,1.988322176,tail
ENSG00000273017_AP000240.1,1.988318697,tail
ENSG00000166736_HTR3A,1.985737035,tail
ENSG00000277496_AL357033.4,1.98469345,tail
ENSG00000105982_RNF32,1.984380777,tail
ENSG00000278704_BX004987.1,1.983951157,tail
ENSG00000271200_AC099791.2,1.983858824,tail
ENSG00000229766_AL021396.1,1.983719812,tail
ENSG00000272905_AC018648.1,1.983143771,tail
ENSG00000229955_Z98749.1,1.98085986,tail
ENSG00000182257_PRR34,1.980334164,tail
ENSG00000101049_SGK2,1.979348871,tail
ENSG00000173557_FAM166C,1.978168195,tail
ENSG00000251666_ZNF346-IT1,1.975916359,tail
ENSG00000152931_PART1,1.97494422,tail
ENSG00000286366_AC005052.2,1.974828172,tail
ENSG00000286881_AL358780.1,1.972494325,tail
ENSG00000159164_SV2A,1.972398444,tail
ENSG00000278434_AC023830.3,1.970802649,tail
ENSG00000143226_FCGR2A,1.969780174,tail
ENSG00000165917_RAPSN,1.969039488,tail
ENSG00000261054_AC036108.2,1.968185289,tail
ENSG00000255052_FAM66D,1.96676114,tail
ENSG00000280213_UCKL1-AS1,1.962409392,tail
ENSG00000198788_MUC2,1.961925365,tail
ENSG00000238287_AL603839.3,1.960528299,tail
ENSG00000273368_AC006566.1,1.959328194,tail
ENSG00000227407_AC245884.1,1.958235159,tail
ENSG00000133048_CHI3L1,1.958032013,tail
ENSG00000262172_AC116025.2,1.956278477,tail
ENSG00000270135_AC078795.3,1.956278477,tail
ENSG00000272024_AC064807.4,1.954982296,tail
ENSG00000233203_DHCR24-DT,1.953644253,tail
ENSG00000015285_WAS,1.951486757,tail
ENSG00000273129_PACERR,1.950824564,tail
ENSG00000261359_PYCARD-AS1,1.94934965,tail
ENSG00000272264_AC009686.2,1.948240305,tail
ENSG00000163364_LINC01116,1.945578233,tail
ENSG00000275450_AL845472.1,1.945087609,tail
ENSG00000259645_AC027237.4,1.943955277,tail
ENSG00000276071_AC074138.1,1.943947941,tail
ENSG00000162641_AKNAD1,1.943689373,tail
ENSG00000272432_AL031432.3,1.943689373,tail
ENSG00000258657_AL136018.1,1.942913921,tail
ENSG00000244491_AL021707.5,1.941975107,tail
ENSG00000158077_NLRP14,1.941652277,tail
ENSG00000145040_UCN2,1.94151306,tail
ENSG00000235888_AF064858.1,1.940786192,tail
ENSG00000269578_AC008764.7,1.940630795,tail
ENSG00000152292_SH2D6,1.940630795,tail
ENSG00000272070_AC005618.1,1.940630795,tail
ENSG00000277268_LHX1-DT,1.940492866,tail
ENSG00000165795_NDRG2,1.93984557,tail
ENSG00000271992_AL354872.2,1.937240328,tail
ENSG00000239906_AL627309.2,1.935829973,tail
ENSG00000279623_AL359697.1,1.935727815,tail
ENSG00000158458_NRG2,1.934618317,tail
ENSG00000140839_CLEC18B,1.932976987,tail
ENSG00000258904_AL157871.5,1.930888427,tail
ENSG00000273711_AC005520.5,1.928503981,tail
ENSG00000073734_ABCB11,1.928237283,tail
ENSG00000235387_SPAAR,1.928205884,tail
ENSG00000287419_AL121929.3,1.926316158,tail
ENSG00000273249_BX649632.1,1.926063595,tail
ENSG00000256116_AP001453.1,1.926063595,tail
ENSG00000267274_AC008770.3,1.926063595,tail
ENSG00000286837_AC087533.1,1.926063595,tail
ENSG00000205838_TTC23L,1.925504215,tail
ENSG00000204644_ZFP57,1.923661936,tail
ENSG00000267338_AP000365.1,1.923661936,tail
ENSG00000230626_AC011005.1,1.923588395,tail
ENSG00000284977_AL160272.1,1.923570777,tail
ENSG00000287338_AL929091.1,1.921767391,tail
ENSG00000230424_EMC1-AS1,1.921767391,tail
ENSG00000227060_LINC00629,1.921767391,tail
ENSG00000155657_TTN,1.921592646,tail
ENSG00000268204_AC008763.1,1.921553554,tail
ENSG00000286659_Z99716.2,1.920724599,tail
ENSG00000224707_E2F3-IT1,1.920244065,tail
ENSG00000227375_DLG1-AS1,1.920084332,tail
ENSG00000258646_AL049780.1,1.919484264,tail
ENSG00000241269_AC093620.1,1.919111733,tail
ENSG00000271967_AL583856.2,1.919111733,tail
ENSG00000287277_AL392086.3,1.919111733,tail
ENSG00000273199_AP000692.2,1.918984474,tail
ENSG00000166342_NETO1,1.918889161,tail
ENSG00000198870_STKLD1,1.918717673,tail
ENSG00000162365_CYP4A22,1.918070377,tail
ENSG00000104808_DHDH,1.918070377,tail
ENSG00000224985_AL590714.1,1.914985693,tail
ENSG00000176269_OR4F21,1.913812395,tail
ENSG00000287619_AL021308.1,1.910721338,tail
ENSG00000183722_LHFPL6,1.909125543,tail
ENSG00000185739_SRL,1.906775198,tail
ENSG00000268531_AC060814.3,1.905278781,tail
ENSG00000286205_AC139887.5,1.904616588,tail
ENSG00000132386_SERPINF1,1.902604645,tail
ENSG00000248473_LINC01962,1.902091831,tail
ENSG00000189419_SPATA41,1.902091831,tail
ENSG00000253559_OSGEPL1-AS1,1.900838674,tail
ENSG00000276261_AC009509.4,1.900677177,tail
ENSG00000278472_AC009268.2,1.900300223,tail
ENSG00000185862_EVI2B,1.89953047,tail
ENSG00000257475_AC068888.2,1.897238727,tail
ENSG00000231852_CYP21A2,1.897238727,tail
ENSG00000280837_CPS1-IT1,1.897238727,tail
ENSG00000287262_AC021148.2,1.896972823,tail
ENSG00000261379_AC010735.1,1.896393272,tail
ENSG00000172548_NIPAL4,1.895108593,tail
ENSG00000150394_CDH8,1.895073655,tail
ENSG00000272123_AC008966.2,1.895021898,tail
ENSG00000099998_GGT5,1.894935727,tail
ENSG00000272510_AL121992.3,1.89428489,tail
ENSG00000214894_LINC00243,1.89428489,tail
ENSG00000261270_AC012181.2,1.893064828,tail
ENSG00000172461_FUT9,1.892667433,tail
ENSG00000237976_AL391069.2,1.890943177,tail
ENSG00000261684_AC018362.1,1.889633688,tail
ENSG00000112164_GLP1R,1.887166186,tail
ENSG00000204962_PCDHA8,1.885977219,tail
ENSG00000280179_CU639417.5,1.885342492,tail
ENSG00000234290_AC116366.1,1.885305581,tail
ENSG00000105146_AURKC,1.885162739,tail
ENSG00000104814_MAP4K1,1.885039677,tail
ENSG00000176076_KCNE5,1.885039677,tail
ENSG00000228107_AP000692.1,1.884295816,tail
ENSG00000198821_CD247,1.881188041,tail
ENSG00000124126_PREX1,1.880880669,tail
ENSG00000261790_AC005606.2,1.880880669,tail
ENSG00000110934_BIN2,1.879822578,tail
ENSG00000214688_C10orf105,1.879623948,tail
ENSG00000257913_DDN-AS1,1.878836382,tail
ENSG00000157613_CREB3L1,1.878464537,tail
ENSG00000183775_KCTD16,1.878464537,tail
ENSG00000269888_AC112491.1,1.878464537,tail
ENSG00000258101_AC010173.1,1.875246742,tail
ENSG00000108309_RUNDC3A,1.870799388,tail
ENSG00000287284_AC130814.1,1.868816143,tail
ENSG00000175170_FAM182B,1.868529273,tail
ENSG00000243629_LINC00880,1.868051379,tail
ENSG00000185633_NDUFA4L2,1.867649704,tail
ENSG00000255458_AC108471.2,1.865847112,tail
ENSG00000184163_C1QTNF12,1.864268433,tail
ENSG00000278389_AC099518.6,1.863175397,tail
ENSG00000103888_CEMIP,1.862972252,tail
ENSG00000239705_AL354710.2,1.861696628,tail
ENSG00000267191_AC006213.3,1.860901786,tail
ENSG00000143556_S100A7,1.860584325,tail
ENSG00000225790_AC007953.1,1.860584325,tail
ENSG00000188487_INSC,1.860190265,tail
ENSG00000159713_TPPP3,1.860190265,tail
ENSG00000175003_SLC22A1,1.859426388,tail
ENSG00000250073_AP000866.2,1.859030893,tail
ENSG00000224805_LINC00853,1.859030893,tail
ENSG00000260360_AL353708.1,1.858676048,tail
ENSG00000276704_AL442067.2,1.858226735,tail
ENSG00000017483_SLC38A5,1.857918074,tail
ENSG00000270761_AL355353.1,1.857633257,tail
ENSG00000261766_AC133550.3,1.857318006,tail
ENSG00000275850_AC005912.2,1.856275215,tail
ENSG00000260583_AP000223.1,1.856275215,tail
ENSG00000254985_RSF1-IT2,1.856115481,tail
ENSG00000280758_AL356481.3,1.856115481,tail
ENSG00000254740_AP003396.3,1.856115481,tail
ENSG00000286017_AC011322.1,1.85562633,tail
ENSG00000235908_RHOA-IT1,1.855197767,tail
ENSG00000257453_AC011611.3,1.854979034,tail
ENSG00000287077_AL157893.2,1.854979034,tail
ENSG00000228570_NUTM2E,1.854750654,tail
ENSG00000119508_NR4A3,1.853643302,tail
ENSG00000268288_AL589765.5,1.85226872,tail
ENSG00000095370_SH2D3C,1.850332701,tail
ENSG00000287070_AL499604.1,1.849902186,tail
ENSG00000285018_AC245140.3,1.849676299,tail
ENSG00000188981_MSANTD1,1.849346388,tail
ENSG00000166220_TBATA,1.848895516,tail
ENSG00000282556_AC068733.3,1.848502218,tail
ENSG00000271382_AC012464.3,1.84824822,tail
ENSG00000287726_AC005740.5,1.847840026,tail
ENSG00000214919_AC104472.1,1.846393837,tail
ENSG00000287411_AL031259.1,1.84558239,tail
ENSG00000278356_AC005911.1,1.845084348,tail
ENSG00000272343_AC107952.2,1.843292052,tail
ENSG00000086717_PPEF1,1.843292052,tail
ENSG00000238164_TNFRSF14-AS1,1.842998354,tail
ENSG00000286445_AL355334.2,1.842910659,tail
ENSG00000270001_AL121894.2,1.84243424,tail
ENSG00000018280_SLC11A1,1.842092972,tail
ENSG00000257366_AC138969.3,1.841489054,tail
ENSG00000188693_CYP51A1-AS1,1.841274829,tail
ENSG00000182264_IZUMO1,1.840489605,tail
ENSG00000163357_DCST1,1.840103439,tail
ENSG00000221571_RNU6ATAC35P,1.838467934,tail
ENSG00000285870_AC012673.1,1.838467934,tail
ENSG00000276916_AL442125.2,1.835714567,tail
ENSG00000275549_STPG3-AS1,1.834902446,tail
ENSG00000273361_AC021016.3,1.831311603,tail
ENSG00000171119_NRTN,1.831256397,tail
ENSG00000161544_CYGB,1.826707629,tail
ENSG00000235786_ZNRF3-IT1,1.826542346,tail
ENSG00000273073_AC073869.3,1.822996482,tail
ENSG00000231528_FAM225A,1.822695019,tail
ENSG00000165794_SLC39A2,1.82223668,tail
ENSG00000058335_RASGRF1,1.822137021,tail
ENSG00000269604_AC005523.2,1.821193889,tail
ENSG00000182853_VMO1,1.821193889,tail
ENSG00000183066_WBP2NL,1.821193889,tail
ENSG00000228251_AC012442.1,1.820092815,tail
ENSG00000230063_AL360091.2,1.818714411,tail
ENSG00000140279_DUOX2,1.81857118,tail
ENSG00000266801_AC009137.2,1.814501256,tail
ENSG00000157680_DGKI,1.814090081,tail
ENSG00000287346_AL132712.2,1.807094517,tail
ENSG00000257527_AC126755.2,1.806988976,tail
ENSG00000129214_SHBG,1.805922815,tail
ENSG00000238120_LINC01589,1.804470709,tail
ENSG00000230300_STARD13-IT1,1.80446423,tail
ENSG00000273419_AC004877.1,1.804060398,tail
ENSG00000271746_AL031848.2,1.803304819,tail
ENSG00000205791_LOH12CR2,1.803304819,tail
ENSG00000267655_AC125437.1,1.800633241,tail
ENSG00000259940_AC109449.1,1.800251618,tail
ENSG00000267201_LINC01775,1.799057296,tail
ENSG00000279949_AC022784.6,1.798790598,tail
ENSG00000261783_AC009054.2,1.797761115,tail
ENSG00000265369_PCAT18,1.797658266,tail
ENSG00000287917_AP000944.7,1.797098922,tail
ENSG00000179168_GGN,1.797098922,tail
ENSG00000281358_RASSF1-AS1,1.796298851,tail
ENSG00000135744_AGT,1.796221415,tail
ENSG00000167992_VWCE,1.794281629,tail
ENSG00000285902_AL136442.1,1.793840824,tail
ENSG00000197165_SULT1A2,1.793054608,tail
ENSG00000109272_PF4V1,1.790102462,tail
ENSG00000286315_AC087175.1,1.789440269,tail
ENSG00000136999_CCN3,1.789317583,tail
ENSG00000164266_SPINK1,1.788492095,tail
ENSG00000288033_AC137894.3,1.786768031,tail
ENSG00000108830_RND2,1.786454493,tail
ENSG00000176919_C8G,1.786454493,tail
ENSG00000286094_AC026740.3,1.786414615,tail
ENSG00000132563_REEP2,1.784762817,tail
ENSG00000264577_AC010761.1,1.784762817,tail
ENSG00000231768_LINC01354,1.784175511,tail
ENSG00000267598_AC011446.2,1.782158289,tail
ENSG00000287695_AC008625.1,1.781892385,tail
ENSG00000259120_SMIM6,1.781892385,tail
ENSG00000241525_AC141424.1,1.781892385,tail
ENSG00000189269_DRICH1,1.781115497,tail
ENSG00000261845_AC124283.1,1.781115497,tail
ENSG00000282787_AL157888.1,1.780466613,tail
ENSG00000284747_AL034417.4,1.780466613,tail
ENSG00000186994_KANK3,1.780200709,tail
ENSG00000251661_AC136475.1,1.779819317,tail
ENSG00000249996_AC106786.2,1.779226626,tail
ENSG00000251307_AC026704.1,1.779226626,tail
ENSG00000255038_AP006287.2,1.779226626,tail
ENSG00000259209_AC004943.1,1.779226626,tail
ENSG00000135517_MIP,1.779108571,tail
ENSG00000272597_AC063944.3,1.779108571,tail
ENSG00000184985_SORCS2,1.778461275,tail
ENSG00000179046_TRIML2,1.778461275,tail
ENSG00000258384_AC068831.1,1.775749615,tail
ENSG00000102385_DRP2,1.774895416,tail
ENSG00000254632_AP003119.1,1.772088246,tail
ENSG00000223935_LGALSL-DT,1.768594804,tail
ENSG00000286705_AC079140.6,1.767683595,tail
ENSG00000274184_AC011815.2,1.764409047,tail
ENSG00000274427_AC145423.2,1.762573495,tail
ENSG00000284638_AC005551.1,1.762573495,tail
ENSG00000183876_ARSI,1.762573495,tail
ENSG00000236709_DAPK1-IT1,1.762573495,tail
ENSG00000139549_DHH,1.762458618,tail
ENSG00000279278_AC245060.6,1.761741973,tail
ENSG00000179044_EXOC3L1,1.76040931,tail
ENSG00000244623_OR2AE1,1.759646848,tail
ENSG00000248668_OXCT1-AS1,1.759274601,tail
ENSG00000259511_UBE2Q2L,1.759027631,tail
ENSG00000275576_AL049539.1,1.759027631,tail
ENSG00000169083_AR,1.756732513,tail
ENSG00000227214_HCG15,1.75593296,tail
ENSG00000229065_AL354893.2,1.755623069,tail
ENSG00000262681_AC005722.3,1.755242196,tail
ENSG00000157388_CACNA1D,1.755101593,tail
ENSG00000267750_RUNDC3A-AS1,1.754497457,tail
ENSG00000261404_AC138627.1,1.754418664,tail
ENSG00000185955_C7orf61,1.753442457,tail
ENSG00000255050_AC067930.4,1.753442457,tail
ENSG00000272279_AL512329.2,1.752780264,tail
ENSG00000129167_TPH1,1.751334075,tail
ENSG00000231249_ITPR1-DT,1.75111545,tail
ENSG00000224271_AL117329.1,1.750024586,tail
ENSG00000215187_FAM166B,1.749146253,tail
ENSG00000269925_Z98884.2,1.748498194,tail
ENSG00000113555_PCDH12,1.747850898,tail
ENSG00000101448_EPPIN,1.747850898,tail
ENSG00000262429_AC004771.4,1.747850898,tail
ENSG00000266844_AC093330.1,1.747836764,tail
ENSG00000065989_PDE4A,1.745354444,tail
ENSG00000254325_AC018607.1,1.744027245,tail
ENSG00000149582_TMEM25,1.744027245,tail
ENSG00000261173_AC018845.3,1.743554694,tail
ENSG00000136514_RTP4,1.74328879,tail
ENSG00000226648_PLCG1-AS1,1.743242021,tail
ENSG00000267688_KF456478.1,1.742796521,tail
ENSG00000247157_LINC01252,1.742036918,tail
ENSG00000251191_LINC00589,1.740501859,tail
ENSG00000101306_MYLK2,1.737654862,tail
ENSG00000116254_CHD5,1.7353602,tail
ENSG00000183638_RP1L1,1.734821748,tail
ENSG00000260651_AF213884.3,1.734821748,tail
ENSG00000143839_REN,1.734821748,tail
ENSG00000286613_AC006213.7,1.734803304,tail
ENSG00000229021_AL450992.1,1.729338276,tail
ENSG00000264290_AC104564.3,1.728521136,tail
ENSG00000156755_IGKV1OR-2,1.727259322,tail
ENSG00000197635_DPP4,1.725866914,tail
ENSG00000276542_AC097478.2,1.72573822,tail
ENSG00000230438_SERPINB9P1,1.721243356,tail
ENSG00000213809_KLRK1,1.718789506,tail
ENSG00000272516_AL158211.4,1.718407475,tail
ENSG00000242798_AC073842.2,1.718407475,tail
ENSG00000287113_AL139289.3,1.718034451,tail
ENSG00000270020_AC009108.3,1.718034451,tail
ENSG00000262094_AC139099.1,1.717431464,tail
ENSG00000229474_PATL2,1.716135284,tail
ENSG00000243811_APOBEC3D,1.710365284,tail
ENSG00000272370_AC092354.2,1.709038512,tail
ENSG00000225163_LINC00618,1.709038512,tail
ENSG00000232936_AL157400.2,1.708801958,tail
ENSG00000234509_AP000253.1,1.708801958,tail
ENSG00000140379_BCL2A1,1.708245058,tail
ENSG00000259345_AC013652.1,1.708245058,tail
ENSG00000224750_AL391704.1,1.708245058,tail
ENSG00000063127_SLC6A16,1.706360136,tail
ENSG00000145536_ADAMTS16,1.706240597,tail
ENSG00000284642_AL139424.2,1.706057235,tail
ENSG00000254741_AC067930.1,1.705653403,tail
ENSG00000276663_AC009090.3,1.703948853,tail
ENSG00000203785_SPRR2E,1.703842828,tail
ENSG00000285696_AP002433.2,1.703754236,tail
ENSG00000264745_TTC39C-AS1,1.703301557,tail
ENSG00000188820_CALHM6,1.702175704,tail
ENSG00000225506_CYP4A22-AS1,1.701783782,tail
ENSG00000285761_AL645939.5,1.701783782,tail
ENSG00000262869_AC099684.3,1.701783782,tail
ENSG00000283849_AC092053.2,1.697430225,tail
ENSG00000170909_OSCAR,1.697413122,tail
ENSG00000259713_AC013391.2,1.697260944,tail
ENSG00000228201_AL022341.1,1.697034045,tail
ENSG00000160460_SPTBN4,1.69684244,tail
ENSG00000101222_SPEF1,1.690259955,tail
ENSG00000278022_AC118658.1,1.689437007,tail
ENSG00000105131_EPHX3,1.68911575,tail
ENSG00000144847_IGSF11,1.688811414,tail
ENSG00000217442_SYCE3,1.688811414,tail
ENSG00000268603_AC053503.5,1.688811414,tail
ENSG00000260046_AL162632.3,1.686725347,tail
ENSG00000286511_Z95118.2,1.686055736,tail
ENSG00000275910_AC138932.5,1.686055736,tail
ENSG00000181652_ATG9B,1.685406851,tail
ENSG00000272583_AL592494.2,1.685406851,tail
ENSG00000257839_AC011611.4,1.685406851,tail
ENSG00000124713_GNMT,1.684910705,tail
ENSG00000266644_AC103810.5,1.684910705,tail
ENSG00000272540_AL662797.1,1.683867913,tail
ENSG00000224388_BACE2-IT1,1.683867913,tail
ENSG00000239791_AC002310.2,1.681860987,tail
ENSG00000284934_AC048338.2,1.680719221,tail
ENSG00000245534_RORA-AS1,1.680463351,tail
ENSG00000284713_SMIM38,1.679870661,tail
ENSG00000233232_NPIPB7,1.679728757,tail
ENSG00000140932_CMTM2,1.679105309,tail
ENSG00000164076_CAMKV,1.679105309,tail
ENSG00000188996_HUS1B,1.675657505,tail
ENSG00000197889_MEIG1,1.675401621,tail
ENSG00000107018_RLN1,1.672425118,tail
ENSG00000271503_CCL5,1.672084984,tail
ENSG00000100867_DHRS2,1.669827134,tail
ENSG00000227359_AC017074.1,1.668591542,tail
ENSG00000267697_LUZP6,1.667892697,tail
ENSG00000171433_GLOD5,1.665769576,tail
ENSG00000223393_AL118511.1,1.663477832,tail
ENSG00000155980_KIF5A,1.662830536,tail
ENSG00000260792_LINC02280,1.662687919,tail
ENSG00000288103_AL359538.4,1.662209205,tail
ENSG00000272186_AP003392.5,1.657771724,tail
ENSG00000286950_AC087588.3,1.65754626,tail
ENSG00000224294_PINCR,1.657007808,tail
ENSG00000266677_AC087164.1,1.656689749,tail
ENSG00000274038_AC007014.2,1.656689749,tail
ENSG00000233844_KCNQ5-IT1,1.656612313,tail
ENSG00000230798_FOXD3-AS1,1.655437878,tail
ENSG00000173825_TIGD3,1.655397935,tail
ENSG00000138152_BTBD16,1.654231722,tail
ENSG00000183246_RIMBP3C,1.654148323,tail
ENSG00000235834_Z93022.1,1.654086491,tail
ENSG00000273797_AL133445.2,1.654086491,tail
ENSG00000189058_APOD,1.650311701,tail
ENSG00000163746_PLSCR2,1.650311701,tail
ENSG00000150510_FAM124A,1.649823447,tail
ENSG00000261123_AC009065.5,1.647657479,tail
ENSG00000248476_BACH1-IT1,1.647657479,tail
ENSG00000160951_PTGER1,1.644566409,tail
ENSG00000203496_AL133216.1,1.644524864,tail
ENSG00000169169_CPT1C,1.642271747,tail
ENSG00000158869_FCER1G,1.642271747,tail
ENSG00000272991_AF129408.1,1.642271747,tail
ENSG00000261474_AC026471.4,1.641516692,tail
ENSG00000273210_AP001437.1,1.640975566,tail
ENSG00000277459_AP001527.2,1.640975566,tail
ENSG00000223658_C1GALT1C1L,1.640571734,tail
ENSG00000089012_SIRPG,1.637175931,tail
ENSG00000188257_PLA2G2A,1.635246864,tail
ENSG00000272914_AL359532.1,1.634169602,tail
ENSG00000263916_AC100778.2,1.633461375,tail
ENSG00000261033_AC005730.2,1.633461375,tail
ENSG00000283982_AL445623.2,1.633461375,tail
ENSG00000269899_AC025857.2,1.633177574,tail
ENSG00000249096_LINC02362,1.63312681,tail
ENSG00000205592_MUC19,1.63312681,tail
ENSG00000261663_AC009065.8,1.632373643,tail
ENSG00000132932_ATP8A2,1.627983334,tail
ENSG00000255045_AP000866.5,1.62695415,tail
ENSG00000276524_AC010999.2,1.626510948,tail
ENSG00000231840_AC073342.1,1.623995772,tail
ENSG00000145491_ROPN1L,1.623729744,tail
ENSG00000255234_AP000446.1,1.623333579,tail
ENSG00000274904_AC093512.1,1.623210517,tail
ENSG00000226803_ZNF451-AS1,1.622484393,tail
ENSG00000278514_AC068831.6,1.62188739,tail
ENSG00000231304_SGO1-AS1,1.621311349,tail
ENSG00000232710_AC254562.2,1.62018388,tail
ENSG00000227908_AC016596.1,1.618059481,tail
ENSG00000005981_ASB4,1.61803119,tail
ENSG00000131094_C1QL1,1.616779318,tail
ENSG00000122367_LDB3,1.615320875,tail
ENSG00000261268_AC112236.1,1.613742196,tail
ENSG00000240591_AL096701.3,1.613349837,tail
ENSG00000242242_NECTIN3-AS1,1.611180836,tail
ENSG00000272459_AC139795.3,1.610997474,tail
ENSG00000287553_AC090617.10,1.610997474,tail
ENSG00000258603_AC005225.2,1.610048503,tail
ENSG00000248027_AP001351.1,1.609820475,tail
ENSG00000250041_AC069360.1,1.609820475,tail
ENSG00000236754_AC007666.1,1.608889092,tail
ENSG00000081853_PCDHGA2,1.608708519,tail
ENSG00000261692_AC092120.1,1.608241796,tail
ENSG00000279954_BX324167.2,1.607660876,tail
ENSG00000282199_AC007993.3,1.606317268,tail
ENSG00000277744_AC011462.4,1.606053973,tail
ENSG00000179921_GPBAR1,1.606053973,tail
ENSG00000275552_AC243965.2,1.606053973,tail
ENSG00000174788_PCP2,1.605650142,tail
ENSG00000276968_AL158196.1,1.605008649,tail
ENSG00000286669_AC008532.1,1.604536198,tail
ENSG00000273363_AL353801.3,1.604536198,tail
ENSG00000265055_AC145343.1,1.604095388,tail
ENSG00000111729_CLEC4A,1.603945592,tail
ENSG00000231407_GORAB-AS1,1.603945592,tail
ENSG00000139344_AMDHD1,1.603679688,tail
ENSG00000139973_SYT16,1.602427817,tail
ENSG00000274528_AC090970.2,1.601800725,tail
ENSG00000196862_RGPD4,1.601106464,tail
ENSG00000256812_CAPNS2,1.598712342,tail
ENSG00000250170_RASA2-IT1,1.593243848,tail
ENSG00000170231_FABP6,1.592988417,tail
ENSG00000274021_AC024909.1,1.592366341,tail
ENSG00000149927_DOC2A,1.591492219,tail
ENSG00000285872_AC007240.3,1.591492219,tail
ENSG00000245748_AC097382.2,1.59018273,tail
ENSG00000187944_C2orf66,1.589850943,tail
ENSG00000261302_AC106779.1,1.589250258,tail
ENSG00000140527_WDR93,1.588808152,tail
ENSG00000231290_APCDD1L-DT,1.588808152,tail
ENSG00000110169_HPX,1.588808152,tail
ENSG00000287821_AP000944.6,1.588808152,tail
ENSG00000180336_MEIOC,1.58540359,tail
ENSG00000286380_AC084864.2,1.584808959,tail
ENSG00000177551_NHLH2,1.584808959,tail
ENSG00000205212_CCDC144NL,1.581857726,tail
ENSG00000124159_MATN4,1.581857726,tail
ENSG00000267436_AC005786.3,1.579146065,tail
ENSG00000275413_AC002553.2,1.578798373,tail
ENSG00000236617_AC127070.1,1.577668417,tail
ENSG00000171056_SOX7,1.573531781,tail
ENSG00000204420_MPIG6B,1.572729019,tail
ENSG00000276166_AC092118.2,1.566356974,tail
ENSG00000163218_PGLYRP4,1.565271007,tail
ENSG00000259548_AC021483.1,1.564583825,tail
ENSG00000237903_AC004000.1,1.564583825,tail
ENSG00000266236_NARF-IT1,1.564583825,tail
ENSG00000267834_AL592211.1,1.564457807,tail
ENSG00000279932_AP006248.4,1.564457807,tail
ENSG00000237548_TTLL11-IT1,1.563137649,tail
ENSG00000274297_AC009269.5,1.560087146,tail
ENSG00000285210_LINC02795,1.558729105,tail
ENSG00000274238_AC097478.1,1.558190294,tail
ENSG00000224885_EIPR1-IT1,1.557651842,tail
ENSG00000270482_AC026367.1,1.557651842,tail
ENSG00000287851_AP001885.2,1.557651842,tail
ENSG00000269892_AC125494.2,1.557374402,tail
ENSG00000287920_AL022098.1,1.557374402,tail
ENSG00000256443_AP003559.1,1.556659815,tail
ENSG00000231871_IPO9-AS1,1.555960166,tail
ENSG00000270100_AC012065.4,1.555960166,tail
ENSG00000263766_AC025682.1,1.55531287,tail
ENSG00000286585_AC104472.4,1.55531287,tail
ENSG00000182759_MAFA,1.555018407,tail
ENSG00000273496_AC011841.1,1.554182489,tail
ENSG00000254791_FAR1-IT1,1.550593257,tail
ENSG00000250320_AC113383.1,1.550548409,tail
ENSG00000243709_LEFTY1,1.550308439,tail
ENSG00000230102_LINC02028,1.549506648,tail
ENSG00000260633_AC010207.1,1.548301513,tail
ENSG00000253773_C8orf37-AS1,1.548301513,tail
ENSG00000124334_IL9R,1.548301513,tail
ENSG00000203734_ECT2L,1.547814972,tail
ENSG00000272646_AC079766.1,1.547654217,tail
ENSG00000231226_TRIM31-AS1,1.547654217,tail
ENSG00000272717_AC112236.2,1.547654217,tail
ENSG00000255008_LINC02739,1.547211985,tail
ENSG00000258450_AL139099.2,1.547211985,tail
ENSG00000270083_AL021878.2,1.547211985,tail
ENSG00000272137_AL451064.1,1.545915805,tail
ENSG00000260190_AL807752.5,1.545915805,tail
ENSG00000084710_EFR3B,1.545024163,tail
ENSG00000287688_AC011317.1,1.544942557,tail
ENSG00000154928_EPHB1,1.542871472,tail
ENSG00000087085_ACHE,1.542871472,tail
ENSG00000256588_AC027544.2,1.542369941,tail
ENSG00000151062_CACNA2D4,1.542369941,tail
ENSG00000197093_GAL3ST4,1.5416196,tail
ENSG00000159337_PLA2G4D,1.5416196,tail
ENSG00000186790_FOXE3,1.5416196,tail
ENSG00000156427_FGF18,1.54151343,tail
ENSG00000213022_KLK9,1.541403639,tail
ENSG00000281831_AL645929.2,1.541353697,tail
ENSG00000274286_ADRA2B,1.540261559,tail
ENSG00000259767_AC022558.1,1.540261559,tail
ENSG00000214146_LINC02026,1.540261559,tail
ENSG00000248243_LINC02014,1.534414277,tail
ENSG00000235262_KDM5C-IT1,1.532501158,tail
ENSG00000272056_AC013472.3,1.529747791,tail
ENSG00000287329_FP326651.1,1.525885953,tail
ENSG00000254812_AC067930.2,1.523986785,tail
ENSG00000226674_TEX41,1.520799835,tail
ENSG00000228817_BACH1-IT2,1.520799835,tail
ENSG00000232386_AC015712.1,1.519048247,tail
ENSG00000235947_EGOT,1.517640772,tail
ENSG00000256712_AC134349.1,1.514552401,tail
ENSG00000287493_AC069503.4,1.514552401,tail
ENSG00000253408_AC083973.1,1.511641508,tail
ENSG00000287129_AC097500.1,1.511436318,tail
ENSG00000143469_SYT14,1.510994212,tail
ENSG00000283240_AC007529.2,1.510994212,tail
ENSG00000248980_AC019163.1,1.510994212,tail
ENSG00000265401_AC093484.3,1.510994212,tail
ENSG00000254910_AC136475.2,1.510994212,tail
ENSG00000205704_LINC00634,1.510903053,tail
ENSG00000274954_AC090971.5,1.510903053,tail
ENSG00000259402_AC090515.5,1.509651182,tail
ENSG00000187553_CYP26C1,1.50888583,tail
ENSG00000162931_TRIM17,1.50888583,tail
ENSG00000155629_PIK3AP1,1.50888583,tail
ENSG00000273183_AC093726.2,1.50888583,tail
ENSG00000274995_AC013564.1,1.50888583,tail
ENSG00000286138_AC010336.8,1.507761066,tail
ENSG00000149609_C20orf144,1.506698008,tail
ENSG00000254477_AP000640.1,1.506698008,tail
ENSG00000253476_AC091185.1,1.506698008,tail
ENSG00000041515_MYO16,1.505180233,tail
ENSG00000273674_AC021752.1,1.499849955,tail
ENSG00000171747_LGALS4,1.497954638,tail
ENSG00000245468_LINC02447,1.497687941,tail
ENSG00000286650_AL139234.1,1.495393141,tail
ENSG00000234006_DDX39B-AS1,1.494550076,tail
ENSG00000286883_AC005041.5,1.492801881,tail
ENSG00000227676_LINC01068,1.490436298,tail
ENSG00000230415_LINC01786,1.490356095,tail
ENSG00000249931_GOLGA8K,1.489419217,tail
ENSG00000273001_AL731533.2,1.488919069,tail
ENSG00000124772_CPNE5,1.488919069,tail
ENSG00000267219_AC010504.1,1.488753247,tail
ENSG00000267980_AC007292.1,1.484295511,tail
ENSG00000164746_C7orf57,1.483569387,tail
ENSG00000062524_LTK,1.483266327,tail
ENSG00000272468_AL021807.1,1.483266327,tail
ENSG00000236451_AC067956.1,1.481550789,tail
ENSG00000272754_AL133245.1,1.481550789,tail
ENSG00000228470_AL929236.1,1.480700913,tail
ENSG00000288056_AL023806.4,1.479442407,tail
ENSG00000086159_AQP6,1.479442407,tail
ENSG00000155465_SLC7A7,1.477994899,tail
ENSG00000277978_AC010542.5,1.477994899,tail
ENSG00000261837_AC046158.2,1.477438,tail
ENSG00000259083_AL132639.3,1.475076019,tail
ENSG00000275236_AC009120.5,1.475006411,tail
ENSG00000274364_AL110115.1,1.473141795,tail
ENSG00000261093_AC141586.3,1.472875892,tail
ENSG00000255693_LINC02389,1.472494499,tail
ENSG00000140795_MYLK3,1.471297213,tail
ENSG00000249885_ARHGEF38-IT1,1.470976724,tail
ENSG00000282057_AC092807.3,1.470976724,tail
ENSG00000273618_AL135999.2,1.46910939,tail
ENSG00000277597_AC130343.2,1.467210223,tail
ENSG00000259005_AC005479.1,1.467210223,tail
ENSG00000287024_AL022162.1,1.467210223,tail
ENSG00000186912_P2RY4,1.467210223,tail
ENSG00000170848_PSG6,1.465101841,tail
ENSG00000286230_AC010327.7,1.465101841,tail
ENSG00000267034_AC010980.1,1.465101841,tail
ENSG00000204055_AL158151.1,1.464835937,tail
ENSG00000271828_AC008937.3,1.461481521,tail
ENSG00000267072_NAGPA-AS1,1.46045367,tail
ENSG00000233930_KRTAP5-AS1,1.460404259,tail
ENSG00000277368_AL138966.2,1.459104446,tail
ENSG00000188687_SLC4A5,1.45814287,tail
ENSG00000224745_AC063965.2,1.456291469,tail
ENSG00000248964_AC131254.1,1.455956905,tail
ENSG00000286011_AC062037.3,1.455662441,tail
ENSG00000250365_AL139353.2,1.455248678,tail
ENSG00000269235_ZNF350-AS1,1.455248678,tail
ENSG00000285280_AL390957.1,1.455248678,tail
ENSG00000143199_ADCY10,1.452757239,tail
ENSG00000185527_PDE6G,1.452259064,tail
ENSG00000267334_AC015936.1,1.452259064,tail
ENSG00000287467_AC037459.4,1.452259064,tail
ENSG00000184350_MRGPRE,1.452259064,tail
ENSG00000230098_TCERG1L-AS1,1.452259064,tail
ENSG00000261644_AC007728.2,1.452259064,tail
ENSG00000274600_RIMBP3B,1.452212516,tail
ENSG00000271882_AP001330.4,1.451461058,tail
ENSG00000258811_AL583810.2,1.44781171,tail
ENSG00000272109_AC008906.2,1.44781171,tail
ENSG00000261736_AC002551.1,1.446559839,tail
ENSG00000178934_LGALS7B,1.446559839,tail
ENSG00000237945_LINC00649,1.444265846,tail
ENSG00000008226_DLEC1,1.443013975,tail
ENSG00000249158_PCDHA11,1.44134177,tail
ENSG00000281721_LINC01080,1.436816871,tail
ENSG00000164304_CAGE1,1.435392851,tail
ENSG00000249825_AC012636.1,1.43513714,tail
ENSG00000135443_KRT85,1.434830598,tail
ENSG00000267454_ZNF582-AS1,1.43371909,tail
ENSG00000177710_SLC35G5,1.433226883,tail
ENSG00000272843_AC211476.2,1.430314528,tail
ENSG00000225764_P3H2-AS1,1.428776884,tail
ENSG00000114638_UPK1B,1.426759661,tail
ENSG00000242770_CD200R1L-AS1,1.426759661,tail
ENSG00000286732_AC091181.2,1.42463082,tail
ENSG00000179954_SSC5D,1.420598415,tail
ENSG00000104415_CCN4,1.419355443,tail
ENSG00000267197_AC011461.1,1.417642163,tail
ENSG00000099957_P2RX6,1.417642163,tail
ENSG00000259357_AL590133.2,1.416284122,tail
ENSG00000287509_AP001033.3,1.416284122,tail
ENSG00000227110_LMCD1-AS1,1.415196435,tail
ENSG00000251611_FAM160A1-DT,1.413759351,tail
ENSG00000204610_TRIM15,1.411638247,tail
ENSG00000158525_CPA5,1.411638247,tail
ENSG00000226816_AC005082.1,1.411464688,tail
ENSG00000241475_AL160408.4,1.411464688,tail
ENSG00000130540_SULT4A1,1.410709634,tail
ENSG00000272076_AC090186.1,1.410709634,tail
ENSG00000079263_SP140,1.409339657,tail
ENSG00000259782_AC008915.1,1.408711088,tail
ENSG00000222005_LINC01118,1.408035458,tail
ENSG00000235481_UBE2R2-AS1,1.4072001,tail
ENSG00000225339_AL354740.1,1.404027721,tail
ENSG00000223485_LINC01615,1.40266968,tail
ENSG00000251218_AC103764.1,1.401156183,tail
ENSG00000230149_AL021707.3,1.393004971,tail
ENSG00000234690_EPCAM-DT,1.392665036,tail
ENSG00000254468_AC069287.1,1.39216377,tail
ENSG00000255521_AL356215.1,1.391505663,tail
ENSG00000276509_AC239799.1,1.391080332,tail
ENSG00000197599_CCDC154,1.388101101,tail
ENSG00000229368_AC090587.2,1.388101101,tail
ENSG00000272457_AC113194.1,1.386321803,tail
ENSG00000105509_HAS1,1.385673744,tail
ENSG00000125538_IL1B,1.384875101,tail
ENSG00000235545_AC103923.1,1.384363505,tail
ENSG00000138769_CDKL2,1.382502619,tail
ENSG00000125462_C1orf61,1.382194823,tail
ENSG00000136535_TBR1,1.382194823,tail
ENSG00000260316_AL008727.1,1.381547527,tail
ENSG00000267414_AC120049.1,1.381547527,tail
ENSG00000283674_AC068587.4,1.381202796,tail
ENSG00000236051_MYCBP2-AS1,1.380417571,tail
ENSG00000278920_AC005005.4,1.380373778,tail
ENSG00000270361_AL451085.1,1.380204497,tail
ENSG00000272788_AP000864.1,1.380204497,tail
ENSG00000231924_PSG1,1.380204497,tail
ENSG00000286782_AL355377.3,1.379439145,tail
ENSG00000274976_AC087588.2,1.379439145,tail
ENSG00000250333_AC093725.2,1.379439145,tail
ENSG00000257605_AC073611.1,1.379439145,tail
ENSG00000187627_RGPD1,1.378590473,tail
ENSG00000153157_SYCP2L,1.378082034,tail
ENSG00000279245_FAM223A,1.37632305,tail
ENSG00000272681_FAM223B,1.37632305,tail
ENSG00000277173_AC004241.4,1.375857981,tail
ENSG00000166664_CHRFAM7A,1.375857981,tail
ENSG00000261305_AC005586.2,1.374049629,tail
ENSG00000236095_AL807757.2,1.373138534,tail
ENSG00000095587_TLL2,1.373138534,tail
ENSG00000096088_PGC,1.373138534,tail
ENSG00000254826_AP001922.3,1.37287263,tail
ENSG00000272821_U62317.2,1.372404601,tail
ENSG00000013297_CLDN11,1.372150461,tail
ENSG00000267455_AP005137.1,1.372150461,tail
ENSG00000265282_AC005828.4,1.371293951,tail
ENSG00000145569_OTULINL,1.371293951,tail
ENSG00000171291_ZNF439,1.370726982,tail
ENSG00000123570_RAB9B,1.37004208,tail
ENSG00000234199_LINC01191,1.37004208,tail
ENSG00000167483_NIBAN3,1.369106129,tail
ENSG00000115590_IL1R2,1.367854257,tail
ENSG00000244184_AC091153.3,1.367854257,tail
ENSG00000125046_SSUH2,1.365685541,tail
ENSG00000162654_GBP4,1.358067165,tail
ENSG00000273174_AC108673.2,1.35590515,tail
ENSG00000271857_AL096865.1,1.353796768,tail
ENSG00000228157_AC007952.2,1.353519328,tail
ENSG00000285664_AL139317.5,1.352753977,tail
ENSG00000259926_AC007342.1,1.352753977,tail
ENSG00000253270_AC090541.1,1.347991315,tail
ENSG00000121577_POPDC2,1.341850528,tail
ENSG00000271590_AC108463.3,1.341850528,tail
ENSG00000268066_FMR1-AS1,1.33995136,tail
ENSG00000177138_FAM9B,1.33995136,tail
ENSG00000273987_AC121761.2,1.33995136,tail
ENSG00000029534_ANK1,1.336920635,tail
ENSG00000268812_AC004264.1,1.334360068,tail
ENSG00000267226_AC104971.1,1.334209595,tail
ENSG00000255337_AP001830.1,1.333870917,tail
ENSG00000160396_HIPK4,1.333650749,tail
ENSG00000266897_AC005546.1,1.333650749,tail
ENSG00000273483_AL354760.1,1.333650749,tail
ENSG00000229299_AL121845.1,1.333650749,tail
ENSG00000285650_AL157827.2,1.333246917,tail
ENSG00000164393_ADGRF2,1.332193329,tail
ENSG00000228886_AL138963.1,1.328696185,tail
ENSG00000158748_HTR6,1.327922047,tail
ENSG00000259939_AC022167.1,1.327509962,tail
ENSG00000205622_AP001042.1,1.327509962,tail
ENSG00000157315_TMED6,1.327509962,tail
ENSG00000227630_LINC01132,1.327509962,tail
ENSG00000227543_SPAG5-AS1,1.325801993,tail
ENSG00000264167_AC122129.2,1.325801993,tail
ENSG00000181085_MAPK15,1.322812379,tail
ENSG00000148541_FAM13C,1.322812379,tail
ENSG00000285688_AL161443.1,1.322582402,tail
ENSG00000259735_AC092868.2,1.322582402,tail
ENSG00000267731_AC005332.2,1.320517717,tail
ENSG00000075884_ARHGAP15,1.320517717,tail
ENSG00000167550_RHEBL1,1.319036538,tail
ENSG00000275857_AC009133.4,1.319036538,tail
ENSG00000237481_AL117350.1,1.31869959,tail
ENSG00000277399_GPR179,1.31869959,tail
ENSG00000182687_GALR2,1.318365026,tail
ENSG00000188038_NRN1L,1.318365026,tail
ENSG00000163736_PPBP,1.31810031,tail
ENSG00000182873_PRKCZ-AS1,1.317113154,tail
ENSG00000230658_KLHL7-DT,1.317113154,tail
ENSG00000237605_AL591846.2,1.316404927,tail
ENSG00000235448_LURAP1L-AS1,1.31628086,tail
ENSG00000277581_AL023803.3,1.31628086,tail
ENSG00000260877_AP005233.2,1.315193173,tail
ENSG00000144908_ALDH1L1,1.312941383,tail
ENSG00000260423_LINC02367,1.310706372,tail
ENSG00000259415_AC012291.2,1.310706372,tail
ENSG00000226312_CFLAR-AS1,1.310706372,tail
ENSG00000286703_AC005682.2,1.309907831,tail
ENSG00000261610_AP000265.1,1.309454501,tail
ENSG00000180712_LINC02363,1.309454501,tail
ENSG00000286105_AL353579.1,1.309000588,tail
ENSG00000262089_AC040977.1,1.30896796,tail
ENSG00000274818_AC004825.2,1.306096421,tail
ENSG00000183307_TMEM121B,1.305422096,tail
ENSG00000157335_CLEC18C,1.30173592,tail
ENSG00000286100_AL008725.1,1.301069574,tail
ENSG00000258620_AL135838.1,1.296033913,tail
ENSG00000157999_ANKRD61,1.296033913,tail
ENSG00000232140_AC073257.1,1.292121618,tail
ENSG00000152076_CCDC74B,1.291564258,tail
ENSG00000187726_DNAJB13,1.281199534,tail
ENSG00000275557_AC242842.1,1.279217893,tail
ENSG00000149564_ESAM,1.278078772,tail
ENSG00000158683_PKD1L1,1.278078772,tail
ENSG00000266538_AC005838.2,1.278078772,tail
ENSG00000245059_AC092718.1,1.278078772,tail
ENSG00000267078_AC015802.1,1.278078772,tail
ENSG00000246640_PICART1,1.277695715,tail
ENSG00000239389_PCDHA13,1.276886373,tail
ENSG00000277310_AC090246.1,1.275343509,tail
ENSG00000273487_AC104836.1,1.274940037,tail
ENSG00000249635_AC109361.1,1.274046367,tail
ENSG00000128310_GALR3,1.272794496,tail
ENSG00000122254_HS3ST2,1.272794496,tail
ENSG00000269053_AC010319.3,1.272794496,tail
ENSG00000268945_AC010422.2,1.272794496,tail
ENSG00000260892_AC105020.4,1.263686499,tail
ENSG00000285480_AC021097.2,1.263007404,tail
ENSG00000276122_AC026336.3,1.263007404,tail
ENSG00000230366_DSCR9,1.260882903,tail
ENSG00000234936_AC010883.1,1.258063903,tail
ENSG00000235795_AC093157.2,1.258063903,tail
ENSG00000267666_AC004156.1,1.253954868,tail
ENSG00000260971_AC119674.1,1.250509222,tail
ENSG00000134594_RAB33A,1.248635349,tail
ENSG00000257272_AL162311.1,1.248635349,tail
ENSG00000275491_LINC01730,1.248635349,tail
ENSG00000285601_AC084262.2,1.247988053,tail
ENSG00000247363_AC090061.1,1.247643321,tail
ENSG00000261544_AC011939.2,1.246755322,tail
ENSG00000147168_IL2RG,1.246064643,tail
ENSG00000250548_LINC01303,1.244602944,tail
ENSG00000283828_AL137002.2,1.24387682,tail
ENSG00000140519_RHCG,1.242703777,tail
ENSG00000234139_AL035420.1,1.242703777,tail
ENSG00000274023_AL360169.2,1.242703777,tail
ENSG00000267665_AC021683.3,1.242703777,tail
ENSG00000091536_MYO15A,1.241847266,tail
ENSG00000132692_BCAN,1.241847266,tail
ENSG00000151834_GABRA2,1.241731517,tail
ENSG00000229719_MIR194-2HG,1.240818082,tail
ENSG00000270095_AC068790.6,1.240719828,tail
ENSG00000273353_AL008718.3,1.240595395,tail
ENSG00000266237_AC121320.1,1.240595395,tail
ENSG00000233547_AL158212.2,1.240490155,tail
ENSG00000258405_ZNF578,1.240490155,tail
ENSG00000269463_AP001160.4,1.240230022,tail
ENSG00000223653_AL078459.1,1.239603367,tail
ENSG00000251584_AC096751.2,1.238590987,tail
ENSG00000100739_BDKRB1,1.238590987,tail
ENSG00000224142_AMMECR1-IT1,1.238590987,tail
ENSG00000253347_AC040934.1,1.238590987,tail
ENSG00000273240_AC013468.1,1.236423624,tail
ENSG00000205181_LINC00654,1.235546654,tail
ENSG00000123901_GPR83,1.234294783,tail
ENSG00000225173_AL662890.1,1.234028879,tail
ENSG00000166143_PPP1R14D,1.233867655,tail
ENSG00000167600_CYP2S1,1.232450201,tail
ENSG00000251417_AC145285.2,1.231705224,tail
ENSG00000160469_BRSK1,1.230262378,tail
ENSG00000251450_RASGRF2-AS1,1.230262378,tail
ENSG00000005961_ITGA2B,1.230262378,tail
ENSG00000204776_IGKV1OR-3,1.229770344,tail
ENSG00000163864_NMNAT3,1.223665142,tail
ENSG00000198711_SSBP3-AS1,1.221950181,tail
ENSG00000166924_NYAP1,1.221950181,tail
ENSG00000139908_TSSK4,1.221286184,tail
ENSG00000287620_AC092053.4,1.219033276,tail
ENSG00000283045_AC103703.1,1.217881622,tail
ENSG00000277558_AL109923.1,1.217881622,tail
ENSG00000260179_AL162741.1,1.217881622,tail
ENSG00000166257_SCN3B,1.213910226,tail
ENSG00000218416_AC110619.1,1.212614046,tail
ENSG00000272489_AL132656.3,1.210729302,tail
ENSG00000272627_AC016542.1,1.200650121,tail
ENSG00000188596_CFAP54,1.199328755,tail
ENSG00000278769_AC090510.3,1.197034092,tail
ENSG00000249222_ATP5MGL,1.197034092,tail
ENSG00000154930_ACSS1,1.196279038,tail
ENSG00000145217_SLC26A1,1.195365844,tail
ENSG00000256977_LIMS3,1.193865876,tail
ENSG00000233060_AC016700.3,1.191920198,tail
ENSG00000261253_AC137932.2,1.189252905,tail
ENSG00000162873_KLHDC8A,1.189252905,tail
ENSG00000138039_LHCGR,1.187790903,tail
ENSG00000137463_MGARP,1.187128944,tail
ENSG00000275383_AC126773.6,1.186958242,tail
ENSG00000250220_AC053527.2,1.186660946,tail
ENSG00000240005_STIM2-AS1,1.183192853,tail
ENSG00000286095_SPEGNB,1.18274568,tail
ENSG00000287868_AL355377.4,1.18050843,tail
ENSG00000226386_PARD3-AS1,1.180132249,tail
ENSG00000165091_TMC1,1.180132249,tail
ENSG00000282021_AC100810.3,1.180132249,tail
ENSG00000230751_AC007036.2,1.179521275,tail
ENSG00000224063_AC007319.1,1.179521275,tail
ENSG00000072163_LIMS2,1.178339749,tail
ENSG00000268987_AC011462.3,1.178339749,tail
ENSG00000278996_FP671120.4,1.178270995,tail
ENSG00000230068_CDC42-IT1,1.177601294,tail
ENSG00000116774_OLFML3,1.177601294,tail
ENSG00000238010_AL161908.2,1.177437109,tail
ENSG00000078814_MYH7B,1.177437109,tail
ENSG00000198133_TMEM229B,1.176349423,tail
ENSG00000006468_ETV1,1.176349423,tail
ENSG00000272719_AC006483.2,1.176349423,tail
ENSG00000270048_AC068790.4,1.175349504,tail
ENSG00000164683_HEY1,1.175349504,tail
ENSG00000274092_AC106739.1,1.171862621,tail
ENSG00000261200_AC136944.2,1.171862621,tail
ENSG00000115297_TLX2,1.171862621,tail
ENSG00000250410_AC112722.1,1.171862621,tail
ENSG00000287600_AC122719.3,1.163651438,tail
ENSG00000223390_AL445685.1,1.163651438,tail
ENSG00000285600_AC023593.1,1.161815357,tail
ENSG00000273454_AC112503.2,1.158707938,tail
ENSG00000179528_LBX2,1.158707938,tail
ENSG00000149150_SLC43A1,1.158707938,tail
ENSG00000260310_AC027277.2,1.158442034,tail
ENSG00000128218_VPREB3,1.158442034,tail
ENSG00000226650_KIF4B,1.152346996,tail
ENSG00000172247_C1QTNF4,1.151479848,tail
ENSG00000258789_AL162171.1,1.151097862,tail
ENSG00000265943_AC090912.1,1.148632087,tail
ENSG00000266111_AC068025.2,1.148632087,tail
ENSG00000257327_AC012555.1,1.148632087,tail
ENSG00000233559_LINC00513,1.148632087,tail
ENSG00000114124_GRK7,1.148632087,tail
ENSG00000267649_AC010327.5,1.146826732,tail
ENSG00000119630_PGF,1.146061381,tail
ENSG00000104888_SLC17A7,1.146061381,tail
ENSG00000261083_LINC02516,1.144599683,tail
ENSG00000135502_SLC26A10,1.144599683,tail
ENSG00000163815_CLEC3B,1.144599683,tail
ENSG00000285877_AC007448.5,1.144599683,tail
ENSG00000268218_AC137932.3,1.143472244,tail
ENSG00000271384_AL161729.3,1.143472244,tail
ENSG00000237588_AL590666.3,1.143347811,tail
ENSG00000271788_AC008875.1,1.143347811,tail
ENSG00000287093_AC003093.1,1.143347811,tail
ENSG00000286128_AC022413.2,1.143347811,tail
ENSG00000186919_ZACN,1.143347811,tail
ENSG00000258068_AC079600.3,1.141363863,tail
ENSG00000251179_TMEM92-AS1,1.140486893,tail
ENSG00000189350_TOGARAM2,1.140486893,tail
ENSG00000286067_AC004263.2,1.140486893,tail
ENSG00000273492_AP000229.1,1.140486893,tail
ENSG00000261204_AC004449.1,1.139235022,tail
ENSG00000009724_MASP2,1.139235022,tail
ENSG00000271937_AC104187.1,1.139235022,tail
ENSG00000259967_AC087761.1,1.137995454,tail
ENSG00000244327_AC109992.2,1.136909102,tail
ENSG00000272267_AC021242.3,1.135202617,tail
ENSG00000249846_LINC02021,1.135202617,tail
ENSG00000134548_SPX,1.133560719,tail
ENSG00000240720_LRRD1,1.12298971,tail
ENSG00000175065_DSG4,1.12111932,tail
ENSG00000259087_AL121790.2,1.119220153,tail
ENSG00000261121_LINC02473,1.119220153,tail
ENSG00000188338_SLC38A3,1.118816321,tail
ENSG00000254606_AC013714.1,1.116662642,tail
ENSG00000176695_OR4F17,1.116662642,tail
ENSG00000223571_DHRSX-IT1,1.114331722,tail
ENSG00000224945_AL353150.1,1.112414188,tail
ENSG00000162897_FCAMR,1.111371397,tail
ENSG00000286791_AC079949.5,1.111371397,tail
ENSG00000234465_PINLYP,1.111371397,tail
ENSG00000286489_AC010789.2,1.111371397,tail
ENSG00000240476_LINC00973,1.111273143,tail
ENSG00000158553_POM121L2,1.111273143,tail
ENSG00000231880_KF459542.1,1.110317346,tail
ENSG00000233532_LINC00460,1.109144302,tail
ENSG00000232545_AC253536.3,1.109144302,tail
ENSG00000235781_LINC02569,1.104972531,tail
ENSG00000270641_TSIX,1.104972531,tail
ENSG00000224621_AL451042.1,1.103003516,tail
ENSG00000160219_GAB3,1.101974331,tail
ENSG00000117601_SERPINC1,1.098831745,tail
ENSG00000009765_IYD,1.097579809,tail
ENSG00000254602_AP000662.1,1.096702904,tail
ENSG00000015520_NPC1L1,1.096702904,tail
ENSG00000273424_AL008582.1,1.096702904,tail
ENSG00000237422_AL158071.4,1.096702904,tail
ENSG00000179930_ZNF648,1.096275776,tail
ENSG00000234431_AC007283.1,1.095449286,tail
ENSG00000273901_AC012313.9,1.095023905,tail
ENSG00000141837_CACNA1A,1.09346702,tail
ENSG00000213600_U73169.1,1.080776284,tail
ENSG00000226026_AC092802.1,1.080776284,tail
ENSG00000251152_AC025539.1,1.080776284,tail
ENSG00000143341_HMCN1,1.080776284,tail
ENSG00000287689_AC009704.3,1.080289743,tail
ENSG00000257446_ZNF878,1.078336488,tail
ENSG00000283128_AC009403.2,1.072614701,tail
ENSG00000223701_RAET1E-AS1,1.069719699,tail
ENSG00000187013_C17orf82,1.048813797,tail
ENSG00000152689_RASGRP3,1.048813797,tail
ENSG00000227741_AL121987.2,1.048813797,tail
ENSG00000142621_FHAD1,1.047072019,tail
ENSG00000272791_AC073389.3,1.047072019,tail
ENSG00000269444_AC011491.2,1.044780275,tail
ENSG00000179270_PCARE,1.044132979,tail
ENSG00000276500_BMS1P14,1.044132979,tail
ENSG00000161180_CCDC116,1.044116279,tail
ENSG00000245750_DRAIC,1.04074787,tail
ENSG00000273319_AC058791.1,1.038848702,tail
ENSG00000197993_KEL,1.038848702,tail
ENSG00000259682_AC091231.1,1.038848702,tail
ENSG00000181773_GPR3,1.038848702,tail
ENSG00000235899_LINC01564,1.038757543,tail
ENSG00000272588_AC139887.4,1.036740321,tail
ENSG00000153802_TMPRSS11D,1.034204753,tail
ENSG00000230131_LINC02641,1.033557457,tail
ENSG00000270823_AC007938.2,1.033557457,tail
ENSG00000070182_SPTB,1.033557457,tail
ENSG00000278743_AC087239.1,1.024160391,tail
ENSG00000240731_AL139287.1,1.024160391,tail
ENSG00000263257_AC040173.1,1.019864187,tail
ENSG00000197380_DACT3,1.019598283,tail
ENSG00000113209_PCDHB5,1.018321638,tail
ENSG00000259459_LINC02568,1.016614696,tail
ENSG00000175287_PHYHD1,1.016614696,tail
ENSG00000155428_TRIM74,1.014137865,tail
ENSG00000129437_KLK14,1.01402556,tail
ENSG00000280924_LINC00628,1.01402556,tail
ENSG00000225684_FAM225B,1.011453369,tail
ENSG00000249786_EAF1-AS1,1.011040208,tail
ENSG00000226519_LINC00390,1.010314084,tail
ENSG00000204941_PSG5,1.00991277,tail
ENSG00000231298_MANCR,1.00991277,tail
ENSG00000286113_AC022868.2,1.009788337,tail
ENSG00000231609_AC007098.1,1.009788337,tail
ENSG00000260997_AC004847.1,1.009788337,tail
ENSG00000275479_AC087741.2,1.009788337,tail
ENSG00000250938_AC073475.1,1.009788337,tail
ENSG00000255587_RAB44,1.009788337,tail
ENSG00000215915_ATAD3C,1.009753589,tail
ENSG00000260209_AP000842.3,1.00791508,tail
ENSG00000134321_RSAD2,1.00721763,tail
ENSG00000250764_AC025178.1,1.00721763,tail
ENSG00000266473_AC007448.4,1.005755932,tail
ENSG00000233828_LINC01949,1.005755932,tail
ENSG00000287859_AC008507.4,1.005755932,tail
ENSG00000152784_PRDM8,1.005755932,tail
ENSG00000161835_GRASP,1.005350662,tail
ENSG00000235100_AL157400.3,1.005350662,tail
ENSG00000250303_LINC02762,1.005029807,tail
ENSG00000125787_GNRH2,1.003771984,tail
ENSG00000237892_KLF7-IT1,1.003771984,tail
ENSG00000187185_AC092118.1,1.003771984,tail
ENSG00000188100_FAM25A,1.001643142,tail
ENSG00000158517_NCF1,1.001643142,tail
ENSG00000228643_AC079779.2,1.001643142,tail
ENSG00000153902_LGI4,1.001643142,tail
ENSG00000285856_AL353704.1,1.001643142,tail
ENSG00000273565_AL691403.2,1.001643142,tail
ENSG00000253133_AC009630.1,1.001643142,tail
ENSG00000136881_BAAT,1.001584161,tail
ENSG00000249375_CASC11,0.9862195249,tail
ENSG00000269895_AP000654.1,0.9831031682,tail
ENSG00000241772_AC092620.1,0.96821451,tail
ENSG00000269560_AC010422.4,0.9582800253,tail
ENSG00000258749_AL110504.1,0.9574320255,tail
ENSG00000278703_AC100847.1,0.9574320255,tail
ENSG00000253632_AC084026.2,0.9542887044,tail
ENSG00000121101_TEX14,0.9518302135,tail
ENSG00000203876_ADD3-AS1,0.9508430578,tail
ENSG00000236383_CCDC200,0.9487588921,tail
ENSG00000160716_CHRNB2,0.9447770133,tail
ENSG00000247903_AC024896.1,0.9447770133,tail
ENSG00000285996_AC006116.11,0.9407446084,tail
ENSG00000270165_AC010530.1,0.9407446084,tail
ENSG00000223547_ZNF844,0.9407446084,tail
ENSG00000225383_SFTA1P,0.9407446084,tail
ENSG00000164621_SMAD5-AS1,0.9394927368,tail
ENSG00000226179_LINC00685,0.9394927368,tail
ENSG00000260588_AC027702.1,0.9394927368,tail
ENSG00000273175_BX323046.1,0.9394927368,tail
ENSG00000260515_AC034229.2,0.9301414955,tail
ENSG00000263531_AC130324.1,0.9285119454,tail
ENSG00000145777_TSLP,0.9260562972,tail
ENSG00000239636_AC004865.2,0.9260562972,tail
ENSG00000224017_LINC01449,0.9260562972,tail
ENSG00000277745_H2AFB3,0.9260562972,tail
ENSG00000224888_AC138028.2,0.9248044256,tail
ENSG00000226659_AC021028.1,0.9193671121,tail
ENSG00000197653_DNAH10,0.9193671121,tail
ENSG00000285884_AL022345.4,0.9193671121,tail
ENSG00000235445_AC016027.3,0.918148515,tail
ENSG00000179292_TMEM151A,0.9152543228,tail
ENSG00000203801_LINC00222,0.9146695938,tail
ENSG00000260586_AC064799.2,0.9146695938,tail
ENSG00000196739_COL27A1,0.9146695938,tail
ENSG00000169495_HTRA4,0.9146695938,tail
ENSG00000138615_CILP,0.9146695938,tail
ENSG00000161509_GRIN2C,0.9127628835,tail
ENSG00000230731_AL589745.1,0.9105568045,tail
ENSG00000225676_AC002378.1,0.9105568045,tail
ENSG00000233593_LINC02609,0.9099700462,tail
ENSG00000239920_AC104389.5,0.9094711241,tail
ENSG00000246985_SOCS2-AS1,0.907516323,tail
ENSG00000265451_AC012447.1,0.9074180693,tail
ENSG00000105369_CD79A,0.9065243997,tail
ENSG00000188385_JAKMIP3,0.9065243997,tail
ENSG00000237054_PRMT5-AS1,0.9065243997,tail
ENSG00000287356_AL590822.3,0.9052892282,tail
ENSG00000261219_AC090651.1,0.8991484415,tail
ENSG00000183542_KLRC4,0.8991484415,tail
ENSG00000162576_MXRA8,0.896612874,tail
ENSG00000257225_AC079601.1,0.8947137063,tail
ENSG00000277491_AC087392.5,0.889277381,tail
ENSG00000244693_CTAGE8,0.8888038828,tail
ENSG00000226520_KIRREL1-IT1,0.8879844254,tail
ENSG00000183615_FAM167B,0.8879844254,tail
ENSG00000278198_AC011043.2,0.8830278415,tail
ENSG00000254548_AC105219.2,0.8822723077,tail
ENSG00000185988_PLK5,0.8804660853,tail
ENSG00000260167_AC093249.2,0.8804660853,tail
ENSG00000078900_TP73,0.8790364237,tail
ENSG00000245293_AC096564.1,0.8777709452,tail
ENSG00000246308_AC116535.1,0.8777709452,tail
ENSG00000101162_TUBB1,0.8777709452,tail
ENSG00000214212_C19orf38,0.8777709452,tail
ENSG00000124835_AC105760.1,0.8743252986,tail
ENSG00000197181_PIWIL2,0.8743252986,tail
ENSG00000196420_S100A5,0.8743252986,tail
ENSG00000287625_AC022210.2,0.8735991743,tail
ENSG00000253168_AC124069.1,0.8721964575,tail
ENSG00000132688_NES,0.8721964575,tail
ENSG00000273055_AC005046.1,0.8721964575,tail
ENSG00000234832_AL096677.1,0.8714703333,tail
ENSG00000235319_AC012360.1,0.8714703333,tail
ENSG00000270140_AC005520.3,0.8680246867,tail
ENSG00000271321_CTAGE6,0.866926257,tail
ENSG00000136244_IL6,0.8550571723,tail
ENSG00000134489_HRH4,0.8473757741,tail
ENSG00000287381_AC012433.2,0.8439301276,tail
ENSG00000230943_LINC02541,0.830349679,tail
ENSG00000105499_PLA2G4C,0.8183938016,tail
ENSG00000282390_AL392083.1,0.8127596218,tail
ENSG00000259925_AC130456.2,0.8101704854,tail
ENSG00000172349_IL16,0.8080621036,tail
ENSG00000287043_AL392083.2,0.8080621036,tail
ENSG00000239445_ST3GAL6-AS1,0.8078182797,tail
ENSG00000131203_IDO1,0.8071851342,tail
ENSG00000189030_VHLL,0.8071851342,tail
ENSG00000169067_ACTBL2,0.8071851342,tail
ENSG00000237080_EHMT2-AS1,0.8059332626,tail
ENSG00000266964_FXYD1,0.8059332626,tail
ENSG00000249899_AC025180.1,0.8059332626,tail
ENSG00000273335_AP005432.2,0.8019008577,tail
ENSG00000269815_AC010463.3,0.8019008577,tail
ENSG00000266821_AC018521.7,0.8019008577,tail
ENSG00000177363_LRRN4CL,0.8008269885,tail
ENSG00000286153_AP000331.1,0.8008269885,tail
ENSG00000137090_DMRT1,0.8008269885,tail
ENSG00000266934_AC005746.1,0.7966096123,tail
ENSG00000285103_AL451123.1,0.7953577407,tail
ENSG00000239605_STPG4,0.7953577407,tail
ENSG00000272969_AC024243.1,0.7909200663,tail
ENSG00000188306_LRRIQ4,0.7872125465,tail
ENSG00000287766_AC006130.3,0.7858076378,tail
ENSG00000087589_CASS4,0.7858076378,tail
ENSG00000273828_AL133227.1,0.7858076378,tail
ENSG00000273980_AL592071.1,0.7858076378,tail
ENSG00000274933_TBC1D3I,0.7828623855,tail
ENSG00000248774_AC097534.1,0.7811101196,tail
ENSG00000237927_AL078604.2,0.7811101196,tail
ENSG00000231534_FBXO36-IT1,0.7805233613,tail
ENSG00000249267_LINC00939,0.7805233613,tail
ENSG00000249961_TERB1,0.7770777147,tail
ENSG00000268108_AC008687.2,0.7770777147,tail
ENSG00000258667_HIF1A-AS3,0.7770777147,tail
ENSG00000205562_AL049775.1,0.776410572,tail
ENSG00000236444_UBE2L5,0.776410572,tail
ENSG00000224984_AL512363.1,0.776410572,tail
ENSG00000235897_TM4SF19-AS1,0.776410572,tail
ENSG00000162006_MSLNL,0.7763515905,tail
ENSG00000237781_AL356356.1,0.7729649254,tail
ENSG00000253372_AC016405.1,0.7729649254,tail
ENSG00000197540_GZMM,0.7729649254,tail
ENSG00000269019_HOMER3-AS1,0.7729649254,tail
ENSG00000183397_C19orf71,0.7729649254,tail
ENSG00000237373_BRWD1-IT1,0.7709672352,tail
ENSG00000146453_PNLDC1,0.7709672352,tail
ENSG00000286970_AC010491.2,0.7686725722,tail
ENSG00000267474_AC008569.2,0.7686725722,tail
ENSG00000244945_AC136604.2,0.7686725722,tail
ENSG00000229272_AL157388.1,0.7504336303,tail
ENSG00000255571_MIR9-3HG,0.7303464173,tail
ENSG00000273133_AC116651.1,0.7303464173,tail
ENSG00000249326_AC025183.2,0.7303464173,tail
ENSG00000124103_FAM209A,0.728456288,tail
ENSG00000100055_CYTH4,0.7256104873,tail
ENSG00000257391_AC126763.1,0.7220732696,tail
ENSG00000184716_SERINC4,0.717951834,tail
ENSG00000166840_GLYATL1,0.717951834,tail
ENSG00000254017_IGHEP2,0.715512038,tail
ENSG00000259407_AC021739.2,0.715512038,tail
ENSG00000010310_GIPR,0.7108145198,tail
ENSG00000115602_IL1RL1,0.7108145198,tail
ENSG00000142661_MYOM3,0.7008237268,tail
ENSG00000179564_LSMEM2,0.7008237268,tail
ENSG00000226849_AL109811.1,0.6961262086,tail
ENSG00000176723_ZNF843,0.6961262086,tail
ENSG00000184984_CHRM5,0.6961262086,tail
ENSG00000255067_AC013549.4,0.6927577999,tail
ENSG00000267457_AC004223.2,0.6908586323,tail
ENSG00000149926_TLCD3B,0.6819558254,tail
ENSG00000153237_CCDC148,0.6819558254,tail
ENSG00000238290_AL034417.2,0.6812918292,tail
ENSG00000189001_SBSN,0.6812918292,tail
ENSG00000250159_AC106791.1,0.6812918292,tail
ENSG00000286389_AL731702.1,0.6766110112,tail
ENSG00000260740_AC026471.3,0.6713803035,tail
ENSG00000110944_IL23A,0.6704702245,tail
ENSG00000100276_RASL10A,0.6683413834,tail
ENSG00000254842_LINC02551,0.6683413834,tail
ENSG00000108342_CSF3,0.6660354893,tail
ENSG00000273143_AL355512.1,0.6577658615,tail
ENSG00000232748_AC135050.1,0.6577658615,tail
ENSG00000138315_OIT3,0.6577658615,tail
ENSG00000237361_TUSC8,0.6577658615,tail
ENSG00000205143_ARID3C,0.6570397373,tail
ENSG00000143632_ACTA1,0.6535940907,tail
ENSG00000204949_FAM83A-AS1,0.6535940907,tail
ENSG00000259380_AC087473.1,0.6501823973,tail
ENSG00000242550_SERPINB10,0.6490927281,tail
ENSG00000177191_B3GNT8,0.6469638871,tail
ENSG00000269482_Z69720.1,0.6469638871,tail
ENSG00000228008_AC105935.1,0.6469638871,tail
ENSG00000087076_HSD17B14,0.6435182405,tail
ENSG00000169213_RAB3B,0.6435182405,tail
ENSG00000287315_AL670729.3,0.6435182405,tail
ENSG00000255449_AP002812.5,0.6435182405,tail
ENSG00000128242_GAL3ST1,0.6435182405,tail
ENSG00000088053_GP6,0.6427921163,tail
ENSG00000287738_AL359764.3,0.6427921163,tail
ENSG00000235288_AC099329.1,0.6152300456,tail
ENSG00000255524_NPIPB8,0.606567039,tail
ENSG00000248150_LINC02150,0.5927545382,tail
ENSG00000265801_AC069366.2,0.5927545382,tail
ENSG00000106258_CYP3A5,0.5927545382,tail
ENSG00000104941_RSPH6A,0.5915026666,tail
ENSG00000117477_CCDC181,0.5915026666,tail
ENSG00000172350_ABCG4,0.5915026666,tail
ENSG00000102678_FGF9,0.5819525638,tail
ENSG00000265948_AC015878.2,0.5819525638,tail
ENSG00000228918_LINC01344,0.5819525638,tail
ENSG00000268743_AC008737.1,0.5819525638,tail
ENSG00000188037_CLCN1,0.5819525638,tail
ENSG00000166405_RIC3,0.5772550455,tail
ENSG00000091592_NLRP1,0.5772550455,tail
ENSG00000268287_AC008687.3,0.5766682872,tail
ENSG00000286501_AC018545.1,0.5766682872,tail
ENSG00000272334_AC011816.2,0.5732226407,tail
ENSG00000205209_SCGB2B2,0.5732226407,tail
ENSG00000256325_AC025423.1,0.5732226407,tail
ENSG00000026751_SLAMF7,0.5713770419,tail
ENSG00000286035_AC073840.1,0.5713770419,tail
ENSG00000254094_AC078852.2,0.5713770419,tail
ENSG00000273272_U62317.4,0.5666795236,tail
ENSG00000248787_AC092903.2,0.5666795236,tail
ENSG00000256690_AP001160.1,0.5656874959,tail
ENSG00000221843_C2orf16,0.561979976,tail
ENSG00000229893_AC005091.1,0.561979976,tail
ENSG00000268472_AP002884.3,0.561979976,tail
ENSG00000261572_AC097639.1,0.561979976,tail
ENSG00000259797_AC020978.1,0.5585343295,tail
ENSG00000131379_C3orf20,0.5518451443,tail
ENSG00000186723_OR10H1,0.5518451443,tail
ENSG00000163564_PYHIN1,0.5518451443,tail
ENSG00000265096_C1QTNF1-AS1,0.5518451443,tail
ENSG00000274386_TMEM269,0.5518451443,tail
ENSG00000136688_IL36G,0.547732355,tail
ENSG00000176490_DIRAS1,0.547732355,tail
ENSG00000221866_PLXNA4,0.5399943552,tail
ENSG00000259398_AC090970.1,0.5399943552,tail
ENSG00000105711_SCN1B,0.5217554133,tail
ENSG00000108556_CHRNE,0.5217554133,tail
ENSG00000278716_AC133540.1,0.503521238,tail
ENSG00000188573_FBLL1,0.503521238,tail
ENSG00000276101_AC027601.4,0.503521238,tail
ENSG00000134551_PRH2,0.4917761259,tail
ENSG00000236120_AC110995.1,0.4621804152,tail
ENSG00000287960_AC008567.3,0.4621804152,tail
ENSG00000214946_TBC1D26,0.4539107875,tail
ENSG00000050628_PTGER3,0.4539107875,tail
ENSG00000170476_MZB1,0.4539107875,tail
ENSG00000100979_PLTP,0.4539107875,tail
ENSG00000253258_AC068228.1,0.4539107875,tail
ENSG00000108551_RASD1,0.4539107875,tail
ENSG00000115850_LCT,0.4452376541,tail
ENSG00000260619_AC068870.1,0.443108813,tail
ENSG00000229647_MYOSLID,0.443108813,tail
ENSG00000164949_GEM,0.443108813,tail
ENSG00000263345_AC006435.2,0.443108813,tail
ENSG00000212900_KRTAP3-2,0.443108813,tail
ENSG00000258819_LINC02289,0.443108813,tail
ENSG00000168314_MOBP,0.4396631664,tail
ENSG00000163352_LENEP,0.4396631664,tail
ENSG00000126583_PRKCG,0.4396631664,tail
ENSG00000279762_AC005899.8,0.4396631664,tail
ENSG00000241544_LINC02029,0.4396631664,tail
ENSG00000172426_RSPH9,0.4396631664,tail
ENSG00000185271_KLHL33,0.4396631664,tail
ENSG00000136449_MYCBPAP,0.4396631664,tail
ENSG00000261616_AC036108.3,0.4396631664,tail
ENSG00000149256_TENM4,0.4325332911,tail
ENSG00000167984_NLRC3,0.4325332911,tail
ENSG00000206262_FOXL2NB,0.4325332911,tail
ENSG00000261595_AL603832.2,0.4290876445,tail
ENSG00000169885_CALML6,0.4290876445,tail
ENSG00000259081_AF111169.3,0.4290876445,tail
ENSG00000188886_ASTL,0.4290876445,tail
ENSG00000198576_ARC,0.4290876445,tail
ENSG00000285831_AC027329.1,0.4290876445,tail
ENSG00000112183_RBM24,0.4290876445,tail
ENSG00000225362_CT62,0.4283615203,tail
ENSG00000188782_CATSPER4,0.4182856701,tail
ENSG00000146221_TCTE1,0.4182856701,tail
ENSG00000072182_ASIC4,0.4182856701,tail
ENSG00000184697_CLDN6,0.4182856701,tail
ENSG00000288156_AC104530.1,0.4182856701,tail
ENSG00000215113_CXorf49B,0.4182856701,tail
ENSG00000223617_LINC00370,0.4182856701,tail
ENSG00000273302_AC016747.3,0.4182856701,tail
ENSG00000154016_GRAP,0.4182856701,tail
ENSG00000261247_GOLGA8T,0.3684990282,tail
ENSG00000260394_Z92544.1,0.3675219678,tail
ENSG00000268565_AC005339.1,0.3675219678,tail
ENSG00000186827_TNFRSF4,0.3675219678,tail
ENSG00000255181_CCDC166,0.3675219678,tail
ENSG00000273313_RBAKDN,0.3675219678,tail
ENSG00000163464_CXCR1,0.3628244496,tail
ENSG00000287721_AC061975.8,0.3628244496,tail
ENSG00000236833_AC024560.1,0.3628244496,tail
ENSG00000095970_TREM2,0.3628244496,tail
ENSG00000135077_HAVCR2,0.3628244496,tail
ENSG00000143107_FNDC7,0.3479900702,tail
ENSG00000166866_MYO1A,0.3479900702,tail
ENSG00000139219_COL2A1,0.333301759,tail
ENSG00000101203_COL20A1,0.333301759,tail
ENSG00000272541_AL021368.3,0.2394165063,tail
ENSG00000149527_PLCH2,0.228678217,tail
ENSG00000162771_FAM71A,0.228678217,tail
ENSG00000235927_NEXN-AS1,0.228678217,tail
ENSG00000279070_AC073263.2,0.228678217,tail
ENSG00000108381_ASPA,0.228678217,tail
ENSG00000257126_FOXG1-AS1,0.228678217,tail
ENSG00000160593_JAML,0.228678217,tail
ENSG00000284640_AL590434.1,0.228678217,tail
ENSG00000131737_KRT34,0.228678217,tail
ENSG00000265206_AC004687.1,0.228678217,tail
ENSG00000286281_AL353152.2,0.2252325704,tail
ENSG00000136928_GABBR2,0.2252325704,tail
ENSG00000007402_CACNA2D2,0.2252325704,tail
ENSG00000176381_PRR18,0.2252325704,tail
ENSG00000205922_ONECUT3,0.2252325704,tail
ENSG00000266088_AC004585.1,0.2252325704,tail
ENSG00000285244_DINOL,0.2252325704,tail
ENSG00000090539_CHRD,0.2252325704,tail
ENSG00000281162_LINC01127,0.2252325704,tail
ENSG00000186115_CYP4F2,0.2160434411,tail
ENSG00000286048_AC008966.3,0.214430596,tail
ENSG00000225647_AC005487.1,0.214430596,tail
ENSG00000077327_SPAG6,0.214430596,tail
ENSG00000168621_GDNF,0.214430596,tail
ENSG00000169402_RSPH10B2,0.214430596,tail
ENSG00000196734_LCE1B,0.214430596,tail
ENSG00000184502_GAST,0.214430596,tail
ENSG00000109758_HGFAC,0.214430596,tail
ENSG00000286952_AC093928.1,0.214430596,tail
ENSG00000233242_AL512604.2,0.214430596,tail
ENSG00000226979_LTA,0.2038550741,tail
ENSG00000130182_ZSCAN10,0.2038550741,tail
ENSG00000225746_MEG8,0.2038550741,tail
ENSG00000188365_AC092171.1,0.2038550741,tail
ENSG00000259757_AC091891.1,0.2038550741,tail
ENSG00000244953_AC087521.1,0.2038550741,tail
ENSG00000147465_STAR,0.2038550741,tail
ENSG00000185668_POU3F1,0.2038550741,tail
ENSG00000267122_AC004490.1,0.2038550741,tail
ENSG00000182261_NLRP10,0.2038550741,tail
ENSG00000261671_AL158211.1,0.2038550741,tail
ENSG00000163606_CD200R1,0.2038550741,tail
ENSG00000174145_NWD2,0.2038550741,tail
ENSG00000275445_AC092119.3,0.2038550741,tail
ENSG00000262117_BCAR4,0.2038550741,tail
ENSG00000241728_AP001062.3,0.1991866469,tail
ENSG00000268738_HSFX2,0.002730079397,tail
ENSG00000269600_AC016629.2,0,tail
ENSG00000250934_AC016924.1,0,tail
ENSG00000010327_STAB1,0,tail
ENSG00000126337_KRT36,0,tail
ENSG00000274611_TBC1D3,0,tail
ENSG00000263201_DPEP2NB,0,tail
ENSG00000245156_AP001107.1,0,tail
ENSG00000246130_AC107959.2,0,tail
ENSG00000162723_SLAMF9,0,tail
ENSG00000261026_AC105046.1,0,tail
ENSG00000253819_LINC01151,0,tail
ENSG00000257761_AC078860.2,0,tail
ENSG00000260996_BX255925.1,0,tail
ENSG00000254415_SIGLEC14,0,tail
ENSG00000274419_TBC1D3D,0,tail
ENSG00000267898_AC026803.2,0,tail
ENSG00000256268_LINC02454,0,tail
ENSG00000260088_DDX59-AS1,0,tail
ENSG00000261438_AL157394.1,0,tail
ENSG00000275620_AL121827.2,0,tail
ENSG00000155026_RSPH10B,0,tail
ENSG00000140522_RLBP1,0,tail
ENSG00000180422_LINC00304,0,tail
ENSG00000285966_AC007686.4,0,tail
ENSG00000118004_COLEC11,0,tail
ENSG00000186226_LCE1E,0,tail
ENSG00000167941_SOST,0,tail
ENSG00000101194_SLC17A9,0,tail
ENSG00000287175_AL513303.1,0,tail
ENSG00000182896_TMEM95,0,tail
ENSG00000132517_SLC52A1,0,tail
ENSG00000180532_ZSCAN4,0,tail
ENSG00000286485_Z80897.1,0,tail
ENSG00000234289_H2BFS,0,tail
ENSG00000177238_TRIM72,0,tail
ENSG00000286733_AC090164.5,0,tail
ENSG00000287089_AL138889.3,0,tail
ENSG00000134668_SPOCD1,0,tail
ENSG00000106852_LHX6,0,tail
ENSG00000175229_GAL3ST3,0,tail
ENSG00000107187_LHX3,0,tail
ENSG00000107831_FGF8,0,tail
ENSG00000171649_ZIK1,0,tail
ENSG00000099617_EFNA2,0,tail
ENSG00000285829_AC005921.4,0,tail
ENSG00000148377_IDI2,0,tail
ENSG00000187889_FYB2,0,tail
ENSG00000234155_LINC02535,0,tail
ENSG00000130383_FUT5,0,tail
ENSG00000233208_LINC00642,0,tail
ENSG00000229672_AL450322.2,0,tail
ENSG00000228862_AC068389.1,0,tail
ENSG00000227544_AC018647.1,0,tail
ENSG00000225899_FRG2B,0,tail
ENSG00000212724_KRTAP2-3,0,tail
ENSG00000159173_TNNI1,0,tail
ENSG00000165799_RNASE7,0,tail
ENSG00000205097_FRG2,0,tail
ENSG00000172232_AZU1,0,tail
ENSG00000287510_AL137857.1,0,tail
ENSG00000197646_PDCD1LG2,0,tail
ENSG00000197084_LCE1C,0,tail
ENSG00000087303_NID2,0,tail
ENSG00000196361_ELAVL3,0,tail
ENSG00000166670_MMP10,0,tail
ENSG00000285486_AC003043.2,0,tail
ENSG00000068831_RASGRP2,0,tail
