gene,gene_symbol,auc_DOX@24h,fdr_DOX@24h,auc_DOX@4h,fdr_DOX@4h,baseline_mean,region,is_DDR
ENSG00000003402_CFLAR,CFLAR,1,0.09595375723,0,0.3887587822,11.53595359,head,False
ENSG00000032219_ARID4A,ARID4A,1,0.09595375723,0,0.3887587822,9.251970889,mid,False
ENSG00000048342_CC2D2A,CC2D2A,1,0.09595375723,0,0.3887587822,9.624015738,mid,False
ENSG00000048471_SNX29,SNX29,1,0.09595375723,0,0.3887587822,9.831213764,mid,False
ENSG00000066933_MYO9A,MYO9A,1,0.09595375723,0,0.3887587822,11.2315159,mid,False
ENSG00000077157_PPP1R12B,PPP1R12B,1,0.09595375723,0,0.3887587822,9.474634536,mid,False
ENSG00000088970_KIZ,KIZ,1,0.09595375723,0,0.3887587822,8.318624888,mid,False
ENSG00000089177_KIF16B,KIF16B,1,0.09595375723,0,0.3887587822,9.153064723,mid,False
ENSG00000096696_DSP,DSP,1,0.09595375723,0,0.3887587822,15.00719192,head,False
ENSG00000103657_HERC1,HERC1,1,0.09595375723,0,0.3887587822,11.23625108,mid,False
ENSG00000105877_DNAH11,DNAH11,1,0.09595375723,0,0.3887587822,9.389356585,mid,False
ENSG00000106006_HOXA6,HOXA6,1,0.09595375723,0,0.3887587822,6.161901764,mid,False
ENSG00000112763_BTN2A1,BTN2A1,1,0.09595375723,0,0.3887587822,8.901610365,mid,False
ENSG00000114107_CEP70,CEP70,1,0.09595375723,0,0.3887587822,9.278872881,mid,False
ENSG00000115548_KDM3A,KDM3A,1,0.09595375723,0,0.3887587822,10.28890015,mid,False
ENSG00000117724_CENPF,CENPF,1,0.09595375723,0,0.3887587822,12.23902947,head,False
ENSG00000119509_INVS,INVS,1,0.09595375723,0,0.3887587822,9.273490179,mid,False
ENSG00000124177_CHD6,CHD6,1,0.09595375723,0,0.3887587822,10.45297992,mid,False
ENSG00000127914_AKAP9,AKAP9,1,0.09595375723,0,0.3887587822,12.10282615,head,False
ENSG00000134245_WNT2B,WNT2B,1,0.09595375723,0,0.3887587822,5.555380439,mid,False
ENSG00000134313_KIDINS220,KIDINS220,1,0.09595375723,0,0.3887587822,11.21360952,mid,False
ENSG00000134899_ERCC5,ERCC5,1,0.09595375723,0,0.3887587822,10.92016734,mid,False
ENSG00000135205_CCDC146,CCDC146,1,0.09595375723,0,0.3887587822,7.633651213,mid,False
ENSG00000136169_SETDB2,SETDB2,1,0.09595375723,0,0.3887587822,8.850234146,mid,False
ENSG00000136861_CDK5RAP2,CDK5RAP2,1,0.09595375723,0,0.3887587822,10.79628027,mid,False
ENSG00000137601_NEK1,NEK1,1,0.09595375723,0,0.3887587822,9.173905334,mid,False
ENSG00000138193_PLCE1,PLCE1,1,0.09595375723,0,0.3887587822,10.33060835,mid,False
ENSG00000139144_PIK3C2G,PIK3C2G,1,0.09595375723,0,0.3887587822,9.495359487,mid,False
ENSG00000140386_SCAPER,SCAPER,1,0.09595375723,0,0.3887587822,8.852078157,mid,False
ENSG00000143951_WDPCP,WDPCP,1,0.09595375723,0,0.3887587822,6.90243189,mid,False
ENSG00000149262_INTS4,INTS4,1,0.09595375723,0,0.3887587822,9.235444843,mid,False
ENSG00000150627_WDR17,WDR17,1,0.09595375723,0,0.3887587822,6.145923931,mid,False
ENSG00000152818_UTRN,UTRN,1,0.09595375723,0,0.3887587822,11.72590113,head,False
ENSG00000157796_WDR19,WDR19,1,0.09595375723,0,0.3887587822,9.709565239,mid,False
ENSG00000165115_KIF27,KIF27,1,0.09595375723,0,0.3887587822,8.27683672,mid,False
ENSG00000165494_PCF11,PCF11,1,0.09595375723,0,0.3887587822,11.08616752,mid,False
ENSG00000166317_SYNPO2L,SYNPO2L,1,0.09595375723,0,0.3975642125,2.032796236,tail,False
ENSG00000166589_CDH16,CDH16,1,0.09595375723,0,0.3887587822,3.80665704,mid,False
ENSG00000171988_JMJD1C,JMJD1C,1,0.09595375723,0,0.3887587822,11.44437457,mid,False
ENSG00000173575_CHD2,CHD2,1,0.09595375723,0,0.3887587822,11.96641356,head,False
ENSG00000176809_LRRC37A3,LRRC37A3,1,0.09595375723,0,0.3887587822,7.278260973,mid,False
ENSG00000185261_KIAA0825,KIAA0825,1,0.09595375723,0,0.3887587822,7.018405069,mid,False
ENSG00000187240_DYNC2H1,DYNC2H1,1,0.09595375723,0,0.3887587822,9.828503582,mid,False
ENSG00000197535_MYO5A,MYO5A,1,0.09595375723,0,0.3887587822,10.13475459,mid,False
ENSG00000198707_CEP290,CEP290,1,0.09595375723,0,0.3887587822,9.748270764,mid,False
ENSG00000204049_AL391421.1,AL391421.1,1,0.09595375723,0,0.3887587822,5.377643871,mid,False
ENSG00000217128_FNIP1,FNIP1,1,0.09595375723,0,0.3887587822,10.26989349,mid,False
ENSG00000226403_AL392089.1,AL392089.1,1,0.09595375723,0,0.3887587822,4.451366981,mid,False
ENSG00000227292_AC009229.1,AC009229.1,1,0.09595375723,0,0.3887587822,6.16998965,mid,False
ENSG00000238083_LRRC37A2,LRRC37A2,1,0.09595375723,0,0.3887587822,7.846380691,mid,False
ENSG00000242759_LINC00882,LINC00882,1,0.09595375723,0,0.3887587822,5.274437494,mid,False
ENSG00000242808_SOX2-OT,SOX2-OT,1,0.09595375723,0,0.3887587822,2.257187452,mid,False
ENSG00000260470_AC023794.6,AC023794.6,1,0.09595375723,0,0.3887587822,4.390454096,mid,False
ENSG00000262877_AC110285.2,AC110285.2,1,0.09595375723,0,0.3887587822,4.339844672,mid,False
ENSG00000265190_ANXA8,ANXA8,1,0.09595375723,0,0.3887587822,11.50386879,head,False
ENSG00000267288_AC138150.2,AC138150.2,1,0.09595375723,0,0.3887587822,5.384713419,mid,False
ENSG00000268043_NBPF12,NBPF12,1,0.09595375723,0,0.3887587822,8.958851229,mid,False
ENSG00000272799_AC006238.1,AC006238.1,1,0.09595375723,0,0.3887587822,2.572506219,mid,False
ENSG00000272994_AC012360.3,AC012360.3,1,0.09595375723,0,0.3887587822,6.148634472,mid,False
ENSG00000273062_AL449106.1,AL449106.1,1,0.09595375723,0,0.3887587822,3.981670993,mid,False
ENSG00000001631_KRIT1,KRIT1,1,0.09595375723,0.0625,0.4977511244,9.975562839,mid,False
ENSG00000049618_ARID1B,ARID1B,1,0.09595375723,0.0625,0.4977511244,12.04402854,head,False
ENSG00000052126_PLEKHA5,PLEKHA5,1,0.09595375723,0.0625,0.4977511244,10.53510185,mid,False
ENSG00000055609_KMT2C,KMT2C,1,0.09595375723,0.0625,0.4977511244,12.2574058,head,False
ENSG00000072134_EPN2,EPN2,1,0.09595375723,0.0625,0.4977511244,10.3346709,mid,False
ENSG00000073331_ALPK1,ALPK1,1,0.09595375723,0.0625,0.4977511244,8.999707466,mid,False
ENSG00000102349_KLF8,KLF8,1,0.09595375723,0.0625,0.4977511244,8.916193898,mid,False
ENSG00000104517_UBR5,UBR5,1,0.09595375723,0.0625,0.4977511244,12.04725318,head,False
ENSG00000112983_BRD8,BRD8,1,0.09595375723,0.0625,0.4977511244,9.905153538,mid,False
ENSG00000119397_CNTRL,CNTRL,1,0.09595375723,0.0625,0.4977511244,9.006527039,mid,False
ENSG00000120662_MTRF1,MTRF1,1,0.09595375723,0.0625,0.4977511244,8.302497964,mid,False
ENSG00000121988_ZRANB3,ZRANB3,1,0.09595375723,0.0625,0.4977511244,7.996995857,mid,False
ENSG00000122557_HERPUD2,HERPUD2,1,0.09595375723,0.0625,0.4977511244,9.558587585,mid,False
ENSG00000123191_ATP7B,ATP7B,1,0.09595375723,0.0625,0.4977511244,8.988055711,mid,False
ENSG00000130023_ERMARD,ERMARD,1,0.09595375723,0.0625,0.4977511244,8.265177367,mid,False
ENSG00000131503_ANKHD1,ANKHD1,1,0.09595375723,0.0625,0.4977511244,11.99017117,head,False
ENSG00000135537_AFG1L,AFG1L,1,0.09595375723,0.0625,0.4977511244,7.552021275,mid,False
ENSG00000142961_MOB3C,MOB3C,1,0.09595375723,0.0625,0.4977511244,8.297675775,mid,False
ENSG00000143379_SETDB1,SETDB1,1,0.09595375723,0.0625,0.4977511244,10.04883209,mid,False
ENSG00000156463_SH3RF2,SH3RF2,1,0.09595375723,0.0625,0.4977511244,10.03737879,mid,False
ENSG00000166387_PPFIBP2,PPFIBP2,1,0.09595375723,0.0625,0.4977511244,8.1836171,mid,False
ENSG00000168781_PPIP5K1,PPIP5K1,1,0.09595375723,0.0625,0.4977511244,10.61116576,mid,False
ENSG00000170631_ZNF16,ZNF16,1,0.09595375723,0.0625,0.4977511244,8.110686107,mid,False
ENSG00000172661_WASHC2C,WASHC2C,1,0.09595375723,0.0625,0.4977511244,10.06899801,mid,False
ENSG00000174373_RALGAPA1,RALGAPA1,1,0.09595375723,0.0625,0.4977511244,10.82223028,mid,False
ENSG00000176155_CCDC57,CCDC57,1,0.09595375723,0.0625,0.4977511244,9.801365117,mid,False
ENSG00000180113_TDRD6,TDRD6,1,0.09595375723,0.0625,0.4977511244,4.585883837,mid,False
ENSG00000186472_PCLO,PCLO,1,0.09595375723,0.0625,0.4977511244,8.300189106,mid,False
ENSG00000198408_OGA,OGA,1,0.09595375723,0.0625,0.4977511244,12.01658323,head,False
ENSG00000205758_CRYZL1,CRYZL1,1,0.09595375723,0.0625,0.4977511244,8.816684634,mid,False
ENSG00000227082_LINC02798,LINC02798,1,0.09595375723,0.0625,0.4977511244,3.812357772,mid,False
ENSG00000234390_USP27X-AS1,USP27X-AS1,1,0.09595375723,0.0625,0.4977511244,3.721732916,mid,False
ENSG00000239523_MYLK-AS1,MYLK-AS1,1,0.09595375723,0.0625,0.4977511244,7.451943748,mid,False
ENSG00000260193_LINC02846,LINC02846,1,0.09595375723,0.0625,0.4977511244,3.084166687,mid,False
ENSG00000260287_TBC1D3G,TBC1D3G,1,0.09595375723,0.0625,0.4977511244,4.544210109,mid,False
ENSG00000271746_AL031848.2,AL031848.2,1,0.09595375723,0.0625,0.4977511244,1.803304819,tail,False
ENSG00000274265_AC245297.3,AC245297.3,1,0.09595375723,0.0625,0.4977511244,8.738265792,mid,False
ENSG00000277383_AC010331.1,AC010331.1,1,0.09595375723,0.0625,0.4977511244,3.643168973,mid,False
ENSG00000140465_CYP1A1,CYP1A1,1,0.09595375723,0.125,0.6097337006,5.321664353,mid,False
ENSG00000012822_CALCOCO1,CALCOCO1,1,0.09595375723,0.125,0.6097337006,10.23735457,mid,False
ENSG00000022976_ZNF839,ZNF839,1,0.09595375723,0.125,0.6097337006,8.172003427,mid,False
ENSG00000046651_OFD1,OFD1,1,0.09595375723,0.125,0.6097337006,10.03145103,mid,False
ENSG00000047578_KIAA0556,KIAA0556,1,0.09595375723,0.125,0.6097337006,9.771751634,mid,False
ENSG00000049192_ADAMTS6,ADAMTS6,1,0.09595375723,0.125,0.6097337006,6.360490627,mid,False
ENSG00000057704_TMCC3,TMCC3,1,0.09595375723,0.125,0.6097337006,6.680988581,mid,False
ENSG00000060339_CCAR1,CCAR1,1,0.09595375723,0.125,0.6097337006,11.37902415,mid,False
ENSG00000083535_PIBF1,PIBF1,1,0.09595375723,0.125,0.6097337006,9.115069663,mid,False
ENSG00000101639_CEP192,CEP192,1,0.09595375723,0.125,0.6097337006,10.60387297,mid,False
ENSG00000102699_PARP4,PARP4,1,0.09595375723,0.125,0.6097337006,11.62001941,head,False
ENSG00000104133_SPG11,SPG11,1,0.09595375723,0.125,0.6097337006,11.09061448,mid,False
ENSG00000107742_SPOCK2,SPOCK2,1,0.09595375723,0.125,0.6097337006,5.313793925,mid,False
ENSG00000108599_AKAP10,AKAP10,1,0.09595375723,0.125,0.6097337006,9.622095657,mid,False
ENSG00000108799_EZH1,EZH1,1,0.09595375723,0.125,0.6097337006,9.25564576,mid,False
ENSG00000115020_PIKFYVE,PIKFYVE,1,0.09595375723,0.125,0.6097337006,10.62642295,mid,False
ENSG00000120549_KIAA1217,KIAA1217,1,0.09595375723,0.125,0.6097337006,11.15933743,mid,False
ENSG00000122417_ODF2L,ODF2L,1,0.09595375723,0.125,0.6097337006,8.931111485,mid,False
ENSG00000135315_CEP162,CEP162,1,0.09595375723,0.125,0.6097337006,8.030102804,mid,False
ENSG00000137776_SLTM,SLTM,1,0.09595375723,0.125,0.6097337006,10.98083327,mid,False
ENSG00000137817_PARP6,PARP6,1,0.09595375723,0.125,0.6097337006,9.671381691,mid,False
ENSG00000141013_GAS8,GAS8,1,0.09595375723,0.125,0.6097337006,8.898633583,mid,False
ENSG00000143093_STRIP1,STRIP1,1,0.09595375723,0.125,0.6097337006,9.957459508,mid,False
ENSG00000143624_INTS3,INTS3,1,0.09595375723,0.125,0.6097337006,10.94906737,mid,False
ENSG00000145022_TCTA,TCTA,1,0.09595375723,0.125,0.6097337006,8.429982581,mid,False
ENSG00000145241_CENPC,CENPC,1,0.09595375723,0.125,0.6097337006,9.220206292,mid,False
ENSG00000147050_KDM6A,KDM6A,1,0.09595375723,0.125,0.6097337006,9.6862448,mid,False
ENSG00000147133_TAF1,TAF1,1,0.09595375723,0.125,0.6097337006,10.29064587,mid,False
ENSG00000149582_TMEM25,TMEM25,1,0.09595375723,0.125,0.6097337006,1.744027245,tail,False
ENSG00000157426_AASDH,AASDH,1,0.09595375723,0.125,0.6097337006,8.543385699,mid,False
ENSG00000165113_GKAP1,GKAP1,1,0.09595375723,0.125,0.6097337006,6.020282369,mid,False
ENSG00000167257_RNF214,RNF214,1,0.09595375723,0.125,0.6097337006,9.300830364,mid,False
ENSG00000169062_UPF3A,UPF3A,1,0.09595375723,0.125,0.6097337006,9.373634773,mid,False
ENSG00000170835_CEL,CEL,1,0.09595375723,0.125,0.6097337006,3.484091907,mid,False
ENSG00000171723_GPHN,GPHN,1,0.09595375723,0.125,0.6097337006,9.486218782,mid,False
ENSG00000177200_CHD9,CHD9,1,0.09595375723,0.125,0.6097337006,11.67817588,head,False
ENSG00000178385_PLEKHM3,PLEKHM3,1,0.09595375723,0.125,0.6097337006,8.69551475,mid,False
ENSG00000180881_CAPS2,CAPS2,1,0.09595375723,0.125,0.6097337006,5.820133598,mid,False
ENSG00000181404_WASHC1,WASHC1,1,0.09595375723,0.125,0.6097337006,8.366045046,mid,False
ENSG00000181804_SLC9A9,SLC9A9,1,0.09595375723,0.125,0.6097337006,5.440756887,mid,False
ENSG00000182902_SLC25A18,SLC25A18,1,0.09595375723,0.125,0.6097337006,5.437060711,mid,False
ENSG00000185736_ADARB2,ADARB2,1,0.09595375723,0.125,0.6097337006,6.923910528,mid,False
ENSG00000197816_CCDC180,CCDC180,1,0.09595375723,0.125,0.6097337006,6.671101766,mid,False
ENSG00000214860_EVPLL,EVPLL,1,0.09595375723,0.125,0.6097337006,6.083056792,mid,False
ENSG00000221817_PPP3CB-AS1,PPP3CB-AS1,1,0.09595375723,0.125,0.6097337006,6.383394949,mid,False
ENSG00000235703_LINC00894,LINC00894,1,0.09595375723,0.125,0.6097337006,6.398732119,mid,False
ENSG00000243004_AC005062.1,AC005062.1,1,0.09595375723,0.125,0.6097337006,3.899677304,mid,False
ENSG00000250486_FAM218A,FAM218A,1,0.09595375723,0.125,0.6097337006,5.878754351,mid,False
ENSG00000259287_AC010809.1,AC010809.1,1,0.09595375723,0.125,0.6097337006,3.195821273,mid,False
ENSG00000267100_ILF3-DT,ILF3-DT,1,0.09595375723,0.125,0.6097337006,7.265355049,mid,False
ENSG00000268670_AC016586.1,AC016586.1,1,0.09595375723,0.125,0.6097337006,4.334233455,mid,False
ENSG00000272030_AL162258.2,AL162258.2,1,0.09595375723,0.125,0.6097337006,4.463227315,mid,False
ENSG00000100867_DHRS2,DHRS2,1,0.0984932289,0.125,0.6097337006,1.669827134,tail,False
ENSG00000001084_GCLC,GCLC,1,0.09595375723,0.1875,0.7407564811,11.83843905,head,False
ENSG00000004799_PDK4,PDK4,1,0.09595375723,0.1875,0.7407564811,10.20916789,mid,False
ENSG00000006747_SCIN,SCIN,1,0.09595375723,0.1875,0.7407564811,4.991921745,mid,False
ENSG00000026652_AGPAT4,AGPAT4,1,0.09595375723,0.1875,0.7407564811,8.310069481,mid,False
ENSG00000028203_VEZT,VEZT,1,0.09595375723,0.1875,0.7407564811,10.74542951,mid,False
ENSG00000038427_VCAN,VCAN,1,0.09595375723,0.1875,0.7407564811,6.862712743,mid,False
ENSG00000044459_CNTLN,CNTLN,1,0.09595375723,0.1875,0.7407564811,8.515549556,mid,False
ENSG00000065029_ZNF76,ZNF76,1,0.09595375723,0.1875,0.7407564811,9.073569367,mid,False
ENSG00000075568_TMEM131,TMEM131,1,0.09595375723,0.1875,0.7407564811,10.83298768,mid,False
ENSG00000082068_WDR70,WDR70,1,0.09595375723,0.1875,0.7407564811,9.408178118,mid,False
ENSG00000084731_KIF3C,KIF3C,1,0.09595375723,0.1875,0.7407564811,6.067165255,mid,False
ENSG00000085465_OVGP1,OVGP1,1,0.09595375723,0.1875,0.7407564811,7.047812799,mid,False
ENSG00000099290_WASHC2A,WASHC2A,1,0.09595375723,0.1875,0.7407564811,10.54487869,mid,False
ENSG00000100197_CYP2D6,CYP2D6,1,0.09595375723,0.1875,0.7407564811,4.035020132,mid,False
ENSG00000107890_ANKRD26,ANKRD26,1,0.09595375723,0.1875,0.7407564811,9.314195813,mid,False
ENSG00000108602_ALDH3A1,ALDH3A1,1,0.09595375723,0.1875,0.7407564811,9.303466161,mid,False
ENSG00000110274_CEP164,CEP164,1,0.09595375723,0.1875,0.7407564811,9.769042292,mid,False
ENSG00000111215_PRR4,PRR4,1,0.09595375723,0.1875,0.7407564811,4.539428823,mid,False
ENSG00000112282_MED23,MED23,1,0.09595375723,0.1875,0.7407564811,10.09934437,mid,False
ENSG00000122484_RPAP2,RPAP2,1,0.09595375723,0.1875,0.7407564811,10.20753786,mid,False
ENSG00000123066_MED13L,MED13L,1,0.09595375723,0.1875,0.7407564811,11.40734954,mid,False
ENSG00000123636_BAZ2B,BAZ2B,1,0.09595375723,0.1875,0.7407564811,10.63188587,mid,False
ENSG00000124215_CDH26,CDH26,1,0.09595375723,0.1875,0.7407564811,4.24735286,mid,False
ENSG00000125735_TNFSF14,TNFSF14,1,0.09595375723,0.1875,0.7407564811,7.348057195,mid,False
ENSG00000130775_THEMIS2,THEMIS2,1,0.09595375723,0.1875,0.7407564811,7.3666003,mid,False
ENSG00000132950_ZMYM5,ZMYM5,1,0.09595375723,0.1875,0.7407564811,8.045123799,mid,False
ENSG00000133401_PDZD2,PDZD2,1,0.09595375723,0.1875,0.7407564811,10.27838211,mid,False
ENSG00000133884_DPF2,DPF2,1,0.09595375723,0.1875,0.7407564811,9.666948324,mid,False
ENSG00000138688_KIAA1109,KIAA1109,1,0.09595375723,0.1875,0.7407564811,12.15684112,head,False
ENSG00000139631_CSAD,CSAD,1,0.09595375723,0.1875,0.7407564811,7.23693115,mid,False
ENSG00000140950_MEAK7,MEAK7,1,0.09595375723,0.1875,0.7407564811,10.87724228,mid,False
ENSG00000143776_CDC42BPA,CDC42BPA,1,0.09595375723,0.1875,0.7407564811,11.52759209,head,False
ENSG00000154262_ABCA6,ABCA6,1,0.09595375723,0.1875,0.7407564811,5.18011989,mid,False
ENSG00000156650_KAT6B,KAT6B,1,0.09595375723,0.1875,0.7407564811,10.59838516,mid,False
ENSG00000160271_RALGDS,RALGDS,1,0.09595375723,0.1875,0.7407564811,10.18226744,mid,False
ENSG00000163516_ANKZF1,ANKZF1,1,0.09595375723,0.1875,0.7407564811,10.07666635,mid,False
ENSG00000163625_WDFY3,WDFY3,1,0.09595375723,0.1875,0.7407564811,11.32982611,mid,False
ENSG00000163867_ZMYM6,ZMYM6,1,0.09595375723,0.1875,0.7407564811,9.231668617,mid,False
ENSG00000163913_IFT122,IFT122,1,0.09595375723,0.1875,0.7407564811,9.653539724,mid,False
ENSG00000164989_CCDC171,CCDC171,1,0.09595375723,0.1875,0.7407564811,5.908775223,mid,False
ENSG00000165868_HSPA12A,HSPA12A,1,0.09595375723,0.1875,0.7407564811,9.891262531,mid,False
ENSG00000166268_MYRFL,MYRFL,1,0.09595375723,0.1875,0.7407564811,3.400830183,mid,False
ENSG00000166510_CCDC68,CCDC68,1,0.09595375723,0.1875,0.7407564811,6.178273732,mid,False
ENSG00000166828_SCNN1G,SCNN1G,1,0.09595375723,0.1875,0.7407564811,11.50659488,head,False
ENSG00000168916_ZNF608,ZNF608,1,0.09595375723,0.1875,0.7407564811,9.834469512,mid,False
ENSG00000169231_THBS3,THBS3,1,0.09595375723,0.1875,0.7407564811,7.799737011,mid,False
ENSG00000171634_BPTF,BPTF,1,0.09595375723,0.1875,0.7407564811,11.99467728,head,False
ENSG00000172869_DMXL1,DMXL1,1,0.09595375723,0.1875,0.7407564811,11.18728559,mid,False
ENSG00000182185_RAD51B,RAD51B,1,0.09595375723,0.1875,0.7407564811,6.827467848,mid,False
ENSG00000184441_AP001062.1,AP001062.1,1,0.09595375723,0.1875,0.7407564811,5.995473401,mid,False
ENSG00000184677_ZBTB40,ZBTB40,1,0.09595375723,0.1875,0.7407564811,9.497074956,mid,False
ENSG00000186399_GOLGA8R,GOLGA8R,1,0.09595375723,0.1875,0.7407564811,3.259005018,mid,False
ENSG00000186529_CYP4F3,CYP4F3,1,0.09595375723,0.1875,0.7407564811,9.242022205,mid,False
ENSG00000186952_TMEM232,TMEM232,1,0.09595375723,0.1875,0.7407564811,2.215395977,mid,False
ENSG00000198919_DZIP3,DZIP3,1,0.09595375723,0.1875,0.7407564811,7.78141104,mid,False
ENSG00000198929_NOS1AP,NOS1AP,1,0.09595375723,0.1875,0.7407564811,6.492038495,mid,False
ENSG00000204304_PBX2,PBX2,1,0.09595375723,0.1875,0.7407564811,10.21746044,mid,False
ENSG00000213658_LAT,LAT,1,0.09595375723,0.1875,0.7407564811,4.737123819,mid,False
ENSG00000214944_ARHGEF28,ARHGEF28,1,0.09595375723,0.1875,0.7407564811,10.41216158,mid,False
ENSG00000226029_LINC01772,LINC01772,1,0.09595375723,0.1875,0.7407564811,4.870091167,mid,False
ENSG00000227400_AC012501.2,AC012501.2,1,0.09595375723,0.1875,0.7407564811,4.108292712,mid,False
ENSG00000228172_AL020996.1,AL020996.1,1,0.09595375723,0.1875,0.7407564811,4.482508369,mid,False
ENSG00000231187_AL356056.2,AL356056.2,1,0.09595375723,0.1875,0.7407564811,7.053982514,mid,False
ENSG00000232586_KIAA1614-AS1,KIAA1614-AS1,1,0.09595375723,0.1875,0.7407564811,3.474824473,mid,False
ENSG00000236017_ASMTL-AS1,ASMTL-AS1,1,0.09595375723,0.1875,0.7407564811,4.311853926,mid,False
ENSG00000236754_AC007666.1,AC007666.1,1,0.09595375723,0.1875,0.7407564811,1.608889092,tail,False
ENSG00000248429_FAM198B-AS1,FAM198B-AS1,1,0.09595375723,0.1875,0.7407564811,7.735508606,mid,False
ENSG00000258643_BCL2L2-PABPN1,BCL2L2-PABPN1,1,0.09595375723,0.1875,0.7407564811,6.491799856,mid,False
ENSG00000261663_AC009065.8,AC009065.8,1,0.09595375723,0.1875,0.7407564811,1.632373643,tail,False
ENSG00000269514_AC024257.3,AC024257.3,1,0.09595375723,0.1875,0.7407564811,4.438303038,mid,False
ENSG00000271936_AC012073.1,AC012073.1,1,0.09595375723,0.1875,0.7407564811,5.05376969,mid,False
ENSG00000272573_MUSTN1,MUSTN1,1,0.09595375723,0.1875,0.7407564811,2.932253022,mid,False
ENSG00000276997_AL513314.2,AL513314.2,1,0.09595375723,0.1875,0.7407564811,3.867513876,mid,False
ENSG00000278299_TBC1D3C,TBC1D3C,1,0.09595375723,0.1875,0.7407564811,4.837475867,mid,False
ENSG00000281183_NPTN-IT1,NPTN-IT1,1,0.09595375723,0.1875,0.7407564811,6.870116821,mid,False
ENSG00000284830_AL049557.1,AL049557.1,1,0.09595375723,0.1875,0.7407564811,2.899047478,mid,False
ENSG00000285820_AL157829.1,AL157829.1,1,0.09595375723,0.1875,0.7407564811,5.55071882,mid,False
ENSG00000286133_AC093817.2,AC093817.2,1,0.09595375723,0.1875,0.7407564811,3.484663964,mid,False
ENSG00000287200_AC022506.2,AC022506.2,1,0.09595375723,0.1875,0.7407564811,3.429837845,mid,False
ENSG00000004777_ARHGAP33,ARHGAP33,1,0.09595375723,0.25,0.7996788438,4.962593409,mid,False
ENSG00000005339_CREBBP,CREBBP,1,0.09595375723,0.25,0.7996788438,11.5576769,head,False
ENSG00000007341_ST7L,ST7L,1,0.09595375723,0.25,0.7996788438,8.336214572,mid,False
ENSG00000008869_HEATR5B,HEATR5B,1,0.09595375723,0.25,0.7996788438,10.48457431,mid,False
ENSG00000051825_MPHOSPH9,MPHOSPH9,1,0.09595375723,0.25,0.7996788438,9.290388779,mid,False
ENSG00000056277_ZNF280C,ZNF280C,1,0.09595375723,0.25,0.7996788438,7.640021398,mid,False
ENSG00000058453_CROCC,CROCC,1,0.09595375723,0.25,0.7996788438,7.625443302,mid,False
ENSG00000064601_CTSA,CTSA,1,0.09595375723,0.25,0.7996788438,11.00527723,mid,False
ENSG00000067365_METTL22,METTL22,1,0.09595375723,0.25,0.7996788438,7.925579816,mid,False
ENSG00000068784_SRBD1,SRBD1,1,0.09595375723,0.25,0.7996788438,8.645155939,mid,False
ENSG00000072210_ALDH3A2,ALDH3A2,1,0.09595375723,0.25,0.7996788438,12.56600961,head,False
ENSG00000074966_TXK,TXK,1,0.09595375723,0.25,0.7996788438,2.69187655,mid,False
ENSG00000075292_ZNF638,ZNF638,1,0.09595375723,0.25,0.7996788438,11.988351,head,False
ENSG00000080189_SLC35C2,SLC35C2,1,0.09595375723,0.25,0.7996788438,10.10498659,mid,False
ENSG00000083896_YTHDC1,YTHDC1,1,0.09595375723,0.25,0.7996788438,10.73489265,mid,False
ENSG00000084110_HAL,HAL,1,0.09595375723,0.25,0.7996788438,4.126404654,mid,False
ENSG00000085982_USP40,USP40,1,0.09595375723,0.25,0.7996788438,10.45302976,mid,False
ENSG00000086758_HUWE1,HUWE1,1,0.09595375723,0.25,0.7996788438,14.08042721,head,False
ENSG00000092529_CAPN3,CAPN3,1,0.09595375723,0.25,0.7996788438,5.778485135,mid,False
ENSG00000093217_XYLB,XYLB,1,0.09595375723,0.25,0.7996788438,8.148979521,mid,False
ENSG00000100099_HPS4,HPS4,1,0.09595375723,0.25,0.7996788438,9.914788314,mid,False
ENSG00000100150_DEPDC5,DEPDC5,1,0.09595375723,0.25,0.7996788438,9.216063491,mid,False
ENSG00000100393_EP300,EP300,1,0.09595375723,0.25,0.7996788438,11.95357972,head,False
ENSG00000101040_ZMYND8,ZMYND8,1,0.09595375723,0.25,0.7996788438,9.812119506,mid,False
ENSG00000102003_SYP,SYP,1,0.09595375723,0.25,0.7996788438,3.543134212,mid,False
ENSG00000103051_COG4,COG4,1,0.09595375723,0.25,0.7996788438,10.06323092,mid,False
ENSG00000107317_PTGDS,PTGDS,1,0.09595375723,0.25,0.7996788438,2.643745365,mid,False
ENSG00000107954_NEURL1,NEURL1,1,0.09595375723,0.25,0.7996788438,8.112284048,mid,False
ENSG00000108175_ZMIZ1,ZMIZ1,1,0.09595375723,0.25,0.7996788438,11.68515434,head,False
ENSG00000108669_CYTH1,CYTH1,1,0.09595375723,0.25,0.7996788438,9.749205794,mid,False
ENSG00000109193_SULT1E1,SULT1E1,1,0.09595375723,0.25,0.7996788438,9.730884746,mid,False
ENSG00000113971_NPHP3,NPHP3,1,0.09595375723,0.25,0.7996788438,8.131099844,mid,False
ENSG00000115282_TTC31,TTC31,1,0.09595375723,0.25,0.7996788438,8.6422737,mid,False
ENSG00000115355_CCDC88A,CCDC88A,1,0.09595375723,0.25,0.7996788438,10.84215707,mid,False
ENSG00000115970_THADA,THADA,1,0.09595375723,0.25,0.7996788438,10.75937188,mid,False
ENSG00000116668_SWT1,SWT1,1,0.09595375723,0.25,0.7996788438,6.904059937,mid,False
ENSG00000118263_KLF7,KLF7,1,0.09595375723,0.25,0.7996788438,8.86780628,mid,False
ENSG00000118515_SGK1,SGK1,1,0.09595375723,0.25,0.7996788438,10.47751874,mid,False
ENSG00000118557_PMFBP1,PMFBP1,1,0.09595375723,0.25,0.7996788438,3.784544253,mid,False
ENSG00000120708_TGFBI,TGFBI,1,0.09595375723,0.25,0.7996788438,10.19205813,mid,False
ENSG00000121671_CRY2,CRY2,1,0.09595375723,0.25,0.7996788438,7.911120079,mid,False
ENSG00000122386_ZNF205,ZNF205,1,0.09595375723,0.25,0.7996788438,8.335294985,mid,False
ENSG00000123607_TTC21B,TTC21B,1,0.09595375723,0.25,0.7996788438,8.843191165,mid,False
ENSG00000124151_NCOA3,NCOA3,1,0.09595375723,0.25,0.7996788438,11.90729025,head,False
ENSG00000130856_ZNF236,ZNF236,1,0.09595375723,0.25,0.7996788438,9.451207299,mid,False
ENSG00000132478_UNK,UNK,1,0.09595375723,0.25,0.7996788438,9.074692574,mid,False
ENSG00000134222_PSRC1,PSRC1,1,0.09595375723,0.25,0.7996788438,6.61513724,mid,False
ENSG00000135365_PHF21A,PHF21A,1,0.09595375723,0.25,0.7996788438,9.083815232,mid,False
ENSG00000135454_B4GALNT1,B4GALNT1,1,0.09595375723,0.25,0.7996788438,3.084758531,mid,False
ENSG00000135837_CEP350,CEP350,1,0.09595375723,0.25,0.7996788438,11.63593311,head,False
ENSG00000135905_DOCK10,DOCK10,1,0.09595375723,0.25,0.7996788438,3.180880257,mid,False
ENSG00000138375_SMARCAL1,SMARCAL1,1,0.09595375723,0.25,0.7996788438,8.966469707,mid,False
ENSG00000138621_PPCDC,PPCDC,1,0.09595375723,0.25,0.7996788438,6.911221411,mid,False
ENSG00000138640_FAM13A,FAM13A,1,0.09595375723,0.25,0.7996788438,10.42134093,mid,False
ENSG00000143669_LYST,LYST,1,0.09595375723,0.25,0.7996788438,10.50567976,mid,False
ENSG00000144426_NBEAL1,NBEAL1,1,0.09595375723,0.25,0.7996788438,10.84223135,mid,False
ENSG00000144671_SLC22A14,SLC22A14,1,0.09595375723,0.25,0.7996788438,2.674720636,mid,False
ENSG00000147174_GCNA,GCNA,1,0.09595375723,0.25,0.7996788438,5.435591636,mid,False
ENSG00000147421_HMBOX1,HMBOX1,1,0.09595375723,0.25,0.7996788438,9.601267785,mid,False
ENSG00000148219_ASTN2,ASTN2,1,0.09595375723,0.25,0.7996788438,6.709348009,mid,False
ENSG00000148337_CIZ1,CIZ1,1,0.09595375723,0.25,0.7996788438,11.41791635,mid,False
ENSG00000151208_DLG5,DLG5,1,0.09595375723,0.25,0.7996788438,13.99913196,head,False
ENSG00000151632_AKR1C2,AKR1C2,1,0.09595375723,0.25,0.7996788438,13.62569578,head,False
ENSG00000152104_PTPN14,PTPN14,1,0.09595375723,0.25,0.7996788438,12.29549093,head,False
ENSG00000154265_ABCA5,ABCA5,1,0.09595375723,0.25,0.7996788438,8.76416559,mid,False
ENSG00000155530_LRGUK,LRGUK,1,0.09595375723,0.25,0.7996788438,3.19420334,mid,False
ENSG00000157322_CLEC18A,CLEC18A,1,0.09595375723,0.25,0.7996788438,4.145557571,mid,False
ENSG00000158055_GRHL3,GRHL3,1,0.09595375723,0.25,0.7996788438,7.653997698,mid,False
ENSG00000159917_ZNF235,ZNF235,1,0.09595375723,0.25,0.7996788438,6.878134526,mid,False
ENSG00000160584_SIK3,SIK3,1,0.09595375723,0.25,0.7996788438,10.05655899,mid,False
ENSG00000163611_SPICE1,SPICE1,1,0.09595375723,0.25,0.7996788438,9.148112264,mid,False
ENSG00000163697_APBB2,APBB2,1,0.09595375723,0.25,0.7996788438,11.43772673,mid,False
ENSG00000163810_TGM4,TGM4,1,0.09595375723,0.25,0.7996788438,5.395727774,mid,False
ENSG00000165548_TMEM63C,TMEM63C,1,0.09595375723,0.25,0.7996788438,9.339835279,mid,False
ENSG00000166825_ANPEP,ANPEP,1,0.09595375723,0.25,0.7996788438,14.66204516,head,False
ENSG00000166938_DIS3L,DIS3L,1,0.09595375723,0.25,0.7996788438,10.4582146,mid,False
ENSG00000168014_C2CD3,C2CD3,1,0.09595375723,0.25,0.7996788438,9.862039946,mid,False
ENSG00000169155_ZBTB43,ZBTB43,1,0.09595375723,0.25,0.7996788438,9.842879316,mid,False
ENSG00000171790_SLFNL1,SLFNL1,1,0.09595375723,0.25,0.7996788438,3.359345613,mid,False
ENSG00000172273_HINFP,HINFP,1,0.09595375723,0.25,0.7996788438,8.635670796,mid,False
ENSG00000172493_AFF1,AFF1,1,0.09595375723,0.25,0.7996788438,11.54949958,head,False
ENSG00000172650_AGAP5,AGAP5,1,0.09595375723,0.25,0.7996788438,6.696893289,mid,False
ENSG00000174231_PRPF8,PRPF8,1,0.09595375723,0.25,0.7996788438,13.6206163,head,False
ENSG00000174799_CEP135,CEP135,1,0.09595375723,0.25,0.7996788438,7.839846789,mid,False
ENSG00000176912_TYMSOS,TYMSOS,1,0.09595375723,0.25,0.7996788438,5.100059696,mid,False
ENSG00000178878_APOLD1,APOLD1,1,0.09595375723,0.25,0.7996788438,7.449755133,mid,False
ENSG00000183671_GPR1,GPR1,1,0.09595375723,0.25,0.7996788438,7.357981049,mid,False
ENSG00000184634_MED12,MED12,1,0.09595375723,0.25,0.7996788438,10.27474497,mid,False
ENSG00000186204_CYP4F12,CYP4F12,1,0.09595375723,0.25,0.7996788438,9.358911546,mid,False
ENSG00000187187_ZNF546,ZNF546,1,0.09595375723,0.25,0.7996788438,6.555050525,mid,False
ENSG00000196091_MYBPC1,MYBPC1,1,0.09595375723,0.25,0.7996788438,5.870487571,mid,False
ENSG00000197978_GOLGA6L9,GOLGA6L9,1,0.09595375723,0.25,0.7996788438,7.415051335,mid,False
ENSG00000198276_UCKL1,UCKL1,1,0.09595375723,0.25,0.7996788438,8.931791667,mid,False
ENSG00000205085_FAM71F2,FAM71F2,1,0.09595375723,0.25,0.7996788438,4.588617702,mid,False
ENSG00000213347_MXD3,MXD3,1,0.09595375723,0.25,0.7996788438,6.804798655,mid,False
ENSG00000213928_IRF9,IRF9,1,0.09595375723,0.25,0.7996788438,7.537802005,mid,False
ENSG00000213983_AP1G2,AP1G2,1,0.09595375723,0.25,0.7996788438,10.92403533,mid,False
ENSG00000214013_GANC,GANC,1,0.09595375723,0.25,0.7996788438,9.362564867,mid,False
ENSG00000223960_CHROMR,CHROMR,1,0.09595375723,0.25,0.7996788438,7.66923263,mid,False
ENSG00000225269_LINC00705,LINC00705,1,0.09595375723,0.25,0.7996788438,3.852757083,mid,False
ENSG00000226824_AC006001.2,AC006001.2,1,0.09595375723,0.25,0.7996788438,5.103727712,mid,False
ENSG00000229043_AC091729.3,AC091729.3,1,0.09595375723,0.25,0.7996788438,6.309600252,mid,False
ENSG00000232284_GNG12-AS1,GNG12-AS1,1,0.09595375723,0.25,0.7996788438,2.711507182,mid,False
ENSG00000232300_FAM215B,FAM215B,1,0.09595375723,0.25,0.7996788438,4.674086983,mid,False
ENSG00000240207_AC080013.1,AC080013.1,1,0.09595375723,0.25,0.7996788438,8.47453739,mid,False
ENSG00000243710_CFAP57,CFAP57,1,0.09595375723,0.25,0.7996788438,3.224343078,mid,False
ENSG00000245248_USP2-AS1,USP2-AS1,1,0.09595375723,0.25,0.7996788438,6.281960194,mid,False
ENSG00000249279_LINC02057,LINC02057,1,0.09595375723,0.25,0.7996788438,2.882021648,mid,False
ENSG00000259426_AC027237.3,AC027237.3,1,0.09595375723,0.25,0.7996788438,4.325126858,mid,False
ENSG00000261093_AC141586.3,AC141586.3,1,0.09595375723,0.25,0.7996788438,1.472875892,tail,False
ENSG00000261118_AC092123.1,AC092123.1,1,0.09595375723,0.25,0.7996788438,2.614178034,mid,False
ENSG00000261490_AC005674.2,AC005674.2,1,0.09595375723,0.25,0.7996788438,5.216751576,mid,False
ENSG00000261737_AL049597.2,AL049597.2,1,0.09595375723,0.25,0.7996788438,3.867683901,mid,False
ENSG00000262312_AC004494.1,AC004494.1,1,0.09595375723,0.25,0.7996788438,2.643745365,mid,False
ENSG00000266844_AC093330.1,AC093330.1,1,0.09595375723,0.25,0.7996788438,1.747836764,tail,False
ENSG00000269937_AC093525.7,AC093525.7,1,0.09595375723,0.25,0.7996788438,7.222162244,mid,False
ENSG00000272462_U91328.1,U91328.1,1,0.09595375723,0.25,0.7996788438,6.320772053,mid,False
ENSG00000272734_ADIRF-AS1,ADIRF-AS1,1,0.09595375723,0.25,0.7996788438,5.961272691,mid,False
ENSG00000274512_TBC1D3L,TBC1D3L,1,0.09595375723,0.25,0.7996788438,7.565071164,mid,False
ENSG00000277476_AC005332.5,AC005332.5,1,0.09595375723,0.25,0.7996788438,6.710008892,mid,False
ENSG00000284968_AC093827.4,AC093827.4,1,0.09595375723,0.25,0.7996788438,5.482918576,mid,False
ENSG00000285331_AC090517.5,AC090517.5,1,0.09595375723,0.25,0.7996788438,6.503943203,mid,False
ENSG00000285437_POLR2J3,POLR2J3,1,0.09595375723,0.25,0.7996788438,9.073924349,mid,False
ENSG00000258199_AC073896.4,AC073896.4,1,0.09595375723,0.28125,0.8907828283,2.182587268,tail,False
ENSG00000006025_OSBPL7,OSBPL7,1,0.09595375723,0.3125,0.8907828283,9.068816306,mid,False
ENSG00000049759_NEDD4L,NEDD4L,1,0.09595375723,0.3125,0.8907828283,12.44121153,head,False
ENSG00000068354_TBC1D25,TBC1D25,1,0.09595375723,0.3125,0.8907828283,8.706612001,mid,False
ENSG00000068400_GRIPAP1,GRIPAP1,1,0.09595375723,0.3125,0.8907828283,8.870058486,mid,False
ENSG00000076924_XAB2,XAB2,1,0.09595375723,0.3125,0.8907828283,10.34270817,mid,False
ENSG00000077264_PAK3,PAK3,1,0.09595375723,0.3125,0.8907828283,5.126929503,mid,False
ENSG00000079974_RABL2B,RABL2B,1,0.09595375723,0.3125,0.8907828283,9.033561138,mid,False
ENSG00000080845_DLGAP4,DLGAP4,1,0.09595375723,0.3125,0.8907828283,10.05227756,mid,False
ENSG00000087245_MMP2,MMP2,1,0.09595375723,0.3125,0.8907828283,7.185033538,mid,False
ENSG00000089692_LAG3,LAG3,1,0.09595375723,0.3125,0.8907828283,2.517875053,mid,False
ENSG00000091428_RAPGEF4,RAPGEF4,1,0.09595375723,0.3125,0.8907828283,2.290951251,mid,False
ENSG00000099326_MZF1,MZF1,1,0.09595375723,0.3125,0.8907828283,9.182287953,mid,False
ENSG00000099866_MADCAM1,MADCAM1,1,0.09595375723,0.3125,0.8907828283,3.101416594,mid,False
ENSG00000100023_PPIL2,PPIL2,1,0.09595375723,0.3125,0.8907828283,10.16784527,mid,False
ENSG00000100577_GSTZ1,GSTZ1,1,0.09595375723,0.3125,0.8907828283,8.974354916,mid,False
ENSG00000100650_SRSF5,SRSF5,1,0.09595375723,0.3125,0.8907828283,11.99380752,head,False
ENSG00000103148_NPRL3,NPRL3,1,0.09595375723,0.3125,0.8907828283,9.787916355,mid,False
ENSG00000105270_CLIP3,CLIP3,1,0.09595375723,0.3125,0.8907828283,3.173524382,mid,False
ENSG00000105376_ICAM5,ICAM5,1,0.09595375723,0.3125,0.8907828283,5.985324508,mid,False
ENSG00000110844_PRPF40B,PRPF40B,1,0.09595375723,0.3125,0.8907828283,8.376708996,mid,False
ENSG00000114423_CBLB,CBLB,1,0.09595375723,0.3125,0.8907828283,10.07955071,mid,False
ENSG00000115170_ACVR1,ACVR1,1,0.09595375723,0.3125,0.8907828283,9.077984439,mid,False
ENSG00000116127_ALMS1,ALMS1,1,0.09595375723,0.3125,0.8907828283,9.885280697,mid,False
ENSG00000116641_DOCK7,DOCK7,1,0.09595375723,0.3125,0.8907828283,10.98173931,mid,False
ENSG00000117298_ECE1,ECE1,1,0.09595375723,0.3125,0.8907828283,10.69470201,mid,False
ENSG00000119737_GPR75,GPR75,1,0.09595375723,0.3125,0.8907828283,5.988648061,mid,False
ENSG00000127993_RBM48,RBM48,1,0.09595375723,0.3125,0.8907828283,8.358113591,mid,False
ENSG00000133121_STARD13,STARD13,1,0.09595375723,0.3125,0.8907828283,10.61510829,mid,False
ENSG00000135473_PAN2,PAN2,1,0.09595375723,0.3125,0.8907828283,9.637762517,mid,False
ENSG00000137145_DENND4C,DENND4C,1,0.09595375723,0.3125,0.8907828283,11.33379835,mid,False
ENSG00000138002_IFT172,IFT172,1,0.09595375723,0.3125,0.8907828283,8.917955503,mid,False
ENSG00000138172_CALHM2,CALHM2,1,0.09595375723,0.3125,0.8907828283,8.43238611,mid,False
ENSG00000138835_RGS3,RGS3,1,0.09595375723,0.3125,0.8907828283,9.724538943,mid,False
ENSG00000139182_CLSTN3,CLSTN3,1,0.09595375723,0.3125,0.8907828283,8.509478576,mid,False
ENSG00000139613_SMARCC2,SMARCC2,1,0.09595375723,0.3125,0.8907828283,11.41044213,mid,False
ENSG00000141027_NCOR1,NCOR1,1,0.09595375723,0.3125,0.8907828283,12.09418263,head,False
ENSG00000141577_CEP131,CEP131,1,0.09595375723,0.3125,0.8907828283,8.343061989,mid,False
ENSG00000144040_SFXN5,SFXN5,1,0.09595375723,0.3125,0.8907828283,5.911845303,mid,False
ENSG00000144749_LRIG1,LRIG1,1,0.09595375723,0.3125,0.8907828283,8.471123485,mid,False
ENSG00000145703_IQGAP2,IQGAP2,1,0.09595375723,0.3125,0.8907828283,2.567748117,mid,False
ENSG00000146094_DOK3,DOK3,1,0.09595375723,0.3125,0.8907828283,5.824808232,mid,False
ENSG00000147082_CCNB3,CCNB3,1,0.09595375723,0.3125,0.8907828283,2.417363851,mid,False
ENSG00000154240_CEP112,CEP112,1,0.09595375723,0.3125,0.8907828283,4.522615357,mid,False
ENSG00000154767_XPC,XPC,1,0.09595375723,0.3125,0.8907828283,9.511751106,mid,False
ENSG00000159339_PADI4,PADI4,1,0.09595375723,0.3125,0.8907828283,3.480367112,mid,False
ENSG00000160211_G6PD,G6PD,1,0.09595375723,0.3125,0.8907828283,11.1352275,mid,False
ENSG00000161558_TMEM143,TMEM143,1,0.09595375723,0.3125,0.8907828283,6.67889589,mid,False
ENSG00000162402_USP24,USP24,1,0.09595375723,0.3125,0.8907828283,12.4425619,head,False
ENSG00000162572_SCNN1D,SCNN1D,1,0.09595375723,0.3125,0.8907828283,4.722098399,mid,False
ENSG00000163719_MTMR14,MTMR14,1,0.09595375723,0.3125,0.8907828283,8.943074002,mid,False
ENSG00000167525_PROCA1,PROCA1,1,0.09595375723,0.3125,0.8907828283,4.353607786,mid,False
ENSG00000171680_PLEKHG5,PLEKHG5,1,0.09595375723,0.3125,0.8907828283,5.451815777,mid,False
ENSG00000172888_ZNF621,ZNF621,1,0.09595375723,0.3125,0.8907828283,9.873242704,mid,False
ENSG00000174652_ZNF266,ZNF266,1,0.09595375723,0.3125,0.8907828283,9.227697907,mid,False
ENSG00000175611_LINC00476,LINC00476,1,0.09595375723,0.3125,0.8907828283,7.799721964,mid,False
ENSG00000175772_LINC01106,LINC01106,1,0.09595375723,0.3125,0.8907828283,8.589661167,mid,False
ENSG00000175787_ZNF169,ZNF169,1,0.09595375723,0.3125,0.8907828283,6.571431847,mid,False
ENSG00000177138_FAM9B,FAM9B,1,0.09595375723,0.3125,0.8907828283,1.33995136,tail,False
ENSG00000177943_MAMDC4,MAMDC4,1,0.09595375723,0.3125,0.8907828283,6.649462116,mid,False
ENSG00000178104_PDE4DIP,PDE4DIP,1,0.09595375723,0.3125,0.8907828283,12.06221907,head,False
ENSG00000182585_EPGN,EPGN,1,0.09595375723,0.3125,0.8907828283,9.853193627,mid,False
ENSG00000183020_AP2A2,AP2A2,1,0.09595375723,0.3125,0.8907828283,10.86138562,mid,False
ENSG00000183091_NEB,NEB,1,0.09595375723,0.3125,0.8907828283,3.06322667,mid,False
ENSG00000183914_DNAH2,DNAH2,1,0.09595375723,0.3125,0.8907828283,5.023120211,mid,False
ENSG00000185158_LRRC37B,LRRC37B,1,0.09595375723,0.3125,0.8907828283,6.935035174,mid,False
ENSG00000185442_FAM174B,FAM174B,1,0.09595375723,0.3125,0.8907828283,3.396950731,mid,False
ENSG00000185946_RNPC3,RNPC3,1,0.09595375723,0.3125,0.8907828283,9.003099085,mid,False
ENSG00000187535_IFT140,IFT140,1,0.09595375723,0.3125,0.8907828283,9.070654319,mid,False
ENSG00000188277_C15orf62,C15orf62,1,0.09595375723,0.3125,0.8907828283,7.013384978,mid,False
ENSG00000188883_KLRG2,KLRG2,1,0.09595375723,0.3125,0.8907828283,5.3182854,mid,False
ENSG00000198556_ZNF789,ZNF789,1,0.09595375723,0.3125,0.8907828283,6.849011524,mid,False
ENSG00000203780_FANK1,FANK1,1,0.09595375723,0.3125,0.8907828283,6.179926934,mid,False
ENSG00000204086_RPA4,RPA4,1,0.09595375723,0.3125,0.8907828283,3.538725579,mid,False
ENSG00000204231_RXRB,RXRB,1,0.09595375723,0.3125,0.8907828283,9.89997673,mid,False
ENSG00000205885_C1RL-AS1,C1RL-AS1,1,0.09595375723,0.3125,0.8907828283,7.715494402,mid,False
ENSG00000206417_H1FX-AS1,H1FX-AS1,1,0.09595375723,0.3125,0.8907828283,3.906862836,mid,False
ENSG00000213199_ASIC3,ASIC3,1,0.09595375723,0.3125,0.8907828283,5.186613733,mid,False
ENSG00000225377_NRSN2-AS1,NRSN2-AS1,1,0.09595375723,0.3125,0.8907828283,6.690416586,mid,False
ENSG00000227070_AC104170.1,AC104170.1,1,0.09595375723,0.3125,0.8907828283,2.196145489,tail,False
ENSG00000228470_AL929236.1,AL929236.1,1,0.09595375723,0.3125,0.8907828283,1.480700913,tail,False
ENSG00000228526_MIR34AHG,MIR34AHG,1,0.09595375723,0.3125,0.8907828283,7.201329251,mid,False
ENSG00000233602_ERI3-IT1,ERI3-IT1,1,0.09595375723,0.3125,0.8907828283,3.031699941,mid,False
ENSG00000234072_AC074117.1,AC074117.1,1,0.09595375723,0.3125,0.8907828283,7.188412333,mid,False
ENSG00000235358_AC093151.3,AC093151.3,1,0.09595375723,0.3125,0.8907828283,2.913133196,mid,False
ENSG00000236871_LINC00106,LINC00106,1,0.09595375723,0.3125,0.8907828283,2.186396186,tail,False
ENSG00000239887_C1orf226,C1orf226,1,0.09595375723,0.3125,0.8907828283,7.730669629,mid,False
ENSG00000240303_ACAD11,ACAD11,1,0.09595375723,0.3125,0.8907828283,8.408279794,mid,False
ENSG00000243701_DUBR,DUBR,1,0.09595375723,0.3125,0.8907828283,8.924920687,mid,False
ENSG00000249437_NAIP,NAIP,1,0.09595375723,0.3125,0.8907828283,7.36902419,mid,False
ENSG00000255031_AP002807.1,AP002807.1,1,0.09595375723,0.3125,0.8907828283,4.072735699,mid,False
ENSG00000260285_AL133367.1,AL133367.1,1,0.09595375723,0.3125,0.8907828283,6.129283817,mid,False
ENSG00000260672_AC100827.4,AC100827.4,1,0.09595375723,0.3125,0.8907828283,2.127753826,tail,False
ENSG00000261008_LINC01572,LINC01572,1,0.09595375723,0.3125,0.8907828283,5.278489867,mid,False
ENSG00000261320_AC009061.1,AC009061.1,1,0.09595375723,0.3125,0.8907828283,4.242478452,mid,False
ENSG00000263069_RNF213-AS1,RNF213-AS1,1,0.09595375723,0.3125,0.8907828283,4.930803462,mid,False
ENSG00000265393_AC084125.4,AC084125.4,1,0.09595375723,0.3125,0.8907828283,4.589572829,mid,False
ENSG00000269900_RMRP,RMRP,1,0.09595375723,0.3125,0.8907828283,17.23549366,head,False
ENSG00000272844_AC074044.1,AC074044.1,1,0.09595375723,0.3125,0.8907828283,2.572591259,mid,False
ENSG00000273151_AC073957.3,AC073957.3,1,0.09595375723,0.3125,0.8907828283,5.702746684,mid,False
ENSG00000274270_AL137060.3,AL137060.3,1,0.09595375723,0.3125,0.8907828283,4.42068128,mid,False
ENSG00000276278_AC048382.6,AC048382.6,1,0.09595375723,0.3125,0.8907828283,2.983056282,mid,False
ENSG00000281530_AC004461.2,AC004461.2,1,0.09595375723,0.3125,0.8907828283,4.30621879,mid,False
ENSG00000285693_AP002381.2,AP002381.2,1,0.09595375723,0.3125,0.8907828283,3.74928625,mid,False
ENSG00000286017_AC011322.1,AC011322.1,1,0.09595375723,0.3125,0.8907828283,1.85562633,tail,False
ENSG00000287214_AC021321.2,AC021321.2,1,0.09595375723,0.3125,0.8907828283,3.071884889,mid,False
ENSG00000175287_PHYHD1,PHYHD1,1,0.0984932289,0.3125,0.8907828283,1.016614696,tail,False
ENSG00000002016_RAD52,RAD52,1,0.09595375723,0.375,0.9757531227,8.085485979,mid,False
ENSG00000006652_IFRD1,IFRD1,1,0.09595375723,0.375,0.9757531227,9.584305225,mid,False
ENSG00000009413_REV3L,REV3L,1,0.09595375723,0.375,0.9757531227,10.59028656,mid,False
ENSG00000019144_PHLDB1,PHLDB1,1,0.09595375723,0.375,0.9757531227,10.47092408,mid,False
ENSG00000023839_ABCC2,ABCC2,1,0.09595375723,0.375,0.9757531227,8.841944429,mid,False
ENSG00000074755_ZZEF1,ZZEF1,1,0.09595375723,0.375,0.9757531227,11.50936028,head,False
ENSG00000076944_STXBP2,STXBP2,1,0.09595375723,0.375,0.9757531227,10.78086466,mid,False
ENSG00000078098_FAP,FAP,1,0.09595375723,0.375,0.9757531227,5.857218275,mid,False
ENSG00000080603_SRCAP,SRCAP,1,0.09595375723,0.375,0.9757531227,12.47645257,head,False
ENSG00000081177_EXD2,EXD2,1,0.09595375723,0.375,0.9757531227,9.913427164,mid,False
ENSG00000087074_PPP1R15A,PPP1R15A,1,0.09595375723,0.375,0.9757531227,8.878570015,mid,False
ENSG00000087088_BAX,BAX,1,0.09595375723,0.375,0.9757531227,10.20381766,mid,False
ENSG00000087206_UIMC1,UIMC1,1,0.09595375723,0.375,0.9757531227,9.084256767,mid,False
ENSG00000088038_CNOT3,CNOT3,1,0.09595375723,0.375,0.9757531227,9.983198146,mid,False
ENSG00000092964_DPYSL2,DPYSL2,1,0.09595375723,0.375,0.9757531227,11.80707129,head,False
ENSG00000094631_HDAC6,HDAC6,1,0.09595375723,0.375,0.9757531227,9.441362204,mid,False
ENSG00000095059_DHPS,DHPS,1,0.09595375723,0.375,0.9757531227,9.785570899,mid,False
ENSG00000100330_MTMR3,MTMR3,1,0.09595375723,0.375,0.9757531227,10.45591482,mid,False
ENSG00000104859_CLASRP,CLASRP,1,0.09595375723,0.375,0.9757531227,9.347043852,mid,False
ENSG00000105131_EPHX3,EPHX3,1,0.09595375723,0.375,0.9757531227,1.68911575,tail,False
ENSG00000105655_ISYNA1,ISYNA1,1,0.09595375723,0.375,0.9757531227,4.28953489,mid,False
ENSG00000110514_MADD,MADD,1,0.09595375723,0.375,0.9757531227,9.987628782,mid,False
ENSG00000110888_CAPRIN2,CAPRIN2,1,0.09595375723,0.375,0.9757531227,8.77600374,mid,False
ENSG00000112701_SENP6,SENP6,1,0.09595375723,0.375,0.9757531227,11.31519427,mid,False
ENSG00000115423_DNAH6,DNAH6,1,0.09595375723,0.375,0.9757531227,2.027408645,tail,False
ENSG00000115459_ELMOD3,ELMOD3,1,0.09595375723,0.375,0.9757531227,8.19380247,mid,False
ENSG00000115504_EHBP1,EHBP1,1,0.09595375723,0.375,0.9757531227,10.91699755,mid,False
ENSG00000118007_STAG1,STAG1,1,0.09595375723,0.375,0.9757531227,10.60977931,mid,False
ENSG00000119688_ABCD4,ABCD4,1,0.09595375723,0.375,0.9757531227,8.640808949,mid,False
ENSG00000120071_KANSL1,KANSL1,1,0.09595375723,0.375,0.9757531227,10.78536574,mid,False
ENSG00000122299_ZC3H7A,ZC3H7A,1,0.09595375723,0.375,0.9757531227,9.932478531,mid,False
ENSG00000122507_BBS9,BBS9,1,0.09595375723,0.375,0.9757531227,7.318580804,mid,False
ENSG00000124104_SNX21,SNX21,1,0.09595375723,0.375,0.9757531227,8.017069722,mid,False
ENSG00000124496_TRERF1,TRERF1,1,0.09595375723,0.375,0.9757531227,10.04410046,mid,False
ENSG00000126870_WDR60,WDR60,1,0.09595375723,0.375,0.9757531227,8.237584191,mid,False
ENSG00000128596_CCDC136,CCDC136,1,0.09595375723,0.375,0.9757531227,3.00459542,mid,False
ENSG00000128805_ARHGAP22,ARHGAP22,1,0.09595375723,0.375,0.9757531227,7.3382646,mid,False
ENSG00000128908_INO80,INO80,1,0.09595375723,0.375,0.9757531227,10.75897416,mid,False
ENSG00000130177_CDC16,CDC16,1,0.09595375723,0.375,0.9757531227,10.63476291,mid,False
ENSG00000132376_INPP5K,INPP5K,1,0.09595375723,0.375,0.9757531227,9.054091548,mid,False
ENSG00000132781_MUTYH,MUTYH,1,0.09595375723,0.375,0.9757531227,7.234327615,mid,False
ENSG00000133466_C1QTNF6,C1QTNF6,1,0.09595375723,0.375,0.9757531227,8.77032335,mid,False
ENSG00000133858_ZFC3H1,ZFC3H1,1,0.09595375723,0.375,0.9757531227,11.43013819,mid,False
ENSG00000134909_ARHGAP32,ARHGAP32,1,0.09595375723,0.375,0.9757531227,11.93573181,head,False
ENSG00000135636_DYSF,DYSF,1,0.09595375723,0.375,0.9757531227,8.170669146,mid,False
ENSG00000135749_PCNX2,PCNX2,1,0.09595375723,0.375,0.9757531227,9.356275798,mid,False
ENSG00000136444_RSAD1,RSAD1,1,0.09595375723,0.375,0.9757531227,9.172861716,mid,False
ENSG00000139636_LMBR1L,LMBR1L,1,0.09595375723,0.375,0.9757531227,7.814936764,mid,False
ENSG00000142599_RERE,RERE,1,0.09595375723,0.375,0.9757531227,9.87260761,mid,False
ENSG00000145868_FBXO38,FBXO38,1,0.09595375723,0.375,0.9757531227,9.992564877,mid,False
ENSG00000147251_DOCK11,DOCK11,1,0.09595375723,0.375,0.9757531227,4.465029601,mid,False
ENSG00000148498_PARD3,PARD3,1,0.09595375723,0.375,0.9757531227,10.8187222,mid,False
ENSG00000148516_ZEB1,ZEB1,1,0.09595375723,0.375,0.9757531227,3.106677177,mid,False
ENSG00000150967_ABCB9,ABCB9,1,0.09595375723,0.375,0.9757531227,7.716212412,mid,False
ENSG00000152404_CWF19L2,CWF19L2,1,0.09595375723,0.375,0.9757531227,8.511087449,mid,False
ENSG00000153558_FBXL2,FBXL2,1,0.09595375723,0.375,0.9757531227,8.377575951,mid,False
ENSG00000154258_ABCA9,ABCA9,1,0.09595375723,0.375,0.9757531227,2.022519041,tail,False
ENSG00000158023_WDR66,WDR66,1,0.09595375723,0.375,0.9757531227,4.491137545,mid,False
ENSG00000160460_SPTBN4,SPTBN4,1,0.09595375723,0.375,0.9757531227,1.69684244,tail,False
ENSG00000161509_GRIN2C,GRIN2C,1,0.09595375723,0.375,0.9757531227,0.9127628835,tail,False
ENSG00000163635_ATXN7,ATXN7,1,0.09595375723,0.375,0.9757531227,9.875640676,mid,False
ENSG00000166436_TRIM66,TRIM66,1,0.09595375723,0.375,0.9757531227,8.293917411,mid,False
ENSG00000171132_PRKCE,PRKCE,1,0.09595375723,0.375,0.9757531227,8.312845509,mid,False
ENSG00000172940_SLC22A13,SLC22A13,1,0.09595375723,0.375,0.9757531227,3.655517204,mid,False
ENSG00000176444_CLK2,CLK2,1,0.09595375723,0.375,0.9757531227,9.609708771,mid,False
ENSG00000177239_MAN1B1,MAN1B1,1,0.09595375723,0.375,0.9757531227,10.47801055,mid,False
ENSG00000179532_DNHD1,DNHD1,1,0.09595375723,0.375,0.9757531227,8.371751586,mid,False
ENSG00000179698_WDR97,WDR97,1,0.09595375723,0.375,0.9757531227,5.459157797,mid,False
ENSG00000182324_KCNJ14,KCNJ14,1,0.09595375723,0.375,0.9757531227,6.557508499,mid,False
ENSG00000182541_LIMK2,LIMK2,1,0.09595375723,0.375,0.9757531227,11.2164709,mid,False
ENSG00000186001_LRCH3,LRCH3,1,0.09595375723,0.375,0.9757531227,9.730963339,mid,False
ENSG00000186815_TPCN1,TPCN1,1,0.09595375723,0.375,0.9757531227,11.20625704,mid,False
ENSG00000187950_OVCH1,OVCH1,1,0.09595375723,0.375,0.9757531227,3.921992486,mid,False
ENSG00000188760_TMEM198,TMEM198,1,0.09595375723,0.375,0.9757531227,5.313213621,mid,False
ENSG00000188859_FAM78B,FAM78B,1,0.09595375723,0.375,0.9757531227,5.049592677,mid,False
ENSG00000189050_RNFT1,RNFT1,1,0.09595375723,0.375,0.9757531227,8.076146983,mid,False
ENSG00000196208_GREB1,GREB1,1,0.09595375723,0.375,0.9757531227,5.305311822,mid,False
ENSG00000196498_NCOR2,NCOR2,1,0.09595375723,0.375,0.9757531227,12.70081582,head,False
ENSG00000197343_ZNF655,ZNF655,1,0.09595375723,0.375,0.9757531227,10.10865876,mid,False
ENSG00000197548_ATG7,ATG7,1,0.09595375723,0.375,0.9757531227,9.115778316,mid,False
ENSG00000198026_ZNF335,ZNF335,1,0.09595375723,0.375,0.9757531227,9.370328399,mid,False
ENSG00000198793_MTOR,MTOR,1,0.09595375723,0.375,0.9757531227,10.68137161,mid,False
ENSG00000204120_GIGYF2,GIGYF2,1,0.09595375723,0.375,0.9757531227,11.52488258,head,False
ENSG00000204175_GPRIN2,GPRIN2,1,0.09595375723,0.375,0.9757531227,3.99853635,mid,False
ENSG00000204176_SYT15,SYT15,1,0.09595375723,0.375,0.9757531227,5.48929285,mid,False
ENSG00000204219_TCEA3,TCEA3,1,0.09595375723,0.375,0.9757531227,3.739668244,mid,False
ENSG00000204843_DCTN1,DCTN1,1,0.09595375723,0.375,0.9757531227,11.46361384,mid,False
ENSG00000213676_ATF6B,ATF6B,1,0.09595375723,0.375,0.9757531227,10.60759165,mid,False
ENSG00000223573_TINCR,TINCR,1,0.09595375723,0.375,0.9757531227,5.017370601,mid,False
ENSG00000225828_FAM229A,FAM229A,1,0.09595375723,0.375,0.9757531227,6.87127108,mid,False
ENSG00000226174_TEX22,TEX22,1,0.09595375723,0.375,0.9757531227,2.938021494,mid,False
ENSG00000228727_SAPCD1,SAPCD1,1,0.09595375723,0.375,0.9757531227,4.391736848,mid,False
ENSG00000230366_DSCR9,DSCR9,1,0.09595375723,0.375,0.9757531227,1.260882903,tail,False
ENSG00000230928_AL139241.1,AL139241.1,1,0.09595375723,0.375,0.9757531227,2.453764412,mid,False
ENSG00000233117_LINC00702,LINC00702,1,0.09595375723,0.375,0.9757531227,3.313615293,mid,False
ENSG00000234129_AC073529.1,AC073529.1,1,0.09595375723,0.375,0.9757531227,4.173826701,mid,False
ENSG00000234776_C11orf94,C11orf94,1,0.09595375723,0.375,0.9757531227,2.535355451,mid,False
ENSG00000242125_SNHG3,SNHG3,1,0.09595375723,0.375,0.9757531227,13.60839706,head,False
ENSG00000242622_AC092910.3,AC092910.3,1,0.09595375723,0.375,0.9757531227,5.501558018,mid,False
ENSG00000246067_RAB30-DT,RAB30-DT,1,0.09595375723,0.375,0.9757531227,8.319043627,mid,False
ENSG00000247092_SNHG10,SNHG10,1,0.09595375723,0.375,0.9757531227,10.84244199,mid,False
ENSG00000254469_AP002495.1,AP002495.1,1,0.09595375723,0.375,0.9757531227,5.218161041,mid,False
ENSG00000254477_AP000640.1,AP000640.1,1,0.09595375723,0.375,0.9757531227,1.506698008,tail,False
ENSG00000255182_AC084125.2,AC084125.2,1,0.09595375723,0.375,0.9757531227,5.390710686,mid,False
ENSG00000260233_SSSCA1-AS1,SSSCA1-AS1,1,0.09595375723,0.375,0.9757531227,4.955537575,mid,False
ENSG00000260339_HEXA-AS1,HEXA-AS1,1,0.09595375723,0.375,0.9757531227,4.72751986,mid,False
ENSG00000260691_ANKRD20A1,ANKRD20A1,1,0.09595375723,0.375,0.9757531227,4.483941744,mid,False
ENSG00000262152_LINC00514,LINC00514,1,0.09595375723,0.375,0.9757531227,6.203765774,mid,False
ENSG00000267169_AC022098.1,AC022098.1,1,0.09595375723,0.375,0.9757531227,4.452191945,mid,False
ENSG00000267680_ZNF224,ZNF224,1,0.09595375723,0.375,0.9757531227,8.697224942,mid,False
ENSG00000269821_KCNQ1OT1,KCNQ1OT1,1,0.09595375723,0.375,0.9757531227,12.28410797,head,False
ENSG00000272529_AC090948.3,AC090948.3,1,0.09595375723,0.375,0.9757531227,2.596502695,mid,False
ENSG00000272870_AC097534.2,AC097534.2,1,0.09595375723,0.375,0.9757531227,4.927121072,mid,False
ENSG00000273247_AC097376.3,AC097376.3,1,0.09595375723,0.375,0.9757531227,6.62447106,mid,False
ENSG00000275329_AL138781.1,AL138781.1,1,0.09595375723,0.375,0.9757531227,2.266222091,mid,False
ENSG00000277938_AL035252.3,AL035252.3,1,0.09595375723,0.375,0.9757531227,4.93447518,mid,False
ENSG00000278341_AC138028.6,AC138028.6,1,0.09595375723,0.375,0.9757531227,6.024296538,mid,False
ENSG00000280279_AC240565.2,AC240565.2,1,0.09595375723,0.375,0.9757531227,5.618885416,mid,False
ENSG00000285294_LINC00842,LINC00842,1,0.09595375723,0.375,0.9757531227,5.937962784,mid,False
ENSG00000287160_Z82195.3,Z82195.3,1,0.09595375723,0.375,0.9757531227,3.485693493,mid,False
ENSG00000288093_AL592295.5,AL592295.5,1,0.09595375723,0.375,0.9757531227,2.574164324,mid,False
ENSG00000129437_KLK14,KLK14,1,0.0984932289,0.375,0.9757531227,1.01402556,tail,False
ENSG00000157335_CLEC18C,CLEC18C,1,0.0984932289,0.375,0.9757531227,1.30173592,tail,False
ENSG00000010318_PHF7,PHF7,1,0.09595375723,0.4375,1,5.561848004,mid,False
ENSG00000011021_CLCN6,CLCN6,1,0.09595375723,0.4375,1,7.418695328,mid,False
ENSG00000012211_PRICKLE3,PRICKLE3,1,0.09595375723,0.4375,1,8.798579532,mid,False
ENSG00000037042_TUBG2,TUBG2,1,0.09595375723,0.4375,1,7.052335225,mid,False
ENSG00000044446_PHKA2,PHKA2,1,0.09595375723,0.4375,1,9.365895916,mid,False
ENSG00000064313_TAF2,TAF2,1,0.09595375723,0.4375,1,10.71148892,mid,False
ENSG00000069869_NEDD4,NEDD4,1,0.09595375723,0.4375,1,9.345142455,mid,False
ENSG00000070366_SMG6,SMG6,1,0.09595375723,0.4375,1,9.66712602,mid,False
ENSG00000071282_LMCD1,LMCD1,1,0.09595375723,0.4375,1,5.015618453,mid,False
ENSG00000074054_CLASP1,CLASP1,1,0.09595375723,0.4375,1,10.87208875,mid,False
ENSG00000074276_CDHR2,CDHR2,1,0.09595375723,0.4375,1,2.50812359,mid,False
ENSG00000078699_CBFA2T2,CBFA2T2,1,0.09595375723,0.4375,1,9.455882682,mid,False
ENSG00000079277_MKNK1,MKNK1,1,0.09595375723,0.4375,1,9.271877544,mid,False
ENSG00000088298_EDEM2,EDEM2,1,0.09595375723,0.4375,1,9.224326708,mid,False
ENSG00000090857_PDPR,PDPR,1,0.09595375723,0.4375,1,11.03317275,mid,False
ENSG00000101161_PRPF6,PRPF6,1,0.09595375723,0.4375,1,10.90556227,mid,False
ENSG00000106366_SERPINE1,SERPINE1,1,0.09595375723,0.4375,1,7.549136126,mid,False
ENSG00000106976_DNM1,DNM1,1,0.09595375723,0.4375,1,7.134861601,mid,False
ENSG00000107554_DNMBP,DNMBP,1,0.09595375723,0.4375,1,9.662087952,mid,False
ENSG00000109906_ZBTB16,ZBTB16,1,0.09595375723,0.4375,1,11.53005844,head,False
ENSG00000109920_FNBP4,FNBP4,1,0.09595375723,0.4375,1,10.80385727,mid,False
ENSG00000110851_PRDM4,PRDM4,1,0.09595375723,0.4375,1,9.97174285,mid,False
ENSG00000111271_ACAD10,ACAD10,1,0.09595375723,0.4375,1,9.302667887,mid,False
ENSG00000111676_ATN1,ATN1,1,0.09595375723,0.4375,1,11.20947791,mid,False
ENSG00000112146_FBXO9,FBXO9,1,0.09595375723,0.4375,1,10.17897869,mid,False
ENSG00000112759_SLC29A1,SLC29A1,1,0.09595375723,0.4375,1,10.14474617,mid,False
ENSG00000112902_SEMA5A,SEMA5A,1,0.09595375723,0.4375,1,6.500085819,mid,False
ENSG00000114857_NKTR,NKTR,1,0.09595375723,0.4375,1,11.08401716,mid,False
ENSG00000115760_BIRC6,BIRC6,1,0.09595375723,0.4375,1,12.74012887,head,False
ENSG00000116205_TCEANC2,TCEANC2,1,0.09595375723,0.4375,1,8.856919686,mid,False
ENSG00000119685_TTLL5,TTLL5,1,0.09595375723,0.4375,1,10.02097436,mid,False
ENSG00000120029_ARMH3,ARMH3,1,0.09595375723,0.4375,1,9.213051756,mid,False
ENSG00000121903_ZSCAN20,ZSCAN20,1,0.09595375723,0.4375,1,7.295336042,mid,False
ENSG00000126001_CEP250,CEP250,1,0.09595375723,0.4375,1,9.811048383,mid,False
ENSG00000126091_ST3GAL3,ST3GAL3,1,0.09595375723,0.4375,1,6.485655559,mid,False
ENSG00000130254_SAFB2,SAFB2,1,0.09595375723,0.4375,1,9.785244454,mid,False
ENSG00000130508_PXDN,PXDN,1,0.09595375723,0.4375,1,12.55675281,head,False
ENSG00000132470_ITGB4,ITGB4,1,0.09595375723,0.4375,1,13.37678157,head,False
ENSG00000132823_OSER1,OSER1,1,0.09595375723,0.4375,1,9.965664803,mid,False
ENSG00000132849_PATJ,PATJ,1,0.09595375723,0.4375,1,11.79712242,head,False
ENSG00000134256_CD101,CD101,1,0.09595375723,0.4375,1,4.944333242,mid,False
ENSG00000135164_DMTF1,DMTF1,1,0.09595375723,0.4375,1,9.675295111,mid,False
ENSG00000135702_CHST5,CHST5,1,0.09595375723,0.4375,1,3.615152126,mid,False
ENSG00000135835_KIAA1614,KIAA1614,1,0.09595375723,0.4375,1,3.312487386,mid,False
ENSG00000137200_CMTR1,CMTR1,1,0.09595375723,0.4375,1,9.532127146,mid,False
ENSG00000140943_MBTPS1,MBTPS1,1,0.09595375723,0.4375,1,11.63112894,head,False
ENSG00000141012_GALNS,GALNS,1,0.09595375723,0.4375,1,9.697543017,mid,False
ENSG00000142178_SIK1,SIK1,1,0.09595375723,0.4375,1,8.86182526,mid,False
ENSG00000143387_CTSK,CTSK,1,0.09595375723,0.4375,1,5.026685534,mid,False
ENSG00000143442_POGZ,POGZ,1,0.09595375723,0.4375,1,10.46796975,mid,False
ENSG00000143512_HHIPL2,HHIPL2,1,0.09595375723,0.4375,1,3.951652933,mid,False
ENSG00000144824_PHLDB2,PHLDB2,1,0.09595375723,0.4375,1,10.30506095,mid,False
ENSG00000145734_BDP1,BDP1,1,0.09595375723,0.4375,1,11.66635357,head,False
ENSG00000146530_VWDE,VWDE,1,0.09595375723,0.4375,1,8.64303969,mid,False
ENSG00000148660_CAMK2G,CAMK2G,1,0.09595375723,0.4375,1,11.04995128,mid,False
ENSG00000155636_RBM45,RBM45,1,0.09595375723,0.4375,1,8.44840405,mid,False
ENSG00000156990_RPUSD3,RPUSD3,1,0.09595375723,0.4375,1,9.523434326,mid,False
ENSG00000157107_FCHO2,FCHO2,1,0.09595375723,0.4375,1,10.25983532,mid,False
ENSG00000158636_EMSY,EMSY,1,0.09595375723,0.4375,1,9.476719651,mid,False
ENSG00000159588_CCDC17,CCDC17,1,0.09595375723,0.4375,1,4.878221712,mid,False
ENSG00000160336_ZNF761,ZNF761,1,0.09595375723,0.4375,1,8.688143538,mid,False
ENSG00000162873_KLHDC8A,KLHDC8A,1,0.09595375723,0.4375,1,1.189252905,tail,False
ENSG00000162946_DISC1,DISC1,1,0.09595375723,0.4375,1,3.362406394,mid,False
ENSG00000163462_TRIM46,TRIM46,1,0.09595375723,0.4375,1,3.048395895,mid,False
ENSG00000164081_TEX264,TEX264,1,0.09595375723,0.4375,1,10.03524934,mid,False
ENSG00000164266_SPINK1,SPINK1,1,0.09595375723,0.4375,1,1.788492095,tail,False
ENSG00000165699_TSC1,TSC1,1,0.09595375723,0.4375,1,10.23920879,mid,False
ENSG00000166507_NDST2,NDST2,1,0.09595375723,0.4375,1,8.469706847,mid,False
ENSG00000167595_PROSER3,PROSER3,1,0.09595375723,0.4375,1,7.895221775,mid,False
ENSG00000168575_SLC20A2,SLC20A2,1,0.09595375723,0.4375,1,10.36979171,mid,False
ENSG00000169962_TAS1R3,TAS1R3,1,0.09595375723,0.4375,1,4.053121578,mid,False
ENSG00000170324_FRMPD2,FRMPD2,1,0.09595375723,0.4375,1,4.267526462,mid,False
ENSG00000172638_EFEMP2,EFEMP2,1,0.09595375723,0.4375,1,4.444692549,mid,False
ENSG00000173715_C11orf80,C11orf80,1,0.09595375723,0.4375,1,8.471232695,mid,False
ENSG00000173821_RNF213,RNF213,1,0.09595375723,0.4375,1,13.17930463,head,False
ENSG00000175455_CCDC14,CCDC14,1,0.09595375723,0.4375,1,10.31882219,mid,False
ENSG00000176236_RPP38-DT,RPP38-DT,1,0.09595375723,0.4375,1,2.815866805,mid,False
ENSG00000176681_LRRC37A,LRRC37A,1,0.09595375723,0.4375,1,7.189694265,mid,False
ENSG00000177721_ANXA2R,ANXA2R,1,0.09595375723,0.4375,1,3.583265504,mid,False
ENSG00000179335_CLK3,CLK3,1,0.09595375723,0.4375,1,9.923538259,mid,False
ENSG00000179818_PCBP1-AS1,PCBP1-AS1,1,0.09595375723,0.4375,1,8.073222887,mid,False
ENSG00000181626_ANKRD62,ANKRD62,1,0.09595375723,0.4375,1,5.876210095,mid,False
ENSG00000182310_SPACA6,SPACA6,1,0.09595375723,0.4375,1,6.705637995,mid,False
ENSG00000183605_SFXN4,SFXN4,1,0.09595375723,0.4375,1,9.724941204,mid,False
ENSG00000184381_PLA2G6,PLA2G6,1,0.09595375723,0.4375,1,6.969658475,mid,False
ENSG00000185168_LINC00482,LINC00482,1,0.09595375723,0.4375,1,1.993265676,tail,False
ENSG00000186141_POLR3C,POLR3C,1,0.09595375723,0.4375,1,9.454471593,mid,False
ENSG00000186866_POFUT2,POFUT2,1,0.09595375723,0.4375,1,8.623323426,mid,False
ENSG00000187800_PEAR1,PEAR1,1,0.09595375723,0.4375,1,5.74687021,mid,False
ENSG00000188185_LINC00265,LINC00265,1,0.09595375723,0.4375,1,5.777874291,mid,False
ENSG00000188312_CENPP,CENPP,1,0.09595375723,0.4375,1,7.528493912,mid,False
ENSG00000188352_FOCAD,FOCAD,1,0.09595375723,0.4375,1,9.573418573,mid,False
ENSG00000188878_FBF1,FBF1,1,0.09595375723,0.4375,1,7.742034827,mid,False
ENSG00000188917_TRMT2B,TRMT2B,1,0.09595375723,0.4375,1,9.018614875,mid,False
ENSG00000196597_ZNF782,ZNF782,1,0.09595375723,0.4375,1,7.481942328,mid,False
ENSG00000197355_UAP1L1,UAP1L1,1,0.09595375723,0.4375,1,7.7512682,mid,False
ENSG00000197948_FCHSD1,FCHSD1,1,0.09595375723,0.4375,1,7.828671938,mid,False
ENSG00000198429_ZNF69,ZNF69,1,0.09595375723,0.4375,1,6.230507079,mid,False
ENSG00000198746_GPATCH3,GPATCH3,1,0.09595375723,0.4375,1,7.78256631,mid,False
ENSG00000203739_AL645568.1,AL645568.1,1,0.09595375723,0.4375,1,4.897970019,mid,False
ENSG00000204172_AGAP9,AGAP9,1,0.09595375723,0.4375,1,7.322788117,mid,False
ENSG00000204305_AGER,AGER,1,0.09595375723,0.4375,1,5.474921166,mid,False
ENSG00000204569_PPP1R10,PPP1R10,1,0.09595375723,0.4375,1,11.25189841,mid,False
ENSG00000204685_STARD7-AS1,STARD7-AS1,1,0.09595375723,0.4375,1,6.956914247,mid,False
ENSG00000205560_CPT1B,CPT1B,1,0.09595375723,0.4375,1,8.696816882,mid,False
ENSG00000205639_MFSD2B,MFSD2B,1,0.09595375723,0.4375,1,2.36435548,mid,False
ENSG00000205913_SRRM2-AS1,SRRM2-AS1,1,0.09595375723,0.4375,1,4.71383446,mid,False
ENSG00000214900_LINC01588,LINC01588,1,0.09595375723,0.4375,1,7.205320179,mid,False
ENSG00000215018_COL28A1,COL28A1,1,0.09595375723,0.4375,1,2.961510131,mid,False
ENSG00000215305_VPS16,VPS16,1,0.09595375723,0.4375,1,9.674398251,mid,False
ENSG00000215421_ZNF407,ZNF407,1,0.09595375723,0.4375,1,9.554926104,mid,False
ENSG00000226380_AC016831.1,AC016831.1,1,0.09595375723,0.4375,1,6.931656062,mid,False
ENSG00000226419_SLC16A1-AS1,SLC16A1-AS1,1,0.09595375723,0.4375,1,7.919195862,mid,False
ENSG00000230699_AL645608.2,AL645608.2,1,0.09595375723,0.4375,1,2.094793095,tail,False
ENSG00000232732_AC097717.1,AC097717.1,1,0.09595375723,0.4375,1,2.522078681,mid,False
ENSG00000233006_MIR3936HG,MIR3936HG,1,0.09595375723,0.4375,1,7.147029635,mid,False
ENSG00000233016_SNHG7,SNHG7,1,0.09595375723,0.4375,1,10.9392709,mid,False
ENSG00000233930_KRTAP5-AS1,KRTAP5-AS1,1,0.09595375723,0.4375,1,1.460404259,tail,False
ENSG00000241058_NSUN6,NSUN6,1,0.09595375723,0.4375,1,8.149983811,mid,False
ENSG00000242866_STRC,STRC,1,0.09595375723,0.4375,1,4.361723047,mid,False
ENSG00000243708_PLA2G4B,PLA2G4B,1,0.09595375723,0.4375,1,7.250168488,mid,False
ENSG00000245025_AC107959.1,AC107959.1,1,0.09595375723,0.4375,1,4.997741976,mid,False
ENSG00000253438_PCAT1,PCAT1,1,0.09595375723,0.4375,1,6.368169864,mid,False
ENSG00000256433_AC005840.2,AC005840.2,1,0.09595375723,0.4375,1,4.493640514,mid,False
ENSG00000260563_AC132872.1,AC132872.1,1,0.09595375723,0.4375,1,4.201203219,mid,False
ENSG00000260604_AL590004.3,AL590004.3,1,0.09595375723,0.4375,1,8.431749384,mid,False
ENSG00000260648_AC020658.3,AC020658.3,1,0.09595375723,0.4375,1,2.662218188,mid,False
ENSG00000260806_AL163051.1,AL163051.1,1,0.09595375723,0.4375,1,4.54072301,mid,False
ENSG00000260923_LINC02193,LINC02193,1,0.09595375723,0.4375,1,5.882564186,mid,False
ENSG00000261451_AC104964.3,AC104964.3,1,0.09595375723,0.4375,1,3.751039964,mid,False
ENSG00000261578_AP003119.3,AP003119.3,1,0.09595375723,0.4375,1,7.718676138,mid,False
ENSG00000263345_AC006435.2,AC006435.2,1,0.09595375723,0.4375,1,0.443108813,tail,False
ENSG00000267607_AC011511.5,AC011511.5,1,0.09595375723,0.4375,1,3.051457924,mid,False
ENSG00000268460_AC006262.1,AC006262.1,1,0.09595375723,0.4375,1,5.029124285,mid,False
ENSG00000271079_CTAGE15,CTAGE15,1,0.09595375723,0.4375,1,6.029129526,mid,False
ENSG00000271425_NBPF10,NBPF10,1,0.09595375723,0.4375,1,9.060263936,mid,False
ENSG00000272141_AL390719.2,AL390719.2,1,0.09595375723,0.4375,1,4.787781831,mid,False
ENSG00000272505_AC104964.4,AC104964.4,1,0.09595375723,0.4375,1,2.802409248,mid,False
ENSG00000272701_MESTIT1,MESTIT1,1,0.09595375723,0.4375,1,3.295479068,mid,False
ENSG00000273297_AC009275.1,AC009275.1,1,0.09595375723,0.4375,1,4.302759707,mid,False
ENSG00000273559_CWC25,CWC25,1,0.09595375723,0.4375,1,8.703548674,mid,False
ENSG00000273748_AL592183.1,AL592183.1,1,0.09595375723,0.4375,1,6.58469293,mid,False
ENSG00000275393_AC018695.6,AC018695.6,1,0.09595375723,0.4375,1,3.306582594,mid,False
ENSG00000275437_AL121832.3,AL121832.3,1,0.09595375723,0.4375,1,4.40828648,mid,False
ENSG00000275894_AL021578.1,AL021578.1,1,0.09595375723,0.4375,1,5.488463717,mid,False
ENSG00000276517_AL133243.3,AL133243.3,1,0.09595375723,0.4375,1,5.408377474,mid,False
ENSG00000276603_AL109614.1,AL109614.1,1,0.09595375723,0.4375,1,4.411282726,mid,False
ENSG00000276850_AC245041.2,AC245041.2,1,0.09595375723,0.4375,1,9.49731818,mid,False
ENSG00000276980_AC008760.2,AC008760.2,1,0.09595375723,0.4375,1,6.18860706,mid,False
ENSG00000278022_AC118658.1,AC118658.1,1,0.09595375723,0.4375,1,1.689437007,tail,False
ENSG00000280191_LINC01669,LINC01669,1,0.09595375723,0.4375,1,2.617803483,mid,False
ENSG00000281376_ABALON,ABALON,1,0.09595375723,0.4375,1,2.642694418,mid,False
ENSG00000283199_C13orf46,C13orf46,1,0.09595375723,0.4375,1,7.394440075,mid,False
ENSG00000284770_TBCE,TBCE,1,0.09595375723,0.4375,1,8.988702288,mid,False
ENSG00000285583_AC010422.7,AC010422.7,1,0.09595375723,0.4375,1,2.974978836,mid,False
ENSG00000287665_AC092428.1,AC092428.1,1,0.09595375723,0.4375,1,3.175810443,mid,False
ENSG00000287979_AC253572.2,AC253572.2,1,0.09595375723,0.4375,1,4.552621435,mid,False
ENSG00000225383_SFTA1P,SFTA1P,1,0.09595375723,0.46875,1,0.9407446084,tail,False
ENSG00000029534_ANK1,ANK1,1,0.09595375723,0.46875,1,1.336920635,tail,False
ENSG00000256671_LIMS4,LIMS4,1,0.09595375723,0.46875,1,2.077291567,tail,False
ENSG00000000460_C1orf112,C1orf112,1,0.09595375723,0.5,1,8.332291345,mid,False
ENSG00000004660_CAMKK1,CAMKK1,1,0.09595375723,0.5,1,9.271458267,mid,False
ENSG00000004975_DVL2,DVL2,1,0.09595375723,0.5,1,9.728781431,mid,False
ENSG00000005001_PRSS22,PRSS22,1,0.09595375723,0.5,1,7.50868493,mid,False
ENSG00000007384_RHBDF1,RHBDF1,1,0.09595375723,0.5,1,9.578416279,mid,False
ENSG00000008130_NADK,NADK,1,0.09595375723,0.5,1,10.18491755,mid,False
ENSG00000008838_MED24,MED24,1,0.09595375723,0.5,1,10.35474783,mid,False
ENSG00000010319_SEMA3G,SEMA3G,1,0.09595375723,0.5,1,3.515946341,mid,False
ENSG00000010322_NISCH,NISCH,1,0.09595375723,0.5,1,10.05957464,mid,False
ENSG00000012048_BRCA1,BRCA1,1,0.09595375723,0.5,1,9.658743456,mid,True
ENSG00000014914_MTMR11,MTMR11,1,0.09595375723,0.5,1,6.729527693,mid,False
ENSG00000018625_ATP1A2,ATP1A2,1,0.09595375723,0.5,1,2.14956835,tail,False
ENSG00000032444_PNPLA6,PNPLA6,1,0.09595375723,0.5,1,10.94670704,mid,False
ENSG00000036672_USP2,USP2,1,0.09595375723,0.5,1,7.547499873,mid,False
ENSG00000038219_BOD1L1,BOD1L1,1,0.09595375723,0.5,1,11.44619835,mid,False
ENSG00000054179_ENTPD2,ENTPD2,1,0.09595375723,0.5,1,6.897279651,mid,False
ENSG00000054654_SYNE2,SYNE2,1,0.09595375723,0.5,1,12.67112761,head,False
ENSG00000059122_FLYWCH1,FLYWCH1,1,0.09595375723,0.5,1,9.10419548,mid,False
ENSG00000059145_UNKL,UNKL,1,0.09595375723,0.5,1,8.262585062,mid,False
ENSG00000061936_SFSWAP,SFSWAP,1,0.09595375723,0.5,1,10.22207003,mid,False
ENSG00000063169_BICRA,BICRA,1,0.09595375723,0.5,1,8.738759615,mid,False
ENSG00000063176_SPHK2,SPHK2,1,0.09595375723,0.5,1,7.780787196,mid,False
ENSG00000065361_ERBB3,ERBB3,1,0.09595375723,0.5,1,11.40222082,mid,False
ENSG00000065618_COL17A1,COL17A1,1,0.09595375723,0.5,1,11.84848902,head,False
ENSG00000066923_STAG3,STAG3,1,0.09595375723,0.5,1,3.636587061,mid,False
ENSG00000067177_PHKA1,PHKA1,1,0.09595375723,0.5,1,10.28975968,mid,False
ENSG00000068308_OTUD5,OTUD5,1,0.09595375723,0.5,1,10.04294173,mid,False
ENSG00000068724_TTC7A,TTC7A,1,0.09595375723,0.5,1,10.89761652,mid,False
ENSG00000072121_ZFYVE26,ZFYVE26,1,0.09595375723,0.5,1,10.0323203,mid,False
ENSG00000072135_PTPN18,PTPN18,1,0.09595375723,0.5,1,10.64898331,mid,False
ENSG00000073350_LLGL2,LLGL2,1,0.09595375723,0.5,1,11.67744561,head,False
ENSG00000075275_CELSR1,CELSR1,1,0.09595375723,0.5,1,12.54840584,head,False
ENSG00000075426_FOSL2,FOSL2,1,0.09595375723,0.5,1,12.91745227,head,False
ENSG00000076201_PTPN23,PTPN23,1,0.09595375723,0.5,1,10.78186883,mid,False
ENSG00000076382_SPAG5,SPAG5,1,0.09595375723,0.5,1,9.631871102,mid,False
ENSG00000076826_CAMSAP3,CAMSAP3,1,0.09595375723,0.5,1,10.55937101,mid,False
ENSG00000076984_MAP2K7,MAP2K7,1,0.09595375723,0.5,1,10.32037169,mid,False
ENSG00000077454_LRCH4,LRCH4,1,0.09595375723,0.5,1,10.00559026,mid,False
ENSG00000078487_ZCWPW1,ZCWPW1,1,0.09595375723,0.5,1,4.658845244,mid,False
ENSG00000079134_THOC1,THOC1,1,0.09595375723,0.5,1,9.455684301,mid,False
ENSG00000080839_RBL1,RBL1,1,0.09595375723,0.5,1,8.817618816,mid,False
ENSG00000080986_NDC80,NDC80,1,0.09595375723,0.5,1,8.242443191,mid,False
ENSG00000082641_NFE2L1,NFE2L1,1,0.09595375723,0.5,1,12.98062868,head,False
ENSG00000086544_ITPKC,ITPKC,1,0.09595375723,0.5,1,9.991418986,mid,False
ENSG00000087258_GNAO1,GNAO1,1,0.09595375723,0.5,1,6.114742128,mid,False
ENSG00000088387_DOCK9,DOCK9,1,0.09595375723,0.5,1,11.01918505,mid,False
ENSG00000088854_C20orf194,C20orf194,1,0.09595375723,0.5,1,7.754079051,mid,False
ENSG00000090674_MCOLN1,MCOLN1,1,0.09595375723,0.5,1,8.053599895,mid,False
ENSG00000090905_TNRC6A,TNRC6A,1,0.09595375723,0.5,1,10.85990431,mid,False
ENSG00000091073_DTX2,DTX2,1,0.09595375723,0.5,1,9.906122537,mid,False
ENSG00000091136_LAMB1,LAMB1,1,0.09595375723,0.5,1,12.05713789,head,False
ENSG00000092439_TRPM7,TRPM7,1,0.09595375723,0.5,1,11.50917298,head,False
ENSG00000092929_UNC13D,UNC13D,1,0.09595375723,0.5,1,9.40072361,mid,False
ENSG00000092931_MFSD11,MFSD11,1,0.09595375723,0.5,1,8.895235396,mid,False
ENSG00000094914_AAAS,AAAS,1,0.09595375723,0.5,1,9.793297656,mid,False
ENSG00000099860_GADD45B,GADD45B,1,0.09595375723,0.5,1,9.427076596,mid,False
ENSG00000100033_PRODH,PRODH,1,0.09595375723,0.5,1,5.952881593,mid,False
ENSG00000100239_PPP6R2,PPP6R2,1,0.09595375723,0.5,1,10.06371368,mid,False
ENSG00000100242_SUN2,SUN2,1,0.09595375723,0.5,1,11.99482312,head,False
ENSG00000100296_THOC5,THOC5,1,0.09595375723,0.5,1,9.755243069,mid,False
ENSG00000100441_KHNYN,KHNYN,1,0.09595375723,0.5,1,11.17218272,mid,False
ENSG00000100503_NIN,NIN,1,0.09595375723,0.5,1,10.88924867,mid,False
ENSG00000100629_CEP128,CEP128,1,0.09595375723,0.5,1,7.554952904,mid,False
ENSG00000100722_ZC3H14,ZC3H14,1,0.09595375723,0.5,1,11.25701265,mid,False
ENSG00000100796_PPP4R3A,PPP4R3A,1,0.09595375723,0.5,1,10.92839489,mid,False
ENSG00000100813_ACIN1,ACIN1,1,0.09595375723,0.5,1,11.97150855,head,False
ENSG00000100949_RABGGTA,RABGGTA,1,0.09595375723,0.5,1,10.04735018,mid,False
ENSG00000100968_NFATC4,NFATC4,1,0.09595375723,0.5,1,8.443308273,mid,False
ENSG00000101605_MYOM1,MYOM1,1,0.09595375723,0.5,1,3.923806705,mid,False
ENSG00000102359_SRPX2,SRPX2,1,0.09595375723,0.5,1,7.156569893,mid,False
ENSG00000103197_TSC2,TSC2,1,0.09595375723,0.5,1,10.91946337,mid,False
ENSG00000103335_PIEZO1,PIEZO1,1,0.09595375723,0.5,1,14.04050159,head,False
ENSG00000103995_CEP152,CEP152,1,0.09595375723,0.5,1,8.936386776,mid,False
ENSG00000104218_CSPP1,CSPP1,1,0.09595375723,0.5,1,9.034414919,mid,False
ENSG00000104365_IKBKB,IKBKB,1,0.09595375723,0.5,1,10.20887851,mid,False
ENSG00000104689_TNFRSF10A,TNFRSF10A,1,0.09595375723,0.5,1,9.205760791,mid,False
ENSG00000104714_ERICH1,ERICH1,1,0.09595375723,0.5,1,8.751981793,mid,False
ENSG00000104946_TBC1D17,TBC1D17,1,0.09595375723,0.5,1,8.874792968,mid,False
ENSG00000105135_ILVBL,ILVBL,1,0.09595375723,0.5,1,9.805635961,mid,False
ENSG00000105204_DYRK1B,DYRK1B,1,0.09595375723,0.5,1,7.197547574,mid,False
ENSG00000105339_DENND3,DENND3,1,0.09595375723,0.5,1,10.4435939,mid,False
ENSG00000105443_CYTH2,CYTH2,1,0.09595375723,0.5,1,10.49160766,mid,False
ENSG00000105479_CCDC114,CCDC114,1,0.09595375723,0.5,1,2.217198569,mid,False
ENSG00000105486_LIG1,LIG1,1,0.09595375723,0.5,1,9.039642782,mid,False
ENSG00000105643_ARRDC2,ARRDC2,1,0.09595375723,0.5,1,10.13109946,mid,False
ENSG00000105656_ELL,ELL,1,0.09595375723,0.5,1,8.64369667,mid,False
ENSG00000105771_SMG9,SMG9,1,0.09595375723,0.5,1,9.399101085,mid,False
ENSG00000105821_DNAJC2,DNAJC2,1,0.09595375723,0.5,1,9.889512325,mid,False
ENSG00000105855_ITGB8,ITGB8,1,0.09595375723,0.5,1,12.95371895,head,False
ENSG00000106123_EPHB6,EPHB6,1,0.09595375723,0.5,1,7.333334422,mid,False
ENSG00000106333_PCOLCE,PCOLCE,1,0.09595375723,0.5,1,4.900076523,mid,False
ENSG00000106351_AGFG2,AGFG2,1,0.09595375723,0.5,1,9.531773807,mid,False
ENSG00000106462_EZH2,EZH2,1,0.09595375723,0.5,1,8.838281013,mid,False
ENSG00000106701_FSD1L,FSD1L,1,0.09595375723,0.5,1,7.841850128,mid,False
ENSG00000107077_KDM4C,KDM4C,1,0.09595375723,0.5,1,9.784166941,mid,False
ENSG00000107104_KANK1,KANK1,1,0.09595375723,0.5,1,11.60649023,head,False
ENSG00000107185_RGP1,RGP1,1,0.09595375723,0.5,1,10.80573531,mid,False
ENSG00000107731_UNC5B,UNC5B,1,0.09595375723,0.5,1,12.31649158,head,False
ENSG00000107863_ARHGAP21,ARHGAP21,1,0.09595375723,0.5,1,11.81318514,head,False
ENSG00000107938_EDRF1,EDRF1,1,0.09595375723,0.5,1,9.477193911,mid,False
ENSG00000108021_TASOR2,TASOR2,1,0.09595375723,0.5,1,12.05044824,head,False
ENSG00000108352_RAPGEFL1,RAPGEFL1,1,0.09595375723,0.5,1,11.08893602,mid,False
ENSG00000108515_ENO3,ENO3,1,0.09595375723,0.5,1,5.718007243,mid,False
ENSG00000110046_ATG2A,ATG2A,1,0.09595375723,0.5,1,9.707513548,mid,False
ENSG00000110237_ARHGEF17,ARHGEF17,1,0.09595375723,0.5,1,10.80984566,mid,False
ENSG00000110713_NUP98,NUP98,1,0.09595375723,0.5,1,11.84863772,head,False
ENSG00000111077_TNS2,TNS2,1,0.09595375723,0.5,1,8.224160707,mid,False
ENSG00000111319_SCNN1A,SCNN1A,1,0.09595375723,0.5,1,14.02470217,head,False
ENSG00000112592_TBP,TBP,1,0.09595375723,0.5,1,8.263551023,mid,False
ENSG00000112599_GUCA1B,GUCA1B,1,0.09595375723,0.5,1,5.534779013,mid,False
ENSG00000112655_PTK7,PTK7,1,0.09595375723,0.5,1,10.77670614,mid,False
ENSG00000112659_CUL9,CUL9,1,0.09595375723,0.5,1,9.459995002,mid,False
ENSG00000114861_FOXP1,FOXP1,1,0.09595375723,0.5,1,9.904587961,mid,False
ENSG00000115008_IL1A,IL1A,1,0.09595375723,0.5,1,3.472316342,mid,False
ENSG00000115649_CNPPD1,CNPPD1,1,0.09595375723,0.5,1,9.77027194,mid,False
ENSG00000116285_ERRFI1,ERRFI1,1,0.09595375723,0.5,1,10.01944379,mid,False
ENSG00000116580_GON4L,GON4L,1,0.09595375723,0.5,1,10.32686265,mid,False
ENSG00000116604_MEF2D,MEF2D,1,0.09595375723,0.5,1,10.13621594,mid,False
ENSG00000116701_NCF2,NCF2,1,0.09595375723,0.5,1,6.762222932,mid,False
ENSG00000116830_TTF2,TTF2,1,0.09595375723,0.5,1,10.33785929,mid,False
ENSG00000116852_KIF21B,KIF21B,1,0.09595375723,0.5,1,4.394049443,mid,False
ENSG00000116991_SIPA1L2,SIPA1L2,1,0.09595375723,0.5,1,9.133300443,mid,False
ENSG00000117360_PRPF3,PRPF3,1,0.09595375723,0.5,1,9.879844664,mid,False
ENSG00000118369_USP35,USP35,1,0.09595375723,0.5,1,8.036475536,mid,False
ENSG00000118777_ABCG2,ABCG2,1,0.09595375723,0.5,1,7.213676254,mid,False
ENSG00000120129_DUSP1,DUSP1,1,0.09595375723,0.5,1,9.42349612,mid,False
ENSG00000120647_CCDC77,CCDC77,1,0.09595375723,0.5,1,7.240217539,mid,False
ENSG00000120798_NR2C1,NR2C1,1,0.09595375723,0.5,1,9.069130176,mid,False
ENSG00000120899_PTK2B,PTK2B,1,0.09595375723,0.5,1,10.4532104,mid,False
ENSG00000120910_PPP3CC,PPP3CC,1,0.09595375723,0.5,1,8.17825978,mid,False
ENSG00000122483_CCDC18,CCDC18,1,0.09595375723,0.5,1,8.378870141,mid,False
ENSG00000122966_CIT,CIT,1,0.09595375723,0.5,1,9.740666483,mid,False
ENSG00000123384_LRP1,LRP1,1,0.09595375723,0.5,1,10.53289012,mid,False
ENSG00000123473_STIL,STIL,1,0.09595375723,0.5,1,9.065607657,mid,False
ENSG00000123815_COQ8B,COQ8B,1,0.09595375723,0.5,1,9.260081398,mid,False
ENSG00000124159_MATN4,MATN4,1,0.09595375723,0.5,1,1.581857726,tail,False
ENSG00000125633_CCDC93,CCDC93,1,0.09595375723,0.5,1,10.21946657,mid,False
ENSG00000125885_MCM8,MCM8,1,0.09595375723,0.5,1,8.84976268,mid,False
ENSG00000126464_PRR12,PRR12,1,0.09595375723,0.5,1,10.85561308,mid,False
ENSG00000127481_UBR4,UBR4,1,0.09595375723,0.5,1,12.11887822,head,False
ENSG00000127603_MACF1,MACF1,1,0.09595375723,0.5,1,13.03301364,head,False
ENSG00000127980_PEX1,PEX1,1,0.09595375723,0.5,1,9.795992365,mid,False
ENSG00000128833_MYO5C,MYO5C,1,0.09595375723,0.5,1,12.2445031,head,False
ENSG00000129347_KRI1,KRI1,1,0.09595375723,0.5,1,9.230114167,mid,False
ENSG00000130559_CAMSAP1,CAMSAP1,1,0.09595375723,0.5,1,10.62579557,mid,False
ENSG00000130592_LSP1,LSP1,1,0.09595375723,0.5,1,5.227366295,mid,False
ENSG00000130598_TNNI2,TNNI2,1,0.09595375723,0.5,1,9.335259754,mid,False
ENSG00000130640_TUBGCP2,TUBGCP2,1,0.09595375723,0.5,1,10.88677947,mid,False
ENSG00000130684_ZNF337,ZNF337,1,0.09595375723,0.5,1,8.517909332,mid,False
ENSG00000130702_LAMA5,LAMA5,1,0.09595375723,0.5,1,13.53127269,head,False
ENSG00000130723_PRRC2B,PRRC2B,1,0.09595375723,0.5,1,13.13211555,head,False
ENSG00000130734_ATG4D,ATG4D,1,0.09595375723,0.5,1,8.870931144,mid,False
ENSG00000130749_ZC3H4,ZC3H4,1,0.09595375723,0.5,1,11.07458913,mid,False
ENSG00000130779_CLIP1,CLIP1,1,0.09595375723,0.5,1,11.45888022,mid,False
ENSG00000130940_CASZ1,CASZ1,1,0.09595375723,0.5,1,9.962483338,mid,False
ENSG00000131149_GSE1,GSE1,1,0.09595375723,0.5,1,11.19611445,mid,False
ENSG00000132005_RFX1,RFX1,1,0.09595375723,0.5,1,8.921556153,mid,False
ENSG00000132694_ARHGEF11,ARHGEF11,1,0.09595375723,0.5,1,10.27067862,mid,False
ENSG00000132793_LPIN3,LPIN3,1,0.09595375723,0.5,1,8.762383649,mid,False
ENSG00000133805_AMPD3,AMPD3,1,0.09595375723,0.5,1,7.840683205,mid,False
ENSG00000134030_CTIF,CTIF,1,0.09595375723,0.5,1,9.978249561,mid,False
ENSG00000134152_KATNBL1,KATNBL1,1,0.09595375723,0.5,1,9.148734982,mid,False
ENSG00000135253_KCP,KCP,1,0.09595375723,0.5,1,6.053966894,mid,False
ENSG00000135482_ZC3H10,ZC3H10,1,0.09595375723,0.5,1,7.713247945,mid,False
ENSG00000135605_TEC,TEC,1,0.09595375723,0.5,1,6.754606394,mid,False
ENSG00000135945_REV1,REV1,1,0.09595375723,0.5,1,9.665896522,mid,False
ENSG00000136122_BORA,BORA,1,0.09595375723,0.5,1,8.040410091,mid,False
ENSG00000136141_LRCH1,LRCH1,1,0.09595375723,0.5,1,9.390020201,mid,False
ENSG00000136213_CHST12,CHST12,1,0.09595375723,0.5,1,8.808012273,mid,False
ENSG00000136378_ADAMTS7,ADAMTS7,1,0.09595375723,0.5,1,8.545423584,mid,False
ENSG00000136492_BRIP1,BRIP1,1,0.09595375723,0.5,1,8.010313239,mid,False
ENSG00000136848_DAB2IP,DAB2IP,1,0.09595375723,0.5,1,12.55981606,head,False
ENSG00000136891_TEX10,TEX10,1,0.09595375723,0.5,1,9.725183935,mid,False
ENSG00000137216_TMEM63B,TMEM63B,1,0.09595375723,0.5,1,10.01310894,mid,False
ENSG00000137868_STRA6,STRA6,1,0.09595375723,0.5,1,8.554964254,mid,False
ENSG00000138316_ADAMTS14,ADAMTS14,1,0.09595375723,0.5,1,4.655908421,mid,False
ENSG00000138778_CENPE,CENPE,1,0.09595375723,0.5,1,10.19630257,mid,False
ENSG00000138834_MAPK8IP3,MAPK8IP3,1,0.09595375723,0.5,1,11.92787598,head,False
ENSG00000139132_FGD4,FGD4,1,0.09595375723,0.5,1,11.23617214,mid,False
ENSG00000139174_PRICKLE1,PRICKLE1,1,0.09595375723,0.5,1,10.49844438,mid,False
ENSG00000140987_ZSCAN32,ZSCAN32,1,0.09595375723,0.5,1,8.520466342,mid,False
ENSG00000140992_PDPK1,PDPK1,1,0.09595375723,0.5,1,10.62909494,mid,False
ENSG00000141258_SGSM2,SGSM2,1,0.09595375723,0.5,1,10.25812947,mid,False
ENSG00000141298_SSH2,SSH2,1,0.09595375723,0.5,1,10.15551462,mid,False
ENSG00000141384_TAF4B,TAF4B,1,0.09595375723,0.5,1,9.566949836,mid,False
ENSG00000141401_IMPA2,IMPA2,1,0.09595375723,0.5,1,11.48952526,head,False
ENSG00000141738_GRB7,GRB7,1,0.09595375723,0.5,1,7.965346165,mid,False
ENSG00000142675_CNKSR1,CNKSR1,1,0.09595375723,0.5,1,8.989975503,mid,False
ENSG00000142731_PLK4,PLK4,1,0.09595375723,0.5,1,8.716672169,mid,False
ENSG00000142765_SYTL1,SYTL1,1,0.09595375723,0.5,1,9.235032342,mid,False
ENSG00000142798_HSPG2,HSPG2,1,0.09595375723,0.5,1,12.18556573,head,False
ENSG00000143127_ITGA10,ITGA10,1,0.09595375723,0.5,1,3.944507035,mid,False
ENSG00000143258_USP21,USP21,1,0.09595375723,0.5,1,8.5966384,mid,False
ENSG00000143434_SEMA6C,SEMA6C,1,0.09595375723,0.5,1,4.600705379,mid,False
ENSG00000144045_DQX1,DQX1,1,0.09595375723,0.5,1,2.520628391,mid,False
ENSG00000144674_GOLGA4,GOLGA4,1,0.09595375723,0.5,1,12.30942102,head,False
ENSG00000146067_FAM193B,FAM193B,1,0.09595375723,0.5,1,8.761451726,mid,False
ENSG00000146083_RNF44,RNF44,1,0.09595375723,0.5,1,10.42237141,mid,False
ENSG00000146192_FGD2,FGD2,1,0.09595375723,0.5,1,4.955318115,mid,False
ENSG00000147459_DOCK5,DOCK5,1,0.09595375723,0.5,1,11.87692415,head,False
ENSG00000148339_SLC25A25,SLC25A25,1,0.09595375723,0.5,1,9.661173274,mid,False
ENSG00000148400_NOTCH1,NOTCH1,1,0.09595375723,0.5,1,12.0641634,head,False
ENSG00000148773_MKI67,MKI67,1,0.09595375723,0.5,1,12.98053212,head,False
ENSG00000149182_ARFGAP2,ARFGAP2,1,0.09595375723,0.5,1,10.25041853,mid,False
ENSG00000149474_KAT14,KAT14,1,0.09595375723,0.5,1,9.18019739,mid,False
ENSG00000149577_SIDT2,SIDT2,1,0.09595375723,0.5,1,9.820543925,mid,False
ENSG00000151338_MIPOL1,MIPOL1,1,0.09595375723,0.5,1,9.333662331,mid,False
ENSG00000151461_UPF2,UPF2,1,0.09595375723,0.5,1,10.53149,mid,False
ENSG00000151849_CENPJ,CENPJ,1,0.09595375723,0.5,1,8.434252967,mid,False
ENSG00000151914_DST,DST,1,0.09595375723,0.5,1,13.50944905,head,False
ENSG00000154263_ABCA10,ABCA10,1,0.09595375723,0.5,1,4.16797065,mid,False
ENSG00000154358_OBSCN,OBSCN,1,0.09595375723,0.5,1,8.373486134,mid,False
ENSG00000154743_TSEN2,TSEN2,1,0.09595375723,0.5,1,9.107666502,mid,False
ENSG00000154920_EME1,EME1,1,0.09595375723,0.5,1,5.68961598,mid,False
ENSG00000155066_PROM2,PROM2,1,0.09595375723,0.5,1,13.79877161,head,False
ENSG00000156030_ELMSAN1,ELMSAN1,1,0.09595375723,0.5,1,11.476351,head,False
ENSG00000156218_ADAMTSL3,ADAMTSL3,1,0.09595375723,0.5,1,7.359637782,mid,False
ENSG00000156860_FBRS,FBRS,1,0.09595375723,0.5,1,10.93942448,mid,False
ENSG00000157343_ARMC12,ARMC12,1,0.09595375723,0.5,1,3.16192055,mid,False
ENSG00000157637_SLC38A10,SLC38A10,1,0.09595375723,0.5,1,10.66879135,mid,False
ENSG00000157827_FMNL2,FMNL2,1,0.09595375723,0.5,1,11.01319151,mid,False
ENSG00000158246_TENT5B,TENT5B,1,0.09595375723,0.5,1,10.2159165,mid,False
ENSG00000158691_ZSCAN12,ZSCAN12,1,0.09595375723,0.5,1,8.574520461,mid,False
ENSG00000158863_FAM160B2,FAM160B2,1,0.09595375723,0.5,1,9.971423836,mid,False
ENSG00000159713_TPPP3,TPPP3,1,0.09595375723,0.5,1,1.860190265,tail,False
ENSG00000160229_ZNF66,ZNF66,1,0.09595375723,0.5,1,6.688275368,mid,False
ENSG00000160613_PCSK7,PCSK7,1,0.09595375723,0.5,1,11.02815656,mid,False
ENSG00000160685_ZBTB7B,ZBTB7B,1,0.09595375723,0.5,1,11.84411849,head,False
ENSG00000161013_MGAT4B,MGAT4B,1,0.09595375723,0.5,1,12.13758577,head,False
ENSG00000161513_FDXR,FDXR,1,0.09595375723,0.5,1,8.702397949,mid,False
ENSG00000162004_CCDC78,CCDC78,1,0.09595375723,0.5,1,7.433038285,mid,False
ENSG00000163002_NUP35,NUP35,1,0.09595375723,0.5,1,8.719714616,mid,False
ENSG00000163071_SPATA18,SPATA18,1,0.09595375723,0.5,1,8.232024747,mid,False
ENSG00000163283_ALPP,ALPP,1,0.09595375723,0.5,1,8.78947415,mid,False
ENSG00000163286_ALPG,ALPG,1,0.09595375723,0.5,1,4.773686823,mid,False
ENSG00000163374_YY1AP1,YY1AP1,1,0.09595375723,0.5,1,10.29281214,mid,False
ENSG00000163507_CIP2A,CIP2A,1,0.09595375723,0.5,1,8.731334106,mid,False
ENSG00000163872_YEATS2,YEATS2,1,0.09595375723,0.5,1,10.42860506,mid,False
ENSG00000163898_LIPH,LIPH,1,0.09595375723,0.5,1,7.307378766,mid,False
ENSG00000164626_KCNK5,KCNK5,1,0.09595375723,0.5,1,11.83666109,head,False
ENSG00000165282_PIGO,PIGO,1,0.09595375723,0.5,1,10.1013732,mid,False
ENSG00000165861_ZFYVE1,ZFYVE1,1,0.09595375723,0.5,1,8.655495371,mid,False
ENSG00000166004_CEP295,CEP295,1,0.09595375723,0.5,1,9.871795172,mid,False
ENSG00000166140_ZFYVE19,ZFYVE19,1,0.09595375723,0.5,1,8.820016712,mid,False
ENSG00000166579_NDEL1,NDEL1,1,0.09595375723,0.5,1,9.703112165,mid,False
ENSG00000166922_SCG5,SCG5,1,0.09595375723,0.5,1,2.971547842,mid,False
ENSG00000167202_TBC1D2B,TBC1D2B,1,0.09595375723,0.5,1,11.22319347,mid,False
ENSG00000167880_EVPL,EVPL,1,0.09595375723,0.5,1,11.90261084,head,False
ENSG00000167968_DNASE1L2,DNASE1L2,1,0.09595375723,0.5,1,4.740712339,mid,False
ENSG00000168237_GLYCTK,GLYCTK,1,0.09595375723,0.5,1,6.755288951,mid,False
ENSG00000168447_SCNN1B,SCNN1B,1,0.09595375723,0.5,1,11.91906878,head,False
ENSG00000169031_COL4A3,COL4A3,1,0.09595375723,0.5,1,5.594642656,mid,False
ENSG00000169045_HNRNPH1,HNRNPH1,1,0.09595375723,0.5,1,12.9893522,head,False
ENSG00000169129_AFAP1L2,AFAP1L2,1,0.09595375723,0.5,1,7.286224503,mid,False
ENSG00000169696_ASPSCR1,ASPSCR1,1,0.09595375723,0.5,1,8.915562507,mid,False
ENSG00000170190_SLC16A5,SLC16A5,1,0.09595375723,0.5,1,9.670368665,mid,False
ENSG00000171219_CDC42BPG,CDC42BPG,1,0.09595375723,0.5,1,10.47293552,mid,False
ENSG00000171703_TCEA2,TCEA2,1,0.09595375723,0.5,1,7.877220674,mid,False
ENSG00000171824_EXOSC10,EXOSC10,1,0.09595375723,0.5,1,9.912844923,mid,False
ENSG00000171951_SCG2,SCG2,1,0.09595375723,0.5,1,2.798693396,mid,False
ENSG00000172046_USP19,USP19,1,0.09595375723,0.5,1,10.61040644,mid,False
ENSG00000172167_MTBP,MTBP,1,0.09595375723,0.5,1,7.468443855,mid,False
ENSG00000172985_SH3RF3,SH3RF3,1,0.09595375723,0.5,1,8.232846022,mid,False
ENSG00000173226_IQCB1,IQCB1,1,0.09595375723,0.5,1,8.853706747,mid,False
ENSG00000173546_CSPG4,CSPG4,1,0.09595375723,0.5,1,9.411284007,mid,False
ENSG00000173548_SNX33,SNX33,1,0.09595375723,0.5,1,11.09139359,mid,False
ENSG00000173588_CEP83,CEP83,1,0.09595375723,0.5,1,9.23328294,mid,False
ENSG00000173898_SPTBN2,SPTBN2,1,0.09595375723,0.5,1,12.76741719,head,False
ENSG00000174197_MGA,MGA,1,0.09595375723,0.5,1,10.60154441,mid,False
ENSG00000174233_ADCY6,ADCY6,1,0.09595375723,0.5,1,11.37837789,mid,False
ENSG00000174501_ANKRD36C,ANKRD36C,1,0.09595375723,0.5,1,8.650180216,mid,False
ENSG00000175221_MED16,MED16,1,0.09595375723,0.5,1,10.11780438,mid,False
ENSG00000176406_RIMS2,RIMS2,1,0.09595375723,0.5,1,5.402793431,mid,False
ENSG00000176531_PHLDB3,PHLDB3,1,0.09595375723,0.5,1,7.178243773,mid,False
ENSG00000177042_TMEM80,TMEM80,1,0.09595375723,0.5,1,8.763202796,mid,False
ENSG00000177169_ULK1,ULK1,1,0.09595375723,0.5,1,10.32434964,mid,False
ENSG00000177225_GATD1,GATD1,1,0.09595375723,0.5,1,10.62405191,mid,False
ENSG00000177728_TMEM94,TMEM94,1,0.09595375723,0.5,1,10.47919824,mid,False
ENSG00000179094_PER1,PER1,1,0.09595375723,0.5,1,11.55610554,head,False
ENSG00000179406_LINC00174,LINC00174,1,0.09595375723,0.5,1,6.957496602,mid,False
ENSG00000179954_SSC5D,SSC5D,1,0.09595375723,0.5,1,1.420598415,tail,False
ENSG00000180071_ANKRD18A,ANKRD18A,1,0.09595375723,0.5,1,8.469985227,mid,False
ENSG00000180287_PLD5,PLD5,1,0.09595375723,0.5,1,5.1816004,mid,False
ENSG00000180376_CCDC66,CCDC66,1,0.09595375723,0.5,1,8.804681672,mid,False
ENSG00000180914_OXTR,OXTR,1,0.09595375723,0.5,1,5.751207555,mid,False
ENSG00000181222_POLR2A,POLR2A,1,0.09595375723,0.5,1,12.24060061,head,False
ENSG00000181873_IBA57,IBA57,1,0.09595375723,0.5,1,8.903188966,mid,False
ENSG00000182057_OGFRP1,OGFRP1,1,0.09595375723,0.5,1,8.072453433,mid,False
ENSG00000182600_SNORC,SNORC,1,0.09595375723,0.5,1,5.527069828,mid,False
ENSG00000182872_RBM10,RBM10,1,0.09595375723,0.5,1,10.54227904,mid,False
ENSG00000182979_MTA1,MTA1,1,0.09595375723,0.5,1,11.12856787,mid,False
ENSG00000183421_RIPK4,RIPK4,1,0.09595375723,0.5,1,10.73803377,mid,False
ENSG00000185340_GAS2L1,GAS2L1,1,0.09595375723,0.5,1,9.208206948,mid,False
ENSG00000185513_L3MBTL1,L3MBTL1,1,0.09595375723,0.5,1,7.241680484,mid,False
ENSG00000185619_PCGF3,PCGF3,1,0.09595375723,0.5,1,10.31502047,mid,False
ENSG00000185666_SYN3,SYN3,1,0.09595375723,0.5,1,7.003186425,mid,False
ENSG00000185955_C7orf61,C7orf61,1,0.09595375723,0.5,1,1.753442457,tail,False
ENSG00000187778_MCRS1,MCRS1,1,0.09595375723,0.5,1,10.17311715,mid,False
ENSG00000189171_S100A13,S100A13,1,0.09595375723,0.5,1,10.72834302,mid,False
ENSG00000189190_ZNF600,ZNF600,1,0.09595375723,0.5,1,8.596582612,mid,False
ENSG00000196074_SYCP2,SYCP2,1,0.09595375723,0.5,1,7.736094958,mid,False
ENSG00000196152_ZNF79,ZNF79,1,0.09595375723,0.5,1,6.270768518,mid,False
ENSG00000196159_FAT4,FAT4,1,0.09595375723,0.5,1,7.665222158,mid,False
ENSG00000196417_ZNF765,ZNF765,1,0.09595375723,0.5,1,8.807649341,mid,False
ENSG00000196476_C20orf96,C20orf96,1,0.09595375723,0.5,1,6.426282348,mid,False
ENSG00000196576_PLXNB2,PLXNB2,1,0.09595375723,0.5,1,13.74289854,head,False
ENSG00000196912_ANKRD36B,ANKRD36B,1,0.09595375723,0.5,1,9.43939523,mid,False
ENSG00000197070_ARRDC1,ARRDC1,1,0.09595375723,0.5,1,11.11798249,mid,False
ENSG00000197102_DYNC1H1,DYNC1H1,1,0.09595375723,0.5,1,14.09116385,head,False
ENSG00000197299_BLM,BLM,1,0.09595375723,0.5,1,8.173785513,mid,False
ENSG00000197321_SVIL,SVIL,1,0.09595375723,0.5,1,10.56306189,mid,False
ENSG00000197472_ZNF695,ZNF695,1,0.09595375723,0.5,1,7.070578244,mid,False
ENSG00000197694_SPTAN1,SPTAN1,1,0.09595375723,0.5,1,13.51179902,head,False
ENSG00000197818_SLC9A8,SLC9A8,1,0.09595375723,0.5,1,9.308665909,mid,False
ENSG00000198000_NOL8,NOL8,1,0.09595375723,0.5,1,10.97646931,mid,False
ENSG00000198198_SZT2,SZT2,1,0.09595375723,0.5,1,10.35459932,mid,False
ENSG00000198355_PIM3,PIM3,1,0.09595375723,0.5,1,12.8452752,head,False
ENSG00000198399_ITSN2,ITSN2,1,0.09595375723,0.5,1,10.24237421,mid,False
ENSG00000198646_NCOA6,NCOA6,1,0.09595375723,0.5,1,10.96998833,mid,False
ENSG00000198700_IPO9,IPO9,1,0.09595375723,0.5,1,11.03425288,mid,False
ENSG00000198753_PLXNB3,PLXNB3,1,0.09595375723,0.5,1,8.936660745,mid,False
ENSG00000203804_ADAMTSL4-AS1,ADAMTSL4-AS1,1,0.09595375723,0.5,1,5.422542757,mid,False
ENSG00000204248_COL11A2,COL11A2,1,0.09595375723,0.5,1,4.438650002,mid,False
ENSG00000204351_SKIV2L,SKIV2L,1,0.09595375723,0.5,1,10.05743755,mid,False
ENSG00000204584_FLJ45513,FLJ45513,1,0.09595375723,0.5,1,3.1834422,mid,False
ENSG00000204764_RANBP17,RANBP17,1,0.09595375723,0.5,1,8.661455901,mid,False
ENSG00000213918_DNASE1,DNASE1,1,0.09595375723,0.5,1,7.862966306,mid,False
ENSG00000214078_CPNE1,CPNE1,1,0.09595375723,0.5,1,10.94166195,mid,False
ENSG00000223546_LINC00630,LINC00630,1,0.09595375723,0.5,1,6.805114866,mid,False
ENSG00000223784_LINP1,LINP1,1,0.09595375723,0.5,1,6.445400387,mid,False
ENSG00000226310_AL022157.1,AL022157.1,1,0.09595375723,0.5,1,2.541467744,mid,False
ENSG00000226479_TMEM185B,TMEM185B,1,0.09595375723,0.5,1,10.68971254,mid,False
ENSG00000226604_PAPPA-AS2,PAPPA-AS2,1,0.09595375723,0.5,1,2.453906203,mid,False
ENSG00000227782_AC002553.1,AC002553.1,1,0.09595375723,0.5,1,3.174819428,mid,False
ENSG00000227959_AL451042.2,AL451042.2,1,0.09595375723,0.5,1,3.630329809,mid,False
ENSG00000228049_POLR2J2,POLR2J2,1,0.09595375723,0.5,1,6.89446771,mid,False
ENSG00000228434_AC004951.1,AC004951.1,1,0.09595375723,0.5,1,6.106275957,mid,False
ENSG00000229563_LINC01204,LINC01204,1,0.09595375723,0.5,1,2.39030636,mid,False
ENSG00000232034_AC092168.2,AC092168.2,1,0.09595375723,0.5,1,2.32080993,mid,False
ENSG00000232536_AL365436.2,AL365436.2,1,0.09595375723,0.5,1,2.046394724,tail,False
ENSG00000233198_RNF224,RNF224,1,0.09595375723,0.5,1,4.200068061,mid,False
ENSG00000234616_JRK,JRK,1,0.09595375723,0.5,1,11.60643865,head,False
ENSG00000234771_SLC25A25-AS1,SLC25A25-AS1,1,0.09595375723,0.5,1,8.788623319,mid,False
ENSG00000234912_SNHG20,SNHG20,1,0.09595375723,0.5,1,9.504110974,mid,False
ENSG00000234913_AC016027.2,AC016027.2,1,0.09595375723,0.5,1,3.074471923,mid,False
ENSG00000235448_LURAP1L-AS1,LURAP1L-AS1,1,0.09595375723,0.5,1,1.31628086,tail,False
ENSG00000235823_OLMALINC,OLMALINC,1,0.09595375723,0.5,1,7.697712174,mid,False
ENSG00000239665_AL157392.3,AL157392.3,1,0.09595375723,0.5,1,7.70218228,mid,False
ENSG00000241404_EGFL8,EGFL8,1,0.09595375723,0.5,1,6.408584734,mid,False
ENSG00000241839_PLEKHO2,PLEKHO2,1,0.09595375723,0.5,1,5.809961804,mid,False
ENSG00000241973_PI4KA,PI4KA,1,0.09595375723,0.5,1,11.02345727,mid,False
ENSG00000243566_UPK3B,UPK3B,1,0.09595375723,0.5,1,4.976504424,mid,False
ENSG00000245532_NEAT1,NEAT1,1,0.09595375723,0.5,1,13.66124141,head,False
ENSG00000250067_YJEFN3,YJEFN3,1,0.09595375723,0.5,1,5.625515356,mid,False
ENSG00000253200_AC037459.2,AC037459.2,1,0.09595375723,0.5,1,6.137146247,mid,False
ENSG00000253716_MINCR,MINCR,1,0.09595375723,0.5,1,7.878567561,mid,False
ENSG00000254206_NPIPB11,NPIPB11,1,0.09595375723,0.5,1,4.944315858,mid,False
ENSG00000255284_AP006621.3,AP006621.3,1,0.09595375723,0.5,1,5.961034906,mid,False
ENSG00000258365_AC073655.2,AC073655.2,1,0.09595375723,0.5,1,3.220405961,mid,False
ENSG00000259780_AC009065.1,AC009065.1,1,0.09595375723,0.5,1,3.261214048,mid,False
ENSG00000260428_SCX,SCX,1,0.09595375723,0.5,1,6.027365132,mid,False
ENSG00000262049_AC139530.1,AC139530.1,1,0.09595375723,0.5,1,6.07465289,mid,False
ENSG00000262454_MIR193BHG,MIR193BHG,1,0.09595375723,0.5,1,6.578043461,mid,False
ENSG00000262903_AC027796.4,AC027796.4,1,0.09595375723,0.5,1,3.451580912,mid,False
ENSG00000264343_NOTCH2NLA,NOTCH2NLA,1,0.09595375723,0.5,1,9.227167229,mid,False
ENSG00000266074_BAHCC1,BAHCC1,1,0.09595375723,0.5,1,9.244016819,mid,False
ENSG00000266490_AC127024.5,AC127024.5,1,0.09595375723,0.5,1,3.152900189,mid,False
ENSG00000267060_PTGES3L,PTGES3L,1,0.09595375723,0.5,1,2.820868812,mid,False
ENSG00000267796_LIN37,LIN37,1,0.09595375723,0.5,1,6.997250452,mid,False
ENSG00000267834_AL592211.1,AL592211.1,1,0.09595375723,0.5,1,1.564457807,tail,False
ENSG00000270177_AC104109.2,AC104109.2,1,0.09595375723,0.5,1,3.813558493,mid,False
ENSG00000270629_NBPF14,NBPF14,1,0.09595375723,0.5,1,10.25063384,mid,False
ENSG00000273760_AC245041.1,AC245041.1,1,0.09595375723,0.5,1,7.99641573,mid,False
ENSG00000275491_LINC01730,LINC01730,1,0.09595375723,0.5,1,1.248635349,tail,False
ENSG00000275888_AC132872.3,AC132872.3,1,0.09595375723,0.5,1,4.030210521,mid,False
ENSG00000277363_SRCIN1,SRCIN1,1,0.09595375723,0.5,1,4.270294002,mid,False
ENSG00000277715_AC079174.2,AC079174.2,1,0.09595375723,0.5,1,3.817088058,mid,False
ENSG00000278311_GGNBP2,GGNBP2,1,0.09595375723,0.5,1,10.53797856,mid,False
ENSG00000279168_AC105052.4,AC105052.4,1,0.09595375723,0.5,1,3.478295228,mid,False
ENSG00000279873_LINC01126,LINC01126,1,0.09595375723,0.5,1,4.553574071,mid,False
ENSG00000281706_AL009179.1,AL009179.1,1,0.09595375723,0.5,1,6.019397642,mid,False
ENSG00000283415_AC087280.2,AC087280.2,1,0.09595375723,0.5,1,3.350075032,mid,False
ENSG00000285581_AC091196.1,AC091196.1,1,0.09595375723,0.5,1,3.396738948,mid,False
ENSG00000286219_NOTCH2NLC,NOTCH2NLC,1,0.09595375723,0.5,1,9.541147492,mid,False
ENSG00000286230_AC010327.7,AC010327.7,1,0.09595375723,0.5,1,1.465101841,tail,False
ENSG00000287566_AL732437.3,AL732437.3,1,0.09595375723,0.5,1,3.96522627,mid,False
ENSG00000262117_BCAR4,BCAR4,1,0.09595375723,0.53125,1,0.2038550741,tail,False
ENSG00000169495_HTRA4,HTRA4,1,0.09595375723,0.53125,1,0.9146695938,tail,False
ENSG00000005189_REXO5,REXO5,1,0.09595375723,0.5625,1,6.018566728,mid,False
ENSG00000008083_JARID2,JARID2,1,0.09595375723,0.5625,1,9.415132215,mid,False
ENSG00000008128_CDK11A,CDK11A,1,0.09595375723,0.5625,1,7.41715419,mid,False
ENSG00000020577_SAMD4A,SAMD4A,1,0.09595375723,0.5625,1,9.653770566,mid,False
ENSG00000031003_FAM13B,FAM13B,1,0.09595375723,0.5625,1,9.219680732,mid,False
ENSG00000048707_VPS13D,VPS13D,1,0.09595375723,0.5625,1,10.78204838,mid,False
ENSG00000051180_RAD51,RAD51,1,0.09595375723,0.5625,1,6.964071964,mid,True
ENSG00000051341_POLQ,POLQ,1,0.09595375723,0.5625,1,8.850727096,mid,False
ENSG00000053747_LAMA3,LAMA3,1,0.09595375723,0.5625,1,12.51003099,head,False
ENSG00000067191_CACNB1,CACNB1,1,0.09595375723,0.5625,1,7.889313909,mid,False
ENSG00000070413_DGCR2,DGCR2,1,0.09595375723,0.5625,1,11.81426589,head,False
ENSG00000071539_TRIP13,TRIP13,1,0.09595375723,0.5625,1,9.02122304,mid,False
ENSG00000075539_FRYL,FRYL,1,0.09595375723,0.5625,1,11.05827517,mid,False
ENSG00000076650_GPATCH1,GPATCH1,1,0.09595375723,0.5625,1,8.046966988,mid,False
ENSG00000083857_FAT1,FAT1,1,0.09595375723,0.5625,1,12.94011184,head,False
ENSG00000091622_PITPNM3,PITPNM3,1,0.09595375723,0.5625,1,11.07383711,mid,False
ENSG00000100014_SPECC1L,SPECC1L,1,0.09595375723,0.5625,1,10.88979206,mid,False
ENSG00000100228_RAB36,RAB36,1,0.09595375723,0.5625,1,5.689610542,mid,False
ENSG00000100918_REC8,REC8,1,0.09595375723,0.5625,1,5.057264749,mid,False
ENSG00000101311_FERMT1,FERMT1,1,0.09595375723,0.5625,1,10.88779868,mid,False
ENSG00000101361_NOP56,NOP56,1,0.09595375723,0.5625,1,11.72361891,head,False
ENSG00000102057_KCND1,KCND1,1,0.09595375723,0.5625,1,3.201489528,mid,False
ENSG00000102452_NALCN,NALCN,1,0.09595375723,0.5625,1,8.483016884,mid,False
ENSG00000103174_NAGPA,NAGPA,1,0.09595375723,0.5625,1,8.316459517,mid,False
ENSG00000103199_ZNF500,ZNF500,1,0.09595375723,0.5625,1,7.959922782,mid,False
ENSG00000103257_SLC7A5,SLC7A5,1,0.09595375723,0.5625,1,15.13714321,head,False
ENSG00000104973_MED25,MED25,1,0.09595375723,0.5625,1,10.05548803,mid,False
ENSG00000105072_C19orf44,C19orf44,1,0.09595375723,0.5625,1,7.425878315,mid,False
ENSG00000105146_AURKC,AURKC,1,0.09595375723,0.5625,1,1.885162739,tail,False
ENSG00000105221_AKT2,AKT2,1,0.09595375723,0.5625,1,11.89109027,head,False
ENSG00000105321_CCDC9,CCDC9,1,0.09595375723,0.5625,1,8.010298254,mid,False
ENSG00000105397_TYK2,TYK2,1,0.09595375723,0.5625,1,10.22664547,mid,False
ENSG00000105618_PRPF31,PRPF31,1,0.09595375723,0.5625,1,10.12478319,mid,False
ENSG00000106012_IQCE,IQCE,1,0.09595375723,0.5625,1,10.25968958,mid,False
ENSG00000106089_STX1A,STX1A,1,0.09595375723,0.5625,1,7.666133019,mid,False
ENSG00000106125_MINDY4,MINDY4,1,0.09595375723,0.5625,1,8.190353814,mid,False
ENSG00000106617_PRKAG2,PRKAG2,1,0.09595375723,0.5625,1,11.27125492,mid,False
ENSG00000108469_RECQL5,RECQL5,1,0.09595375723,0.5625,1,9.050289311,mid,False
ENSG00000108509_CAMTA2,CAMTA2,1,0.09595375723,0.5625,1,9.921907822,mid,False
ENSG00000109576_AADAT,AADAT,1,0.09595375723,0.5625,1,6.573961189,mid,False
ENSG00000112186_CAP2,CAP2,1,0.09595375723,0.5625,1,7.414751041,mid,False
ENSG00000113360_DROSHA,DROSHA,1,0.09595375723,0.5625,1,10.73785754,mid,False
ENSG00000113838_TBCCD1,TBCCD1,1,0.09595375723,0.5625,1,8.328377846,mid,False
ENSG00000114554_PLXNA1,PLXNA1,1,0.09595375723,0.5625,1,12.3467902,head,False
ENSG00000114626_ABTB1,ABTB1,1,0.09595375723,0.5625,1,7.141035654,mid,False
ENSG00000115183_TANC1,TANC1,1,0.09595375723,0.5625,1,11.23947992,mid,False
ENSG00000115257_PCSK4,PCSK4,1,0.09595375723,0.5625,1,4.356151183,mid,False
ENSG00000117394_SLC2A1,SLC2A1,1,0.09595375723,0.5625,1,11.87142686,head,False
ENSG00000118495_PLAGL1,PLAGL1,1,0.09595375723,0.5625,1,9.414173829,mid,False
ENSG00000120051_CFAP58,CFAP58,1,0.09595375723,0.5625,1,2.684438875,mid,False
ENSG00000121281_ADCY7,ADCY7,1,0.09595375723,0.5625,1,7.995491818,mid,False
ENSG00000125148_MT2A,MT2A,1,0.09595375723,0.5625,1,9.568296685,mid,False
ENSG00000125386_FAM193A,FAM193A,1,0.09595375723,0.5625,1,9.509735901,mid,False
ENSG00000126216_TUBGCP3,TUBGCP3,1,0.09595375723,0.5625,1,9.438342133,mid,False
ENSG00000129173_E2F8,E2F8,1,0.09595375723,0.5625,1,7.972458224,mid,False
ENSG00000129351_ILF3,ILF3,1,0.09595375723,0.5625,1,13.11401661,head,False
ENSG00000130713_EXOSC2,EXOSC2,1,0.09595375723,0.5625,1,9.629611239,mid,False
ENSG00000132522_GPS2,GPS2,1,0.09595375723,0.5625,1,9.348493849,mid,False
ENSG00000134250_NOTCH2,NOTCH2,1,0.09595375723,0.5625,1,13.21221587,head,False
ENSG00000134324_LPIN1,LPIN1,1,0.09595375723,0.5625,1,12.46852476,head,False
ENSG00000134574_DDB2,DDB2,1,0.09595375723,0.5625,1,8.229718134,mid,False
ENSG00000135597_REPS1,REPS1,1,0.09595375723,0.5625,1,10.31893518,mid,False
ENSG00000135722_FBXL8,FBXL8,1,0.09595375723,0.5625,1,6.725955274,mid,False
ENSG00000135976_ANKRD36,ANKRD36,1,0.09595375723,0.5625,1,10.19271433,mid,False
ENSG00000137135_ARHGEF39,ARHGEF39,1,0.09595375723,0.5625,1,7.427356935,mid,False
ENSG00000137807_KIF23,KIF23,1,0.09595375723,0.5625,1,9.670977681,mid,False
ENSG00000137936_BCAR3,BCAR3,1,0.09595375723,0.5625,1,10.91347803,mid,False
ENSG00000138399_FASTKD1,FASTKD1,1,0.09595375723,0.5625,1,10.09708179,mid,False
ENSG00000138658_ZGRF1,ZGRF1,1,0.09595375723,0.5625,1,7.963827807,mid,False
ENSG00000139436_GIT2,GIT2,1,0.09595375723,0.5625,1,9.96793252,mid,False
ENSG00000139626_ITGB7,ITGB7,1,0.09595375723,0.5625,1,5.943791821,mid,False
ENSG00000139718_SETD1B,SETD1B,1,0.09595375723,0.5625,1,10.94486557,mid,False
ENSG00000140400_MAN2C1,MAN2C1,1,0.09595375723,0.5625,1,10.28579477,mid,False
ENSG00000143369_ECM1,ECM1,1,0.09595375723,0.5625,1,5.28434503,mid,False
ENSG00000144130_NT5DC4,NT5DC4,1,0.09595375723,0.5625,1,3.056757703,mid,False
ENSG00000144554_FANCD2,FANCD2,1,0.09595375723,0.5625,1,9.631133138,mid,False
ENSG00000144589_STK11IP,STK11IP,1,0.09595375723,0.5625,1,8.976405242,mid,False
ENSG00000145214_DGKQ,DGKQ,1,0.09595375723,0.5625,1,9.030690937,mid,False
ENSG00000145555_MYO10,MYO10,1,0.09595375723,0.5625,1,11.52517178,head,False
ENSG00000146063_TRIM41,TRIM41,1,0.09595375723,0.5625,1,9.659228978,mid,False
ENSG00000146648_EGFR,EGFR,1,0.09595375723,0.5625,1,12.45722094,head,False
ENSG00000147144_CCDC120,CCDC120,1,0.09595375723,0.5625,1,8.904579633,mid,False
ENSG00000147697_GSDMC,GSDMC,1,0.09595375723,0.5625,1,6.766423478,mid,False
ENSG00000149054_ZNF215,ZNF215,1,0.09595375723,0.5625,1,8.205990433,mid,False
ENSG00000149201_CCDC81,CCDC81,1,0.09595375723,0.5625,1,2.271298807,mid,False
ENSG00000151746_BICD1,BICD1,1,0.09595375723,0.5625,1,9.235431796,mid,False
ENSG00000154222_CC2D1B,CC2D1B,1,0.09595375723,0.5625,1,9.155020314,mid,False
ENSG00000154803_FLCN,FLCN,1,0.09595375723,0.5625,1,8.871750889,mid,False
ENSG00000155254_MARVELD1,MARVELD1,1,0.09595375723,0.5625,1,11.36456709,mid,False
ENSG00000155287_SLC25A28,SLC25A28,1,0.09595375723,0.5625,1,8.716599162,mid,False
ENSG00000157212_PAXIP1,PAXIP1,1,0.09595375723,0.5625,1,9.429689839,mid,False
ENSG00000159733_ZFYVE28,ZFYVE28,1,0.09595375723,0.5625,1,5.65745708,mid,False
ENSG00000159899_NPR2,NPR2,1,0.09595375723,0.5625,1,5.702375767,mid,False
ENSG00000161958_FGF11,FGF11,1,0.09595375723,0.5625,1,6.436722699,mid,False
ENSG00000162461_SLC25A34,SLC25A34,1,0.09595375723,0.5625,1,2.448744224,mid,False
ENSG00000162650_ATXN7L2,ATXN7L2,1,0.09595375723,0.5625,1,7.289390556,mid,False
ENSG00000163050_COQ8A,COQ8A,1,0.09595375723,0.5625,1,10.35487417,mid,False
ENSG00000163312_HELQ,HELQ,1,0.09595375723,0.5625,1,8.198163068,mid,False
ENSG00000163945_UVSSA,UVSSA,1,0.09595375723,0.5625,1,8.258321625,mid,False
ENSG00000164080_RAD54L2,RAD54L2,1,0.09595375723,0.5625,1,10.34856414,mid,False
ENSG00000164306_PRIMPOL,PRIMPOL,1,0.09595375723,0.5625,1,7.512348476,mid,False
ENSG00000164808_SPIDR,SPIDR,1,0.09595375723,0.5625,1,9.986222118,mid,False
ENSG00000164880_INTS1,INTS1,1,0.09595375723,0.5625,1,11.82801305,head,False
ENSG00000165733_BMS1,BMS1,1,0.09595375723,0.5625,1,10.86307658,mid,False
ENSG00000166012_TAF1D,TAF1D,1,0.09595375723,0.5625,1,12.63323092,head,False
ENSG00000166261_ZNF202,ZNF202,1,0.09595375723,0.5625,1,8.584480558,mid,False
ENSG00000166343_MSS51,MSS51,1,0.09595375723,0.5625,1,4.312386843,mid,False
ENSG00000166762_CATSPER2,CATSPER2,1,0.09595375723,0.5625,1,5.710149434,mid,False
ENSG00000166965_RCCD1,RCCD1,1,0.09595375723,0.5625,1,9.457626837,mid,False
ENSG00000167103_PIP5KL1,PIP5KL1,1,0.09595375723,0.5625,1,6.087292348,mid,False
ENSG00000167552_TUBA1A,TUBA1A,1,0.09595375723,0.5625,1,5.026085083,mid,False
ENSG00000167767_KRT80,KRT80,1,0.09595375723,0.5625,1,10.8391617,mid,False
ENSG00000167992_VWCE,VWCE,1,0.09595375723,0.5625,1,1.794281629,tail,False
ENSG00000168096_ANKS3,ANKS3,1,0.09595375723,0.5625,1,8.14845109,mid,False
ENSG00000170345_FOS,FOS,1,0.09595375723,0.5625,1,8.443324539,mid,False
ENSG00000171056_SOX7,SOX7,1,0.09595375723,0.5625,1,1.573531781,tail,False
ENSG00000171097_KYAT1,KYAT1,1,0.09595375723,0.5625,1,7.55152028,mid,False
ENSG00000171163_ZNF692,ZNF692,1,0.09595375723,0.5625,1,9.431486533,mid,False
ENSG00000172349_IL16,IL16,1,0.09595375723,0.5625,1,0.8080621036,tail,False
ENSG00000172375_C2CD2L,C2CD2L,1,0.09595375723,0.5625,1,8.96731487,mid,False
ENSG00000172432_GTPBP2,GTPBP2,1,0.09595375723,0.5625,1,9.218764953,mid,False
ENSG00000172890_NADSYN1,NADSYN1,1,0.09595375723,0.5625,1,10.79343192,mid,False
ENSG00000173064_HECTD4,HECTD4,1,0.09595375723,0.5625,1,11.206007,mid,False
ENSG00000173065_FAM222B,FAM222B,1,0.09595375723,0.5625,1,9.582013687,mid,False
ENSG00000173559_NABP1,NABP1,1,0.09595375723,0.5625,1,10.23768044,mid,False
ENSG00000174371_EXO1,EXO1,1,0.09595375723,0.5625,1,8.007604446,mid,False
ENSG00000174842_GLMN,GLMN,1,0.09595375723,0.5625,1,8.529742155,mid,False
ENSG00000175309_PHYKPL,PHYKPL,1,0.09595375723,0.5625,1,8.872103219,mid,False
ENSG00000176058_TPRN,TPRN,1,0.09595375723,0.5625,1,10.39829479,mid,False
ENSG00000176208_ATAD5,ATAD5,1,0.09595375723,0.5625,1,8.769444931,mid,False
ENSG00000176248_ANAPC2,ANAPC2,1,0.09595375723,0.5625,1,9.934737467,mid,False
ENSG00000177519_RPRM,RPRM,1,0.09595375723,0.5625,1,2.636947413,mid,False
ENSG00000178498_DTX3,DTX3,1,0.09595375723,0.5625,1,6.6544854,mid,False
ENSG00000179242_CDH4,CDH4,1,0.09595375723,0.5625,1,2.98261255,mid,False
ENSG00000180902_D2HGDH,D2HGDH,1,0.09595375723,0.5625,1,9.03982518,mid,False
ENSG00000182957_SPATA13,SPATA13,1,0.09595375723,0.5625,1,10.40738185,mid,False
ENSG00000183495_EP400,EP400,1,0.09595375723,0.5625,1,11.67808408,head,False
ENSG00000184863_RBM33,RBM33,1,0.09595375723,0.5625,1,10.85300207,mid,False
ENSG00000185483_ROR1,ROR1,1,0.09595375723,0.5625,1,8.595330144,mid,False
ENSG00000185864_NPIPB4,NPIPB4,1,0.09595375723,0.5625,1,8.059117725,mid,False
ENSG00000186635_ARAP1,ARAP1,1,0.09595375723,0.5625,1,10.72192848,mid,False
ENSG00000188015_S100A3,S100A3,1,0.09595375723,0.5625,1,5.664660723,mid,False
ENSG00000188130_MAPK12,MAPK12,1,0.09595375723,0.5625,1,8.380244928,mid,False
ENSG00000189409_MMP23B,MMP23B,1,0.09595375723,0.5625,1,2.943023294,mid,False
ENSG00000196754_S100A2,S100A2,1,0.09595375723,0.5625,1,13.21361116,head,False
ENSG00000197037_ZSCAN25,ZSCAN25,1,0.09595375723,0.5625,1,8.508593336,mid,False
ENSG00000197136_PCNX3,PCNX3,1,0.09595375723,0.5625,1,11.34175343,mid,False
ENSG00000197279_ZNF165,ZNF165,1,0.09595375723,0.5625,1,7.534462674,mid,False
ENSG00000197813_AC011450.1,AC011450.1,1,0.09595375723,0.5625,1,2.241115102,mid,False
ENSG00000198089_SFI1,SFI1,1,0.09595375723,0.5625,1,8.695978195,mid,False
ENSG00000198169_ZNF251,ZNF251,1,0.09595375723,0.5625,1,9.148961407,mid,False
ENSG00000198218_QRICH1,QRICH1,1,0.09595375723,0.5625,1,10.80208802,mid,False
ENSG00000204130_RUFY2,RUFY2,1,0.09595375723,0.5625,1,8.592999878,mid,False
ENSG00000205041_AC118344.1,AC118344.1,1,0.09595375723,0.5625,1,4.273363925,mid,False
ENSG00000205307_SAP25,SAP25,1,0.09595375723,0.5625,1,4.607250851,mid,False
ENSG00000205726_ITSN1,ITSN1,1,0.09595375723,0.5625,1,10.09100089,mid,False
ENSG00000213398_LCAT,LCAT,1,0.09595375723,0.5625,1,4.687384155,mid,False
ENSG00000214193_SH3D21,SH3D21,1,0.09595375723,0.5625,1,11.49804953,head,False
ENSG00000214756_CSKMT,CSKMT,1,0.09595375723,0.5625,1,8.593336522,mid,False
ENSG00000223813_AC007255.1,AC007255.1,1,0.09595375723,0.5625,1,4.709573093,mid,False
ENSG00000225830_ERCC6,ERCC6,1,0.09595375723,0.5625,1,10.89588133,mid,False
ENSG00000225855_RUSC1-AS1,RUSC1-AS1,1,0.09595375723,0.5625,1,3.947857414,mid,False
ENSG00000226816_AC005082.1,AC005082.1,1,0.09595375723,0.5625,1,1.411464688,tail,False
ENSG00000227627_AL080276.2,AL080276.2,1,0.09595375723,0.5625,1,5.124238926,mid,False
ENSG00000228696_ARL17B,ARL17B,1,0.09595375723,0.5625,1,6.140429143,mid,False
ENSG00000229422_AL512625.2,AL512625.2,1,0.09595375723,0.5625,1,5.946666969,mid,False
ENSG00000230124_ACBD6,ACBD6,1,0.09595375723,0.5625,1,9.972616545,mid,False
ENSG00000230724_LINC01001,LINC01001,1,0.09595375723,0.5625,1,7.509887161,mid,False
ENSG00000233885_YEATS2-AS1,YEATS2-AS1,1,0.09595375723,0.5625,1,2.094189969,tail,False
ENSG00000240230_COX19,COX19,1,0.09595375723,0.5625,1,8.273890816,mid,False
ENSG00000240240_BX664727.3,BX664727.3,1,0.09595375723,0.5625,1,3.439969158,mid,False
ENSG00000241860_AL627309.5,AL627309.5,1,0.09595375723,0.5625,1,7.984066672,mid,False
ENSG00000241990_PRR34-AS1,PRR34-AS1,1,0.09595375723,0.5625,1,6.402091905,mid,False
ENSG00000254093_PINX1,PINX1,1,0.09595375723,0.5625,1,7.584471727,mid,False
ENSG00000254740_AP003396.3,AP003396.3,1,0.09595375723,0.5625,1,1.856115481,tail,False
ENSG00000258890_CEP95,CEP95,1,0.09595375723,0.5625,1,9.009639669,mid,False
ENSG00000260647_AC127537.1,AC127537.1,1,0.09595375723,0.5625,1,2.470758263,mid,False
ENSG00000260852_FBXL19-AS1,FBXL19-AS1,1,0.09595375723,0.5625,1,7.514333232,mid,False
ENSG00000261064_LINC02256,LINC02256,1,0.09595375723,0.5625,1,2.259251458,mid,False
ENSG00000261286_ATP2C2-AS1,ATP2C2-AS1,1,0.09595375723,0.5625,1,6.710432806,mid,False
ENSG00000261684_AC018362.1,AC018362.1,1,0.09595375723,0.5625,1,1.889633688,tail,False
ENSG00000261794_GOLGA8H,GOLGA8H,1,0.09595375723,0.5625,1,2.375655827,mid,False
ENSG00000262712_AC012676.1,AC012676.1,1,0.09595375723,0.5625,1,5.322752577,mid,False
ENSG00000265451_AC012447.1,AC012447.1,1,0.09595375723,0.5625,1,0.9074180693,tail,False
ENSG00000266338_NBPF15,NBPF15,1,0.09595375723,0.5625,1,10.24325342,mid,False
ENSG00000267139_AC005262.2,AC005262.2,1,0.09595375723,0.5625,1,2.305675284,mid,False
ENSG00000269352_PTOV1-AS2,PTOV1-AS2,1,0.09595375723,0.5625,1,4.09537965,mid,False
ENSG00000272202_AC097358.2,AC097358.2,1,0.09595375723,0.5625,1,2.597085451,mid,False
ENSG00000273599_AL731571.1,AL731571.1,1,0.09595375723,0.5625,1,3.100421465,mid,False
ENSG00000274251_AP003419.2,AP003419.2,1,0.09595375723,0.5625,1,2.060335112,tail,False
ENSG00000275092_AL031710.2,AL031710.2,1,0.09595375723,0.5625,1,2.918264268,mid,False
ENSG00000276916_AL442125.2,AL442125.2,1,0.09595375723,0.5625,1,1.835714567,tail,False
ENSG00000277283_AC004812.2,AC004812.2,1,0.09595375723,0.5625,1,6.225494029,mid,False
ENSG00000278599_TBC1D3E,TBC1D3E,1,0.09595375723,0.5625,1,5.820424127,mid,False
ENSG00000278869_BX539320.1,BX539320.1,1,0.09595375723,0.5625,1,4.955562402,mid,False
ENSG00000281005_LINC00921,LINC00921,1,0.09595375723,0.5625,1,4.284708604,mid,False
ENSG00000282508_LINC01002,LINC01002,1,0.09595375723,0.5625,1,7.403074972,mid,False
ENSG00000284981_UPK3BL2,UPK3BL2,1,0.09595375723,0.5625,1,6.069234474,mid,False
ENSG00000287726_AC005740.5,AC005740.5,1,0.09595375723,0.5625,1,1.847840026,tail,False
ENSG00000100276_RASL10A,RASL10A,1,0.09595375723,0.59375,1,0.6683413834,tail,False
ENSG00000100578_KIAA0586,KIAA0586,0.9375,0.1518987342,0,0.3887587822,9.798522116,mid,False
ENSG00000109381_ELF2,ELF2,0.9375,0.1518987342,0,0.3887587822,10.02251243,mid,False
ENSG00000135249_RINT1,RINT1,0.9375,0.1518987342,0,0.3887587822,9.598945034,mid,False
ENSG00000156931_VPS8,VPS8,0.9375,0.1518987342,0,0.3887587822,10.03493833,mid,False
ENSG00000183354_KIAA2026,KIAA2026,0.9375,0.1518987342,0,0.3887587822,10.35183131,mid,False
ENSG00000276728_AC142472.1,AC142472.1,0.9375,0.1518987342,0,0.3887587822,5.277982174,mid,False
ENSG00000039600_SOX30,SOX30,0.9375,0.1518987342,0.0625,0.4977511244,2.277191139,mid,False
ENSG00000055955_ITIH4,ITIH4,0.9375,0.1518987342,0.0625,0.4977511244,3.797025196,mid,False
ENSG00000137101_CD72,CD72,0.9375,0.1518987342,0.0625,0.4977511244,2.405988661,mid,False
ENSG00000149292_TTC12,TTC12,0.9375,0.1518987342,0.0625,0.4977511244,8.390654293,mid,False
ENSG00000163596_ICA1L,ICA1L,0.9375,0.1518987342,0.0625,0.4977511244,6.23596515,mid,False
ENSG00000266111_AC068025.2,AC068025.2,0.9375,0.1518987342,0.0625,0.4977511244,1.148632087,tail,False
ENSG00000003756_RBM5,RBM5,0.9375,0.1518987342,0.125,0.6097337006,10.91917247,mid,False
ENSG00000054282_SDCCAG8,SDCCAG8,0.9375,0.1518987342,0.125,0.6097337006,8.736125644,mid,False
ENSG00000066827_ZFAT,ZFAT,0.9375,0.1518987342,0.125,0.6097337006,8.963544205,mid,False
ENSG00000115109_EPB41L5,EPB41L5,0.9375,0.1518987342,0.125,0.6097337006,9.812637478,mid,False
ENSG00000135407_AVIL,AVIL,0.9375,0.1518987342,0.125,0.6097337006,4.258324914,mid,False
ENSG00000136535_TBR1,TBR1,0.9375,0.1518987342,0.125,0.6097337006,1.382194823,tail,False
ENSG00000155666_KDM8,KDM8,0.9375,0.1518987342,0.125,0.6097337006,5.66674523,mid,False
ENSG00000172878_METAP1D,METAP1D,0.9375,0.1518987342,0.125,0.6097337006,8.622559167,mid,False
ENSG00000198569_SLC34A3,SLC34A3,0.9375,0.1518987342,0.125,0.6097337006,2.391131773,mid,False
ENSG00000212122_TSSK1B,TSSK1B,0.9375,0.1518987342,0.125,0.6097337006,4.164330931,mid,False
ENSG00000215067_ALOX12-AS1,ALOX12-AS1,0.9375,0.1518987342,0.125,0.6097337006,6.391445377,mid,False
ENSG00000232671_ZNF687-AS1,ZNF687-AS1,0.9375,0.1518987342,0.125,0.6097337006,2.670749186,mid,False
ENSG00000253704_AC023632.2,AC023632.2,0.9375,0.1518987342,0.125,0.6097337006,3.087051811,mid,False
ENSG00000257335_MGAM,MGAM,0.9375,0.1518987342,0.125,0.6097337006,3.292505857,mid,False
ENSG00000272597_AC063944.3,AC063944.3,0.9375,0.1518987342,0.125,0.6097337006,1.779108571,tail,False
ENSG00000274220_AC009163.7,AC009163.7,0.9375,0.1518987342,0.125,0.6097337006,3.832958871,mid,False
ENSG00000280739_EIF1B-AS1,EIF1B-AS1,0.9375,0.1518987342,0.125,0.6097337006,4.850285711,mid,False
ENSG00000042445_RETSAT,RETSAT,0.9375,0.1518987342,0.1875,0.7407564811,11.02604071,mid,False
ENSG00000068976_PYGM,PYGM,0.9375,0.1518987342,0.1875,0.7407564811,2.129988468,tail,False
ENSG00000104375_STK3,STK3,0.9375,0.1518987342,0.1875,0.7407564811,9.172737894,mid,False
ENSG00000111961_SASH1,SASH1,0.9375,0.1518987342,0.1875,0.7407564811,9.724578754,mid,False
ENSG00000113761_ZNF346,ZNF346,0.9375,0.1518987342,0.1875,0.7407564811,8.458043394,mid,False
ENSG00000117625_RCOR3,RCOR3,0.9375,0.1518987342,0.1875,0.7407564811,9.488300971,mid,False
ENSG00000121310_ECHDC2,ECHDC2,0.9375,0.1518987342,0.1875,0.7407564811,9.529619428,mid,False
ENSG00000131386_GALNT15,GALNT15,0.9375,0.1518987342,0.1875,0.7407564811,3.769332177,mid,False
ENSG00000157445_CACNA2D3,CACNA2D3,0.9375,0.1518987342,0.1875,0.7407564811,5.377929874,mid,False
ENSG00000160469_BRSK1,BRSK1,0.9375,0.1518987342,0.1875,0.7407564811,1.230262378,tail,False
ENSG00000161040_FBXL13,FBXL13,0.9375,0.1518987342,0.1875,0.7407564811,3.434700048,mid,False
ENSG00000170734_POLH,POLH,0.9375,0.1518987342,0.1875,0.7407564811,9.020092406,mid,False
ENSG00000180066_C10orf91,C10orf91,0.9375,0.1518987342,0.1875,0.7407564811,3.424037518,mid,False
ENSG00000188219_POTEE,POTEE,0.9375,0.1518987342,0.1875,0.7407564811,2.848513047,mid,False
ENSG00000196834_POTEI,POTEI,0.9375,0.1518987342,0.1875,0.7407564811,2.809147272,mid,False
ENSG00000226763_SRRM5,SRRM5,0.9375,0.1518987342,0.1875,0.7407564811,3.016628235,mid,False
ENSG00000239732_TLR9,TLR9,0.9375,0.1518987342,0.1875,0.7407564811,2.238065864,mid,False
ENSG00000268401_AC007785.3,AC007785.3,0.9375,0.1518987342,0.1875,0.7407564811,2.568387373,mid,False
ENSG00000273139_AC007663.3,AC007663.3,0.9375,0.1518987342,0.1875,0.7407564811,2.791207941,mid,False
ENSG00000277639_AC007906.2,AC007906.2,0.9375,0.1518987342,0.1875,0.7407564811,4.067119727,mid,False
ENSG00000281849_AL732314.6,AL732314.6,0.9375,0.1518987342,0.1875,0.7407564811,2.447894862,mid,False
ENSG00000286965_AC108066.2,AC108066.2,0.9375,0.1518987342,0.1875,0.7407564811,5.969418057,mid,False
ENSG00000041988_THAP3,THAP3,0.9375,0.1518987342,0.25,0.7996788438,7.161287927,mid,False
ENSG00000083828_ZNF586,ZNF586,0.9375,0.1518987342,0.25,0.7996788438,7.893090444,mid,False
ENSG00000100325_ASCC2,ASCC2,0.9375,0.1518987342,0.25,0.7996788438,10.21119238,mid,False
ENSG00000104237_RP1,RP1,0.9375,0.1518987342,0.25,0.7996788438,8.109932432,mid,False
ENSG00000112679_DUSP22,DUSP22,0.9375,0.1518987342,0.25,0.7996788438,9.30723181,mid,False
ENSG00000114735_HEMK1,HEMK1,0.9375,0.1518987342,0.25,0.7996788438,8.766474548,mid,False
ENSG00000114841_DNAH1,DNAH1,0.9375,0.1518987342,0.25,0.7996788438,6.9705924,mid,False
ENSG00000126773_PCNX4,PCNX4,0.9375,0.1518987342,0.25,0.7996788438,10.63759335,mid,False
ENSG00000130222_GADD45G,GADD45G,0.9375,0.1518987342,0.25,0.7996788438,4.301919363,mid,False
ENSG00000132535_DLG4,DLG4,0.9375,0.1518987342,0.25,0.7996788438,5.214394078,mid,False
ENSG00000132716_DCAF8,DCAF8,0.9375,0.1518987342,0.25,0.7996788438,11.0822595,mid,False
ENSG00000135362_PRR5L,PRR5L,0.9375,0.1518987342,0.25,0.7996788438,4.6751826,mid,False
ENSG00000137497_NUMA1,NUMA1,0.9375,0.1518987342,0.25,0.7996788438,12.71206117,head,False
ENSG00000142621_FHAD1,FHAD1,0.9375,0.1518987342,0.25,0.7996788438,1.047072019,tail,False
ENSG00000160602_NEK8,NEK8,0.9375,0.1518987342,0.25,0.7996788438,7.113644934,mid,False
ENSG00000163545_NUAK2,NUAK2,0.9375,0.1518987342,0.25,0.7996788438,5.834241149,mid,False
ENSG00000164953_TMEM67,TMEM67,0.9375,0.1518987342,0.25,0.7996788438,7.977639835,mid,False
ENSG00000166987_MBD6,MBD6,0.9375,0.1518987342,0.25,0.7996788438,10.20284845,mid,False
ENSG00000171451_DSEL,DSEL,0.9375,0.1518987342,0.25,0.7996788438,9.650244662,mid,False
ENSG00000172977_KAT5,KAT5,0.9375,0.1518987342,0.25,0.7996788438,9.764423686,mid,False
ENSG00000184056_VPS33B,VPS33B,0.9375,0.1518987342,0.25,0.7996788438,8.481407963,mid,False
ENSG00000189045_ANKDD1B,ANKDD1B,0.9375,0.1518987342,0.25,0.7996788438,2.37727938,mid,False
ENSG00000223356_AL590666.1,AL590666.1,0.9375,0.1518987342,0.25,0.7996788438,2.160889718,tail,False
ENSG00000228340_MIR646HG,MIR646HG,0.9375,0.1518987342,0.25,0.7996788438,6.786593898,mid,False
ENSG00000229848_AC139149.1,AC139149.1,0.9375,0.1518987342,0.25,0.7996788438,2.018444735,tail,False
ENSG00000241106_HLA-DOB,HLA-DOB,0.9375,0.1518987342,0.25,0.7996788438,4.678237068,mid,False
ENSG00000241962_AC079447.1,AC079447.1,0.9375,0.1518987342,0.25,0.7996788438,3.848990366,mid,False
ENSG00000254122_PCDHGB7,PCDHGB7,0.9375,0.1518987342,0.25,0.7996788438,4.812340986,mid,False
ENSG00000270894_AC015849.4,AC015849.4,0.9375,0.1518987342,0.25,0.7996788438,2.620410489,mid,False
ENSG00000275322_AC103746.1,AC103746.1,0.9375,0.1518987342,0.25,0.7996788438,4.219881371,mid,False
ENSG00000275484_AP003419.3,AP003419.3,0.9375,0.1518987342,0.25,0.7996788438,2.237407477,mid,False
ENSG00000287929_AL354953.1,AL354953.1,0.9375,0.1518987342,0.25,0.7996788438,5.500013443,mid,False
ENSG00000165197_VEGFD,VEGFD,0.9375,0.1567396346,0.25,0.7996788438,2.332374888,mid,False
ENSG00000251611_FAM160A1-DT,FAM160A1-DT,0.9375,0.1567396346,0.25,0.7996788438,1.413759351,tail,False
ENSG00000079805_DNM2,DNM2,0.9375,0.1518987342,0.3125,0.8907828283,12.44771151,head,False
ENSG00000105662_CRTC1,CRTC1,0.9375,0.1518987342,0.3125,0.8907828283,8.702727969,mid,False
ENSG00000112769_LAMA4,LAMA4,0.9375,0.1518987342,0.3125,0.8907828283,6.630839111,mid,False
ENSG00000130052_STARD8,STARD8,0.9375,0.1518987342,0.3125,0.8907828283,3.352052673,mid,False
ENSG00000131480_AOC2,AOC2,0.9375,0.1518987342,0.3125,0.8907828283,5.468697609,mid,False
ENSG00000135119_RNFT2,RNFT2,0.9375,0.1518987342,0.3125,0.8907828283,5.959414397,mid,False
ENSG00000147121_KRBOX4,KRBOX4,0.9375,0.1518987342,0.3125,0.8907828283,7.02635948,mid,False
ENSG00000152527_PLEKHH2,PLEKHH2,0.9375,0.1518987342,0.3125,0.8907828283,5.592483425,mid,False
ENSG00000162869_PPP1R21,PPP1R21,0.9375,0.1518987342,0.3125,0.8907828283,8.535825447,mid,False
ENSG00000163141_BNIPL,BNIPL,0.9375,0.1518987342,0.3125,0.8907828283,4.645133061,mid,False
ENSG00000163354_DCST2,DCST2,0.9375,0.1518987342,0.3125,0.8907828283,4.447251061,mid,False
ENSG00000163359_COL6A3,COL6A3,0.9375,0.1518987342,0.3125,0.8907828283,2.379378254,mid,False
ENSG00000167562_ZNF701,ZNF701,0.9375,0.1518987342,0.3125,0.8907828283,8.236262549,mid,False
ENSG00000168026_TTC21A,TTC21A,0.9375,0.1518987342,0.3125,0.8907828283,5.100577725,mid,False
ENSG00000170989_S1PR1,S1PR1,0.9375,0.1518987342,0.3125,0.8907828283,2.675356539,mid,False
ENSG00000175213_ZNF408,ZNF408,0.9375,0.1518987342,0.3125,0.8907828283,7.904907847,mid,False
ENSG00000176678_FOXL1,FOXL1,0.9375,0.1518987342,0.3125,0.8907828283,4.890163209,mid,False
ENSG00000176695_OR4F17,OR4F17,0.9375,0.1518987342,0.3125,0.8907828283,1.116662642,tail,False
ENSG00000183401_CCDC159,CCDC159,0.9375,0.1518987342,0.3125,0.8907828283,5.753586334,mid,False
ENSG00000185186_LINC00313,LINC00313,0.9375,0.1518987342,0.3125,0.8907828283,4.852356182,mid,False
ENSG00000196369_SRGAP2B,SRGAP2B,0.9375,0.1518987342,0.3125,0.8907828283,9.967034543,mid,False
ENSG00000204644_ZFP57,ZFP57,0.9375,0.1518987342,0.3125,0.8907828283,1.923661936,tail,False
ENSG00000205622_AP001042.1,AP001042.1,0.9375,0.1518987342,0.3125,0.8907828283,1.327509962,tail,False
ENSG00000224660_SH3BP5-AS1,SH3BP5-AS1,0.9375,0.1518987342,0.3125,0.8907828283,7.373349055,mid,False
ENSG00000224903_AC005534.1,AC005534.1,0.9375,0.1518987342,0.3125,0.8907828283,5.273856756,mid,False
ENSG00000228486_C2orf92,C2orf92,0.9375,0.1518987342,0.3125,0.8907828283,4.720122578,mid,False
ENSG00000233175_AC008105.1,AC008105.1,0.9375,0.1518987342,0.3125,0.8907828283,5.184851568,mid,False
ENSG00000233452_STXBP5-AS1,STXBP5-AS1,0.9375,0.1518987342,0.3125,0.8907828283,3.883860349,mid,False
ENSG00000235560_AC002310.1,AC002310.1,0.9375,0.1518987342,0.3125,0.8907828283,6.005715277,mid,False
ENSG00000246174_KCTD21-AS1,KCTD21-AS1,0.9375,0.1518987342,0.3125,0.8907828283,5.672595827,mid,False
ENSG00000247240_UBL7-AS1,UBL7-AS1,0.9375,0.1518987342,0.3125,0.8907828283,5.796967426,mid,False
ENSG00000254676_AP000873.4,AP000873.4,0.9375,0.1518987342,0.3125,0.8907828283,3.661216413,mid,False
ENSG00000260316_AL008727.1,AL008727.1,0.9375,0.1518987342,0.3125,0.8907828283,1.381547527,tail,False
ENSG00000261386_AC027682.4,AC027682.4,0.9375,0.1518987342,0.3125,0.8907828283,4.116158532,mid,False
ENSG00000272663_AC093635.1,AC093635.1,0.9375,0.1518987342,0.3125,0.8907828283,2.456061839,mid,False
ENSG00000272735_AC007881.3,AC007881.3,0.9375,0.1518987342,0.3125,0.8907828283,2.461237207,mid,False
ENSG00000286817_AC105339.6,AC105339.6,0.9375,0.1518987342,0.3125,0.8907828283,3.804227467,mid,False
ENSG00000287576_AC067930.8,AC067930.8,0.9375,0.1518987342,0.3125,0.8907828283,4.885008412,mid,False
ENSG00000287620_AC092053.4,AC092053.4,0.9375,0.1518987342,0.3125,0.8907828283,1.219033276,tail,False
ENSG00000287925_AL353576.1,AL353576.1,0.9375,0.1518987342,0.3125,0.8907828283,3.332552627,mid,False
ENSG00000010310_GIPR,GIPR,0.9375,0.1567396346,0.3125,0.8907828283,0.7108145198,tail,False
ENSG00000233060_AC016700.3,AC016700.3,0.9375,0.1567396346,0.3125,0.8907828283,1.191920198,tail,False
ENSG00000286501_AC018545.1,AC018545.1,0.9375,0.1518987342,0.375,0.9757531227,0.5766682872,tail,False
ENSG00000024048_UBR2,UBR2,0.9375,0.1518987342,0.375,0.9757531227,11.08145816,mid,False
ENSG00000057657_PRDM1,PRDM1,0.9375,0.1518987342,0.375,0.9757531227,6.253765442,mid,False
ENSG00000074356_NCBP3,NCBP3,0.9375,0.1518987342,0.375,0.9757531227,10.40747605,mid,False
ENSG00000075826_SEC31B,SEC31B,0.9375,0.1518987342,0.375,0.9757531227,7.552101631,mid,False
ENSG00000088808_PPP1R13B,PPP1R13B,0.9375,0.1518987342,0.375,0.9757531227,9.09957183,mid,False
ENSG00000089123_TASP1,TASP1,0.9375,0.1518987342,0.375,0.9757531227,8.49792789,mid,False
ENSG00000101306_MYLK2,MYLK2,0.9375,0.1518987342,0.375,0.9757531227,1.737654862,tail,False
ENSG00000102781_KATNAL1,KATNAL1,0.9375,0.1518987342,0.375,0.9757531227,7.402458599,mid,False
ENSG00000103042_SLC38A7,SLC38A7,0.9375,0.1518987342,0.375,0.9757531227,9.222360515,mid,False
ENSG00000105538_RASIP1,RASIP1,0.9375,0.1518987342,0.375,0.9757531227,3.146173775,mid,False
ENSG00000107036_RIC1,RIC1,0.9375,0.1518987342,0.375,0.9757531227,10.08569475,mid,False
ENSG00000109046_WSB1,WSB1,0.9375,0.1518987342,0.375,0.9757531227,9.917871288,mid,False
ENSG00000109927_TECTA,TECTA,0.9375,0.1518987342,0.375,0.9757531227,2.335136718,mid,False
ENSG00000111684_LPCAT3,LPCAT3,0.9375,0.1518987342,0.375,0.9757531227,9.436463957,mid,False
ENSG00000112425_EPM2A,EPM2A,0.9375,0.1518987342,0.375,0.9757531227,7.348343201,mid,False
ENSG00000120733_KDM3B,KDM3B,0.9375,0.1518987342,0.375,0.9757531227,11.72631472,head,False
ENSG00000121210_TMEM131L,TMEM131L,0.9375,0.1518987342,0.375,0.9757531227,9.691129435,mid,False
ENSG00000121897_LIAS,LIAS,0.9375,0.1518987342,0.375,0.9757531227,8.639422271,mid,False
ENSG00000125848_FLRT3,FLRT3,0.9375,0.1518987342,0.375,0.9757531227,10.10516247,mid,False
ENSG00000130997_POLN,POLN,0.9375,0.1518987342,0.375,0.9757531227,5.233889316,mid,False
ENSG00000132510_KDM6B,KDM6B,0.9375,0.1518987342,0.375,0.9757531227,10.11030363,mid,False
ENSG00000140577_CRTC3,CRTC3,0.9375,0.1518987342,0.375,0.9757531227,10.0073758,mid,False
ENSG00000145029_NICN1,NICN1,0.9375,0.1518987342,0.375,0.9757531227,6.649089127,mid,False
ENSG00000147099_HDAC8,HDAC8,0.9375,0.1518987342,0.375,0.9757531227,9.276326556,mid,False
ENSG00000148814_LRRC27,LRRC27,0.9375,0.1518987342,0.375,0.9757531227,7.136212446,mid,False
ENSG00000152223_EPG5,EPG5,0.9375,0.1518987342,0.375,0.9757531227,10.09409,mid,False
ENSG00000158286_RNF207,RNF207,0.9375,0.1518987342,0.375,0.9757531227,7.507354718,mid,False
ENSG00000159208_CIART,CIART,0.9375,0.1518987342,0.375,0.9757531227,5.607088362,mid,False
ENSG00000161381_PLXDC1,PLXDC1,0.9375,0.1518987342,0.375,0.9757531227,4.232578359,mid,False
ENSG00000163482_STK36,STK36,0.9375,0.1518987342,0.375,0.9757531227,8.496919071,mid,False
ENSG00000168038_ULK4,ULK4,0.9375,0.1518987342,0.375,0.9757531227,6.925304698,mid,False
ENSG00000171148_TADA3,TADA3,0.9375,0.1518987342,0.375,0.9757531227,9.784370923,mid,False
ENSG00000174586_ZNF497,ZNF497,0.9375,0.1518987342,0.375,0.9757531227,6.120349405,mid,False
ENSG00000176148_TCP11L1,TCP11L1,0.9375,0.1518987342,0.375,0.9757531227,9.184972298,mid,False
ENSG00000179921_GPBAR1,GPBAR1,0.9375,0.1518987342,0.375,0.9757531227,1.606053973,tail,False
ENSG00000198742_SMURF1,SMURF1,0.9375,0.1518987342,0.375,0.9757531227,10.40140408,mid,False
ENSG00000214694_ARHGEF33,ARHGEF33,0.9375,0.1518987342,0.375,0.9757531227,2.110176156,tail,False
ENSG00000215883_CYB5RL,CYB5RL,0.9375,0.1518987342,0.375,0.9757531227,7.791283115,mid,False
ENSG00000221944_TIGD1,TIGD1,0.9375,0.1518987342,0.375,0.9757531227,7.349986226,mid,False
ENSG00000226562_CYP4F26P,CYP4F26P,0.9375,0.1518987342,0.375,0.9757531227,3.205550429,mid,False
ENSG00000233058_LINC00884,LINC00884,0.9375,0.1518987342,0.375,0.9757531227,4.680405262,mid,False
ENSG00000235545_AC103923.1,AC103923.1,0.9375,0.1518987342,0.375,0.9757531227,1.384363505,tail,False
ENSG00000247765_AC068446.2,AC068446.2,0.9375,0.1518987342,0.375,0.9757531227,5.195640482,mid,False
ENSG00000248015_AC005329.1,AC005329.1,0.9375,0.1518987342,0.375,0.9757531227,2.3810953,mid,False
ENSG00000249007_AL691482.3,AL691482.3,0.9375,0.1518987342,0.375,0.9757531227,7.035888592,mid,False
ENSG00000254910_AC136475.2,AC136475.2,0.9375,0.1518987342,0.375,0.9757531227,1.510994212,tail,False
ENSG00000259868_AL163952.1,AL163952.1,0.9375,0.1518987342,0.375,0.9757531227,2.278661474,mid,False
ENSG00000260778_AC009065.4,AC009065.4,0.9375,0.1518987342,0.375,0.9757531227,3.470208787,mid,False
ENSG00000261094_AC007066.2,AC007066.2,0.9375,0.1518987342,0.375,0.9757531227,4.796957236,mid,False
ENSG00000269054_AC012313.6,AC012313.6,0.9375,0.1518987342,0.375,0.9757531227,3.26500482,mid,False
ENSG00000270103_AL360012.1,AL360012.1,0.9375,0.1518987342,0.375,0.9757531227,6.171345493,mid,False
ENSG00000272140_AC022400.4,AC022400.4,0.9375,0.1518987342,0.375,0.9757531227,4.712423243,mid,False
ENSG00000275902_AC139530.3,AC139530.3,0.9375,0.1518987342,0.375,0.9757531227,2.353508881,mid,False
ENSG00000277149_TYW1B,TYW1B,0.9375,0.1518987342,0.375,0.9757531227,5.495914545,mid,False
ENSG00000287356_AL590822.3,AL590822.3,0.9375,0.1518987342,0.375,0.9757531227,0.9052892282,tail,False
ENSG00000287932_AC000065.2,AC000065.2,0.9375,0.1518987342,0.375,0.9757531227,4.382426648,mid,False
ENSG00000213600_U73169.1,U73169.1,0.9375,0.1518987342,0.40625,1,1.080776284,tail,False
ENSG00000228886_AL138963.1,AL138963.1,0.9375,0.1518987342,0.40625,1,1.328696185,tail,False
ENSG00000149150_SLC43A1,SLC43A1,0.9375,0.1567396346,0.40625,1,1.158707938,tail,False
ENSG00000274021_AC024909.1,AC024909.1,0.9375,0.1567396346,0.40625,1,1.592366341,tail,False
ENSG00000011028_MRC2,MRC2,0.9375,0.1518987342,0.4375,1,5.651421181,mid,False
ENSG00000039987_BEST2,BEST2,0.9375,0.1518987342,0.4375,1,4.960946186,mid,False
ENSG00000040933_INPP4A,INPP4A,0.9375,0.1518987342,0.4375,1,9.666360674,mid,False
ENSG00000084636_COL16A1,COL16A1,0.9375,0.1518987342,0.4375,1,9.630375381,mid,False
ENSG00000085514_PILRA,PILRA,0.9375,0.1518987342,0.4375,1,3.306482044,mid,False
ENSG00000091536_MYO15A,MYO15A,0.9375,0.1518987342,0.4375,1,1.241847266,tail,False
ENSG00000099998_GGT5,GGT5,0.9375,0.1518987342,0.4375,1,1.894935727,tail,False
ENSG00000106078_COBL,COBL,0.9375,0.1518987342,0.4375,1,7.021157476,mid,False
ENSG00000109756_RAPGEF2,RAPGEF2,0.9375,0.1518987342,0.4375,1,10.13571353,mid,False
ENSG00000121289_CEP89,CEP89,0.9375,0.1518987342,0.4375,1,9.122569194,mid,False
ENSG00000135740_SLC9A5,SLC9A5,0.9375,0.1518987342,0.4375,1,5.391817402,mid,False
ENSG00000137343_ATAT1,ATAT1,0.9375,0.1518987342,0.4375,1,7.083710348,mid,False
ENSG00000141519_CCDC40,CCDC40,0.9375,0.1518987342,0.4375,1,4.916204911,mid,False
ENSG00000152359_POC5,POC5,0.9375,0.1518987342,0.4375,1,7.020541696,mid,False
ENSG00000158552_ZFAND2B,ZFAND2B,0.9375,0.1518987342,0.4375,1,8.150414446,mid,False
ENSG00000160961_ZNF333,ZNF333,0.9375,0.1518987342,0.4375,1,6.934054415,mid,False
ENSG00000163126_ANKRD23,ANKRD23,0.9375,0.1518987342,0.4375,1,5.284571982,mid,False
ENSG00000163155_LYSMD1,LYSMD1,0.9375,0.1518987342,0.4375,1,7.842174221,mid,False
ENSG00000163803_PLB1,PLB1,0.9375,0.1518987342,0.4375,1,2.517801374,mid,False
ENSG00000164331_ANKRA2,ANKRA2,0.9375,0.1518987342,0.4375,1,8.277353307,mid,False
ENSG00000180245_RRH,RRH,0.9375,0.1518987342,0.4375,1,3.612609494,mid,False
ENSG00000185507_IRF7,IRF7,0.9375,0.1518987342,0.4375,1,7.816973135,mid,False
ENSG00000185988_PLK5,PLK5,0.9375,0.1518987342,0.4375,1,0.8804660853,tail,False
ENSG00000186376_ZNF75D,ZNF75D,0.9375,0.1518987342,0.4375,1,8.261716859,mid,False
ENSG00000187796_CARD9,CARD9,0.9375,0.1518987342,0.4375,1,4.657674761,mid,False
ENSG00000188981_MSANTD1,MSANTD1,0.9375,0.1518987342,0.4375,1,1.849346388,tail,False
ENSG00000196366_C9orf163,C9orf163,0.9375,0.1518987342,0.4375,1,5.300212628,mid,False
ENSG00000197283_SYNGAP1,SYNGAP1,0.9375,0.1518987342,0.4375,1,8.391693488,mid,False
ENSG00000204161_TMEM273,TMEM273,0.9375,0.1518987342,0.4375,1,3.053796121,mid,False
ENSG00000227953_LINC01341,LINC01341,0.9375,0.1518987342,0.4375,1,2.914279939,mid,False
ENSG00000236255_AC009404.1,AC009404.1,0.9375,0.1518987342,0.4375,1,6.436034147,mid,False
ENSG00000236723_AL606760.2,AL606760.2,0.9375,0.1518987342,0.4375,1,2.41655961,mid,False
ENSG00000243902_FP325335.1,FP325335.1,0.9375,0.1518987342,0.4375,1,2.452316814,mid,False
ENSG00000249087_ZNF436-AS1,ZNF436-AS1,0.9375,0.1518987342,0.4375,1,6.341535444,mid,False
ENSG00000258727_AL135999.1,AL135999.1,0.9375,0.1518987342,0.4375,1,6.234175545,mid,False
ENSG00000259571_BLID,BLID,0.9375,0.1518987342,0.4375,1,3.196404079,mid,False
ENSG00000260310_AC027277.2,AC027277.2,0.9375,0.1518987342,0.4375,1,1.158442034,tail,False
ENSG00000261613_AC093525.6,AC093525.6,0.9375,0.1518987342,0.4375,1,4.934717712,mid,False
ENSG00000264546_AC008026.3,AC008026.3,0.9375,0.1518987342,0.4375,1,3.075325485,mid,False
ENSG00000267368_UPK3BL1,UPK3BL1,0.9375,0.1518987342,0.4375,1,8.621040323,mid,False
ENSG00000267436_AC005786.3,AC005786.3,0.9375,0.1518987342,0.4375,1,1.579146065,tail,False
ENSG00000270605_AL353622.1,AL353622.1,0.9375,0.1518987342,0.4375,1,5.370668673,mid,False
ENSG00000272646_AC079766.1,AC079766.1,0.9375,0.1518987342,0.4375,1,1.547654217,tail,False
ENSG00000273454_AC112503.2,AC112503.2,0.9375,0.1518987342,0.4375,1,1.158707938,tail,False
ENSG00000275223_AL121906.2,AL121906.2,0.9375,0.1518987342,0.4375,1,4.0223846,mid,False
ENSG00000286207_AC012443.2,AC012443.2,0.9375,0.1518987342,0.4375,1,4.909858276,mid,False
ENSG00000063438_AHRR,AHRR,0.9375,0.1567396346,0.4375,1,2.653638554,mid,False
ENSG00000138769_CDKL2,CDKL2,0.9375,0.1518987342,0.46875,1,1.382502619,tail,False
ENSG00000004534_RBM6,RBM6,0.9375,0.1518987342,0.5,1,9.970935936,mid,False
ENSG00000009694_TENM1,TENM1,0.9375,0.1518987342,0.5,1,4.677683074,mid,False
ENSG00000035681_NSMAF,NSMAF,0.9375,0.1518987342,0.5,1,10.28362507,mid,False
ENSG00000064393_HIPK2,HIPK2,0.9375,0.1518987342,0.5,1,12.47861796,head,False
ENSG00000076604_TRAF4,TRAF4,0.9375,0.1518987342,0.5,1,11.53296915,head,False
ENSG00000079432_CIC,CIC,0.9375,0.1518987342,0.5,1,10.55520454,mid,False
ENSG00000088280_ASAP3,ASAP3,0.9375,0.1518987342,0.5,1,9.416529673,mid,False
ENSG00000100226_GTPBP1,GTPBP1,0.9375,0.1518987342,0.5,1,9.883494335,mid,False
ENSG00000103061_SLC7A6OS,SLC7A6OS,0.9375,0.1518987342,0.5,1,8.870022375,mid,False
ENSG00000103512_NOMO1,NOMO1,0.9375,0.1518987342,0.5,1,11.95275247,head,False
ENSG00000104866_PPP1R37,PPP1R37,0.9375,0.1518987342,0.5,1,9.965442473,mid,False
ENSG00000105219_CNTD2,CNTD2,0.9375,0.1518987342,0.5,1,5.159369033,mid,False
ENSG00000114982_KANSL3,KANSL3,0.9375,0.1518987342,0.5,1,10.52115278,mid,False
ENSG00000115657_ABCB6,ABCB6,0.9375,0.1518987342,0.5,1,9.973888449,mid,False
ENSG00000116254_CHD5,CHD5,0.9375,0.1518987342,0.5,1,1.7353602,tail,False
ENSG00000117480_FAAH,FAAH,0.9375,0.1518987342,0.5,1,8.946562771,mid,False
ENSG00000119640_ACYP1,ACYP1,0.9375,0.1518987342,0.5,1,6.532634803,mid,False
ENSG00000120889_TNFRSF10B,TNFRSF10B,0.9375,0.1518987342,0.5,1,11.45738256,mid,False
ENSG00000122696_SLC25A51,SLC25A51,0.9375,0.1518987342,0.5,1,8.912273898,mid,False
ENSG00000123999_INHA,INHA,0.9375,0.1518987342,0.5,1,4.396912266,mid,False
ENSG00000125434_SLC25A35,SLC25A35,0.9375,0.1518987342,0.5,1,5.489661185,mid,False
ENSG00000125485_DDX31,DDX31,0.9375,0.1518987342,0.5,1,9.584539262,mid,False
ENSG00000126790_L3HYPDH,L3HYPDH,0.9375,0.1518987342,0.5,1,8.351440662,mid,False
ENSG00000130653_PNPLA7,PNPLA7,0.9375,0.1518987342,0.5,1,6.305829035,mid,False
ENSG00000130758_MAP3K10,MAP3K10,0.9375,0.1518987342,0.5,1,7.927855661,mid,False
ENSG00000134775_FHOD3,FHOD3,0.9375,0.1518987342,0.5,1,8.594333341,mid,False
ENSG00000134802_SLC43A3,SLC43A3,0.9375,0.1518987342,0.5,1,11.71747886,head,False
ENSG00000136098_NEK3,NEK3,0.9375,0.1518987342,0.5,1,7.660803026,mid,False
ENSG00000136243_NUP42,NUP42,0.9375,0.1518987342,0.5,1,9.107468035,mid,False
ENSG00000137338_PGBD1,PGBD1,0.9375,0.1518987342,0.5,1,6.902564694,mid,False
ENSG00000139629_GALNT6,GALNT6,0.9375,0.1518987342,0.5,1,10.18776809,mid,False
ENSG00000140525_FANCI,FANCI,0.9375,0.1518987342,0.5,1,9.831880624,mid,False
ENSG00000141076_UTP4,UTP4,0.9375,0.1518987342,0.5,1,10.36402373,mid,False
ENSG00000142046_TMEM91,TMEM91,0.9375,0.1518987342,0.5,1,3.820195637,mid,False
ENSG00000145833_DDX46,DDX46,0.9375,0.1518987342,0.5,1,11.14610063,mid,False
ENSG00000152377_SPOCK1,SPOCK1,0.9375,0.1518987342,0.5,1,3.368315775,mid,False
ENSG00000155918_RAET1L,RAET1L,0.9375,0.1518987342,0.5,1,2.125784811,tail,False
ENSG00000156858_PRR14,PRR14,0.9375,0.1518987342,0.5,1,8.917973163,mid,False
ENSG00000156970_BUB1B,BUB1B,0.9375,0.1518987342,0.5,1,9.898198331,mid,False
ENSG00000160310_PRMT2,PRMT2,0.9375,0.1518987342,0.5,1,10.2764223,mid,False
ENSG00000161265_U2AF1L4,U2AF1L4,0.9375,0.1518987342,0.5,1,6.346484577,mid,False
ENSG00000161618_ALDH16A1,ALDH16A1,0.9375,0.1518987342,0.5,1,9.043739324,mid,False
ENSG00000162104_ADCY9,ADCY9,0.9375,0.1518987342,0.5,1,10.01700166,mid,False
ENSG00000164654_MIOS,MIOS,0.9375,0.1518987342,0.5,1,9.764735858,mid,False
ENSG00000167258_CDK12,CDK12,0.9375,0.1518987342,0.5,1,11.64278067,head,False
ENSG00000168404_MLKL,MLKL,0.9375,0.1518987342,0.5,1,9.471601506,mid,False
ENSG00000170581_STAT2,STAT2,0.9375,0.1518987342,0.5,1,10.26144151,mid,False
ENSG00000170667_RASA4B,RASA4B,0.9375,0.1518987342,0.5,1,6.215764392,mid,False
ENSG00000171316_CHD7,CHD7,0.9375,0.1518987342,0.5,1,10.99288349,mid,False
ENSG00000173338_KCNK7,KCNK7,0.9375,0.1518987342,0.5,1,2.092131478,tail,False
ENSG00000173486_FKBP2,FKBP2,0.9375,0.1518987342,0.5,1,8.629392322,mid,False
ENSG00000176438_SYNE3,SYNE3,0.9375,0.1518987342,0.5,1,6.059936075,mid,False
ENSG00000178028_DMAP1,DMAP1,0.9375,0.1518987342,0.5,1,8.879446856,mid,False
ENSG00000178809_TRIM73,TRIM73,0.9375,0.1518987342,0.5,1,6.577430478,mid,False
ENSG00000182263_FIGN,FIGN,0.9375,0.1518987342,0.5,1,9.344745001,mid,False
ENSG00000183853_KIRREL1,KIRREL1,0.9375,0.1518987342,0.5,1,9.785906809,mid,False
ENSG00000187954_CYHR1,CYHR1,0.9375,0.1518987342,0.5,1,10.63484404,mid,False
ENSG00000188833_ENTPD8,ENTPD8,0.9375,0.1518987342,0.5,1,7.148745153,mid,False
ENSG00000197857_ZNF44,ZNF44,0.9375,0.1518987342,0.5,1,7.537715565,mid,False
ENSG00000198373_WWP2,WWP2,0.9375,0.1518987342,0.5,1,10.41915651,mid,False
ENSG00000198382_UVRAG,UVRAG,0.9375,0.1518987342,0.5,1,8.990943684,mid,False
ENSG00000198612_COPS8,COPS8,0.9375,0.1518987342,0.5,1,11.11687589,mid,False
ENSG00000203326_ZNF525,ZNF525,0.9375,0.1518987342,0.5,1,9.311967166,mid,False
ENSG00000204540_PSORS1C1,PSORS1C1,0.9375,0.1518987342,0.5,1,5.455805057,mid,False
ENSG00000205336_ADGRG1,ADGRG1,0.9375,0.1518987342,0.5,1,12.06546639,head,False
ENSG00000205592_MUC19,MUC19,0.9375,0.1518987342,0.5,1,1.63312681,tail,False
ENSG00000213214_ARHGEF35,ARHGEF35,0.9375,0.1518987342,0.5,1,8.158213128,mid,False
ENSG00000214248_AC010336.1,AC010336.1,0.9375,0.1518987342,0.5,1,6.135099552,mid,False
ENSG00000215483_LINC00598,LINC00598,0.9375,0.1518987342,0.5,1,3.600802039,mid,False
ENSG00000223501_VPS52,VPS52,0.9375,0.1518987342,0.5,1,10.09952692,mid,False
ENSG00000225932_CTAGE4,CTAGE4,0.9375,0.1518987342,0.5,1,8.093533758,mid,False
ENSG00000226312_CFLAR-AS1,CFLAR-AS1,0.9375,0.1518987342,0.5,1,1.310706372,tail,False
ENSG00000231607_DLEU2,DLEU2,0.9375,0.1518987342,0.5,1,7.668255149,mid,False
ENSG00000232233_LINC02043,LINC02043,0.9375,0.1518987342,0.5,1,4.957335087,mid,False
ENSG00000232347_AL390728.5,AL390728.5,0.9375,0.1518987342,0.5,1,3.155088552,mid,False
ENSG00000239704_CDRT4,CDRT4,0.9375,0.1518987342,0.5,1,6.354042805,mid,False
ENSG00000240291_AL450384.2,AL450384.2,0.9375,0.1518987342,0.5,1,4.11162699,mid,False
ENSG00000245552_AP000787.1,AP000787.1,0.9375,0.1518987342,0.5,1,4.46682394,mid,False
ENSG00000245614_DDX11-AS1,DDX11-AS1,0.9375,0.1518987342,0.5,1,4.622919403,mid,False
ENSG00000249628_LINC00942,LINC00942,0.9375,0.1518987342,0.5,1,2.022267561,tail,False
ENSG00000250988_SNHG21,SNHG21,0.9375,0.1518987342,0.5,1,6.514021132,mid,False
ENSG00000254815_AP006284.1,AP006284.1,0.9375,0.1518987342,0.5,1,4.736098971,mid,False
ENSG00000254901_BORCS8,BORCS8,0.9375,0.1518987342,0.5,1,7.311737501,mid,False
ENSG00000257453_AC011611.3,AC011611.3,0.9375,0.1518987342,0.5,1,1.854979034,tail,False
ENSG00000260236_AC099778.1,AC099778.1,0.9375,0.1518987342,0.5,1,4.094835591,mid,False
ENSG00000260468_LINC01290,LINC01290,0.9375,0.1518987342,0.5,1,2.021605369,tail,False
ENSG00000263002_ZNF234,ZNF234,0.9375,0.1518987342,0.5,1,8.091603342,mid,False
ENSG00000268066_FMR1-AS1,FMR1-AS1,0.9375,0.1518987342,0.5,1,1.33995136,tail,False
ENSG00000272599_AC016394.2,AC016394.2,0.9375,0.1518987342,0.5,1,4.728871139,mid,False
ENSG00000273007_AC021205.3,AC021205.3,0.9375,0.1518987342,0.5,1,3.049095388,mid,False
ENSG00000273565_AL691403.2,AL691403.2,0.9375,0.1518987342,0.5,1,1.001643142,tail,False
ENSG00000274038_AC007014.2,AC007014.2,0.9375,0.1518987342,0.5,1,1.656689749,tail,False
ENSG00000277566_AC089999.2,AC089999.2,0.9375,0.1518987342,0.5,1,2.849411708,mid,False
ENSG00000277701_AC159540.2,AC159540.2,0.9375,0.1518987342,0.5,1,7.870417106,mid,False
ENSG00000285696_AP002433.2,AP002433.2,0.9375,0.1518987342,0.5,1,1.703754236,tail,False
ENSG00000288075_AC108519.1,AC108519.1,0.9375,0.1518987342,0.5,1,4.183407087,mid,False
ENSG00000008300_CELSR3,CELSR3,0.9375,0.1518987342,0.5625,1,10.25801903,mid,False
ENSG00000011007_ELOA,ELOA,0.9375,0.1518987342,0.5625,1,10.918654,mid,False
ENSG00000049769_PPP1R3F,PPP1R3F,0.9375,0.1518987342,0.5625,1,5.890841187,mid,False
ENSG00000068097_HEATR6,HEATR6,0.9375,0.1518987342,0.5625,1,8.857699,mid,False
ENSG00000075240_GRAMD4,GRAMD4,0.9375,0.1518987342,0.5625,1,10.14772319,mid,False
ENSG00000075399_VPS9D1,VPS9D1,0.9375,0.1518987342,0.5625,1,7.074891488,mid,False
ENSG00000078246_TULP3,TULP3,0.9375,0.1518987342,0.5625,1,9.013715616,mid,False
ENSG00000086730_LAT2,LAT2,0.9375,0.1518987342,0.5625,1,2.369749565,mid,False
ENSG00000095397_WHRN,WHRN,0.9375,0.1518987342,0.5625,1,4.089127235,mid,False
ENSG00000100767_PAPLN,PAPLN,0.9375,0.1518987342,0.5625,1,8.072580388,mid,False
ENSG00000103496_STX4,STX4,0.9375,0.1518987342,0.5625,1,9.060833416,mid,False
ENSG00000109762_SNX25,SNX25,0.9375,0.1518987342,0.5625,1,9.125470967,mid,False
ENSG00000110801_PSMD9,PSMD9,0.9375,0.1518987342,0.5625,1,9.60360895,mid,False
ENSG00000115295_CLIP4,CLIP4,0.9375,0.1518987342,0.5625,1,10.97544442,mid,False
ENSG00000117408_IPO13,IPO13,0.9375,0.1518987342,0.5625,1,9.851514464,mid,False
ENSG00000119778_ATAD2B,ATAD2B,0.9375,0.1518987342,0.5625,1,10.03632736,mid,False
ENSG00000121621_KIF18A,KIF18A,0.9375,0.1518987342,0.5625,1,8.480661799,mid,False
ENSG00000124789_NUP153,NUP153,0.9375,0.1518987342,0.5625,1,11.21916431,mid,False
ENSG00000129007_CALML4,CALML4,0.9375,0.1518987342,0.5625,1,7.910511867,mid,False
ENSG00000135622_SEMA4F,SEMA4F,0.9375,0.1518987342,0.5625,1,7.576757899,mid,False
ENSG00000136709_WDR33,WDR33,0.9375,0.1518987342,0.5625,1,11.02305821,mid,False
ENSG00000137700_SLC37A4,SLC37A4,0.9375,0.1518987342,0.5625,1,8.810383108,mid,False
ENSG00000138050_THUMPD2,THUMPD2,0.9375,0.1518987342,0.5625,1,8.527249262,mid,False
ENSG00000138207_RBP4,RBP4,0.9375,0.1518987342,0.5625,1,2.061674199,tail,False
ENSG00000141086_CTRL,CTRL,0.9375,0.1518987342,0.5625,1,5.28412322,mid,False
ENSG00000142273_CBLC,CBLC,0.9375,0.1518987342,0.5625,1,9.113493191,mid,False
ENSG00000144026_ZNF514,ZNF514,0.9375,0.1518987342,0.5625,1,8.642755521,mid,False
ENSG00000144214_LYG1,LYG1,0.9375,0.1518987342,0.5625,1,3.557666259,mid,False
ENSG00000149499_EML3,EML3,0.9375,0.1518987342,0.5625,1,10.3204005,mid,False
ENSG00000152465_NMT2,NMT2,0.9375,0.1518987342,0.5625,1,8.388370776,mid,False
ENSG00000155903_RASA2,RASA2,0.9375,0.1518987342,0.5625,1,9.255997673,mid,False
ENSG00000164048_ZNF589,ZNF589,0.9375,0.1518987342,0.5625,1,8.028127323,mid,False
ENSG00000165304_MELK,MELK,0.9375,0.1518987342,0.5625,1,9.115619281,mid,False
ENSG00000166669_ATF7IP2,ATF7IP2,0.9375,0.1518987342,0.5625,1,4.945522899,mid,False
ENSG00000167395_ZNF646,ZNF646,0.9375,0.1518987342,0.5625,1,9.724891866,mid,False
ENSG00000168434_COG7,COG7,0.9375,0.1518987342,0.5625,1,8.99676126,mid,False
ENSG00000168818_STX18,STX18,0.9375,0.1518987342,0.5625,1,9.234421324,mid,False
ENSG00000169087_HSPBAP1,HSPBAP1,0.9375,0.1518987342,0.5625,1,7.524269993,mid,False
ENSG00000173905_GOLIM4,GOLIM4,0.9375,0.1518987342,0.5625,1,9.937513963,mid,False
ENSG00000174137_FAM53A,FAM53A,0.9375,0.1518987342,0.5625,1,4.472437294,mid,False
ENSG00000176919_C8G,C8G,0.9375,0.1518987342,0.5625,1,1.786454493,tail,False
ENSG00000182685_BRICD5,BRICD5,0.9375,0.1518987342,0.5625,1,6.050339752,mid,False
ENSG00000186526_CYP4F8,CYP4F8,0.9375,0.1518987342,0.5625,1,3.001093802,mid,False
ENSG00000186723_OR10H1,OR10H1,0.9375,0.1518987342,0.5625,1,0.5518451443,tail,False
ENSG00000188779_SKOR1,SKOR1,0.9375,0.1518987342,0.5625,1,3.278965135,mid,False
ENSG00000197275_RAD54B,RAD54B,0.9375,0.1518987342,0.5625,1,7.289860228,mid,False
ENSG00000197332_AC008543.1,AC008543.1,0.9375,0.1518987342,0.5625,1,4.795205541,mid,False
ENSG00000197714_ZNF460,ZNF460,0.9375,0.1518987342,0.5625,1,10.60744255,mid,False
ENSG00000214145_LINC00887,LINC00887,0.9375,0.1518987342,0.5625,1,5.598263756,mid,False
ENSG00000219481_NBPF1,NBPF1,0.9375,0.1518987342,0.5625,1,8.930726837,mid,False
ENSG00000230606_AC092683.1,AC092683.1,0.9375,0.1518987342,0.5625,1,8.153257591,mid,False
ENSG00000232623_AP000266.1,AP000266.1,0.9375,0.1518987342,0.5625,1,2.174097014,tail,False
ENSG00000246922_UBAP1L,UBAP1L,0.9375,0.1518987342,0.5625,1,6.510361316,mid,False
ENSG00000254017_IGHEP2,IGHEP2,0.9375,0.1518987342,0.5625,1,0.715512038,tail,False
ENSG00000255067_AC013549.4,AC013549.4,0.9375,0.1518987342,0.5625,1,0.6927577999,tail,False
ENSG00000259605_AC074212.1,AC074212.1,0.9375,0.1518987342,0.5625,1,5.606597763,mid,False
ENSG00000261584_AL513548.1,AL513548.1,0.9375,0.1518987342,0.5625,1,3.663447528,mid,False
ENSG00000262188_LINC01978,LINC01978,0.9375,0.1518987342,0.5625,1,2.17069975,tail,False
ENSG00000267064_UXT-AS1,UXT-AS1,0.9375,0.1518987342,0.5625,1,4.045465456,mid,False
ENSG00000267474_AC008569.2,AC008569.2,0.9375,0.1518987342,0.5625,1,0.7686725722,tail,False
ENSG00000270141_TERC,TERC,0.9375,0.1518987342,0.5625,1,11.77149942,head,False
ENSG00000274849_AC023043.4,AC023043.4,0.9375,0.1518987342,0.5625,1,3.884842873,mid,False
ENSG00000276255_LINC02809,LINC02809,0.9375,0.1518987342,0.5625,1,5.113651621,mid,False
ENSG00000278716_AC133540.1,AC133540.1,0.9375,0.1518987342,0.5625,1,0.503521238,tail,False
ENSG00000284977_AL160272.1,AL160272.1,0.9375,0.1518987342,0.5625,1,1.923570777,tail,False
ENSG00000286205_AC139887.5,AC139887.5,0.9375,0.1518987342,0.5625,1,1.904616588,tail,False
ENSG00000125538_IL1B,IL1B,0.9375,0.1567396346,0.5625,1,1.384875101,tail,False
ENSG00000125787_GNRH2,GNRH2,0.9375,0.1518987342,0.59375,1,1.003771984,tail,False
ENSG00000241772_AC092620.1,AC092620.1,0.9375,0.1518987342,0.59375,1,0.96821451,tail,False
ENSG00000269899_AC025857.2,AC025857.2,0.9375,0.1518987342,0.59375,1,1.633177574,tail,False
ENSG00000285884_AL022345.4,AL022345.4,0.9375,0.1518987342,0.59375,1,0.9193671121,tail,False
ENSG00000115464_USP34,USP34,0.875,0.2398266314,0,0.3887587822,12.48972263,head,False
ENSG00000123104_ITPR2,ITPR2,0.875,0.2398266314,0,0.3887587822,10.63483197,mid,False
ENSG00000124602_UNC5CL,UNC5CL,0.875,0.2398266314,0,0.3887587822,4.968256315,mid,False
ENSG00000132549_VPS13B,VPS13B,0.875,0.2398266314,0,0.3887587822,11.05149219,mid,False
ENSG00000137185_ZSCAN9,ZSCAN9,0.875,0.2398266314,0,0.3887587822,7.932321791,mid,False
ENSG00000145982_FARS2,FARS2,0.875,0.2398266314,0,0.3887587822,8.75375237,mid,False
ENSG00000150471_ADGRL3,ADGRL3,0.875,0.2398266314,0,0.3887587822,10.44113185,mid,False
ENSG00000162148_PPP1R32,PPP1R32,0.875,0.2398266314,0,0.3887587822,3.747078217,mid,False
ENSG00000186260_MRTFB,MRTFB,0.875,0.2398266314,0,0.3887587822,11.27484201,mid,False
ENSG00000186451_SPATA12,SPATA12,0.875,0.2398266314,0,0.3887587822,2.927573623,mid,False
ENSG00000187753_C9orf153,C9orf153,0.875,0.2398266314,0,0.3887587822,3.108982338,mid,False
ENSG00000264230_ANXA8L1,ANXA8L1,0.875,0.2398266314,0,0.3887587822,9.523462914,mid,False
ENSG00000264812_AC132938.2,AC132938.2,0.875,0.2398266314,0,0.3887587822,2.353912893,mid,False
ENSG00000139974_SLC38A6,SLC38A6,0.875,0.2398266314,0.0625,0.4977511244,6.959879225,mid,False
ENSG00000145348_TBCK,TBCK,0.875,0.2398266314,0.0625,0.4977511244,9.471391698,mid,False
ENSG00000149311_ATM,ATM,0.875,0.2398266314,0.0625,0.4977511244,11.53919754,head,True
ENSG00000236699_ARHGEF38,ARHGEF38,0.875,0.2398266314,0.0625,0.4977511244,8.930193784,mid,False
ENSG00000254024_AP001207.3,AP001207.3,0.875,0.2398266314,0.0625,0.4977511244,2.018073639,tail,False
ENSG00000268621_IGFL2-AS1,IGFL2-AS1,0.875,0.2398266314,0.0625,0.4977511244,9.659216004,mid,False
ENSG00000082196_C1QTNF3,C1QTNF3,0.875,0.2398266314,0.125,0.6097337006,4.530356056,mid,False
ENSG00000099840_IZUMO4,IZUMO4,0.875,0.2398266314,0.125,0.6097337006,4.479377832,mid,False
ENSG00000100053_CRYBB3,CRYBB3,0.875,0.2398266314,0.125,0.6097337006,2.453639505,mid,False
ENSG00000104093_DMXL2,DMXL2,0.875,0.2398266314,0.125,0.6097337006,10.49601476,mid,False
ENSG00000109680_TBC1D19,TBC1D19,0.875,0.2398266314,0.125,0.6097337006,6.976808322,mid,False
ENSG00000123352_SPATS2,SPATS2,0.875,0.2398266314,0.125,0.6097337006,8.929589259,mid,False
ENSG00000135968_GCC2,GCC2,0.875,0.2398266314,0.125,0.6097337006,11.02822005,mid,False
ENSG00000136051_WASHC4,WASHC4,0.875,0.2398266314,0.125,0.6097337006,11.30400441,mid,False
ENSG00000136935_GOLGA1,GOLGA1,0.875,0.2398266314,0.125,0.6097337006,9.486760871,mid,False
ENSG00000144649_GASK1A,GASK1A,0.875,0.2398266314,0.125,0.6097337006,4.070733843,mid,False
ENSG00000203734_ECT2L,ECT2L,0.875,0.2398266314,0.125,0.6097337006,1.547814972,tail,False
ENSG00000206530_CFAP44,CFAP44,0.875,0.2398266314,0.125,0.6097337006,8.529171865,mid,False
ENSG00000213809_KLRK1,KLRK1,0.875,0.2398266314,0.125,0.6097337006,1.718789506,tail,False
ENSG00000215386_MIR99AHG,MIR99AHG,0.875,0.2398266314,0.125,0.6097337006,6.180163526,mid,False
ENSG00000227486_AL050309.1,AL050309.1,0.875,0.2398266314,0.125,0.6097337006,3.942417709,mid,False
ENSG00000231711_LINC00899,LINC00899,0.875,0.2398266314,0.125,0.6097337006,5.986120405,mid,False
ENSG00000233184_AC093157.1,AC093157.1,0.875,0.2398266314,0.125,0.6097337006,8.199609088,mid,False
ENSG00000236263_AC234582.2,AC234582.2,0.875,0.2398266314,0.125,0.6097337006,2.612917007,mid,False
ENSG00000237017_AC245052.4,AC245052.4,0.875,0.2398266314,0.125,0.6097337006,2.075919621,tail,False
ENSG00000255910_AC024901.1,AC024901.1,0.875,0.2398266314,0.125,0.6097337006,2.173171929,tail,False
ENSG00000259583_AC015712.2,AC015712.2,0.875,0.2398266314,0.125,0.6097337006,7.531601985,mid,False
ENSG00000267882_AL031666.2,AL031666.2,0.875,0.2398266314,0.125,0.6097337006,5.450403301,mid,False
ENSG00000272525_AC099522.2,AC099522.2,0.875,0.2398266314,0.125,0.6097337006,4.232705881,mid,False
ENSG00000287507_AP001053.1,AP001053.1,0.875,0.2398266314,0.125,0.6097337006,2.098937296,tail,False
ENSG00000064270_ATP2C2,ATP2C2,0.875,0.2398266314,0.1875,0.7407564811,5.838215574,mid,False
ENSG00000079482_OPHN1,OPHN1,0.875,0.2398266314,0.1875,0.7407564811,8.744732482,mid,False
ENSG00000101445_PPP1R16B,PPP1R16B,0.875,0.2398266314,0.1875,0.7407564811,5.563008843,mid,False
ENSG00000102524_TNFSF13B,TNFSF13B,0.875,0.2398266314,0.1875,0.7407564811,3.520622088,mid,False
ENSG00000103599_IQCH,IQCH,0.875,0.2398266314,0.1875,0.7407564811,5.012999985,mid,False
ENSG00000111752_PHC1,PHC1,0.875,0.2398266314,0.1875,0.7407564811,8.396851397,mid,False
ENSG00000125351_UPF3B,UPF3B,0.875,0.2398266314,0.1875,0.7407564811,8.229285611,mid,False
ENSG00000127366_TAS2R5,TAS2R5,0.875,0.2398266314,0.1875,0.7407564811,4.512846552,mid,False
ENSG00000128052_KDR,KDR,0.875,0.2398266314,0.1875,0.7407564811,5.879056555,mid,False
ENSG00000137177_KIF13A,KIF13A,0.875,0.2398266314,0.1875,0.7407564811,9.893893729,mid,False
ENSG00000140993_TIGD7,TIGD7,0.875,0.2398266314,0.1875,0.7407564811,5.774485544,mid,False
ENSG00000150760_DOCK1,DOCK1,0.875,0.2398266314,0.1875,0.7407564811,11.21492898,mid,False
ENSG00000152292_SH2D6,SH2D6,0.875,0.2398266314,0.1875,0.7407564811,1.940630795,tail,False
ENSG00000164061_BSN,BSN,0.875,0.2398266314,0.1875,0.7407564811,4.363903482,mid,False
ENSG00000170209_ANKK1,ANKK1,0.875,0.2398266314,0.1875,0.7407564811,3.198019044,mid,False
ENSG00000175197_DDIT3,DDIT3,0.875,0.2398266314,0.1875,0.7407564811,6.760841216,mid,False
ENSG00000216937_CCDC7,CCDC7,0.875,0.2398266314,0.1875,0.7407564811,6.236964986,mid,False
ENSG00000250410_AC112722.1,AC112722.1,0.875,0.2398266314,0.1875,0.7407564811,1.171862621,tail,False
ENSG00000254632_AP003119.1,AP003119.1,0.875,0.2398266314,0.1875,0.7407564811,1.772088246,tail,False
ENSG00000259341_AC015660.1,AC015660.1,0.875,0.2398266314,0.1875,0.7407564811,5.789771626,mid,False
ENSG00000260063_AL512408.1,AL512408.1,0.875,0.2398266314,0.1875,0.7407564811,3.333053996,mid,False
ENSG00000263072_ZNF213-AS1,ZNF213-AS1,0.875,0.2398266314,0.1875,0.7407564811,7.299971287,mid,False
ENSG00000268364_SMC5-AS1,SMC5-AS1,0.875,0.2398266314,0.1875,0.7407564811,5.93020423,mid,False
ENSG00000270419_CAHM,CAHM,0.875,0.2398266314,0.1875,0.7407564811,4.2605329,mid,False
ENSG00000272037_AP002907.1,AP002907.1,0.875,0.2398266314,0.1875,0.7407564811,2.185094033,tail,False
ENSG00000278238_AL359513.1,AL359513.1,0.875,0.2398266314,0.1875,0.7407564811,3.063131592,mid,False
ENSG00000101162_TUBB1,TUBB1,0.875,0.1825605599,0.21875,0.7996788438,0.8777709452,tail,False
ENSG00000099957_P2RX6,P2RX6,0.875,0.2398266314,0.21875,0.7996788438,1.417642163,tail,False
ENSG00000117601_SERPINC1,SERPINC1,0.875,0.2398266314,0.21875,0.7996788438,1.098831745,tail,False
ENSG00000230131_LINC02641,LINC02641,0.875,0.2398266314,0.21875,0.7996788438,1.033557457,tail,False
ENSG00000243709_LEFTY1,LEFTY1,0.875,0.2398266314,0.25,0.7996788438,1.550308439,tail,False
ENSG00000276272_AC024884.2,AC024884.2,0.875,0.2398266314,0.25,0.7996788438,2.122619342,tail,False
ENSG00000013523_ANGEL1,ANGEL1,0.875,0.2398266314,0.25,0.7996788438,10.05485162,mid,False
ENSG00000053900_ANAPC4,ANAPC4,0.875,0.2398266314,0.25,0.7996788438,9.590581634,mid,False
ENSG00000061987_MON2,MON2,0.875,0.2398266314,0.25,0.7996788438,10.43178362,mid,False
ENSG00000065060_UHRF1BP1,UHRF1BP1,0.875,0.2398266314,0.25,0.7996788438,10.66013626,mid,False
ENSG00000066739_ATG2B,ATG2B,0.875,0.2398266314,0.25,0.7996788438,10.63985837,mid,False
ENSG00000068745_IP6K2,IP6K2,0.875,0.2398266314,0.25,0.7996788438,10.31754383,mid,False
ENSG00000100599_RIN3,RIN3,0.875,0.2398266314,0.25,0.7996788438,10.00073463,mid,False
ENSG00000106714_CNTNAP3,CNTNAP3,0.875,0.2398266314,0.25,0.7996788438,8.16830506,mid,False
ENSG00000114026_OGG1,OGG1,0.875,0.2398266314,0.25,0.7996788438,8.167857856,mid,False
ENSG00000118965_WDR35,WDR35,0.875,0.2398266314,0.25,0.7996788438,9.817876361,mid,False
ENSG00000121270_ABCC11,ABCC11,0.875,0.2398266314,0.25,0.7996788438,2.091236132,tail,False
ENSG00000133962_CATSPERB,CATSPERB,0.875,0.2398266314,0.25,0.7996788438,6.581372927,mid,False
ENSG00000142959_BEST4,BEST4,0.875,0.2398266314,0.25,0.7996788438,2.739159313,mid,False
ENSG00000143847_PPFIA4,PPFIA4,0.875,0.2398266314,0.25,0.7996788438,2.898836924,mid,False
ENSG00000144821_MYH15,MYH15,0.875,0.2398266314,0.25,0.7996788438,2.124806669,tail,False
ENSG00000146215_CRIP3,CRIP3,0.875,0.2398266314,0.25,0.7996788438,2.920330597,mid,False
ENSG00000146776_ATXN7L1,ATXN7L1,0.875,0.2398266314,0.25,0.7996788438,7.743774873,mid,False
ENSG00000147642_SYBU,SYBU,0.875,0.2398266314,0.25,0.7996788438,10.03449774,mid,False
ENSG00000149548_CCDC15,CCDC15,0.875,0.2398266314,0.25,0.7996788438,6.270747933,mid,False
ENSG00000156313_RPGR,RPGR,0.875,0.2398266314,0.25,0.7996788438,7.141291035,mid,False
ENSG00000158019_BABAM2,BABAM2,0.875,0.2398266314,0.25,0.7996788438,8.790306055,mid,False
ENSG00000158815_FGF17,FGF17,0.875,0.2398266314,0.25,0.7996788438,2.227847375,mid,False
ENSG00000159267_HLCS,HLCS,0.875,0.2398266314,0.25,0.7996788438,10.16627603,mid,False
ENSG00000160058_BSDC1,BSDC1,0.875,0.2398266314,0.25,0.7996788438,10.25143975,mid,False
ENSG00000160948_VPS28,VPS28,0.875,0.2398266314,0.25,0.7996788438,10.60848059,mid,False
ENSG00000166888_STAT6,STAT6,0.875,0.2398266314,0.25,0.7996788438,12.28421887,head,False
ENSG00000167065_DUSP18,DUSP18,0.875,0.2398266314,0.25,0.7996788438,7.056307514,mid,False
ENSG00000177426_TGIF1,TGIF1,0.875,0.2398266314,0.25,0.7996788438,9.645256687,mid,False
ENSG00000178115_GOLGA8Q,GOLGA8Q,0.875,0.2398266314,0.25,0.7996788438,2.814130133,mid,False
ENSG00000182308_DCAF4L1,DCAF4L1,0.875,0.2398266314,0.25,0.7996788438,4.480967728,mid,False
ENSG00000182389_CACNB4,CACNB4,0.875,0.2398266314,0.25,0.7996788438,3.097171518,mid,False
ENSG00000184949_FAM227A,FAM227A,0.875,0.2398266314,0.25,0.7996788438,6.888165562,mid,False
ENSG00000186648_CARMIL3,CARMIL3,0.875,0.2398266314,0.25,0.7996788438,3.636253575,mid,False
ENSG00000187164_SHTN1,SHTN1,0.875,0.2398266314,0.25,0.7996788438,10.78015262,mid,False
ENSG00000187650_VMAC,VMAC,0.875,0.2398266314,0.25,0.7996788438,6.526694162,mid,False
ENSG00000188660_LINC00319,LINC00319,0.875,0.2398266314,0.25,0.7996788438,2.81640361,mid,False
ENSG00000196562_SULF2,SULF2,0.875,0.2398266314,0.25,0.7996788438,11.93037722,head,False
ENSG00000197603_CPLANE1,CPLANE1,0.875,0.2398266314,0.25,0.7996788438,10.90631786,mid,False
ENSG00000197933_ZNF823,ZNF823,0.875,0.2398266314,0.25,0.7996788438,7.362409362,mid,False
ENSG00000205436_EXOC3L4,EXOC3L4,0.875,0.2398266314,0.25,0.7996788438,2.12394949,tail,False
ENSG00000206561_COLQ,COLQ,0.875,0.2398266314,0.25,0.7996788438,3.335662299,mid,False
ENSG00000214021_TTLL3,TTLL3,0.875,0.2398266314,0.25,0.7996788438,8.300118154,mid,False
ENSG00000214279_SCART1,SCART1,0.875,0.2398266314,0.25,0.7996788438,4.966883123,mid,False
ENSG00000223768_LINC00205,LINC00205,0.875,0.2398266314,0.25,0.7996788438,8.525550619,mid,False
ENSG00000228613_AC141930.1,AC141930.1,0.875,0.2398266314,0.25,0.7996788438,2.353508881,mid,False
ENSG00000229980_TOB1-AS1,TOB1-AS1,0.875,0.2398266314,0.25,0.7996788438,5.308654251,mid,False
ENSG00000230185_C9orf147,C9orf147,0.875,0.2398266314,0.25,0.7996788438,2.423749386,mid,False
ENSG00000237476_LINC01637,LINC01637,0.875,0.2398266314,0.25,0.7996788438,5.076495274,mid,False
ENSG00000243660_ZNF487,ZNF487,0.875,0.2398266314,0.25,0.7996788438,5.677196545,mid,False
ENSG00000243811_APOBEC3D,APOBEC3D,0.875,0.2398266314,0.25,0.7996788438,1.710365284,tail,False
ENSG00000245261_AL133375.1,AL133375.1,0.875,0.2398266314,0.25,0.7996788438,3.003326838,mid,False
ENSG00000253873_PCDHGA11,PCDHGA11,0.875,0.2398266314,0.25,0.7996788438,4.498274229,mid,False
ENSG00000261777_AC012184.3,AC012184.3,0.875,0.2398266314,0.25,0.7996788438,2.973559857,mid,False
ENSG00000261971_MMP25-AS1,MMP25-AS1,0.875,0.2398266314,0.25,0.7996788438,6.942447331,mid,False
ENSG00000263327_TAPT1-AS1,TAPT1-AS1,0.875,0.2398266314,0.25,0.7996788438,5.546200022,mid,False
ENSG00000264548_AC132872.2,AC132872.2,0.875,0.2398266314,0.25,0.7996788438,2.633070083,mid,False
ENSG00000270020_AC009108.3,AC009108.3,0.875,0.2398266314,0.25,0.7996788438,1.718034451,tail,False
ENSG00000270118_AC138894.2,AC138894.2,0.875,0.2398266314,0.25,0.7996788438,1.99619086,tail,False
ENSG00000270137_AF230666.2,AF230666.2,0.875,0.2398266314,0.25,0.7996788438,3.40217176,mid,False
ENSG00000271254_AC240274.1,AC240274.1,0.875,0.2398266314,0.25,0.7996788438,8.624393198,mid,False
ENSG00000272902_TBC1D8-AS1,TBC1D8-AS1,0.875,0.2398266314,0.25,0.7996788438,2.611849141,mid,False
ENSG00000277873_AC131159.2,AC131159.2,0.875,0.2398266314,0.25,0.7996788438,2.571675371,mid,False
ENSG00000285184_AC244033.2,AC244033.2,0.875,0.2398266314,0.25,0.7996788438,5.169681066,mid,False
ENSG00000286825_AL096870.6,AL096870.6,0.875,0.2398266314,0.25,0.7996788438,4.029258709,mid,False
ENSG00000288235_FAM106C,FAM106C,0.875,0.2398266314,0.25,0.7996788438,4.518233158,mid,False
ENSG00000179270_PCARE,PCARE,0.875,0.2398266314,0.3125,0.8907828283,1.044132979,tail,False
ENSG00000260423_LINC02367,LINC02367,0.875,0.2398266314,0.3125,0.8907828283,1.310706372,tail,False
ENSG00000006047_YBX2,YBX2,0.875,0.2398266314,0.3125,0.8907828283,7.126331368,mid,False
ENSG00000011376_LARS2,LARS2,0.875,0.2398266314,0.3125,0.8907828283,10.27824873,mid,False
ENSG00000073605_GSDMB,GSDMB,0.875,0.2398266314,0.3125,0.8907828283,6.739113286,mid,False
ENSG00000089091_DZANK1,DZANK1,0.875,0.2398266314,0.3125,0.8907828283,6.091058996,mid,False
ENSG00000100298_APOBEC3H,APOBEC3H,0.875,0.2398266314,0.3125,0.8907828283,2.118058267,tail,False
ENSG00000102710_SUPT20H,SUPT20H,0.875,0.2398266314,0.3125,0.8907828283,10.02690056,mid,False
ENSG00000102934_PLLP,PLLP,0.875,0.2398266314,0.3125,0.8907828283,10.10811324,mid,False
ENSG00000107242_PIP5K1B,PIP5K1B,0.875,0.2398266314,0.3125,0.8907828283,5.046604296,mid,False
ENSG00000110455_ACCS,ACCS,0.875,0.2398266314,0.3125,0.8907828283,7.222001,mid,False
ENSG00000110756_HPS5,HPS5,0.875,0.2398266314,0.3125,0.8907828283,10.15483011,mid,False
ENSG00000113108_APBB3,APBB3,0.875,0.2398266314,0.3125,0.8907828283,7.041266898,mid,False
ENSG00000116138_DNAJC16,DNAJC16,0.875,0.2398266314,0.3125,0.8907828283,9.296176871,mid,False
ENSG00000130518_IQCN,IQCN,0.875,0.2398266314,0.3125,0.8907828283,6.326300138,mid,False
ENSG00000132518_GUCY2D,GUCY2D,0.875,0.2398266314,0.3125,0.8907828283,2.933918621,mid,False
ENSG00000137941_TTLL7,TTLL7,0.875,0.2398266314,0.3125,0.8907828283,5.133453569,mid,False
ENSG00000139899_CBLN3,CBLN3,0.875,0.2398266314,0.3125,0.8907828283,4.770438107,mid,False
ENSG00000143375_CGN,CGN,0.875,0.2398266314,0.3125,0.8907828283,10.2584424,mid,False
ENSG00000145996_CDKAL1,CDKAL1,0.875,0.2398266314,0.3125,0.8907828283,8.804202298,mid,False
ENSG00000158402_CDC25C,CDC25C,0.875,0.2398266314,0.3125,0.8907828283,6.861613919,mid,False
ENSG00000162836_ACP6,ACP6,0.875,0.2398266314,0.3125,0.8907828283,9.484559995,mid,False
ENSG00000164087_POC1A,POC1A,0.875,0.2398266314,0.3125,0.8907828283,7.564368567,mid,False
ENSG00000165124_SVEP1,SVEP1,0.875,0.2398266314,0.3125,0.8907828283,9.005221328,mid,False
ENSG00000166147_FBN1,FBN1,0.875,0.2398266314,0.3125,0.8907828283,8.113991597,mid,False
ENSG00000166819_PLIN1,PLIN1,0.875,0.2398266314,0.3125,0.8907828283,6.634610514,mid,False
ENSG00000167165_UGT1A6,UGT1A6,0.875,0.2398266314,0.3125,0.8907828283,5.79028921,mid,False
ENSG00000172775_FAM192A,FAM192A,0.875,0.2398266314,0.3125,0.8907828283,10.301056,mid,False
ENSG00000173530_TNFRSF10D,TNFRSF10D,0.875,0.2398266314,0.3125,0.8907828283,9.355460466,mid,False
ENSG00000175573_C11orf68,C11orf68,0.875,0.2398266314,0.3125,0.8907828283,8.868515298,mid,False
ENSG00000175728_C11orf44,C11orf44,0.875,0.2398266314,0.3125,0.8907828283,2.438812526,mid,False
ENSG00000184343_SRPK3,SRPK3,0.875,0.2398266314,0.3125,0.8907828283,2.803626824,mid,False
ENSG00000186523_FAM86B1,FAM86B1,0.875,0.2398266314,0.3125,0.8907828283,7.458483033,mid,False
ENSG00000198105_ZNF248,ZNF248,0.875,0.2398266314,0.3125,0.8907828283,8.851633912,mid,False
ENSG00000198718_TOGARAM1,TOGARAM1,0.875,0.2398266314,0.3125,0.8907828283,9.746610995,mid,False
ENSG00000227359_AC017074.1,AC017074.1,0.875,0.2398266314,0.3125,0.8907828283,1.668591542,tail,False
ENSG00000233937_AC008443.1,AC008443.1,0.875,0.2398266314,0.3125,0.8907828283,6.625950261,mid,False
ENSG00000235903_CPB2-AS1,CPB2-AS1,0.875,0.2398266314,0.3125,0.8907828283,3.188963123,mid,False
ENSG00000241322_CDRT1,CDRT1,0.875,0.2398266314,0.3125,0.8907828283,7.117339265,mid,False
ENSG00000251432_LINC02615,LINC02615,0.875,0.2398266314,0.3125,0.8907828283,5.772209939,mid,False
ENSG00000253327_RAD21-AS1,RAD21-AS1,0.875,0.2398266314,0.3125,0.8907828283,2.822228257,mid,False
ENSG00000258689_LINC01269,LINC01269,0.875,0.2398266314,0.3125,0.8907828283,2.757230693,mid,False
ENSG00000261219_AC090651.1,AC090651.1,0.875,0.2398266314,0.3125,0.8907828283,0.8991484415,tail,False
ENSG00000263235_AC006111.2,AC006111.2,0.875,0.2398266314,0.3125,0.8907828283,3.94747255,mid,False
ENSG00000263335_AF001548.2,AF001548.2,0.875,0.2398266314,0.3125,0.8907828283,2.906540679,mid,False
ENSG00000266967_AARSD1,AARSD1,0.875,0.2398266314,0.3125,0.8907828283,8.74645745,mid,False
ENSG00000270607_AC009549.1,AC009549.1,0.875,0.2398266314,0.3125,0.8907828283,2.162593474,tail,False
ENSG00000276232_AC006064.5,AC006064.5,0.875,0.2398266314,0.3125,0.8907828283,11.00510767,mid,False
ENSG00000278356_AC005911.1,AC005911.1,0.875,0.2398266314,0.3125,0.8907828283,1.845084348,tail,False
ENSG00000278546_AC003101.2,AC003101.2,0.875,0.2398266314,0.3125,0.8907828283,2.500959784,mid,False
ENSG00000280136_AC240565.1,AC240565.1,0.875,0.2398266314,0.3125,0.8907828283,3.364629846,mid,False
ENSG00000287022_AC079841.2,AC079841.2,0.875,0.2398266314,0.3125,0.8907828283,2.003877535,tail,False
ENSG00000287104_AC097382.3,AC097382.3,0.875,0.2398266314,0.3125,0.8907828283,5.166795024,mid,False
ENSG00000287431_AC027601.6,AC027601.6,0.875,0.2398266314,0.3125,0.8907828283,6.986120038,mid,False
ENSG00000184502_GAST,GAST,0.875,0.1825605599,0.375,0.8907828283,0.214430596,tail,False
ENSG00000143107_FNDC7,FNDC7,0.875,0.2398266314,0.375,0.8907828283,0.3479900702,tail,False
ENSG00000015285_WAS,WAS,0.875,0.2398266314,0.375,0.9757531227,1.951486757,tail,False
ENSG00000021762_OSBPL5,OSBPL5,0.875,0.2398266314,0.375,0.9757531227,12.00088413,head,False
ENSG00000042832_TG,TG,0.875,0.2398266314,0.375,0.9757531227,3.314672898,mid,False
ENSG00000076108_BAZ2A,BAZ2A,0.875,0.2398266314,0.375,0.9757531227,11.80155204,head,False
ENSG00000078814_MYH7B,MYH7B,0.875,0.2398266314,0.375,0.9757531227,1.177437109,tail,False
ENSG00000080802_CNOT4,CNOT4,0.875,0.2398266314,0.375,0.9757531227,9.48821168,mid,False
ENSG00000083307_GRHL2,GRHL2,0.875,0.2398266314,0.375,0.9757531227,11.49366391,head,False
ENSG00000088538_DOCK3,DOCK3,0.875,0.2398266314,0.375,0.9757531227,4.558017278,mid,False
ENSG00000105982_RNF32,RNF32,0.875,0.2398266314,0.375,0.9757531227,1.984380777,tail,False
ENSG00000110074_FOXRED1,FOXRED1,0.875,0.2398266314,0.375,0.9757531227,8.724733504,mid,False
ENSG00000117266_CDK18,CDK18,0.875,0.2398266314,0.375,0.9757531227,9.878597695,mid,False
ENSG00000131018_SYNE1,SYNE1,0.875,0.2398266314,0.375,0.9757531227,6.815114505,mid,False
ENSG00000139990_DCAF5,DCAF5,0.875,0.2398266314,0.375,0.9757531227,10.25647617,mid,False
ENSG00000143409_MINDY1,MINDY1,0.875,0.2398266314,0.375,0.9757531227,8.630327982,mid,False
ENSG00000149929_HIRIP3,HIRIP3,0.875,0.2398266314,0.375,0.9757531227,7.497153181,mid,False
ENSG00000158987_RAPGEF6,RAPGEF6,0.875,0.2398266314,0.375,0.9757531227,10.22878283,mid,False
ENSG00000160781_PAQR6,PAQR6,0.875,0.2398266314,0.375,0.9757531227,7.599199183,mid,False
ENSG00000162415_ZSWIM5,ZSWIM5,0.875,0.2398266314,0.375,0.9757531227,3.540076881,mid,False
ENSG00000163704_PRRT3,PRRT3,0.875,0.2398266314,0.375,0.9757531227,5.652055832,mid,False
ENSG00000166169_POLL,POLL,0.875,0.2398266314,0.375,0.9757531227,9.334779839,mid,False
ENSG00000168591_TMUB2,TMUB2,0.875,0.2398266314,0.375,0.9757531227,9.038695417,mid,False
ENSG00000170919_TPT1-AS1,TPT1-AS1,0.875,0.2398266314,0.375,0.9757531227,7.017688405,mid,False
ENSG00000171044_XKR6,XKR6,0.875,0.2398266314,0.375,0.9757531227,6.491867884,mid,False
ENSG00000171747_LGALS4,LGALS4,0.875,0.2398266314,0.375,0.9757531227,1.497954638,tail,False
ENSG00000181798_LINC00471,LINC00471,0.875,0.2398266314,0.375,0.9757531227,3.572649069,mid,False
ENSG00000196712_NF1,NF1,0.875,0.2398266314,0.375,0.9757531227,11.8847534,head,False
ENSG00000198799_LRIG2,LRIG2,0.875,0.2398266314,0.375,0.9757531227,9.521179064,mid,False
ENSG00000198874_TYW1,TYW1,0.875,0.2398266314,0.375,0.9757531227,9.471860139,mid,False
ENSG00000227110_LMCD1-AS1,LMCD1-AS1,0.875,0.2398266314,0.375,0.9757531227,1.415196435,tail,False
ENSG00000229591_AC006017.1,AC006017.1,0.875,0.2398266314,0.375,0.9757531227,2.032796236,tail,False
ENSG00000230454_U73166.1,U73166.1,0.875,0.2398266314,0.375,0.9757531227,4.354016898,mid,False
ENSG00000230498_AL035409.1,AL035409.1,0.875,0.2398266314,0.375,0.9757531227,3.986916319,mid,False
ENSG00000231305_AC112484.1,AC112484.1,0.875,0.2398266314,0.375,0.9757531227,2.474056006,mid,False
ENSG00000235530_AC087294.1,AC087294.1,0.875,0.2398266314,0.375,0.9757531227,5.3350552,mid,False
ENSG00000236095_AL807757.2,AL807757.2,0.875,0.2398266314,0.375,0.9757531227,1.373138534,tail,False
ENSG00000237978_KCNMB2-AS1,KCNMB2-AS1,0.875,0.2398266314,0.375,0.9757531227,2.582994848,mid,False
ENSG00000240891_PLCXD2,PLCXD2,0.875,0.2398266314,0.375,0.9757531227,6.330398105,mid,False
ENSG00000255524_NPIPB8,NPIPB8,0.875,0.2398266314,0.375,0.9757531227,0.606567039,tail,False
ENSG00000256116_AP001453.1,AP001453.1,0.875,0.2398266314,0.375,0.9757531227,1.926063595,tail,False
ENSG00000257086_AP001453.2,AP001453.2,0.875,0.2398266314,0.375,0.9757531227,5.219299252,mid,False
ENSG00000259877_AC009113.1,AC009113.1,0.875,0.2398266314,0.375,0.9757531227,4.956220685,mid,False
ENSG00000260751_AC008870.2,AC008870.2,0.875,0.2398266314,0.375,0.9757531227,3.070373748,mid,False
ENSG00000261173_AC018845.3,AC018845.3,0.875,0.2398266314,0.375,0.9757531227,1.743554694,tail,False
ENSG00000261879_AC087500.1,AC087500.1,0.875,0.2398266314,0.375,0.9757531227,4.20204262,mid,False
ENSG00000267665_AC021683.3,AC021683.3,0.875,0.2398266314,0.375,0.9757531227,1.242703777,tail,False
ENSG00000267858_MZF1-AS1,MZF1-AS1,0.875,0.2398266314,0.375,0.9757531227,5.957717055,mid,False
ENSG00000269929_AL158152.1,AL158152.1,0.875,0.2398266314,0.375,0.9757531227,9.103684584,mid,False
ENSG00000270100_AC012065.4,AC012065.4,0.875,0.2398266314,0.375,0.9757531227,1.555960166,tail,False
ENSG00000271204_AC016831.5,AC016831.5,0.875,0.2398266314,0.375,0.9757531227,5.251393015,mid,False
ENSG00000272692_AC010997.4,AC010997.4,0.875,0.2398266314,0.375,0.9757531227,2.596324698,mid,False
ENSG00000277744_AC011462.4,AC011462.4,0.875,0.2398266314,0.375,0.9757531227,1.606053973,tail,False
ENSG00000278932_CR381653.1,CR381653.1,0.875,0.2398266314,0.375,0.9757531227,4.225219716,mid,False
ENSG00000281912_LINC01144,LINC01144,0.875,0.2398266314,0.375,0.9757531227,4.02158505,mid,False
ENSG00000283078_AL137077.2,AL137077.2,0.875,0.2398266314,0.375,0.9757531227,3.469002399,mid,False
ENSG00000287091_AC009961.4,AC009961.4,0.875,0.2398266314,0.375,0.9757531227,2.830543745,mid,False
ENSG00000188687_SLC4A5,SLC4A5,0.875,0.2398266314,0.40625,1,1.45814287,tail,False
ENSG00000163815_CLEC3B,CLEC3B,0.875,0.2398266314,0.4375,1,1.144599683,tail,False
ENSG00000272247_AC080013.5,AC080013.5,0.875,0.2398266314,0.4375,1,2.252811523,mid,False
ENSG00000010803_SCMH1,SCMH1,0.875,0.2398266314,0.4375,1,9.635129917,mid,False
ENSG00000087589_CASS4,CASS4,0.875,0.2398266314,0.4375,1,0.7858076378,tail,False
ENSG00000090889_KIF4A,KIF4A,0.875,0.2398266314,0.4375,1,9.171117468,mid,False
ENSG00000104941_RSPH6A,RSPH6A,0.875,0.2398266314,0.4375,1,0.5915026666,tail,False
ENSG00000112511_PHF1,PHF1,0.875,0.2398266314,0.4375,1,7.526550206,mid,False
ENSG00000114388_NPRL2,NPRL2,0.875,0.2398266314,0.4375,1,9.048814916,mid,False
ENSG00000115998_C2orf42,C2orf42,0.875,0.2398266314,0.4375,1,7.685715794,mid,False
ENSG00000120049_KCNIP2,KCNIP2,0.875,0.2398266314,0.4375,1,4.05355411,mid,False
ENSG00000121406_ZNF549,ZNF549,0.875,0.2398266314,0.4375,1,7.156192527,mid,False
ENSG00000122477_LRRC39,LRRC39,0.875,0.2398266314,0.4375,1,3.254803328,mid,False
ENSG00000122882_ECD,ECD,0.875,0.2398266314,0.4375,1,9.436698364,mid,False
ENSG00000124782_RREB1,RREB1,0.875,0.2398266314,0.4375,1,11.81917572,head,False
ENSG00000126653_NSRP1,NSRP1,0.875,0.2398266314,0.4375,1,8.771390884,mid,False
ENSG00000132326_PER2,PER2,0.875,0.2398266314,0.4375,1,10.62410157,mid,False
ENSG00000138161_CUZD1,CUZD1,0.875,0.2398266314,0.4375,1,4.657871325,mid,False
ENSG00000138615_CILP,CILP,0.875,0.2398266314,0.4375,1,0.9146695938,tail,False
ENSG00000140323_DISP2,DISP2,0.875,0.2398266314,0.4375,1,6.942527985,mid,False
ENSG00000140961_OSGIN1,OSGIN1,0.875,0.2398266314,0.4375,1,6.501412071,mid,False
ENSG00000156398_SFXN2,SFXN2,0.875,0.2398266314,0.4375,1,7.643807284,mid,False
ENSG00000156427_FGF18,FGF18,0.875,0.2398266314,0.4375,1,1.54151343,tail,False
ENSG00000156787_TBC1D31,TBC1D31,0.875,0.2398266314,0.4375,1,8.540233812,mid,False
ENSG00000160973_FOXH1,FOXH1,0.875,0.2398266314,0.4375,1,2.918628638,mid,False
ENSG00000163806_SPDYA,SPDYA,0.875,0.2398266314,0.4375,1,4.923526576,mid,False
ENSG00000164855_TMEM184A,TMEM184A,0.875,0.2398266314,0.4375,1,9.579382811,mid,False
ENSG00000164867_NOS3,NOS3,0.875,0.2398266314,0.4375,1,2.69806813,mid,False
ENSG00000173567_ADGRF3,ADGRF3,0.875,0.2398266314,0.4375,1,2.093972303,tail,False
ENSG00000173928_SWSAP1,SWSAP1,0.875,0.2398266314,0.4375,1,6.229435352,mid,False
ENSG00000174123_TLR10,TLR10,0.875,0.2398266314,0.4375,1,2.750372347,mid,False
ENSG00000176909_MAMSTR,MAMSTR,0.875,0.2398266314,0.4375,1,4.191284481,mid,False
ENSG00000179846_NKPD1,NKPD1,0.875,0.2398266314,0.4375,1,2.270356873,mid,False
ENSG00000183760_ACP7,ACP7,0.875,0.2398266314,0.4375,1,3.93268737,mid,False
ENSG00000185862_EVI2B,EVI2B,0.875,0.2398266314,0.4375,1,1.89953047,tail,False
ENSG00000188596_CFAP54,CFAP54,0.875,0.2398266314,0.4375,1,1.199328755,tail,False
ENSG00000188897_AC099489.1,AC099489.1,0.875,0.2398266314,0.4375,1,3.264505189,mid,False
ENSG00000196436_NPIPB15,NPIPB15,0.875,0.2398266314,0.4375,1,5.0908569,mid,False
ENSG00000197363_ZNF517,ZNF517,0.875,0.2398266314,0.4375,1,7.00510896,mid,False
ENSG00000215241_LINC02449,LINC02449,0.875,0.2398266314,0.4375,1,5.508838952,mid,False
ENSG00000218510_LINC00339,LINC00339,0.875,0.2398266314,0.4375,1,5.39402246,mid,False
ENSG00000231663_COA6-AS1,COA6-AS1,0.875,0.2398266314,0.4375,1,2.417302602,mid,False
ENSG00000246640_PICART1,PICART1,0.875,0.2398266314,0.4375,1,1.277695715,tail,False
ENSG00000250159_AC106791.1,AC106791.1,0.875,0.2398266314,0.4375,1,0.6812918292,tail,False
ENSG00000251169_LINC01843,LINC01843,0.875,0.2398266314,0.4375,1,3.542686182,mid,False
ENSG00000258525_AL049830.3,AL049830.3,0.875,0.2398266314,0.4375,1,3.294176321,mid,False
ENSG00000259768_AC004943.2,AC004943.2,0.875,0.2398266314,0.4375,1,6.606101527,mid,False
ENSG00000259828_AL355596.1,AL355596.1,0.875,0.2398266314,0.4375,1,5.755894653,mid,False
ENSG00000261054_AC036108.2,AC036108.2,0.875,0.2398266314,0.4375,1,1.968185289,tail,False
ENSG00000261758_AC117382.2,AC117382.2,0.875,0.2398266314,0.4375,1,3.752543828,mid,False
ENSG00000261934_PCDHGA9,PCDHGA9,0.875,0.2398266314,0.4375,1,5.035049318,mid,False
ENSG00000262227_AC004771.3,AC004771.3,0.875,0.2398266314,0.4375,1,3.909665415,mid,False
ENSG00000262514_AC020978.6,AC020978.6,0.875,0.2398266314,0.4375,1,2.293716328,mid,False
ENSG00000266498_AC055811.3,AC055811.3,0.875,0.2398266314,0.4375,1,2.335396887,mid,False
ENSG00000268584_AC073389.1,AC073389.1,0.875,0.2398266314,0.4375,1,4.093686159,mid,False
ENSG00000268996_MAN1B1-DT,MAN1B1-DT,0.875,0.2398266314,0.4375,1,5.425623786,mid,False
ENSG00000269924_AC024451.4,AC024451.4,0.875,0.2398266314,0.4375,1,3.136478423,mid,False
ENSG00000270049_AC009061.2,AC009061.2,0.875,0.2398266314,0.4375,1,4.688576994,mid,False
ENSG00000273270_AC090114.2,AC090114.2,0.875,0.2398266314,0.4375,1,5.810894616,mid,False
ENSG00000277152_AC110048.2,AC110048.2,0.875,0.2398266314,0.4375,1,2.777676284,mid,False
ENSG00000284713_SMIM38,SMIM38,0.875,0.2398266314,0.4375,1,1.679870661,tail,False
ENSG00000285053_TBCE,TBCE,0.875,0.2398266314,0.4375,1,6.358055226,mid,False
ENSG00000286613_AC006213.7,AC006213.7,0.875,0.2398266314,0.4375,1,1.734803304,tail,False
ENSG00000286626_AC090469.1,AC090469.1,0.875,0.2398266314,0.4375,1,2.188287084,tail,False
ENSG00000287263_AC008875.3,AC008875.3,0.875,0.2398266314,0.4375,1,3.20271856,mid,False
ENSG00000287697_Z99127.4,Z99127.4,0.875,0.2398266314,0.4375,1,4.767894044,mid,False
ENSG00000186115_CYP4F2,CYP4F2,0.875,0.1825605599,0.46875,1,0.2160434411,tail,False
ENSG00000273674_AC021752.1,AC021752.1,0.875,0.2398266314,0.46875,1,1.499849955,tail,False
ENSG00000286011_AC062037.3,AC062037.3,0.875,0.2398266314,0.46875,1,1.455662441,tail,False
ENSG00000131379_C3orf20,C3orf20,0.875,0.2398266314,0.5,1,0.5518451443,tail,False
ENSG00000149926_TLCD3B,TLCD3B,0.875,0.2398266314,0.5,1,0.6819558254,tail,False
ENSG00000156755_IGKV1OR-2,IGKV1OR-2,0.875,0.2398266314,0.5,1,1.727259322,tail,False
ENSG00000011426_ANLN,ANLN,0.875,0.2398266314,0.5,1,11.64870273,head,False
ENSG00000044090_CUL7,CUL7,0.875,0.2398266314,0.5,1,9.340968446,mid,False
ENSG00000065357_DGKA,DGKA,0.875,0.2398266314,0.5,1,10.30088486,mid,False
ENSG00000068137_PLEKHH3,PLEKHH3,0.875,0.2398266314,0.5,1,9.258361502,mid,False
ENSG00000070614_NDST1,NDST1,0.875,0.2398266314,0.5,1,11.20237917,mid,False
ENSG00000070778_PTPN21,PTPN21,0.875,0.2398266314,0.5,1,9.107639495,mid,False
ENSG00000073670_ADAM11,ADAM11,0.875,0.2398266314,0.5,1,2.70714165,mid,False
ENSG00000075407_ZNF37A,ZNF37A,0.875,0.2398266314,0.5,1,10.51466508,mid,False
ENSG00000080608_PUM3,PUM3,0.875,0.2398266314,0.5,1,10.63938794,mid,False
ENSG00000082516_GEMIN5,GEMIN5,0.875,0.2398266314,0.5,1,10.90122465,mid,False
ENSG00000082805_ERC1,ERC1,0.875,0.2398266314,0.5,1,11.44682341,mid,False
ENSG00000085382_HACE1,HACE1,0.875,0.2398266314,0.5,1,8.112709745,mid,False
ENSG00000089053_ANAPC5,ANAPC5,0.875,0.2398266314,0.5,1,11.42847279,mid,False
ENSG00000095564_BTAF1,BTAF1,0.875,0.2398266314,0.5,1,11.06174079,mid,False
ENSG00000100324_TAB1,TAB1,0.875,0.2398266314,0.5,1,9.631176922,mid,False
ENSG00000100941_PNN,PNN,0.875,0.2398266314,0.5,1,11.21479995,mid,False
ENSG00000100982_PCIF1,PCIF1,0.875,0.2398266314,0.5,1,9.349600836,mid,False
ENSG00000101213_PTK6,PTK6,0.875,0.2398266314,0.5,1,9.249674081,mid,False
ENSG00000101407_TTI1,TTI1,0.875,0.2398266314,0.5,1,9.797677626,mid,False
ENSG00000101868_POLA1,POLA1,0.875,0.2398266314,0.5,1,9.452277855,mid,False
ENSG00000106479_ZNF862,ZNF862,0.875,0.2398266314,0.5,1,8.172929068,mid,False
ENSG00000106603_COA1,COA1,0.875,0.2398266314,0.5,1,9.503742415,mid,False
ENSG00000106868_SUSD1,SUSD1,0.875,0.2398266314,0.5,1,7.476572394,mid,False
ENSG00000107331_ABCA2,ABCA2,0.875,0.2398266314,0.5,1,10.67272554,mid,False
ENSG00000107957_SH3PXD2A,SH3PXD2A,0.875,0.2398266314,0.5,1,13.35565403,head,False
ENSG00000109805_NCAPG,NCAPG,0.875,0.2398266314,0.5,1,9.621374068,mid,False
ENSG00000115239_ASB3,ASB3,0.875,0.2398266314,0.5,1,8.084495051,mid,False
ENSG00000116815_CD58,CD58,0.875,0.2398266314,0.5,1,8.288487499,mid,False
ENSG00000117013_KCNQ4,KCNQ4,0.875,0.2398266314,0.5,1,5.332462273,mid,False
ENSG00000119684_MLH3,MLH3,0.875,0.2398266314,0.5,1,9.845215746,mid,False
ENSG00000120833_SOCS2,SOCS2,0.875,0.2398266314,0.5,1,5.750779836,mid,False
ENSG00000123415_SMUG1,SMUG1,0.875,0.2398266314,0.5,1,8.940967676,mid,False
ENSG00000125843_AP5S1,AP5S1,0.875,0.2398266314,0.5,1,8.580449783,mid,False
ENSG00000127311_HELB,HELB,0.875,0.2398266314,0.5,1,7.940640301,mid,False
ENSG00000128408_RIBC2,RIBC2,0.875,0.2398266314,0.5,1,5.200216966,mid,False
ENSG00000130529_TRPM4,TRPM4,0.875,0.2398266314,0.5,1,9.978165717,mid,False
ENSG00000131484_AC091132.1,AC091132.1,0.875,0.2398266314,0.5,1,2.209148549,tail,False
ENSG00000131788_PIAS3,PIAS3,0.875,0.2398266314,0.5,1,10.46521161,mid,False
ENSG00000132394_EEFSEC,EEFSEC,0.875,0.2398266314,0.5,1,8.850505818,mid,False
ENSG00000135336_ORC3,ORC3,0.875,0.2398266314,0.5,1,9.021871446,mid,False
ENSG00000135931_ARMC9,ARMC9,0.875,0.2398266314,0.5,1,8.319540181,mid,False
ENSG00000138709_LARP1B,LARP1B,0.875,0.2398266314,0.5,1,10.29816901,mid,False
ENSG00000139842_CUL4A,CUL4A,0.875,0.2398266314,0.5,1,11.57204195,head,False
ENSG00000140506_LMAN1L,LMAN1L,0.875,0.2398266314,0.5,1,3.971683529,mid,False
ENSG00000140854_KATNB1,KATNB1,0.875,0.2398266314,0.5,1,9.094566998,mid,False
ENSG00000140939_NOL3,NOL3,0.875,0.2398266314,0.5,1,8.914304967,mid,False
ENSG00000143507_DUSP10,DUSP10,0.875,0.2398266314,0.5,1,7.660755015,mid,False
ENSG00000143748_NVL,NVL,0.875,0.2398266314,0.5,1,9.211383376,mid,False
ENSG00000145911_N4BP3,N4BP3,0.875,0.2398266314,0.5,1,8.186821016,mid,False
ENSG00000146592_CREB5,CREB5,0.875,0.2398266314,0.5,1,5.089948971,mid,False
ENSG00000148356_LRSAM1,LRSAM1,0.875,0.2398266314,0.5,1,8.931627639,mid,False
ENSG00000149043_SYT8,SYT8,0.875,0.2398266314,0.5,1,12.32093923,head,False
ENSG00000152795_HNRNPDL,HNRNPDL,0.875,0.2398266314,0.5,1,12.25209348,head,False
ENSG00000154930_ACSS1,ACSS1,0.875,0.2398266314,0.5,1,1.196279038,tail,False
ENSG00000155980_KIF5A,KIF5A,0.875,0.2398266314,0.5,1,1.662830536,tail,False
ENSG00000156299_TIAM1,TIAM1,0.875,0.2398266314,0.5,1,9.37756444,mid,False
ENSG00000158859_ADAMTS4,ADAMTS4,0.875,0.2398266314,0.5,1,2.525664762,mid,False
ENSG00000159086_PAXBP1,PAXBP1,0.875,0.2398266314,0.5,1,10.59042726,mid,False
ENSG00000159674_SPON2,SPON2,0.875,0.2398266314,0.5,1,10.38554674,mid,False
ENSG00000161999_JMJD8,JMJD8,0.875,0.2398266314,0.5,1,10.49295719,mid,False
ENSG00000162069_BICDL2,BICDL2,0.875,0.2398266314,0.5,1,9.770388587,mid,False
ENSG00000163116_STPG2,STPG2,0.875,0.2398266314,0.5,1,2.738801027,mid,False
ENSG00000163701_IL17RE,IL17RE,0.875,0.2398266314,0.5,1,9.701819459,mid,False
ENSG00000163808_KIF15,KIF15,0.875,0.2398266314,0.5,1,8.508161497,mid,False
ENSG00000163832_ELP6,ELP6,0.875,0.2398266314,0.5,1,8.411465218,mid,False
ENSG00000165480_SKA3,SKA3,0.875,0.2398266314,0.5,1,8.668666343,mid,False
ENSG00000166377_ATP9B,ATP9B,0.875,0.2398266314,0.5,1,8.760522912,mid,False
ENSG00000166925_TSC22D4,TSC22D4,0.875,0.2398266314,0.5,1,10.28991869,mid,False
ENSG00000167291_TBC1D16,TBC1D16,0.875,0.2398266314,0.5,1,12.28272664,head,False
ENSG00000167656_LY6D,LY6D,0.875,0.2398266314,0.5,1,10.17056221,mid,False
ENSG00000168758_SEMA4C,SEMA4C,0.875,0.2398266314,0.5,1,9.497613206,mid,False
ENSG00000169249_ZRSR2,ZRSR2,0.875,0.2398266314,0.5,1,7.133289566,mid,False
ENSG00000172819_RARG,RARG,0.875,0.2398266314,0.5,1,11.32343462,mid,False
ENSG00000173531_MST1,MST1,0.875,0.2398266314,0.5,1,6.69265357,mid,False
ENSG00000173818_ENDOV,ENDOV,0.875,0.2398266314,0.5,1,7.755672057,mid,False
ENSG00000173992_CCS,CCS,0.875,0.2398266314,0.5,1,8.446313244,mid,False
ENSG00000178814_OPLAH,OPLAH,0.875,0.2398266314,0.5,1,9.061963677,mid,False
ENSG00000181625_SLX1B,SLX1B,0.875,0.2398266314,0.5,1,9.174521557,mid,False
ENSG00000182903_ZNF721,ZNF721,0.875,0.2398266314,0.5,1,9.853131684,mid,False
ENSG00000182973_CNOT10,CNOT10,0.875,0.2398266314,0.5,1,9.904169028,mid,False
ENSG00000183474_GTF2H2C,GTF2H2C,0.875,0.2398266314,0.5,1,9.279616821,mid,False
ENSG00000185022_MAFF,MAFF,0.875,0.2398266314,0.5,1,8.861643957,mid,False
ENSG00000185046_ANKS1B,ANKS1B,0.875,0.2398266314,0.5,1,4.599191405,mid,False
ENSG00000185246_PRPF39,PRPF39,0.875,0.2398266314,0.5,1,10.18587529,mid,False
ENSG00000185361_TNFAIP8L1,TNFAIP8L1,0.875,0.2398266314,0.5,1,7.947738279,mid,False
ENSG00000186272_ZNF17,ZNF17,0.875,0.2398266314,0.5,1,7.473592187,mid,False
ENSG00000186350_RXRA,RXRA,0.875,0.2398266314,0.5,1,11.75249885,head,False
ENSG00000186854_TRABD2A,TRABD2A,0.875,0.2398266314,0.5,1,8.374246467,mid,False
ENSG00000188996_HUS1B,HUS1B,0.875,0.2398266314,0.5,1,1.675657505,tail,False
ENSG00000196510_ANAPC7,ANAPC7,0.875,0.2398266314,0.5,1,10.5776322,mid,False
ENSG00000196961_AP2A1,AP2A1,0.875,0.2398266314,0.5,1,10.77840316,mid,False
ENSG00000197056_ZMYM1,ZMYM1,0.875,0.2398266314,0.5,1,9.466272167,mid,False
ENSG00000198482_ZNF808,ZNF808,0.875,0.2398266314,0.5,1,9.010783058,mid,False
ENSG00000204539_CDSN,CDSN,0.875,0.2398266314,0.5,1,2.920046981,mid,False
ENSG00000205571_SMN2,SMN2,0.875,0.2398266314,0.5,1,9.081465628,mid,False
ENSG00000205682_AC020741.1,AC020741.1,0.875,0.2398266314,0.5,1,2.953032367,mid,False
ENSG00000206077_ZDHHC11B,ZDHHC11B,0.875,0.2398266314,0.5,1,3.618451356,mid,False
ENSG00000206195_DUXAP8,DUXAP8,0.875,0.2398266314,0.5,1,11.00699408,mid,False
ENSG00000213614_HEXA,HEXA,0.875,0.2398266314,0.5,1,10.62574464,mid,False
ENSG00000213930_GALT,GALT,0.875,0.2398266314,0.5,1,8.362629455,mid,False
ENSG00000215068_AC025171.2,AC025171.2,0.875,0.2398266314,0.5,1,7.433341761,mid,False
ENSG00000224186_C5orf66,C5orf66,0.875,0.2398266314,0.5,1,6.764354244,mid,False
ENSG00000224635_AL391095.1,AL391095.1,0.875,0.2398266314,0.5,1,4.523652391,mid,False
ENSG00000227060_LINC00629,LINC00629,0.875,0.2398266314,0.5,1,1.921767391,tail,False
ENSG00000227345_PARG,PARG,0.875,0.2398266314,0.5,1,9.938087481,mid,False
ENSG00000229021_AL450992.1,AL450992.1,0.875,0.2398266314,0.5,1,1.729338276,tail,False
ENSG00000230300_STARD13-IT1,STARD13-IT1,0.875,0.2398266314,0.5,1,1.80446423,tail,False
ENSG00000231683_AL033397.1,AL033397.1,0.875,0.2398266314,0.5,1,3.869222243,mid,False
ENSG00000232860_SMG7-AS1,SMG7-AS1,0.875,0.2398266314,0.5,1,3.953505555,mid,False
ENSG00000240583_AQP1,AQP1,0.875,0.2398266314,0.5,1,5.172143739,mid,False
ENSG00000242242_NECTIN3-AS1,NECTIN3-AS1,0.875,0.2398266314,0.5,1,1.611180836,tail,False
ENSG00000244151_AC010973.2,AC010973.2,0.875,0.2398266314,0.5,1,3.033640164,mid,False
ENSG00000244625_MIATNB,MIATNB,0.875,0.2398266314,0.5,1,5.633786888,mid,False
ENSG00000253846_PCDHGA10,PCDHGA10,0.875,0.2398266314,0.5,1,5.194853126,mid,False
ENSG00000260708_AL118516.1,AL118516.1,0.875,0.2398266314,0.5,1,6.23598745,mid,False
ENSG00000260898_ADPGK-AS1,ADPGK-AS1,0.875,0.2398266314,0.5,1,2.399019366,mid,False
ENSG00000260992_DOCK9-DT,DOCK9-DT,0.875,0.2398266314,0.5,1,3.350379076,mid,False
ENSG00000261342_AC006538.1,AC006538.1,0.875,0.2398266314,0.5,1,2.605037704,mid,False
ENSG00000264608_AC005726.3,AC005726.3,0.875,0.2398266314,0.5,1,2.409536729,mid,False
ENSG00000266644_AC103810.5,AC103810.5,0.875,0.2398266314,0.5,1,1.684910705,tail,False
ENSG00000266933_AC005775.1,AC005775.1,0.875,0.2398266314,0.5,1,2.565532176,mid,False
ENSG00000268520_AC008750.5,AC008750.5,0.875,0.2398266314,0.5,1,2.256935455,mid,False
ENSG00000268987_AC011462.3,AC011462.3,0.875,0.2398266314,0.5,1,1.178339749,tail,False
ENSG00000269680_AC008760.1,AC008760.1,0.875,0.2398266314,0.5,1,4.083036669,mid,False
ENSG00000270120_AC007728.3,AC007728.3,0.875,0.2398266314,0.5,1,2.058221052,tail,False
ENSG00000270673_YTHDF3-AS1,YTHDF3-AS1,0.875,0.2398266314,0.5,1,3.563669714,mid,False
ENSG00000272498_AC090948.2,AC090948.2,0.875,0.2398266314,0.5,1,3.37195625,mid,False
ENSG00000272501_AL662844.4,AL662844.4,0.875,0.2398266314,0.5,1,2.782849475,mid,False
ENSG00000272690_LINC02018,LINC02018,0.875,0.2398266314,0.5,1,3.04235518,mid,False
ENSG00000272906_AL353708.3,AL353708.3,0.875,0.2398266314,0.5,1,4.156707857,mid,False
ENSG00000275202_AL161421.1,AL161421.1,0.875,0.2398266314,0.5,1,4.432064294,mid,False
ENSG00000275835_TUBGCP5,TUBGCP5,0.875,0.2398266314,0.5,1,8.731553913,mid,False
ENSG00000276234_TADA2A,TADA2A,0.875,0.2398266314,0.5,1,8.156305674,mid,False
ENSG00000278829_AC099811.5,AC099811.5,0.875,0.2398266314,0.5,1,3.06628763,mid,False
ENSG00000279342_AP000866.6,AP000866.6,0.875,0.2398266314,0.5,1,6.489270957,mid,False
ENSG00000279932_AP006248.4,AP006248.4,0.875,0.2398266314,0.5,1,1.564457807,tail,False
ENSG00000281344_HELLPAR,HELLPAR,0.875,0.2398266314,0.5,1,7.803181735,mid,False
ENSG00000285999_AC025442.2,AC025442.2,0.875,0.2398266314,0.5,1,4.836888052,mid,False
ENSG00000286281_AL353152.2,AL353152.2,0.875,0.2398266314,0.53125,1,0.2252325704,tail,False
ENSG00000176490_DIRAS1,DIRAS1,0.875,0.1825605599,0.5625,1,0.547732355,tail,False
ENSG00000178934_LGALS7B,LGALS7B,0.875,0.1825605599,0.5625,1,1.446559839,tail,False
ENSG00000258819_LINC02289,LINC02289,0.875,0.1825605599,0.5625,1,0.443108813,tail,False
ENSG00000091592_NLRP1,NLRP1,0.875,0.2398266314,0.5625,1,0.5772550455,tail,False
ENSG00000259713_AC013391.2,AC013391.2,0.875,0.2398266314,0.5625,1,1.697260944,tail,False
ENSG00000006015_REX1BD,REX1BD,0.875,0.2398266314,0.5625,1,8.872681091,mid,False
ENSG00000010810_FYN,FYN,0.875,0.2398266314,0.5625,1,3.697849936,mid,False
ENSG00000023041_ZDHHC6,ZDHHC6,0.875,0.2398266314,0.5625,1,10.09137309,mid,False
ENSG00000023892_DEF6,DEF6,0.875,0.2398266314,0.5625,1,8.063527672,mid,False
ENSG00000067221_STOML1,STOML1,0.875,0.2398266314,0.5625,1,7.457838942,mid,False
ENSG00000074660_SCARF1,SCARF1,0.875,0.2398266314,0.5625,1,4.132272743,mid,False
ENSG00000077514_POLD3,POLD3,0.875,0.2398266314,0.5625,1,9.144195207,mid,False
ENSG00000089195_TRMT6,TRMT6,0.875,0.2398266314,0.5625,1,9.240659989,mid,False
ENSG00000099364_FBXL19,FBXL19,0.875,0.2398266314,0.5625,1,10.49344734,mid,False
ENSG00000103540_CCP110,CCP110,0.875,0.2398266314,0.5625,1,9.107470641,mid,False
ENSG00000118292_C1orf54,C1orf54,0.875,0.2398266314,0.5625,1,3.162736373,mid,False
ENSG00000120800_UTP20,UTP20,0.875,0.2398266314,0.5625,1,11.46289945,mid,False
ENSG00000124574_ABCC10,ABCC10,0.875,0.2398266314,0.5625,1,9.148684691,mid,False
ENSG00000125046_SSUH2,SSUH2,0.875,0.2398266314,0.5625,1,1.365685541,tail,False
ENSG00000129071_MBD4,MBD4,0.875,0.2398266314,0.5625,1,10.09877039,mid,False
ENSG00000131368_MRPS25,MRPS25,0.875,0.2398266314,0.5625,1,10.60889658,mid,False
ENSG00000136286_MYO1G,MYO1G,0.875,0.2398266314,0.5625,1,3.237547474,mid,False
ENSG00000137098_SPAG8,SPAG8,0.875,0.2398266314,0.5625,1,2.655950903,mid,False
ENSG00000139865_TTC6,TTC6,0.875,0.2398266314,0.5625,1,6.082051312,mid,False
ENSG00000140199_SLC12A6,SLC12A6,0.875,0.2398266314,0.5625,1,9.55052596,mid,False
ENSG00000140398_NEIL1,NEIL1,0.875,0.2398266314,0.5625,1,8.233185334,mid,False
ENSG00000140650_PMM2,PMM2,0.875,0.2398266314,0.5625,1,10.2357027,mid,False
ENSG00000143224_PPOX,PPOX,0.875,0.2398266314,0.5625,1,7.788574727,mid,False
ENSG00000144354_CDCA7,CDCA7,0.875,0.2398266314,0.5625,1,9.350138756,mid,False
ENSG00000146263_MMS22L,MMS22L,0.875,0.2398266314,0.5625,1,9.594393264,mid,False
ENSG00000148835_TAF5,TAF5,0.875,0.2398266314,0.5625,1,7.670264386,mid,False
ENSG00000149634_SPATA25,SPATA25,0.875,0.2398266314,0.5625,1,2.868932553,mid,False
ENSG00000154146_NRGN,NRGN,0.875,0.2398266314,0.5625,1,4.198562821,mid,False
ENSG00000159322_ADPGK,ADPGK,0.875,0.2398266314,0.5625,1,10.07156767,mid,False
ENSG00000163472_TMEM79,TMEM79,0.875,0.2398266314,0.5625,1,8.515873355,mid,False
ENSG00000163746_PLSCR2,PLSCR2,0.875,0.2398266314,0.5625,1,1.650311701,tail,False
ENSG00000165181_SHOC1,SHOC1,0.875,0.2398266314,0.5625,1,4.420265099,mid,False
ENSG00000169330_MINAR1,MINAR1,0.875,0.2398266314,0.5625,1,6.931687193,mid,False
ENSG00000170537_TMC7,TMC7,0.875,0.2398266314,0.5625,1,7.819224661,mid,False
ENSG00000171603_CLSTN1,CLSTN1,0.875,0.2398266314,0.5625,1,11.52442451,head,False
ENSG00000176383_B3GNT4,B3GNT4,0.875,0.2398266314,0.5625,1,6.212349718,mid,False
ENSG00000177688_SUMO4,SUMO4,0.875,0.2398266314,0.5625,1,3.402755055,mid,False
ENSG00000178149_DALRD3,DALRD3,0.875,0.2398266314,0.5625,1,8.892993864,mid,False
ENSG00000178467_P4HTM,P4HTM,0.875,0.2398266314,0.5625,1,9.849377794,mid,False
ENSG00000184492_FOXD4L1,FOXD4L1,0.875,0.2398266314,0.5625,1,3.5554088,mid,False
ENSG00000189007_ADAT2,ADAT2,0.875,0.2398266314,0.5625,1,9.311616773,mid,False
ENSG00000189410_SH2D5,SH2D5,0.875,0.2398266314,0.5625,1,2.734993201,mid,False
ENSG00000196378_ZNF34,ZNF34,0.875,0.2398266314,0.5625,1,6.526060227,mid,False
ENSG00000197386_HTT,HTT,0.875,0.2398266314,0.5625,1,11.6296253,head,False
ENSG00000197748_CFAP43,CFAP43,0.875,0.2398266314,0.5625,1,2.511784219,mid,False
ENSG00000198454_LINC02692,LINC02692,0.875,0.2398266314,0.5625,1,3.473219654,mid,False
ENSG00000203327_AC012358.1,AC012358.1,0.875,0.2398266314,0.5625,1,3.461926841,mid,False
ENSG00000204963_PCDHA7,PCDHA7,0.875,0.2398266314,0.5625,1,2.000105115,tail,False
ENSG00000214063_TSPAN4,TSPAN4,0.875,0.2398266314,0.5625,1,9.179291084,mid,False
ENSG00000238010_AL161908.2,AL161908.2,0.875,0.2398266314,0.5625,1,1.177437109,tail,False
ENSG00000241878_PISD,PISD,0.875,0.2398266314,0.5625,1,9.281199016,mid,False
ENSG00000243789_JMJD7,JMJD7,0.875,0.2398266314,0.5625,1,7.071247928,mid,False
ENSG00000261186_LINC01238,LINC01238,0.875,0.2398266314,0.5625,1,3.581811076,mid,False
ENSG00000263603_AC127024.2,AC127024.2,0.875,0.2398266314,0.5625,1,2.378582766,mid,False
ENSG00000270953_AC007938.3,AC007938.3,0.875,0.2398266314,0.5625,1,2.652892304,mid,False
ENSG00000273113_AC133528.1,AC133528.1,0.875,0.2398266314,0.5625,1,2.701558982,mid,False
ENSG00000275807_AC145285.6,AC145285.6,0.875,0.2398266314,0.5625,1,3.848218968,mid,False
ENSG00000278126_AC139768.1,AC139768.1,0.875,0.2398266314,0.5625,1,3.325341512,mid,False
ENSG00000280384_FP325332.1,FP325332.1,0.875,0.2398266314,0.5625,1,2.850954751,mid,False
ENSG00000284691_AC073111.4,AC073111.4,0.875,0.2398266314,0.5625,1,5.361397344,mid,False
ENSG00000285108_AC103718.1,AC103718.1,0.875,0.2398266314,0.5625,1,4.522900358,mid,False
ENSG00000287037_AC097709.1,AC097709.1,0.875,0.2398266314,0.5625,1,3.737756047,mid,False
ENSG00000287236_Z73420.1,Z73420.1,0.875,0.2398266314,0.5625,1,2.394172231,mid,False
ENSG00000287688_AC011317.1,AC011317.1,0.875,0.2398266314,0.5625,1,1.544942557,tail,False
ENSG00000172247_C1QTNF4,C1QTNF4,0.875,0.2398266314,0.59375,1,1.151479848,tail,False
ENSG00000260971_AC119674.1,AC119674.1,0.875,0.2398266314,0.59375,1,1.250509222,tail,False
ENSG00000189001_SBSN,SBSN,0.84375,0.2600348525,0.3125,0.8907828283,0.6812918292,tail,False
ENSG00000288103_AL359538.4,AL359538.4,0.84375,0.2600348525,0.53125,1,1.662209205,tail,False
ENSG00000114124_GRK7,GRK7,0.84375,0.2600348525,0.5625,1,1.148632087,tail,False
ENSG00000078674_PCM1,PCM1,0.8125,0.3561503882,0,0.3887587822,11.86977388,head,False
ENSG00000088726_TMEM40,TMEM40,0.8125,0.3561503882,0,0.3887587822,4.754484129,mid,False
ENSG00000096093_EFHC1,EFHC1,0.8125,0.3561503882,0,0.3887587822,8.579056525,mid,False
ENSG00000103494_RPGRIP1L,RPGRIP1L,0.8125,0.3561503882,0,0.3887587822,9.060564778,mid,False
ENSG00000106443_PHF14,PHF14,0.8125,0.3561503882,0,0.3887587822,10.62225449,mid,False
ENSG00000111731_C2CD5,C2CD5,0.8125,0.3561503882,0,0.3887587822,9.865618973,mid,False
ENSG00000115297_TLX2,TLX2,0.8125,0.3561503882,0,0.3887587822,1.171862621,tail,False
ENSG00000127946_HIP1,HIP1,0.8125,0.3561503882,0,0.3887587822,7.489529467,mid,False
ENSG00000135999_EPC2,EPC2,0.8125,0.3561503882,0,0.3887587822,9.448344852,mid,False
ENSG00000141376_BCAS3,BCAS3,0.8125,0.3561503882,0,0.3887587822,8.767163112,mid,False
ENSG00000168071_CCDC88B,CCDC88B,0.8125,0.3561503882,0,0.3887587822,6.619643015,mid,False
ENSG00000170122_FOXD4,FOXD4,0.8125,0.3561503882,0,0.3887587822,5.054468201,mid,False
ENSG00000183486_MX2,MX2,0.8125,0.3561503882,0,0.3887587822,5.060432942,mid,False
ENSG00000197062_ZSCAN26,ZSCAN26,0.8125,0.3561503882,0,0.3887587822,7.58233403,mid,False
ENSG00000215424_MCM3AP-AS1,MCM3AP-AS1,0.8125,0.3561503882,0,0.3887587822,8.543860827,mid,False
ENSG00000225265_TAF1A-AS1,TAF1A-AS1,0.8125,0.3561503882,0,0.3887587822,3.930928723,mid,False
ENSG00000253910_PCDHGB2,PCDHGB2,0.8125,0.3561503882,0,0.3887587822,5.346117114,mid,False
ENSG00000286416_AL442067.3,AL442067.3,0.8125,0.3561503882,0,0.3887587822,5.303314149,mid,False
ENSG00000162040_HS3ST6,HS3ST6,0.8125,0.3561503882,0.0625,0.5114866664,1.994377864,tail,False
ENSG00000073050_XRCC1,XRCC1,0.8125,0.3561503882,0.0625,0.4977511244,9.136823987,mid,False
ENSG00000080298_RFX3,RFX3,0.8125,0.3561503882,0.0625,0.4977511244,8.919050977,mid,False
ENSG00000089682_RBM41,RBM41,0.8125,0.3561503882,0.0625,0.4977511244,9.215531021,mid,False
ENSG00000133812_SBF2,SBF2,0.8125,0.3561503882,0.0625,0.4977511244,10.55855221,mid,False
ENSG00000136536_MARCH7,MARCH7,0.8125,0.3561503882,0.0625,0.4977511244,10.98537489,mid,False
ENSG00000143178_TBX19,TBX19,0.8125,0.3561503882,0.0625,0.4977511244,5.004771321,mid,False
ENSG00000171051_FPR1,FPR1,0.8125,0.3561503882,0.0625,0.4977511244,6.396552883,mid,False
ENSG00000171914_TLN2,TLN2,0.8125,0.3561503882,0.0625,0.4977511244,7.457740146,mid,False
ENSG00000205643_CDPF1,CDPF1,0.8125,0.3561503882,0.0625,0.4977511244,7.150635343,mid,False
ENSG00000213760_ATP6V1G2,ATP6V1G2,0.8125,0.3561503882,0.0625,0.4977511244,2.803039779,mid,False
ENSG00000231365_WARS2-AS1,WARS2-AS1,0.8125,0.3561503882,0.0625,0.4977511244,9.388182162,mid,False
ENSG00000233766_AC098617.1,AC098617.1,0.8125,0.3561503882,0.0625,0.4977511244,6.314496978,mid,False
ENSG00000234869_AL021392.1,AL021392.1,0.8125,0.3561503882,0.0625,0.4977511244,6.199082527,mid,False
ENSG00000273576_AC009283.1,AC009283.1,0.8125,0.3561503882,0.0625,0.4977511244,5.306982118,mid,False
ENSG00000287811_AL391840.3,AL391840.3,0.8125,0.3561503882,0.0625,0.4977511244,4.434109034,mid,False
ENSG00000288068_AC027088.5,AC027088.5,0.8125,0.3561503882,0.0625,0.4977511244,3.750863775,mid,False
ENSG00000081818_PCDHB4,PCDHB4,0.8125,0.3561503882,0.125,0.6097337006,3.218017857,mid,False
ENSG00000092068_SLC7A8,SLC7A8,0.8125,0.3561503882,0.125,0.6097337006,8.33251293,mid,False
ENSG00000107611_CUBN,CUBN,0.8125,0.3561503882,0.125,0.6097337006,2.821624258,mid,False
ENSG00000130449_ZSWIM6,ZSWIM6,0.8125,0.3561503882,0.125,0.6097337006,8.917662559,mid,False
ENSG00000162994_CLHC1,CLHC1,0.8125,0.3561503882,0.125,0.6097337006,7.691930288,mid,False
ENSG00000166455_C16orf46,C16orf46,0.8125,0.3561503882,0.125,0.6097337006,6.686971278,mid,False
ENSG00000213963_AC019080.1,AC019080.1,0.8125,0.3561503882,0.125,0.6097337006,6.494295862,mid,False
ENSG00000224424_PRKAR2A-AS1,PRKAR2A-AS1,0.8125,0.3561503882,0.125,0.6097337006,5.205422104,mid,False
ENSG00000231170_AC002451.1,AC002451.1,0.8125,0.3561503882,0.125,0.6097337006,2.383977139,mid,False
ENSG00000233008_LINC01725,LINC01725,0.8125,0.3561503882,0.125,0.6097337006,5.19100284,mid,False
ENSG00000257298_AC008147.2,AC008147.2,0.8125,0.3561503882,0.125,0.6097337006,4.288895625,mid,False
ENSG00000260368_AC027373.1,AC027373.1,0.8125,0.3561503882,0.125,0.6097337006,3.460828495,mid,False
ENSG00000266538_AC005838.2,AC005838.2,0.8125,0.3561503882,0.125,0.6097337006,1.278078772,tail,False
ENSG00000266821_AC018521.7,AC018521.7,0.8125,0.3561503882,0.125,0.5949720079,0.8019008577,tail,False
ENSG00000270091_AC015726.1,AC015726.1,0.8125,0.3561503882,0.125,0.6097337006,3.531903439,mid,False
ENSG00000274776_AC090241.3,AC090241.3,0.8125,0.3561503882,0.125,0.6097337006,2.954694214,mid,False
ENSG00000275560_AC008115.3,AC008115.3,0.8125,0.3561503882,0.125,0.6097337006,5.013155717,mid,False
ENSG00000281357_ARRDC3-AS1,ARRDC3-AS1,0.8125,0.3561503882,0.125,0.6097337006,4.812905854,mid,False
ENSG00000282787_AL157888.1,AL157888.1,0.8125,0.3561503882,0.125,0.6097337006,1.780466613,tail,False
ENSG00000285679_AC079142.1,AC079142.1,0.8125,0.3561503882,0.125,0.6097337006,3.336939557,mid,False
ENSG00000197993_KEL,KEL,0.8125,0.3561503882,0.15625,0.6600457441,1.038848702,tail,False
ENSG00000013297_CLDN11,CLDN11,0.8125,0.3561503882,0.1875,0.7407564811,1.372150461,tail,False
ENSG00000110876_SELPLG,SELPLG,0.8125,0.3561503882,0.1875,0.7407564811,1.99405151,tail,False
ENSG00000011143_MKS1,MKS1,0.8125,0.3561503882,0.1875,0.7407564811,8.326934543,mid,False
ENSG00000101901_ALG13,ALG13,0.8125,0.3561503882,0.1875,0.7407564811,9.348408307,mid,False
ENSG00000110318_CEP126,CEP126,0.8125,0.3561503882,0.1875,0.7407564811,7.698815933,mid,False
ENSG00000115590_IL1R2,IL1R2,0.8125,0.3561503882,0.1875,0.7407564811,1.367854257,tail,False
ENSG00000117616_RSRP1,RSRP1,0.8125,0.3561503882,0.1875,0.7407564811,10.57669392,mid,False
ENSG00000135049_AGTPBP1,AGTPBP1,0.8125,0.3561503882,0.1875,0.7407564811,8.929906467,mid,False
ENSG00000147124_ZNF41,ZNF41,0.8125,0.3561503882,0.1875,0.7407564811,8.470143874,mid,False
ENSG00000148832_PAOX,PAOX,0.8125,0.3561503882,0.1875,0.7407564811,2.66723276,mid,False
ENSG00000149922_TBX6,TBX6,0.8125,0.3561503882,0.1875,0.7407564811,4.565479765,mid,False
ENSG00000163521_GLB1L,GLB1L,0.8125,0.3561503882,0.1875,0.7407564811,5.276531014,mid,False
ENSG00000166997_CNPY4,CNPY4,0.8125,0.3561503882,0.1875,0.7407564811,5.037008944,mid,False
ENSG00000168754_FAM178B,FAM178B,0.8125,0.3561503882,0.1875,0.7407564811,4.892418611,mid,False
ENSG00000179523_EIF3J-DT,EIF3J-DT,0.8125,0.3561503882,0.1875,0.7407564811,7.285081102,mid,False
ENSG00000179912_R3HDM2,R3HDM2,0.8125,0.3561503882,0.1875,0.7407564811,10.73619628,mid,False
ENSG00000182923_CEP63,CEP63,0.8125,0.3561503882,0.1875,0.7407564811,9.0623049,mid,False
ENSG00000196284_SUPT3H,SUPT3H,0.8125,0.3561503882,0.1875,0.7407564811,6.693883114,mid,False
ENSG00000213904_LIPE-AS1,LIPE-AS1,0.8125,0.3561503882,0.1875,0.7407564811,4.400375593,mid,False
ENSG00000214274_ANG,ANG,0.8125,0.3561503882,0.1875,0.7407564811,5.372150633,mid,False
ENSG00000224388_BACE2-IT1,BACE2-IT1,0.8125,0.3561503882,0.1875,0.7407564811,1.683867913,tail,False
ENSG00000224975_INE1,INE1,0.8125,0.3561503882,0.1875,0.7407564811,4.859611054,mid,False
ENSG00000227540_AC016394.1,AC016394.1,0.8125,0.3561503882,0.1875,0.7407564811,4.502394229,mid,False
ENSG00000228643_AC079779.2,AC079779.2,0.8125,0.3561503882,0.1875,0.7407564811,1.001643142,tail,False
ENSG00000235313_HM13-IT1,HM13-IT1,0.8125,0.3561503882,0.1875,0.7407564811,2.328465687,mid,False
ENSG00000244879_GABPB1-AS1,GABPB1-AS1,0.8125,0.3561503882,0.1875,0.7407564811,9.794315197,mid,False
ENSG00000244952_AC123768.2,AC123768.2,0.8125,0.3561503882,0.1875,0.7407564811,2.864477428,mid,False
ENSG00000253953_PCDHGB4,PCDHGB4,0.8125,0.3561503882,0.1875,0.7407564811,3.869467038,mid,False
ENSG00000255256_AL136146.2,AL136146.2,0.8125,0.3561503882,0.1875,0.7407564811,2.212331903,mid,False
ENSG00000255568_BRWD1-AS2,BRWD1-AS2,0.8125,0.3561503882,0.1875,0.7407564811,4.587225791,mid,False
ENSG00000257272_AL162311.1,AL162311.1,0.8125,0.3561503882,0.1875,0.7407564811,1.248635349,tail,False
ENSG00000259920_AC007938.1,AC007938.1,0.8125,0.3561503882,0.1875,0.7407564811,2.580969906,mid,False
ENSG00000261770_AC006504.1,AC006504.1,0.8125,0.3561503882,0.1875,0.7407564811,6.29670585,mid,False
ENSG00000271011_AC010680.3,AC010680.3,0.8125,0.3561503882,0.1875,0.7407564811,3.954216586,mid,False
ENSG00000274020_LINC01138,LINC01138,0.8125,0.3561503882,0.1875,0.7407564811,6.751328093,mid,False
ENSG00000274677_AC040169.3,AC040169.3,0.8125,0.3561503882,0.1875,0.7407564811,2.51538272,mid,False
ENSG00000286193_AC025449.2,AC025449.2,0.8125,0.3561503882,0.1875,0.7407564811,4.745947357,mid,False
ENSG00000286237_ARMCX5-GPRASP2,ARMCX5-GPRASP2,0.8125,0.3561503882,0.1875,0.7407564811,5.766366857,mid,False
ENSG00000287502_AC092418.2,AC092418.2,0.8125,0.3561503882,0.1875,0.7407564811,3.621971649,mid,False
ENSG00000187726_DNAJB13,DNAJB13,0.8125,0.3561503882,0.21875,0.7996788438,1.281199534,tail,False
ENSG00000054611_TBC1D22A,TBC1D22A,0.8125,0.3561503882,0.25,0.7996788438,9.900377031,mid,False
ENSG00000066135_KDM4A,KDM4A,0.8125,0.3561503882,0.25,0.7996788438,10.33070875,mid,False
ENSG00000075884_ARHGAP15,ARHGAP15,0.8125,0.3561503882,0.25,0.7996788438,1.320517717,tail,False
ENSG00000085433_WDR47,WDR47,0.8125,0.3561503882,0.25,0.7996788438,8.435314461,mid,False
ENSG00000099338_CATSPERG,CATSPERG,0.8125,0.3561503882,0.25,0.7996788438,2.60676209,mid,False
ENSG00000104835_SARS2,SARS2,0.8125,0.3561503882,0.25,0.7996788438,9.241265393,mid,False
ENSG00000105875_WDR91,WDR91,0.8125,0.3561503882,0.25,0.7996788438,8.357878564,mid,False
ENSG00000113916_BCL6,BCL6,0.8125,0.3561503882,0.25,0.7996788438,11.60124156,head,False
ENSG00000114739_ACVR2B,ACVR2B,0.8125,0.3561503882,0.25,0.7996788438,9.049623078,mid,False
ENSG00000118514_ALDH8A1,ALDH8A1,0.8125,0.3561503882,0.25,0.7996788438,3.364407068,mid,False
ENSG00000127152_BCL11B,BCL11B,0.8125,0.3561503882,0.25,0.7996788438,8.081135996,mid,False
ENSG00000135424_ITGA7,ITGA7,0.8125,0.3561503882,0.25,0.7996788438,2.471158503,mid,False
ENSG00000136367_ZFHX2,ZFHX2,0.8125,0.3561503882,0.25,0.7996788438,5.522080354,mid,False
ENSG00000137413_TAF8,TAF8,0.8125,0.3561503882,0.25,0.7996788438,9.604482879,mid,False
ENSG00000141527_CARD14,CARD14,0.8125,0.3561503882,0.25,0.7996788438,6.028091016,mid,False
ENSG00000143374_TARS2,TARS2,0.8125,0.3561503882,0.25,0.7996788438,9.543055476,mid,False
ENSG00000144028_SNRNP200,SNRNP200,0.8125,0.3561503882,0.25,0.7996788438,12.86034444,head,False
ENSG00000146666_LINC00525,LINC00525,0.8125,0.3561503882,0.25,0.7996788438,4.90255308,mid,False
ENSG00000152439_ZNF773,ZNF773,0.8125,0.3561503882,0.25,0.7996788438,6.280304547,mid,False
ENSG00000162526_TSSK3,TSSK3,0.8125,0.3561503882,0.25,0.7996788438,3.149006386,mid,False
ENSG00000163576_EFHB,EFHB,0.8125,0.3561503882,0.25,0.7996788438,2.45535535,mid,False
ENSG00000166592_RRAD,RRAD,0.8125,0.3561503882,0.25,0.7996788438,3.082449777,mid,False
ENSG00000169169_CPT1C,CPT1C,0.8125,0.3561503882,0.25,0.7996788438,1.642271747,tail,False
ENSG00000171962_DRC3,DRC3,0.8125,0.3561503882,0.25,0.7996788438,4.737893871,mid,False
ENSG00000173212_MAB21L3,MAB21L3,0.8125,0.3561503882,0.25,0.7996788438,5.084261839,mid,False
ENSG00000186976_EFCAB6,EFCAB6,0.8125,0.3561503882,0.25,0.7996788438,2.787631733,mid,False
ENSG00000188004_SNHG28,SNHG28,0.8125,0.3561503882,0.25,0.7996788438,2.30705216,mid,False
ENSG00000198221_AFDN-DT,AFDN-DT,0.8125,0.3561503882,0.25,0.7996788438,2.299804724,mid,False
ENSG00000212694_LINC01089,LINC01089,0.8125,0.3561503882,0.25,0.7996788438,6.533486121,mid,False
ENSG00000226266_AC009961.1,AC009961.1,0.8125,0.3561503882,0.25,0.7996788438,2.823708535,mid,False
ENSG00000230061_TRPM2-AS,TRPM2-AS,0.8125,0.3561503882,0.25,0.7996788438,4.323671262,mid,False
ENSG00000230148_HOXB-AS1,HOXB-AS1,0.8125,0.3561503882,0.25,0.7996788438,3.205759642,mid,False
ENSG00000235192_AC009495.3,AC009495.3,0.8125,0.3561503882,0.25,0.7996788438,2.055982135,tail,False
ENSG00000235245_AL360181.2,AL360181.2,0.8125,0.3561503882,0.25,0.7996788438,3.064454181,mid,False
ENSG00000235781_LINC02569,LINC02569,0.8125,0.3561503882,0.25,0.7996788438,1.104972531,tail,False
ENSG00000237037_NDUFA6-DT,NDUFA6-DT,0.8125,0.3561503882,0.25,0.7996788438,5.857588361,mid,False
ENSG00000237499_WAKMAR2,WAKMAR2,0.8125,0.3561503882,0.25,0.7996788438,2.008621667,tail,False
ENSG00000237950_AL357079.1,AL357079.1,0.8125,0.3561503882,0.25,0.7996788438,4.9954765,mid,False
ENSG00000242689_CNTF,CNTF,0.8125,0.3561503882,0.25,0.7996788438,5.916265638,mid,False
ENSG00000250765_AC138035.2,AC138035.2,0.8125,0.3561503882,0.25,0.7996788438,2.637146657,mid,False
ENSG00000254531_AP001816.1,AP001816.1,0.8125,0.3561503882,0.25,0.7996788438,6.254108042,mid,False
ENSG00000254539_AC239804.1,AC239804.1,0.8125,0.3561503882,0.25,0.7996788438,2.992249853,mid,False
ENSG00000259065_AC005520.2,AC005520.2,0.8125,0.3561503882,0.25,0.7996788438,3.172303929,mid,False
ENSG00000261242_AL136038.3,AL136038.3,0.8125,0.3561503882,0.25,0.7996788438,3.314956593,mid,False
ENSG00000269189_AL445223.1,AL445223.1,0.8125,0.3561503882,0.25,0.7996788438,2.526968953,mid,False
ENSG00000270019_AC110769.2,AC110769.2,0.8125,0.3561503882,0.25,0.7996788438,4.20445472,mid,False
ENSG00000271966_AC021321.1,AC021321.1,0.8125,0.3561503882,0.25,0.7996788438,2.9036654,mid,False
ENSG00000278396_AL122023.1,AL122023.1,0.8125,0.3561503882,0.25,0.7996788438,2.698510084,mid,False
ENSG00000286314_AC010359.3,AC010359.3,0.8125,0.3561503882,0.25,0.7996788438,4.554271546,mid,False
ENSG00000137463_MGARP,MGARP,0.8125,0.3561503882,0.3125,0.8907828283,1.187128944,tail,False
ENSG00000246283_AC090510.1,AC090510.1,0.8125,0.3561503882,0.3125,0.8907828283,2.162071521,tail,False
ENSG00000074621_SLC24A1,SLC24A1,0.8125,0.3561503882,0.3125,0.8907828283,7.801610407,mid,False
ENSG00000107862_GBF1,GBF1,0.8125,0.3561503882,0.3125,0.8907828283,11.15911383,mid,False
ENSG00000123411_IKZF4,IKZF4,0.8125,0.3561503882,0.3125,0.8907828283,6.593023047,mid,False
ENSG00000134779_TPGS2,TPGS2,0.8125,0.3561503882,0.3125,0.8907828283,10.56019597,mid,False
ENSG00000147485_PXDNL,PXDNL,0.8125,0.3561503882,0.3125,0.8907828283,3.309825511,mid,False
ENSG00000151962_RBM46,RBM46,0.8125,0.3561503882,0.3125,0.8907828283,4.144470839,mid,False
ENSG00000152457_DCLRE1C,DCLRE1C,0.8125,0.3561503882,0.3125,0.8907828283,8.574388284,mid,False
ENSG00000155749_FLACC1,FLACC1,0.8125,0.3561503882,0.3125,0.8907828283,3.265902036,mid,False
ENSG00000158773_USF1,USF1,0.8125,0.3561503882,0.3125,0.8907828283,9.301970905,mid,False
ENSG00000164074_ABHD18,ABHD18,0.8125,0.3561503882,0.3125,0.8907828283,8.819732768,mid,False
ENSG00000164674_SYTL3,SYTL3,0.8125,0.3561503882,0.3125,0.8907828283,4.822095318,mid,False
ENSG00000165695_AK8,AK8,0.8125,0.3561503882,0.3125,0.8907828283,2.75521178,mid,False
ENSG00000179066_AC020907.1,AC020907.1,0.8125,0.3561503882,0.3125,0.8907828283,2.53277315,mid,False
ENSG00000183150_GPR19,GPR19,0.8125,0.3561503882,0.3125,0.8907828283,2.721231146,mid,False
ENSG00000185658_BRWD1,BRWD1,0.8125,0.3561503882,0.3125,0.8907828283,11.88568263,head,False
ENSG00000185837_HDHD5-AS1,HDHD5-AS1,0.8125,0.3561503882,0.3125,0.8907828283,2.64292485,mid,False
ENSG00000187105_HEATR4,HEATR4,0.8125,0.3561503882,0.3125,0.8907828283,3.519849807,mid,False
ENSG00000196123_KIAA0895L,KIAA0895L,0.8125,0.3561503882,0.3125,0.8907828283,8.32280651,mid,False
ENSG00000196196_HRCT1,HRCT1,0.8125,0.3561503882,0.3125,0.8907828283,6.149668341,mid,False
ENSG00000196275_GTF2IRD2,GTF2IRD2,0.8125,0.3561503882,0.3125,0.8907828283,7.205864925,mid,False
ENSG00000197599_CCDC154,CCDC154,0.8125,0.3561503882,0.3125,0.8907828283,1.388101101,tail,False
ENSG00000198270_TMEM116,TMEM116,0.8125,0.3561503882,0.3125,0.8907828283,6.39250968,mid,False
ENSG00000204371_EHMT2,EHMT2,0.8125,0.3561503882,0.3125,0.8907828283,10.81234475,mid,False
ENSG00000204469_PRRC2A,PRRC2A,0.8125,0.3561503882,0.3125,0.8907828283,12.98620185,head,False
ENSG00000205810_KLRC3,KLRC3,0.8125,0.3561503882,0.3125,0.8907828283,2.956747599,mid,False
ENSG00000213139_CRYGS,CRYGS,0.8125,0.3561503882,0.3125,0.8907828283,4.683882956,mid,False
ENSG00000218416_AC110619.1,AC110619.1,0.8125,0.3561503882,0.3125,0.8907828283,1.212614046,tail,False
ENSG00000225880_LINC00115,LINC00115,0.8125,0.3561503882,0.3125,0.8907828283,4.481577572,mid,False
ENSG00000228065_LINC01515,LINC01515,0.8125,0.3561503882,0.3125,0.8907828283,7.226554824,mid,False
ENSG00000230510_PPP5D1,PPP5D1,0.8125,0.3561503882,0.3125,0.8907828283,4.378037482,mid,False
ENSG00000235786_ZNRF3-IT1,ZNRF3-IT1,0.8125,0.3561503882,0.3125,0.8907828283,1.826542346,tail,False
ENSG00000243155_AL162431.1,AL162431.1,0.8125,0.3561503882,0.3125,0.8907828283,3.350129943,mid,False
ENSG00000246273_SBF2-AS1,SBF2-AS1,0.8125,0.3561503882,0.3125,0.8907828283,7.541215754,mid,False
ENSG00000246889_AP000487.1,AP000487.1,0.8125,0.3561503882,0.3125,0.8907828283,4.488430763,mid,False
ENSG00000253741_LNCOC1,LNCOC1,0.8125,0.3561503882,0.3125,0.8907828283,3.906356071,mid,False
ENSG00000254028_AC083843.2,AC083843.2,0.8125,0.3561503882,0.3125,0.8907828283,3.576930757,mid,False
ENSG00000255052_FAM66D,FAM66D,0.8125,0.3561503882,0.3125,0.8907828283,1.96676114,tail,False
ENSG00000255234_AP000446.1,AP000446.1,0.8125,0.3561503882,0.3125,0.8907828283,1.623333579,tail,False
ENSG00000260367_AC109460.1,AC109460.1,0.8125,0.3561503882,0.3125,0.8907828283,2.524486281,mid,False
ENSG00000260465_AC018557.1,AC018557.1,0.8125,0.3561503882,0.3125,0.8907828283,1.990299143,tail,False
ENSG00000267272_LINC01140,LINC01140,0.8125,0.3561503882,0.3125,0.8907828283,3.378261397,mid,False
ENSG00000271780_AL118558.3,AL118558.3,0.8125,0.3561503882,0.3125,0.8907828283,4.953329671,mid,False
ENSG00000275576_AL049539.1,AL049539.1,0.8125,0.3561503882,0.3125,0.8907828283,1.759027631,tail,False
ENSG00000276368_HIST1H2AJ,HIST1H2AJ,0.8125,0.3561503882,0.3125,0.8907828283,8.57931986,mid,False
ENSG00000276867_AC074050.4,AC074050.4,0.8125,0.3561503882,0.3125,0.8907828283,2.623425567,mid,False
ENSG00000286042_LCAL1,LCAL1,0.8125,0.3561503882,0.3125,0.8907828283,3.978856213,mid,False
ENSG00000286861_AL049779.4,AL049779.4,0.8125,0.3561503882,0.3125,0.8907828283,3.723250897,mid,False
ENSG00000287222_AC234917.3,AC234917.3,0.8125,0.3561503882,0.3125,0.8907828283,6.725194305,mid,False
ENSG00000287879_AC114341.2,AC114341.2,0.8125,0.3561503882,0.3125,0.8907828283,2.507903887,mid,False
ENSG00000281721_LINC01080,LINC01080,0.8125,0.3561503882,0.34375,0.9757531227,1.436816871,tail,False
ENSG00000255045_AP000866.5,AP000866.5,0.8125,0.3561503882,0.34375,0.9757531227,1.62695415,tail,False
ENSG00000270165_AC010530.1,AC010530.1,0.8125,0.3561503882,0.34375,0.9757531227,0.9407446084,tail,False
ENSG00000136449_MYCBPAP,MYCBPAP,0.8125,0.3561503882,0.375,0.9757531227,0.4396631664,tail,False
ENSG00000272457_AC113194.1,AC113194.1,0.8125,0.3561503882,0.375,0.9757531227,1.386321803,tail,False
ENSG00000090238_YPEL3,YPEL3,0.8125,0.3561503882,0.375,0.9757531227,9.202244769,mid,False
ENSG00000102317_RBM3,RBM3,0.8125,0.3561503882,0.375,0.9757531227,11.90250836,head,False
ENSG00000105419_MEIS3,MEIS3,0.8125,0.3561503882,0.375,0.9757531227,3.568556833,mid,False
ENSG00000125740_FOSB,FOSB,0.8125,0.3561503882,0.375,0.9757531227,5.13502306,mid,False
ENSG00000129455_KLK8,KLK8,0.8125,0.3561503882,0.375,0.9757531227,8.769141314,mid,False
ENSG00000137821_LRRC49,LRRC49,0.8125,0.3561503882,0.375,0.9757531227,4.126802059,mid,False
ENSG00000139625_MAP3K12,MAP3K12,0.8125,0.3561503882,0.375,0.9757531227,4.322236652,mid,False
ENSG00000151687_ANKAR,ANKAR,0.8125,0.3561503882,0.375,0.9757531227,6.141794237,mid,False
ENSG00000160207_HSF2BP,HSF2BP,0.8125,0.3561503882,0.375,0.9757531227,5.194767854,mid,False
ENSG00000163703_CRELD1,CRELD1,0.8125,0.3561503882,0.375,0.9757531227,8.945363823,mid,False
ENSG00000163884_KLF15,KLF15,0.8125,0.3561503882,0.375,0.9757531227,2.504208358,mid,False
ENSG00000166685_COG1,COG1,0.8125,0.3561503882,0.375,0.9757531227,8.964810508,mid,False
ENSG00000166783_MARF1,MARF1,0.8125,0.3561503882,0.375,0.9757531227,10.77001941,mid,False
ENSG00000167550_RHEBL1,RHEBL1,0.8125,0.3561503882,0.375,0.9757531227,1.319036538,tail,False
ENSG00000171291_ZNF439,ZNF439,0.8125,0.3561503882,0.375,0.9757531227,1.370726982,tail,False
ENSG00000172262_ZNF131,ZNF131,0.8125,0.3561503882,0.375,0.9757531227,9.973775775,mid,False
ENSG00000176244_ACBD7,ACBD7,0.8125,0.3561503882,0.375,0.9757531227,5.351459802,mid,False
ENSG00000180481_GLIPR1L2,GLIPR1L2,0.8125,0.3561503882,0.375,0.9757531227,2.267783696,mid,False
ENSG00000184368_MAP7D2,MAP7D2,0.8125,0.3561503882,0.375,0.9757531227,3.976627503,mid,False
ENSG00000198590_C3orf35,C3orf35,0.8125,0.3561503882,0.375,0.9757531227,5.685489123,mid,False
ENSG00000227542_AC092614.1,AC092614.1,0.8125,0.3561503882,0.375,0.9757531227,2.094177269,tail,False
ENSG00000229719_MIR194-2HG,MIR194-2HG,0.8125,0.3561503882,0.375,0.9757531227,1.240818082,tail,False
ENSG00000230084_AC006059.1,AC006059.1,0.8125,0.3561503882,0.375,0.9757531227,3.290961539,mid,False
ENSG00000236423_LINC01134,LINC01134,0.8125,0.3561503882,0.375,0.9757531227,4.125755675,mid,False
ENSG00000237903_AC004000.1,AC004000.1,0.8125,0.3561503882,0.375,0.9757531227,1.564583825,tail,False
ENSG00000242419_PCDHGC4,PCDHGC4,0.8125,0.3561503882,0.375,0.9757531227,3.581811614,mid,False
ENSG00000248671_ALG1L9P,ALG1L9P,0.8125,0.3561503882,0.375,0.9757531227,3.082408566,mid,False
ENSG00000249592_AC139887.2,AC139887.2,0.8125,0.3561503882,0.375,0.9757531227,6.591534002,mid,False
ENSG00000250697_AC010343.3,AC010343.3,0.8125,0.3561503882,0.375,0.9757531227,2.004426118,tail,False
ENSG00000255468_AP001107.9,AP001107.9,0.8125,0.3561503882,0.375,0.9757531227,3.219353914,mid,False
ENSG00000267394_AC004596.1,AC004596.1,0.8125,0.3561503882,0.375,0.9757531227,2.276115775,mid,False
ENSG00000270765_GAS2L2,GAS2L2,0.8125,0.3561503882,0.375,0.9757531227,2.905806287,mid,False
ENSG00000273058_AL359921.2,AL359921.2,0.8125,0.3561503882,0.375,0.9757531227,4.184155527,mid,False
ENSG00000273204_AC104506.1,AC104506.1,0.8125,0.3561503882,0.375,0.9757531227,3.363198342,mid,False
ENSG00000273249_BX649632.1,BX649632.1,0.8125,0.3561503882,0.375,0.9757531227,1.926063595,tail,False
ENSG00000273812_BX640514.2,BX640514.2,0.8125,0.3561503882,0.375,0.9757531227,2.588229049,mid,False
ENSG00000274422_AC245060.5,AC245060.5,0.8125,0.3561503882,0.375,0.9757531227,6.000441021,mid,False
ENSG00000276533_AC018926.2,AC018926.2,0.8125,0.3561503882,0.375,0.9757531227,2.18508262,tail,False
ENSG00000278384_AL354822.1,AL354822.1,0.8125,0.3561503882,0.375,0.9757531227,6.286387952,mid,False
ENSG00000278925_AC005753.1,AC005753.1,0.8125,0.3561503882,0.375,0.9757531227,2.06046856,tail,False
ENSG00000285230_RALY-AS1,RALY-AS1,0.8125,0.3561503882,0.375,0.9757531227,5.875305108,mid,False
ENSG00000285902_AL136442.1,AL136442.1,0.8125,0.3561503882,0.375,0.9757531227,1.793840824,tail,False
ENSG00000286299_AL121938.1,AL121938.1,0.8125,0.3561503882,0.375,0.9757531227,3.142863636,mid,False
ENSG00000287078_AL513218.2,AL513218.2,0.8125,0.3561503882,0.375,0.9757531227,2.222022687,mid,False
ENSG00000287480_AL158832.2,AL158832.2,0.8125,0.3561503882,0.375,0.9757531227,2.17502676,tail,False
ENSG00000236383_CCDC200,CCDC200,0.8125,0.3561503882,0.4375,1,0.9487588921,tail,False
ENSG00000008226_DLEC1,DLEC1,0.8125,0.3561503882,0.4375,1,1.443013975,tail,False
ENSG00000020922_MRE11,MRE11,0.8125,0.3561503882,0.4375,1,10.52465619,mid,False
ENSG00000047410_TPR,TPR,0.8125,0.3561503882,0.4375,1,12.39945579,head,False
ENSG00000072840_EVC,EVC,0.8125,0.3561503882,0.4375,1,9.843231345,mid,False
ENSG00000099256_PRTFDC1,PRTFDC1,0.8125,0.3561503882,0.4375,1,3.931043246,mid,False
ENSG00000102890_ELMO3,ELMO3,0.8125,0.3561503882,0.4375,1,10.49341448,mid,False
ENSG00000103196_CRISPLD2,CRISPLD2,0.8125,0.3561503882,0.4375,1,3.409155663,mid,False
ENSG00000103248_MTHFSD,MTHFSD,0.8125,0.3561503882,0.4375,1,8.657906153,mid,False
ENSG00000113763_UNC5A,UNC5A,0.8125,0.3561503882,0.4375,1,2.121987522,tail,False
ENSG00000121101_TEX14,TEX14,0.8125,0.3561503882,0.4375,1,0.9518302135,tail,False
ENSG00000127419_TMEM175,TMEM175,0.8125,0.3561503882,0.4375,1,7.5945131,mid,False
ENSG00000127947_PTPN12,PTPN12,0.8125,0.3561503882,0.4375,1,10.50896775,mid,False
ENSG00000134897_BIVM,BIVM,0.8125,0.3561503882,0.4375,1,9.601141879,mid,False
ENSG00000142619_PADI3,PADI3,0.8125,0.3561503882,0.4375,1,3.74929414,mid,False
ENSG00000147912_FBXO10,FBXO10,0.8125,0.3561503882,0.4375,1,7.10770798,mid,False
ENSG00000148483_TMEM236,TMEM236,0.8125,0.3561503882,0.4375,1,2.36446767,mid,False
ENSG00000155229_MMS19,MMS19,0.8125,0.3561503882,0.4375,1,10.6760163,mid,False
ENSG00000158445_KCNB1,KCNB1,0.8125,0.3561503882,0.4375,1,4.654788997,mid,False
ENSG00000164509_IL31RA,IL31RA,0.8125,0.3561503882,0.4375,1,4.385881367,mid,False
ENSG00000166716_ZNF592,ZNF592,0.8125,0.3561503882,0.4375,1,10.37835884,mid,False
ENSG00000169609_C15orf40,C15orf40,0.8125,0.3561503882,0.4375,1,8.468858802,mid,False
ENSG00000176020_AMIGO3,AMIGO3,0.8125,0.3561503882,0.4375,1,3.715080685,mid,False
ENSG00000179841_AKAP5,AKAP5,0.8125,0.3561503882,0.4375,1,4.139075301,mid,False
ENSG00000184659_FOXD4L4,FOXD4L4,0.8125,0.3561503882,0.4375,1,3.807275582,mid,False
ENSG00000186517_ARHGAP30,ARHGAP30,0.8125,0.3561503882,0.4375,1,4.087622447,mid,False
ENSG00000188037_CLCN1,CLCN1,0.8125,0.3561503882,0.4375,1,0.5819525638,tail,False
ENSG00000196730_DAPK1,DAPK1,0.8125,0.3561503882,0.4375,1,9.868308171,mid,False
ENSG00000198932_GPRASP1,GPRASP1,0.8125,0.3561503882,0.4375,1,5.682900894,mid,False
ENSG00000204706_MAMDC2-AS1,MAMDC2-AS1,0.8125,0.3561503882,0.4375,1,4.531978168,mid,False
ENSG00000221994_ZNF630,ZNF630,0.8125,0.3561503882,0.4375,1,6.826182882,mid,False
ENSG00000227740_LINC02803,LINC02803,0.8125,0.3561503882,0.4375,1,3.159793151,mid,False
ENSG00000228358_LINC02263,LINC02263,0.8125,0.3561503882,0.4375,1,4.647896631,mid,False
ENSG00000237927_AL078604.2,AL078604.2,0.8125,0.3561503882,0.4375,1,0.7811101196,tail,False
ENSG00000239282_CASTOR1,CASTOR1,0.8125,0.3561503882,0.4375,1,6.849666522,mid,False
ENSG00000239569_KMT2E-AS1,KMT2E-AS1,0.8125,0.3561503882,0.4375,1,3.93446525,mid,False
ENSG00000245275_SAP30L-AS1,SAP30L-AS1,0.8125,0.3561503882,0.4375,1,5.005475768,mid,False
ENSG00000246089_AC016065.1,AC016065.1,0.8125,0.3561503882,0.4375,1,6.298086324,mid,False
ENSG00000249740_OSMR-AS1,OSMR-AS1,0.8125,0.3561503882,0.4375,1,4.291952098,mid,False
ENSG00000251455_AC092611.1,AC092611.1,0.8125,0.3561503882,0.4375,1,4.088475288,mid,False
ENSG00000255559_ZNF252P-AS1,ZNF252P-AS1,0.8125,0.3561503882,0.4375,1,4.92482181,mid,False
ENSG00000257261_AC008014.1,AC008014.1,0.8125,0.3561503882,0.4375,1,4.727182609,mid,False
ENSG00000258725_PRC1-AS1,PRC1-AS1,0.8125,0.3561503882,0.4375,1,3.28899816,mid,False
ENSG00000259782_AC008915.1,AC008915.1,0.8125,0.3561503882,0.4375,1,1.408711088,tail,False
ENSG00000259972_AC009120.2,AC009120.2,0.8125,0.3561503882,0.4375,1,6.589618298,mid,False
ENSG00000263276_AC020978.7,AC020978.7,0.8125,0.3561503882,0.4375,1,3.246314838,mid,False
ENSG00000266173_STRADA,STRADA,0.8125,0.3561503882,0.4375,1,8.510702704,mid,False
ENSG00000269653_AC011479.3,AC011479.3,0.8125,0.3561503882,0.4375,1,3.185175798,mid,False
ENSG00000270157_AC004918.4,AC004918.4,0.8125,0.3561503882,0.4375,1,5.766759686,mid,False
ENSG00000272217_AL645940.1,AL645940.1,0.8125,0.3561503882,0.4375,1,2.102718803,tail,False
ENSG00000276931_AC009041.4,AC009041.4,0.8125,0.3561503882,0.4375,1,2.163461054,tail,False
ENSG00000285018_AC245140.3,AC245140.3,0.8125,0.3561503882,0.4375,1,1.849676299,tail,False
ENSG00000287655_AC023283.1,AC023283.1,0.8125,0.3561503882,0.4375,1,2.443964292,mid,False
ENSG00000287686_AC062029.1,AC062029.1,0.8125,0.3561503882,0.4375,1,3.338491957,mid,False
ENSG00000287859_AC008507.4,AC008507.4,0.8125,0.3561503882,0.4375,1,1.005755932,tail,False
ENSG00000286489_AC010789.2,AC010789.2,0.8125,0.3561503882,0.46875,1,1.111371397,tail,False
ENSG00000182759_MAFA,MAFA,0.8125,0.3561503882,0.46875,1,1.555018407,tail,False
ENSG00000005100_DHX33,DHX33,0.8125,0.3561503882,0.5,1,10.69260533,mid,False
ENSG00000005961_ITGA2B,ITGA2B,0.8125,0.3561503882,0.5,1,1.230262378,tail,False
ENSG00000006282_SPATA20,SPATA20,0.8125,0.3561503882,0.5,1,8.427026768,mid,False
ENSG00000006453_BAIAP2L1,BAIAP2L1,0.8125,0.3561503882,0.5,1,10.07247447,mid,False
ENSG00000015568_RGPD5,RGPD5,0.8125,0.3561503882,0.5,1,9.313861758,mid,False
ENSG00000064687_ABCA7,ABCA7,0.8125,0.3561503882,0.5,1,10.26612199,mid,False
ENSG00000064961_HMG20B,HMG20B,0.8125,0.3561503882,0.5,1,11.07975953,mid,False
ENSG00000070950_RAD18,RAD18,0.8125,0.3561503882,0.5,1,9.019220264,mid,False
ENSG00000072518_MARK2,MARK2,0.8125,0.3561503882,0.5,1,11.36408867,mid,False
ENSG00000085840_ORC1,ORC1,0.8125,0.3561503882,0.5,1,8.254113479,mid,False
ENSG00000086717_PPEF1,PPEF1,0.8125,0.3561503882,0.5,1,1.843292052,tail,False
ENSG00000091127_PUS7,PUS7,0.8125,0.3561503882,0.5,1,10.55603562,mid,False
ENSG00000101158_NELFCD,NELFCD,0.8125,0.3561503882,0.5,1,10.88698186,mid,False
ENSG00000108651_UTP6,UTP6,0.8125,0.3561503882,0.5,1,10.17503426,mid,False
ENSG00000115761_NOL10,NOL10,0.8125,0.3561503882,0.5,1,10.28606772,mid,False
ENSG00000118762_PKD2,PKD2,0.8125,0.3561503882,0.5,1,9.393725624,mid,False
ENSG00000122257_RBBP6,RBBP6,0.8125,0.3561503882,0.5,1,11.03306977,mid,False
ENSG00000123600_METTL8,METTL8,0.8125,0.3561503882,0.5,1,10.61776697,mid,False
ENSG00000127423_AUNIP,AUNIP,0.8125,0.3561503882,0.5,1,8.256138194,mid,False
ENSG00000130513_GDF15,GDF15,0.8125,0.3561503882,0.5,1,9.384174479,mid,False
ENSG00000130669_PAK4,PAK4,0.8125,0.3561503882,0.5,1,11.00739464,mid,False
ENSG00000132854_KANK4,KANK4,0.8125,0.3561503882,0.5,1,7.988146768,mid,False
ENSG00000133056_PIK3C2B,PIK3C2B,0.8125,0.3561503882,0.5,1,10.80981656,mid,False
ENSG00000133302_SLF1,SLF1,0.8125,0.3561503882,0.5,1,8.570694414,mid,False
ENSG00000136878_USP20,USP20,0.8125,0.3561503882,0.5,1,9.052410479,mid,False
ENSG00000139618_BRCA2,BRCA2,0.8125,0.3561503882,0.5,1,9.38944361,mid,True
ENSG00000142945_KIF2C,KIF2C,0.8125,0.3561503882,0.5,1,9.394910543,mid,False
ENSG00000146414_SHPRH,SHPRH,0.8125,0.3561503882,0.5,1,10.3674041,mid,False
ENSG00000148842_CNNM2,CNNM2,0.8125,0.3561503882,0.5,1,8.768877018,mid,False
ENSG00000151148_UBE3B,UBE3B,0.8125,0.3561503882,0.5,1,10.35535402,mid,False
ENSG00000151466_SCLT1,SCLT1,0.8125,0.3561503882,0.5,1,8.861478737,mid,False
ENSG00000163629_PTPN13,PTPN13,0.8125,0.3561503882,0.5,1,11.49971389,head,False
ENSG00000165185_KIAA1958,KIAA1958,0.8125,0.3561503882,0.5,1,9.210878066,mid,False
ENSG00000166341_DCHS1,DCHS1,0.8125,0.3561503882,0.5,1,4.840681781,mid,False
ENSG00000167566_NCKAP5L,NCKAP5L,0.8125,0.3561503882,0.5,1,9.021588972,mid,False
ENSG00000167785_ZNF558,ZNF558,0.8125,0.3561503882,0.5,1,8.698203334,mid,False
ENSG00000167874_TMEM88,TMEM88,0.8125,0.3561503882,0.5,1,2.466891599,mid,False
ENSG00000169607_CKAP2L,CKAP2L,0.8125,0.3561503882,0.5,1,8.601774636,mid,False
ENSG00000170175_CHRNB1,CHRNB1,0.8125,0.3561503882,0.5,1,5.663162729,mid,False
ENSG00000171103_TRMT61B,TRMT61B,0.8125,0.3561503882,0.5,1,8.694062139,mid,False
ENSG00000172037_LAMB2,LAMB2,0.8125,0.3561503882,0.5,1,12.8339477,head,False
ENSG00000172270_BSG,BSG,0.8125,0.3561503882,0.5,1,13.6066058,head,False
ENSG00000172748_ZNF596,ZNF596,0.8125,0.3561503882,0.5,1,5.75365951,mid,False
ENSG00000173599_PC,PC,0.8125,0.3561503882,0.5,1,11.12637222,mid,False
ENSG00000174327_SLC16A13,SLC16A13,0.8125,0.3561503882,0.5,1,8.280862657,mid,False
ENSG00000181555_SETD2,SETD2,0.8125,0.3561503882,0.5,1,11.56595377,head,False
ENSG00000182704_TSKU,TSKU,0.8125,0.3561503882,0.5,1,11.18702643,mid,False
ENSG00000184497_TMEM255B,TMEM255B,0.8125,0.3561503882,0.5,1,2.777028755,mid,False
ENSG00000185019_UBOX5,UBOX5,0.8125,0.3561503882,0.5,1,7.492475512,mid,False
ENSG00000185065_AC000068.1,AC000068.1,0.8125,0.3561503882,0.5,1,4.656340196,mid,False
ENSG00000185522_LMNTD2,LMNTD2,0.8125,0.3561503882,0.5,1,5.52322303,mid,False
ENSG00000187091_PLCD1,PLCD1,0.8125,0.3561503882,0.5,1,9.875278498,mid,False
ENSG00000196337_CGB7,CGB7,0.8125,0.3561503882,0.5,1,3.273571598,mid,False
ENSG00000197093_GAL3ST4,GAL3ST4,0.8125,0.3561503882,0.5,1,1.5416196,tail,False
ENSG00000198520_ARMH1,ARMH1,0.8125,0.3561503882,0.5,1,2.315746248,mid,False
ENSG00000198729_PPP1R14C,PPP1R14C,0.8125,0.3561503882,0.5,1,10.44134115,mid,False
ENSG00000198825_INPP5F,INPP5F,0.8125,0.3561503882,0.5,1,9.187717872,mid,False
ENSG00000214922_HLA-F-AS1,HLA-F-AS1,0.8125,0.3561503882,0.5,1,5.852981706,mid,False
ENSG00000222011_FAM185A,FAM185A,0.8125,0.3561503882,0.5,1,7.827051017,mid,False
ENSG00000224066_AL049795.1,AL049795.1,0.8125,0.3561503882,0.5,1,2.512486467,mid,False
ENSG00000225187_AC073283.1,AC073283.1,0.8125,0.3561503882,0.5,1,3.144882489,mid,False
ENSG00000229539_AL353194.1,AL353194.1,0.8125,0.3561503882,0.5,1,2.679783274,mid,False
ENSG00000229809_ZNF688,ZNF688,0.8125,0.3561503882,0.5,1,7.136170646,mid,False
ENSG00000232098_AC012313.1,AC012313.1,0.8125,0.3561503882,0.5,1,8.010937004,mid,False
ENSG00000238035_AC138035.1,AC138035.1,0.8125,0.3561503882,0.5,1,5.173320797,mid,False
ENSG00000241288_LINC02614,LINC02614,0.8125,0.3561503882,0.5,1,3.202928692,mid,False
ENSG00000241852_C8orf58,C8orf58,0.8125,0.3561503882,0.5,1,7.195586686,mid,False
ENSG00000253641_AC104964.1,AC104964.1,0.8125,0.3561503882,0.5,1,2.161362792,tail,False
ENSG00000258325_ITFG2-AS1,ITFG2-AS1,0.8125,0.3561503882,0.5,1,3.269623253,mid,False
ENSG00000258811_AL583810.2,AL583810.2,0.8125,0.3561503882,0.5,1,1.44781171,tail,False
ENSG00000258904_AL157871.5,AL157871.5,0.8125,0.3561503882,0.5,1,1.930888427,tail,False
ENSG00000261079_AC009053.2,AC009053.2,0.8125,0.3561503882,0.5,1,2.024758065,tail,False
ENSG00000267201_LINC01775,LINC01775,0.8125,0.3561503882,0.5,1,1.799057296,tail,False
ENSG00000267395_DM1-AS,DM1-AS,0.8125,0.3561503882,0.5,1,2.213672131,mid,False
ENSG00000267682_AC016590.2,AC016590.2,0.8125,0.3561503882,0.5,1,2.373707569,mid,False
ENSG00000267838_AC245884.8,AC245884.8,0.8125,0.3561503882,0.5,1,4.277140161,mid,False
ENSG00000268201_AC020915.1,AC020915.1,0.8125,0.3561503882,0.5,1,2.159824526,tail,False
ENSG00000270277_AC009948.2,AC009948.2,0.8125,0.3561503882,0.5,1,5.904426259,mid,False
ENSG00000271447_MMP28,MMP28,0.8125,0.3561503882,0.5,1,10.29290678,mid,False
ENSG00000273142_LINC02604,LINC02604,0.8125,0.3561503882,0.5,1,5.236342648,mid,False
ENSG00000273162_AL133215.2,AL133215.2,0.8125,0.3561503882,0.5,1,3.736291091,mid,False
ENSG00000273183_AC093726.2,AC093726.2,0.8125,0.3561503882,0.5,1,1.50888583,tail,False
ENSG00000274070_CASTOR2,CASTOR2,0.8125,0.3561503882,0.5,1,9.621749706,mid,False
ENSG00000277369_AC010654.1,AC010654.1,0.8125,0.3561503882,0.5,1,2.889125104,mid,False
ENSG00000277453_AC010271.2,AC010271.2,0.8125,0.3561503882,0.5,1,2.01884023,tail,False
ENSG00000278224_PRICKLE4,PRICKLE4,0.8125,0.3561503882,0.5,1,7.432461277,mid,False
ENSG00000280007_AC008079.1,AC008079.1,0.8125,0.3561503882,0.5,1,3.872844656,mid,False
ENSG00000282977_PCBP2-OT1,PCBP2-OT1,0.8125,0.3561503882,0.5,1,3.883086552,mid,False
ENSG00000287262_AC021148.2,AC021148.2,0.8125,0.3561503882,0.5,1,1.896972823,tail,False
ENSG00000183542_KLRC4,KLRC4,0.8125,0.3561503882,0.53125,1,0.8991484415,tail,False
ENSG00000258068_AC079600.3,AC079600.3,0.8125,0.3561503882,0.53125,1,1.141363863,tail,False
ENSG00000185271_KLHL33,KLHL33,0.8125,0.3561503882,0.5625,1,0.4396631664,tail,False
ENSG00000280924_LINC00628,LINC00628,0.8125,0.3561503882,0.5625,1,1.01402556,tail,False
ENSG00000273335_AP005432.2,AP005432.2,0.8125,0.3561503882,0.5625,1,0.8019008577,tail,False
ENSG00000286970_AC010491.2,AC010491.2,0.8125,0.3561503882,0.5625,1,0.7686725722,tail,False
ENSG00000287821_AP000944.6,AP000944.6,0.8125,0.3561503882,0.5625,1,1.588808152,tail,False
ENSG00000005448_WDR54,WDR54,0.8125,0.3561503882,0.5625,1,6.242192843,mid,False
ENSG00000073150_PANX2,PANX2,0.8125,0.3561503882,0.5625,1,3.927524674,mid,False
ENSG00000100109_TFIP11,TFIP11,0.8125,0.3561503882,0.5625,1,9.388750064,mid,False
ENSG00000100483_VCPKMT,VCPKMT,0.8125,0.3561503882,0.5625,1,7.213685358,mid,False
ENSG00000100592_DAAM1,DAAM1,0.8125,0.3561503882,0.5625,1,9.525454455,mid,False
ENSG00000101222_SPEF1,SPEF1,0.8125,0.3561503882,0.5625,1,1.690259955,tail,False
ENSG00000108797_CNTNAP1,CNTNAP1,0.8125,0.3561503882,0.5625,1,4.167421122,mid,False
ENSG00000109063_MYH3,MYH3,0.8125,0.3561503882,0.5625,1,3.156246655,mid,False
ENSG00000111450_STX2,STX2,0.8125,0.3561503882,0.5625,1,7.774277929,mid,False
ENSG00000111860_CEP85L,CEP85L,0.8125,0.3561503882,0.5625,1,8.632690752,mid,False
ENSG00000117569_PTBP2,PTBP2,0.8125,0.3561503882,0.5625,1,8.758766575,mid,False
ENSG00000127561_SYNGR3,SYNGR3,0.8125,0.3561503882,0.5625,1,4.009080616,mid,False
ENSG00000129810_SGO1,SGO1,0.8125,0.3561503882,0.5625,1,7.983615895,mid,False
ENSG00000131023_LATS1,LATS1,0.8125,0.3561503882,0.5625,1,9.973641776,mid,False
ENSG00000131899_LLGL1,LLGL1,0.8125,0.3561503882,0.5625,1,9.541240796,mid,False
ENSG00000132031_MATN3,MATN3,0.8125,0.3561503882,0.5625,1,5.65282675,mid,False
ENSG00000132879_FBXO44,FBXO44,0.8125,0.3561503882,0.5625,1,7.814276415,mid,False
ENSG00000135040_NAA35,NAA35,0.8125,0.3561503882,0.5625,1,10.2581358,mid,False
ENSG00000142233_NTN5,NTN5,0.8125,0.3561503882,0.5625,1,2.693944577,mid,False
ENSG00000149483_TMEM138,TMEM138,0.8125,0.3561503882,0.5625,1,8.505376727,mid,False
ENSG00000152253_SPC25,SPC25,0.8125,0.3561503882,0.5625,1,6.865351409,mid,False
ENSG00000158850_B4GALT3,B4GALT3,0.8125,0.3561503882,0.5625,1,9.627005779,mid,False
ENSG00000160323_ADAMTS13,ADAMTS13,0.8125,0.3561503882,0.5625,1,3.808735077,mid,False
ENSG00000163539_CLASP2,CLASP2,0.8125,0.3561503882,0.5625,1,10.62824184,mid,False
ENSG00000163689_C3orf67,C3orf67,0.8125,0.3561503882,0.5625,1,3.178477852,mid,False
ENSG00000165269_AQP7,AQP7,0.8125,0.3561503882,0.5625,1,2.033917406,tail,False
ENSG00000167770_OTUB1,OTUB1,0.8125,0.3561503882,0.5625,1,10.78725352,mid,False
ENSG00000169220_RGS14,RGS14,0.8125,0.3561503882,0.5625,1,7.185241398,mid,False
ENSG00000175711_B3GNTL1,B3GNTL1,0.8125,0.3561503882,0.5625,1,6.558121004,mid,False
ENSG00000179588_ZFPM1,ZFPM1,0.8125,0.3561503882,0.5625,1,7.820013998,mid,False
ENSG00000181350_LRRC75A,LRRC75A,0.8125,0.3561503882,0.5625,1,3.553506052,mid,False
ENSG00000181585_TMIE,TMIE,0.8125,0.3561503882,0.5625,1,3.354013971,mid,False
ENSG00000182264_IZUMO1,IZUMO1,0.8125,0.3561503882,0.5625,1,1.840489605,tail,False
ENSG00000184402_SS18L1,SS18L1,0.8125,0.3561503882,0.5625,1,8.955219002,mid,False
ENSG00000196338_NLGN3,NLGN3,0.8125,0.3561503882,0.5625,1,3.493919995,mid,False
ENSG00000196652_ZKSCAN5,ZKSCAN5,0.8125,0.3561503882,0.5625,1,8.426033995,mid,False
ENSG00000197724_PHF2,PHF2,0.8125,0.3561503882,0.5625,1,10.17173414,mid,False
ENSG00000204683_C10orf113,C10orf113,0.8125,0.3561503882,0.5625,1,2.429701351,mid,False
ENSG00000211643_IGLV5-52,IGLV5-52,0.8125,0.3561503882,0.5625,1,3.612906673,mid,False
ENSG00000221978_CCNL2,CCNL2,0.8125,0.3561503882,0.5625,1,10.60186176,mid,False
ENSG00000222020_HDAC4-AS1,HDAC4-AS1,0.8125,0.3561503882,0.5625,1,2.276365651,mid,False
ENSG00000226281_AL031123.1,AL031123.1,0.8125,0.3561503882,0.5625,1,3.540446263,mid,False
ENSG00000232063_AL691447.2,AL691447.2,0.8125,0.3561503882,0.5625,1,3.279197208,mid,False
ENSG00000236671_PRKG1-AS1,PRKG1-AS1,0.8125,0.3561503882,0.5625,1,4.049672702,mid,False
ENSG00000238287_AL603839.3,AL603839.3,0.8125,0.3561503882,0.5625,1,1.960528299,tail,False
ENSG00000242136_AC093904.2,AC093904.2,0.8125,0.3561503882,0.5625,1,2.523066076,mid,False
ENSG00000243224_AC006252.1,AC006252.1,0.8125,0.3561503882,0.5625,1,2.47574189,mid,False
ENSG00000249637_AC008438.1,AC008438.1,0.8125,0.3561503882,0.5625,1,2.240482313,mid,False
ENSG00000260190_AL807752.5,AL807752.5,0.8125,0.3561503882,0.5625,1,1.545915805,tail,False
ENSG00000262089_AC040977.1,AC040977.1,0.8125,0.3561503882,0.5625,1,1.30896796,tail,False
ENSG00000268592_AL355312.3,AL355312.3,0.8125,0.3561503882,0.5625,1,4.772851902,mid,False
ENSG00000272851_AC096772.1,AC096772.1,0.8125,0.3561503882,0.5625,1,3.031214364,mid,False
ENSG00000273080_AC009309.1,AC009309.1,0.8125,0.3561503882,0.5625,1,2.658568628,mid,False
ENSG00000273691_AC087284.1,AC087284.1,0.8125,0.3561503882,0.5625,1,4.209605166,mid,False
ENSG00000277170_AC012676.3,AC012676.3,0.8125,0.3561503882,0.5625,1,2.95237055,mid,False
ENSG00000278899_AL358852.1,AL358852.1,0.8125,0.3561503882,0.5625,1,3.48564481,mid,False
ENSG00000280195_AC245140.2,AC245140.2,0.8125,0.3561503882,0.5625,1,5.205614023,mid,False
ENSG00000283646_LINC02009,LINC02009,0.8125,0.3561503882,0.5625,1,2.392777438,mid,False
ENSG00000285210_LINC02795,LINC02795,0.8125,0.3561503882,0.5625,1,1.558729105,tail,False
ENSG00000285664_AL139317.5,AL139317.5,0.8125,0.3561503882,0.5625,1,1.352753977,tail,False
ENSG00000286699_AC084198.2,AC084198.2,0.8125,0.3561503882,0.5625,1,3.857287578,mid,False
ENSG00000223571_DHRSX-IT1,DHRSX-IT1,0.8125,0.3561503882,0.59375,1,1.114331722,tail,False
ENSG00000223390_AL445685.1,AL445685.1,0.78125,0.3887626915,0.28125,0.8292878461,1.163651438,tail,False
ENSG00000015520_NPC1L1,NPC1L1,0.78125,0.4359426849,0.375,0.9757531227,1.096702904,tail,False
ENSG00000236051_MYCBP2-AS1,MYCBP2-AS1,0.78125,0.4359426849,0.4375,1,1.380417571,tail,False
ENSG00000188916_INSYN2A,INSYN2A,0.78125,0.4359426849,0.5,1,2.406034428,mid,False
ENSG00000108309_RUNDC3A,RUNDC3A,0.78125,0.4359426849,0.5625,1,1.870799388,tail,False
ENSG00000146453_PNLDC1,PNLDC1,0.78125,0.4359426849,0.5625,1,0.7709672352,tail,False
ENSG00000262681_AC005722.3,AC005722.3,0.78125,0.4359426849,0.5625,1,1.755242196,tail,False
ENSG00000054267_ARID4B,ARID4B,0.75,0.5008380825,0,0.3887587822,10.31243926,mid,False
ENSG00000130783_CCDC62,CCDC62,0.75,0.5008380825,0,0.3887587822,2.400629444,mid,False
ENSG00000130939_UBE4B,UBE4B,0.75,0.5008380825,0,0.3887587822,10.14087652,mid,False
ENSG00000131051_RBM39,RBM39,0.75,0.5008380825,0,0.3887587822,12.83799561,head,False
ENSG00000131373_HACL1,HACL1,0.75,0.5008380825,0,0.3887587822,8.688230114,mid,False
ENSG00000134007_ADAM20,ADAM20,0.75,0.5008380825,0,0.3887587822,2.748275532,mid,False
ENSG00000138336_TET1,TET1,0.75,0.5008380825,0,0.3887587822,7.844862278,mid,False
ENSG00000152942_RAD17,RAD17,0.75,0.5008380825,0,0.3887587822,9.50989113,mid,False
ENSG00000163617_CCDC191,CCDC191,0.75,0.5008380825,0,0.3887587822,6.552704976,mid,False
ENSG00000168497_CAVIN2,CAVIN2,0.75,0.5008380825,0,0.3887587822,11.32779923,mid,False
ENSG00000178623_GPR35,GPR35,0.75,0.5008380825,0,0.3887587822,2.2182379,mid,False
ENSG00000179241_LDLRAD3,LDLRAD3,0.75,0.5008380825,0,0.3887587822,10.96033416,mid,False
ENSG00000186409_CCDC30,CCDC30,0.75,0.5008380825,0,0.3887587822,6.149637236,mid,False
ENSG00000196782_MAML3,MAML3,0.75,0.5008380825,0,0.3887587822,9.386319415,mid,False
ENSG00000214842_RAD51AP2,RAD51AP2,0.75,0.5008380825,0,0.3887587822,2.761342967,mid,False
ENSG00000235706_DICER1-AS1,DICER1-AS1,0.75,0.5008380825,0,0.3887587822,6.234455968,mid,False
ENSG00000235989_MORC2-AS1,MORC2-AS1,0.75,0.5008380825,0,0.3887587822,2.293716328,mid,False
ENSG00000244701_AC004918.1,AC004918.1,0.75,0.5008380825,0,0.3887587822,5.415368849,mid,False
ENSG00000245849_RAD51-AS1,RAD51-AS1,0.75,0.5008380825,0,0.3887587822,7.279484412,mid,False
ENSG00000250337_PURPL,PURPL,0.75,0.5008380825,0,0.3887587822,2.697038933,mid,False
ENSG00000250903_GMDS-DT,GMDS-DT,0.75,0.5008380825,0,0.3887587822,6.439174899,mid,False
ENSG00000256092_SBNO1-AS1,SBNO1-AS1,0.75,0.5008380825,0,0.3887587822,5.501653625,mid,False
ENSG00000272103_AC026741.1,AC026741.1,0.75,0.5008380825,0,0.3887587822,2.407556436,mid,False
ENSG00000008311_AASS,AASS,0.75,0.5008380825,0.0625,0.4977511244,7.248741757,mid,False
ENSG00000032742_IFT88,IFT88,0.75,0.5008380825,0.0625,0.4977511244,8.548507863,mid,False
ENSG00000128482_RNF112,RNF112,0.75,0.5008380825,0.0625,0.4977511244,2.418694587,mid,False
ENSG00000131747_TOP2A,TOP2A,0.75,0.5008380825,0.0625,0.4977511244,12.17923744,head,False
ENSG00000134762_DSC3,DSC3,0.75,0.5008380825,0.0625,0.4977511244,11.37793612,mid,False
ENSG00000148143_ZNF462,ZNF462,0.75,0.5008380825,0.0625,0.4977511244,10.59001028,mid,False
ENSG00000173482_PTPRM,PTPRM,0.75,0.5008380825,0.0625,0.4977511244,11.41319314,mid,False
ENSG00000174428_GTF2IRD2B,GTF2IRD2B,0.75,0.5008380825,0.0625,0.4977511244,8.675579417,mid,False
ENSG00000240875_LINC00886,LINC00886,0.75,0.5008380825,0.0625,0.4977511244,6.487864911,mid,False
ENSG00000254860_TMEM9B-AS1,TMEM9B-AS1,0.75,0.5008380825,0.0625,0.4977511244,6.597539412,mid,False
ENSG00000261140_AC093525.4,AC093525.4,0.75,0.5008380825,0.0625,0.4977511244,3.521115874,mid,False
ENSG00000266053_NDUFV2-AS1,NDUFV2-AS1,0.75,0.5008380825,0.0625,0.4977511244,4.456070666,mid,False
ENSG00000273381_AL158071.5,AL158071.5,0.75,0.5008380825,0.0625,0.4977511244,5.176661259,mid,False
ENSG00000287080_HIST1H3C,HIST1H3C,0.75,0.5008380825,0.0625,0.4977511244,10.10793181,mid,False
ENSG00000013441_CLK1,CLK1,0.75,0.5008380825,0.125,0.6097337006,11.2675686,mid,False
ENSG00000100731_PCNX1,PCNX1,0.75,0.5008380825,0.125,0.6097337006,11.00556548,mid,False
ENSG00000108506_INTS2,INTS2,0.75,0.5008380825,0.125,0.6097337006,9.956184083,mid,False
ENSG00000117262_GPR89A,GPR89A,0.75,0.5008380825,0.125,0.6097337006,8.881796104,mid,False
ENSG00000131848_ZSCAN5A,ZSCAN5A,0.75,0.5008380825,0.125,0.6097337006,6.770723437,mid,False
ENSG00000138379_MSTN,MSTN,0.75,0.5008380825,0.125,0.6097337006,2.826853936,mid,False
ENSG00000153044_CENPH,CENPH,0.75,0.5008380825,0.125,0.6097337006,8.562060445,mid,False
ENSG00000182752_PAPPA,PAPPA,0.75,0.5008380825,0.125,0.6097337006,8.969217303,mid,False
ENSG00000189195_BTBD8,BTBD8,0.75,0.5008380825,0.125,0.6097337006,7.89915028,mid,False
ENSG00000204514_ZNF814,ZNF814,0.75,0.5008380825,0.125,0.6097337006,5.245217778,mid,False
ENSG00000227252_AC012063.1,AC012063.1,0.75,0.5008380825,0.125,0.6097337006,5.542188593,mid,False
ENSG00000228107_AP000692.1,AP000692.1,0.75,0.5008380825,0.125,0.6097337006,1.884295816,tail,False
ENSG00000230937_MIR205HG,MIR205HG,0.75,0.5008380825,0.125,0.6097337006,9.849051797,mid,False
ENSG00000232593_KANTR,KANTR,0.75,0.5008380825,0.125,0.6097337006,7.172176563,mid,False
ENSG00000247572_CKMT2-AS1,CKMT2-AS1,0.75,0.5008380825,0.125,0.6097337006,7.086071289,mid,False
ENSG00000254485_AC026191.1,AC026191.1,0.75,0.5008380825,0.125,0.6097337006,2.409690496,mid,False
ENSG00000255871_AC007529.1,AC007529.1,0.75,0.5008380825,0.125,0.6097337006,3.253504986,mid,False
ENSG00000269984_AC078795.1,AC078795.1,0.75,0.5008380825,0.125,0.6097337006,4.215376058,mid,False
ENSG00000271382_AC012464.3,AC012464.3,0.75,0.5008380825,0.125,0.6097337006,1.84824822,tail,False
ENSG00000271795_AC011337.1,AC011337.1,0.75,0.5008380825,0.125,0.6097337006,2.410296436,mid,False
ENSG00000272668_AL590560.3,AL590560.3,0.75,0.5008380825,0.125,0.6097337006,5.888749606,mid,False
ENSG00000273230_AC102953.2,AC102953.2,0.75,0.5008380825,0.125,0.6097337006,6.071653629,mid,False
ENSG00000274605_PCCA-DT,PCCA-DT,0.75,0.5008380825,0.125,0.6097337006,6.553673466,mid,False
ENSG00000277728_AC097641.2,AC097641.2,0.75,0.5008380825,0.125,0.6097337006,2.591412594,mid,False
ENSG00000286116_AL157394.3,AL157394.3,0.75,0.5008380825,0.125,0.6097337006,4.086481632,mid,False
ENSG00000287265_AL365272.1,AL365272.1,0.75,0.5008380825,0.125,0.6097337006,3.610804189,mid,False
ENSG00000005156_LIG3,LIG3,0.75,0.5008380825,0.1875,0.7407564811,10.4016719,mid,False
ENSG00000008735_MAPK8IP2,MAPK8IP2,0.75,0.5008380825,0.1875,0.7407564811,3.999931496,mid,False
ENSG00000010292_NCAPD2,NCAPD2,0.75,0.5008380825,0.1875,0.7407564811,11.59042591,head,False
ENSG00000067369_TP53BP1,TP53BP1,0.75,0.5008380825,0.1875,0.7407564811,10.73711699,mid,False
ENSG00000069493_CLEC2D,CLEC2D,0.75,0.5008380825,0.1875,0.7407564811,6.319866859,mid,False
ENSG00000084764_MAPRE3,MAPRE3,0.75,0.5008380825,0.1875,0.7407564811,8.268586487,mid,False
ENSG00000102128_RAB40AL,RAB40AL,0.75,0.5008380825,0.1875,0.7407564811,3.090184921,mid,False
ENSG00000106526_ACTR3C,ACTR3C,0.75,0.5008380825,0.1875,0.7407564811,8.794706532,mid,False
ENSG00000108848_LUC7L3,LUC7L3,0.75,0.5008380825,0.1875,0.7407564811,11.98144198,head,False
ENSG00000112984_KIF20A,KIF20A,0.75,0.5008380825,0.1875,0.7407564811,10.24419281,mid,False
ENSG00000116544_DLGAP3,DLGAP3,0.75,0.5008380825,0.1875,0.7407564811,3.052412802,mid,False
ENSG00000127362_TAS2R3,TAS2R3,0.75,0.5008380825,0.1875,0.7407564811,4.537305607,mid,False
ENSG00000128886_ELL3,ELL3,0.75,0.5008380825,0.1875,0.7407564811,6.76311245,mid,False
ENSG00000134444_RELCH,RELCH,0.75,0.5008380825,0.1875,0.7407564811,10.41103776,mid,False
ENSG00000145362_ANK2,ANK2,0.75,0.5008380825,0.1875,0.7407564811,7.217228798,mid,False
ENSG00000152990_ADGRA3,ADGRA3,0.75,0.5008380825,0.1875,0.7407564811,11.85161296,head,False
ENSG00000161180_CCDC116,CCDC116,0.75,0.5008380825,0.1875,0.7407564811,1.044116279,tail,False
ENSG00000166803_PCLAF,PCLAF,0.75,0.5008380825,0.1875,0.7407564811,9.326117203,mid,False
ENSG00000168778_TCTN2,TCTN2,0.75,0.5008380825,0.1875,0.7407564811,7.936357938,mid,False
ENSG00000172828_CES3,CES3,0.75,0.5008380825,0.1875,0.7407564811,3.665493968,mid,False
ENSG00000174171_AC020659.1,AC020659.1,0.75,0.5008380825,0.1875,0.7407564811,3.044034052,mid,False
ENSG00000189108_IL1RAPL2,IL1RAPL2,0.75,0.5008380825,0.1875,0.7407564811,3.749795227,mid,False
ENSG00000198331_HYLS1,HYLS1,0.75,0.5008380825,0.1875,0.7407564811,8.051326521,mid,False
ENSG00000203666_EFCAB2,EFCAB2,0.75,0.5008380825,0.1875,0.7407564811,6.947987517,mid,False
ENSG00000204311_PJVK,PJVK,0.75,0.5008380825,0.1875,0.7407564811,6.04761791,mid,False
ENSG00000229167_AC114488.1,AC114488.1,0.75,0.5008380825,0.1875,0.7407564811,3.333535111,mid,False
ENSG00000229956_ZRANB2-AS2,ZRANB2-AS2,0.75,0.5008380825,0.1875,0.7407564811,3.519555194,mid,False
ENSG00000231890_DARS-AS1,DARS-AS1,0.75,0.5008380825,0.1875,0.7407564811,5.225142521,mid,False
ENSG00000234617_SNRK-AS1,SNRK-AS1,0.75,0.5008380825,0.1875,0.7407564811,4.335398679,mid,False
ENSG00000234817_AL136309.2,AL136309.2,0.75,0.5008380825,0.1875,0.7407564811,2.098144706,tail,False
ENSG00000237298_TTN-AS1,TTN-AS1,0.75,0.5008380825,0.1875,0.7407564811,9.233110414,mid,False
ENSG00000239407_Z68871.1,Z68871.1,0.75,0.5008380825,0.1875,0.7407564811,5.415613406,mid,False
ENSG00000250565_ATP6V1E2,ATP6V1E2,0.75,0.5008380825,0.1875,0.7407564811,7.750836197,mid,False
ENSG00000256029_AL590560.2,AL590560.2,0.75,0.5008380825,0.1875,0.7407564811,5.407926271,mid,False
ENSG00000258944_AC004846.2,AC004846.2,0.75,0.5008380825,0.1875,0.7407564811,2.564427432,mid,False
ENSG00000260917_AL158212.3,AL158212.3,0.75,0.5008380825,0.1875,0.7407564811,7.828515106,mid,False
ENSG00000261916_AC027796.1,AC027796.1,0.75,0.5008380825,0.1875,0.7407564811,2.049012085,tail,False
ENSG00000270154_AC130352.1,AC130352.1,0.75,0.5008380825,0.1875,0.7407564811,3.16994806,mid,False
ENSG00000273328_AC099329.2,AC099329.2,0.75,0.5008380825,0.1875,0.7407564811,2.084685299,tail,False
ENSG00000274929_AL157813.1,AL157813.1,0.75,0.5008380825,0.1875,0.7407564811,2.318007885,mid,False
ENSG00000275494_AC133552.5,AC133552.5,0.75,0.5008380825,0.1875,0.7407564811,3.710568808,mid,False
ENSG00000276593_AC022306.3,AC022306.3,0.75,0.5008380825,0.1875,0.7407564811,3.16452524,mid,False
ENSG00000280587_LINC01348,LINC01348,0.75,0.5008380825,0.1875,0.7407564811,2.381853269,mid,False
ENSG00000281641_SAMD12-AS1,SAMD12-AS1,0.75,0.5008380825,0.1875,0.7407564811,4.699475859,mid,False
ENSG00000284634_AC092821.3,AC092821.3,0.75,0.5008380825,0.1875,0.7407564811,6.634741013,mid,False
ENSG00000259357_AL590133.2,AL590133.2,0.75,0.5008380825,0.21875,0.7996788438,1.416284122,tail,False
ENSG00000259380_AC087473.1,AC087473.1,0.75,0.5008380825,0.21875,0.7996788438,0.6501823973,tail,False
ENSG00000283828_AL137002.2,AL137002.2,0.75,0.5008380825,0.21875,0.7996788438,1.24387682,tail,False
ENSG00000072182_ASIC4,ASIC4,0.75,0.3561503882,0.25,0.7407564811,0.4182856701,tail,False
ENSG00000109182_CWH43,CWH43,0.75,0.5008380825,0.25,0.7996788438,2.619289913,mid,False
ENSG00000270095_AC068790.6,AC068790.6,0.75,0.5008380825,0.25,0.7996788438,1.240719828,tail,False
ENSG00000035664_DAPK2,DAPK2,0.75,0.5008380825,0.25,0.7996788438,6.540036872,mid,False
ENSG00000054148_PHPT1,PHPT1,0.75,0.5008380825,0.25,0.7996788438,9.897821975,mid,False
ENSG00000068489_PRR11,PRR11,0.75,0.5008380825,0.25,0.7996788438,10.2694522,mid,False
ENSG00000069020_MAST4,MAST4,0.75,0.5008380825,0.25,0.7996788438,10.43562356,mid,False
ENSG00000083750_RRAGB,RRAGB,0.75,0.5008380825,0.25,0.7996788438,7.491024785,mid,False
ENSG00000103740_ACSBG1,ACSBG1,0.75,0.5008380825,0.25,0.7996788438,4.647284983,mid,False
ENSG00000105290_APLP1,APLP1,0.75,0.5008380825,0.25,0.7996788438,4.156089759,mid,False
ENSG00000106336_FBXO24,FBXO24,0.75,0.5008380825,0.25,0.7996788438,3.274213583,mid,False
ENSG00000117425_PTCH2,PTCH2,0.75,0.5008380825,0.25,0.7996788438,5.998079825,mid,False
ENSG00000119392_GLE1,GLE1,0.75,0.5008380825,0.25,0.7996788438,10.4485862,mid,False
ENSG00000121741_ZMYM2,ZMYM2,0.75,0.5008380825,0.25,0.7996788438,11.49661047,head,False
ENSG00000123080_CDKN2C,CDKN2C,0.75,0.5008380825,0.25,0.7996788438,8.064684138,mid,False
ENSG00000123843_C4BPB,C4BPB,0.75,0.5008380825,0.25,0.7996788438,2.883434582,mid,False
ENSG00000126787_DLGAP5,DLGAP5,0.75,0.5008380825,0.25,0.7996788438,9.63808977,mid,False
ENSG00000130270_ATP8B3,ATP8B3,0.75,0.5008380825,0.25,0.7996788438,3.550115846,mid,False
ENSG00000131778_CHD1L,CHD1L,0.75,0.5008380825,0.25,0.7996788438,10.20123865,mid,False
ENSG00000136044_APPL2,APPL2,0.75,0.5008380825,0.25,0.7996788438,9.076989851,mid,False
ENSG00000137285_TUBB2B,TUBB2B,0.75,0.5008380825,0.25,0.7996788438,3.816141035,mid,False
ENSG00000137812_KNL1,KNL1,0.75,0.5008380825,0.25,0.7996788438,9.980790451,mid,False
ENSG00000144366_GULP1,GULP1,0.75,0.5008380825,0.25,0.7996788438,9.406058664,mid,False
ENSG00000149231_CCDC82,CCDC82,0.75,0.5008380825,0.25,0.7996788438,9.219801626,mid,False
ENSG00000152556_PFKM,PFKM,0.75,0.5008380825,0.25,0.7996788438,10.75373602,mid,False
ENSG00000156804_FBXO32,FBXO32,0.75,0.5008380825,0.25,0.7996788438,11.4168079,mid,False
ENSG00000157514_TSC22D3,TSC22D3,0.75,0.5008380825,0.25,0.7996788438,12.45529359,head,False
ENSG00000161860_SYCE2,SYCE2,0.75,0.5008380825,0.25,0.7996788438,2.454908617,mid,False
ENSG00000165935_SMCO2,SMCO2,0.75,0.5008380825,0.25,0.7996788438,3.189329568,mid,False
ENSG00000168944_CEP120,CEP120,0.75,0.5008380825,0.25,0.7996788438,9.079194835,mid,False
ENSG00000172382_PRSS27,PRSS27,0.75,0.5008380825,0.25,0.7996788438,4.506887576,mid,False
ENSG00000174306_ZHX3,ZHX3,0.75,0.5008380825,0.25,0.7996788438,10.46401196,mid,False
ENSG00000174483_BBS1,BBS1,0.75,0.5008380825,0.25,0.7996788438,8.827573623,mid,False
ENSG00000177628_GBA,GBA,0.75,0.5008380825,0.25,0.7996788438,9.395095952,mid,False
ENSG00000183718_TRIM52,TRIM52,0.75,0.5008380825,0.25,0.7996788438,8.443696637,mid,False
ENSG00000185829_ARL17A,ARL17A,0.75,0.5008380825,0.25,0.7996788438,8.477900969,mid,False
ENSG00000185842_DNAH14,DNAH14,0.75,0.5008380825,0.25,0.7996788438,7.897966567,mid,False
ENSG00000196295_GARS-DT,GARS-DT,0.75,0.5008380825,0.25,0.7996788438,9.44282396,mid,False
ENSG00000203709_MIR29B2CHG,MIR29B2CHG,0.75,0.5008380825,0.25,0.7996788438,9.328395181,mid,False
ENSG00000204179_PTPN20,PTPN20,0.75,0.5008380825,0.25,0.7996788438,7.084785475,mid,False
ENSG00000205464_ATP6AP1L,ATP6AP1L,0.75,0.5008380825,0.25,0.7996788438,6.076102325,mid,False
ENSG00000214595_EML6,EML6,0.75,0.5008380825,0.25,0.7996788438,5.998297261,mid,False
ENSG00000226149_AL356124.1,AL356124.1,0.75,0.5008380825,0.25,0.7996788438,5.690065283,mid,False
ENSG00000228201_AL022341.1,AL022341.1,0.75,0.5008380825,0.25,0.7996788438,1.697034045,tail,False
ENSG00000230590_FTX,FTX,0.75,0.5008380825,0.25,0.7996788438,10.16524158,mid,False
ENSG00000230844_ZNF674-AS1,ZNF674-AS1,0.75,0.5008380825,0.25,0.7996788438,6.082676728,mid,False
ENSG00000234160_AL513165.1,AL513165.1,0.75,0.5008380825,0.25,0.7996788438,4.073724082,mid,False
ENSG00000236499_LINC00896,LINC00896,0.75,0.5008380825,0.25,0.7996788438,5.78822706,mid,False
ENSG00000236778_INTS6-AS1,INTS6-AS1,0.75,0.5008380825,0.25,0.7996788438,6.473704149,mid,False
ENSG00000239474_KLHL41,KLHL41,0.75,0.5008380825,0.25,0.7996788438,3.275335263,mid,False
ENSG00000247809_NR2F2-AS1,NR2F2-AS1,0.75,0.5008380825,0.25,0.7996788438,5.472097025,mid,False
ENSG00000250938_AC073475.1,AC073475.1,0.75,0.5008380825,0.25,0.7996788438,1.009788337,tail,False
ENSG00000250999_AC136604.3,AC136604.3,0.75,0.5008380825,0.25,0.7996788438,2.951712735,mid,False
ENSG00000251192_ZNF674,ZNF674,0.75,0.5008380825,0.25,0.7996788438,6.192209373,mid,False
ENSG00000253552_HOXA-AS2,HOXA-AS2,0.75,0.5008380825,0.25,0.7996788438,7.269838663,mid,False
ENSG00000254473_AL354920.1,AL354920.1,0.75,0.5008380825,0.25,0.7996788438,4.118389202,mid,False
ENSG00000255346_NOX5,NOX5,0.75,0.5008380825,0.25,0.7996788438,6.235637181,mid,False
ENSG00000258301_VASH1-AS1,VASH1-AS1,0.75,0.5008380825,0.25,0.7996788438,7.264120811,mid,False
ENSG00000258593_AL583810.1,AL583810.1,0.75,0.5008380825,0.25,0.7996788438,3.300230963,mid,False
ENSG00000260083_MIR762HG,MIR762HG,0.75,0.5008380825,0.25,0.7996788438,5.929515503,mid,False
ENSG00000260750_AC092720.1,AC092720.1,0.75,0.5008380825,0.25,0.7996788438,1.999401862,tail,False
ENSG00000270589_AL158163.1,AL158163.1,0.75,0.5008380825,0.25,0.7996788438,4.650551058,mid,False
ENSG00000270959_LPP-AS2,LPP-AS2,0.75,0.5008380825,0.25,0.7996788438,5.05004179,mid,False
ENSG00000271826_PLS3-AS1,PLS3-AS1,0.75,0.5008380825,0.25,0.7996788438,3.789067422,mid,False
ENSG00000273618_AL135999.2,AL135999.2,0.75,0.5008380825,0.25,0.7996788438,1.46910939,tail,False
ENSG00000286094_AC026740.3,AC026740.3,0.75,0.5008380825,0.25,0.7996788438,1.786414615,tail,False
ENSG00000286834_AL360020.1,AL360020.1,0.75,0.5008380825,0.25,0.7996788438,2.892878517,mid,False
ENSG00000249899_AC025180.1,AC025180.1,0.75,0.3561503882,0.28125,0.8292878461,0.8059332626,tail,False
ENSG00000235481_UBE2R2-AS1,UBE2R2-AS1,0.75,0.5008380825,0.28125,0.8907828283,1.4072001,tail,False
ENSG00000272719_AC006483.2,AC006483.2,0.75,0.5008380825,0.28125,0.8907828283,1.176349423,tail,False
ENSG00000132932_ATP8A2,ATP8A2,0.75,0.5008380825,0.3125,0.8907828283,1.627983334,tail,False
ENSG00000280273_AF131216.4,AF131216.4,0.75,0.5008380825,0.3125,0.8907828283,2.361954224,mid,False
ENSG00000004766_VPS50,VPS50,0.75,0.5008380825,0.3125,0.8907828283,9.673840145,mid,False
ENSG00000010361_FUZ,FUZ,0.75,0.5008380825,0.3125,0.8907828283,6.487821448,mid,False
ENSG00000010818_HIVEP2,HIVEP2,0.75,0.5008380825,0.3125,0.8907828283,10.4244811,mid,False
ENSG00000041982_TNC,TNC,0.75,0.5008380825,0.3125,0.8907828283,9.229205455,mid,False
ENSG00000042088_TDP1,TDP1,0.75,0.5008380825,0.3125,0.8907828283,9.360785075,mid,False
ENSG00000065491_TBC1D22B,TBC1D22B,0.75,0.5008380825,0.3125,0.8907828283,8.925672393,mid,False
ENSG00000066279_ASPM,ASPM,0.75,0.5008380825,0.3125,0.8907828283,11.50305908,head,False
ENSG00000072571_HMMR,HMMR,0.75,0.5008380825,0.3125,0.8907828283,9.116686643,mid,False
ENSG00000104522_TSTA3,TSTA3,0.75,0.5008380825,0.3125,0.8907828283,11.62490426,head,False
ENSG00000111554_MDM1,MDM1,0.75,0.5008380825,0.3125,0.8907828283,8.175753484,mid,False
ENSG00000111653_ING4,ING4,0.75,0.5008380825,0.3125,0.8907828283,8.423981899,mid,False
ENSG00000115556_PLCD4,PLCD4,0.75,0.5008380825,0.3125,0.8907828283,6.351839116,mid,False
ENSG00000116151_MORN1,MORN1,0.75,0.5008380825,0.3125,0.8907828283,6.517443329,mid,False
ENSG00000120616_EPC1,EPC1,0.75,0.5008380825,0.3125,0.8907828283,9.733952664,mid,False
ENSG00000129534_MIS18BP1,MIS18BP1,0.75,0.5008380825,0.3125,0.8907828283,10.55841619,mid,False
ENSG00000133460_SLC2A11,SLC2A11,0.75,0.5008380825,0.3125,0.8907828283,7.985925612,mid,False
ENSG00000146350_TBC1D32,TBC1D32,0.75,0.5008380825,0.3125,0.8907828283,6.978694688,mid,False
ENSG00000154781_CCDC174,CCDC174,0.75,0.5008380825,0.3125,0.8907828283,8.588252484,mid,False
ENSG00000163864_NMNAT3,NMNAT3,0.75,0.5008380825,0.3125,0.8907828283,1.223665142,tail,False
ENSG00000167123_CERCAM,CERCAM,0.75,0.5008380825,0.3125,0.8907828283,6.219248989,mid,False
ENSG00000170423_KRT78,KRT78,0.75,0.5008380825,0.3125,0.8907828283,2.45850366,mid,False
ENSG00000175318_GRAMD2A,GRAMD2A,0.75,0.5008380825,0.3125,0.8907828283,9.314184938,mid,False
ENSG00000175984_DENND2C,DENND2C,0.75,0.5008380825,0.3125,0.8907828283,7.592038784,mid,False
ENSG00000178935_ZNF552,ZNF552,0.75,0.5008380825,0.3125,0.8907828283,8.360493247,mid,False
ENSG00000180447_GAS1,GAS1,0.75,0.5008380825,0.3125,0.8907828283,6.413498074,mid,False
ENSG00000182459_TEX19,TEX19,0.75,0.5008380825,0.3125,0.8907828283,2.894513007,mid,False
ENSG00000183137_CEP57L1,CEP57L1,0.75,0.5008380825,0.3125,0.8907828283,8.010636642,mid,False
ENSG00000184083_FAM120C,FAM120C,0.75,0.5008380825,0.3125,0.8907828283,8.275981381,mid,False
ENSG00000184185_KCNJ12,KCNJ12,0.75,0.5008380825,0.3125,0.8907828283,4.211782084,mid,False
ENSG00000184205_TSPYL2,TSPYL2,0.75,0.5008380825,0.3125,0.8907828283,7.515448446,mid,False
ENSG00000184619_KRBA2,KRBA2,0.75,0.5008380825,0.3125,0.8907828283,5.164261034,mid,False
ENSG00000185482_STAC3,STAC3,0.75,0.5008380825,0.3125,0.8907828283,4.523905074,mid,False
ENSG00000186364_NUDT17,NUDT17,0.75,0.5008380825,0.3125,0.8907828283,5.105286043,mid,False
ENSG00000186806_VSIG10L,VSIG10L,0.75,0.5008380825,0.3125,0.8907828283,5.438547277,mid,False
ENSG00000187860_CCDC157,CCDC157,0.75,0.5008380825,0.3125,0.8907828283,5.647114132,mid,False
ENSG00000188199_NUTM2B,NUTM2B,0.75,0.5008380825,0.3125,0.8907828283,3.211183484,mid,False
ENSG00000188993_LRRC66,LRRC66,0.75,0.5008380825,0.3125,0.8907828283,3.193856486,mid,False
ENSG00000197168_NEK5,NEK5,0.75,0.5008380825,0.3125,0.8907828283,5.040394048,mid,False
ENSG00000197385_ZNF860,ZNF860,0.75,0.5008380825,0.3125,0.8907828283,7.91068543,mid,False
ENSG00000197405_C5AR1,C5AR1,0.75,0.5008380825,0.3125,0.8907828283,4.234327397,mid,False
ENSG00000204138_PHACTR4,PHACTR4,0.75,0.5008380825,0.3125,0.8907828283,10.42366551,mid,False
ENSG00000205559_CHKB-DT,CHKB-DT,0.75,0.5008380825,0.3125,0.8907828283,5.70905858,mid,False
ENSG00000213742_ZNF337-AS1,ZNF337-AS1,0.75,0.5008380825,0.3125,0.8907828283,6.164666502,mid,False
ENSG00000214691_LINC01913,LINC01913,0.75,0.5008380825,0.3125,0.8907828283,3.298392885,mid,False
ENSG00000232295_AL589935.1,AL589935.1,0.75,0.5008380825,0.3125,0.8907828283,2.829740723,mid,False
ENSG00000240445_FOXO3B,FOXO3B,0.75,0.5008380825,0.3125,0.8907828283,8.087284295,mid,False
ENSG00000247121_AC009126.1,AC009126.1,0.75,0.5008380825,0.3125,0.8907828283,3.98999337,mid,False
ENSG00000254837_AP001372.2,AP001372.2,0.75,0.5008380825,0.3125,0.8907828283,6.608689647,mid,False
ENSG00000257303_AC073896.2,AC073896.2,0.75,0.5008380825,0.3125,0.8907828283,4.421763149,mid,False
ENSG00000258634_AL160006.1,AL160006.1,0.75,0.5008380825,0.3125,0.8907828283,8.482933918,mid,False
ENSG00000261423_TMEM202-AS1,TMEM202-AS1,0.75,0.5008380825,0.3125,0.8907828283,5.462680659,mid,False
ENSG00000261790_AC005606.2,AC005606.2,0.75,0.5008380825,0.3125,0.8907828283,1.880880669,tail,False
ENSG00000261845_AC124283.1,AC124283.1,0.75,0.5008380825,0.3125,0.8907828283,1.781115497,tail,False
ENSG00000268189_AC005785.1,AC005785.1,0.75,0.5008380825,0.3125,0.8907828283,3.72080292,mid,False
ENSG00000270115_AL513327.3,AL513327.3,0.75,0.5008380825,0.3125,0.8907828283,3.473914633,mid,False
ENSG00000274427_AC145423.2,AC145423.2,0.75,0.5008380825,0.3125,0.8907828283,1.762573495,tail,False
ENSG00000275880_AL139385.1,AL139385.1,0.75,0.5008380825,0.3125,0.8907828283,5.140549853,mid,False
ENSG00000277991_FP236241.1,FP236241.1,0.75,0.5008380825,0.3125,0.8907828283,7.332462453,mid,False
ENSG00000281406_BLACAT1,BLACAT1,0.75,0.5008380825,0.3125,0.8907828283,8.732959144,mid,False
ENSG00000286177_AC011462.5,AC011462.5,0.75,0.5008380825,0.3125,0.8907828283,4.160491448,mid,False
ENSG00000286638_AC123595.2,AC123595.2,0.75,0.5008380825,0.3125,0.8907828283,2.904045362,mid,False
ENSG00000286724_AL732509.1,AL732509.1,0.75,0.5008380825,0.3125,0.8907828283,4.257841336,mid,False
ENSG00000286975_AP005136.4,AP005136.4,0.75,0.5008380825,0.3125,0.8907828283,2.211084214,tail,False
ENSG00000114638_UPK1B,UPK1B,0.75,0.5008380825,0.34375,0.9757531227,1.426759661,tail,False
ENSG00000261302_AC106779.1,AC106779.1,0.75,0.5008380825,0.34375,0.9757531227,1.589250258,tail,False
ENSG00000255181_CCDC166,CCDC166,0.75,0.3561503882,0.375,0.8907828283,0.3675219678,tail,False
ENSG00000261616_AC036108.3,AC036108.3,0.75,0.3561503882,0.375,0.9757531227,0.4396631664,tail,False
ENSG00000052841_TTC17,TTC17,0.75,0.5008380825,0.375,0.9757531227,11.11774159,mid,False
ENSG00000062524_LTK,LTK,0.75,0.5008380825,0.375,0.9757531227,1.483266327,tail,False
ENSG00000101898_MCTS2P,MCTS2P,0.75,0.5008380825,0.375,0.9757531227,5.197582321,mid,False
ENSG00000102287_GABRE,GABRE,0.75,0.5008380825,0.375,0.9757531227,11.23888152,mid,False
ENSG00000105497_ZNF175,ZNF175,0.75,0.5008380825,0.375,0.9757531227,7.719381896,mid,False
ENSG00000113319_RASGRF2,RASGRF2,0.75,0.5008380825,0.375,0.9757531227,9.319783918,mid,False
ENSG00000114316_USP4,USP4,0.75,0.5008380825,0.375,0.9757531227,10.1545654,mid,False
ENSG00000115112_TFCP2L1,TFCP2L1,0.75,0.5008380825,0.375,0.9757531227,15.04045739,head,False
ENSG00000118564_FBXL5,FBXL5,0.75,0.5008380825,0.375,0.9757531227,10.61167645,mid,False
ENSG00000127952_STYXL1,STYXL1,0.75,0.5008380825,0.375,0.9757531227,8.642537451,mid,False
ENSG00000131067_GGT7,GGT7,0.75,0.5008380825,0.375,0.9757531227,7.744081826,mid,False
ENSG00000132010_ZNF20,ZNF20,0.75,0.5008380825,0.375,0.9757531227,6.656274255,mid,False
ENSG00000133687_TMTC1,TMTC1,0.75,0.5008380825,0.375,0.9757531227,11.64116069,head,False
ENSG00000134901_POGLUT2,POGLUT2,0.75,0.5008380825,0.375,0.9757531227,7.54203948,mid,False
ENSG00000137076_TLN1,TLN1,0.75,0.5008380825,0.375,0.9757531227,12.75596269,head,False
ENSG00000140688_C16orf58,C16orf58,0.75,0.5008380825,0.375,0.9757531227,10.29954866,mid,False
ENSG00000141002_TCF25,TCF25,0.75,0.5008380825,0.375,0.9757531227,11.36868694,mid,False
ENSG00000143110_C1orf162,C1orf162,0.75,0.5008380825,0.375,0.9757531227,3.237876882,mid,False
ENSG00000146247_PHIP,PHIP,0.75,0.5008380825,0.375,0.9757531227,11.67795958,head,False
ENSG00000154928_EPHB1,EPHB1,0.75,0.5008380825,0.375,0.9757531227,1.542871472,tail,False
ENSG00000157734_SNX22,SNX22,0.75,0.5008380825,0.375,0.9757531227,2.547385709,mid,False
ENSG00000160396_HIPK4,HIPK4,0.75,0.5008380825,0.375,0.9757531227,1.333650749,tail,False
ENSG00000162728_KCNJ9,KCNJ9,0.75,0.5008380825,0.375,0.9757531227,2.660801103,mid,False
ENSG00000164073_MFSD8,MFSD8,0.75,0.5008380825,0.375,0.9757531227,8.928155712,mid,False
ENSG00000167113_COQ4,COQ4,0.75,0.5008380825,0.375,0.9757531227,9.937607314,mid,False
ENSG00000178761_FAM219B,FAM219B,0.75,0.5008380825,0.375,0.9757531227,9.939618305,mid,False
ENSG00000182473_EXOC7,EXOC7,0.75,0.5008380825,0.375,0.9757531227,11.18909995,mid,False
ENSG00000184313_MROH7,MROH7,0.75,0.5008380825,0.375,0.9757531227,3.214171244,mid,False
ENSG00000189269_DRICH1,DRICH1,0.75,0.5008380825,0.375,0.9757531227,1.781115497,tail,False
ENSG00000198353_HOXC4,HOXC4,0.75,0.5008380825,0.375,0.9757531227,3.308939577,mid,False
ENSG00000198728_LDB1,LDB1,0.75,0.5008380825,0.375,0.9757531227,9.727877127,mid,False
ENSG00000203635_AC144450.1,AC144450.1,0.75,0.5008380825,0.375,0.9757531227,5.17364393,mid,False
ENSG00000204463_BAG6,BAG6,0.75,0.5008380825,0.375,0.9757531227,12.05470426,head,False
ENSG00000206562_METTL6,METTL6,0.75,0.5008380825,0.375,0.9757531227,8.061238554,mid,False
ENSG00000213995_NAXD,NAXD,0.75,0.5008380825,0.375,0.9757531227,9.187062202,mid,False
ENSG00000214870_AC004540.1,AC004540.1,0.75,0.5008380825,0.375,0.9757531227,4.124125873,mid,False
ENSG00000225484_NUTM2B-AS1,NUTM2B-AS1,0.75,0.5008380825,0.375,0.9757531227,9.832320513,mid,False
ENSG00000225790_AC007953.1,AC007953.1,0.75,0.5008380825,0.375,0.9757531227,1.860584325,tail,False
ENSG00000225975_LINC01534,LINC01534,0.75,0.5008380825,0.375,0.9757531227,5.165583741,mid,False
ENSG00000227398_KIF9-AS1,KIF9-AS1,0.75,0.5008380825,0.375,0.9757531227,5.64045801,mid,False
ENSG00000227533_SLC2A1-AS1,SLC2A1-AS1,0.75,0.5008380825,0.375,0.9757531227,5.136420508,mid,False
ENSG00000230732_AC016949.1,AC016949.1,0.75,0.5008380825,0.375,0.9757531227,4.335457145,mid,False
ENSG00000231969_AC007364.1,AC007364.1,0.75,0.5008380825,0.375,0.9757531227,2.086203074,tail,False
ENSG00000232656_IDI2-AS1,IDI2-AS1,0.75,0.5008380825,0.375,0.9757531227,3.953515743,mid,False
ENSG00000233547_AL158212.2,AL158212.2,0.75,0.5008380825,0.375,0.9757531227,1.240490155,tail,False
ENSG00000234614_C2CD4D-AS1,C2CD4D-AS1,0.75,0.5008380825,0.375,0.9757531227,2.216689897,mid,False
ENSG00000237280_AL136982.3,AL136982.3,0.75,0.5008380825,0.375,0.9757531227,2.545561923,mid,False
ENSG00000237638_LINC02245,LINC02245,0.75,0.5008380825,0.375,0.9757531227,2.902890682,mid,False
ENSG00000237886_NALT1,NALT1,0.75,0.5008380825,0.375,0.9757531227,3.625568058,mid,False
ENSG00000244122_UGT1A7,UGT1A7,0.75,0.5008380825,0.375,0.9757531227,3.284248383,mid,False
ENSG00000246982_Z84485.1,Z84485.1,0.75,0.5008380825,0.375,0.9757531227,3.030570152,mid,False
ENSG00000247095_MIR210HG,MIR210HG,0.75,0.5008380825,0.375,0.9757531227,5.639642213,mid,False
ENSG00000259248_USP3-AS1,USP3-AS1,0.75,0.5008380825,0.375,0.9757531227,6.119681082,mid,False
ENSG00000259456_ADNP-AS1,ADNP-AS1,0.75,0.5008380825,0.375,0.9757531227,3.252920732,mid,False
ENSG00000267078_AC015802.1,AC015802.1,0.75,0.5008380825,0.375,0.9757531227,1.278078772,tail,False
ENSG00000269918_AF131215.6,AF131215.6,0.75,0.5008380825,0.375,0.9757531227,5.787748608,mid,False
ENSG00000272374_Z97832.2,Z97832.2,0.75,0.5008380825,0.375,0.9757531227,3.693294604,mid,False
ENSG00000272477_AC144521.1,AC144521.1,0.75,0.5008380825,0.375,0.9757531227,2.552872811,mid,False
ENSG00000273254_AF129075.2,AF129075.2,0.75,0.5008380825,0.375,0.9757531227,3.034497195,mid,False
ENSG00000273382_AL356488.3,AL356488.3,0.75,0.5008380825,0.375,0.9757531227,4.729121831,mid,False
ENSG00000274023_AL360169.2,AL360169.2,0.75,0.5008380825,0.375,0.9757531227,1.242703777,tail,False
ENSG00000276649_AL117335.1,AL117335.1,0.75,0.5008380825,0.375,0.9757531227,4.416193224,mid,False
ENSG00000283886_BX664615.2,BX664615.2,0.75,0.5008380825,0.375,0.9757531227,5.857098209,mid,False
ENSG00000287129_AC097500.1,AC097500.1,0.75,0.5008380825,0.375,0.9757531227,1.511436318,tail,False
ENSG00000287837_AL590064.1,AL590064.1,0.75,0.5008380825,0.375,0.9757531227,4.39873832,mid,False
ENSG00000226650_KIF4B,KIF4B,0.75,0.5008380825,0.40625,1,1.152346996,tail,False
ENSG00000233232_NPIPB7,NPIPB7,0.75,0.5008380825,0.40625,1,1.679728757,tail,False
ENSG00000254548_AC105219.2,AC105219.2,0.75,0.5008380825,0.40625,1,0.8822723077,tail,False
ENSG00000260619_AC068870.1,AC068870.1,0.75,0.5008380825,0.4375,1,0.443108813,tail,False
ENSG00000003509_NDUFAF7,NDUFAF7,0.75,0.5008380825,0.4375,1,8.737930341,mid,False
ENSG00000005882_PDK2,PDK2,0.75,0.5008380825,0.4375,1,8.294785473,mid,False
ENSG00000010244_ZNF207,ZNF207,0.75,0.5008380825,0.4375,1,12.45178679,head,False
ENSG00000024526_DEPDC1,DEPDC1,0.75,0.5008380825,0.4375,1,9.740056097,mid,False
ENSG00000029639_TFB1M,TFB1M,0.75,0.5008380825,0.4375,1,8.416212328,mid,False
ENSG00000101049_SGK2,SGK2,0.75,0.5008380825,0.4375,1,1.979348871,tail,False
ENSG00000115598_IL1RL2,IL1RL2,0.75,0.5008380825,0.4375,1,8.027535645,mid,False
ENSG00000119943_PYROXD2,PYROXD2,0.75,0.5008380825,0.4375,1,6.715656884,mid,False
ENSG00000120370_GORAB,GORAB,0.75,0.5008380825,0.4375,1,7.337932463,mid,False
ENSG00000122367_LDB3,LDB3,0.75,0.5008380825,0.4375,1,1.615320875,tail,False
ENSG00000123992_DNPEP,DNPEP,0.75,0.5008380825,0.4375,1,10.34228782,mid,False
ENSG00000131849_ZNF132,ZNF132,0.75,0.5008380825,0.4375,1,5.084853444,mid,False
ENSG00000135541_AHI1,AHI1,0.75,0.5008380825,0.4375,1,9.414668708,mid,False
ENSG00000138802_SEC24B,SEC24B,0.75,0.5008380825,0.4375,1,10.95084718,mid,False
ENSG00000142444_TIMM29,TIMM29,0.75,0.5008380825,0.4375,1,8.110132029,mid,False
ENSG00000142655_PEX14,PEX14,0.75,0.5008380825,0.4375,1,7.989858217,mid,False
ENSG00000143228_NUF2,NUF2,0.75,0.5008380825,0.4375,1,7.905670068,mid,False
ENSG00000143499_SMYD2,SMYD2,0.75,0.5008380825,0.4375,1,10.03254035,mid,False
ENSG00000144043_TEX261,TEX261,0.75,0.5008380825,0.4375,1,10.84844674,mid,False
ENSG00000144134_RABL2A,RABL2A,0.75,0.5008380825,0.4375,1,7.348084087,mid,False
ENSG00000145945_FAM50B,FAM50B,0.75,0.5008380825,0.4375,1,6.51182777,mid,False
ENSG00000151490_PTPRO,PTPRO,0.75,0.5008380825,0.4375,1,3.034160332,mid,False
ENSG00000152217_SETBP1,SETBP1,0.75,0.5008380825,0.4375,1,8.339688206,mid,False
ENSG00000153291_SLC25A27,SLC25A27,0.75,0.5008380825,0.4375,1,7.036054593,mid,False
ENSG00000157181_ODR4,ODR4,0.75,0.5008380825,0.4375,1,9.418898403,mid,False
ENSG00000158104_HPD,HPD,0.75,0.5008380825,0.4375,1,4.492693594,mid,False
ENSG00000161800_RACGAP1,RACGAP1,0.75,0.5008380825,0.4375,1,10.5230132,mid,False
ENSG00000161888_SPC24,SPC24,0.75,0.5008380825,0.4375,1,8.793251007,mid,False
ENSG00000166153_DEPDC4,DEPDC4,0.75,0.5008380825,0.4375,1,3.337344704,mid,False
ENSG00000170160_CCDC144A,CCDC144A,0.75,0.5008380825,0.4375,1,9.838260381,mid,False
ENSG00000170390_DCLK2,DCLK2,0.75,0.5008380825,0.4375,1,2.37821212,mid,False
ENSG00000170540_ARL6IP1,ARL6IP1,0.75,0.5008380825,0.4375,1,12.36085561,head,False
ENSG00000171720_HDAC3,HDAC3,0.75,0.5008380825,0.4375,1,9.859514745,mid,False
ENSG00000175170_FAM182B,FAM182B,0.75,0.5008380825,0.4375,1,1.868529273,tail,False
ENSG00000175697_GPR156,GPR156,0.75,0.5008380825,0.4375,1,3.364557613,mid,False
ENSG00000176142_TMEM39A,TMEM39A,0.75,0.5008380825,0.4375,1,9.017722295,mid,False
ENSG00000177640_CASC2,CASC2,0.75,0.5008380825,0.4375,1,5.837090744,mid,False
ENSG00000180712_LINC02363,LINC02363,0.75,0.5008380825,0.4375,1,1.309454501,tail,False
ENSG00000181666_ZNF875,ZNF875,0.75,0.5008380825,0.4375,1,8.585420375,mid,False
ENSG00000184305_CCSER1,CCSER1,0.75,0.5008380825,0.4375,1,7.46043163,mid,False
ENSG00000188629_ZNF177,ZNF177,0.75,0.5008380825,0.4375,1,2.308635332,mid,False
ENSG00000188738_FSIP2,FSIP2,0.75,0.5008380825,0.4375,1,2.887918094,mid,False
ENSG00000197054_ZNF763,ZNF763,0.75,0.5008380825,0.4375,1,3.653822748,mid,False
ENSG00000212127_TAS2R14,TAS2R14,0.75,0.5008380825,0.4375,1,5.052382548,mid,False
ENSG00000226803_ZNF451-AS1,ZNF451-AS1,0.75,0.5008380825,0.4375,1,1.622484393,tail,False
ENSG00000228793_AL033523.1,AL033523.1,0.75,0.5008380825,0.4375,1,2.50473242,mid,False
ENSG00000233220_LINC00167,LINC00167,0.75,0.5008380825,0.4375,1,3.211861475,mid,False
ENSG00000235445_AC016027.3,AC016027.3,0.75,0.5008380825,0.4375,1,0.918148515,tail,False
ENSG00000235529_AGAP1-IT1,AGAP1-IT1,0.75,0.5008380825,0.4375,1,3.507241381,mid,False
ENSG00000236137_AL445231.1,AL445231.1,0.75,0.5008380825,0.4375,1,2.433002174,mid,False
ENSG00000244617_ASPRV1,ASPRV1,0.75,0.5008380825,0.4375,1,2.844393344,mid,False
ENSG00000247903_AC024896.1,AC024896.1,0.75,0.5008380825,0.4375,1,0.9447770133,tail,False
ENSG00000250333_AC093725.2,AC093725.2,0.75,0.5008380825,0.4375,1,1.379439145,tail,False
ENSG00000250571_GLI4,GLI4,0.75,0.5008380825,0.4375,1,8.168603531,mid,False
ENSG00000253159_PCDHGA12,PCDHGA12,0.75,0.5008380825,0.4375,1,3.589231524,mid,False
ENSG00000256325_AC025423.1,AC025423.1,0.75,0.5008380825,0.4375,1,0.5732226407,tail,False
ENSG00000258701_LINC00638,LINC00638,0.75,0.5008380825,0.4375,1,4.571077047,mid,False
ENSG00000259408_AC010809.2,AC010809.2,0.75,0.5008380825,0.4375,1,2.488497487,mid,False
ENSG00000260361_AC106028.3,AC106028.3,0.75,0.5008380825,0.4375,1,2.874777601,mid,False
ENSG00000260892_AC105020.4,AC105020.4,0.75,0.5008380825,0.4375,1,1.263686499,tail,False
ENSG00000261360_AC010491.1,AC010491.1,0.75,0.5008380825,0.4375,1,3.970809659,mid,False
ENSG00000261736_AC002551.1,AC002551.1,0.75,0.5008380825,0.4375,1,1.446559839,tail,False
ENSG00000267219_AC010504.1,AC010504.1,0.75,0.5008380825,0.4375,1,1.488753247,tail,False
ENSG00000267666_AC004156.1,AC004156.1,0.75,0.5008380825,0.4375,1,1.253954868,tail,False
ENSG00000267904_AC024075.1,AC024075.1,0.75,0.5008380825,0.4375,1,4.020826497,mid,False
ENSG00000269855_RNF225,RNF225,0.75,0.5008380825,0.4375,1,3.078534772,mid,False
ENSG00000272516_AL158211.4,AL158211.4,0.75,0.5008380825,0.4375,1,1.718407475,tail,False
ENSG00000273117_AC144652.1,AC144652.1,0.75,0.5008380825,0.4375,1,5.289420591,mid,False
ENSG00000273209_AC069148.1,AC069148.1,0.75,0.5008380825,0.4375,1,2.021054502,tail,False
ENSG00000273356_LINC02019,LINC02019,0.75,0.5008380825,0.4375,1,3.428455118,mid,False
ENSG00000273702_AC091271.1,AC091271.1,0.75,0.5008380825,0.4375,1,3.499403027,mid,False
ENSG00000275221_HIST1H2AK,HIST1H2AK,0.75,0.5008380825,0.4375,1,7.239735539,mid,False
ENSG00000275383_AC126773.6,AC126773.6,0.75,0.5008380825,0.4375,1,1.186958242,tail,False
ENSG00000275954_TBC1D3F,TBC1D3F,0.75,0.5008380825,0.4375,1,4.140470268,mid,False
ENSG00000276248_AL442125.1,AL442125.1,0.75,0.5008380825,0.4375,1,5.024207159,mid,False
ENSG00000277775_HIST1H3F,HIST1H3F,0.75,0.5008380825,0.4375,1,8.911390041,mid,False
ENSG00000283122_HYMAI,HYMAI,0.75,0.5008380825,0.4375,1,5.263214032,mid,False
ENSG00000284959_AC007262.2,AC007262.2,0.75,0.5008380825,0.4375,1,2.574784965,mid,False
ENSG00000285280_AL390957.1,AL390957.1,0.75,0.5008380825,0.4375,1,1.455248678,tail,False
ENSG00000285399_AC104162.2,AC104162.2,0.75,0.5008380825,0.4375,1,5.594431286,mid,False
ENSG00000286113_AC022868.2,AC022868.2,0.75,0.5008380825,0.4375,1,1.009788337,tail,False
ENSG00000286145_AC068282.1,AC068282.1,0.75,0.5008380825,0.4375,1,1.996761825,tail,False
ENSG00000286563_AC078983.1,AC078983.1,0.75,0.5008380825,0.4375,1,2.647003571,mid,False
ENSG00000286698_AC027612.5,AC027612.5,0.75,0.5008380825,0.4375,1,5.591158012,mid,False
ENSG00000286705_AC079140.6,AC079140.6,0.75,0.5008380825,0.4375,1,1.767683595,tail,False
ENSG00000286881_AL358780.1,AL358780.1,0.75,0.5008380825,0.4375,1,1.972494325,tail,False
ENSG00000287193_AC132938.6,AC132938.6,0.75,0.5008380825,0.4375,1,2.864075665,mid,False
ENSG00000287601_BX323046.2,BX323046.2,0.75,0.5008380825,0.4375,1,2.552936904,mid,False
ENSG00000250764_AC025178.1,AC025178.1,0.75,0.5008380825,0.46875,1,1.00721763,tail,False
ENSG00000278743_AC087239.1,AC087239.1,0.75,0.5008380825,0.46875,1,1.024160391,tail,False
ENSG00000010327_STAB1,STAB1,0.75,0.3561503882,0.5,1,0,tail,False
ENSG00000149256_TENM4,TENM4,0.75,0.3561503882,0.5,1,0.4325332911,tail,False
ENSG00000159173_TNNI1,TNNI1,0.75,0.3561503882,0.5,1,0,tail,False
ENSG00000005810_MYCBP2,MYCBP2,0.75,0.5008380825,0.5,1,11.95819665,head,False
ENSG00000006042_TMEM98,TMEM98,0.75,0.5008380825,0.5,1,6.881178328,mid,False
ENSG00000006468_ETV1,ETV1,0.75,0.5008380825,0.5,1,1.176349423,tail,False
ENSG00000006576_PHTF2,PHTF2,0.75,0.5008380825,0.5,1,8.884379755,mid,False
ENSG00000009335_UBE3C,UBE3C,0.75,0.5008380825,0.5,1,12.07680248,head,False
ENSG00000009950_MLXIPL,MLXIPL,0.75,0.5008380825,0.5,1,2.119034731,tail,False
ENSG00000060656_PTPRU,PTPRU,0.75,0.5008380825,0.5,1,12.86411327,head,False
ENSG00000062038_CDH3,CDH3,0.75,0.5008380825,0.5,1,12.51580998,head,False
ENSG00000065970_FOXJ2,FOXJ2,0.75,0.5008380825,0.5,1,9.567263647,mid,False
ENSG00000067182_TNFRSF1A,TNFRSF1A,0.75,0.5008380825,0.5,1,10.62014949,mid,False
ENSG00000075131_TIPIN,TIPIN,0.75,0.5008380825,0.5,1,7.754558886,mid,False
ENSG00000082512_TRAF5,TRAF5,0.75,0.5008380825,0.5,1,9.018126218,mid,False
ENSG00000088727_KIF9,KIF9,0.75,0.5008380825,0.5,1,7.869474889,mid,False
ENSG00000088836_SLC4A11,SLC4A11,0.75,0.5008380825,0.5,1,10.24568887,mid,False
ENSG00000089163_SIRT4,SIRT4,0.75,0.5008380825,0.5,1,2.85734252,mid,False
ENSG00000089351_GRAMD1A,GRAMD1A,0.75,0.5008380825,0.5,1,10.00264431,mid,False
ENSG00000100207_TCF20,TCF20,0.75,0.5008380825,0.5,1,11.69205024,head,False
ENSG00000100299_ARSA,ARSA,0.75,0.5008380825,0.5,1,8.795688342,mid,False
ENSG00000100479_POLE2,POLE2,0.75,0.5008380825,0.5,1,6.03647472,mid,False
ENSG00000100523_DDHD1,DDHD1,0.75,0.5008380825,0.5,1,9.821496041,mid,False
ENSG00000101019_UQCC1,UQCC1,0.75,0.5008380825,0.5,1,9.877878521,mid,False
ENSG00000101384_JAG1,JAG1,0.75,0.5008380825,0.5,1,9.314648119,mid,False
ENSG00000103671_TRIP4,TRIP4,0.75,0.5008380825,0.5,1,8.438171031,mid,False
ENSG00000104055_TGM5,TGM5,0.75,0.5008380825,0.5,1,5.131669637,mid,False
ENSG00000104518_GSDMD,GSDMD,0.75,0.5008380825,0.5,1,8.335822319,mid,False
ENSG00000104863_LIN7B,LIN7B,0.75,0.5008380825,0.5,1,4.28898769,mid,False
ENSG00000105357_MYH14,MYH14,0.75,0.5008380825,0.5,1,10.26923379,mid,False
ENSG00000105393_BABAM1,BABAM1,0.75,0.5008380825,0.5,1,10.13886189,mid,False
ENSG00000105429_MEGF8,MEGF8,0.75,0.5008380825,0.5,1,11.34538296,mid,False
ENSG00000105519_CAPS,CAPS,0.75,0.5008380825,0.5,1,6.460276724,mid,False
ENSG00000105607_GCDH,GCDH,0.75,0.5008380825,0.5,1,8.703316887,mid,False
ENSG00000107521_HPS1,HPS1,0.75,0.5008380825,0.5,1,10.01959575,mid,False
ENSG00000108854_SMURF2,SMURF2,0.75,0.5008380825,0.5,1,9.796230592,mid,False
ENSG00000110025_SNX15,SNX15,0.75,0.5008380825,0.5,1,8.401904022,mid,False
ENSG00000110628_SLC22A18,SLC22A18,0.75,0.5008380825,0.5,1,8.656622115,mid,False
ENSG00000110768_GTF2H1,GTF2H1,0.75,0.5008380825,0.5,1,10.46718368,mid,False
ENSG00000111581_NUP107,NUP107,0.75,0.5008380825,0.5,1,10.25613689,mid,False
ENSG00000113649_TCERG1,TCERG1,0.75,0.5008380825,0.5,1,11.5172961,head,False
ENSG00000113810_SMC4,SMC4,0.75,0.5008380825,0.5,1,11.96516588,head,False
ENSG00000114767_RRP9,RRP9,0.75,0.5008380825,0.5,1,9.597477747,mid,False
ENSG00000114812_VIPR1,VIPR1,0.75,0.5008380825,0.5,1,10.12547212,mid,False
ENSG00000115318_LOXL3,LOXL3,0.75,0.5008380825,0.5,1,3.893800704,mid,False
ENSG00000116985_BMP8B,BMP8B,0.75,0.5008380825,0.5,1,3.617689357,mid,False
ENSG00000117650_NEK2,NEK2,0.75,0.5008380825,0.5,1,8.87503767,mid,False
ENSG00000118412_CASP8AP2,CASP8AP2,0.75,0.5008380825,0.5,1,9.911163117,mid,False
ENSG00000118960_HS1BP3,HS1BP3,0.75,0.5008380825,0.5,1,9.36106498,mid,False
ENSG00000119042_SATB2,SATB2,0.75,0.5008380825,0.5,1,9.183481499,mid,False
ENSG00000119326_CTNNAL1,CTNNAL1,0.75,0.5008380825,0.5,1,10.15585726,mid,False
ENSG00000125257_ABCC4,ABCC4,0.75,0.5008380825,0.5,1,6.387798558,mid,False
ENSG00000127554_GFER,GFER,0.75,0.5008380825,0.5,1,9.888827369,mid,False
ENSG00000128310_GALR3,GALR3,0.75,0.5008380825,0.5,1,1.272794496,tail,False
ENSG00000128944_KNSTRN,KNSTRN,0.75,0.5008380825,0.5,1,9.749540273,mid,False
ENSG00000131351_HAUS8,HAUS8,0.75,0.5008380825,0.5,1,6.993915849,mid,False
ENSG00000132749_TESMIN,TESMIN,0.75,0.5008380825,0.5,1,7.786707637,mid,False
ENSG00000135048_CEMIP2,CEMIP2,0.75,0.5008380825,0.5,1,7.661994471,mid,False
ENSG00000135436_FAM186B,FAM186B,0.75,0.5008380825,0.5,1,3.626338684,mid,False
ENSG00000136108_CKAP2,CKAP2,0.75,0.5008380825,0.5,1,10.5238379,mid,False
ENSG00000136273_HUS1,HUS1,0.75,0.5008380825,0.5,1,9.068662521,mid,False
ENSG00000136715_SAP130,SAP130,0.75,0.5008380825,0.5,1,9.263119164,mid,False
ENSG00000136982_DSCC1,DSCC1,0.75,0.5008380825,0.5,1,8.282816277,mid,False
ENSG00000137171_KLC4,KLC4,0.75,0.5008380825,0.5,1,8.608525988,mid,False
ENSG00000138119_MYOF,MYOF,0.75,0.5008380825,0.5,1,13.39201551,head,False
ENSG00000138160_KIF11,KIF11,0.75,0.5008380825,0.5,1,10.52728114,mid,False
ENSG00000138182_KIF20B,KIF20B,0.75,0.5008380825,0.5,1,10.70885257,mid,False
ENSG00000138780_GSTCD,GSTCD,0.75,0.5008380825,0.5,1,9.118308998,mid,False
ENSG00000140464_PML,PML,0.75,0.5008380825,0.5,1,10.71875209,mid,False
ENSG00000141349_G6PC3,G6PC3,0.75,0.5008380825,0.5,1,10.07086488,mid,False
ENSG00000141736_ERBB2,ERBB2,0.75,0.5008380825,0.5,1,12.43238168,head,False
ENSG00000144283_PKP4,PKP4,0.75,0.5008380825,0.5,1,11.11123225,mid,False
ENSG00000144567_RETREG2,RETREG2,0.75,0.5008380825,0.5,1,10.90223548,mid,False
ENSG00000144724_PTPRG,PTPRG,0.75,0.5008380825,0.5,1,10.83945745,mid,False
ENSG00000145536_ADAMTS16,ADAMTS16,0.75,0.5008380825,0.5,1,1.706240597,tail,False
ENSG00000146918_NCAPG2,NCAPG2,0.75,0.5008380825,0.5,1,9.724900975,mid,False
ENSG00000147576_ADHFE1,ADHFE1,0.75,0.5008380825,0.5,1,4.934332999,mid,False
ENSG00000147874_HAUS6,HAUS6,0.75,0.5008380825,0.5,1,10.58748522,mid,False
ENSG00000148341_SH3GLB2,SH3GLB2,0.75,0.5008380825,0.5,1,11.39740619,mid,False
ENSG00000148357_HMCN2,HMCN2,0.75,0.5008380825,0.5,1,4.724673519,mid,False
ENSG00000149948_HMGA2,HMGA2,0.75,0.5008380825,0.5,1,8.173725765,mid,False
ENSG00000150672_DLG2,DLG2,0.75,0.5008380825,0.5,1,3.731890509,mid,False
ENSG00000151062_CACNA2D4,CACNA2D4,0.75,0.5008380825,0.5,1,1.542369941,tail,False
ENSG00000152455_SUV39H2,SUV39H2,0.75,0.5008380825,0.5,1,8.917393576,mid,False
ENSG00000152492_CCDC50,CCDC50,0.75,0.5008380825,0.5,1,10.88431322,mid,False
ENSG00000154889_MPPE1,MPPE1,0.75,0.5008380825,0.5,1,8.83198517,mid,False
ENSG00000156521_TYSND1,TYSND1,0.75,0.5008380825,0.5,1,10.62929488,mid,False
ENSG00000157045_NTAN1,NTAN1,0.75,0.5008380825,0.5,1,8.390174937,mid,False
ENSG00000157450_RNF111,RNF111,0.75,0.5008380825,0.5,1,9.909527373,mid,False
ENSG00000157873_TNFRSF14,TNFRSF14,0.75,0.5008380825,0.5,1,5.667338579,mid,False
ENSG00000159069_FBXW5,FBXW5,0.75,0.5008380825,0.5,1,11.03847145,mid,False
ENSG00000159433_STARD9,STARD9,0.75,0.5008380825,0.5,1,7.992613748,mid,False
ENSG00000160226_CFAP410,CFAP410,0.75,0.5008380825,0.5,1,7.641155691,mid,False
ENSG00000161714_PLCD3,PLCD3,0.75,0.5008380825,0.5,1,10.94870796,mid,False
ENSG00000162006_MSLNL,MSLNL,0.75,0.5008380825,0.5,1,0.7763515905,tail,False
ENSG00000162804_SNED1,SNED1,0.75,0.5008380825,0.5,1,6.843837676,mid,False
ENSG00000163702_IL17RC,IL17RC,0.75,0.5008380825,0.5,1,9.636305049,mid,False
ENSG00000163933_RFT1,RFT1,0.75,0.5008380825,0.5,1,9.286698663,mid,False
ENSG00000164649_CDCA7L,CDCA7L,0.75,0.5008380825,0.5,1,9.441276892,mid,False
ENSG00000165630_PRPF18,PRPF18,0.75,0.5008380825,0.5,1,8.478379092,mid,False
ENSG00000165782_PIP4P1,PIP4P1,0.75,0.5008380825,0.5,1,8.794500121,mid,False
ENSG00000167721_TSR1,TSR1,0.75,0.5008380825,0.5,1,11.53921148,head,False
ENSG00000169228_RAB24,RAB24,0.75,0.5008380825,0.5,1,8.120697718,mid,False
ENSG00000169660_HEXD,HEXD,0.75,0.5008380825,0.5,1,8.294407624,mid,False
ENSG00000169679_BUB1,BUB1,0.75,0.5008380825,0.5,1,9.772038119,mid,False
ENSG00000170312_CDK1,CDK1,0.75,0.5008380825,0.5,1,10.23137678,mid,False
ENSG00000171522_PTGER4,PTGER4,0.75,0.5008380825,0.5,1,5.603840745,mid,False
ENSG00000172175_MALT1,MALT1,0.75,0.5008380825,0.5,1,10.23686456,mid,False
ENSG00000172830_SSH3,SSH3,0.75,0.5008380825,0.5,1,10.8766152,mid,False
ENSG00000173261_PLAC8L1,PLAC8L1,0.75,0.5008380825,0.5,1,3.210379212,mid,False
ENSG00000174442_ZWILCH,ZWILCH,0.75,0.5008380825,0.5,1,9.4167623,mid,False
ENSG00000174989_FBXW8,FBXW8,0.75,0.5008380825,0.5,1,9.395676256,mid,False
ENSG00000175567_UCP2,UCP2,0.75,0.5008380825,0.5,1,3.557693817,mid,False
ENSG00000177548_RABEP2,RABEP2,0.75,0.5008380825,0.5,1,8.550047942,mid,False
ENSG00000178917_ZNF852,ZNF852,0.75,0.5008380825,0.5,1,6.957234979,mid,False
ENSG00000179965_ZNF771,ZNF771,0.75,0.5008380825,0.5,1,7.499511424,mid,False
ENSG00000182481_KPNA2,KPNA2,0.75,0.5008380825,0.5,1,12.02805695,head,False
ENSG00000184787_UBE2G2,UBE2G2,0.75,0.5008380825,0.5,1,11.28824646,mid,False
ENSG00000186710_CFAP73,CFAP73,0.75,0.5008380825,0.5,1,2.554709347,mid,False
ENSG00000187097_ENTPD5,ENTPD5,0.75,0.5008380825,0.5,1,8.773939566,mid,False
ENSG00000187244_BCAM,BCAM,0.75,0.5008380825,0.5,1,7.530040951,mid,False
ENSG00000187609_EXD3,EXD3,0.75,0.5008380825,0.5,1,7.442308954,mid,False
ENSG00000189079_ARID2,ARID2,0.75,0.5008380825,0.5,1,10.9126487,mid,False
ENSG00000189339_SLC35E2B,SLC35E2B,0.75,0.5008380825,0.5,1,10.28694633,mid,False
ENSG00000196116_TDRD7,TDRD7,0.75,0.5008380825,0.5,1,8.754604211,mid,False
ENSG00000197409_HIST1H3D,HIST1H3D,0.75,0.5008380825,0.5,1,8.98102697,mid,False
ENSG00000198056_PRIM1,PRIM1,0.75,0.5008380825,0.5,1,8.168362006,mid,False
ENSG00000198156_NPIPB6,NPIPB6,0.75,0.5008380825,0.5,1,4.199061451,mid,False
ENSG00000198554_WDHD1,WDHD1,0.75,0.5008380825,0.5,1,9.104098311,mid,False
ENSG00000198788_MUC2,MUC2,0.75,0.5008380825,0.5,1,1.961925365,tail,False
ENSG00000198826_ARHGAP11A,ARHGAP11A,0.75,0.5008380825,0.5,1,10.30105375,mid,False
ENSG00000204498_NFKBIL1,NFKBIL1,0.75,0.5008380825,0.5,1,8.62617218,mid,False
ENSG00000205090_TMEM240,TMEM240,0.75,0.5008380825,0.5,1,2.763629879,mid,False
ENSG00000205740_AL359878.1,AL359878.1,0.75,0.5008380825,0.5,1,5.168907472,mid,False
ENSG00000206560_ANKRD28,ANKRD28,0.75,0.5008380825,0.5,1,10.99623052,mid,False
ENSG00000212124_TAS2R19,TAS2R19,0.75,0.5008380825,0.5,1,3.388674405,mid,False
ENSG00000215784_FAM72D,FAM72D,0.75,0.5008380825,0.5,1,7.304429528,mid,False
ENSG00000215790_SLC35E2A,SLC35E2A,0.75,0.5008380825,0.5,1,7.888342672,mid,False
ENSG00000218891_ZNF579,ZNF579,0.75,0.5008380825,0.5,1,8.41017202,mid,False
ENSG00000229953_AL590666.2,AL590666.2,0.75,0.5008380825,0.5,1,6.49195377,mid,False
ENSG00000230797_YY2,YY2,0.75,0.5008380825,0.5,1,5.871431089,mid,False
ENSG00000231652_AL590428.1,AL590428.1,0.75,0.5008380825,0.5,1,3.542699563,mid,False
ENSG00000231856_AL162377.1,AL162377.1,0.75,0.5008380825,0.5,1,5.349955209,mid,False
ENSG00000231889_TRAF3IP2-AS1,TRAF3IP2-AS1,0.75,0.5008380825,0.5,1,4.854262197,mid,False
ENSG00000232386_AC015712.1,AC015712.1,0.75,0.5008380825,0.5,1,1.519048247,tail,False
ENSG00000233077_LINC01271,LINC01271,0.75,0.5008380825,0.5,1,2.400476605,mid,False
ENSG00000233559_LINC00513,LINC00513,0.75,0.5008380825,0.5,1,1.148632087,tail,False
ENSG00000237441_RGL2,RGL2,0.75,0.5008380825,0.5,1,10.17709664,mid,False
ENSG00000244219_TMEM225B,TMEM225B,0.75,0.5008380825,0.5,1,2.01765951,tail,False
ENSG00000244694_PTCHD4,PTCHD4,0.75,0.5008380825,0.5,1,8.414666039,mid,False
ENSG00000246526_LINC002481,LINC002481,0.75,0.5008380825,0.5,1,3.648138045,mid,False
ENSG00000249348_UGDH-AS1,UGDH-AS1,0.75,0.5008380825,0.5,1,4.572772265,mid,False
ENSG00000254598_CSNK2A3,CSNK2A3,0.75,0.5008380825,0.5,1,6.164178514,mid,False
ENSG00000255100_AP003119.2,AP003119.2,0.75,0.5008380825,0.5,1,2.119950985,tail,False
ENSG00000255423_EBLN2,EBLN2,0.75,0.5008380825,0.5,1,5.513022782,mid,False
ENSG00000255650_FAM222A-AS1,FAM222A-AS1,0.75,0.5008380825,0.5,1,5.977717442,mid,False
ENSG00000255857_PXN-AS1,PXN-AS1,0.75,0.5008380825,0.5,1,5.975409729,mid,False
ENSG00000256525_POLG2,POLG2,0.75,0.5008380825,0.5,1,8.543619252,mid,False
ENSG00000258458_AL160314.2,AL160314.2,0.75,0.5008380825,0.5,1,2.656455086,mid,False
ENSG00000260060_AC009088.1,AC009088.1,0.75,0.5008380825,0.5,1,3.089557706,mid,False
ENSG00000260209_AP000842.3,AP000842.3,0.75,0.5008380825,0.5,1,1.00791508,tail,False
ENSG00000260597_AC012531.1,AC012531.1,0.75,0.5008380825,0.5,1,5.758522525,mid,False
ENSG00000261126_RBFADN,RBFADN,0.75,0.5008380825,0.5,1,4.645733621,mid,False
ENSG00000261644_AC007728.2,AC007728.2,0.75,0.5008380825,0.5,1,1.452259064,tail,False
ENSG00000267277_AC024575.1,AC024575.1,0.75,0.5008380825,0.5,1,2.75364187,mid,False
ENSG00000269578_AC008764.7,AC008764.7,0.75,0.5008380825,0.5,1,1.940630795,tail,False
ENSG00000269609_RPARP-AS1,RPARP-AS1,0.75,0.5008380825,0.5,1,9.270726984,mid,False
ENSG00000271871_AC005740.4,AC005740.4,0.75,0.5008380825,0.5,1,2.336625514,mid,False
ENSG00000272263_AC034198.2,AC034198.2,0.75,0.5008380825,0.5,1,3.934968644,mid,False
ENSG00000272447_AL135925.1,AL135925.1,0.75,0.5008380825,0.5,1,6.473487819,mid,False
ENSG00000272606_AC015982.2,AC015982.2,0.75,0.5008380825,0.5,1,4.854219161,mid,False
ENSG00000273289_AL121672.3,AL121672.3,0.75,0.5008380825,0.5,1,4.86476284,mid,False
ENSG00000273729_AC007686.3,AC007686.3,0.75,0.5008380825,0.5,1,5.262474775,mid,False
ENSG00000273983_HIST1H3G,HIST1H3G,0.75,0.5008380825,0.5,1,10.29856673,mid,False
ENSG00000275056_AC020663.3,AC020663.3,0.75,0.5008380825,0.5,1,3.477932249,mid,False
ENSG00000276698_AL136295.6,AL136295.6,0.75,0.5008380825,0.5,1,3.417118054,mid,False
ENSG00000277342_AC048344.4,AC048344.4,0.75,0.5008380825,0.5,1,2.601349931,mid,False
ENSG00000283703_VSIG10L2,VSIG10L2,0.75,0.5008380825,0.5,1,4.504175284,mid,False
ENSG00000287825_AL035587.2,AL035587.2,0.75,0.5008380825,0.5,1,2.933328337,mid,False
ENSG00000226979_LTA,LTA,0.75,0.3561503882,0.53125,1,0.2038550741,tail,False
ENSG00000239920_AC104389.5,AC104389.5,0.75,0.5008380825,0.53125,1,0.9094711241,tail,False
ENSG00000270823_AC007938.2,AC007938.2,0.75,0.5008380825,0.53125,1,1.033557457,tail,False
ENSG00000102678_FGF9,FGF9,0.75,0.3561503882,0.5625,1,0.5819525638,tail,False
ENSG00000135077_HAVCR2,HAVCR2,0.75,0.3561503882,0.5625,1,0.3628244496,tail,False
ENSG00000265096_C1QTNF1-AS1,C1QTNF1-AS1,0.75,0.3561503882,0.5625,1,0.5518451443,tail,False
ENSG00000146221_TCTE1,TCTE1,0.75,0.5008380825,0.5625,1,0.4182856701,tail,False
ENSG00000005238_FAM214B,FAM214B,0.75,0.5008380825,0.5625,1,7.658670806,mid,False
ENSG00000005436_GCFC2,GCFC2,0.75,0.5008380825,0.5625,1,9.525537234,mid,False
ENSG00000040275_SPDL1,SPDL1,0.75,0.5008380825,0.5625,1,8.70487646,mid,False
ENSG00000060237_WNK1,WNK1,0.75,0.5008380825,0.5625,1,12.83976555,head,False
ENSG00000061455_PRDM6,PRDM6,0.75,0.5008380825,0.5625,1,3.08483306,mid,False
ENSG00000087586_AURKA,AURKA,0.75,0.5008380825,0.5625,1,9.606234104,mid,False
ENSG00000092140_G2E3,G2E3,0.75,0.5008380825,0.5625,1,9.852663503,mid,False
ENSG00000101940_WDR13,WDR13,0.75,0.5008380825,0.5625,1,9.949692712,mid,False
ENSG00000105737_GRIK5,GRIK5,0.75,0.5008380825,0.5625,1,2.464866788,mid,False
ENSG00000110811_P3H3,P3H3,0.75,0.5008380825,0.5625,1,3.299069544,mid,False
ENSG00000112584_FAM120B,FAM120B,0.75,0.5008380825,0.5625,1,9.885265288,mid,False
ENSG00000116560_SFPQ,SFPQ,0.75,0.5008380825,0.5625,1,13.25112974,head,False
ENSG00000118804_STBD1,STBD1,0.75,0.5008380825,0.5625,1,9.116212093,mid,False
ENSG00000119965_C10orf88,C10orf88,0.75,0.5008380825,0.5625,1,7.533404078,mid,False
ENSG00000120254_MTHFD1L,MTHFD1L,0.75,0.5008380825,0.5625,1,10.89713592,mid,False
ENSG00000123416_TUBA1B,TUBA1B,0.75,0.5008380825,0.5625,1,13.47835607,head,False
ENSG00000124357_NAGK,NAGK,0.75,0.5008380825,0.5625,1,9.025837611,mid,False
ENSG00000125826_RBCK1,RBCK1,0.75,0.5008380825,0.5625,1,10.61604669,mid,False
ENSG00000125871_MGME1,MGME1,0.75,0.5008380825,0.5625,1,9.348275859,mid,False
ENSG00000126749_EMG1,EMG1,0.75,0.5008380825,0.5625,1,9.770956525,mid,False
ENSG00000127580_WDR24,WDR24,0.75,0.5008380825,0.5625,1,8.058434869,mid,False
ENSG00000132164_SLC6A11,SLC6A11,0.75,0.5008380825,0.5625,1,10.27689991,mid,False
ENSG00000132821_VSTM2L,VSTM2L,0.75,0.5008380825,0.5625,1,12.31019574,head,False
ENSG00000133597_ADCK2,ADCK2,0.75,0.5008380825,0.5625,1,9.217862861,mid,False
ENSG00000133794_ARNTL,ARNTL,0.75,0.5008380825,0.5625,1,7.786232142,mid,False
ENSG00000134627_PIWIL4,PIWIL4,0.75,0.5008380825,0.5625,1,2.789848384,mid,False
ENSG00000136059_VILL,VILL,0.75,0.5008380825,0.5625,1,9.193274547,mid,False
ENSG00000138101_DTNB,DTNB,0.75,0.5008380825,0.5625,1,8.952530549,mid,False
ENSG00000142102_PGGHG,PGGHG,0.75,0.5008380825,0.5625,1,7.55299639,mid,False
ENSG00000143207_COP1,COP1,0.75,0.5008380825,0.5625,1,9.918143627,mid,False
ENSG00000144645_OSBPL10,OSBPL10,0.75,0.5008380825,0.5625,1,11.3960345,mid,False
ENSG00000145040_UCN2,UCN2,0.75,0.5008380825,0.5625,1,1.94151306,tail,False
ENSG00000149761_NUDT22,NUDT22,0.75,0.5008380825,0.5625,1,8.912340673,mid,False
ENSG00000156345_CDK20,CDK20,0.75,0.5008380825,0.5625,1,7.654235273,mid,False
ENSG00000157306_ZFHX2-AS1,ZFHX2-AS1,0.75,0.5008380825,0.5625,1,6.059051499,mid,False
ENSG00000157423_HYDIN,HYDIN,0.75,0.5008380825,0.5625,1,3.448071645,mid,False
ENSG00000163535_SGO2,SGO2,0.75,0.5008380825,0.5625,1,9.204594227,mid,False
ENSG00000164104_HMGB2,HMGB2,0.75,0.5008380825,0.5625,1,10.52716785,mid,False
ENSG00000164151_ICE1,ICE1,0.75,0.5008380825,0.5625,1,11.16105307,mid,False
ENSG00000165521_EML5,EML5,0.75,0.5008380825,0.5625,1,8.411685694,mid,False
ENSG00000165671_NSD1,NSD1,0.75,0.5008380825,0.5625,1,12.44950587,head,False
ENSG00000166529_ZSCAN21,ZSCAN21,0.75,0.5008380825,0.5625,1,6.861626398,mid,False
ENSG00000167608_TMC4,TMC4,0.75,0.5008380825,0.5625,1,9.719490613,mid,False
ENSG00000167637_ZNF283,ZNF283,0.75,0.5008380825,0.5625,1,8.845997123,mid,False
ENSG00000167754_KLK5,KLK5,0.75,0.5008380825,0.5625,1,11.79919719,head,False
ENSG00000167766_ZNF83,ZNF83,0.75,0.5008380825,0.5625,1,10.43184701,mid,False
ENSG00000168872_DDX19A,DDX19A,0.75,0.5008380825,0.5625,1,10.45418698,mid,False
ENSG00000169035_KLK7,KLK7,0.75,0.5008380825,0.5625,1,11.59840162,head,False
ENSG00000176476_SGF29,SGF29,0.75,0.5008380825,0.5625,1,7.813031104,mid,False
ENSG00000176715_ACSF3,ACSF3,0.75,0.5008380825,0.5625,1,9.792593594,mid,False
ENSG00000177058_SLC38A9,SLC38A9,0.75,0.5008380825,0.5625,1,8.739053648,mid,False
ENSG00000181523_SGSH,SGSH,0.75,0.5008380825,0.5625,1,7.712737242,mid,False
ENSG00000182858_ALG12,ALG12,0.75,0.5008380825,0.5625,1,9.482069199,mid,False
ENSG00000183060_LYSMD4,LYSMD4,0.75,0.5008380825,0.5625,1,7.166926815,mid,False
ENSG00000183765_CHEK2,CHEK2,0.75,0.5008380825,0.5625,1,8.222882901,mid,True
ENSG00000184271_POU6F1,POU6F1,0.75,0.5008380825,0.5625,1,5.83493094,mid,False
ENSG00000186153_WWOX,WWOX,0.75,0.5008380825,0.5625,1,7.471345864,mid,False
ENSG00000187815_ZFP69,ZFP69,0.75,0.5008380825,0.5625,1,7.468532483,mid,False
ENSG00000188487_INSC,INSC,0.75,0.5008380825,0.5625,1,1.860190265,tail,False
ENSG00000188747_NOXA1,NOXA1,0.75,0.5008380825,0.5625,1,6.408825033,mid,False
ENSG00000196081_ZNF724,ZNF724,0.75,0.5008380825,0.5625,1,7.566743787,mid,False
ENSG00000197852_INKA2,INKA2,0.75,0.5008380825,0.5625,1,8.550313648,mid,False
ENSG00000198711_SSBP3-AS1,SSBP3-AS1,0.75,0.5008380825,0.5625,1,1.221950181,tail,False
ENSG00000203496_AL133216.1,AL133216.1,0.75,0.5008380825,0.5625,1,1.644524864,tail,False
ENSG00000203668_CHML,CHML,0.75,0.5008380825,0.5625,1,9.942434475,mid,False
ENSG00000203993_ARRDC1-AS1,ARRDC1-AS1,0.75,0.5008380825,0.5625,1,7.104530232,mid,False
ENSG00000205791_LOH12CR2,LOH12CR2,0.75,0.5008380825,0.5625,1,1.803304819,tail,False
ENSG00000206559_ZCWPW2,ZCWPW2,0.75,0.5008380825,0.5625,1,3.309791566,mid,False
ENSG00000213402_PTPRCAP,PTPRCAP,0.75,0.5008380825,0.5625,1,3.164715551,mid,False
ENSG00000214188_ST7-OT4,ST7-OT4,0.75,0.5008380825,0.5625,1,3.815363253,mid,False
ENSG00000225361_PPP1R26-AS1,PPP1R26-AS1,0.75,0.5008380825,0.5625,1,4.921133731,mid,False
ENSG00000227456_LINC00310,LINC00310,0.75,0.5008380825,0.5625,1,2.354386389,mid,False
ENSG00000228109_MELTF-AS1,MELTF-AS1,0.75,0.5008380825,0.5625,1,3.988296939,mid,False
ENSG00000231290_APCDD1L-DT,APCDD1L-DT,0.75,0.5008380825,0.5625,1,1.588808152,tail,False
ENSG00000234936_AC010883.1,AC010883.1,0.75,0.5008380825,0.5625,1,1.258063903,tail,False
ENSG00000235138_AL445931.1,AL445931.1,0.75,0.5008380825,0.5625,1,3.340767123,mid,False
ENSG00000239335_LLPH-DT,LLPH-DT,0.75,0.5008380825,0.5625,1,2.272766508,mid,False
ENSG00000248677_LINC02102,LINC02102,0.75,0.5008380825,0.5625,1,2.183571811,tail,False
ENSG00000256628_ZBTB11-AS1,ZBTB11-AS1,0.75,0.5008380825,0.5625,1,6.792666843,mid,False
ENSG00000258789_AL162171.1,AL162171.1,0.75,0.5008380825,0.5625,1,1.151097862,tail,False
ENSG00000260121_AC138028.4,AC138028.4,0.75,0.5008380825,0.5625,1,2.296451651,mid,False
ENSG00000260328_AC104024.2,AC104024.2,0.75,0.5008380825,0.5625,1,2.715244501,mid,False
ENSG00000267080_ASB16-AS1,ASB16-AS1,0.75,0.5008380825,0.5625,1,6.541398702,mid,False
ENSG00000267311_AC007673.1,AC007673.1,0.75,0.5008380825,0.5625,1,2.839412375,mid,False
ENSG00000267321_SNHG30,SNHG30,0.75,0.5008380825,0.5625,1,7.405029737,mid,False
ENSG00000267688_KF456478.1,KF456478.1,0.75,0.5008380825,0.5625,1,1.742796521,tail,False
ENSG00000269902_AC234772.2,AC234772.2,0.75,0.5008380825,0.5625,1,4.442785698,mid,False
ENSG00000272264_AC009686.2,AC009686.2,0.75,0.5008380825,0.5625,1,1.948240305,tail,False
ENSG00000273343_AC007663.4,AC007663.4,0.75,0.5008380825,0.5625,1,3.229485877,mid,False
ENSG00000273415_LINC02725,LINC02725,0.75,0.5008380825,0.5625,1,6.363758852,mid,False
ENSG00000274001_AL512506.1,AL512506.1,0.75,0.5008380825,0.5625,1,2.572248675,mid,False
ENSG00000259682_AC091231.1,AC091231.1,0.75,0.5008380825,0.59375,1,1.038848702,tail,False
ENSG00000282199_AC007993.3,AC007993.3,0.75,0.5008380825,0.59375,1,1.606317268,tail,False
ENSG00000145244_CORIN,CORIN,0.71875,0.5596481923,0.125,0.6097337006,2.081628361,tail,False
ENSG00000287853_AL031668.2,AL031668.2,0.71875,0.5596481923,0.25,0.7996788438,2.216358487,mid,False
